event_id,customer_id,transaction_id,event_created_at,amount_paise,action,propensity,outcome,prior_success_rate,days_since_last_failure,amount_zscore,retry_count_so_far,is_recurring_subscription,hour_sin,hour_cos,bank_recent_fail_rate,contacts_last_7d,ltv_zscore,customer_tenure_days,is_soft_decline,is_insufficient_funds
evt_pay_005981_0,cust_035,pay_005981,2026-05-01T00:42:10.827998+00:00,45888,RETRY_LATER,0.8333333333333334,0,0.3817427385892116,2.320341242177278,0.1333793203761421,0.0,1.0,0.18300971747621528,0.9831111042548933,0.6666666666666667,5.0,0.5026080740568922,303.96502590869545,0.0,1.0
evt_pay_001244_0,cust_010,pay_001244,2026-05-01T00:59:28.372239+00:00,80417,ESCALATE_HUMAN,0.03333333333333333,0,0.424,4.029711367149996,0.04968040426357755,0.0,1.0,0.25659669857770095,0.966518563856393,0.8076923076923077,1.0,-0.045395759303349575,329.9869002666548,1.0,0.0
evt_pay_005299_2,cust_029,pay_005299,2026-05-01T01:20:32.592681+00:00,63283,ESCALATE_HUMAN,0.8333333333333334,0,0.4197080291970803,0.7279365960046486,1.1841017710028803,2.0,1.0,0.34424644619636663,0.9388793235987104,0.9545454545454546,5.0,-0.8256115037842402,304.06921975476905,0.0,1.0
evt_pay_007257_0,cust_053,pay_007257,2026-05-01T01:24:46.485074+00:00,269873,WHATSAPP_NUDGE,0.8333333333333334,0,0.42083333333333334,0.9434581420390108,-0.44795432280052994,0.0,1.0,0.361521855127771,0.9323636352115922,0.8571428571428572,6.0,-0.06914381847567465,301.043229930226,0.0,0.0
evt_pay_002289_0,cust_001,pay_002289,2026-05-01T01:28:09.153738+00:00,535683,RETRY_NOW,0.8333333333333334,0,0.3533834586466165,0.12149980338693922,0.04514083942826682,0.0,1.0,0.3752237168573137,0.9269342815473934,0.8666666666666667,11.0,0.16534712408787333,312.6143191705962,1.0,0.0
evt_pay_005724_0,cust_013,pay_005724,2026-05-01T01:31:46.789931+00:00,140070,WHATSAPP_NUDGE,0.8333333333333334,0,0.3811881188118812,7.335421699756864,-0.5295073326092035,0.0,1.0,0.3898466530985173,0.9208797896945531,0.875,0.0,-0.5595801808996762,301.6660065136731,0.0,0.0
evt_pay_001804_0,cust_011,pay_001804,2026-05-01T01:34:54.795837+00:00,47828,RETRY_NOW,0.8333333333333334,0,0.49767441860465117,3.5931106077331947,-0.5518107856648627,0.0,1.0,0.4024002545945281,0.915463836042833,0.6666666666666667,2.0,-0.306212897974724,304.7852804965807,1.0,0.0
evt_pay_007341_1,cust_015,pay_007341,2026-05-01T01:39:05.631194+00:00,96418,WHATSAPP_NUDGE,0.8333333333333334,0,0.4199134199134199,0.08333333333333333,-0.5210745440438544,1.0,1.0,0.41903159796027006,0.9079716514907624,0.8333333333333334,6.0,1.245182551392603,317.4849585384529,1.0,0.0
evt_pay_001870_2,cust_001,pay_001870,2026-05-01T01:39:10.661105+00:00,474569,ESCALATE_HUMAN,0.8333333333333334,0,0.352059925093633,0.007656335266252275,-0.2859687309098615,2.0,1.0,0.4193636927383433,0.9078183150900077,0.8823529411764706,11.0,0.16534712408787333,312.6219755058625,0.0,1.0
evt_pay_003378_2,cust_001,pay_003378,2026-05-01T02:10:38.204447+00:00,490489,ESCALATE_HUMAN,0.8333333333333334,0,0.35074626865671643,0.02184656645810416,-0.19971589565126774,2.0,1.0,0.5396407309869751,0.8418954100479722,0.8823529411764706,11.0,0.16534712408787333,312.6438220723206,0.0,0.0
evt_pay_003254_0,cust_006,pay_003254,2026-05-01T02:19:06.455704+00:00,137628,WHATSAPP_NUDGE,0.8333333333333334,1,0.5100401606425703,0.8699395043565042,0.16455350451376954,0.0,1.0,0.5703824400534878,0.8213792498466402,0.8333333333333334,4.0,-0.3286363658753921,322.7450031411989,0.0,0.0
evt_pay_005138_0,cust_041,pay_005138,2026-05-01T02:29:36.539356+00:00,300138,WHATSAPP_NUDGE,0.8333333333333334,0,0.4692982456140351,2.028251541908863,0.40170190459967275,0.0,1.0,0.6074069986249839,0.7943907967879467,0.9545454545454546,3.0,0.3693318557794774,329.39372819825394,0.0,0.0
evt_pay_005981_1,cust_035,pay_005981,2026-05-01T02:42:10.827998+00:00,34309,WHATSAPP_NUDGE,0.8333333333333334,0,0.38016528925619836,0.08333333333333333,-0.6212394326468721,1.0,1.0,0.6500466166012621,0.7598943322892018,0.75,5.0,0.5026080740568922,304.04835924202877,0.0,0.0
evt_pay_007537_0,cust_030,pay_007537,2026-05-01T03:12:27.166514+00:00,178019,RETRY_NOW,0.8333333333333334,1,0.4,0.7125800026289539,0.08387498068245769,0.0,1.0,0.7444653118875336,0.667661141145864,0.7142857142857143,6.0,1.7722569671050512,301.0778423338629,1.0,0.0
evt_pay_001836_2,cust_006,pay_001836,2026-05-01T03:26:23.682528+00:00,115361,DO_NOTHING,0.03333333333333333,0,0.512,0.9166666666666666,-0.324341650634841,2.0,1.0,0.7836791165410091,0.6211658734166773,0.8,5.0,-0.3286363658753921,322.79173030350904,0.0,0.0
evt_pay_002289_1,cust_001,pay_002289,2026-05-01T03:28:09.153738+00:00,661968,PAYMENT_LINK,0.8333333333333334,0,0.34944237918215615,0.0538304316089769,0.729346099199684,1.0,1.0,0.7884204116745497,0.6151367770300631,0.875,11.0,0.16534712408787333,312.69765250392953,1.0,0.0
evt_pay_005724_1,cust_013,pay_005724,2026-05-01T03:31:46.789931+00:00,186519,WHATSAPP_NUDGE,0.8333333333333334,0,0.3793103448275862,0.08333333333333333,0.2423705316132961,1.0,1.0,0.7980570000109319,0.6025819651578956,0.8823529411764706,1.0,-0.5595801808996762,301.7493398470064,1.0,0.0
evt_pay_006200_0,cust_006,pay_006200,2026-05-01T03:47:50.162170+00:00,136065,DO_NOTHING,0.03333333333333333,0,0.5099601593625498,0.014889810672779428,0.1302341284944784,0.0,1.0,0.8382807037773856,0.5452389033024799,0.7916666666666666,5.0,-0.3286363658753921,322.80662011418184,1.0,0.0
evt_pay_000447_0,cust_045,pay_000447,2026-05-01T05:36:57.135909+00:00,83888,WHATSAPP_NUDGE,0.8333333333333334,1,0.33766233766233766,1.0707471230660037,-0.1117310420065244,0.0,1.0,0.9949476292411683,0.1003952940499638,0.7727272727272727,2.0,1.000889969158722,304.0705060082534,0.0,0.0
evt_pay_001630_0,cust_005,pay_001630,2026-05-01T05:48:18.271317+00:00,150966,RETRY_LATER,0.8333333333333334,0,0.35874439461883406,0.48085351649422137,0.4380506978227171,0.0,1.0,0.9986981934179963,0.05100900375061694,0.9545454545454546,8.0,-0.6412832630166057,320.9189960971299,0.0,1.0
evt_pay_004232_2,cust_029,pay_004232,2026-05-01T05:52:18.870786+00:00,46029,ESCALATE_HUMAN,0.8333333333333334,1,0.41818181818181815,0.18873007066201808,0.08228627710642734,2.0,1.0,0.99943777930014,0.03352797798264415,0.9565217391304348,5.0,-0.8256115037842402,304.25794982543107,0.0,0.0
evt_pay_001453_0,cust_042,pay_001453,2026-05-01T06:29:55.265387+00:00,258609,WHATSAPP_NUDGE,0.8333333333333334,0,0.4152542372881356,2.3710401615741525,0.3224009478204172,0.0,1.0,0.9914897441801284,-0.13018481933629428,0.8571428571428572,5.0,0.21388002896855346,327.200363700345,0.0,0.0
evt_pay_001630_1,cust_005,pay_001630,2026-05-01T07:48:18.271317+00:00,129298,WHATSAPP_NUDGE,0.8333333333333334,0,0.35714285714285715,0.08333333333333333,-0.03490668700486743,1.0,1.0,0.8904025080889182,-0.455174003639228,0.9090909090909091,8.0,-0.6412832630166057,321.0023294304632,0.0,1.0
evt_pay_001233_0,cust_038,pay_001233,2026-05-01T07:49:29.530305+00:00,40607,DO_NOTHING,0.03333333333333333,0,0.6510416666666666,0.5960209603794624,-0.2544772425197953,0.0,1.0,0.8880318060419956,-0.45978202602732476,0.7777777777777778,6.0,2.4957647172129915,328.2829433844845,0.0,1.0
evt_pay_008134_2,cust_030,pay_008134,2026-05-01T08:06:20.254287+00:00,197679,ESCALATE_HUMAN,0.8333333333333334,0,0.4024896265560166,0.9166666666666666,0.40866790130106195,2.0,1.0,0.8518696341905151,-0.5237538795504221,0.8,6.0,1.7722569671050512,301.2819289979006,0.0,1.0
evt_pay_002746_0,cust_000,pay_002746,2026-05-01T08:17:38.157459+00:00,103904,WHATSAPP_NUDGE,0.8333333333333334,1,0.4215686274509804,1.3088066681458297,-0.5251865258575505,0.0,1.0,0.825024847704462,-0.5650964525372897,0.875,4.0,0.8132490481077264,320.0007890670015,0.0,0.0
evt_pay_003683_0,cust_030,pay_003683,2026-05-01T08:20:36.184102+00:00,211120,ESCALATE_HUMAN,0.03333333333333333,1,0.40082644628099173,0.00990659509075916,0.6307285412539266,0.0,1.0,0.8176399112425542,-0.5757299501878186,0.8,6.0,1.7722569671050512,301.2918355929914,0.0,0.0
evt_pay_007480_0,cust_052,pay_007480,2026-05-01T08:24:25.717100+00:00,124213,RETRY_LATER,0.8333333333333334,0,0.4845360824742268,0.8684506856023594,-0.4224105923882143,0.0,1.0,0.8079163040377693,-0.5892972472954127,0.7777777777777778,1.0,-1.0656726581061444,330.2250900731136,0.0,1.0
evt_pay_002637_0,cust_048,pay_002637,2026-05-01T08:33:15.066572+00:00,184065,RETRY_NOW,0.8333333333333334,0,0.32684824902723736,2.5697378203005314,-0.11062239241189648,0.0,1.0,0.7846381356964325,-0.6199540273365653,0.9090909090909091,3.0,-0.4506859321563252,311.3620513901877,1.0,0.0
evt_pay_002849_0,cust_028,pay_002849,2026-05-01T08:38:06.777271+00:00,256485,WHATSAPP_NUDGE,0.8333333333333334,0,0.42857142857142855,0.6176539604191854,0.3466851138754071,0.0,1.0,0.7713109940478755,-0.6364584436244665,0.9130434782608696,5.0,0.3910481863531735,301.6870772174171,0.0,0.0
evt_pay_004324_0,cust_005,pay_004324,2026-05-01T09:09:04.719831+00:00,130808,ESCALATE_HUMAN,0.03333333333333333,0,0.35555555555555557,0.056093154097122046,-0.0019277349949950405,0.0,1.0,0.6785486597896071,-0.7345554548825624,0.9166666666666666,9.0,-0.6412832630166057,321.05842258456033,1.0,0.0
evt_pay_003334_0,cust_023,pay_003334,2026-05-01T09:36:50.259747+00:00,83465,RETRY_LATER,0.8333333333333334,0,0.47115384615384615,0.7879188267831788,-0.022137985520302744,0.0,1.0,0.5848243821972037,-0.8111599361332259,0.8,5.0,0.9385908116339667,324.6528467372984,0.0,1.0
evt_pay_003193_0,cust_004,pay_003193,2026-05-01T10:02:08.526253+00:00,336165,WHATSAPP_NUDGE,0.8333333333333334,0,0.37155963302752293,2.1101224261916323,-0.5778090657035311,0.0,1.0,0.49188380439489554,-0.8706608541642401,0.8666666666666667,9.0,-0.2585165281110097,326.58210815908564,0.0,0.0
evt_pay_007480_1,cust_052,pay_007480,2026-05-01T10:24:25.717100+00:00,142866,WHATSAPP_NUDGE,0.8333333333333334,0,0.48205128205128206,0.08333333333333333,-0.05677004367838379,1.0,1.0,0.4050274197806343,-0.9143045385569525,0.8181818181818181,1.0,-1.0656726581061444,330.30842340644693,0.0,0.0
evt_pay_002637_1,cust_048,pay_002637,2026-05-01T10:33:15.066572+00:00,192382,WHATSAPP_NUDGE,0.8333333333333334,0,0.32558139534883723,0.08333333333333333,0.01348168961221069,1.0,1.0,0.36953954462288957,-0.9292150047001541,0.9166666666666666,2.0,-0.4506859321563252,311.44538472352104,0.0,0.0
evt_pay_005300_0,cust_035,pay_005300,2026-05-01T10:37:02.176038+00:00,37832,RETRY_NOW,0.8333333333333334,0,0.3786008230452675,0.32976097269323645,-0.39162158349875587,0.0,1.0,0.3541430521700897,-0.9351912631112703,0.8,6.0,0.5026080740568922,304.378120214722,1.0,0.0
evt_pay_006710_0,cust_047,pay_006710,2026-05-01T10:53:05.368384+00:00,83817,WHATSAPP_NUDGE,0.8333333333333334,0,0.5252525252525253,3.196908145842125,-0.7007754635622626,0.0,1.0,0.2878224104323588,-0.9576837996191159,0.7894736842105263,3.0,1.898235005697721,303.4697689940371,0.0,0.0
evt_pay_004465_0,cust_058,pay_004465,2026-05-01T11:06:20.368651+00:00,313100,WHATSAPP_NUDGE,0.8333333333333334,0,0.5067264573991032,1.408108436323649,0.8313642957949021,0.0,1.0,0.23200478526185236,-0.9727146444952918,0.8,6.0,4.286983765334936,319.42684834383186,0.0,0.0
evt_pay_003312_0,cust_006,pay_003312,2026-05-01T11:29:54.893914+00:00,136409,RETRY_LATER,0.8333333333333334,0,0.5079365079365079,0.3208880988854806,0.13779017132910976,0.0,1.0,0.13089433154555263,-0.9913963253761046,0.8095238095238095,5.0,-0.3286363658753921,323.1275082130673,0.0,1.0
evt_pay_001501_0,cust_003,pay_001501,2026-05-01T11:36:01.494126+00:00,267020,RETRY_LATER,0.8333333333333334,1,0.5317073170731708,2.4222431118385166,0.606792716144818,0.0,1.0,0.10442040197545098,-0.9945332471321837,0.9166666666666666,5.0,2.053947620637407,306.51401258196853,0.0,1.0
evt_pay_004359_0,cust_055,pay_004359,2026-05-01T11:47:48.245305+00:00,356405,RETRY_LATER,0.8333333333333334,0,0.35580524344569286,2.551879077976442,0.4029367726674912,0.0,1.0,0.05318959103113315,-0.9985844317862865,0.88,4.0,-1.0480965437343166,327.44054435860784,0.0,1.0
evt_pay_007345_0,cust_019,pay_007345,2026-05-01T11:58:00.834881+00:00,88182,RETRY_LATER,0.8333333333333334,0,0.507177033492823,3.3239975392727388,-0.7518796813808343,0.0,1.0,0.00866582353275922,-0.9999624510462876,0.8333333333333334,0.0,-0.5137657855739247,306.90787351892527,0.0,1.0
evt_pay_003193_1,cust_004,pay_003193,2026-05-01T12:02:08.526253+00:00,392228,WHATSAPP_NUDGE,0.8333333333333334,0,0.3698630136986301,0.08333333333333333,-0.1976783069836858,1.0,1.0,-0.00934655676600462,-0.9999563199843381,0.8666666666666667,10.0,-0.2585165281110097,326.66544149241895,0.0,0.0
evt_pay_008408_0,cust_020,pay_008408,2026-05-01T12:06:25.383048+00:00,43712,RETRY_NOW,0.8333333333333334,0,0.3798449612403101,1.330129011788036,-0.8191671525084614,0.0,1.0,-0.028022177424183628,-0.9996073016802186,0.5,4.0,0.06752823759169156,315.7428807337332,1.0,0.0
evt_pay_004336_0,cust_023,pay_004336,2026-05-01T12:12:38.924629+00:00,87166,RETRY_LATER,0.8333333333333334,0,0.4688995215311005,0.10820213984485842,0.10360075321805591,0.0,1.0,-0.055162542369515725,-0.9984773877856881,0.8181818181818181,5.0,0.9385908116339667,324.7610488771432,0.0,1.0
evt_pay_003987_2,cust_018,pay_003987,2026-05-01T12:16:53.290524+00:00,191607,ESCALATE_HUMAN,0.8333333333333334,0,0.3275862068965517,0.6756026284203737,0.9202337127233604,2.0,1.0,-0.07362189620881379,-0.9972862259144155,0.8846153846153846,9.0,-0.4554811204429685,306.1339466902632,1.0,0.0
evt_pay_005421_0,cust_007,pay_005421,2026-05-01T12:39:00.304229+00:00,361625,WHATSAPP_NUDGE,0.8333333333333334,0,0.4673913043478261,1.8510256379417267,0.42663189213191105,0.0,1.0,-0.1693713083819733,-0.9855523121057443,0.6,1.0,-0.46533070623945577,329.6253934350294,0.0,0.0
evt_pay_008141_2,cust_023,pay_008141,2026-05-01T12:42:14.073113+00:00,85054,ESCALATE_HUMAN,0.8333333333333334,0,0.4666666666666667,0.020545700038629395,0.031843077954631115,2.0,1.0,-0.18324171815762658,-0.9830678881575987,0.8333333333333334,5.0,0.9385908116339667,324.7815945771818,0.0,1.0
evt_pay_004465_1,cust_058,pay_004465,2026-05-01T13:06:20.368651+00:00,315005,WHATSAPP_NUDGE,0.8333333333333334,1,0.5044642857142857,0.08333333333333333,0.8537990101449107,1.0,1.0,-0.28543528441132804,-0.9583979853969979,0.8181818181818181,7.0,4.286983765334936,319.51018167716524,0.0,1.0
evt_pay_006904_0,cust_028,pay_006904,2026-05-01T13:29:50.112177+00:00,284184,RETRY_NOW,0.8333333333333334,0,0.42660550458715596,0.20258489474999428,0.6926859279753216,0.0,1.0,-0.38201900612643463,-0.9241544670444282,0.8846153846153846,6.0,0.3910481863531735,301.8896621121671,1.0,0.0
evt_pay_004359_1,cust_055,pay_004359,2026-05-01T13:47:48.245305+00:00,315059,ESCALATE_HUMAN,0.03333333333333333,0,0.35447761194029853,0.08333333333333333,0.024739002748650346,1.0,1.0,-0.4532286788432769,-0.8913942812661397,0.8846153846153846,4.0,-1.0480965437343166,327.52387769194115,1.0,0.0
evt_pay_007345_1,cust_019,pay_007345,2026-05-01T13:58:00.834881+00:00,120644,WHATSAPP_NUDGE,0.8333333333333334,1,0.5047619047619047,0.08333333333333333,0.023133707498547137,1.0,1.0,-0.4924764021990615,-0.8703257972030176,0.8571428571428572,0.0,-0.5137657855739247,306.9912068522586,1.0,0.0
evt_pay_005735_0,cust_028,pay_005735,2026-05-01T14:02:38.873011+00:00,223526,RETRY_NOW,0.8333333333333334,0,0.4246575342465753,0.022786583720384595,-0.06501367949608129,0.0,1.0,-0.5099720928357356,-0.8601909465512526,0.8888888888888888,6.0,0.3910481863531735,301.91244869588746,1.0,0.0
evt_pay_003133_0,cust_032,pay_003133,2026-05-01T14:10:11.973836+00:00,310797,WHATSAPP_NUDGE,0.8333333333333334,0,0.3493975903614458,1.1135998472448894,-0.12224615700775524,0.0,1.0,-0.5380337976938631,-0.8429232661038129,0.8928571428571429,7.0,0.2905055503479753,326.05377234118754,0.0,0.0
evt_pay_004336_1,cust_023,pay_004336,2026-05-01T14:12:38.924629+00:00,69109,WHATSAPP_NUDGE,0.8333333333333334,0,0.46445497630331756,0.06278763329470394,-0.5097397046996842,1.0,1.0,-0.5470108569221803,-0.837125511741974,0.9090909090909091,5.0,0.9385908116339667,324.84438221047657,0.0,1.0
evt_pay_005326_0,cust_049,pay_005326,2026-05-01T14:12:58.914684+00:00,270362,RETRY_NOW,0.8333333333333334,1,0.3670886075949367,1.995119711909221,-0.552972743156909,0.0,1.0,-0.5482272227278155,-0.8363294280725425,0.896551724137931,3.0,0.2100296838614713,303.473263405928,1.0,0.0
evt_pay_007737_0,cust_003,pay_007737,2026-05-01T15:18:41.063553+00:00,270413,RETRY_LATER,0.8333333333333334,0,0.5339805825242718,2.5768677579829578,0.6508172791525612,0.0,1.0,-0.7623419707798719,-0.647174412030838,0.8571428571428572,5.0,2.053947620637407,306.66863722811297,0.0,1.0
evt_pay_001283_0,cust_019,pay_001283,2026-05-01T15:38:20.168553+00:00,123046,WHATSAPP_NUDGE,0.8333333333333334,0,0.5071090047393365,0.1530015471323433,0.08047986830322817,0.0,1.0,-0.8149663585883414,-0.5795082694571829,0.75,1.0,-0.5137657855739247,307.06087506605763,0.0,0.0
evt_pay_007115_2,cust_028,pay_007115,2026-05-01T15:48:41.475091+00:00,193703,ESCALATE_HUMAN,0.8333333333333334,0,0.42272727272727273,0.07364122777710236,-0.4375355346019433,2.0,1.0,-0.8403094657342997,-0.5421070021659339,0.8620689655172413,6.0,0.3910481863531735,301.98608992366457,0.0,0.0
evt_pay_006179_0,cust_036,pay_006179,2026-05-01T16:08:55.632593+00:00,415918,RETRY_LATER,0.8333333333333334,0,0.5088495575221239,3.1873779668356406,0.6478527529505206,0.0,1.0,-0.884839710506712,-0.46589557489892314,0.7777777777777778,1.0,-0.5882553306323993,312.11424879979995,0.0,1.0
evt_pay_003133_1,cust_032,pay_003133,2026-05-01T16:10:11.973836+00:00,322938,WHATSAPP_NUDGE,0.8333333333333334,0,0.348,0.08333333333333333,-0.015403832749070659,1.0,1.0,-0.8874125699494091,-0.46097606303992095,0.8620689655172413,8.0,0.2905055503479753,326.13710567452085,0.0,1.0
evt_pay_003600_2,cust_033,pay_003600,2026-05-01T16:47:54.976023+00:00,75610,ESCALATE_HUMAN,0.8333333333333334,0,0.6089108910891089,0.9166666666666666,-0.14937464709872963,2.0,1.0,-0.9509435522436862,-0.30936444599559226,0.8,4.0,-0.3958893149650273,305.4434779112458,0.0,1.0
evt_pay_001586_0,cust_021,pay_001586,2026-05-01T17:36:44.095365+00:00,223699,WHATSAPP_NUDGE,0.8333333333333334,0,0.381294964028777,3.0392481710884076,0.11492531772400325,0.0,1.0,-0.994851973473709,-0.10133879254987511,0.9090909090909091,4.0,-0.0711177391970671,317.1826900620562,0.0,0.0
evt_pay_003428_2,cust_018,pay_003428,2026-05-01T18:04:01.223428+00:00,175186,ESCALATE_HUMAN,0.8333333333333334,0,0.3261802575107296,0.24106403824629297,0.596503728753119,2.0,1.0,-0.9998461384550483,0.017541363017973818,0.8846153846153846,9.0,-0.4554811204429685,306.3750107285095,0.0,0.0
evt_pay_006179_1,cust_036,pay_006179,2026-05-01T18:08:55.632593+00:00,391454,WHATSAPP_NUDGE,0.8333333333333334,0,0.5066079295154186,0.08333333333333333,0.4416881826952498,1.0,1.0,-0.9992414550255426,0.03894245188013319,0.8,1.0,-0.5882553306323993,312.19758213313327,0.0,0.0
evt_pay_000532_0,cust_034,pay_000532,2026-05-01T18:11:40.754540+00:00,52218,WHATSAPP_NUDGE,0.8333333333333334,0,0.36936936936936937,1.4591170120580728,-0.09898269512461604,0.0,1.0,-0.998701804476704,0.05093825414141545,0.7894736842105263,5.0,-0.5369784473169031,314.8709656772508,0.0,0.0
evt_pay_003349_2,cust_022,pay_003349,2026-05-01T18:31:41.480029+00:00,104252,RETRY_LATER,0.03333333333333333,0,0.4663677130044843,0.9166666666666666,-0.20492933505471317,2.0,1.0,-0.9904546103270799,0.137839271914184,0.8181818181818181,1.0,-0.6143468879245073,309.77837877694725,0.0,0.0
evt_pay_004535_0,cust_013,pay_004535,2026-05-01T18:43:00.032917+00:00,174747,RETRY_NOW,0.8333333333333334,1,0.37745098039215685,0.632792164185768,0.04674884952896125,0.0,1.0,-0.9824499512224648,0.18652638779265662,0.9166666666666666,2.0,-0.5595801808996762,302.3821320111922,1.0,0.0
evt_pay_004910_0,cust_005,pay_004910,2026-05-01T19:24:12.149246+00:00,120379,WHATSAPP_NUDGE,0.8333333333333334,0,0.35398230088495575,0.42716932193292223,-0.22957955659044965,0.0,1.0,-0.9332634375933847,0.35919264476235935,0.88,9.0,-0.6412832630166057,321.48559190649326,0.0,0.0
evt_pay_001586_1,cust_021,pay_001586,2026-05-01T19:36:44.095365+00:00,235684,WHATSAPP_NUDGE,0.8333333333333334,0,0.37992831541218636,0.08333333333333333,0.2741569394370395,1.0,1.0,-0.9122364783082519,0.40966401799982166,0.9090909090909091,5.0,-0.0711177391970671,317.26602339538954,0.0,1.0
evt_pay_000532_1,cust_034,pay_000532,2026-05-01T20:11:40.754540+00:00,46045,WHATSAPP_NUDGE,0.8333333333333334,0,0.36771300448430494,0.08333333333333333,-0.4250515092206958,1.0,1.0,-0.8394320064114771,0.5434647243492459,0.7777777777777778,6.0,-0.5369784473169031,314.9542990105842,0.0,0.0
evt_pay_005595_0,cust_052,pay_005595,2026-05-01T21:25:11.742959+00:00,138700,RETRY_LATER,0.8333333333333334,0,0.47959183673469385,0.45886604003745407,-0.13843463893001653,0.0,1.0,-0.6252572444445526,0.7804187198354516,0.9,2.0,-1.0656726581061444,330.7672894464844,0.0,1.0
evt_pay_008555_2,cust_043,pay_008555,2026-05-01T21:33:36.887996+00:00,150871,ESCALATE_HUMAN,0.8333333333333334,1,0.27350427350427353,0.9166666666666666,0.13090305933675822,2.0,1.0,-0.5961730302552232,0.8028559758738206,0.875,4.0,-0.05414349663535748,316.5405991226392,0.0,1.0
evt_pay_005087_0,cust_035,pay_005087,2026-05-01T23:03:37.889183+00:00,30441,WHATSAPP_NUDGE,0.8333333333333334,0,0.3770491803278688,0.5184689021335771,-0.8733021852951188,0.0,1.0,-0.24348176337551997,0.9699054752415553,0.8888888888888888,6.0,0.5026080740568922,304.89658911685564,0.0,0.0
evt_pay_005595_1,cust_052,pay_005595,2026-05-01T23:25:11.742959+00:00,162007,WHATSAPP_NUDGE,0.8333333333333334,0,0.47715736040609136,0.08333333333333333,0.318401726339834,1.0,1.0,-0.15127929767151208,0.988491059188708,0.9090909090909091,2.0,-1.0656726581061444,330.85062277981774,1.0,0.0
evt_pay_005981_2,cust_035,pay_005981,2026-05-02T00:42:10.827998+00:00,39622,ESCALATE_HUMAN,0.8333333333333334,0,0.37551020408163266,0.06843679183985311,-0.27498797333822206,2.0,1.0,0.18300971747621528,0.9831111042548933,0.9,7.0,0.5026080740568922,304.96502590869545,0.0,0.0
evt_pay_006978_0,cust_051,pay_006978,2026-05-02T00:58:59.241732+00:00,801949,PAYMENT_LINK,0.8333333333333334,1,0.5113122171945701,2.4682637348777234,0.904555747242718,0.0,1.0,0.25454862217883273,0.967059976912941,0.9,4.0,-1.013594580420746,309.8358735114496,0.0,0.0
evt_pay_006817_0,cust_031,pay_006817,2026-05-02T01:39:10.325605+00:00,39232,WHATSAPP_NUDGE,0.8333333333333334,0,0.36936936936936937,3.2383585576976466,-0.7728469965868586,0.0,1.0,0.41934154344517854,0.9078285465554691,0.8571428571428572,4.0,-0.07508066613848166,324.40436322462676,0.0,0.0
evt_pay_003554_0,cust_047,pay_003554,2026-05-02T01:55:25.179945+00:00,118083,PAYMENT_LINK,0.03333333333333333,1,0.5226130653266332,0.6266181893620152,0.18079805911660818,0.0,1.0,0.48259336864856883,0.8758445298889675,0.75,3.0,1.898235005697721,304.09638718339914,0.0,0.0
evt_pay_007894_0,cust_020,pay_007894,2026-05-02T02:35:02.939618+00:00,50240,RETRY_NOW,0.8333333333333334,0,0.3783783783783784,0.6032124603096539,-0.5148361480664779,0.0,1.0,0.6260901777447314,0.7797506584361251,0.6,4.0,0.06752823759169156,316.34609319404285,1.0,0.0
evt_pay_006732_0,cust_047,pay_006732,2026-05-02T02:41:34.469558+00:00,113228,RETRY_NOW,0.8333333333333334,1,0.525,0.6586701524746749,0.055898978846871575,0.0,1.0,0.6480351401862985,0.76161043656434,0.75,4.0,1.898235005697721,304.12843914651177,1.0,0.0
evt_pay_005590_0,cust_049,pay_005590,2026-05-02T02:49:42.776351+00:00,344473,WHATSAPP_NUDGE,0.8333333333333334,0,0.3697478991596639,2.5206273701018063,0.07863458035920623,0.0,1.0,0.6746662092379113,0.7381229613774029,0.8095238095238095,3.0,0.2100296838614713,303.9987710641206,0.0,0.0
evt_pay_000985_0,cust_050,pay_000985,2026-05-02T03:16:45.218854+00:00,115584,RETRY_NOW,0.03333333333333333,0,0.45714285714285713,2.729241916585901,-0.02548777897133563,0.0,1.0,0.7568628854128224,0.6535736933847451,0.9166666666666666,5.0,-0.900782201038446,328.8514848173963,0.0,0.0
evt_pay_006817_1,cust_031,pay_006817,2026-05-02T03:39:10.325605+00:00,43888,WHATSAPP_NUDGE,0.8333333333333334,0,0.36771300448430494,0.08333333333333333,-0.525519843414636,1.0,1.0,0.817074702763435,0.5765318118751509,0.75,5.0,-0.07508066613848166,324.4876965579601,0.0,0.0
evt_pay_005041_0,cust_030,pay_005041,2026-05-02T03:39:59.630185+00:00,166385,WHATSAPP_NUDGE,0.8333333333333334,1,0.40329218106995884,0.8150390728966007,-0.10833225194552175,0.0,1.0,0.8191366183896862,0.5735984661878983,0.8,5.0,1.7722569671050512,302.09696807079723,0.0,0.0
evt_pay_004113_0,cust_046,pay_004113,2026-05-02T04:46:14.409490+00:00,108525,RETRY_LATER,0.03333333333333333,1,0.4835164835164835,1.8936283784170957,0.05639560133134308,0.0,1.0,0.9486556341203061,0.3163107457102905,0.6363636363636364,2.0,-0.9687765812058661,325.2191467162223,0.0,0.0
evt_pay_002556_0,cust_031,pay_002556,2026-05-02T04:59:45.313474+00:00,63286,RETRY_LATER,0.8333333333333334,0,0.36607142857142855,0.05596050773681327,0.5050713620787687,0.0,1.0,0.9656488478061804,0.25985053921551937,0.8,6.0,-0.07508066613848166,324.5436570656969,0.0,1.0
evt_pay_004807_0,cust_047,pay_004807,2026-05-02T05:11:37.495533+00:00,123263,RETRY_NOW,0.8333333333333334,0,0.527363184079602,0.7628718420093984,0.314053586563988,0.0,1.0,0.9778060287252783,0.209512219663914,0.5833333333333333,4.0,1.898235005697721,304.2326408360465,1.0,0.0
evt_pay_000985_1,cust_050,pay_000985,2026-05-02T05:16:45.218854+00:00,135048,WHATSAPP_NUDGE,0.8333333333333334,0,0.45528455284552843,0.08333333333333333,0.4513611014146602,1.0,1.0,0.9822493326414674,0.1875799790099996,0.9230769230769231,5.0,-0.900782201038446,328.9348181507296,0.0,0.0
evt_pay_004794_0,cust_042,pay_004794,2026-05-02T05:32:51.570650+00:00,260568,WHATSAPP_NUDGE,0.8333333333333334,1,0.41350210970464135,0.9603739035134709,0.34648624407107337,0.0,1.0,0.9929962200003788,0.118146125899072,0.9285714285714286,6.0,0.21388002896855346,328.1607376038585,0.0,0.0
evt_pay_001630_2,cust_005,pay_001630,2026-05-02T05:48:18.271317+00:00,140727,WHATSAPP_NUDGE,0.03333333333333333,0,0.3524229074889868,0.4334041906366224,0.2145708834236886,2.0,1.0,0.9986981934179963,0.05100900375061694,0.8181818181818181,10.0,-0.6412832630166057,321.9189960971299,0.0,0.0
evt_pay_004594_0,cust_058,pay_004594,2026-05-02T06:05:18.313125+00:00,308746,WHATSAPP_NUDGE,0.8333333333333334,0,0.5066666666666667,0.7909484314153209,0.780073232015778,0.0,1.0,0.9997320881301873,-0.023146316399276255,0.6666666666666667,8.0,4.286983765334936,320.2177967752472,0.0,0.0
evt_pay_002556_1,cust_031,pay_002556,2026-05-02T06:59:45.313474+00:00,46386,WHATSAPP_NUDGE,0.8333333333333334,0,0.36444444444444446,0.08333333333333333,-0.3927665523153665,1.0,1.0,0.966201702943085,-0.25778725575536576,0.8333333333333334,6.0,-0.07508066613848166,324.62699039903026,1.0,0.0
evt_pay_004807_1,cust_047,pay_004807,2026-05-02T07:11:37.495533+00:00,98994,WHATSAPP_NUDGE,0.8333333333333334,0,0.5247524752475248,0.08333333333333333,-0.31031894149215006,1.0,1.0,0.9515609706816246,-0.3074601097304241,0.6923076923076923,4.0,1.898235005697721,304.31597416937984,0.0,1.0
evt_pay_001868_0,cust_030,pay_001868,2026-05-02T07:15:04.270794+00:00,193131,RETRY_LATER,0.8333333333333334,0,0.4057377049180328,0.9643983392032472,0.33354523952471193,0.0,1.0,0.9468302508728045,-0.32173354819188826,0.6666666666666667,6.0,1.7722569671050512,302.2463273371039,0.0,1.0
evt_pay_005494_0,cust_028,pay_005494,2026-05-02T07:27:49.845766+00:00,199789,RETRY_NOW,0.8333333333333334,0,0.42081447963800905,0.6521802161545528,-0.3615143550842974,0.0,1.0,0.9274602250069344,-0.3739218247576447,0.8571428571428572,6.0,0.3910481863531735,302.6382701398191,1.0,0.0
evt_pay_002111_0,cust_019,pay_002111,2026-05-02T07:31:24.992943+00:00,133132,RETRY_NOW,0.8333333333333334,0,0.5047169811320755,0.6618613934050662,0.3212663911738875,0.0,1.0,0.9214965869167226,-0.38838645741172667,0.8,2.0,-0.5137657855739247,307.72273645946274,1.0,0.0
evt_pay_007480_2,cust_052,pay_007480,2026-05-02T08:24:25.717100+00:00,148665,ESCALATE_HUMAN,0.8333333333333334,0,0.47474747474747475,0.37446729329587924,0.056896691529919045,2.0,1.0,0.8079163040377693,-0.5892972472954127,0.9230769230769231,3.0,-1.0656726581061444,331.2250900731136,0.0,1.0
evt_pay_003045_0,cust_028,pay_003045,2026-05-02T08:26:25.853871+00:00,199453,RETRY_LATER,0.8333333333333334,0,0.4189189189189189,0.04069453824238659,-0.36570775759535007,0.0,1.0,0.8027370864822007,-0.5963331032116763,0.8571428571428572,6.0,0.3910481863531735,302.6789646780615,0.0,1.0
evt_pay_002637_2,cust_048,pay_002637,2026-05-02T08:33:15.066572+00:00,169040,ESCALATE_HUMAN,0.8333333333333334,0,0.32432432432432434,0.9166666666666666,-0.33480550343318494,2.0,1.0,0.7846381356964325,-0.6199540273365653,0.8636363636363636,3.0,-0.4506859321563252,312.3620513901877,0.0,1.0
evt_pay_006612_0,cust_012,pay_006612,2026-05-02T08:41:33.145826+00:00,664362,RETRY_LATER,0.8333333333333334,0,0.4796380090497738,1.4937533622349406,0.6476455323071852,0.0,1.0,0.7616728157925566,-0.6479618211612765,0.9230769230769231,6.0,-0.5006574979571285,311.5682761231755,0.0,1.0
evt_pay_006715_0,cust_020,pay_006715,2026-05-02T08:54:50.702459+00:00,78148,RETRY_NOW,0.8333333333333334,0,0.3769230769230769,0.26374725510191865,0.7862804083517344,0.0,1.0,0.7228313539531085,-0.6910244812901465,0.8,4.0,0.06752823759169156,316.60984044914477,1.0,0.0
evt_pay_001868_1,cust_030,pay_001868,2026-05-02T09:15:04.270794+00:00,161546,WHATSAPP_NUDGE,0.8333333333333334,0,0.40408163265306124,0.08333333333333333,-0.18827982499604096,1.0,1.0,0.6591122762314977,-0.7520445514202825,0.8333333333333334,6.0,1.7722569671050512,302.3296606704372,1.0,0.0
evt_pay_005066_0,cust_057,pay_005066,2026-05-02T09:18:01.957921+00:00,64988,WHATSAPP_NUDGE,0.8333333333333334,0,0.41089108910891087,1.7897366476138927,-0.5891363646096544,0.0,1.0,0.6493397720928791,-0.7604984289124915,0.8571428571428572,6.0,-0.5990323654313375,322.65228616740245,0.0,0.0
evt_pay_005494_1,cust_028,pay_005494,2026-05-02T09:27:49.845766+00:00,204323,WHATSAPP_NUDGE,0.8333333333333334,1,0.4170403587443946,0.042638795090946736,-0.30487651750460515,1.0,1.0,0.6162432034768144,-0.7875559117730204,0.85,6.0,0.3910481863531735,302.72160347315247,0.0,0.0
evt_pay_001561_0,cust_014,pay_001561,2026-05-02T09:30:43.468806+00:00,67931,PAYMENT_LINK,0.03333333333333333,1,0.3389830508474576,1.432078314091901,0.04696184811030176,0.0,1.0,0.6062504899747053,-0.7952737537511405,0.6923076923076923,6.0,-0.8122776257059364,326.15335918970317,1.0,0.0
evt_pay_002111_1,cust_019,pay_002111,2026-05-02T09:31:24.992943+00:00,135217,WHATSAPP_NUDGE,0.8333333333333334,0,0.5023474178403756,0.08333333333333333,0.371038154231574,1.0,1.0,0.6038462250646736,-0.7971008320627595,0.8181818181818181,2.0,-0.5137657855739247,307.80606979279605,0.0,1.0
evt_pay_006269_0,cust_009,pay_006269,2026-05-02T09:37:39.138538+00:00,118243,RETRY_NOW,0.8333333333333334,0,0.36574074074074076,3.3490511598235266,-0.01686675608671047,0.0,1.0,0.5819373721165937,-0.8132336041593664,0.8333333333333334,2.0,-0.8984355580750027,304.01801870041464,1.0,0.0
evt_pay_006394_0,cust_030,pay_006394,2026-05-02T09:37:47.801806+00:00,170296,WHATSAPP_NUDGE,0.8333333333333334,0,0.4024390243902439,0.01578160894338983,-0.04371695397816436,0.0,1.0,0.5814249108330654,-0.813600069483012,0.8571428571428572,7.0,1.7722569671050512,302.3454422793806,0.0,0.0
evt_pay_001523_0,cust_035,pay_001523,2026-05-02T10:26:11.075401+00:00,45001,RETRY_NOW,0.8333333333333334,0,0.37398373983739835,0.4055584190166049,0.07556949299395584,0.0,1.0,0.39801031575393025,-0.9173809397155888,0.8461538461538461,6.0,0.5026080740568922,305.37058432771204,1.0,0.0
evt_pay_003045_1,cust_028,pay_003045,2026-05-02T10:26:25.853871+00:00,243672,RETRY_LATER,0.03333333333333333,0,0.41964285714285715,0.08333333333333333,0.18663883994756744,1.0,1.0,0.39702415784765327,-0.9178081597400198,0.8095238095238095,6.0,0.3910481863531735,302.7622980113949,1.0,0.0
evt_pay_006715_1,cust_020,pay_006715,2026-05-02T10:54:50.702459+00:00,66938,WHATSAPP_NUDGE,0.8333333333333334,0,0.37547892720306514,0.08333333333333333,0.26367119805641703,1.0,1.0,0.28047807453022017,-0.9598604324107856,0.875,4.0,0.06752823759169156,316.69317378247814,1.0,0.0
evt_pay_005066_1,cust_057,pay_005066,2026-05-02T11:18:01.957921+00:00,130146,WHATSAPP_NUDGE,0.8333333333333334,1,0.4088669950738916,0.08333333333333333,1.6847861682580665,1.0,1.0,0.1820955238637853,-0.9832808450228112,0.8571428571428572,7.0,-0.5990323654313375,322.73561950073577,0.0,0.0
evt_pay_001592_0,cust_021,pay_001592,2026-05-02T11:29:14.174711+00:00,276570,WHATSAPP_NUDGE,0.8333333333333334,0,0.37857142857142856,0.6614592516946042,0.8173729170966563,0.0,1.0,0.13382946028174056,-0.9910043771652566,0.9166666666666666,6.0,-0.0711177391970671,317.9274826470841,0.0,0.0
evt_pay_006269_1,cust_009,pay_006269,2026-05-02T11:37:39.138538+00:00,127487,WHATSAPP_NUDGE,0.8333333333333334,0,0.3640552995391705,0.08333333333333333,0.20519026071619673,1.0,1.0,0.09735574558484474,-0.9952496464714866,0.8461538461538461,2.0,-0.8984355580750027,304.10135203374796,1.0,0.0
evt_pay_000438_0,cust_030,pay_000438,2026-05-02T12:07:10.684460+00:00,165351,WHATSAPP_NUDGE,0.8333333333333334,0,0.4008097165991903,0.10373706775285048,-0.12540305099686727,0.0,1.0,-0.03131513739293332,-0.9995095608197361,0.875,8.0,1.7722569671050512,302.44917934713345,0.0,0.0
evt_pay_004336_2,cust_023,pay_004336,2026-05-02T12:12:38.924629+00:00,70255,ESCALATE_HUMAN,0.8333333333333334,1,0.46226415094339623,0.9166666666666666,-0.47083631514524504,2.0,1.0,-0.055162542369515725,-0.9984773877856881,0.9230769230769231,6.0,0.9385908116339667,325.7610488771432,1.0,0.0
evt_pay_007927_0,cust_009,pay_007927,2026-05-02T12:23:17.684266+00:00,133643,RETRY_NOW,0.03333333333333333,0,0.3623853211009174,0.03169613111183859,0.3530519885274065,0.0,1.0,-0.10146754387431257,-0.9948388500355796,0.8461538461538461,3.0,-0.8984355580750027,304.13304816485976,0.0,0.0
evt_pay_001234_0,cust_040,pay_001234,2026-05-02T12:32:26.985932+00:00,206332,RETRY_LATER,0.8333333333333334,0,0.5243243243243243,6.470477251553025,-0.14589566181644803,0.0,1.0,-0.14111620539777514,-0.9899930386493295,0.8333333333333334,1.0,-0.492492512121923,320.65177867144234,0.0,1.0
evt_pay_004157_0,cust_003,pay_004157,2026-05-02T13:28:32.494957+00:00,179988,WHATSAPP_NUDGE,0.8333333333333334,0,0.5314009661835749,0.9235119375534661,-0.5222320378476094,0.0,1.0,-0.37679657358712243,-0.9262960337456942,0.8421052631578947,3.0,2.053947620637407,307.5921491656664,0.0,0.0
evt_pay_001592_1,cust_021,pay_001592,2026-05-02T13:29:14.174711+00:00,193325,WHATSAPP_NUDGE,0.8333333333333334,0,0.37722419928825623,0.08333333333333333,-0.28862546470182104,1.0,1.0,-0.37960247620388027,-0.9251496960275577,0.8333333333333334,7.0,-0.0711177391970671,318.0108159804175,0.0,0.0
evt_pay_006238_0,cust_032,pay_006238,2026-05-02T13:40:40.683723+00:00,360982,RETRY_LATER,0.8333333333333334,0,0.3466135458167331,0.8961656236986641,0.3193658243386587,0.0,1.0,-0.4252978138695414,-0.9050534622428605,0.8421052631578947,7.0,0.2905055503479753,327.0332712982195,0.0,1.0
evt_pay_006407_0,cust_023,pay_006407,2026-05-02T13:42:45.994087+00:00,103083,WHATSAPP_NUDGE,0.8333333333333334,0,0.4647887323943662,0.9792484890932656,0.6442195192567223,0.0,1.0,-0.4335276361659563,-0.901140271367537,0.8461538461538461,6.0,0.9385908116339667,325.8236306995698,0.0,0.0
evt_pay_004774_0,cust_051,pay_004774,2026-05-02T13:55:00.244521+00:00,565587,PAYMENT_LINK,0.8333333333333334,0,0.5135135135135135,3.007164230121608,-0.20414626479255676,0.0,1.0,-0.48100435885085424,-0.8767182025978921,0.8571428571428572,4.0,-1.013594580420746,310.37477400669354,0.0,0.0
evt_pay_006324_0,cust_024,pay_006324,2026-05-02T14:03:01.116005+00:00,111192,WHATSAPP_NUDGE,0.8333333333333334,0,0.28444444444444444,2.0351126711452516,0.4624339028075136,0.0,1.0,-0.5113628322384357,-0.859364913063761,0.7142857142857143,3.0,-1.1653357768016162,317.24328897754555,0.0,0.0
evt_pay_003133_2,cust_032,pay_003133,2026-05-02T14:10:11.973836+00:00,258400,DO_NOTHING,0.03333333333333333,0,0.34523809523809523,0.02050104296800252,-0.5833135784548469,2.0,1.0,-0.5380337976938631,-0.8429232661038129,0.8333333333333334,7.0,0.2905055503479753,327.05377234118754,0.0,1.0
evt_pay_007927_1,cust_009,pay_007927,2026-05-02T14:23:17.684266+00:00,124182,RETRY_LATER,0.03333333333333333,0,0.3607305936073059,0.08333333333333333,0.12580376293404077,1.0,1.0,-0.5852928956725565,-0.8108219448653533,0.9285714285714286,3.0,-0.8984355580750027,304.21638149819313,0.0,0.0
evt_pay_001234_1,cust_040,pay_001234,2026-05-02T14:32:26.985932+00:00,198125,WHATSAPP_NUDGE,0.8333333333333334,0,0.521505376344086,0.08333333333333333,-0.2537369802733083,1.0,1.0,-0.6172067380848006,-0.7868010183411815,0.8823529411764706,1.0,-0.492492512121923,320.73511200477566,0.0,0.0
evt_pay_004157_1,cust_003,pay_004157,2026-05-02T15:28:32.494957+00:00,224004,WHATSAPP_NUDGE,0.8333333333333334,0,0.5288461538461539,0.08333333333333333,0.04877082159096563,1.0,1.0,-0.7894634216582277,-0.6137976098549778,0.8823529411764706,4.0,2.053947620637407,307.67548249899977,0.0,0.0
evt_pay_006238_1,cust_032,pay_006238,2026-05-02T15:40:40.683723+00:00,392142,WHATSAPP_NUDGE,0.8333333333333334,0,0.3438735177865613,0.06283229036533082,0.5935653610913735,1.0,1.0,-0.8208454421064391,-0.5711503831506065,0.8888888888888888,7.0,0.2905055503479753,327.1166046315529,0.0,0.0
evt_pay_004774_1,cust_051,pay_004774,2026-05-02T15:55:00.244521+00:00,579020,PAYMENT_LINK,0.8333333333333334,0,0.5112107623318386,0.08333333333333333,-0.14113387818752277,1.0,1.0,-0.8549210953948323,-0.5187580559845795,0.9285714285714286,5.0,-1.013594580420746,310.45810734002686,0.0,1.0
evt_pay_006324_1,cust_024,pay_006324,2026-05-02T16:03:01.116005+00:00,109523,ESCALATE_HUMAN,0.03333333333333333,0,0.2831858407079646,0.08333333333333333,0.41262762616288196,1.0,1.0,-0.8725356598015258,-0.4885504297150049,0.75,4.0,-1.1653357768016162,317.3266223108789,0.0,1.0
evt_pay_006179_2,cust_036,pay_006179,2026-05-02T16:08:55.632593+00:00,361647,ESCALATE_HUMAN,0.8333333333333334,0,0.5043859649122807,0.9166666666666666,0.19050482756317305,2.0,1.0,-0.884839710506712,-0.46589557489892314,0.9333333333333333,2.0,-0.5882553306323993,313.11424879979995,0.0,0.0
evt_pay_006263_0,cust_023,pay_006263,2026-05-02T16:18:15.660886+00:00,76337,RETRY_LATER,0.8333333333333334,0,0.46261682242990654,0.1079822546191167,-0.264250524099716,0.0,1.0,-0.9030750044312441,-0.4294828708708979,0.8461538461538461,7.0,0.9385908116339667,325.9316129541889,0.0,1.0
evt_pay_007110_0,cust_039,pay_007110,2026-05-02T16:52:38.540991+00:00,226112,WHATSAPP_NUDGE,0.8333333333333334,0,0.5258215962441315,3.6618547391528673,-0.29127681603407635,0.0,1.0,-0.9571204522856636,-0.2896902480520992,0.9333333333333333,4.0,-0.6642333856639545,303.1049832399133,0.0,0.0
evt_pay_004884_0,cust_024,pay_004884,2026-05-02T16:57:22.732932+00:00,92877,WHATSAPP_NUDGE,0.8333333333333334,0,0.28193832599118945,0.037750195921243325,-0.08434113682250433,0.0,1.0,-0.9629026624592683,-0.2698489626232655,0.7777777777777778,4.0,-1.1653357768016162,317.3643725068001,0.0,0.0
evt_pay_008184_0,cust_056,pay_008184,2026-05-02T17:13:24.651447+00:00,131085,WHATSAPP_NUDGE,0.8333333333333334,0,0.3143939393939394,1.7191333165978335,-0.5066797129891861,0.0,1.0,-0.9794089684053419,-0.2018862863276849,0.5555555555555556,4.0,-0.26273729270347856,313.6730930973185,0.0,0.0
evt_pay_001586_2,cust_021,pay_001586,2026-05-02T17:36:44.095365+00:00,239942,ESCALATE_HUMAN,0.8333333333333334,0,0.375886524822695,0.1718740816387291,0.3307348326850669,2.0,1.0,-0.994851973473709,-0.10133879254987511,0.8571428571428572,8.0,-0.0711177391970671,318.1826900620562,0.0,0.0
evt_pay_006951_0,cust_009,pay_006951,2026-05-02T18:17:49.784586+00:00,161408,WHATSAPP_NUDGE,0.8333333333333334,0,0.35909090909090907,0.16287153147315317,1.020002607756867,0.0,1.0,-0.9969753447949713,0.07771847831081206,0.9333333333333333,3.0,-0.8984355580750027,304.37925302966624,0.0,0.0
evt_pay_004884_1,cust_024,pay_004884,2026-05-02T18:57:22.732932+00:00,96309,WHATSAPP_NUDGE,0.8333333333333334,0,0.2807017543859649,0.08333333333333333,0.01811655827294441,1.0,1.0,-0.9688226483730317,0.24775527441300807,0.8888888888888888,5.0,-1.1653357768016162,317.44770584013344,0.0,0.0
evt_pay_008184_1,cust_056,pay_008184,2026-05-02T19:13:24.651447+00:00,219585,WHATSAPP_NUDGE,0.8333333333333334,0,0.3132075471698113,0.08333333333333333,1.0802074662332253,1.0,1.0,-0.9491361904971793,0.3148658315671963,0.5555555555555556,5.0,-0.26273729270347856,313.7564264306518,1.0,0.0
evt_pay_001752_0,cust_010,pay_001752,2026-05-02T19:14:05.749952+00:00,81164,RETRY_LATER,0.8333333333333334,0,0.42231075697211157,1.760154834639214,0.07667471676366913,0.0,1.0,-0.9481908919075918,0.3177011685585773,0.6,1.0,-0.045395759303349575,331.747055101294,0.0,1.0
evt_pay_003370_0,cust_011,pay_003370,2026-05-02T19:17:20.702863+00:00,61901,RETRY_NOW,0.03333333333333333,0,0.49537037037037035,1.7377998498384766,0.12651228995834746,0.0,1.0,-0.9435915833090843,0.3311116487051693,0.875,1.0,-0.306212897974724,306.52308034641914,0.0,0.0
evt_pay_000680_0,cust_026,pay_000680,2026-05-02T19:53:46.113206+00:00,282495,RETRY_NOW,0.8333333333333334,0,0.49122807017543857,4.117380758284639,0.6895569150673276,0.0,1.0,-0.8792985357003716,0.4762710206543982,0.8888888888888888,0.0,1.9048100532514713,319.3822430028277,1.0,0.0
evt_pay_004609_0,cust_058,pay_004609,2026-05-02T19:57:05.827534+00:00,227982,RETRY_NOW,0.8333333333333334,0,0.504424778761062,0.5776332686246141,-0.17137967991997125,0.0,1.0,-0.8722888558161521,0.4889909529009183,0.6363636363636364,9.0,4.286983765334936,320.7954300438718,1.0,0.0
evt_pay_006951_1,cust_009,pay_006951,2026-05-02T20:17:49.784586+00:00,134197,WHATSAPP_NUDGE,0.8333333333333334,0,0.3574660633484163,0.08333333333333333,0.36635896250651095,1.0,1.0,-0.8245467363837887,0.565793848958119,0.9333333333333333,4.0,-0.8984355580750027,304.4625863629996,1.0,0.0
evt_pay_004291_0,cust_048,pay_004291,2026-05-02T20:28:25.187229+00:00,198142,WHATSAPP_NUDGE,0.8333333333333334,0,0.3230769230769231,0.496644915007721,0.09943692622315567,0.0,1.0,-0.7975318462520602,0.6032768470725363,0.8666666666666667,3.0,-0.4506859321563252,312.8586963051954,0.0,0.0
evt_pay_000859_0,cust_014,pay_000859,2026-05-02T20:29:40.349998+00:00,58573,WHATSAPP_NUDGE,0.8333333333333334,0,0.34177215189873417,1.8896811056698652,-0.3530967799566061,0.0,1.0,-0.7942224430272932,0.6076271150893103,0.6363636363636364,7.0,-0.8122776257059364,326.61096198128115,0.0,0.0
evt_pay_003923_0,cust_017,pay_003923,2026-05-02T20:30:07.191480+00:00,436447,RETRY_NOW,0.8333333333333334,0,0.3391304347826087,1.9632797616757784,-0.4206292890948359,0.0,1.0,-0.7930348622754558,0.6091762529972331,0.875,7.0,0.5027156808516637,325.41585845450004,1.0,0.0
evt_pay_004273_0,cust_056,pay_004273,2026-05-02T20:35:20.040836+00:00,130492,RETRY_LATER,0.8333333333333334,0,0.31203007518796994,0.05689108089139457,-0.5173126324965612,0.0,1.0,-0.7789714276010168,0.6270594190196284,0.6666666666666667,6.0,-0.26273729270347856,313.8133175115432,0.0,1.0
evt_pay_007564_0,cust_011,pay_007564,2026-05-02T20:43:37.755278+00:00,63049,RETRY_NOW,0.8333333333333334,0,0.4930875576036866,0.05991958813657069,0.18184801344840787,0.0,1.0,-0.755769887044196,0.6548372911168111,0.9,1.0,-0.306212897974724,306.58299993455574,1.0,0.0
evt_pay_001752_1,cust_010,pay_001752,2026-05-02T21:14:05.749952+00:00,77328,WHATSAPP_NUDGE,0.8333333333333334,0,0.42063492063492064,0.08333333333333333,-0.06200474717893244,1.0,1.0,-0.6623068157497104,0.749232728737526,0.6923076923076923,1.0,-0.045395759303349575,331.8303884346273,0.0,0.0
evt_pay_003174_0,cust_025,pay_003174,2026-05-02T21:15:54.941360+00:00,235869,RETRY_NOW,0.8333333333333334,1,0.5675675675675675,3.7182424940254086,0.2602921223224445,0.0,1.0,-0.656336623143353,0.7544681816490211,0.7142857142857143,2.0,0.10753773716001852,308.5698647334165,1.0,0.0
evt_pay_003370_1,cust_011,pay_003370,2026-05-02T21:17:20.702863+00:00,63871,DO_NOTHING,0.03333333333333333,0,0.4908256880733945,0.023413745196762648,0.22147963791303366,1.0,1.0,-0.6516184575902626,0.7585468909221678,0.9090909090909091,1.0,-0.306212897974724,306.60641367975245,0.0,0.0
evt_pay_000595_0,cust_057,pay_000595,2026-05-02T21:24:41.876744+00:00,56294,WHATSAPP_NUDGE,0.8333333333333334,0,0.4117647058823529,0.5046286900787132,-0.8925742249382613,0.0,1.0,-0.6269507851317795,0.779058863644234,0.9,8.0,-0.5990323654313375,323.1569148574811,0.0,0.0
evt_pay_005241_0,cust_022,pay_005241,2026-05-02T21:29:32.511863+00:00,143982,WHATSAPP_NUDGE,0.8333333333333334,0,0.4642857142857143,1.1235073128906,0.8058283077858309,0.0,1.0,-0.6103461200200231,0.79213484570274,0.9375,1.0,-0.6143468879245073,310.9018860898379,0.0,0.0
evt_pay_000680_1,cust_026,pay_000680,2026-05-02T21:53:46.113206+00:00,239185,WHATSAPP_NUDGE,0.8333333333333334,0,0.4883720930232558,0.08333333333333333,0.14580436008229775,1.0,1.0,-0.5233593590997807,0.8521120708232379,0.9166666666666666,0.0,1.9048100532514713,319.46557633616106,1.0,0.0
evt_pay_004291_1,cust_048,pay_004291,2026-05-02T22:28:25.187229+00:00,162330,WHATSAPP_NUDGE,0.8333333333333334,0,0.3218390804597701,0.08333333333333333,-0.434934404742021,1.0,1.0,-0.38904441564512005,0.9212189982058268,0.9375,4.0,-0.4506859321563252,312.9420296385287,0.0,1.0
evt_pay_000859_1,cust_014,pay_000859,2026-05-02T22:29:40.349998+00:00,61329,WHATSAPP_NUDGE,0.8333333333333334,0,0.3403361344537815,0.08333333333333333,-0.235297871961332,1.0,1.0,-0.3840032543727195,0.9233317392092403,0.6666666666666667,8.0,-0.8122776257059364,326.69429531461446,1.0,0.0
evt_pay_004273_1,cust_056,pay_004273,2026-05-02T22:35:20.040836+00:00,142730,ESCALATE_HUMAN,0.03333333333333333,0,0.31086142322097376,0.08333333333333333,-0.2978767257335468,1.0,1.0,-0.3610793356148976,0.9325351003538174,0.6875,6.0,-0.26273729270347856,313.89665084487655,0.0,0.0
evt_pay_007564_1,cust_011,pay_007564,2026-05-02T22:43:37.755278+00:00,54683,WHATSAPP_NUDGE,0.8333333333333334,0,0.4885844748858447,0.05991958813657069,-0.22141499005865614,1.0,1.0,-0.32709727603716365,0.9449906729746425,0.9230769230769231,1.0,-0.306212897974724,306.66633326788906,0.0,0.0
evt_pay_003072_0,cust_001,pay_003072,2026-05-02T23:18:02.468764+00:00,536612,PAYMENT_LINK,0.8333333333333334,0,0.34814814814814815,1.8263115165057304,0.05017371273420983,0.0,1.0,-0.18205899524531846,0.983287609120681,0.9090909090909091,9.0,0.16534712408787333,314.5239640204353,0.0,0.0
evt_pay_000070_0,cust_022,pay_000070,2026-05-02T23:24:52.983820+00:00,95785,RETRY_NOW,0.8333333333333334,0,0.4622222222222222,0.08009805505834795,-0.42033172323791074,0.0,1.0,-0.1526276590656014,0.9882837637481223,0.9375,2.0,-0.6143468879245073,310.9819841448962,1.0,0.0
evt_pay_005241_1,cust_022,pay_005241,2026-05-02T23:29:32.511863+00:00,107841,WHATSAPP_NUDGE,0.8333333333333334,0,0.46017699115044247,0.003235278274985376,-0.11362670992437725,1.0,1.0,-0.1325078221872357,0.991181959611451,0.9411764705882353,2.0,-0.6143468879245073,310.9852194231712,1.0,0.0
evt_pay_008152_0,cust_048,pay_008152,2026-05-02T23:59:39.227617+00:00,140697,WHATSAPP_NUDGE,0.8333333333333334,0,0.32061068702290074,0.06335694893537418,-0.7577315357801147,0.0,1.0,-0.0015106097566776463,0.9999988590284306,0.9411764705882353,5.0,-0.4506859321563252,313.0053865874641,0.0,0.0
evt_pay_003072_1,cust_001,pay_003072,2026-05-03T01:18:02.468764+00:00,633512,PAYMENT_LINK,0.8333333333333334,0,0.34686346863468637,0.08333333333333333,0.5751740695471866,1.0,1.0,0.3339760896904246,0.9425815463476321,0.9166666666666666,10.0,0.16534712408787333,314.6072973537686,0.0,0.0
evt_pay_006857_0,cust_024,pay_006857,2026-05-03T01:24:02.778804+00:00,108075,WHATSAPP_NUDGE,0.8333333333333334,1,0.2794759825327511,0.26851904944091604,0.3693805701850915,0.0,1.0,0.35855660047620697,0.933507988318764,0.9230769230769231,6.0,-1.1653357768016162,317.71622488957433,0.0,0.0
evt_pay_000070_1,cust_022,pay_000070,2026-05-03T01:24:52.983820+00:00,146256,WHATSAPP_NUDGE,0.8333333333333334,0,0.4581497797356828,0.08009805505834795,0.8636710007259735,1.0,1.0,0.3619624518030996,0.9321926750863734,1.0,3.0,-0.6143468879245073,311.0653174782296,0.0,0.0
evt_pay_001162_0,cust_004,pay_001162,2026-05-03T01:33:31.899281+00:00,408668,RETRY_NOW,0.8333333333333334,0,0.36818181818181817,1.563464965607693,-0.08620721943112788,0.0,1.0,0.3968741869079776,0.9178730194128879,0.8571428571428572,11.0,-0.2585165281110097,328.22890645802664,1.0,0.0
evt_pay_006817_2,cust_031,pay_006817,2026-05-03T01:39:10.325605+00:00,49641,ESCALATE_HUMAN,0.8333333333333334,0,0.36283185840707965,0.7773728255965201,-0.21986910683269592,2.0,1.0,0.41934154344517854,0.9078285465554691,0.8666666666666667,7.0,-0.07508066613848166,325.40436322462676,0.0,0.0
evt_pay_000933_0,cust_044,pay_000933,2026-05-03T01:46:32.385153+00:00,212209,WHATSAPP_NUDGE,0.8333333333333334,0,0.451063829787234,4.0789340316195535,-0.18566701750384842,0.0,1.0,0.4483042468675,0.8938810336060183,0.9285714285714286,2.0,-0.8459251821363672,322.9179105566709,0.0,0.0
evt_pay_004552_0,cust_046,pay_004552,2026-05-03T01:49:49.821518+00:00,85391,WHATSAPP_NUDGE,0.8333333333333334,0,0.48633879781420764,2.7711215731923744,-0.564694334261003,0.0,1.0,0.46109192131914656,0.8873523765079,0.7058823529411764,0.0,-0.9687765812058661,326.09663991099757,0.0,0.0
evt_pay_008152_1,cust_048,pay_008152,2026-05-03T01:59:39.227617+00:00,168497,WHATSAPP_NUDGE,0.8333333333333334,0,0.3193916349809886,0.08333333333333333,-0.3429144905262865,1.0,1.0,0.4986912030897286,0.8667797205524129,0.9444444444444444,6.0,-0.4506859321563252,313.0887199207975,1.0,0.0
evt_pay_005252_0,cust_053,pay_005252,2026-05-03T02:18:54.940814+00:00,511376,PAYMENT_LINK,0.8333333333333334,0,0.4190871369294606,2.0375978673679924,1.707971124288846,0.0,1.0,0.5696944283132476,0.821856592325475,0.8666666666666667,6.0,-0.06914381847567465,303.08082779759405,0.0,0.0
evt_pay_007718_0,cust_018,pay_007718,2026-05-03T02:35:23.960333+00:00,127866,WHATSAPP_NUDGE,0.8333333333333334,0,0.3247863247863248,1.3551242697349153,-0.33636689190045616,0.0,1.0,0.6272814268148388,0.7787926627627793,0.9473684210526316,7.0,-0.4554811204429685,307.7301349982444,0.0,0.0
evt_pay_004524_0,cust_054,pay_004524,2026-05-03T03:28:44.029651+00:00,119007,WHATSAPP_NUDGE,0.8333333333333334,0,0.4426877470355731,6.533240729406127,0.5818911496690484,0.0,1.0,0.7899780135928219,0.6131351711000922,0.875,0.0,-0.6956354929968003,318.60153539291167,0.0,0.0
evt_pay_001162_1,cust_004,pay_001162,2026-05-03T03:33:31.899281+00:00,492496,WHATSAPP_NUDGE,0.8333333333333334,0,0.3665158371040724,0.08333333333333333,0.4821812265351155,1.0,1.0,0.8026396376750461,0.5964642588058993,0.8823529411764706,11.0,-0.2585165281110097,328.31223979135996,0.0,1.0
evt_pay_004552_1,cust_046,pay_004552,2026-05-03T03:49:49.821518+00:00,146662,WHATSAPP_NUDGE,0.8333333333333334,0,0.483695652173913,0.08333333333333333,1.080239699716174,1.0,1.0,0.8429935055961065,0.537923739504762,0.8125,1.0,-0.9687765812058661,326.17997324433094,0.0,1.0
evt_pay_002810_0,cust_045,pay_002810,2026-05-03T04:00:06.909930+00:00,81809,WHATSAPP_NUDGE,0.8333333333333334,0,0.34051724137931033,3.0034991372022355,-0.17976137859321503,0.0,1.0,0.8662765465882865,0.49956475539320466,0.8235294117647058,3.0,1.000889969158722,306.0032580223896,0.0,0.0
evt_pay_001982_0,cust_054,pay_001982,2026-05-03T04:03:16.033569+00:00,107120,RETRY_NOW,0.8333333333333334,1,0.4409448818897638,0.02398152683220663,0.238389296991145,0.0,1.0,0.8730651433014349,0.4876035844331386,0.8823529411764706,1.0,-0.6956354929968003,318.62551691974386,1.0,0.0
evt_pay_001959_0,cust_003,pay_001959,2026-05-03T04:17:43.943587+00:00,182603,RETRY_LATER,0.8333333333333334,1,0.5263157894736842,0.5341602850644259,-0.48831435230930714,0.0,1.0,0.9020819805975543,0.43156471158007537,0.9473684210526316,5.0,2.053947620637407,308.2096427840642,0.0,1.0
evt_pay_005252_1,cust_053,pay_005252,2026-05-03T04:18:54.940814+00:00,313779,WHATSAPP_NUDGE,0.8333333333333334,1,0.41735537190082644,0.08333333333333333,-0.05600601641123511,1.0,1.0,0.9042981434764626,0.4269014730649485,0.8333333333333334,7.0,-0.06914381847567465,303.16416113092737,0.0,1.0
evt_pay_006960_0,cust_016,pay_006960,2026-05-03T04:22:41.971613+00:00,109024,RETRY_LATER,0.8333333333333334,1,0.3891213389121339,4.152246084993426,-0.1808830725057085,0.0,1.0,0.911222782540448,0.4119138751963126,1.0,5.0,-0.5381138706705891,324.9620754732936,0.0,1.0
evt_pay_007718_1,cust_018,pay_007718,2026-05-03T04:35:23.960333+00:00,184086,WHATSAPP_NUDGE,0.8333333333333334,0,0.32340425531914896,0.08333333333333333,0.7719696559379087,1.0,1.0,0.9326379823251892,0.36081351682607465,0.9,7.0,-0.4554811204429685,307.8134683315777,1.0,0.0
evt_pay_002556_2,cust_031,pay_002556,2026-05-03T04:59:45.313474+00:00,54356,ESCALATE_HUMAN,0.8333333333333334,0,0.36123348017621143,0.1392938410701466,0.030608787406878106,2.0,1.0,0.9656488478061804,0.25985053921551937,0.7894736842105263,7.0,-0.07508066613848166,325.5436570656969,0.0,0.0
evt_pay_004807_2,cust_047,pay_004807,2026-05-03T05:11:37.495533+00:00,101532,ESCALATE_HUMAN,0.8333333333333334,0,0.5221674876847291,0.9166666666666666,-0.24501473710689647,2.0,1.0,0.9778060287252783,0.209512219663914,0.8823529411764706,5.0,1.898235005697721,305.2326408360465,1.0,0.0
evt_pay_004524_1,cust_054,pay_004524,2026-05-03T05:28:44.029651+00:00,92328,WHATSAPP_NUDGE,0.8333333333333334,0,0.44313725490196076,0.08333333333333333,-0.18908132556360627,1.0,1.0,0.9907086137525984,0.13600162732998716,0.7894736842105263,1.0,-0.6956354929968003,318.684868726245,0.0,0.0
evt_pay_002810_1,cust_045,pay_002810,2026-05-03T06:00:06.909930+00:00,86021,WHATSAPP_NUDGE,0.8333333333333334,0,0.33905579399141633,0.08333333333333333,-0.04191498435585917,1.0,1.0,0.9999998737447122,-0.0005025042882686702,0.8823529411764706,4.0,1.000889969158722,306.08659135572293,0.0,1.0
evt_pay_002192_0,cust_035,pay_002192,2026-05-03T06:07:24.606381+00:00,55595,WHATSAPP_NUDGE,0.8333333333333334,1,0.3724696356275304,0.8202954974586305,0.7659787877153706,0.0,1.0,0.999477344163287,-0.03232705529896393,1.0,4.0,0.5026080740568922,306.19087982517067,0.0,0.0
evt_pay_002111_2,cust_019,pay_002111,2026-05-03T07:31:24.992943+00:00,105713,ESCALATE_HUMAN,0.8333333333333334,0,0.5,0.9166666666666666,-0.3333379601838003,2.0,1.0,0.9214965869167226,-0.38838645741172667,0.9444444444444444,3.0,-0.5137657855739247,308.72273645946274,0.0,0.0
evt_pay_003045_2,cust_028,pay_003045,2026-05-03T08:26:25.853871+00:00,147223,ESCALATE_HUMAN,0.8333333333333334,0,0.4177777777777778,0.9166666666666666,-1.0181308219444645,2.0,1.0,0.8027370864822007,-0.5963331032116763,0.8947368421052632,4.0,0.3910481863531735,303.6789646780615,0.0,0.0
evt_pay_007640_0,cust_040,pay_007640,2026-05-03T08:30:50.843758+00:00,226923,RETRY_NOW,0.8333333333333334,1,0.5187165775401069,0.7488872433554358,0.12467744140135686,0.0,1.0,0.7910970498807725,-0.611690655208937,0.8947368421052632,2.0,-0.492492512121923,321.4839992481311,1.0,0.0
evt_pay_001345_0,cust_005,pay_001345,2026-05-03T09:28:50.749124+00:00,115841,RETRY_LATER,0.8333333333333334,0,0.3508771929824561,1.153153678326684,-0.3286369825057078,0.0,1.0,0.6127490720669115,-0.7902775301633843,0.8888888888888888,11.0,-0.6412832630166057,323.0721497754566,0.0,1.0
evt_pay_005070_0,cust_023,pay_005070,2026-05-03T09:29:38.646742+00:00,77422,WHATSAPP_NUDGE,0.8333333333333334,0,0.4604651162790698,0.7162382622233849,-0.2273949854336506,0.0,1.0,0.6099926554434965,-0.7924070672987412,0.8333333333333334,7.0,0.9385908116339667,326.64785121641233,0.0,0.0
evt_pay_006269_2,cust_009,pay_006269,2026-05-03T09:37:39.138538+00:00,97177,ESCALATE_HUMAN,0.8333333333333334,0,0.35585585585585583,0.5554323374150082,-0.5228756999509518,2.0,1.0,0.5819373721165937,-0.8132336041593664,0.9411764705882353,5.0,-0.8984355580750027,305.01801870041464,0.0,0.0
evt_pay_005425_0,cust_011,pay_005425,2026-05-03T09:39:03.814361+00:00,65035,WHATSAPP_NUDGE,0.8333333333333334,0,0.4863636363636364,0.4551627208656252,0.27756327664023484,0.0,1.0,0.5769186411614594,-0.8168016169673119,0.9,2.0,-0.306212897974724,307.1214959887547,0.0,0.0
evt_pay_003944_0,cust_021,pay_003944,2026-05-03T09:46:41.679109+00:00,208034,WHATSAPP_NUDGE,0.8333333333333334,0,0.3745583038869258,0.6735831451889188,-0.09319417338373968,0.0,1.0,0.5494069540092591,-0.8355549047706368,0.8571428571428572,7.0,-0.0711177391970671,318.8562732072451,0.0,0.0
evt_pay_007162_0,cust_030,pay_007162,2026-05-03T10:08:51.262422+00:00,179965,RETRY_LATER,0.03333333333333333,1,0.39919354838709675,0.9178307634459392,0.11602214731627414,0.0,1.0,0.46617676035896394,-0.8846916005598906,0.9090909090909091,9.0,1.7722569671050512,303.3670101105794,0.0,0.0
evt_pay_005689_0,cust_040,pay_005689,2026-05-03T10:31:31.266267+00:00,194803,RETRY_LATER,0.8333333333333334,1,0.5212765957446809,0.8326884298125492,-0.2973901344553564,0.0,1.0,0.3765431953059913,-0.9263990619969097,0.8888888888888888,2.0,-0.492492512121923,321.56780043458826,0.0,1.0
evt_pay_001549_0,cust_038,pay_001549,2026-05-03T10:36:06.365391+00:00,47813,RETRY_LATER,0.8333333333333334,0,0.6476683937823834,2.1157041097908973,0.2074177046310428,0.0,1.0,0.35793575280308254,-0.9337462165199335,0.9333333333333333,4.0,2.4957647172129915,330.3986474942754,0.0,1.0
evt_pay_006256_0,cust_053,pay_006256,2026-05-03T11:05:57.686948+00:00,260485,RETRY_NOW,0.8333333333333334,0,0.41975308641975306,0.3660040061817919,-0.5317659047343835,0.0,1.0,0.2336089227589333,-0.9723306388299253,0.7777777777777778,8.0,-0.06914381847567465,303.4468318037758,1.0,0.0
evt_pay_005070_1,cust_023,pay_005070,2026-05-03T11:29:38.646742+00:00,94373,WHATSAPP_NUDGE,0.8333333333333334,0,0.4583333333333333,0.08333333333333333,0.34838150602404877,1.0,1.0,0.1320656020866259,-0.9912409781407834,0.8571428571428572,8.0,0.9385908116339667,326.73118454974565,0.0,0.0
evt_pay_001685_0,cust_009,pay_001685,2026-05-03T11:49:31.179710+00:00,122398,RETRY_LATER,0.8333333333333334,0,0.3542600896860987,0.09157455060168711,0.08295053189429416,0.0,1.0,0.045713165845917225,-0.9989546068107117,0.9333333333333333,5.0,-0.8984355580750027,305.1095932510163,0.0,1.0
evt_pay_005253_0,cust_009,pay_005253,2026-05-03T12:19:26.920076+00:00,144953,RETRY_NOW,0.8333333333333334,1,0.35267857142857145,0.020784032009260045,0.6247480607181418,0.0,1.0,-0.08475900708013055,-0.9964014806887785,0.9375,5.0,-0.8984355580750027,305.13037728302555,1.0,0.0
evt_pay_007927_2,cust_009,pay_007927,2026-05-03T12:23:17.684266+00:00,125385,ESCALATE_HUMAN,0.8333333333333334,0,0.35555555555555557,0.02345491384348482,0.1547024296457419,2.0,1.0,-0.10146754387431257,-0.9948388500355796,0.8823529411764706,5.0,-0.8984355580750027,305.13304816485976,0.0,0.0
evt_pay_001234_2,cust_040,pay_001234,2026-05-03T12:32:26.985932+00:00,232334,ESCALATE_HUMAN,0.8333333333333334,0,0.5238095238095238,0.9166666666666666,0.19577964412047438,2.0,1.0,-0.14111620539777514,-0.9899930386493295,0.8421052631578947,2.0,-0.492492512121923,321.65177867144234,0.0,0.0
evt_pay_007499_0,cust_035,pay_007499,2026-05-03T12:34:10.239551+00:00,43136,RETRY_LATER,0.8333333333333334,1,0.375,1.0888792146958128,-0.045952613510835114,0.0,1.0,-0.14854583197149065,-0.98890552420537,0.8823529411764706,5.0,0.5026080740568922,306.45946354240783,0.0,1.0
evt_pay_004346_0,cust_004,pay_004346,2026-05-03T12:48:09.074422+00:00,379976,RETRY_LATER,0.8333333333333334,0,0.36486486486486486,0.38515249005458446,-0.2807543081091999,0.0,1.0,-0.20855713545542615,-0.9780101846354295,0.8333333333333334,12.0,-0.2585165281110097,328.6973922814145,0.0,1.0
evt_pay_006256_1,cust_053,pay_006256,2026-05-03T13:05:57.686948+00:00,254020,WHATSAPP_NUDGE,0.8333333333333334,0,0.4180327868852459,0.08333333333333333,-0.5894799920653919,1.0,1.0,-0.28385405775501,-0.9588674954841339,0.8421052631578947,8.0,-0.06914381847567465,303.5301651371091,0.0,0.0
evt_pay_004157_2,cust_003,pay_004157,2026-05-03T13:28:32.494957+00:00,238460,ESCALATE_HUMAN,0.8333333333333334,0,0.5285714285714286,0.9166666666666666,0.23629463477982363,2.0,1.0,-0.37679657358712243,-0.9262960337456942,0.8421052631578947,3.0,2.053947620637407,308.5921491656664,1.0,0.0
evt_pay_006238_2,cust_032,pay_006238,2026-05-03T13:40:40.683723+00:00,307113,ESCALATE_HUMAN,0.8333333333333334,0,0.3425196850393701,0.9166666666666666,-0.15466006717883207,2.0,1.0,-0.4252978138695414,-0.9050534622428605,0.8421052631578947,6.0,0.2905055503479753,328.0332712982195,1.0,0.0
evt_pay_008558_0,cust_055,pay_008558,2026-05-03T13:45:56.116675+00:00,328841,WHATSAPP_NUDGE,0.8333333333333334,0,0.35315985130111527,1.9987022149248521,0.15080404130471234,0.0,1.0,-0.44594506283337365,-0.8950603336840139,0.8421052631578947,2.0,-1.0480965437343166,329.52257990686604,0.0,0.0
evt_pay_004774_2,cust_051,pay_004774,2026-05-03T13:55:00.244521+00:00,501156,PAYMENT_LINK,0.8333333333333334,0,0.5089285714285714,0.9166666666666666,-0.5063725482671233,2.0,1.0,-0.48100435885085424,-0.8767182025978921,0.8333333333333334,6.0,-1.013594580420746,311.37477400669354,0.0,0.0
evt_pay_002701_0,cust_000,pay_002701,2026-05-03T14:28:26.856744+00:00,158095,WHATSAPP_NUDGE,0.8333333333333334,1,0.424390243902439,3.5663147617176114,0.6910503960649923,0.0,1.0,-0.6033736714092002,-0.7974585961980613,1.0,4.0,0.8132490481077264,322.2582971605733,0.0,0.0
evt_pay_004346_1,cust_004,pay_004346,2026-05-03T14:48:09.074422+00:00,365545,WHATSAPP_NUDGE,0.8333333333333334,0,0.3632286995515695,0.08333333333333333,-0.3785975906833131,1.0,1.0,-0.6696208697626259,-0.7427030973264783,0.8421052631578947,12.0,-0.2585165281110097,328.78072561474784,0.0,1.0
evt_pay_007250_0,cust_046,pay_007250,2026-05-03T15:16:43.299732+00:00,113611,RETRY_NOW,0.8333333333333334,1,0.4810810810810811,0.4770078496963303,0.1929323609008633,0.0,1.0,-0.7567716636967137,-0.6536793166574173,0.9375,2.0,-0.9687765812058661,326.6569810940273,1.0,0.0
evt_pay_002478_0,cust_054,pay_002478,2026-05-03T15:23:43.325034+00:00,77530,PAYMENT_LINK,0.03333333333333333,1,0.44140625,0.41318628915846983,-0.6167109435889647,0.0,1.0,-0.7763822525883763,-0.6302623246441108,0.85,2.0,-0.6956354929968003,319.0980550154034,1.0,0.0
evt_pay_003676_0,cust_021,pay_003676,2026-05-03T15:27:45.405141+00:00,188211,RETRY_NOW,0.8333333333333334,0,0.3732394366197183,0.2368486809285931,-0.3565662730028447,0.0,1.0,-0.787356866449402,-0.6164974978497305,0.8333333333333334,8.0,-0.0711177391970671,319.0931218881737,1.0,0.0
evt_pay_008558_1,cust_055,pay_008558,2026-05-03T15:45:56.116675+00:00,345813,WHATSAPP_NUDGE,0.8333333333333334,0,0.35185185185185186,0.08333333333333333,0.30604879522903317,1.0,1.0,-0.8337299199479561,-0.552172455473446,0.8125,3.0,-1.0480965437343166,329.60591324019936,1.0,0.0
evt_pay_008022_0,cust_058,pay_008022,2026-05-03T15:56:42.340472+00:00,215860,RETRY_NOW,0.8333333333333334,0,0.5022026431718062,0.8330614923341196,-0.31418461512862556,0.0,1.0,-0.8587490814213407,-0.512396345769565,0.8823529411764706,8.0,4.286983765334936,321.6284915362059,1.0,0.0
evt_pay_001049_0,cust_036,pay_001049,2026-05-03T16:16:03.604502+00:00,444570,RETRY_NOW,0.8333333333333334,0,0.5021834061135371,1.0049533785694582,0.889302368618048,0.0,1.0,-0.8989089242328716,-0.43813553375011877,0.8,2.0,-0.5882553306323993,314.1192021783694,1.0,0.0
evt_pay_001031_0,cust_041,pay_001031,2026-05-03T16:33:25.270396+00:00,340305,WHATSAPP_NUDGE,0.8333333333333334,0,0.4672489082969432,2.5859806833307553,0.8378190636455328,0.0,1.0,-0.9294889630717575,-0.36884992548160966,0.8235294117647058,4.0,0.3693318557794774,331.97970888158466,0.0,0.0
evt_pay_004777_0,cust_025,pay_004777,2026-05-03T16:57:00.656647+00:00,362001,WHATSAPP_NUDGE,0.8333333333333334,0,0.5695067264573991,4.5384475320739925,1.9273541994711774,0.0,1.0,-0.9624681973813854,-0.27139448968139784,0.8888888888888888,1.0,0.10753773716001852,309.3900697714651,0.0,0.0
evt_pay_004884_2,cust_024,pay_004884,2026-05-03T16:57:22.732932+00:00,103759,ESCALATE_HUMAN,0.8333333333333334,0,0.2826086956521739,0.9166666666666666,0.24053388117042784,2.0,1.0,-0.9629026624592683,-0.2698489626232655,0.8,7.0,-1.1653357768016162,318.3643725068001,0.0,1.0
evt_pay_008184_2,cust_056,pay_008184,2026-05-03T17:13:24.651447+00:00,194980,ESCALATE_HUMAN,0.8333333333333334,0,0.30970149253731344,0.7764422524419388,0.639012107919474,2.0,1.0,-0.9794089684053419,-0.2018862863276849,0.8947368421052632,6.0,-0.26273729270347856,314.6730930973185,0.0,1.0
evt_pay_004036_0,cust_000,pay_004036,2026-05-03T17:32:45.583609+00:00,143614,WHATSAPP_NUDGE,0.8333333333333334,0,0.42718446601941745,3.694309285617578,0.36604177814050587,0.0,1.0,-0.9929446862464993,-0.1185784552726211,0.8333333333333334,5.0,0.8132490481077264,322.3862916844733,0.0,0.0
evt_pay_007389_0,cust_034,pay_007389,2026-05-03T17:42:46.462752+00:00,52223,WHATSAPP_NUDGE,0.8333333333333334,0,0.36607142857142855,1.8965938450509345,-0.09872831894134225,0.0,1.0,-0.9971767452860353,-0.07509020349386192,0.8947368421052632,5.0,-0.5369784473169031,316.8508928556351,0.0,0.0
evt_pay_008022_1,cust_058,pay_008022,2026-05-03T17:56:42.340472+00:00,220990,PAYMENT_LINK,0.03333333333333333,0,0.5,0.08333333333333333,-0.25374528713902683,1.0,1.0,-0.9998966928722148,-0.014373711532087769,0.9,8.0,4.286983765334936,321.71182486953927,1.0,0.0
evt_pay_002246_0,cust_044,pay_002246,2026-05-03T18:06:42.054300+00:00,207546,PAYMENT_LINK,0.03333333333333333,0,0.4491525423728814,0.6806674669786238,-0.24437164211227042,0.0,1.0,-0.999572593877395,0.02923404811544789,0.8,2.0,-0.8459251821363672,323.5985780236495,0.0,0.0
evt_pay_001049_1,cust_036,pay_001049,2026-05-03T18:16:03.604502+00:00,277784,WHATSAPP_NUDGE,0.8333333333333334,0,0.5,0.08333333333333333,-0.5162230303708054,1.0,1.0,-0.9975457309492674,0.07001795958817895,0.8,2.0,-0.5882553306323993,314.2025355117027,0.0,1.0
evt_pay_006951_2,cust_009,pay_006951,2026-05-03T18:17:49.784586+00:00,110325,ESCALATE_HUMAN,0.8333333333333334,0,0.35398230088495575,0.2462048648064865,-0.20704475388619933,2.0,1.0,-0.9969753447949713,0.07771847831081206,0.8125,5.0,-0.8984355580750027,305.37925302966624,0.0,0.0
evt_pay_001031_1,cust_041,pay_001031,2026-05-03T18:33:25.270396+00:00,237195,WHATSAPP_NUDGE,0.8333333333333334,1,0.4652173913043478,0.08333333333333333,-0.28172856620935544,1.0,1.0,-0.9893860172982027,0.14531107588480793,0.8333333333333334,5.0,0.3693318557794774,332.06304221491797,0.0,1.0
evt_pay_004036_1,cust_000,pay_004036,2026-05-03T19:32:45.583609+00:00,107125,WHATSAPP_NUDGE,0.8333333333333334,0,0.4251207729468599,0.08333333333333333,-0.452892621619948,1.0,1.0,-0.9192045504785478,0.39378038851564323,0.8333333333333334,6.0,0.8132490481077264,322.4696250178066,0.0,1.0
evt_pay_000680_2,cust_026,pay_000680,2026-05-03T19:53:46.113206+00:00,245652,ESCALATE_HUMAN,0.8333333333333334,1,0.48554913294797686,0.9166666666666666,0.22699612512927939,2.0,1.0,-0.8792985357003716,0.4762710206543982,0.8,1.0,1.9048100532514713,320.3822430028277,0.0,0.0
evt_pay_002246_1,cust_044,pay_002246,2026-05-03T20:06:42.054300+00:00,237023,WHATSAPP_NUDGE,0.8333333333333334,0,0.4472573839662447,0.08333333333333333,0.12671563573940234,1.0,1.0,-0.8510382351668061,0.5251037252621314,0.7,3.0,-0.8459251821363672,323.6819113569829,0.0,1.0
evt_pay_004291_2,cust_048,pay_004291,2026-05-03T20:28:25.187229+00:00,179064,ESCALATE_HUMAN,0.8333333333333334,0,0.3181818181818182,0.7699763843979591,-0.1852394874376633,2.0,1.0,-0.7975318462520602,0.6032768470725363,0.7894736842105263,6.0,-0.4506859321563252,313.8586963051954,1.0,0.0
evt_pay_007336_0,cust_000,pay_007336,2026-05-03T20:38:36.944263+00:00,135653,ESCALATE_HUMAN,0.03333333333333333,0,0.4230769230769231,0.04573334090381801,0.1873676886752833,0.0,1.0,-0.7699128730209716,0.6381490170458569,0.8571428571428572,7.0,0.8132490481077264,322.51535835871044,0.0,0.0
evt_pay_007564_2,cust_011,pay_007564,2026-05-03T20:43:37.755278+00:00,55867,ESCALATE_HUMAN,0.8333333333333334,0,0.4841628959276018,0.4615039458010415,-0.16432132569547378,2.0,1.0,-0.755769887044196,0.6548372911168111,0.7272727272727273,3.0,-0.306212897974724,307.58299993455574,0.0,1.0
evt_pay_006974_0,cust_039,pay_006974,2026-05-03T20:58:41.014696+00:00,255450,DO_NOTHING,0.03333333333333333,0,0.5233644859813084,1.1708619641781486,0.04165126597140647,0.0,1.0,-0.7111566965548748,0.7030335361454372,0.8,5.0,-0.6642333856639545,304.2758452040914,0.0,0.0
evt_pay_004716_0,cust_010,pay_004716,2026-05-03T21:15:17.974535+00:00,69274,RETRY_NOW,0.8333333333333334,0,0.4189723320158103,1.0008359326766367,-0.353119420716366,0.0,1.0,-0.6583624884002648,0.7527010255522516,0.8666666666666667,2.0,-0.045395759303349575,332.83122436730395,1.0,0.0
evt_pay_005241_2,cust_022,pay_005241,2026-05-03T21:29:32.511863+00:00,89777,RETRY_LATER,0.03333333333333333,1,0.45614035087719296,0.8365686116083187,-0.5731802787059994,2.0,1.0,-0.6103461200200231,0.79213484570274,0.8125,4.0,-0.6143468879245073,311.9018860898379,0.0,1.0
evt_pay_001250_0,cust_014,pay_001250,2026-05-03T21:48:23.796650+00:00,63340,PAYMENT_LINK,0.03333333333333333,0,0.3389121338912134,0.9713361881009632,-0.14930855560901254,0.0,1.0,-0.5431868661992151,0.839611831972773,0.9333333333333333,9.0,-0.8122776257059364,327.6656315027155,0.0,0.0
evt_pay_005713_0,cust_052,pay_005713,2026-05-03T21:49:07.471677+00:00,170506,WHATSAPP_NUDGE,0.8333333333333334,0,0.4723618090452261,1.5588166038986249,0.48500707138303323,0.0,1.0,-0.5405174082118259,0.8413328303471643,0.875,3.0,-1.0656726581061444,332.7839066770122,0.0,0.0
evt_pay_000203_0,cust_003,pay_000203,2026-05-03T21:56:18.130731+00:00,283505,RETRY_LATER,0.8333333333333334,0,0.5260663507109005,0.35261152515444866,0.820647803088787,0.0,1.0,-0.5139074490819142,0.8578456351687754,0.7777777777777778,3.0,2.053947620637407,308.9447606908209,0.0,1.0
evt_pay_007759_0,cust_043,pay_007759,2026-05-03T22:33:18.902684+00:00,138361,WHATSAPP_NUDGE,0.8333333333333334,0,0.2765957446808511,2.958125170001665,-0.1168538540769626,0.0,1.0,-0.3692803071848536,0.9293180589687581,0.7777777777777778,3.0,-0.05414349663535748,318.5820576259742,0.0,0.0
evt_pay_002473_0,cust_024,pay_002473,2026-05-03T22:42:01.006837+00:00,108793,RETRY_LATER,0.03333333333333333,0,0.2813852813852814,0.23933187388990973,0.39083172887066775,0.0,1.0,-0.33373783886562247,0.9426659296427891,0.7777777777777778,7.0,-1.1653357768016162,318.60370438069003,0.0,0.0
evt_pay_005927_0,cust_017,pay_005927,2026-05-03T23:15:42.342931+00:00,518068,ESCALATE_HUMAN,0.03333333333333333,0,0.33766233766233766,1.1149901788372745,0.0350318175420712,0.0,1.0,-0.19206930424398533,0.9813813643875817,0.7894736842105263,5.0,0.5027156808516637,326.5308486333373,0.0,0.0
evt_pay_003072_2,cust_001,pay_003072,2026-05-03T23:18:02.468764+00:00,776261,PAYMENT_LINK,0.8333333333333334,0,0.34558823529411764,0.9166666666666666,1.3485750046225446,2.0,1.0,-0.18205899524531846,0.983287609120681,0.7894736842105263,11.0,0.16534712408787333,315.5239640204353,1.0,0.0
evt_pay_002064_0,cust_006,pay_002064,2026-05-03T23:21:25.731798+00:00,134938,RETRY_LATER,0.8333333333333334,1,0.5059288537549407,2.494106919961799,0.10548286234507616,0.0,1.0,-0.16750496773610307,0.9858712318471043,0.9285714285714286,4.0,-0.3286363658753921,325.62161513302914,0.0,1.0
evt_pay_006206_0,cust_040,pay_006206,2026-05-03T23:26:51.066680+00:00,253083,RETRY_LATER,0.8333333333333334,0,0.5210526315789473,0.45444537903000537,0.46841471493934644,0.0,1.0,-0.14413551807011774,0.9895579580957645,0.8,2.0,-0.492492512121923,322.10622405047235,0.0,1.0
evt_pay_005713_1,cust_052,pay_005713,2026-05-03T23:49:07.471677+00:00,198301,ESCALATE_HUMAN,0.03333333333333333,0,0.47,0.08333333333333333,1.0298281486267395,1.0,1.0,-0.04743539152558329,0.9988743082244205,0.8888888888888888,4.0,-1.0656726581061444,332.8672400103456,0.0,0.0
evt_pay_000203_1,cust_003,pay_000203,2026-05-03T23:56:18.130731+00:00,226285,WHATSAPP_NUDGE,0.8333333333333334,0,0.5235849056603774,0.08333333333333333,0.07836083260844645,1.0,1.0,-0.016134088514606695,0.9998698371227142,0.8095238095238095,3.0,2.053947620637407,309.0280940241542,1.0,0.0
evt_pay_008152_2,cust_048,pay_008152,2026-05-03T23:59:39.227617+00:00,189866,DO_NOTHING,0.03333333333333333,0,0.3169811320754717,0.1466902822687075,-0.024055972997129176,2.0,1.0,-0.0015106097566776463,0.9999988590284306,0.8181818181818181,6.0,-0.4506859321563252,314.0053865874641,0.0,1.0
evt_pay_007759_1,cust_043,pay_007759,2026-05-04T00:33:18.902684+00:00,126243,WHATSAPP_NUDGE,0.8333333333333334,0,0.2754237288135593,0.08333333333333333,-0.35685322815444465,1.0,1.0,0.1448529023449754,0.9894532008550162,0.8181818181818181,4.0,-0.05414349663535748,318.66539095930756,0.0,1.0
evt_pay_001545_0,cust_002,pay_001545,2026-05-04T00:35:43.906962+00:00,264318,WHATSAPP_NUDGE,0.8333333333333334,0,0.34782608695652173,4.944962040210574,-0.4000254345657821,0.0,1.0,0.15527844799928173,0.9878707423478713,0.8260869565217391,3.0,-0.38277421977533765,312.10735914261676,0.0,0.0
evt_pay_005828_0,cust_007,pay_005828,2026-05-04T01:08:38.122463+00:00,297387,RETRY_NOW,0.8333333333333334,1,0.4648648648648649,2.5205765999376504,-0.15668516755621834,0.0,1.0,0.2950217832860487,0.9554905271046489,0.625,2.0,-0.46533070623945577,332.1459700349671,1.0,0.0
evt_pay_006206_1,cust_040,pay_006206,2026-05-04T01:26:51.066680+00:00,238355,ESCALATE_HUMAN,0.03333333333333333,0,0.518324607329843,0.08333333333333333,0.27489083348296756,1.0,1.0,0.3699539588115297,0.9290500892630478,0.8333333333333334,2.0,-0.492492512121923,322.1895573838057,0.0,0.0
evt_pay_001162_2,cust_004,pay_001162,2026-05-04T01:33:31.899281+00:00,503737,RETRY_LATER,0.03333333333333333,0,0.36160714285714285,0.44818084327874885,0.5583988992516026,2.0,1.0,0.3968741869079776,0.9178730194128879,0.8235294117647058,9.0,-0.2585165281110097,329.22890645802664,0.0,0.0
evt_pay_004552_2,cust_046,pay_004552,2026-05-04T01:49:49.821518+00:00,74666,ESCALATE_HUMAN,0.8333333333333334,0,0.4838709677419355,0.9166666666666666,-0.8526047039353608,2.0,1.0,0.46109192131914656,0.8873523765079,0.8666666666666667,2.0,-0.9687765812058661,327.09663991099757,0.0,0.0
evt_pay_006711_0,cust_020,pay_006711,2026-05-04T02:27:48.036447+00:00,51639,RETRY_LATER,0.03333333333333333,0,0.37404580152671757,1.6478858100400469,-0.44960937685360464,0.0,1.0,0.6011199712755169,0.7991587953177527,0.5,4.0,0.06752823759169156,318.34105959251815,0.0,0.0
evt_pay_007718_2,cust_018,pay_007718,2026-05-04T02:35:23.960333+00:00,144675,ESCALATE_HUMAN,0.8333333333333334,0,0.3220338983050847,0.9166666666666666,-0.004993047452662252,2.0,1.0,0.6272814268148388,0.7787926627627793,0.8333333333333334,6.0,-0.4554811204429685,308.7301349982444,0.0,0.0
evt_pay_001545_1,cust_002,pay_001545,2026-05-04T02:35:43.906962+00:00,243974,PAYMENT_LINK,0.03333333333333333,0,0.3463203463203463,0.08333333333333333,-0.5891492355221989,1.0,1.0,0.6284104518015345,0.7778819345290076,0.8333333333333334,4.0,-0.38277421977533765,312.1906924759501,1.0,0.0
evt_pay_007169_0,cust_030,pay_007169,2026-05-04T02:36:31.173853+00:00,199143,WHATSAPP_NUDGE,0.8333333333333334,0,0.40160642570281124,1.6037093679689178,0.43285699310637826,0.0,1.0,0.6310805829008901,0.7757172796099574,0.5555555555555556,9.0,1.7722569671050512,304.05288871510237,0.0,0.0
evt_pay_000360_0,cust_053,pay_000360,2026-05-04T02:39:52.965917+00:00,243316,RETRY_LATER,0.03333333333333333,0,0.4163265306122449,0.5652231362133951,-0.6850301839379663,0.0,1.0,0.6423956686452679,0.7663731499118424,0.8,9.0,-0.06914381847567465,304.0953882733225,0.0,0.0
evt_pay_000829_0,cust_023,pay_000829,2026-05-04T02:43:37.668253+00:00,87773,WHATSAPP_NUDGE,0.8333333333333334,0,0.45622119815668205,0.6347108971189263,0.12420105967503413,0.0,1.0,0.6548325081357508,0.7557740312346289,0.9,5.0,0.9385908116339667,327.36589544686456,0.0,0.0
evt_pay_005630_0,cust_037,pay_005630,2026-05-04T03:15:16.342545+00:00,134069,RETRY_NOW,0.8333333333333334,0,0.44221105527638194,7.302359948074184,-0.4568030005757935,0.0,1.0,0.7526228846854751,0.6584518155854033,0.6,1.0,-0.33341852366871827,310.7654693407739,1.0,0.0
evt_pay_004524_2,cust_054,pay_004524,2026-05-04T03:28:44.029651+00:00,97759,ESCALATE_HUMAN,0.8333333333333334,0,0.44357976653696496,0.9166666666666666,-0.03214199284688866,2.0,1.0,0.7899780135928219,0.6131351711000922,0.8125,3.0,-0.6956354929968003,319.60153539291167,0.0,1.0
evt_pay_000811_0,cust_007,pay_000811,2026-05-04T04:22:14.784338+00:00,262764,RETRY_NOW,0.8333333333333334,0,0.46774193548387094,2.655028704967075,-0.47108586961789894,0.0,1.0,0.9104066012159493,0.4137146606810346,0.6363636363636364,2.0,-0.46533070623945577,332.2804221399965,1.0,0.0
evt_pay_007169_1,cust_030,pay_007169,2026-05-04T04:36:31.173853+00:00,170044,WHATSAPP_NUDGE,0.8333333333333334,0,0.4,0.08333333333333333,-0.047877945828102536,1.0,1.0,0.934390456432241,0.35625057884633454,0.7272727272727273,10.0,1.7722569671050512,304.1362220484357,0.0,1.0
evt_pay_000360_1,cust_053,pay_000360,2026-05-04T04:39:52.965917+00:00,341382,WHATSAPP_NUDGE,0.8333333333333334,0,0.4146341463414634,0.08333333333333333,0.19040964902767527,1.0,1.0,0.9395175432838138,0.34250078227932157,0.9230769230769231,9.0,-0.06914381847567465,304.17872160665587,0.0,1.0
evt_pay_005630_1,cust_037,pay_005630,2026-05-04T05:15:16.342545+00:00,178607,WHATSAPP_NUDGE,0.8333333333333334,0,0.44,0.08333333333333333,0.34059168095512166,1.0,1.0,0.9810164453998492,0.19392455712220807,0.75,1.0,-0.33341852366871827,310.8488026741072,1.0,0.0
evt_pay_007141_0,cust_022,pay_007141,2026-05-04T05:22:24.712717+00:00,106443,DO_NOTHING,0.03333333333333333,0,0.4585152838427948,1.1649505659403303,-0.14917318205091407,0.0,1.0,0.9865806255074502,0.16327482773939261,0.6923076923076923,4.0,-0.6143468879245073,312.23026804416986,0.0,0.0
evt_pay_007244_0,cust_018,pay_007244,2026-05-04T05:30:24.382378+00:00,149819,RETRY_LATER,0.03333333333333333,0,0.3206751054852321,0.1215326625523403,0.09641472460629937,0.0,1.0,0.991674743456293,0.12876802083939679,0.8695652173913043,6.0,-0.4554811204429685,308.85166766079675,0.0,0.0
evt_pay_005757_0,cust_012,pay_005757,2026-05-04T05:36:50.770111+00:00,405998,WHATSAPP_NUDGE,0.8333333333333334,0,0.4774774774774775,1.871731762561448,-0.7153316727004597,0.0,1.0,0.9949010462499722,0.10085587821595048,0.9090909090909091,5.0,-0.5006574979571285,313.4400078857369,0.0,0.0
evt_pay_005084_0,cust_005,pay_005084,2026-05-04T05:40:05.658680+00:00,138948,RETRY_LATER,0.8333333333333334,0,0.34934497816593885,0.8411447865233868,0.17574809556672688,0.0,1.0,0.9962304792731141,0.08674579048726914,0.875,10.0,-0.6412832630166057,323.9132945619799,0.0,1.0
evt_pay_000811_1,cust_007,pay_000811,2026-05-04T06:22:14.784338+00:00,311471,WHATSAPP_NUDGE,0.8333333333333334,0,0.46524064171123,0.08333333333333333,-0.02879559132043838,1.0,1.0,0.9952925747665782,-0.0969158945401397,0.7692307692307692,2.0,-0.46533070623945577,332.36375547332983,1.0,0.0
evt_pay_008283_0,cust_027,pay_008283,2026-05-04T06:22:29.864448+00:00,93104,RETRY_LATER,0.8333333333333334,0,0.2773722627737226,3.5758737024971574,0.4838252779678794,0.0,1.0,0.99518569283678,-0.09800733020023568,0.88,8.0,-0.8172299270627982,306.4075369465144,0.0,1.0
evt_pay_005258_0,cust_022,pay_005258,2026-05-04T06:26:38.541006+00:00,102817,RETRY_LATER,0.8333333333333334,0,0.45652173913043476,0.04460449408740411,-0.24141952857919705,0.0,1.0,0.9932506697276942,-0.11598752987061625,0.7692307692307692,4.0,-0.6143468879245073,312.2748725382573,0.0,1.0
evt_pay_004198_0,cust_005,pay_004198,2026-05-04T06:47:37.544222+00:00,150631,DO_NOTHING,0.03333333333333333,0,0.34782608695652173,0.046896823409364664,0.4307390488023206,0.0,1.0,0.9784858224023384,-0.20631406970349725,0.8846153846153846,10.0,-0.6412832630166057,323.9601913853893,1.0,0.0
evt_pay_002255_0,cust_005,pay_002255,2026-05-04T06:58:42.699624+00:00,111792,RETRY_LATER,0.03333333333333333,0,0.3463203463203463,0.007698557892297231,-0.4170167647389923,0.0,1.0,0.9673654929813541,-0.2533850883318544,0.8888888888888888,10.0,-0.6412832630166057,323.9678899432816,0.0,0.0
evt_pay_007197_0,cust_011,pay_007197,2026-05-04T07:01:40.860002+00:00,69501,RETRY_LATER,0.8333333333333334,0,0.481981981981982,0.4292026009703136,0.4928152154535861,0.0,1.0,0.964001488711367,-0.26589684045183404,0.7857142857142857,3.0,-0.306212897974724,308.012202535526,0.0,1.0
evt_pay_007244_1,cust_018,pay_007244,2026-05-04T07:30:24.382378+00:00,154544,WHATSAPP_NUDGE,0.8333333333333334,0,0.31932773109243695,0.08333333333333333,0.1895638949916291,1.0,1.0,0.9231995305442642,-0.38432099448618495,0.8928571428571429,6.0,-0.4554811204429685,308.93500099413006,0.0,0.0
evt_pay_004214_0,cust_022,pay_004214,2026-05-04T07:32:45.260145+00:00,111887,RETRY_NOW,0.8333333333333334,0,0.45454545454545453,0.045911101140594233,-0.010682912783321816,0.0,1.0,0.9192138131050102,-0.39375876599378395,0.7692307692307692,4.0,-0.6143468879245073,312.32078363939786,1.0,0.0
evt_pay_005757_1,cust_012,pay_005757,2026-05-04T07:36:50.770111+00:00,508312,RETRY_LATER,0.03333333333333333,0,0.47533632286995514,0.08333333333333333,-0.1755826453423957,1.0,1.0,0.9120375194121679,-0.4101067704689835,0.9166666666666666,6.0,-0.5006574979571285,313.52334121907023,0.0,1.0
evt_pay_002761_0,cust_019,pay_002761,2026-05-04T07:37:26.250975+00:00,115396,RETRY_LATER,0.8333333333333334,1,0.49767441860465117,1.0041812272143034,-0.10216698411724463,0.0,1.0,0.9109763101944792,-0.4124586794631094,0.7857142857142857,3.0,-0.5137657855739247,309.72691768667704,0.0,1.0
evt_pay_005084_1,cust_005,pay_005084,2026-05-04T07:40:05.658680+00:00,145423,WHATSAPP_NUDGE,0.8333333333333334,0,0.3448275862068966,0.028737952031671437,0.3170742225600767,1.0,1.0,0.9061337983184982,-0.42299118140321934,0.896551724137931,10.0,-0.6412832630166057,323.9966278953132,0.0,1.0
evt_pay_008294_0,cust_058,pay_008294,2026-05-04T07:42:50.894477+00:00,263598,WHATSAPP_NUDGE,0.8333333333333334,0,0.4978165938864629,0.5737101158035974,0.248200358460638,0.0,1.0,0.9009857194523685,-0.43384874477506324,0.8181818181818181,9.0,4.286983765334936,322.28553498534285,0.0,0.0
evt_pay_004204_0,cust_058,pay_004204,2026-05-04T08:02:30.049885+00:00,260198,DO_NOTHING,0.03333333333333333,0,0.4956521739130435,0.01364763203326902,0.208147358277525,0.0,1.0,0.8605179858222215,-0.5094200585729493,0.8333333333333334,10.0,4.286983765334936,322.2991826173761,0.0,0.0
evt_pay_008283_1,cust_027,pay_008283,2026-05-04T08:22:29.864448+00:00,84367,WHATSAPP_NUDGE,0.8333333333333334,0,0.27636363636363637,0.08333333333333333,0.1702925253005299,1.0,1.0,0.812852426379351,-0.582469684128884,0.9,8.0,-0.8172299270627982,306.49087027984774,0.0,0.0
evt_pay_005258_1,cust_022,pay_005258,2026-05-04T08:26:38.541006+00:00,115405,WHATSAPP_NUDGE,0.8333333333333334,0,0.4525862068965517,0.0374222321927391,0.0788236686775827,1.0,1.0,0.8021865473747822,-0.5970734822540071,0.7333333333333334,4.0,-0.6143468879245073,312.3582058715906,1.0,0.0
evt_pay_002255_1,cust_005,pay_002255,2026-05-04T08:58:42.699624+00:00,148611,ESCALATE_HUMAN,0.03333333333333333,0,0.34334763948497854,0.054595381301661895,0.3866658182223657,1.0,1.0,0.7110705475003825,-0.703120669926227,0.9310344827586207,10.0,-0.6412832630166057,324.05122327661496,0.0,1.0
evt_pay_007185_0,cust_030,pay_007185,2026-05-04T08:59:15.498796+00:00,177364,RETRY_LATER,0.8333333333333334,0,0.398406374501992,0.18245746461866474,0.07305561769476743,0.0,1.0,0.709391426713491,-0.7048147300570539,0.8,11.0,1.7722569671050512,304.31867951305435,0.0,1.0
evt_pay_007197_1,cust_011,pay_007197,2026-05-04T09:01:40.860002+00:00,54369,WHATSAPP_NUDGE,0.8333333333333334,0,0.4798206278026906,0.08333333333333333,-0.23653863379946038,1.0,1.0,0.7019013582841446,-0.7122741629729896,0.8125,3.0,-0.306212897974724,308.0955358688594,0.0,0.0
evt_pay_000154_0,cust_055,pay_000154,2026-05-04T09:01:55.214516+00:00,328042,WHATSAPP_NUDGE,0.8333333333333334,0,0.3505535055350554,0.7194340027926955,0.14349492775654138,0.0,1.0,0.7011574402904747,-0.7130064823865976,0.9333333333333333,4.0,-1.0480965437343166,330.32534724299205,0.0,0.0
evt_pay_008483_0,cust_040,pay_008483,2026-05-04T09:05:10.601889+00:00,220496,WHATSAPP_NUDGE,0.8333333333333334,0,0.515625,0.31828165751314447,0.040218169560370186,0.0,1.0,0.690955914107658,-0.7228968977382949,0.935483870967742,2.0,-0.492492512121923,322.50783904131885,0.0,0.0
evt_pay_006184_0,cust_049,pay_006184,2026-05-04T09:22:02.269518+00:00,346888,WHATSAPP_NUDGE,0.8333333333333334,1,0.3682008368200837,2.2724478375709887,0.09921967952613353,0.0,1.0,0.6359508596252725,-0.7717295537569342,0.9375,4.0,0.2100296838614713,306.27121890169155,0.0,0.0
evt_pay_005070_2,cust_023,pay_005070,2026-05-04T09:29:38.646742+00:00,83426,ESCALATE_HUMAN,0.8333333333333334,1,0.4541284403669725,0.28195576954774043,-0.023463185147338205,2.0,1.0,0.6099926554434965,-0.7924070672987412,0.9230769230769231,6.0,0.9385908116339667,327.64785121641233,1.0,0.0
evt_pay_008294_1,cust_058,pay_008294,2026-05-04T09:42:50.894477+00:00,324823,WHATSAPP_NUDGE,0.8333333333333334,0,0.4935064935064935,0.06968570130006431,0.9694701510856895,1.0,1.0,0.5633521491052186,-0.8262168941013804,0.8461538461538461,9.0,4.286983765334936,322.3688683186762,0.0,1.0
evt_pay_003845_0,cust_056,pay_003845,2026-05-04T09:58:36.583442+00:00,148748,WHATSAPP_NUDGE,0.8333333333333334,0,0.30855018587360594,0.6980547684645065,-0.18996994666773145,0.0,1.0,0.5052442715155621,-0.8629763763282915,0.8571428571428572,6.0,-0.26273729270347856,315.3711478657829,0.0,0.0
evt_pay_003247_0,cust_059,pay_003247,2026-05-04T10:08:11.360286+00:00,163334,PAYMENT_LINK,0.03333333333333333,0,0.3901345291479821,3.553544673402655,-0.03525762851053408,0.0,1.0,0.46874196138306756,-0.8833351423093926,0.8333333333333334,0.0,-0.38878117849020055,316.0429456666596,0.0,0.0
evt_pay_001860_0,cust_049,pay_001860,2026-05-04T10:49:04.683349+00:00,359182,RETRY_NOW,0.8333333333333334,1,0.37083333333333335,2.3328924421007478,0.20399722574710077,0.0,1.0,0.30453991177433515,-0.9524995759245671,0.935483870967742,5.0,0.2100296838614713,306.33166350622133,1.0,0.0
evt_pay_001821_0,cust_027,pay_001821,2026-05-04T10:50:22.453629+00:00,97310,ESCALATE_HUMAN,0.03333333333333333,0,0.2753623188405797,0.10269200440690913,0.6347617576963624,0.0,1.0,0.2991480997112966,-0.9542066937719103,0.90625,9.0,-0.8172299270627982,306.59356228425463,0.0,0.0
evt_pay_008483_1,cust_040,pay_008483,2026-05-04T11:05:10.601889+00:00,289005,WHATSAPP_NUDGE,0.8333333333333334,1,0.5129533678756477,0.08333333333333333,0.9404466137457304,1.0,1.0,0.23693692564318275,-0.9715250348121539,0.9090909090909091,3.0,-0.492492512121923,322.59117237465216,0.0,0.0
evt_pay_000383_0,cust_035,pay_000383,2026-05-04T11:05:59.681592+00:00,49437,WHATSAPP_NUDGE,0.8333333333333334,0,0.37751004016064255,2.0276459049866653,0.3646492378605313,0.0,1.0,0.2334678793168002,-0.9723645146380631,0.7333333333333334,5.0,0.5026080740568922,307.3982302326987,0.0,0.0
evt_pay_002748_0,cust_035,pay_002748,2026-05-04T11:07:47.668602+00:00,45567,RETRY_NOW,0.8333333333333334,0,0.376,0.0012498496601362301,0.11248618246614826,0.0,1.0,0.22582474430389202,-0.9741679448945555,0.75,6.0,0.5026080740568922,307.3994800823589,1.0,0.0
evt_pay_003845_1,cust_056,pay_003845,2026-05-04T11:58:36.583442+00:00,173415,WHATSAPP_NUDGE,0.8333333333333334,0,0.3074074074074074,0.08333333333333333,0.2523350288591255,1.0,1.0,0.0060661860848940695,-0.9999816005239214,0.8571428571428572,7.0,-0.26273729270347856,315.4544811991163,0.0,1.0
evt_pay_003247_1,cust_059,pay_003247,2026-05-04T12:08:11.360286+00:00,141006,WHATSAPP_NUDGE,0.8333333333333334,1,0.38839285714285715,0.08333333333333333,-0.42101855486276396,1.0,1.0,-0.03572512477721483,-0.99936165398701,0.8333333333333334,1.0,-0.38878117849020055,316.12627899999296,0.0,1.0
evt_pay_003521_0,cust_023,pay_003521,2026-05-04T12:25:43.194683+00:00,64522,WHATSAPP_NUDGE,0.8333333333333334,0,0.45662100456621,0.4042306299734264,-0.6655525541595944,0.0,1.0,-0.11198886833575956,-0.9937094612455272,0.7692307692307692,6.0,0.9385908116339667,327.770126076838,0.0,0.0
evt_pay_005418_0,cust_001,pay_005418,2026-05-04T12:41:10.165854+00:00,378840,WHATSAPP_NUDGE,0.8333333333333334,0,0.3443223443223443,0.557727975576635,-0.8046213489242623,0.0,1.0,-0.1786709801450041,-0.9839088783286913,0.9090909090909091,12.0,0.16534712408787333,316.0816919960119,0.0,0.0
evt_pay_006613_0,cust_009,pay_006613,2026-05-04T12:41:15.036589+00:00,149191,WHATSAPP_NUDGE,0.8333333333333334,0,0.3524229074889868,0.7662644907759576,0.7265309945581794,0.0,1.0,-0.17901947908911722,-0.9838455295963189,0.8461538461538461,5.0,-0.8984355580750027,306.14551752044224,0.0,0.0
evt_pay_004346_2,cust_004,pay_004346,2026-05-04T12:48:09.074422+00:00,466811,ESCALATE_HUMAN,0.8333333333333334,0,0.36,0.46848582338791783,0.30802692276983634,2.0,1.0,-0.20855713545542615,-0.9780101846354295,0.9166666666666666,9.0,-0.2585165281110097,329.6973922814145,0.0,0.0
evt_pay_002216_0,cust_040,pay_002216,2026-05-04T13:01:25.726626+00:00,239583,RETRY_NOW,0.8333333333333334,1,0.5154639175257731,0.16406394371784927,0.2910265125205076,0.0,1.0,-0.26483576697035865,-0.9642935323506125,0.8787878787878788,4.0,-0.492492512121923,322.6719029850367,1.0,0.0
evt_pay_002748_1,cust_035,pay_002748,2026-05-04T13:07:47.668602+00:00,39943,WHATSAPP_NUDGE,0.8333333333333334,0,0.3745019920318725,0.08333333333333333,-0.25405514666495477,1.0,1.0,-0.29151400707698194,-0.9565665599831102,0.8571428571428572,6.0,0.5026080740568922,307.4828134156922,0.0,0.0
evt_pay_005894_0,cust_002,pay_005894,2026-05-04T13:28:14.699337+00:00,285021,DO_NOTHING,0.03333333333333333,0,0.3448275862068966,0.4531341710037016,-0.20757490572146425,0.0,1.0,-0.37559750715861895,-0.9267828832128003,0.8529411764705882,5.0,-0.38277421977533765,312.6438266469538,0.0,0.0
evt_pay_008558_2,cust_055,pay_008558,2026-05-04T13:45:56.116675+00:00,298965,ESCALATE_HUMAN,0.8333333333333334,1,0.3492647058823529,0.19723266387397112,-0.12247143903045428,2.0,1.0,-0.44594506283337365,-0.8950603336840139,0.8484848484848485,5.0,-1.0480965437343166,330.52257990686604,0.0,1.0
evt_pay_007917_0,cust_006,pay_007917,2026-05-04T14:08:07.865500+00:00,136806,WHATSAPP_NUDGE,0.8333333333333334,1,0.5078740157480315,3.1098723563255626,0.14650753355085552,0.0,1.0,-0.5304042570616055,-0.8477448461010696,0.8666666666666667,4.0,-0.3286363658753921,326.2373805693929,0.0,0.0
evt_pay_001383_0,cust_007,pay_001383,2026-05-04T14:09:24.567252+00:00,303400,RETRY_LATER,0.8333333333333334,0,0.4627659574468085,0.3244187837316114,-0.1020854711669144,0.0,1.0,-0.5351246247546037,-0.8447731269289078,0.8666666666666667,2.0,-0.46533070623945577,332.68817425706146,0.0,1.0
evt_pay_001186_0,cust_039,pay_001186,2026-05-04T14:15:28.249680+00:00,267177,RETRY_LATER,0.8333333333333334,0,0.5209302325581395,0.7199911456483505,0.1747194209519712,0.0,1.0,-0.5572772095793415,-0.8303265090814954,0.8571428571428572,5.0,-0.6642333856639545,304.99583634973976,0.0,1.0
evt_pay_002292_0,cust_036,pay_002292,2026-05-04T14:18:12.440444+00:00,386232,WHATSAPP_NUDGE,0.8333333333333334,1,0.49783549783549785,0.8348244900673952,0.3976856600594064,0.0,1.0,-0.5671515875363377,-0.8236134267695081,0.8666666666666667,3.0,-0.5882553306323993,315.03736000177014,0.0,0.0
evt_pay_003521_1,cust_023,pay_003521,2026-05-04T14:25:43.194683+00:00,110627,RETRY_NOW,0.03333333333333333,0,0.45454545454545453,0.08333333333333333,0.9004912375546213,1.0,1.0,-0.593839935542602,-0.804583203251695,0.7857142857142857,7.0,0.9385908116339667,327.8534594101713,0.0,0.0
evt_pay_005418_1,cust_001,pay_005418,2026-05-04T14:41:10.165854+00:00,657390,PAYMENT_LINK,0.8333333333333334,0,0.34306569343065696,0.08333333333333333,0.7045393106361933,1.0,1.0,-0.6466880468889845,-0.7627545935691968,0.9090909090909091,13.0,0.16534712408787333,316.16502532934527,1.0,0.0
evt_pay_008433_0,cust_032,pay_008433,2026-05-04T15:08:21.258220+00:00,356235,WHATSAPP_NUDGE,0.8333333333333334,0,0.3411764705882353,1.0608862788972147,0.2775951659721811,0.0,1.0,-0.7324071567397713,-0.6808669155983158,0.8181818181818181,4.0,0.2905055503479753,329.09415757711673,0.0,0.0
evt_pay_005911_0,cust_003,pay_005911,2026-05-04T15:56:40.575822+00:00,238218,PAYMENT_LINK,0.03333333333333333,0,0.5211267605633803,0.6669264478129927,0.23315962321795305,0.0,1.0,-0.8586833190563475,-0.5125065439332214,0.8181818181818181,4.0,2.053947620637407,309.6950204719672,0.0,0.0
evt_pay_008022_2,cust_058,pay_008022,2026-05-04T15:56:42.340472+00:00,217232,ESCALATE_HUMAN,0.8333333333333334,0,0.49137931034482757,0.25962321752973594,-0.2980205234253622,2.0,1.0,-0.8587490814213407,-0.512396345769565,0.8666666666666667,10.0,4.286983765334936,322.6284915362059,0.0,1.0
evt_pay_000335_0,cust_029,pay_000335,2026-05-04T15:58:58.049001+00:00,37801,WHATSAPP_NUDGE,0.8333333333333334,0,0.42028985507246375,3.6100168555613172,-0.4431761907994183,0.0,1.0,-0.863764020733906,-0.5038965335121848,0.8235294117647058,4.0,-0.8256115037842402,307.6792366103304,0.0,0.0
evt_pay_001383_1,cust_007,pay_001383,2026-05-04T16:09:24.567252+00:00,293285,DO_NOTHING,0.03333333333333333,0,0.4603174603174603,0.08333333333333333,-0.19393040272755388,1.0,1.0,-0.8858180826925557,-0.4640326759775486,0.875,2.0,-0.46533070623945577,332.7715075903948,0.0,0.0
evt_pay_004279_0,cust_034,pay_004279,2026-05-04T16:15:26.162193+00:00,44404,WHATSAPP_NUDGE,0.8333333333333334,0,0.36444444444444446,0.9393483731535639,-0.5117607260705023,0.0,1.0,-0.8977126022495308,-0.4405815290753526,0.8666666666666667,6.0,-0.5369784473169031,317.79024122878866,0.0,0.0
evt_pay_001186_1,cust_039,pay_001186,2026-05-04T16:15:28.249680+00:00,178806,WHATSAPP_NUDGE,0.8333333333333334,0,0.5185185185185185,0.08333333333333333,-0.8280902020285664,1.0,1.0,-0.8977794749865621,-0.44044524551055486,0.8125,5.0,-0.6642333856639545,305.0791696830731,1.0,0.0
evt_pay_001049_2,cust_036,pay_001049,2026-05-04T16:16:03.604502+00:00,340810,ESCALATE_HUMAN,0.8333333333333334,0,0.5,0.9166666666666666,0.014902300858649227,2.0,1.0,-0.8989089242328716,-0.43813553375011877,0.8235294117647058,4.0,-0.5882553306323993,315.1192021783694,0.0,0.0
evt_pay_005135_0,cust_037,pay_005135,2026-05-04T16:20:44.838804+00:00,159698,DO_NOTHING,0.03333333333333333,0,0.43781094527363185,0.4621353733703207,0.0020635131774685437,0.0,1.0,-0.9076810272630568,-0.41966075912179585,0.8823529411764706,1.0,-0.33341852366871827,311.3109380474775,0.0,0.0
evt_pay_002584_0,cust_023,pay_002584,2026-05-04T16:29:25.823458+00:00,79857,RETRY_NOW,0.8333333333333334,1,0.45248868778280543,0.08591005526591289,-0.14466936957611887,0.0,1.0,-0.9229255631031076,-0.3849784474107763,0.8461538461538461,7.0,0.9385908116339667,327.9393694654372,1.0,0.0
evt_pay_003954_0,cust_005,pay_003954,2026-05-04T16:34:40.007501+00:00,120242,RETRY_NOW,0.8333333333333334,0,0.3418803418803419,0.3166355078319801,-0.23256760073675167,0.0,1.0,-0.9314799373722682,-0.3637926968383991,0.8235294117647058,10.0,-0.6412832630166057,324.3678587844469,1.0,0.0
evt_pay_001402_0,cust_052,pay_001402,2026-05-04T16:42:43.782512+00:00,191436,RETRY_LATER,0.8333333333333334,0,0.46766169154228854,0.7038924865123212,0.8952558492970406,0.0,1.0,-0.9436995369706361,-0.33080384508256105,0.7857142857142857,4.0,-1.0656726581061444,333.5711324968579,0.0,1.0
evt_pay_008433_1,cust_032,pay_008433,2026-05-04T17:08:21.258220+00:00,394771,WHATSAPP_NUDGE,0.8333333333333334,0,0.33984375,0.08333333333333333,0.6166949130560916,1.0,1.0,-0.974716661449331,-0.22344446713461122,0.8285714285714285,5.0,0.2905055503479753,329.1774909104501,0.0,1.0
evt_pay_004036_2,cust_000,pay_004036,2026-05-04T17:32:45.583609+00:00,136159,ESCALATE_HUMAN,0.8333333333333334,0,0.42105263157894735,0.8709333257628487,0.1987272445062211,2.0,1.0,-0.9929446862464993,-0.1185784552726211,0.8,7.0,0.8132490481077264,323.3862916844733,0.0,1.0
evt_pay_001726_0,cust_046,pay_001726,2026-05-04T17:36:23.810009+00:00,94198,WHATSAPP_NUDGE,0.8333333333333334,0,0.48128342245989303,0.6573378297540557,-0.3282383711843991,0.0,1.0,-0.994701396786632,-0.10280628011324573,0.8571428571428572,2.0,-0.9687765812058661,327.7539777407517,0.0,0.0
evt_pay_005911_1,cust_003,pay_005911,2026-05-04T17:56:40.575822+00:00,218200,DO_NOTHING,0.03333333333333333,1,0.5186915887850467,0.08333333333333333,-0.02652646927157366,1.0,1.0,-0.9998948400753459,-0.01450202712376205,0.8333333333333334,5.0,2.053947620637407,309.7783538053006,0.0,0.0
evt_pay_000335_1,cust_029,pay_000335,2026-05-04T17:58:58.049001+00:00,41403,WHATSAPP_NUDGE,0.8333333333333334,0,0.4187725631768953,0.08333333333333333,-0.21314038498332122,1.0,1.0,-0.9999898515866436,-0.004505188533515456,0.8108108108108107,5.0,-0.8256115037842402,307.7625699436637,0.0,1.0
evt_pay_002246_2,cust_044,pay_002246,2026-05-04T18:06:42.054300+00:00,194198,ESCALATE_HUMAN,0.8333333333333334,0,0.44537815126050423,0.9166666666666666,-0.41240635596490766,2.0,1.0,-0.999572593877395,0.02923404811544789,0.8888888888888888,4.0,-0.8459251821363672,324.5985780236495,1.0,0.0
evt_pay_001402_1,cust_052,pay_001402,2026-05-04T18:42:43.782512+00:00,224579,WHATSAPP_NUDGE,0.8333333333333334,0,0.46534653465346537,0.08333333333333333,1.5449106963107806,1.0,1.0,-0.9826696950974634,0.1853652349742485,0.8,4.0,-1.0656726581061444,333.6544658301912,0.0,0.0
evt_pay_004613_0,cust_047,pay_004613,2026-05-04T19:08:30.699665+00:00,97515,RETRY_LATER,0.8333333333333334,1,0.5196078431372549,1.5811713441184072,-0.34835938931881694,0.0,1.0,-0.9556496409748478,0.29450596548227076,0.8461538461538461,3.0,1.898235005697721,306.8138121801649,0.0,1.0
evt_pay_005611_0,cust_043,pay_005611,2026-05-04T19:23:57.392047+00:00,127424,RETRY_LATER,0.8333333333333334,0,0.2742616033755274,0.7851677009581218,-0.3334735175536889,0.0,1.0,-0.933648376226243,0.35819088426438184,0.8378378378378378,5.0,-0.05414349663535748,319.4505586602657,0.0,1.0
evt_pay_004292_0,cust_039,pay_004292,2026-05-04T19:32:56.874737+00:00,244326,WHATSAPP_NUDGE,0.8333333333333334,0,0.5161290322580645,0.13713686408946538,-0.08458003615412171,0.0,1.0,-0.9188809020302231,0.3945350274489243,0.8,6.0,-0.6642333856639545,305.21630654716256,0.0,0.0
evt_pay_005226_0,cust_023,pay_005226,2026-05-04T19:36:53.032169+00:00,90602,WHATSAPP_NUDGE,0.8333333333333334,0,0.45495495495495497,0.21608608200881463,0.22030062622424368,0.0,1.0,-0.9119700439208104,0.4102567963983962,0.8,7.0,0.9385908116339667,328.0695454921801,0.0,0.0
evt_pay_002056_0,cust_035,pay_002056,2026-05-04T19:44:09.843342+00:00,43558,WHATSAPP_NUDGE,0.8333333333333334,0,0.373015873015873,0.27525665207646927,-0.01848727349187072,0.0,1.0,-0.8984800177047986,0.4390144163751174,0.8125,7.0,0.5026080740568922,307.75807006776864,0.0,0.0
evt_pay_007187_0,cust_025,pay_007187,2026-05-04T20:22:09.155088+00:00,208483,RETRY_LATER,0.8333333333333334,0,0.5669642857142857,1.1424594726978323,-0.10165880464326026,0.0,1.0,-0.8137287193880722,0.5812448462077302,0.7857142857142857,2.0,0.10753773716001852,310.53252924416296,0.0,1.0
evt_pay_007016_0,cust_038,pay_007016,2026-05-04T20:23:41.588734+00:00,41743,RETRY_NOW,0.8333333333333334,1,0.6443298969072165,1.408046566469049,-0.18167416640510017,0.0,1.0,-0.8098032576525525,0.5867015287991959,0.8,3.0,2.4957647172129915,331.8066940607444,1.0,0.0
evt_pay_005611_1,cust_043,pay_005611,2026-05-04T21:23:57.392047+00:00,161205,WHATSAPP_NUDGE,0.8333333333333334,0,0.27310924369747897,0.08333333333333333,0.3355716161669746,1.0,1.0,-0.6294677698818264,0.7770265932900882,0.8378378378378378,5.0,-0.05414349663535748,319.533891993599,0.0,0.0
evt_pay_004292_1,cust_039,pay_004292,2026-05-04T21:32:56.874737+00:00,340948,WHATSAPP_NUDGE,0.8333333333333334,0,0.5137614678899083,0.08333333333333333,1.0118579296994143,1.0,1.0,-0.5985066904860709,0.801117807468671,0.8666666666666667,7.0,-0.6642333856639545,305.29963988049593,0.0,1.0
evt_pay_002056_1,cust_035,pay_002056,2026-05-04T21:44:09.843342+00:00,46414,WHATSAPP_NUDGE,0.8333333333333334,0,0.3715415019762846,0.08333333333333333,0.16767486557826786,1.0,1.0,-0.5585993119374895,0.8294376460608497,0.875,8.0,0.5026080740568922,307.841403401102,0.0,0.0
evt_pay_000203_2,cust_003,pay_000203,2026-05-04T21:56:18.130731+00:00,220493,ESCALATE_HUMAN,0.8333333333333334,1,0.5209302325581395,0.24974021885367392,0.0032237363707517423,2.0,1.0,-0.5139074490819142,0.8578456351687754,0.8421052631578947,5.0,2.053947620637407,309.9447606908209,1.0,0.0
evt_pay_005074_0,cust_030,pay_005074,2026-05-04T22:14:58.251175+00:00,198156,RETRY_LATER,0.8333333333333334,1,0.3968253968253968,0.5525781525314528,0.4165505795255538,0.0,1.0,-0.4424027492800868,0.8968164848113691,0.9333333333333333,11.0,1.7722569671050512,304.8712576655858,0.0,1.0
evt_pay_007187_1,cust_025,pay_007187,2026-05-04T22:22:09.155088+00:00,266621,WHATSAPP_NUDGE,0.8333333333333334,0,0.5644444444444444,0.08333333333333333,0.6667370225304105,1.0,1.0,-0.4140873196751849,0.9102371623287094,0.7142857142857143,2.0,0.10753773716001852,310.6158625774963,1.0,0.0
evt_pay_006742_0,cust_010,pay_006742,2026-05-04T22:25:29.219156+00:00,81624,RETRY_NOW,0.8333333333333334,0,0.41732283464566927,1.0487412571863313,0.09328175697086673,0.0,1.0,-0.4008008578199885,0.9161651992794538,0.7333333333333334,1.0,-0.045395759303349575,333.8799656244903,1.0,0.0
evt_pay_006148_0,cust_039,pay_006148,2026-05-04T22:28:52.229025+00:00,271027,WHATSAPP_NUDGE,0.8333333333333334,0,0.5114155251141552,0.03883511907199969,0.21841082379026316,0.0,1.0,-0.38723205521047893,0.9219822858479813,0.8823529411764706,8.0,-0.6642333856639545,305.3384749995679,0.0,0.0
evt_pay_006757_0,cust_002,pay_006757,2026-05-04T22:29:38.434570+00:00,318625,RETRY_LATER,0.8333333333333334,0,0.34334763948497854,0.37596915779674117,0.10480943934820587,0.0,1.0,-0.38413186507444874,0.9232782409622927,0.8157894736842105,4.0,-0.38277421977533765,313.0197958047506,0.0,1.0
evt_pay_007759_2,cust_043,pay_007759,2026-05-04T22:33:18.902684+00:00,143327,ESCALATE_HUMAN,0.8333333333333334,0,0.2719665271966527,0.048165632375211466,-0.018499185787669993,2.0,1.0,-0.3692803071848536,0.9293180589687581,0.8205128205128205,6.0,-0.05414349663535748,319.5820576259742,0.0,0.0
evt_pay_005157_0,cust_016,pay_005157,2026-05-04T22:44:10.751950+00:00,112858,RETRY_NOW,0.8333333333333334,0,0.39166666666666666,5.917162524078965,-0.08677587093913026,0.0,1.0,-0.32482875036211417,0.9457728495459083,0.875,2.0,-0.5381138706705891,326.7269919123791,1.0,0.0
evt_pay_003039_0,cust_050,pay_003039,2026-05-04T23:05:57.196889+00:00,114338,RETRY_NOW,0.8333333333333334,0,0.4534412955465587,2.7424997457835807,-0.05601905844291426,0.0,1.0,-0.23364357463123,0.9723223128333222,0.7857142857142857,2.0,-0.900782201038446,331.67731789651316,1.0,0.0
evt_pay_006508_0,cust_023,pay_006508,2026-05-04T23:45:49.896733+00:00,71986,RETRY_LATER,0.8333333333333334,0,0.452914798206278,0.1728803768991535,-0.4120185018473979,0.0,1.0,-0.061781882907967114,0.9980896748009901,0.8,8.0,0.9385908116339667,328.2424258690793,0.0,1.0
evt_pay_006616_0,cust_010,pay_006616,2026-05-05T00:04:14.420805+00:00,80993,ESCALATE_HUMAN,0.03333333333333333,0,0.41568627450980394,0.06857872278645043,0.0705043004666219,0.0,1.0,0.01850094742176499,0.9998288428248593,0.8,1.0,-0.045395759303349575,333.94854434727677,0.0,0.0
evt_pay_003544_0,cust_031,pay_003544,2026-05-05T00:24:14.776790+00:00,40508,RETRY_LATER,0.8333333333333334,0,0.35964912280701755,1.8086743439309696,-0.7050618255968597,0.0,1.0,0.1055971144101561,0.994408995045926,1.0,6.0,-0.07508066613848166,327.3523314096279,0.0,1.0
evt_pay_006742_1,cust_010,pay_006742,2026-05-05T00:25:29.219156+00:00,72354,WHATSAPP_NUDGE,0.8333333333333334,1,0.4140625,0.01475461054688291,-0.24176929509891437,1.0,1.0,0.11097887490902267,0.9938227655492339,0.8125,1.0,-0.045395759303349575,333.9632989578236,0.0,1.0
evt_pay_006148_1,cust_039,pay_006148,2026-05-05T00:28:52.229025+00:00,191601,WHATSAPP_NUDGE,0.8333333333333334,1,0.509090909090909,0.08333333333333333,-0.6828919969908277,1.0,1.0,0.12563834595205775,0.9920761089888371,0.8888888888888888,8.0,-0.6642333856639545,305.4218083329012,1.0,0.0
evt_pay_001545_2,cust_002,pay_001545,2026-05-05T00:35:43.906962+00:00,294571,ESCALATE_HUMAN,0.8333333333333334,0,0.3418803418803419,0.08756333786622388,-0.11878944919042014,2.0,1.0,0.15527844799928173,0.9878707423478713,0.7941176470588236,4.0,-0.38277421977533765,313.10735914261676,0.0,0.0
evt_pay_001464_0,cust_032,pay_001464,2026-05-05T00:38:32.963609+00:00,253009,WHATSAPP_NUDGE,0.8333333333333334,0,0.33852140077821014,0.31263547903463024,-0.630759893031643,0.0,1.0,0.1674114347336427,0.9858871190559411,0.7941176470588236,6.0,0.2905055503479753,329.4901263894847,0.0,0.0
evt_pay_005157_1,cust_016,pay_005157,2026-05-05T00:44:10.751950+00:00,127353,WHATSAPP_NUDGE,0.8333333333333334,1,0.3900414937759336,0.08333333333333333,0.26905232971212073,1.0,1.0,0.19157647507980924,0.9814776890974115,0.8823529411764706,1.0,-0.5381138706705891,326.8103252457125,1.0,0.0
evt_pay_003039_1,cust_050,pay_003039,2026-05-05T01:05:57.196889+00:00,98953,WHATSAPP_NUDGE,0.8333333333333334,0,0.45161290322580644,0.08333333333333333,-0.43292254166176364,1.0,1.0,0.2838198853550104,0.9588776108957121,0.8,2.0,-0.900782201038446,331.7606512298465,0.0,0.0
evt_pay_006508_1,cust_023,pay_006508,2026-05-05T01:45:49.896733+00:00,92788,WHATSAPP_NUDGE,0.8333333333333334,0,0.45089285714285715,0.08333333333333333,0.2945599423237828,1.0,1.0,0.4455401573085608,0.8952619550865897,0.8125,8.0,0.9385908116339667,328.3257592024126,1.0,0.0
evt_pay_006519_0,cust_018,pay_006519,2026-05-05T02:03:36.218003+00:00,136344,RETRY_NOW,0.03333333333333333,0,0.3179916317991632,0.7730536530736648,-0.16923248013127534,0.0,1.0,0.5135548554496241,0.858056764115356,0.7941176470588236,7.0,-0.4554811204429685,309.7080546472037,0.0,1.0
evt_pay_002305_0,cust_018,pay_002305,2026-05-05T02:09:00.405451+00:00,128727,RETRY_NOW,0.8333333333333334,0,0.31666666666666665,0.003752169537960981,-0.3193973029490106,0.0,1.0,0.5336394521829168,0.8457120875770409,0.8,7.0,-0.4554811204429685,309.71180681674167,1.0,0.0
evt_pay_004301_0,cust_001,pay_004301,2026-05-05T02:30:21.537658+00:00,464978,RETRY_LATER,0.8333333333333334,0,0.3418181818181818,0.4924927292145564,-0.3379313377689997,0.0,1.0,0.6100032815604479,0.792398887231352,1.0,12.0,0.16534712408787333,316.65751805855984,0.0,1.0
evt_pay_006668_0,cust_011,pay_006668,2026-05-05T02:31:53.998096+00:00,67549,RETRY_LATER,0.8333333333333334,0,0.47767857142857145,0.7293187279453642,0.3987315535371014,0.0,1.0,0.6153174730353178,0.7882793967733972,0.875,3.0,-0.306212897974724,308.8248545968047,0.0,1.0
evt_pay_001464_1,cust_032,pay_001464,2026-05-05T02:38:32.963609+00:00,358156,WHATSAPP_NUDGE,0.8333333333333334,0,0.3372093023255814,0.08333333333333333,0.2945000865746809,1.0,1.0,0.6379261148913056,0.770097572999477,0.7941176470588236,7.0,0.2905055503479753,329.5734597228181,0.0,0.0
evt_pay_000360_2,cust_053,pay_000360,2026-05-05T02:39:52.965917+00:00,404415,ESCALATE_HUMAN,0.8333333333333334,0,0.41295546558704455,0.9166666666666666,0.7531115500672796,2.0,1.0,0.6423956686452679,0.7663731499118424,1.0,8.0,-0.06914381847567465,305.0953882733225,0.0,0.0
evt_pay_006471_0,cust_032,pay_006471,2026-05-05T02:45:29.786540+00:00,335539,WHATSAPP_NUDGE,0.8333333333333334,0,0.3359073359073359,0.004824339490217729,0.09547474832439448,0.0,1.0,0.6609728559900071,0.7504098104665299,0.8,8.0,0.2905055503479753,329.5782840623083,0.0,0.0
evt_pay_006279_0,cust_003,pay_006279,2026-05-05T03:01:59.195469+00:00,240317,WHATSAPP_NUDGE,0.8333333333333334,1,0.5231481481481481,0.46202106072629096,0.2603909982349402,0.0,1.0,0.7132094397111776,0.7009509933703413,0.8055555555555556,5.0,2.053947620637407,310.1570415326935,0.0,0.0
evt_pay_000368_0,cust_019,pay_000368,2026-05-05T04:15:24.984224+00:00,124690,WHATSAPP_NUDGE,0.8333333333333334,0,0.5,1.8638887879691879,0.11973587010040712,0.0,1.0,0.8976748568479773,0.44065842937922267,0.8421052631578947,3.0,-0.5137657855739247,310.58662524743187,0.0,0.0
evt_pay_006668_1,cust_011,pay_006668,2026-05-05T04:31:53.998096+00:00,48983,WHATSAPP_NUDGE,0.8333333333333334,0,0.47555555555555556,0.08333333333333333,-0.49613286033217024,1.0,1.0,0.9270202614277301,0.37501124636797617,0.8571428571428572,3.0,-0.306212897974724,308.908187930138,0.0,0.0
evt_pay_007244_2,cust_018,pay_007244,2026-05-05T05:30:24.382378+00:00,162879,ESCALATE_HUMAN,0.8333333333333334,0,0.3153526970954357,0.13986084405504093,0.3538937414557349,2.0,1.0,0.991674743456293,0.12876802083939679,0.7837837837837838,7.0,-0.4554811204429685,309.85166766079675,1.0,0.0
evt_pay_005757_2,cust_012,pay_005757,2026-05-05T05:36:50.770111+00:00,543204,WHATSAPP_NUDGE,0.03333333333333333,1,0.4732142857142857,0.9166666666666666,0.008487459514894798,2.0,1.0,0.9949010462499722,0.10085587821595048,0.8125,5.0,-0.5006574979571285,314.4400078857369,0.0,0.0
evt_pay_000368_1,cust_019,pay_000368,2026-05-05T06:15:24.984224+00:00,103647,RETRY_NOW,0.03333333333333333,1,0.4976958525345622,0.08333333333333333,-0.382648040011575,1.0,1.0,0.997738445058519,-0.06721603418983085,0.8421052631578947,4.0,-0.5137657855739247,310.66995858076524,1.0,0.0
evt_pay_000692_0,cust_014,pay_000692,2026-05-05T06:25:07.906972+00:00,79033,RETRY_LATER,0.8333333333333334,0,0.3375,1.358843869470017,0.5215695370800604,0.0,1.0,0.9939935742101211,-0.10943845041386743,0.75,9.0,-0.8122776257059364,329.02447537218546,0.0,1.0
evt_pay_005258_2,cust_022,pay_005258,2026-05-05T06:26:38.541006+00:00,91581,ESCALATE_HUMAN,0.8333333333333334,0,0.45064377682403434,0.9166666666666666,-0.5272767960370761,2.0,1.0,0.9932506697276942,-0.11598752987061625,0.8,5.0,-0.6143468879245073,313.2748725382573,1.0,0.0
evt_pay_007197_2,cust_011,pay_007197,2026-05-05T07:01:40.860002+00:00,68785,ESCALATE_HUMAN,0.8333333333333334,0,0.47345132743362833,0.10401460538796907,0.4583401733511602,2.0,1.0,0.964001488711367,-0.26589684045183404,0.8333333333333334,4.0,-0.306212897974724,309.012202535526,1.0,0.0
evt_pay_002602_0,cust_033,pay_002602,2026-05-05T07:11:32.781469+00:00,57716,RETRY_LATER,0.8333333333333334,0,0.6059113300492611,3.5997431185945934,-0.7902140234611424,0.0,1.0,0.9516663171399121,-0.30713388094014676,0.7647058823529411,3.0,-0.3958893149650273,309.04322102984037,0.0,1.0
evt_pay_000692_1,cust_014,pay_000692,2026-05-05T08:25:07.906972+00:00,65836,WHATSAPP_NUDGE,0.8333333333333334,0,0.3360995850622407,0.08333333333333333,-0.04262028476597331,1.0,1.0,0.8061044612575238,-0.5917732653142734,0.75,9.0,-0.8122776257059364,329.10780870551883,0.0,1.0
evt_pay_007788_0,cust_035,pay_007788,2026-05-05T09:04:21.690865+00:00,43320,WHATSAPP_NUDGE,0.8333333333333334,0,0.3700787401574803,0.47235934633458027,-0.0339517511595028,0.0,1.0,0.6935228170683987,-0.7204346619961538,0.8235294117647058,9.0,0.5026080740568922,308.31376274743656,0.0,0.0
evt_pay_002703_0,cust_005,pay_002703,2026-05-05T09:10:05.596026+00:00,106969,RETRY_LATER,0.8333333333333334,1,0.3404255319148936,0.6912683857029643,-0.5222810555208438,0.0,1.0,0.6752901133663045,-0.7375522102127574,0.7037037037037037,8.0,-0.6412832630166057,325.05912717014985,0.0,1.0
evt_pay_002602_1,cust_033,pay_002602,2026-05-05T09:11:32.781469+00:00,96287,WHATSAPP_NUDGE,0.8333333333333334,0,0.6029411764705882,0.08333333333333333,0.5911092486634283,1.0,1.0,0.6706002660990685,-0.7418189018270284,0.7647058823529411,3.0,-0.3958893149650273,309.1265543631737,0.0,0.0
evt_pay_008072_0,cust_031,pay_008072,2026-05-05T09:31:23.186241+00:00,49436,RETRY_LATER,0.03333333333333333,0,0.35807860262008734,0.3799584427191955,-0.23074773651678643,0.0,1.0,0.603950948654388,-0.7970214875519133,1.0,5.0,-0.07508066613848166,327.7322898523471,1.0,0.0
evt_pay_001444_0,cust_031,pay_001444,2026-05-05T09:53:57.847085+00:00,55311,DO_NOTHING,0.03333333333333333,0,0.3565217391304348,0.015678944954705305,0.08134596188179427,0.0,1.0,0.5226320514282814,-0.8525583492171467,1.0,5.0,-0.07508066613848166,327.7479687973018,0.0,1.0
evt_pay_003845_2,cust_056,pay_003845,2026-05-05T09:58:36.583442+00:00,116641,ESCALATE_HUMAN,0.8333333333333334,0,0.3062730627306273,0.9166666666666666,-0.7656760076772811,2.0,1.0,0.5052442715155621,-0.8629763763282915,0.7647058823529411,8.0,-0.26273729270347856,316.3711478657829,1.0,0.0
evt_pay_007788_1,cust_035,pay_007788,2026-05-05T11:04:21.690865+00:00,38916,WHATSAPP_NUDGE,0.8333333333333334,0,0.3686274509803922,0.08333333333333333,-0.32096824891956155,1.0,1.0,0.24039104668730457,-0.970676127589724,0.8333333333333334,10.0,0.5026080740568922,308.3970960807699,0.0,0.0
evt_pay_002748_2,cust_035,pay_002748,2026-05-05T11:07:47.668602+00:00,46785,ESCALATE_HUMAN,0.8333333333333334,0,0.3671875,0.0023840015889504684,0.19183713050598464,2.0,1.0,0.22582474430389202,-0.9741679448945555,0.8333333333333334,11.0,0.5026080740568922,308.3994800823589,0.0,0.0
evt_pay_007700_0,cust_015,pay_007700,2026-05-05T11:09:48.133838+00:00,99466,WHATSAPP_NUDGE,0.8333333333333334,0,0.41810344827586204,4.396325262075152,-0.4472172965250201,0.0,1.0,0.21728200999693653,-0.9761088710444604,0.7647058823529411,3.0,1.245182551392603,321.881283800528,0.0,0.0
evt_pay_008108_0,cust_001,pay_008108,2026-05-05T11:13:17.629497+00:00,632229,PAYMENT_LINK,0.8333333333333334,0,0.34057971014492755,0.3631492110912973,0.5682188631716476,0.0,1.0,0.20238639576451806,-0.9793057473585294,1.0,12.0,0.16534712408787333,317.02066726965114,0.0,0.0
evt_pay_000788_0,cust_006,pay_000788,2026-05-05T11:25:31.247659+00:00,131104,RETRY_LATER,0.8333333333333334,0,0.5098039215686274,3.9969485387158934,0.021319990337773546,0.0,1.0,0.14987704871577495,-0.9887046425845533,0.7777777777777778,5.0,-0.3286363658753921,327.1244567517832,0.0,1.0
evt_pay_008072_1,cust_031,pay_008072,2026-05-05T11:31:23.186241+00:00,67360,WHATSAPP_NUDGE,0.8333333333333334,0,0.354978354978355,0.06765438837862803,0.721512036390813,1.0,1.0,0.12452612039845516,-0.9922163299092136,1.0,5.0,-0.07508066613848166,327.8156231856804,0.0,0.0
evt_pay_001810_0,cust_018,pay_001810,2026-05-05T12:09:12.578615+00:00,168672,WHATSAPP_NUDGE,0.8333333333333334,0,0.3140495867768595,0.27694671571447316,0.46809027768013817,0.0,1.0,-0.04017383669995209,-0.9991927055602465,0.75,7.0,-0.4554811204429685,310.1286143765112,0.0,0.0
evt_pay_003521_2,cust_023,pay_003521,2026-05-05T12:25:43.194683+00:00,88933,ESCALATE_HUMAN,0.8333333333333334,0,0.4488888888888889,0.4443668744253652,0.16360842870550094,2.0,1.0,-0.11198886833575956,-0.9937094612455272,0.8333333333333334,9.0,0.9385908116339667,328.770126076838,0.0,0.0
evt_pay_005418_2,cust_001,pay_005418,2026-05-05T12:41:10.165854+00:00,516842,WHATSAPP_NUDGE,0.03333333333333333,0,0.33935018050541516,0.06102472636081302,-0.05693646359331007,2.0,1.0,-0.1786709801450041,-0.9839088783286913,1.0,13.0,0.16534712408787333,317.0816919960119,0.0,0.0
evt_pay_007700_1,cust_015,pay_007700,2026-05-05T13:09:48.133838+00:00,123783,WHATSAPP_NUDGE,0.8333333333333334,0,0.41630901287553645,0.08333333333333333,0.1419532005089484,1.0,1.0,-0.2998826950795387,-0.9539760841823197,0.7777777777777778,4.0,1.245182551392603,321.96461713386134,0.0,0.0
evt_pay_008108_1,cust_001,pay_008108,2026-05-05T13:13:17.629497+00:00,607488,PAYMENT_LINK,0.8333333333333334,0,0.3381294964028777,0.022308606972520312,0.4341759451989563,1.0,1.0,-0.3143811135668206,-0.949296853166851,1.0,14.0,0.16534712408787333,317.10400060298446,0.0,0.0
evt_pay_007275_0,cust_049,pay_007275,2026-05-05T13:14:16.793592+00:00,328933,RETRY_LATER,0.8333333333333334,0,0.37344398340248963,3.4337270513912395,-0.053800336227152704,0.0,1.0,-0.31846257345557843,-0.9479354352001249,0.7916666666666666,5.0,0.2100296838614713,307.4324981155118,0.0,1.0
evt_pay_006526_0,cust_027,pay_006526,2026-05-05T13:22:10.800741+00:00,80578,RETRY_LATER,0.8333333333333334,0,0.2743682310469314,1.1054206841654188,0.03433363134988371,0.0,1.0,-0.3509429842502536,-0.9363968292372237,0.8,8.0,-0.8172299270627982,307.69898296842007,0.0,1.0
evt_pay_000788_1,cust_006,pay_000788,2026-05-05T13:25:31.247659+00:00,130178,WHATSAPP_NUDGE,0.8333333333333334,0,0.5078125,0.08333333333333333,0.0009895352336007916,1.0,1.0,-0.3645549896601775,-0.9311818616757244,0.7894736842105263,5.0,-0.3286363658753921,327.2077900851165,0.0,1.0
evt_pay_007443_0,cust_000,pay_007443,2026-05-05T13:29:53.167728+00:00,125150,WHATSAPP_NUDGE,0.8333333333333334,0,0.41904761904761906,0.831337779163467,-0.04833478174943663,0.0,1.0,-0.3822243493139156,-0.9240695573340536,0.8333333333333334,7.0,0.8132490481077264,324.21762946363674,0.0,0.0
evt_pay_001810_1,cust_018,pay_001810,2026-05-05T14:09:12.578615+00:00,115345,WHATSAPP_NUDGE,0.8333333333333334,0,0.31275720164609055,0.08333333333333333,-0.5832097968647691,1.0,1.0,-0.5343879159297692,-0.8452393479413023,0.8333333333333334,8.0,-0.4554811204429685,310.21194770984454,0.0,0.0
evt_pay_005537_0,cust_030,pay_005537,2026-05-05T14:27:02.879601+00:00,151378,WHATSAPP_NUDGE,0.8333333333333334,0,0.39920948616600793,1.2276317222857263,-0.3562547906619171,0.0,1.0,-0.5984923784264776,-0.8011284996587114,0.7777777777777778,11.0,1.7722569671050512,305.54631123534006,0.0,0.0
evt_pay_007780_0,cust_049,pay_007780,2026-05-05T14:48:26.676903+00:00,329270,RETRY_NOW,0.8333333333333334,0,0.371900826446281,0.06539216795586829,-0.0509280078904968,0.0,1.0,-0.6705710466048458,-0.7418453150457188,0.84,4.0,0.2100296838614713,307.4978902834677,1.0,0.0
evt_pay_008433_2,cust_032,pay_008433,2026-05-05T15:08:21.258220+00:00,302446,ESCALATE_HUMAN,0.8333333333333334,0,0.3346153846153846,0.5158735148084853,-0.19573052524024,2.0,1.0,-0.7324071567397713,-0.6808669155983158,0.8461538461538461,9.0,0.2905055503479753,330.09415757711673,1.0,0.0
evt_pay_004888_0,cust_006,pay_004888,2026-05-05T15:08:58.745885+00:00,153643,RETRY_LATER,0.8333333333333334,0,0.5058365758754864,0.07184604428168011,0.5161743710273092,0.0,1.0,-0.7342605985083965,-0.6788677142699389,0.8421052631578947,6.0,-0.3286363658753921,327.2796361293982,0.0,1.0
evt_pay_002323_0,cust_010,pay_002323,2026-05-05T15:10:14.434606+00:00,82274,WHATSAPP_NUDGE,0.8333333333333334,0,0.4163424124513619,0.6291668264076407,0.11678345635319051,0.0,1.0,-0.7379861070975112,-0.6748159050667528,0.85,2.0,-0.045395759303349575,334.57771117368435,0.0,0.0
evt_pay_007275_1,cust_049,pay_007275,2026-05-05T15:14:16.793592+00:00,387035,WHATSAPP_NUDGE,0.8333333333333334,0,0.37037037037037035,0.01794116537746504,0.4413724761584222,1.0,1.0,-0.7497643963671614,-0.6617048813029763,0.8461538461538461,4.0,0.2100296838614713,307.5158314488452,0.0,1.0
evt_pay_006526_1,cust_027,pay_006526,2026-05-05T15:22:10.800741+00:00,71790,RETRY_NOW,0.03333333333333333,1,0.2733812949640288,0.08333333333333333,-0.28099564687278183,1.0,1.0,-0.7721239542592535,-0.635471950017508,0.8518518518518519,8.0,-0.8172299270627982,307.7823163017534,1.0,0.0
evt_pay_006056_0,cust_013,pay_006056,2026-05-05T15:24:14.685442+00:00,223258,RETRY_LATER,0.8333333333333334,0,0.3804878048780488,4.494767309144834,0.8528964744359868,0.0,1.0,-0.7778176042875762,-0.6284900750690783,1.0,2.0,-0.5595801808996762,306.2441071561513,0.0,1.0
evt_pay_007443_1,cust_000,pay_007443,2026-05-05T15:29:53.167728+00:00,120710,WHATSAPP_NUDGE,0.8333333333333334,0,0.41706161137440756,0.08333333333333333,-0.1479937060327854,1.0,1.0,-0.7930507751178548,-0.6091555368581736,0.8333333333333334,8.0,0.8132490481077264,324.30096279697005,0.0,1.0
evt_pay_000335_2,cust_029,pay_000335,2026-05-05T15:58:58.049001+00:00,45147,ESCALATE_HUMAN,0.8333333333333334,0,0.4172661870503597,0.9166666666666666,0.025960926200653787,2.0,1.0,-0.863764020733906,-0.5038965335121848,0.8148148148148149,6.0,-0.8256115037842402,308.6792366103304,0.0,0.0
evt_pay_002652_0,cust_045,pay_002652,2026-05-05T16:06:50.358123+00:00,80757,RETRY_LATER,0.8333333333333334,0,0.33760683760683763,2.4213362059304964,-0.21420064591480342,0.0,1.0,-0.8805586407731403,-0.47393721119971133,0.85,4.0,1.000889969158722,308.5079275616534,0.0,1.0
evt_pay_005537_1,cust_030,pay_005537,2026-05-05T16:27:02.879601+00:00,184588,WHATSAPP_NUDGE,0.8333333333333334,0,0.39763779527559057,0.08333333333333333,0.1923983220481548,1.0,1.0,-0.918873853518055,-0.3945514431869183,0.75,12.0,1.7722569671050512,305.6296445686734,0.0,0.0
evt_pay_003977_0,cust_025,pay_003977,2026-05-05T16:28:35.798611+00:00,246710,WHATSAPP_NUDGE,0.8333333333333334,1,0.5619469026548672,0.7544750407713158,0.40357063013371197,0.0,1.0,-0.9215189422611268,-0.3883334122296637,0.85,3.0,0.10753773716001852,311.37033761826757,0.0,0.0
evt_pay_002547_0,cust_042,pay_002547,2026-05-05T16:34:53.582489+00:00,221755,WHATSAPP_NUDGE,0.8333333333333334,0,0.41596638655462187,4.42011941090188,-0.13071427464528196,0.0,1.0,-0.9318386199227902,-0.36287296182051076,0.9166666666666666,2.0,0.21388002896855346,331.62048311124687,0.0,0.0
evt_pay_003540_0,cust_022,pay_003540,2026-05-05T16:41:05.797701+00:00,105571,RETRY_LATER,0.8333333333333334,0,0.44871794871794873,0.42670435989712513,-0.17137566864911147,0.0,1.0,-0.9413184042958908,-0.337519868650481,0.8333333333333334,5.0,-0.6143468879245073,313.7015768981544,0.0,1.0
evt_pay_002323_1,cust_010,pay_002323,2026-05-05T17:10:14.434606+00:00,94756,WHATSAPP_NUDGE,0.8333333333333334,0,0.41472868217054265,0.08333333333333333,0.5679821202312516,1.0,1.0,-0.9765226689198045,-0.2154146631168402,0.8095238095238095,3.0,-0.045395759303349575,334.6610445070177,0.0,1.0
evt_pay_006056_1,cust_013,pay_006056,2026-05-05T17:24:14.685442+00:00,168440,RETRY_NOW,0.03333333333333333,0,0.3786407766990291,0.08333333333333333,-0.05805550840618977,1.0,1.0,-0.9878548423583319,-0.15537956889242316,1.0,2.0,-0.5595801808996762,306.3274404894846,0.0,1.0
evt_pay_002813_0,cust_024,pay_002813,2026-05-05T17:31:50.626653+00:00,83073,RETRY_LATER,0.8333333333333334,0,0.2801724137931034,1.7846020812059653,-0.37703894794711296,0.0,1.0,-0.992462848934654,-0.12254588318058762,1.0,7.0,-1.1653357768016162,320.388306461896,0.0,1.0
evt_pay_004544_0,cust_034,pay_004544,2026-05-05T17:59:53.992697+00:00,35747,WHATSAPP_NUDGE,0.8333333333333334,0,0.36283185840707965,1.0725443345396002,-0.9689767640032053,0.0,1.0,-0.9999999045751816,-0.00043686339690993434,0.8095238095238095,6.0,-0.5369784473169031,318.86278556332826,0.0,0.0
evt_pay_002652_1,cust_045,pay_002652,2026-05-05T18:06:50.358123+00:00,70834,WHATSAPP_NUDGE,0.8333333333333334,0,0.33617021276595743,0.08333333333333333,-0.5389405766016337,1.0,1.0,-0.9995547580312909,0.029837655688869598,0.8181818181818181,4.0,1.000889969158722,308.59126089498676,0.0,0.0
evt_pay_005293_0,cust_033,pay_005293,2026-05-05T18:16:24.253234+00:00,68088,RETRY_NOW,0.8333333333333334,1,0.6,0.3783735157997133,-0.41875579736456164,0.0,1.0,-0.9974394660852848,0.07151581290527308,0.8260869565217391,4.0,-0.3958893149650273,309.50492787897343,1.0,0.0
evt_pay_002547_1,cust_042,pay_002547,2026-05-05T18:34:53.582489+00:00,174640,WHATSAPP_NUDGE,0.8333333333333334,1,0.41422594142259417,0.08333333333333333,-0.7099865707504522,1.0,1.0,-0.9884323979908237,0.15166210667833235,0.9090909090909091,3.0,0.21388002896855346,331.70381644458024,0.0,1.0
evt_pay_003540_1,cust_022,pay_003540,2026-05-05T18:41:05.797701+00:00,126351,WHATSAPP_NUDGE,0.8333333333333334,0,0.44680851063829785,0.08333333333333333,0.3572833318483093,1.0,1.0,-0.9839655854953129,0.17835842161464127,0.8461538461538461,5.0,-0.6143468879245073,313.78491023148774,0.0,0.0
evt_pay_000334_0,cust_012,pay_000334,2026-05-05T19:25:34.534083+00:00,588089,PAYMENT_LINK,0.8333333333333334,1,0.47555555555555556,1.492173194119952,0.24527744106464566,0.0,1.0,-0.9310947080652605,0.3647775275601106,0.8181818181818181,3.0,-0.5006574979571285,315.0155144131902,0.0,0.0
evt_pay_007958_0,cust_021,pay_007958,2026-05-05T19:29:44.558927+00:00,284442,ESCALATE_HUMAN,0.03333333333333333,0,0.3719298245614035,2.1680457614048882,0.9219600583819749,0.0,1.0,-0.9243086676790464,0.3816457609529892,0.75,5.0,-0.0711177391970671,321.26116764957857,0.0,0.0
evt_pay_002813_1,cust_024,pay_002813,2026-05-05T19:31:50.626653+00:00,70721,WHATSAPP_NUDGE,0.8333333333333334,0,0.27896995708154504,0.08333333333333333,-0.745791054409088,1.0,1.0,-0.9207709810799818,0.39010357650373817,1.0,7.0,-1.1653357768016162,320.47163979522935,0.0,0.0
evt_pay_004292_2,cust_039,pay_004292,2026-05-05T19:32:56.874737+00:00,279848,ESCALATE_HUMAN,0.8333333333333334,0,0.5113122171945701,0.877831547594667,0.318509102264253,2.0,1.0,-0.9188809020302231,0.3945350274489243,0.8571428571428572,8.0,-0.6642333856639545,306.21630654716256,0.0,0.0
evt_pay_002056_2,cust_035,pay_002056,2026-05-05T19:44:09.843342+00:00,57286,ESCALATE_HUMAN,0.8333333333333334,0,0.3657587548638132,0.35858998540980264,0.8761543279643366,2.0,1.0,-0.8984800177047986,0.4390144163751174,0.8571428571428572,9.0,0.5026080740568922,308.75807006776864,1.0,0.0
evt_pay_002234_0,cust_030,pay_002234,2026-05-05T19:49:23.342388+00:00,167628,WHATSAPP_NUDGE,0.8333333333333334,0,0.396078431372549,0.1405146155875059,-0.08779860479616454,0.0,1.0,-0.8882386171104467,0.4593823669599446,0.75,11.0,1.7722569671050512,305.7701591842609,0.0,0.0
evt_pay_004544_1,cust_034,pay_004544,2026-05-05T19:59:53.992697+00:00,55378,WHATSAPP_NUDGE,0.8333333333333334,0,0.36123348017621143,0.08333333333333333,0.0678867130673788,1.0,1.0,-0.8662437528425767,0.4996216174878835,0.8260869565217391,7.0,-0.5369784473169031,318.9461188966616,1.0,0.0
evt_pay_000593_0,cust_011,pay_000593,2026-05-05T20:00:22.239107+00:00,67366,WHATSAPP_NUDGE,0.8333333333333334,0,0.4713656387665198,0.5407567026125738,0.38991550092202587,0.0,1.0,-0.8652156347971327,0.5013999454553167,0.7777777777777778,4.0,-0.306212897974724,309.5529592381386,0.0,0.0
evt_pay_006513_0,cust_003,pay_006513,2026-05-05T20:18:31.671327+00:00,228940,RETRY_NOW,0.8333333333333334,0,0.5253456221198156,1.181841383159546,0.11280164301212196,0.0,1.0,-0.8228194548430401,0.5683028635611493,0.8181818181818181,6.0,2.053947620637407,310.8768618551267,1.0,0.0
evt_pay_007187_2,cust_025,pay_007187,2026-05-05T20:22:09.155088+00:00,294699,PAYMENT_LINK,0.03333333333333333,0,0.5638766519823789,0.9166666666666666,1.037831506588155,2.0,1.0,-0.8137287193880722,0.5812448462077302,0.8333333333333334,4.0,0.10753773716001852,311.53252924416296,0.0,1.0
evt_pay_003791_0,cust_001,pay_003791,2026-05-05T20:26:06.272533+00:00,589069,PAYMENT_LINK,0.8333333333333334,0,0.33691756272401435,0.3005629981025398,0.334385239953756,0.0,1.0,-0.8035854477160211,0.5951894053316489,1.0,15.0,0.16534712408787333,317.404563601087,0.0,0.0
evt_pay_003037_0,cust_031,pay_003037,2026-05-05T21:03:20.078575+00:00,58402,WHATSAPP_NUDGE,0.8333333333333334,0,0.35344827586206895,0.39718625387640333,0.2455991225020789,0.0,1.0,-0.6967438043344841,0.7173200618423481,1.0,4.0,-0.07508066613848166,328.2128094395568,0.0,0.0
evt_pay_007586_0,cust_029,pay_007586,2026-05-05T21:19:53.227451+00:00,47148,RETRY_NOW,0.8333333333333334,0,0.4157706093189964,0.2228608616894121,0.15371041872746327,0.0,1.0,-0.6431648190609303,0.7657277685459244,0.8260869565217391,6.0,-0.8256115037842402,308.90209747201976,1.0,0.0
evt_pay_002234_1,cust_030,pay_002234,2026-05-05T21:49:23.342388+00:00,197151,WHATSAPP_NUDGE,0.8333333333333334,0,0.39453125,0.08333333333333333,0.3999446458259212,1.0,1.0,-0.5395460235600342,0.8419561083931603,0.8,11.0,1.7722569671050512,305.85349251759425,1.0,0.0
evt_pay_006261_0,cust_059,pay_006261,2026-05-05T22:14:52.170341+00:00,157850,WHATSAPP_NUDGE,0.8333333333333334,0,0.39111111111111113,1.5046390052588663,-0.13000526160899858,0.0,1.0,-0.44279928786583905,0.8966207618974177,0.75,2.0,-0.38878117849020055,317.54758467191846,0.0,0.0
evt_pay_003791_1,cust_001,pay_003791,2026-05-05T22:26:06.272533+00:00,700442,PAYMENT_LINK,0.8333333333333334,0,0.3357142857142857,0.08333333333333333,0.9377932984932902,1.0,1.0,-0.39833070916774227,0.9172418689385715,1.0,16.0,0.16534712408787333,317.48789693442035,0.0,0.0
evt_pay_002290_0,cust_026,pay_002290,2026-05-05T22:32:34.941047+00:00,240737,RETRY_NOW,0.8333333333333334,0,0.4885057471264368,3.0269540259334917,0.16528892570471032,0.0,1.0,-0.3722494266882065,0.9281327299100607,0.9,1.0,1.9048100532514713,322.49253036209456,1.0,0.0
evt_pay_003079_0,cust_054,pay_003079,2026-05-05T22:56:30.548981+00:00,66260,RETRY_LATER,0.8333333333333334,0,0.4418604651162791,1.8109550848450529,-0.9423665625735747,0.0,1.0,-0.2735011531877004,0.9618716750195933,1.0,3.0,-0.6956354929968003,321.4124904777567,0.0,1.0
evt_pay_007586_1,cust_029,pay_007586,2026-05-05T23:19:53.227451+00:00,46041,WHATSAPP_NUDGE,0.8333333333333334,0,0.4142857142857143,0.08333333333333333,0.0830726745984499,1.0,1.0,-0.17413318785422421,0.9847221094744067,0.85,6.0,-0.8256115037842402,308.98543080535313,0.0,0.0
evt_pay_002704_0,cust_058,pay_002704,2026-05-05T23:34:56.788122+00:00,266570,PAYMENT_LINK,0.03333333333333333,1,0.4892703862660944,1.3182227737235432,0.28321215633344443,0.0,1.0,-0.10909905798826568,0.9940308825917196,0.8571428571428572,9.0,4.286983765334936,323.94671430992946,0.0,0.0
evt_pay_008136_0,cust_019,pay_008136,2026-05-05T23:38:53.603958+00:00,99150,WHATSAPP_NUDGE,0.8333333333333334,0,0.5,0.8079701358108574,-0.4900229272662638,0.0,1.0,-0.0919647907768887,0.9957622594060106,0.8181818181818181,4.0,-0.5137657855739247,311.39459538324274,0.0,0.0
evt_pay_000978_0,cust_020,pay_000978,2026-05-06T00:03:21.441749+00:00,71131,RETRY_NOW,0.8333333333333334,0,0.3726235741444867,1.8996921909978066,0.45915176892548326,0.0,1.0,0.014648733411815143,0.999892701548236,0.9,2.0,0.06752823759169156,320.2407517835159,1.0,0.0
evt_pay_006261_1,cust_059,pay_006261,2026-05-06T00:14:52.170341+00:00,133956,WHATSAPP_NUDGE,0.8333333333333334,0,0.3893805309734513,0.08333333333333333,-0.5428092216438495,1.0,1.0,0.06483494887923368,0.9978960012966417,0.7272727272727273,3.0,-0.38878117849020055,317.6309180052518,0.0,1.0
evt_pay_008346_0,cust_005,pay_008346,2026-05-06T00:20:46.959014+00:00,151841,WHATSAPP_NUDGE,0.8333333333333334,0,0.3432203389830508,1.323691568440135,0.45716250736552927,0.0,1.0,0.09055718888214308,0.9958912568858931,0.8571428571428572,7.0,-0.6412832630166057,325.6915503528871,0.0,0.0
evt_pay_002290_1,cust_026,pay_002290,2026-05-06T00:32:34.941047+00:00,213567,WHATSAPP_NUDGE,0.8333333333333334,0,0.4857142857142857,0.08333333333333333,-0.1758205732273871,1.0,1.0,0.14168890489885091,0.9899112355300168,0.9090909090909091,1.0,1.9048100532514713,322.57586369542787,0.0,0.0
evt_pay_000020_0,cust_022,pay_000020,2026-05-06T00:34:39.802171+00:00,128852,RETRY_LATER,0.8333333333333334,0,0.4449152542372881,0.2455324591336042,0.4209079509374012,0.0,1.0,0.15067148993798782,0.9885838872447127,0.9090909090909091,6.0,-0.6143468879245073,314.0304426906213,0.0,1.0
evt_pay_001464_2,cust_032,pay_001464,2026-05-06T00:38:32.963609+00:00,290448,ESCALATE_HUMAN,0.8333333333333334,0,0.3333333333333333,0.3959688123679636,-0.30130837922320264,2.0,1.0,0.1674114347336427,0.9858871190559411,0.8571428571428572,9.0,0.2905055503479753,330.4901263894847,0.0,0.0
evt_pay_002162_0,cust_038,pay_002162,2026-05-06T00:44:06.967007+00:00,46983,PAYMENT_LINK,0.03333333333333333,0,0.6461538461538462,2.5888958520398924,0.15421984754160137,0.0,1.0,0.19130631721904268,0.9815303831222378,0.85,1.0,2.4957647172129915,332.98754334631525,1.0,0.0
evt_pay_008551_0,cust_007,pay_008551,2026-05-06T00:49:36.753403+00:00,261980,RETRY_NOW,0.8333333333333334,0,0.45789473684210524,1.36125215452779,-0.47819894109949357,0.0,1.0,0.2147888377861077,0.9766605117247718,1.0,2.0,-0.46533070623945577,334.13275974492257,1.0,0.0
evt_pay_003079_1,cust_054,pay_003079,2026-05-06T00:56:30.548981+00:00,82987,WHATSAPP_NUDGE,0.8333333333333334,0,0.44015444015444016,0.08333333333333333,-0.4590019336891742,1.0,1.0,0.2440768908849091,0.9697558823415077,1.0,3.0,-0.6956354929968003,321.49582381109,0.0,1.0
evt_pay_008136_1,cust_019,pay_008136,2026-05-06T01:38:53.603958+00:00,140191,WHATSAPP_NUDGE,0.8333333333333334,0,0.4977168949771689,0.08333333333333333,0.4897961149797986,1.0,1.0,0.4182372846364998,0.9083378081638391,0.9166666666666666,5.0,-0.5137657855739247,311.47792871657606,0.0,0.0
evt_pay_004250_0,cust_033,pay_004250,2026-05-06T02:09:16.173905+00:00,60796,WHATSAPP_NUDGE,0.03333333333333333,0,0.6019417475728155,0.7067522272619348,-0.6798892895338279,0.0,1.0,0.5346088912421506,0.845099599695112,0.8571428571428572,4.0,-0.3958893149650273,309.8333065904356,1.0,0.0
evt_pay_008346_1,cust_005,pay_008346,2026-05-06T02:20:46.959014+00:00,106619,WHATSAPP_NUDGE,0.8333333333333334,0,0.34177215189873417,0.08333333333333333,-0.5299262098654969,1.0,1.0,0.5763704545101881,0.8171885334289262,0.8421052631578947,6.0,-0.6412832630166057,325.7748836862204,0.0,0.0
evt_pay_006668_2,cust_011,pay_006668,2026-05-06T02:31:53.998096+00:00,56217,ESCALATE_HUMAN,0.8333333333333334,1,0.4692982456140351,0.27189535866612385,-0.14744158455000334,2.0,1.0,0.6153174730353178,0.7882793967733972,1.0,5.0,-0.306212897974724,309.8248545968047,0.0,0.0
evt_pay_002162_1,cust_038,pay_002162,2026-05-06T02:44:06.967007+00:00,44828,WHATSAPP_NUDGE,0.8333333333333334,1,0.6428571428571429,0.08333333333333333,0.016103072727083164,1.0,1.0,0.6564413221772543,0.7543770877606094,0.8636363636363636,2.0,2.4957647172129915,333.0708766796486,1.0,0.0
evt_pay_008551_1,cust_007,pay_008551,2026-05-06T02:49:36.753403+00:00,344092,RETRY_LATER,0.03333333333333333,0,0.45549738219895286,0.08333333333333333,0.26742172136606773,1.0,1.0,0.6743428458344901,0.7384183951337081,0.9166666666666666,2.0,-0.46533070623945577,334.2160930782559,0.0,0.0
evt_pay_001275_0,cust_035,pay_001275,2026-05-06T03:05:07.035569+00:00,31254,RETRY_LATER,0.8333333333333334,0,0.3643410852713178,0.30621750262527786,-0.8202948293051072,0.0,1.0,0.7227176739149117,0.6911433742799097,0.9230769230769231,9.0,0.5026080740568922,309.0642875703939,0.0,1.0
evt_pay_006039_0,cust_030,pay_006039,2026-05-06T04:00:10.033608+00:00,251149,WHATSAPP_NUDGE,0.8333333333333334,0,0.39299610894941633,0.25748485207897903,1.2920360199972984,0.0,1.0,0.8663900054834804,0.49936795892241104,0.9230769230769231,12.0,1.7722569671050512,306.1109773696732,0.0,0.0
evt_pay_003194_0,cust_035,pay_003194,2026-05-06T04:39:57.081428+00:00,49367,WHATSAPP_NUDGE,0.8333333333333334,0,0.36293436293436293,0.06585701226375325,0.3600820761645668,0.0,1.0,0.93962000771452,0.34221958024427146,0.9230769230769231,9.0,0.5026080740568922,309.1301445826577,0.0,0.0
evt_pay_000712_0,cust_030,pay_000712,2026-05-06T05:58:50.633484+00:00,169566,PAYMENT_LINK,0.03333333333333333,0,0.39147286821705424,0.08241435041941259,-0.055767074084129155,0.0,1.0,0.9999872766609571,0.005044454004392629,0.9230769230769231,13.0,1.7722569671050512,306.1933917200926,0.0,0.0
evt_pay_000692_2,cust_014,pay_000692,2026-05-06T06:25:07.906972+00:00,48688,ESCALATE_HUMAN,0.8333333333333334,0,0.3347107438016529,0.9166666666666666,-0.7757001770124118,2.0,1.0,0.9939935742101211,-0.10943845041386743,0.8260869565217391,8.0,-0.8122776257059364,330.02447537218546,0.0,0.0
evt_pay_002352_0,cust_037,pay_002352,2026-05-06T06:36:12.456848+00:00,130618,RETRY_NOW,0.8333333333333334,0,0.43564356435643564,1.5940696532863399,-0.5185878721318786,0.0,1.0,0.9875462233187041,-0.15732913528321532,0.9285714285714286,1.0,-0.33341852366871827,312.90500770076386,1.0,0.0
evt_pay_003194_1,cust_035,pay_003194,2026-05-06T06:39:57.081428+00:00,44865,WHATSAPP_NUDGE,0.8333333333333334,0,0.36153846153846153,0.08333333333333333,0.06668514519811358,1.0,1.0,0.9848445867070403,-0.17343915369327356,1.0,10.0,0.5026080740568922,309.213477915991,0.0,0.0
evt_pay_005100_0,cust_017,pay_005100,2026-05-06T06:39:58.057840+00:00,422310,RETRY_NOW,0.8333333333333334,0,0.33620689655172414,2.308515218858171,-0.49954929485470256,0.0,1.0,0.9848322688809263,-0.17350908382804298,0.875,4.0,0.5027156808516637,328.8393638521955,1.0,0.0
evt_pay_006300_0,cust_024,pay_006300,2026-05-06T06:58:17.677837+00:00,97396,RETRY_LATER,0.8333333333333334,0,0.2777777777777778,0.47670198129391866,0.05057474190353722,0.0,1.0,0.9678249597859591,-0.251624416969631,1.0,8.0,-1.1653357768016162,320.94834177652325,0.0,1.0
evt_pay_005637_0,cust_036,pay_005637,2026-05-06T07:16:18.455503+00:00,350284,WHATSAPP_NUDGE,0.8333333333333334,1,0.4978540772532189,1.6251718865909197,0.09474205869103346,0.0,1.0,0.9450807719466529,-0.32683686220608393,1.0,3.0,-0.5882553306323993,316.7443740649603,0.0,0.0
evt_pay_004029_0,cust_014,pay_004029,2026-05-06T07:25:50.913723+00:00,71381,RETRY_LATER,0.8333333333333334,0,0.3333333333333333,0.04216442998801995,0.1944216916485035,0.0,1.0,0.9306595388422052,-0.3658863522489106,0.8181818181818181,8.0,-0.8122776257059364,330.0666398021735,0.0,1.0
evt_pay_006133_0,cust_040,pay_006133,2026-05-06T07:45:30.014552+00:00,256772,WHATSAPP_NUDGE,0.8333333333333334,0,0.517948717948718,1.944669128039531,0.5168936540044962,0.0,1.0,0.8959052135544331,-0.4442452569538427,0.8823529411764706,3.0,-0.492492512121923,324.4525081693584,0.0,0.0
evt_pay_003926_0,cust_037,pay_003926,2026-05-06T07:52:39.278014+00:00,141582,WHATSAPP_NUDGE,0.8333333333333334,1,0.43349753694581283,0.05308820793787087,-0.32228615148666345,0.0,1.0,0.8816030046196554,-0.47199167603422404,0.9285714285714286,1.0,-0.33341852366871827,312.95809590870175,0.0,0.0
evt_pay_007087_0,cust_005,pay_007087,2026-05-06T08:02:04.929528+00:00,132963,RETRY_NOW,0.8333333333333334,0,0.3403361344537815,0.23701354760902404,0.04510030479543936,0.0,1.0,0.861447160002563,-0.5078472117906314,0.8888888888888888,6.0,-0.6412832630166057,326.0118972338294,1.0,0.0
evt_pay_000949_0,cust_041,pay_000949,2026-05-06T08:12:16.027216+00:00,202214,WHATSAPP_NUDGE,0.8333333333333334,0,0.4675324675324675,2.651976352083826,-0.6615375188566385,0.0,1.0,0.8380352042102299,-0.5456161622462427,0.8947368421052632,4.0,0.3693318557794774,334.6316852336685,0.0,0.0
evt_pay_003558_0,cust_028,pay_003558,2026-05-06T08:23:37.638538+00:00,276712,ESCALATE_HUMAN,0.03333333333333333,0,0.415929203539823,2.9980530632805653,0.5993554513597471,0.0,1.0,0.8099717638259217,-0.5864688753929957,0.9,4.0,0.3910481863531735,306.67701774134207,0.0,0.0
evt_pay_002352_1,cust_037,pay_002352,2026-05-06T08:36:12.456848+00:00,160975,WHATSAPP_NUDGE,0.8333333333333334,0,0.4362745098039216,0.08333333333333333,0.024923401928329827,1.0,1.0,0.7765755491637704,-0.6300241395700552,0.8666666666666667,2.0,-0.33341852366871827,312.9883410340972,0.0,1.0
evt_pay_007449_0,cust_018,pay_007449,2026-05-06T08:51:03.952550+00:00,231917,RETRY_LATER,0.8333333333333334,0,0.3114754098360656,0.7790668279462617,1.7149138282349534,0.0,1.0,0.7341273662827847,-0.6790117893488316,0.9047619047619048,9.0,-0.4554811204429685,310.9910145377908,0.0,1.0
evt_pay_006300_1,cust_024,pay_006300,2026-05-06T08:58:17.677837+00:00,88465,RETRY_LATER,0.03333333333333333,0,0.2765957446808511,0.08333333333333333,-0.21604574343852972,1.0,1.0,0.7123487931064778,-0.7018256172011282,1.0,8.0,-1.1653357768016162,321.0316751098566,0.0,0.0
evt_pay_007788_2,cust_035,pay_007788,2026-05-06T09:04:21.690865+00:00,41233,ESCALATE_HUMAN,0.8333333333333334,0,0.36015325670498083,0.10028483144554912,-0.16999859253074873,2.0,1.0,0.6935228170683987,-0.7204346619961538,0.9285714285714286,11.0,0.5026080740568922,309.31376274743656,0.0,1.0
evt_pay_004029_1,cust_014,pay_004029,2026-05-06T09:25:50.913723+00:00,64683,WHATSAPP_NUDGE,0.8333333333333334,0,0.3319672131147541,0.08333333333333333,-0.09189608755320962,1.0,1.0,0.6230316267872049,-0.7821966453666808,0.8095238095238095,8.0,-0.8122776257059364,330.1499731355068,0.0,0.0
evt_pay_008072_2,cust_031,pay_008072,2026-05-06T09:31:23.186241+00:00,54924,ESCALATE_HUMAN,0.8333333333333334,0,0.351931330472103,0.5194804127902634,0.06080222500543793,2.0,1.0,0.603950948654388,-0.7970214875519133,1.0,5.0,-0.07508066613848166,328.7322898523471,1.0,0.0
evt_pay_006133_1,cust_040,pay_006133,2026-05-06T09:45:30.014552+00:00,214318,WHATSAPP_NUDGE,0.8333333333333334,1,0.5153061224489796,0.08333333333333333,-0.040959547769819554,1.0,1.0,0.55375404584414,-0.83268028480999,0.9523809523809523,4.0,-0.492492512121923,324.5358415026917,0.0,0.0
evt_pay_001174_0,cust_051,pay_001174,2026-05-06T09:55:39.431467+00:00,592672,RETRY_NOW,0.8333333333333334,0,0.5066666666666667,2.833786885945775,-0.07709715576683195,0.0,1.0,0.5163196370787916,-0.8563959553657554,0.9285714285714286,5.0,-1.013594580420746,314.2085608926393,1.0,0.0
evt_pay_004109_0,cust_017,pay_004109,2026-05-06T10:48:09.484618+00:00,517584,RETRY_LATER,0.8333333333333334,0,0.33476394849785407,0.17235447659220426,0.032328085123572076,0.0,1.0,0.30836093835561473,-0.9512694317050479,0.9090909090909091,4.0,0.5027156808516637,329.0117183287877,0.0,1.0
evt_pay_004272_0,cust_045,pay_004272,2026-05-06T11:13:31.843029+00:00,85394,WHATSAPP_NUDGE,0.8333333333333334,0,0.3347457627118644,0.712980149380769,-0.06241983229484142,0.0,1.0,0.2013740409311296,-0.9795144182905465,0.8,5.0,1.000889969158722,309.30424104436753,0.0,0.0
evt_pay_006249_0,cust_001,pay_006249,2026-05-06T11:14:23.742058+00:00,772046,PAYMENT_LINK,0.8333333333333334,0,0.33451957295373663,0.5335355269129801,1.3257380381791142,0.0,1.0,0.19767572833777405,-0.9802674667794146,1.0,16.0,0.16534712408787333,318.0214324613333,0.0,0.0
evt_pay_001810_2,cust_018,pay_001810,2026-05-06T12:09:12.578615+00:00,151395,ESCALATE_HUMAN,0.8333333333333334,0,0.31020408163265306,0.13759983872040493,0.12749399355963786,2.0,1.0,-0.04017383669995209,-0.9991927055602465,0.9130434782608696,9.0,-0.4554811204429685,311.1286143765112,0.0,1.0
evt_pay_007270_0,cust_027,pay_007270,2026-05-06T12:31:42.718492+00:00,79942,WHATSAPP_NUDGE,0.8333333333333334,0,0.27598566308243727,0.9649527517513358,0.011524325909217656,0.0,1.0,-0.1379284752535159,-0.9904421920103365,0.9130434782608696,3.0,-0.8172299270627982,308.6639357201714,0.0,0.0
evt_pay_004272_1,cust_045,pay_004272,2026-05-06T13:13:31.843029+00:00,97693,WHATSAPP_NUDGE,0.8333333333333334,0,0.3333333333333333,0.08333333333333333,0.34006993412634334,1.0,1.0,-0.3153621740361875,-0.948971390078315,0.7894736842105263,6.0,1.000889969158722,309.3875743777009,0.0,0.0
evt_pay_007275_2,cust_049,pay_007275,2026-05-06T13:14:16.793592+00:00,362371,ESCALATE_HUMAN,0.8333333333333334,0,0.36885245901639346,0.9166666666666666,0.2311713586675364,2.0,1.0,-0.31846257345557843,-0.9479354352001249,0.9166666666666666,3.0,0.2100296838614713,308.4324981155118,0.0,1.0
evt_pay_006249_1,cust_001,pay_006249,2026-05-06T13:14:23.742058+00:00,486193,WHATSAPP_NUDGE,0.8333333333333334,0,0.3333333333333333,0.08333333333333333,-0.2229891899073676,1.0,1.0,-0.31894153093760375,-0.9477743929032783,1.0,17.0,0.16534712408787333,318.10476579466666,0.0,0.0
evt_pay_007601_0,cust_002,pay_007601,2026-05-06T13:42:40.385037+00:00,330474,DO_NOTHING,0.03333333333333333,0,0.3404255319148936,1.546487014755049,0.21496129422720298,0.0,1.0,-0.4331600235240662,-0.9013170330248012,0.9130434782608696,2.0,-0.38277421977533765,314.6538461573718,0.0,0.0
evt_pay_007043_0,cust_028,pay_007043,2026-05-06T13:44:33.675389+00:00,281854,PAYMENT_LINK,0.03333333333333333,0,0.41409691629955947,0.22287079688123868,0.6635816980951244,0.0,1.0,-0.4405709257800014,-0.897717806082375,0.9166666666666666,4.0,0.3910481863531735,306.89988853822337,0.0,0.0
evt_pay_002553_0,cust_022,pay_002553,2026-05-06T14:07:43.459972+00:00,103789,RETRY_LATER,0.8333333333333334,0,0.4430379746835443,0.564625669002036,-0.21669171122579017,0.0,1.0,-0.5288988278933442,-0.8486848825406558,0.9230769230769231,6.0,-0.6143468879245073,314.5950683596234,0.0,1.0
evt_pay_007270_1,cust_027,pay_007270,2026-05-06T14:31:42.718492+00:00,92709,WHATSAPP_NUDGE,0.8333333333333334,1,0.275,0.08333333333333333,0.4696673706515345,1.0,1.0,-0.6146706594799661,-0.7887838616341383,0.9166666666666666,4.0,-0.8172299270627982,308.74726905350474,0.0,0.0
evt_pay_007181_0,cust_034,pay_007181,2026-05-06T14:48:00.896396+00:00,66153,WHATSAPP_NUDGE,0.8333333333333334,0,0.35964912280701755,0.7834132372609778,0.6370280754488544,0.0,1.0,-0.6691790488935608,-0.7431012047641353,0.7894736842105263,7.0,-0.5369784473169031,319.72953213392253,0.0,0.0
evt_pay_008387_0,cust_027,pay_008387,2026-05-06T15:21:31.242592+00:00,72966,RETRY_LATER,0.8333333333333334,0,0.2775800711743772,0.11792273262979809,-0.23880369093040799,0.0,1.0,-0.7702926680428042,-0.6376905249096134,0.8636363636363636,5.0,-0.8172299270627982,308.7818584528012,0.0,1.0
evt_pay_006056_2,cust_013,pay_006056,2026-05-06T15:24:14.685442+00:00,154377,ESCALATE_HUMAN,0.8333333333333334,0,0.37681159420289856,0.9166666666666666,-0.29176022645301014,2.0,1.0,-0.7778176042875762,-0.6284900750690783,1.0,2.0,-0.5595801808996762,307.2441071561513,0.0,1.0
evt_pay_000792_0,cust_007,pay_000792,2026-05-06T15:41:23.093443+00:00,242309,RETRY_LATER,0.8333333333333334,0,0.453125,0.5359530097171046,-0.6568243760206381,0.0,1.0,-0.822603032835171,-0.5686160834608696,0.8666666666666667,2.0,-0.46533070623945577,334.752046087973,0.0,1.0
evt_pay_003050_0,cust_029,pay_003050,2026-05-06T15:43:12.734050+00:00,53887,WHATSAPP_NUDGE,0.8333333333333334,0,0.4128113879003559,0.6828646597151078,0.5841257989843495,0.0,1.0,-0.8271105780371784,-0.5620392261212778,0.9090909090909091,7.0,-0.8256115037842402,309.66829546506824,0.0,0.0
evt_pay_002652_2,cust_045,pay_002652,2026-05-06T16:06:50.358123+00:00,98808,WHATSAPP_NUDGE,0.03333333333333333,0,0.3319327731092437,0.1203531839525643,0.37655673433129966,2.0,1.0,-0.8805586407731403,-0.47393721119971133,0.7777777777777778,7.0,1.000889969158722,309.5079275616534,1.0,0.0
evt_pay_002553_1,cust_022,pay_002553,2026-05-06T16:07:43.459972+00:00,96969,WHATSAPP_NUDGE,0.8333333333333334,0,0.4411764705882353,0.08333333333333333,-0.3902098571710916,1.0,1.0,-0.8823822622577775,-0.47053325414134833,0.9285714285714286,6.0,-0.6143468879245073,314.6784016929567,0.0,0.0
evt_pay_004715_0,cust_000,pay_004715,2026-05-06T16:38:06.778780+00:00,138661,RETRY_LATER,0.8333333333333334,0,0.41509433962264153,1.047379757542539,0.2548783106317871,0.0,1.0,-0.9368447160413902,-0.3497455904301396,0.6,9.0,0.8132490481077264,325.3483425545126,0.0,1.0
evt_pay_003540_2,cust_022,pay_003540,2026-05-06T16:41:05.797701+00:00,115270,ESCALATE_HUMAN,0.8333333333333334,0,0.4393305439330544,0.023175205197693078,0.07538474098659066,2.0,1.0,-0.9413184042958908,-0.337519868650481,0.9333333333333333,7.0,-0.6143468879245073,314.7015768981544,1.0,0.0
evt_pay_007181_1,cust_034,pay_007181,2026-05-06T16:48:00.896396+00:00,55872,WHATSAPP_NUDGE,0.8333333333333334,0,0.35807860262008734,0.08333333333333333,0.09402143545870324,1.0,1.0,-0.9510766584042002,-0.30895499646178287,0.8235294117647058,8.0,-0.5369784473169031,319.8128654672559,0.0,0.0
evt_pay_001252_0,cust_019,pay_001252,2026-05-06T16:59:23.761983+00:00,138941,RETRY_NOW,0.8333333333333334,0,0.4954545454545455,0.6392379400994818,0.45996290758862124,0.0,1.0,-0.9652404063860988,-0.26136365064713735,0.9333333333333333,6.0,-0.5137657855739247,312.1171666566756,1.0,0.0
evt_pay_008387_1,cust_027,pay_008387,2026-05-06T17:21:31.242592+00:00,76013,DO_NOTHING,0.03333333333333333,0,0.2765957446808511,0.08333333333333333,-0.12948052438504254,1.0,1.0,-0.9859382813287688,-0.16710986030295616,0.9090909090909091,5.0,-0.8172299270627982,308.8651917861345,0.0,0.0
evt_pay_000879_0,cust_036,pay_000879,2026-05-06T17:23:47.543181+00:00,270029,RETRY_LATER,0.8333333333333334,0,0.5,2.0470363273095322,-0.5815717389704479,0.0,1.0,-0.9875462236520496,-0.1573291331908241,0.9375,4.0,-0.5882553306323993,317.1662385056789,0.0,1.0
evt_pay_004715_1,cust_000,pay_004715,2026-05-06T18:38:06.778780+00:00,167564,WHATSAPP_NUDGE,0.8333333333333334,0,0.4131455399061033,0.08333333333333333,0.9035791590359329,1.0,1.0,-0.9862041187081325,0.16553379184660685,0.8,9.0,0.8132490481077264,325.431675887846,0.0,1.0
evt_pay_001252_1,cust_019,pay_001252,2026-05-06T18:59:23.761983+00:00,107408,WHATSAPP_NUDGE,0.8333333333333334,0,0.49321266968325794,0.08333333333333333,-0.2928789064561148,1.0,1.0,-0.9666045380131457,0.25627264210678674,0.9375,6.0,-0.5137657855739247,312.2004999900089,0.0,0.0
evt_pay_007255_0,cust_022,pay_007255,2026-05-06T19:17:07.160741+00:00,87168,WHATSAPP_NUDGE,0.8333333333333334,0,0.4375,0.10834910925166241,-0.6395483629009346,0.0,1.0,-0.9439172080479926,0.33018222900526095,0.9411764705882353,7.0,-0.6143468879245073,314.8099260074061,0.0,0.0
evt_pay_003319_0,cust_059,pay_003319,2026-05-06T19:28:35.781817+00:00,102988,WHATSAPP_NUDGE,0.8333333333333334,0,0.3876651982378855,0.8011992068949402,-1.0778437228972961,0.0,1.0,-0.926205942678343,0.37701797271127807,1.0,4.0,-0.38878117849020055,318.43211721214675,0.0,0.0
evt_pay_004890_0,cust_020,pay_004890,2026-05-06T20:25:17.523050+00:00,64889,DO_NOTHING,0.03333333333333333,0,0.3712121212121212,0.8485657558035579,0.16812383626639416,0.0,1.0,-0.8056904366084818,0.5923368301546291,0.8461538461538461,2.0,0.06752823759169156,321.08931753931955,0.0,1.0
evt_pay_003791_2,cust_001,pay_003791,2026-05-06T20:26:06.272533+00:00,541653,PAYMENT_LINK,0.8333333333333334,0,0.3321554770318021,0.2997978064203532,0.07748670710650507,2.0,1.0,-0.8035854477160211,0.5951894053316489,1.0,18.0,0.16534712408787333,318.404563601087,0.0,1.0
evt_pay_007255_1,cust_022,pay_007255,2026-05-06T21:17:07.160741+00:00,99366,WHATSAPP_NUDGE,0.8333333333333334,0,0.43568464730290457,0.08333333333333333,-0.32922766024916394,1.0,1.0,-0.6523651667362128,0.757904802220723,0.9375,8.0,-0.6143468879245073,314.8932593407394,0.0,0.0
evt_pay_007586_2,cust_029,pay_007586,2026-05-06T21:19:53.227451+00:00,46895,ESCALATE_HUMAN,0.8333333333333334,0,0.41134751773049644,0.23380200695155887,0.13758309021081822,2.0,1.0,-0.6431648190609303,0.7657277685459244,0.9090909090909091,8.0,-0.8256115037842402,309.90209747201976,0.0,0.0
evt_pay_003319_1,cust_059,pay_003319,2026-05-06T21:28:35.781817+00:00,169256,WHATSAPP_NUDGE,0.8333333333333334,0,0.38596491228070173,0.08333333333333333,0.06705526609597416,1.0,1.0,-0.6136088891399201,0.7896101133904462,1.0,5.0,-0.38878117849020055,318.51545054548006,0.0,0.0
evt_pay_006031_0,cust_047,pay_006031,2026-05-06T21:55:30.029066+00:00,97456,WHATSAPP_NUDGE,0.8333333333333334,1,0.5219512195121951,3.6971358047734384,-0.3498836242703957,0.0,1.0,-0.5169050872439895,0.8560427155120728,0.8333333333333334,3.0,1.898235005697721,308.9297766408199,0.0,0.0
evt_pay_003898_0,cust_015,pay_003898,2026-05-06T21:57:39.745874+00:00,119288,WHATSAPP_NUDGE,0.8333333333333334,0,0.41452991452991456,1.3665695837514136,0.033041137362876546,0.0,1.0,-0.5088069241710401,0.8608806618315953,0.7692307692307692,5.0,1.245182551392603,323.33118671761275,0.0,0.0
evt_pay_006261_2,cust_059,pay_006261,2026-05-06T22:14:52.170341+00:00,145523,ESCALATE_HUMAN,0.8333333333333334,0,0.38427947598253276,0.032134126438393196,-0.3429704018900566,2.0,1.0,-0.44279928786583905,0.8966207618974177,1.0,6.0,-0.38878117849020055,318.54758467191846,0.0,1.0
evt_pay_003001_0,cust_044,pay_003001,2026-05-06T22:15:06.176263+00:00,208593,RETRY_NOW,0.8333333333333334,0,0.4435146443514644,2.1725014116156367,-0.23119301029921013,0.0,1.0,-0.4418858147351224,0.8970713052683589,0.8461538461538461,3.0,-0.8459251821363672,326.77107943526516,1.0,0.0
evt_pay_002290_2,cust_026,pay_002290,2026-05-06T22:32:34.941047+00:00,299036,ESCALATE_HUMAN,0.8333333333333334,1,0.48295454545454547,0.9166666666666666,0.8972345248847,2.0,1.0,-0.3722494266882065,0.9281327299100607,0.8571428571428572,2.0,1.9048100532514713,323.49253036209456,0.0,1.0
evt_pay_007309_0,cust_023,pay_007309,2026-05-06T22:40:09.966145+00:00,86904,RETRY_NOW,0.8333333333333334,1,0.4469026548672566,1.4266987437714154,0.0946957398814014,0.0,1.0,-0.3413390033399936,0.9399402559731442,1.0,9.0,0.9385908116339667,330.1968248206094,1.0,0.0
evt_pay_003079_2,cust_054,pay_003079,2026-05-06T22:56:30.548981+00:00,92704,ESCALATE_HUMAN,0.8333333333333334,0,0.43846153846153846,0.9166666666666666,-0.17819265508410154,2.0,1.0,-0.2735011531877004,0.9618716750195933,1.0,4.0,-0.6956354929968003,322.4124904777567,0.0,1.0
evt_pay_005452_0,cust_047,pay_005452,2026-05-07T00:10:39.948385+00:00,107406,RETRY_LATER,0.8333333333333334,0,0.5242718446601942,3.79100061170332,-0.09388161687531893,0.0,1.0,0.04652156268081485,0.99891728596803,0.8461538461538461,4.0,1.898235005697721,309.0236414477498,0.0,1.0
evt_pay_005748_0,cust_049,pay_005748,2026-05-07T00:27:25.503234+00:00,429214,WHATSAPP_NUDGE,0.8333333333333334,0,0.3673469387755102,0.4674619171518278,0.8008470460910134,0.0,1.0,0.11937898616832121,0.9928487587046799,0.9,3.0,0.2100296838614713,308.8999600326636,0.0,0.0
evt_pay_003108_0,cust_015,pay_003108,2026-05-07T00:35:03.972696+00:00,130443,RETRY_NOW,0.8333333333333334,0,0.4127659574468085,0.10930818081703819,0.3032999525396585,0.0,1.0,0.15240892008118828,0.9883175203747457,0.8571428571428572,6.0,1.245182551392603,323.4404948984298,1.0,0.0
evt_pay_006291_0,cust_048,pay_006291,2026-05-07T01:30:33.945874+00:00,300989,RETRY_NOW,0.8333333333333334,0,0.3157894736842105,3.063133313163746,1.634072252986544,0.0,1.0,0.3849629656128366,0.9229320208479983,0.9,5.0,-0.4506859321563252,317.06851990062785,1.0,0.0
evt_pay_002062_0,cust_034,pay_002062,2026-05-07T01:31:48.414891+00:00,42469,RETRY_NOW,0.03333333333333333,1,0.3565217391304348,0.36374442702649884,-0.6139222049369308,0.0,1.0,0.389955471128601,0.920833714921902,0.8571428571428572,9.0,-0.5369784473169031,320.1766098942824,0.0,0.0
evt_pay_003258_0,cust_006,pay_003258,2026-05-07T01:50:28.889255+00:00,112842,RETRY_LATER,0.8333333333333334,0,0.5038759689922481,1.4454877704872235,-0.3796508607943293,0.0,1.0,0.46361110140035267,0.886038795233229,0.8,4.0,-0.3286363658753921,328.72512389988543,0.0,1.0
evt_pay_005452_1,cust_047,pay_005452,2026-05-07T02:10:39.948385+00:00,104229,WHATSAPP_NUDGE,0.8333333333333334,0,0.5217391304347826,0.08333333333333333,-0.17562963296795417,1.0,1.0,0.5397474980893507,0.8418269645873113,0.8,4.0,1.898235005697721,309.1069747810831,0.0,1.0
evt_pay_003107_0,cust_028,pay_003107,2026-05-07T02:32:02.413664+00:00,269291,RETRY_LATER,0.8333333333333334,0,0.41228070175438597,0.5329715078192976,0.5066510551476252,0.0,1.0,0.6157997826990584,0.787902676494878,0.9,5.0,0.3910481863531735,307.4328600460426,0.0,1.0
evt_pay_000219_0,cust_014,pay_000219,2026-05-07T02:36:35.160059+00:00,66901,WHATSAPP_NUDGE,0.8333333333333334,0,0.3306122448979592,0.7157898881430924,0.0028990464420691696,0.0,1.0,0.6313054252590254,0.7755343061648021,0.8125,6.0,-0.8122776257059364,330.8657630236499,0.0,0.0
evt_pay_000838_0,cust_019,pay_000838,2026-05-07T03:17:08.066623+00:00,110310,RETRY_LATER,0.8333333333333334,1,0.49099099099099097,0.3456516740806516,-0.2235946042891446,0.0,1.0,0.7579477768498236,0.6523152363454421,0.9230769230769231,7.0,-0.5137657855739247,312.54615166408956,0.0,1.0
evt_pay_003410_0,cust_024,pay_003410,2026-05-07T03:26:01.264062+00:00,115501,RETRY_LATER,0.8333333333333334,0,0.2754237288135593,0.7692544702079545,0.5910794174555011,0.0,1.0,0.7826653783394721,0.6224426925820006,1.0,8.0,-1.1653357768016162,321.8009295800645,0.0,1.0
evt_pay_006291_1,cust_048,pay_006291,2026-05-07T03:30:33.945874+00:00,211066,DO_NOTHING,0.03333333333333333,0,0.3146067415730337,0.08333333333333333,0.2922865977392327,1.0,1.0,0.7948537181609109,0.6068010932140574,0.9047619047619048,5.0,-0.4506859321563252,317.15185323396116,1.0,0.0
evt_pay_005079_0,cust_055,pay_005079,2026-05-07T03:34:25.809177+00:00,289934,RETRY_LATER,0.8333333333333334,0,0.3516483516483517,2.772576327090595,-0.20508727903231885,0.0,1.0,0.8049718647574177,0.5933129839713316,0.9090909090909091,3.0,-1.0480965437343166,333.0979235700826,0.0,1.0
evt_pay_003258_1,cust_006,pay_003258,2026-05-07T03:50:28.889255+00:00,151229,WHATSAPP_NUDGE,0.8333333333333334,1,0.5019305019305019,0.08333333333333333,0.4631637966371319,1.0,1.0,0.8445183889058033,0.5355265547103584,0.875,4.0,-0.3286363658753921,328.8084572332188,0.0,1.0
evt_pay_001899_0,cust_010,pay_001899,2026-05-07T03:53:22.550913+00:00,67252,RETRY_LATER,0.8333333333333334,0,0.41312741312741313,1.446621716510909,-0.42621746430675916,0.0,1.0,0.8512140449392396,0.5248186826878195,0.8235294117647058,4.0,-0.045395759303349575,336.1076662235286,0.0,1.0
evt_pay_006697_0,cust_046,pay_006697,2026-05-07T03:54:34.965831+00:00,143124,RETRY_LATER,0.8333333333333334,0,0.4787234042553192,2.4292957849725476,0.9852514871987313,0.0,1.0,0.8539660089802932,0.5203287955766718,0.8333333333333334,3.0,-0.9687765812058661,330.1832735257242,0.0,1.0
evt_pay_006900_0,cust_048,pay_006900,2026-05-07T04:07:33.467990+00:00,172129,WHATSAPP_NUDGE,0.8333333333333334,0,0.31343283582089554,0.02568891337466539,-0.2887197828786682,0.0,1.0,0.8820401222424932,0.4711743018824856,0.9130434782608696,5.0,-0.4506859321563252,317.1775421473358,0.0,0.0
evt_pay_000219_1,cust_014,pay_000219,2026-05-07T04:36:35.160059+00:00,65313,WHATSAPP_NUDGE,0.8333333333333334,0,0.32926829268292684,0.08333333333333333,-0.06498745505419666,1.0,1.0,0.9344936889036554,0.35597969801554447,0.8421052631578947,7.0,-0.8122776257059364,330.94909635698326,0.0,1.0
evt_pay_003194_2,cust_035,pay_003194,2026-05-07T04:39:57.081428+00:00,43821,ESCALATE_HUMAN,0.8333333333333334,0,0.35877862595419846,0.8163818352211175,-0.0013528753692359677,2.0,1.0,0.93962000771452,0.34221958024427146,0.8571428571428572,11.0,0.5026080740568922,310.1301445826577,0.0,1.0
evt_pay_006339_0,cust_006,pay_006339,2026-05-07T05:02:31.307757+00:00,106173,RETRY_LATER,0.8333333333333334,0,0.5038461538461538,0.13336132525652525,-0.5260662511314212,0.0,1.0,0.9687151868788817,0.2481751129952665,0.85,5.0,-0.3286363658753921,328.858485225142,0.0,1.0
evt_pay_006593_0,cust_040,pay_006593,2026-05-07T05:03:51.119518+00:00,266076,RETRY_NOW,0.8333333333333334,0,0.5177664974619289,0.887744270447873,0.639151178989428,0.0,1.0,0.9701392891296264,0.24254846873782393,0.9166666666666666,5.0,-0.492492512121923,325.34025243980625,1.0,0.0
evt_pay_003410_1,cust_024,pay_003410,2026-05-07T05:26:01.264062+00:00,104680,WHATSAPP_NUDGE,0.8333333333333334,0,0.2742616033755274,0.08333333333333333,0.2680418256199636,1.0,1.0,0.9890294465955421,0.14771849500626422,1.0,8.0,-1.1653357768016162,321.8842629133979,0.0,1.0
evt_pay_004734_0,cust_006,pay_004734,2026-05-07T05:31:07.544266+00:00,119980,WHATSAPP_NUDGE,0.8333333333333334,1,0.5019157088122606,0.01986384848438168,-0.22292583549956446,0.0,1.0,0.9920740374891699,0.12565470202080478,0.8571428571428572,4.0,-0.3286363658753921,328.87834907362634,0.0,0.0
evt_pay_005079_1,cust_055,pay_005079,2026-05-07T05:34:25.809177+00:00,342915,PAYMENT_LINK,0.03333333333333333,0,0.35036496350364965,0.08333333333333333,0.2795376705502116,1.0,1.0,0.993782576197321,0.11133818413561404,0.92,3.0,-1.0480965437343166,333.181256903416,0.0,0.0
evt_pay_006769_0,cust_013,pay_006769,2026-05-07T05:35:15.957163+00:00,167828,RETRY_NOW,0.03333333333333333,0,0.375,0.5909869412218048,-0.06823183029918588,0.0,1.0,0.9941820021080517,0.10771326141393046,1.0,2.0,-0.5595801808996762,307.8350940973731,0.0,0.0
evt_pay_004976_0,cust_042,pay_004976,2026-05-07T05:52:53.060683+00:00,263736,RETRY_NOW,0.8333333333333334,0,0.4166666666666667,1.554160627249587,0.3854288641934836,0.0,1.0,0.9995180525685162,0.03104291528901211,0.8333333333333334,4.0,0.21388002896855346,333.1746437384965,1.0,0.0
evt_pay_001899_1,cust_010,pay_001899,2026-05-07T05:53:22.550913+00:00,77785,WHATSAPP_NUDGE,0.8333333333333334,1,0.4115384615384615,0.08333333333333333,-0.04548124788753923,1.0,1.0,0.9995823283194001,0.028899289118715987,0.8181818181818181,4.0,-0.045395759303349575,336.190999556862,1.0,0.0
evt_pay_006697_1,cust_046,pay_006697,2026-05-07T05:54:34.965831+00:00,85557,WHATSAPP_NUDGE,0.8333333333333334,0,0.47619047619047616,0.08333333333333333,-0.5602297266806177,1.0,1.0,0.9997206555336798,0.023634950799811132,0.782608695652174,3.0,-0.9687765812058661,330.2666068590575,0.0,0.0
evt_pay_007109_0,cust_038,pay_007109,2026-05-07T05:55:33.455259+00:00,41107,WHATSAPP_NUDGE,0.8333333333333334,0,0.6446700507614214,1.216278799215748,-0.22242647690319162,0.0,1.0,0.999812142346122,0.019382466748527557,0.7916666666666666,3.0,2.4957647172129915,334.203822145531,0.0,0.0
evt_pay_000457_0,cust_028,pay_000457,2026-05-07T06:29:58.358935+00:00,208722,RETRY_NOW,0.03333333333333333,0,0.4104803493449782,0.16523084804324148,-0.24993218605259182,0.0,1.0,0.9914604315188834,-0.13040787066887283,0.9230769230769231,5.0,0.3910481863531735,307.59809089408583,0.0,0.0
evt_pay_005814_0,cust_047,pay_005814,2026-05-07T06:36:08.186012+00:00,86536,WHATSAPP_NUDGE,0.8333333333333334,0,0.5192307692307693,0.18435460217278887,-0.6308133928954519,0.0,1.0,0.9875950395868921,-0.1570224117231839,0.7916666666666666,5.0,1.898235005697721,309.2913293832559,0.0,0.0
evt_pay_002352_2,cust_037,pay_002352,2026-05-07T06:36:12.456848+00:00,201783,ESCALATE_HUMAN,0.8333333333333334,1,0.43414634146341463,0.9166666666666666,0.7555408604667693,2.0,1.0,0.9875462233187041,-0.15732913528321532,0.7142857142857143,3.0,-0.33341852366871827,313.90500770076386,0.0,0.0
evt_pay_006300_2,cust_024,pay_006300,2026-05-07T06:58:17.677837+00:00,104419,ESCALATE_HUMAN,0.8333333333333334,0,0.27310924369747897,0.06407886312537887,0.2602335275553137,2.0,1.0,0.9678249597859591,-0.251624416969631,1.0,9.0,-1.1653357768016162,321.94834177652325,1.0,0.0
evt_pay_006593_1,cust_040,pay_006593,2026-05-07T07:03:51.119518+00:00,199567,WHATSAPP_NUDGE,0.8333333333333334,1,0.5151515151515151,0.08333333333333333,-0.23478778245255005,1.0,1.0,0.9614395039645449,-0.275016508988842,0.9230769230769231,5.0,-0.492492512121923,325.42358577313956,1.0,0.0
evt_pay_005351_0,cust_047,pay_005351,2026-05-07T07:14:50.965658+00:00,87962,WHATSAPP_NUDGE,0.8333333333333334,0,0.5167464114832536,0.02688402367713631,-0.594124981710395,0.0,1.0,0.9471411095197535,-0.32081726676987055,0.8,6.0,1.898235005697721,309.31821340693307,0.0,0.0
evt_pay_004029_2,cust_014,pay_004029,2026-05-07T07:25:50.913723+00:00,55352,WHATSAPP_NUDGE,0.03333333333333333,0,0.32793522267206476,0.11754344519024092,-0.49079083982811683,2.0,1.0,0.9306595388422052,-0.3658863522489106,0.8076923076923077,8.0,-0.8122776257059364,331.0666398021735,0.0,1.0
evt_pay_006084_0,cust_031,pay_006084,2026-05-07T07:33:14.920599+00:00,79935,PAYMENT_LINK,0.03333333333333333,0,0.3504273504273504,0.917959888412895,1.3895867039446606,0.0,1.0,0.9183623499345628,-0.3957405642875995,1.0,5.0,-0.07508066613848166,329.65024974076,0.0,0.0
evt_pay_006769_1,cust_013,pay_006769,2026-05-07T07:35:15.957163+00:00,147013,WHATSAPP_NUDGE,0.8333333333333334,0,0.37320574162679426,0.08333333333333333,-0.4141264340439768,1.0,1.0,0.9148435005178125,-0.4038085803450878,1.0,2.0,-0.5595801808996762,307.9184274307064,0.0,1.0
evt_pay_005012_0,cust_027,pay_005012,2026-05-07T07:38:20.169673+00:00,67558,RETRY_NOW,0.8333333333333334,0,0.2756183745583039,0.5950107301056278,-0.4328823037818451,0.0,1.0,0.9093520284795181,-0.4160275090666309,0.8888888888888888,4.0,-0.8172299270627982,309.46020251624014,1.0,0.0
evt_pay_007109_1,cust_038,pay_007109,2026-05-07T07:55:33.455259+00:00,46187,WHATSAPP_NUDGE,0.8333333333333334,0,0.6414141414141414,0.08333333333333333,0.10319857294508727,1.0,1.0,0.8755539476581488,-0.483120362580829,0.8076923076923077,4.0,2.4957647172129915,334.28715547886435,0.0,0.0
evt_pay_003485_0,cust_036,pay_003485,2026-05-07T07:56:21.714482+00:00,439489,WHATSAPP_NUDGE,0.8333333333333334,0,0.4978723404255319,0.6059510567215701,0.8464890446994852,0.0,1.0,0.8738530435780127,-0.4861901461665422,0.9166666666666666,4.0,-0.5882553306323993,317.77218956240046,0.0,0.0
evt_pay_001245_0,cust_039,pay_001245,2026-05-07T08:09:46.311443+00:00,260254,RETRY_NOW,0.8333333333333334,1,0.509009009009009,1.5255721840932022,0.09615949698904055,0.0,1.0,0.8439258880925457,-0.5364597798597842,0.9230769230769231,6.0,-0.6642333856639545,307.7418787312558,1.0,0.0
evt_pay_000457_1,cust_028,pay_000457,2026-05-07T08:29:58.358935+00:00,307391,WHATSAPP_NUDGE,0.8333333333333334,0,0.40869565217391307,0.08333333333333333,0.9825696305173877,1.0,1.0,0.7934259852079983,-0.6086667446121212,0.875,4.0,0.3910481863531735,307.6814242274192,0.0,0.0
evt_pay_005814_1,cust_047,pay_005814,2026-05-07T08:36:08.186012+00:00,107861,WHATSAPP_NUDGE,0.8333333333333334,0,0.5142857142857142,0.05644930965619702,-0.08219551039135571,1.0,1.0,0.776771187072155,-0.6297829173092226,0.8148148148148149,7.0,1.898235005697721,309.3746627165893,0.0,1.0
evt_pay_004806_0,cust_036,pay_004806,2026-05-07T09:32:55.294632+00:00,302704,WHATSAPP_NUDGE,0.8333333333333334,0,0.4957627118644068,0.0670553258143703,-0.3062159585551192,0.0,1.0,0.5985987417560622,-0.8010490286917894,0.8461538461538461,5.0,-0.5882553306323993,317.83924488821486,0.0,0.0
evt_pay_006084_1,cust_031,pay_006084,2026-05-07T09:33:14.920599+00:00,54379,WHATSAPP_NUDGE,0.8333333333333334,0,0.34893617021276596,0.08333333333333333,0.03187342143962143,1.0,1.0,0.5974548427787061,-0.8019025569483312,1.0,6.0,-0.07508066613848166,329.7335830740933,0.0,1.0
evt_pay_003323_0,cust_030,pay_003323,2026-05-07T09:47:26.089862+00:00,170115,DO_NOTHING,0.03333333333333333,0,0.38996138996138996,1.1587437080837428,-0.04670500792680797,0.0,1.0,0.5467055509122042,-0.837324931315068,0.6,13.0,1.7722569671050512,307.3521354281764,0.0,1.0
evt_pay_007763_0,cust_000,pay_007763,2026-05-07T09:54:24.441735+00:00,149456,RETRY_NOW,0.8333333333333334,0,0.411214953271028,0.6363155434644909,0.49715817648628985,0.0,1.0,0.5209822121823415,-0.8535675337016947,0.8571428571428572,7.0,0.8132490481077264,326.0679914313104,1.0,0.0
evt_pay_003485_1,cust_036,pay_003485,2026-05-07T09:56:21.714482+00:00,371609,WHATSAPP_NUDGE,0.8333333333333334,0,0.4936708860759494,0.016278007518963022,0.2744558546584696,1.0,1.0,0.5136838618296382,-0.8579795394389013,0.8461538461538461,6.0,-0.5882553306323993,317.8555228957338,0.0,0.0
evt_pay_002931_0,cust_050,pay_002931,2026-05-07T10:20:03.022637+00:00,110684,RETRY_LATER,0.8333333333333334,0,0.4497991967871486,2.3847896498611854,-0.1455288732710094,0.0,1.0,0.4224190338534347,-0.9064006618699761,0.875,2.0,-0.900782201038446,334.1454408797077,0.0,1.0
evt_pay_003081_0,cust_050,pay_003081,2026-05-07T11:02:54.078523+00:00,124557,WHATSAPP_NUDGE,0.8333333333333334,1,0.448,0.02975759126595297,0.19433235810636507,0.0,1.0,0.24657064232877784,-0.9691248208262824,0.8888888888888888,2.0,-0.900782201038446,334.1751984709736,0.0,0.0
evt_pay_003878_0,cust_057,pay_003878,2026-05-07T11:07:35.672009+00:00,65629,RETRY_NOW,0.8333333333333334,0,0.4097560975609756,4.571455963717142,-0.5667755268775923,0.0,1.0,0.2266745388413643,-0.9739705608698113,1.0,3.0,-0.5990323654313375,327.7283708211983,1.0,0.0
evt_pay_004272_2,cust_045,pay_004272,2026-05-07T11:13:31.843029+00:00,79495,ESCALATE_HUMAN,0.8333333333333334,0,0.3305439330543933,0.7963134827141024,-0.2554774235442491,2.0,1.0,0.2013740409311296,-0.9795144182905465,0.8148148148148149,7.0,1.000889969158722,310.30424104436753,0.0,0.0
evt_pay_007552_0,cust_019,pay_007552,2026-05-07T11:48:12.100736+00:00,111058,WHATSAPP_NUDGE,0.8333333333333334,0,0.49327354260089684,0.7005594763100476,-0.20572015370401092,0.0,1.0,0.051457151745830355,-0.9986752032238543,0.8571428571428572,7.0,-0.5137657855739247,312.90105946631894,0.0,0.0
evt_pay_007763_1,cust_000,pay_007763,2026-05-07T11:54:24.441735+00:00,138838,WHATSAPP_NUDGE,0.8333333333333334,0,0.40930232558139534,0.08333333333333333,0.25885218305549806,1.0,1.0,0.02440006381887481,-0.9997022741224684,0.8,7.0,0.8132490481077264,326.1513247646438,0.0,0.0
evt_pay_005914_0,cust_013,pay_005914,2026-05-07T12:18:50.043816+00:00,236157,WHATSAPP_NUDGE,0.8333333333333334,0,0.37142857142857144,0.19692229922335022,1.0672450932174686,0.0,1.0,-0.08208663842869476,-0.9966251972489341,1.0,3.0,-0.5595801808996762,308.11534972992973,0.0,0.0
evt_pay_004141_0,cust_031,pay_004141,2026-05-07T12:19:40.172268+00:00,43665,RETRY_NOW,0.8333333333333334,0,0.3474576271186441,0.1155700424637871,-0.5373480432858435,0.0,1.0,-0.08571922621703801,-0.9963193334753433,1.0,7.0,-0.07508066613848166,329.8491531165571,1.0,0.0
evt_pay_002931_1,cust_050,pay_002931,2026-05-07T12:20:03.022637+00:00,132149,WHATSAPP_NUDGE,0.8333333333333334,0,0.450199203187251,0.08333333333333333,0.3803362201087639,1.0,1.0,-0.08737471657583465,-0.9961755161131459,0.8181818181818181,3.0,-0.900782201038446,334.22877421304105,0.0,0.0
evt_pay_005707_0,cust_047,pay_005707,2026-05-07T13:53:38.232968+00:00,97676,WHATSAPP_NUDGE,0.8333333333333334,0,0.5118483412322274,0.22048665458267655,-0.34421657985207155,0.0,1.0,-0.47576704543974274,-0.879571326541252,0.8076923076923077,8.0,1.898235005697721,309.59514937117194,0.0,0.0
evt_pay_008240_0,cust_053,pay_008240,2026-05-07T13:59:50.762495+00:00,330582,RETRY_NOW,0.8333333333333334,1,0.4112903225806452,2.472196719648082,0.0940019543683418,0.0,1.0,-0.4994181170520581,-0.8663610935171182,1.0,5.0,-0.06914381847567465,307.5675849929706,1.0,0.0
evt_pay_007349_0,cust_043,pay_007349,2026-05-07T14:12:34.466158+00:00,115923,RETRY_NOW,0.8333333333333334,0,0.2708333333333333,2.6522634661272755,-0.5612595297812246,0.0,1.0,-0.5467394076344635,-0.8373028246336661,0.8823529411764706,4.0,-0.05414349663535748,322.2343210921015,1.0,0.0
evt_pay_005914_1,cust_013,pay_005914,2026-05-07T14:18:50.043816+00:00,219805,WHATSAPP_NUDGE,0.8333333333333334,0,0.3696682464454976,0.08333333333333333,0.7955110206237076,1.0,1.0,-0.5694017128149845,-0.8220594196549067,0.9285714285714286,4.0,-0.5595801808996762,308.1986830632631,0.0,0.0
evt_pay_004141_1,cust_031,pay_004141,2026-05-07T14:19:40.172268+00:00,68083,WHATSAPP_NUDGE,0.8333333333333334,0,0.3459915611814346,0.08333333333333333,0.7598975894231208,1.0,1.0,-0.5723946942343715,-0.819978239962708,0.9333333333333333,7.0,-0.07508066613848166,329.9324864498904,0.0,0.0
evt_pay_002042_0,cust_010,pay_002042,2026-05-07T14:20:41.450794+00:00,91338,PAYMENT_LINK,0.03333333333333333,0,0.41379310344827586,0.4356354152881939,0.44441666887760534,0.0,1.0,-0.5760430677910992,-0.8174193440638771,0.8148148148148149,5.0,-0.045395759303349575,336.5433016388168,0.0,1.0
evt_pay_007181_2,cust_034,pay_007181,2026-05-07T14:48:00.896396+00:00,63358,ESCALATE_HUMAN,0.8333333333333334,0,0.3593073593073593,0.9166666666666666,0.48941571368914394,2.0,1.0,-0.6691790488935608,-0.7431012047641353,0.8214285714285714,8.0,-0.5369784473169031,320.72953213392253,1.0,0.0
evt_pay_000329_0,cust_020,pay_000329,2026-05-07T14:53:36.324408+00:00,53770,WHATSAPP_NUDGE,0.8333333333333334,0,0.36981132075471695,0.7696620527537069,-0.35027132602943833,0.0,1.0,-0.68710465169011,-0.7265584612581513,0.6666666666666667,1.0,0.06752823759169156,321.85897959207324,0.0,0.0
evt_pay_004664_0,cust_020,pay_004664,2026-05-07T15:45:46.409795+00:00,65275,RETRY_LATER,0.8333333333333334,0,0.3684210526315789,0.03622784012893968,0.18614130218977412,0.0,1.0,-0.8333399314012729,-0.5527608513020089,0.6666666666666667,2.0,0.06752823759169156,321.89520743220214,0.0,1.0
evt_pay_006114_0,cust_033,pay_006114,2026-05-07T15:55:03.235260+00:00,83603,RETRY_NOW,0.03333333333333333,0,0.5990338164251208,1.5734613582834338,0.13688755767688315,0.0,1.0,-0.8550339012675888,-0.5185721046133576,0.8214285714285714,3.0,-0.3958893149650273,311.40676794871905,0.0,0.0
evt_pay_004041_0,cust_010,pay_004041,2026-05-07T15:55:45.652736+00:00,89380,WHATSAPP_NUDGE,0.8333333333333334,0,0.4122137404580153,0.06602085580982475,0.3736391996876821,0.0,1.0,-0.8566294628201141,-0.5159321306417374,0.8275862068965517,6.0,-0.045395759303349575,336.60932249462667,0.0,0.0
evt_pay_008170_0,cust_059,pay_008170,2026-05-07T16:01:38.252602+00:00,162317,RETRY_LATER,0.8333333333333334,0,0.3826086956521739,0.7408111372836667,-0.052816907491410256,0.0,1.0,-0.8695758323562244,-0.4937994246472748,0.8333333333333334,6.0,-0.38878117849020055,319.2883958092021,0.0,1.0
evt_pay_005340_0,cust_019,pay_005340,2026-05-07T16:12:11.641661+00:00,130521,WHATSAPP_NUDGE,0.8333333333333334,0,0.49107142857142855,0.18332801996757553,0.2589288029441767,0.0,1.0,-0.8913905556775,-0.4532360061259011,0.8461538461538461,8.0,-0.5137657855739247,313.0843874862865,0.0,0.0
evt_pay_002042_1,cust_010,pay_002042,2026-05-07T16:20:41.450794+00:00,61243,WHATSAPP_NUDGE,0.8333333333333334,0,0.41064638783269963,0.01731247752350858,-0.6434133249014683,1.0,1.0,-0.9075776024129519,-0.4198843836085807,0.8275862068965517,7.0,-0.045395759303349575,336.62663497215016,0.0,1.0
evt_pay_006734_0,cust_029,pay_006734,2026-05-07T16:30:39.303632+00:00,53300,ESCALATE_HUMAN,0.03333333333333333,0,0.4098939929328622,0.7991444002420091,0.5466074045124333,0.0,1.0,-0.9249695585792324,-0.380041202636951,0.9333333333333333,5.0,-0.8256115037842402,310.7012418722618,0.0,1.0
evt_pay_004715_2,cust_000,pay_004715,2026-05-07T16:38:06.778780+00:00,99277,ESCALATE_HUMAN,0.8333333333333334,0,0.4074074074074074,0.1970177898688424,-0.6290264090871477,2.0,1.0,-0.9368447160413902,-0.3497455904301396,0.8461538461538461,8.0,0.8132490481077264,326.3483425545126,0.0,1.0
evt_pay_000072_0,cust_009,pay_000072,2026-05-07T16:43:06.030494+00:00,113947,DO_NOTHING,0.03333333333333333,0,0.3508771929824561,3.167951318348571,-0.12005625075843232,0.0,1.0,-0.9442335153981616,-0.32927658343530863,0.8461538461538461,4.0,-0.8984355580750027,309.3134688387908,0.0,1.0
evt_pay_000801_0,cust_003,pay_000801,2026-05-07T16:55:46.191319+00:00,199512,WHATSAPP_NUDGE,0.8333333333333334,0,0.5229357798165137,1.8591958332478953,-0.2689561877912849,0.0,1.0,-0.9609844174954727,-0.2766025114327182,0.9375,5.0,2.053947620637407,312.7360576883746,0.0,0.0
evt_pay_001252_2,cust_019,pay_001252,2026-05-07T16:59:23.761983+00:00,126830,ESCALATE_HUMAN,0.8333333333333334,1,0.4888888888888889,0.03277917038904358,0.1708043292381825,2.0,1.0,-0.9652404063860988,-0.26136365064713735,0.8571428571428572,9.0,-0.5137657855739247,313.1171666566756,0.0,0.0
evt_pay_000498_0,cust_013,pay_000498,2026-05-07T17:26:50.853463+00:00,178493,RETRY_NOW,0.8333333333333334,0,0.36792452830188677,0.13056492647010978,0.10900013616406627,0.0,1.0,-0.9895557230737473,-0.14415086171089342,0.9333333333333333,5.0,-0.5595801808996762,308.3292479897332,1.0,0.0
evt_pay_006537_0,cust_051,pay_006537,2026-05-07T17:30:17.587342+00:00,556791,RETRY_NOW,0.8333333333333334,0,0.504424778761062,1.3157193967011267,-0.24540531456071427,0.0,1.0,-0.9916109917986042,-0.12925804015297604,0.7692307692307692,4.0,-1.013594580420746,315.5242802893404,1.0,0.0
evt_pay_004664_1,cust_020,pay_004664,2026-05-07T17:45:46.409795+00:00,65650,WHATSAPP_NUDGE,0.8333333333333334,0,0.36704119850187267,0.08333333333333333,0.20362063256618462,1.0,1.0,-0.9980739762324883,-0.062034973744416466,0.7142857142857143,2.0,0.06752823759169156,321.97854076553546,1.0,0.0
evt_pay_004216_0,cust_013,pay_004216,2026-05-07T17:54:27.474868+00:00,137920,WHATSAPP_NUDGE,0.8333333333333334,0,0.36619718309859156,0.01917385885282859,-0.5652244198637887,0.0,1.0,-0.999707631861869,-0.02417955328648594,0.9375,5.0,-0.5595801808996762,308.34842184858604,0.0,0.0
evt_pay_004041_1,cust_010,pay_004041,2026-05-07T17:55:45.652736+00:00,71693,WHATSAPP_NUDGE,0.8333333333333334,0,0.4090909090909091,0.06602085580982475,-0.26566867858523424,1.0,1.0,-0.9998289417533047,-0.01849560035431907,0.8275862068965517,8.0,-0.045395759303349575,336.69265582796,0.0,0.0
evt_pay_000137_0,cust_002,pay_000137,2026-05-07T18:09:50.092501+00:00,317183,DO_NOTHING,0.03333333333333333,0,0.3389830508474576,1.1855290215707253,0.0914068882141111,0.0,1.0,-0.9990793897637011,0.04289956817254096,0.9375,2.0,-0.38277421977533765,315.83937517894253,0.0,1.0
evt_pay_005340_1,cust_019,pay_005340,2026-05-07T18:12:11.641661+00:00,95150,WHATSAPP_NUDGE,0.8333333333333334,0,0.4911504424778761,0.08333333333333333,-0.5855205963980952,1.0,1.0,-0.9985848689731925,0.053181382623920484,0.7857142857142857,9.0,-0.5137657855739247,313.1677208196199,1.0,0.0
evt_pay_002035_0,cust_016,pay_002035,2026-05-07T18:20:15.768645+00:00,136895,WHATSAPP_NUDGE,0.8333333333333334,0,0.3925619834710744,2.8167247302643545,0.5032713104721404,0.0,1.0,-0.9960940991722655,0.0882980497757049,0.75,1.0,-0.5381138706705891,329.54371664264346,0.0,0.0
evt_pay_008109_0,cust_046,pay_008109,2026-05-07T18:45:31.532443+00:00,128319,RETRY_LATER,0.8333333333333334,0,0.47368421052631576,0.5353769283869193,0.5878002090333124,0.0,1.0,-0.9803353397553869,0.19733884976529645,0.8333333333333334,4.0,-0.9687765812058661,330.80198378744444,0.0,1.0
evt_pay_000801_1,cust_003,pay_000801,2026-05-07T18:55:46.191319+00:00,208310,WHATSAPP_NUDGE,0.8333333333333334,1,0.5205479452054794,0.08333333333333333,-0.15482734977092258,1.0,1.0,-0.9705381739084293,0.24094740709642706,0.9411764705882353,6.0,2.053947620637407,312.819391021708,1.0,0.0
evt_pay_000498_1,cust_013,pay_000498,2026-05-07T19:26:50.853463+00:00,152093,WHATSAPP_NUDGE,0.8333333333333334,0,0.3644859813084112,0.06415947448050474,-0.3297112500883002,1.0,1.0,-0.9290558254975908,0.36993955331782263,0.9411764705882353,6.0,-0.5595801808996762,308.4125813230665,0.0,1.0
evt_pay_003319_2,cust_059,pay_003319,2026-05-07T19:28:35.781817+00:00,172981,ESCALATE_HUMAN,0.8333333333333334,0,0.38095238095238093,0.14372140294460678,0.13140966516883565,2.0,1.0,-0.926205942678343,0.37701797271127807,0.8333333333333334,6.0,-0.38878117849020055,319.43211721214675,0.0,1.0
evt_pay_006537_1,cust_051,pay_006537,2026-05-07T19:30:17.587342+00:00,532043,PAYMENT_LINK,0.8333333333333334,0,0.5022026431718062,0.08333333333333333,-0.3614915622282427,1.0,1.0,-0.9233893296459622,0.3838647494834353,0.7692307692307692,4.0,-1.013594580420746,315.6076136226738,1.0,0.0
evt_pay_005383_0,cust_052,pay_005383,2026-05-07T19:37:23.567587+00:00,186690,RETRY_LATER,0.8333333333333334,0,0.4630541871921182,3.037960475408795,0.8022263097075991,0.0,1.0,-0.911056780644163,0.41228090234971304,0.8333333333333334,4.0,-1.0656726581061444,336.6924263056,0.0,1.0
evt_pay_004216_1,cust_013,pay_004216,2026-05-07T19:54:27.474868+00:00,156537,WHATSAPP_NUDGE,0.8333333333333334,0,0.3627906976744186,0.01917385885282859,-0.2558574853656312,1.0,1.0,-0.8778619821928028,0.47891370853267834,0.9444444444444444,7.0,-0.5595801808996762,308.43175518191936,0.0,1.0
evt_pay_002035_1,cust_016,pay_002035,2026-05-07T20:20:15.768645+00:00,137166,WHATSAPP_NUDGE,0.8333333333333334,0,0.39094650205761317,0.08333333333333333,0.5099369334233451,1.0,1.0,-0.8184937695551053,0.5745154037965163,0.7777777777777778,2.0,-0.5381138706705891,329.62704997597683,0.0,1.0
evt_pay_007509_0,cust_008,pay_007509,2026-05-07T20:33:41.959585+00:00,260179,RETRY_LATER,0.8333333333333334,0,0.45132743362831856,7.501768563936878,0.6297070708090496,0.0,1.0,-0.783424182473891,0.6214873693930677,0.7777777777777778,0.0,0.4190160498383978,323.3209948948151,0.0,1.0
evt_pay_008109_1,cust_046,pay_008109,2026-05-07T20:45:31.532443+00:00,126418,WHATSAPP_NUDGE,0.8333333333333334,0,0.4712041884816754,0.08333333333333333,0.5367653867261946,1.0,1.0,-0.7503258835731659,0.6610681269280405,0.8387096774193549,4.0,-0.9687765812058661,330.88531712077776,0.0,0.0
evt_pay_001958_0,cust_023,pay_001958,2026-05-07T21:04:46.875854+00:00,88141,WHATSAPP_NUDGE,0.8333333333333334,0,0.44933920704845814,2.360459272811719,0.13668835462774354,0.0,1.0,-0.6922021756082473,0.7217036428363163,0.8461538461538461,8.0,0.9385908116339667,331.1305853496497,0.0,0.0
evt_pay_005502_0,cust_032,pay_005502,2026-05-07T21:12:51.383205+00:00,392276,RETRY_LATER,0.8333333333333334,0,0.3320610687022901,1.8571576342224223,0.594741500790205,0.0,1.0,-0.6663490379086222,0.7456399665242291,0.8888888888888888,8.0,0.2905055503479753,332.3472840237071,0.0,1.0
evt_pay_005383_1,cust_052,pay_005383,2026-05-07T21:37:23.567587+00:00,129288,WHATSAPP_NUDGE,0.8333333333333334,0,0.46078431372549017,0.08333333333333333,-0.3229346183758324,1.0,1.0,-0.5828578651530552,0.8125741252521046,0.8461538461538461,4.0,-1.0656726581061444,336.7757596389334,1.0,0.0
evt_pay_007468_0,cust_045,pay_007468,2026-05-07T22:06:29.332325+00:00,80338,WHATSAPP_NUDGE,0.8333333333333334,0,0.32916666666666666,0.4534431631452283,-0.22790823467267018,0.0,1.0,-0.47528306529726033,0.8798329431441176,0.8666666666666667,7.0,1.000889969158722,310.75768420751274,0.0,0.0
evt_pay_001890_0,cust_015,pay_001890,2026-05-07T22:08:45.307602+00:00,104853,DO_NOTHING,0.03333333333333333,0,0.4110169491525424,0.8983950799255354,-0.31669272150038513,0.0,1.0,-0.4665598294446613,0.8844896412895792,0.8709677419354839,5.0,1.245182551392603,324.3388899783553,0.0,1.0
evt_pay_002516_0,cust_013,pay_002516,2026-05-07T22:28:45.420976+00:00,164999,WHATSAPP_NUDGE,0.8333333333333334,0,0.3611111111111111,0.10715215403107929,-0.11524724827455995,0.0,1.0,-0.38768847682752783,0.9217904560881239,0.9444444444444444,8.0,-0.5595801808996762,308.53890733595046,0.0,0.0
evt_pay_007509_1,cust_008,pay_007509,2026-05-07T22:33:41.959585+00:00,182188,WHATSAPP_NUDGE,0.8333333333333334,1,0.44933920704845814,0.08333333333333333,-0.4155113435820228,1.0,1.0,-0.36772155926491196,0.9299359412625053,0.875,0.0,0.4190160498383978,323.4043282281484,0.0,0.0
evt_pay_004249_0,cust_015,pay_004249,2026-05-07T23:12:08.207925+00:00,112496,ESCALATE_HUMAN,0.03333333333333333,1,0.4092827004219409,0.04401505003105891,-0.13152722612936243,0.0,1.0,-0.2073278003249589,0.9782715283664418,0.875,4.0,1.245182551392603,324.3829050283864,1.0,0.0
evt_pay_005502_1,cust_032,pay_005502,2026-05-07T23:12:51.383205+00:00,421793,WHATSAPP_NUDGE,0.8333333333333334,0,0.33079847908745247,0.08333333333333333,0.8544802984876179,1.0,1.0,-0.2042552113540728,0.9789176720412719,0.8888888888888888,8.0,0.2905055503479753,332.4306173570405,0.0,0.0
evt_pay_002143_0,cust_028,pay_002143,2026-05-07T23:15:29.321136+00:00,260850,RETRY_LATER,0.8333333333333334,1,0.4069264069264069,0.6149416921413149,0.4012098566515163,0.0,1.0,-0.19299855831967772,0.9811990401985349,0.8947368421052632,4.0,0.3910481863531735,308.2963659195605,0.0,1.0
evt_pay_008439_0,cust_016,pay_008439,2026-05-07T23:56:19.548393+00:00,124308,RETRY_NOW,0.03333333333333333,0,0.38934426229508196,0.15004374708130777,0.19430418637660424,0.0,1.0,-0.016031006549015212,0.9998714951577655,0.7777777777777778,3.0,-0.5381138706705891,329.77709372305816,0.0,0.0
evt_pay_002160_0,cust_033,pay_002160,2026-05-07T23:58:45.131128+00:00,90990,WHATSAPP_NUDGE,0.8333333333333334,0,0.5961538461538461,0.3359015725452726,0.40140574281907454,0.0,1.0,-0.0054445911016237575,0.9999851781040238,0.8484848484848485,2.0,-0.3958893149650273,311.74266952126436,0.0,0.0
evt_pay_005938_0,cust_057,pay_005938,2026-05-08T00:01:17.179057+00:00,61747,WHATSAPP_NUDGE,0.8333333333333334,0,0.4077669902912621,0.5372859612084161,-0.7022659045170909,0.0,1.0,0.00561258995052166,0.9999842492929812,0.9444444444444444,3.0,-0.5990323654313375,328.2656567824067,0.0,0.0
evt_pay_005452_2,cust_047,pay_005452,2026-05-08T00:10:39.948385+00:00,124417,ESCALATE_HUMAN,0.8333333333333334,0,0.5094339622641509,0.4284920765778679,0.343750013854974,2.0,1.0,0.04652156268081485,0.99891728596803,0.8529411764705882,9.0,1.898235005697721,310.0236414477498,0.0,0.0
evt_pay_004742_0,cust_013,pay_004742,2026-05-08T00:16:47.824745+00:00,149524,DO_NOTHING,0.03333333333333333,0,0.35944700460829493,0.07502782139446633,-0.3723963195329356,0.0,1.0,0.07322548641849186,0.9973154105591547,0.9473684210526316,9.0,-0.5595801808996762,308.6139351573449,1.0,0.0
evt_pay_000324_0,cust_005,pay_000324,2026-05-08T00:22:51.687969+00:00,117956,WHATSAPP_NUDGE,0.8333333333333334,0,0.3389121338912134,1.6810967412137074,-0.28245374494798436,0.0,1.0,0.09958661673122672,0.9950288969512533,0.85,6.0,-0.6412832630166057,327.69299397504307,0.0,0.0
evt_pay_002516_1,cust_013,pay_002516,2026-05-08T00:28:45.420976+00:00,151131,ESCALATE_HUMAN,0.03333333333333333,0,0.3577981651376147,0.008305511938867008,-0.3457016048575165,1.0,1.0,0.12514715835692922,0.9921381903521231,0.95,9.0,-0.5595801808996762,308.62224066928377,0.0,0.0
evt_pay_001747_0,cust_048,pay_001747,2026-05-08T00:44:21.850241+00:00,151474,WHATSAPP_NUDGE,0.8333333333333334,0,0.31226765799256506,0.8588933130961701,-0.5969252714359622,0.0,1.0,0.19236855391664712,0.9813227498962908,0.85,6.0,-0.4506859321563252,318.036435460432,0.0,0.0
evt_pay_004299_0,cust_016,pay_004299,2026-05-08T01:46:24.031272+00:00,161629,RETRY_NOW,0.8333333333333334,0,0.3877551020408163,0.07644077406073772,1.1104460610607918,0.0,1.0,0.4477611212746548,0.8941532185676367,0.8,3.0,-0.5381138706705891,329.85353449711886,1.0,0.0
evt_pay_002160_1,cust_033,pay_002160,2026-05-08T01:58:45.131128+00:00,128542,WHATSAPP_NUDGE,0.8333333333333334,0,0.5933014354066986,0.08333333333333333,1.746237978522655,1.0,1.0,0.49527743484478765,0.8687348631968025,0.8709677419354839,3.0,-0.3958893149650273,311.8260028545977,0.0,0.0
evt_pay_005232_0,cust_019,pay_005232,2026-05-08T02:03:37.373038+00:00,99706,WHATSAPP_NUDGE,0.8333333333333334,0,0.4889867841409692,0.3273811502016694,-0.4767560083385962,0.0,1.0,0.5136269274284795,0.85801362426268,0.7692307692307692,10.0,-0.5137657855739247,313.4951019698215,0.0,0.0
evt_pay_000421_0,cust_049,pay_000421,2026-05-08T02:13:51.425542+00:00,341077,PAYMENT_LINK,0.03333333333333333,0,0.36585365853658536,1.0739111378295927,0.04969856660458912,0.0,1.0,0.5514169067240479,0.8342298214394417,0.85,4.0,0.2100296838614713,309.9738711704933,1.0,0.0
evt_pay_003589_0,cust_041,pay_003589,2026-05-08T02:35:34.405702+00:00,277553,RETRY_NOW,0.8333333333333334,1,0.46551724137931033,1.7661849361892337,0.15648011817461566,0.0,1.0,0.6278728234510595,0.7783159497091106,0.85,3.0,0.3693318557794774,336.39787016985775,1.0,0.0
evt_pay_000219_2,cust_014,pay_000219,2026-05-08T02:36:35.160059+00:00,67169,DO_NOTHING,0.03333333333333333,0,0.32661290322580644,0.7991232214764258,0.014366654992097579,2.0,1.0,0.6313054252590254,0.7755343061648021,0.8709677419354839,9.0,-0.8122776257059364,331.8657630236499,0.0,0.0
evt_pay_005772_0,cust_021,pay_005772,2026-05-08T02:37:34.987770+00:00,300014,WHATSAPP_NUDGE,0.8333333333333334,0,0.3706293706293706,2.2971114449436527,1.1288538955116394,0.0,1.0,0.634673629442952,0.7727802948378732,0.9166666666666666,5.0,-0.0711177391970671,323.5582790945222,0.0,0.0
evt_pay_001747_1,cust_048,pay_001747,2026-05-08T02:44:21.850241+00:00,221961,WHATSAPP_NUDGE,0.8333333333333334,0,0.3111111111111111,0.08333333333333333,0.4548528726247311,1.0,1.0,0.6572574295292383,0.7536661537634674,0.8095238095238095,7.0,-0.4506859321563252,318.11976879376533,0.0,0.0
evt_pay_003345_0,cust_040,pay_003345,2026-05-08T02:46:44.475015+00:00,202228,WHATSAPP_NUDGE,0.8333333333333334,0,0.5175879396984925,0.9047842071324226,-0.1998215942095598,0.0,1.0,0.6650389364491838,0.7468086856796313,0.8181818181818181,6.0,-0.492492512121923,326.2450366469387,0.0,0.0
evt_pay_001430_0,cust_034,pay_001430,2026-05-08T02:49:20.462156+00:00,51172,WHATSAPP_NUDGE,0.8333333333333334,0,0.3577586206896552,0.5009209000022565,-0.15426817011611138,0.0,1.0,0.6734675442095436,0.7392167928939158,0.8709677419354839,8.0,-0.5369784473169031,321.2304530339248,0.0,0.0
evt_pay_006797_0,cust_001,pay_006797,2026-05-08T03:13:44.003082+00:00,470318,WHATSAPP_NUDGE,0.8333333333333334,0,0.33098591549295775,1.2830755850640116,-0.30900199267844314,0.0,1.0,0.74818436926098,0.663490881319065,0.9523809523809523,14.0,0.16534712408787333,319.687639186151,0.0,0.0
evt_pay_003792_0,cust_059,pay_003792,2026-05-08T03:24:45.804710+00:00,208118,RETRY_NOW,0.8333333333333334,0,0.3793103448275862,0.33067156127117414,0.738465484871724,0.0,1.0,0.7792379202281725,0.6267282215430164,0.9230769230769231,6.0,-0.38878117849020055,319.7627887734179,1.0,0.0
evt_pay_003410_2,cust_024,pay_003410,2026-05-08T03:26:01.264062+00:00,82390,ESCALATE_HUMAN,0.8333333333333334,0,0.2719665271966527,0.8525878035412878,-0.3974159701857505,2.0,1.0,0.7826653783394721,0.6224426925820006,0.9545454545454546,6.0,-1.1653357768016162,322.8009295800645,1.0,0.0
evt_pay_005079_2,cust_055,pay_005079,2026-05-08T03:34:25.809177+00:00,361569,ESCALATE_HUMAN,0.8333333333333334,1,0.3490909090909091,0.9166666666666666,0.45016816881915817,2.0,1.0,0.8049718647574177,0.5933129839713316,0.8181818181818181,4.0,-1.0480965437343166,334.0979235700826,0.0,0.0
evt_pay_004299_1,cust_016,pay_004299,2026-05-08T03:46:24.031272+00:00,90297,WHATSAPP_NUDGE,0.8333333333333334,0,0.3861788617886179,0.08333333333333333,-0.6405836573134385,1.0,1.0,0.8348491151346743,0.5504788415178656,0.8181818181818181,3.0,-0.5381138706705891,329.9368678304522,1.0,0.0
evt_pay_005446_0,cust_022,pay_005446,2026-05-08T03:52:55.194016+00:00,117280,WHATSAPP_NUDGE,0.8333333333333334,0,0.43388429752066116,1.2748614962390927,0.12651362324707957,0.0,1.0,0.8501682607525282,0.5265110904900496,0.8461538461538461,8.0,-0.6143468879245073,316.1681208369785,0.0,0.0
evt_pay_006697_2,cust_046,pay_006697,2026-05-08T03:54:34.965831+00:00,99197,ESCALATE_HUMAN,0.8333333333333334,0,0.46875,0.297956404946414,-0.19402859375671813,2.0,1.0,0.8539660089802932,0.5203287955766718,0.9,5.0,-0.9687765812058661,331.1832735257242,1.0,0.0
evt_pay_005232_1,cust_019,pay_005232,2026-05-08T04:03:37.373038+00:00,113006,WHATSAPP_NUDGE,0.8333333333333334,0,0.4868421052631579,0.08333333333333333,-0.1592125365179296,1.0,1.0,0.8738207793521495,0.4862481316903974,0.8571428571428572,11.0,-0.5137657855739247,313.5784353031549,0.0,0.0
evt_pay_005888_0,cust_023,pay_005888,2026-05-08T04:08:43.907387+00:00,75804,DO_NOTHING,0.03333333333333333,0,0.4473684210526316,0.29441008718761924,-0.28232473746598524,0.0,1.0,0.8844421285446318,0.4666498915198,0.9285714285714286,9.0,0.9385908116339667,331.4249954368373,0.0,0.0
evt_pay_008261_0,cust_037,pay_008261,2026-05-08T04:10:38.895090+00:00,189863,RETRY_NOW,0.8333333333333334,1,0.4368932038834951,1.815583775947971,0.5421211314792319,0.0,1.0,0.8883133532818168,0.4592378320448066,0.8333333333333334,3.0,-0.33341852366871827,314.80392481004515,1.0,0.0
evt_pay_000645_0,cust_008,pay_000645,2026-05-08T04:26:22.957558+00:00,169312,WHATSAPP_NUDGE,0.8333333333333334,0,0.4517543859649123,0.3282522913549239,-0.5880643721560938,0.0,1.0,0.9177245158568557,0.39721746310465744,0.7692307692307692,1.0,0.4190160498383978,323.64924718617,0.0,0.0
evt_pay_003345_1,cust_040,pay_003345,2026-05-08T04:46:44.475015+00:00,227560,WHATSAPP_NUDGE,0.8333333333333334,0,0.515,0.08333333333333333,0.13303807906699772,1.0,1.0,0.9493449563105937,0.3142358253408368,0.7619047619047619,7.0,-0.492492512121923,326.32836998027204,0.0,0.0
evt_pay_001430_1,cust_034,pay_001430,2026-05-08T04:49:20.462156+00:00,51229,WHATSAPP_NUDGE,0.8333333333333334,0,0.3562231759656652,0.08333333333333333,-0.15124369720739134,1.0,1.0,0.9528483983567422,0.3034467494454195,0.896551724137931,9.0,-0.5369784473169031,321.31378636725816,0.0,0.0
evt_pay_007084_0,cust_031,pay_007084,2026-05-08T05:09:05.084451+00:00,54240,WHATSAPP_NUDGE,0.8333333333333334,0,0.3445378151260504,0.6176494465644661,0.024485020903946955,0.0,1.0,0.9754238570954071,0.22033678541977234,0.9545454545454546,8.0,-0.07508066613848166,330.5501358964549,0.0,0.0
evt_pay_006797_1,cust_001,pay_006797,2026-05-08T05:13:44.003082+00:00,447791,WHATSAPP_NUDGE,0.8333333333333334,0,0.3298245614035088,0.08333333333333333,-0.431048938436501,1.0,1.0,0.9796921111539781,0.20050777377114642,0.9565217391304348,14.0,0.16534712408787333,319.77097251948436,0.0,0.0
evt_pay_006769_2,cust_013,pay_006769,2026-05-08T05:35:15.957163+00:00,181744,ESCALATE_HUMAN,0.8333333333333334,0,0.3561643835616438,0.21285342808929877,0.16302906998540606,2.0,1.0,0.9941820021080517,0.10771326141393046,0.9565217391304348,7.0,-0.5595801808996762,308.8350940973731,1.0,0.0
evt_pay_006975_0,cust_041,pay_006975,2026-05-08T05:40:13.122935+00:00,275256,RETRY_LATER,0.8333333333333334,1,0.4678111587982833,1.8944108300867697,0.13153279573418045,0.0,1.0,0.9962774195004056,0.08620500793812831,0.75,3.0,0.3693318557794774,336.52609606375523,0.0,1.0
evt_pay_001097_0,cust_007,pay_001097,2026-05-08T05:41:36.827530+00:00,354487,WHATSAPP_NUDGE,0.8333333333333334,0,0.45077720207253885,1.5834922926734787,0.36181862567115275,0.0,1.0,0.9967837029968454,0.08013893835019728,0.7857142857142857,2.0,-0.46533070623945577,336.3355383806465,0.0,0.0
evt_pay_005454_0,cust_029,pay_005454,2026-05-08T05:41:59.976061+00:00,44892,WHATSAPP_NUDGE,0.8333333333333334,0,0.4084507042253521,0.5495448197758795,0.009687886552682032,0.0,1.0,0.9969171971404912,0.07846083128253867,0.7142857142857143,4.0,-0.8256115037842402,311.2507866920377,0.0,0.0
evt_pay_000569_0,cust_026,pay_000569,2026-05-08T05:54:52.205326+00:00,234174,RETRY_LATER,0.8333333333333334,0,0.4858757062146893,2.2238109291592423,0.08289276861435495,0.0,1.0,0.9997495008108546,0.022381591284961352,0.8,2.0,1.9048100532514713,324.7996746245871,0.0,1.0
evt_pay_007109_2,cust_038,pay_007109,2026-05-08T05:55:33.455259+00:00,40601,ESCALATE_HUMAN,0.8333333333333334,0,0.6381909547738693,0.9166666666666666,-0.25485304855113794,2.0,1.0,0.999812142346122,0.019382466748527557,0.9615384615384616,4.0,2.4957647172129915,335.203822145531,0.0,0.0
evt_pay_005337_0,cust_013,pay_005337,2026-05-08T06:01:39.268619+00:00,157383,WHATSAPP_NUDGE,0.8333333333333334,0,0.35454545454545455,0.01832536407223036,-0.24180464437914545,0.0,1.0,0.9999739430050111,-0.007218954980532174,0.9565217391304348,7.0,-0.5595801808996762,308.8534194614453,0.0,0.0
evt_pay_004516_0,cust_006,pay_004516,2026-05-08T06:13:10.892929+00:00,151876,RETRY_NOW,0.8333333333333334,0,0.5038167938931297,1.0490692728202096,0.4773615552514341,0.0,1.0,0.9983464477719761,-0.05748365177228123,0.9615384615384616,4.0,-0.3286363658753921,329.90755449796217,1.0,0.0
evt_pay_000645_1,cust_008,pay_000645,2026-05-08T06:26:22.957558+00:00,190611,DO_NOTHING,0.03333333333333333,0,0.4497816593886463,0.08333333333333333,-0.3026297448408802,1.0,1.0,0.9933814759601406,-0.11486184405298656,0.8125,2.0,0.4190160498383978,323.7325805195033,0.0,0.0
evt_pay_000457_2,cust_028,pay_000457,2026-05-08T06:29:58.358935+00:00,217070,ESCALATE_HUMAN,0.8333333333333334,1,0.40948275862068967,0.9166666666666666,-0.14565328373714842,2.0,1.0,0.9914604315188834,-0.13040787066887283,0.7272727272727273,4.0,0.3910481863531735,308.59809089408583,0.0,0.0
evt_pay_005814_2,cust_047,pay_005814,2026-05-08T06:36:08.186012+00:00,102153,RETRY_LATER,0.03333333333333333,0,0.5070422535211268,0.2676879355061222,-0.2290287494596316,2.0,1.0,0.9875950395868921,-0.1570224117231839,0.962962962962963,9.0,1.898235005697721,310.2913293832559,1.0,0.0
evt_pay_004656_0,cust_014,pay_004656,2026-05-08T06:50:37.353563+00:00,76019,WHATSAPP_NUDGE,0.8333333333333334,0,0.3253012048192771,0.17641427667238455,0.39271320935137854,0.0,1.0,0.9757044632282814,-0.21909084973227724,0.962962962962963,9.0,-0.8122776257059364,332.0421773003223,0.0,0.0
evt_pay_007305_0,cust_019,pay_007305,2026-05-08T06:54:13.505567+00:00,106981,RETRY_LATER,0.8333333333333334,0,0.4847161572052402,0.118473756121053,-0.30305319530736313,0.0,1.0,0.9721401724847598,-0.23440026672617398,0.8571428571428572,12.0,-0.5137657855739247,313.6969090592759,0.0,1.0
evt_pay_005454_1,cust_029,pay_005454,2026-05-08T07:41:59.976061+00:00,37732,WHATSAPP_NUDGE,0.8333333333333334,1,0.4070175438596491,0.08333333333333333,-0.4475597378139502,1.0,1.0,0.9025860338345141,-0.4305095254775224,0.7,5.0,-0.8256115037842402,311.334120025371,1.0,0.0
evt_pay_003704_0,cust_032,pay_003704,2026-05-08T07:50:22.542165+00:00,290577,RETRY_LATER,0.8333333333333334,0,0.32954545454545453,0.35938841388995496,-0.3001690747289351,0.0,1.0,0.8862526913781756,-0.4632020801172423,0.6666666666666667,9.0,0.2905055503479753,332.79000577093046,0.0,1.0
evt_pay_000569_1,cust_026,pay_000569,2026-05-08T07:54:52.205326+00:00,201468,WHATSAPP_NUDGE,0.8333333333333334,0,0.48314606741573035,0.08333333333333333,-0.327731960760621,1.0,1.0,0.876999260765492,-0.4804917237755304,0.875,2.0,1.9048100532514713,324.8830079579205,0.0,1.0
evt_pay_005337_1,cust_013,pay_005337,2026-05-08T08:01:39.268619+00:00,170682,WHATSAPP_NUDGE,0.8333333333333334,0,0.35294117647058826,0.08333333333333333,-0.02080706722450619,1.0,1.0,0.8623933602745658,-0.5062387699044226,0.9523809523809523,8.0,-0.5595801808996762,308.9367527947786,1.0,0.0
evt_pay_004130_0,cust_048,pay_004130,2026-05-08T08:27:15.871115+00:00,194651,PAYMENT_LINK,0.03333333333333333,0,0.30996309963099633,0.23812524159700388,0.0473393541686286,0.0,1.0,0.8005627048263023,-0.5992489930247649,0.6818181818181819,8.0,-0.4506859321563252,318.35789403536234,1.0,0.0
evt_pay_007150_0,cust_052,pay_007150,2026-05-08T08:30:12.914151+00:00,139596,RETRY_LATER,0.8333333333333334,0,0.4585365853658537,0.4533489185688116,-0.12088428072897753,0.0,1.0,0.7927812761236517,-0.6095062331328157,0.9285714285714286,5.0,-1.0656726581061444,337.2291085575022,0.0,1.0
evt_pay_000116_0,cust_041,pay_000116,2026-05-08T08:40:55.257405+00:00,270618,RETRY_NOW,0.8333333333333334,1,0.4700854700854701,2.019898497568306,0.08118030519928099,0.0,1.0,0.763455266864733,-0.6458607090514946,0.6818181818181819,3.0,0.3693318557794774,336.6515837312368,1.0,0.0
evt_pay_002164_0,cust_005,pay_002164,2026-05-08T08:49:06.384182+00:00,110809,RETRY_LATER,0.8333333333333334,0,0.3375,0.35155898395553703,-0.4384533725273775,0.0,1.0,0.7399058874195757,-0.6727103966506316,0.6521739130434783,6.0,-0.6412832630166057,328.0445529589986,0.0,1.0
evt_pay_004656_1,cust_014,pay_004656,2026-05-08T08:50:37.353563+00:00,73583,WHATSAPP_NUDGE,0.8333333333333334,0,0.324,0.08333333333333333,0.28858698683426115,1.0,1.0,0.7354394268754127,-0.6775904732190119,0.9583333333333334,10.0,-0.8122776257059364,332.12551063365567,0.0,0.0
evt_pay_007974_0,cust_002,pay_007974,2026-05-08T09:25:09.835399+00:00,311723,WHATSAPP_NUDGE,0.8333333333333334,0,0.33755274261603374,0.6356451724291219,0.04064777363445494,0.0,1.0,0.6253654994641096,-0.7803319755591236,0.6666666666666667,2.0,-0.38277421977533765,316.47502035137165,0.0,0.0
evt_pay_005985_0,cust_022,pay_005985,2026-05-08T09:36:06.650319+00:00,100985,WHATSAPP_NUDGE,0.8333333333333334,0,0.43209876543209874,0.23832704054298878,-0.28804767571398227,0.0,1.0,0.5873939228677062,-0.8093011672906985,0.9166666666666666,9.0,-0.6143468879245073,316.4064478775215,0.0,0.0
evt_pay_007529_0,cust_030,pay_007529,2026-05-08T09:41:10.162074+00:00,188227,WHATSAPP_NUDGE,0.8333333333333334,0,0.38846153846153847,0.995648983926022,0.25252228365657814,0.0,1.0,0.5693894042928048,-0.822067945050216,0.8823529411764706,12.0,1.7722569671050512,308.3477844121024,0.0,0.0
evt_pay_006420_0,cust_046,pay_006420,2026-05-08T10:11:36.625020+00:00,87990,WHATSAPP_NUDGE,0.8333333333333334,0,0.46632124352331605,0.2618247591306613,-0.4948982529568898,0.0,1.0,0.455504444175949,-0.8902335094434267,0.96,5.0,-0.9687765812058661,331.44509828485485,0.0,0.0
evt_pay_002931_2,cust_050,pay_002931,2026-05-08T10:20:03.022637+00:00,128800,ESCALATE_HUMAN,0.8333333333333334,0,0.44841269841269843,0.9166666666666666,0.29828392882675697,2.0,1.0,0.4224190338534347,-0.9064006618699761,0.9285714285714286,4.0,-0.900782201038446,335.1454408797077,1.0,0.0
evt_pay_007150_1,cust_052,pay_007150,2026-05-08T10:30:12.914151+00:00,172039,WHATSAPP_NUDGE,0.8333333333333334,0,0.4563106796116505,0.08333333333333333,0.5150550859140575,1.0,1.0,0.38181560820132027,-0.9242385197198048,0.9285714285714286,4.0,-1.0656726581061444,337.3124418908355,0.0,1.0
evt_pay_005781_0,cust_015,pay_005781,2026-05-08T10:38:47.361364+00:00,165973,RETRY_LATER,0.8333333333333334,0,0.4117647058823529,0.5208571037235666,1.1641509337497695,0.0,1.0,0.3469792095227706,-0.937872820887221,0.9615384615384616,3.0,1.245182551392603,324.8597470820789,0.0,1.0
evt_pay_001060_0,cust_026,pay_001060,2026-05-08T11:08:34.652824+00:00,176883,WHATSAPP_NUDGE,0.8333333333333334,0,0.48044692737430167,0.13451906826391755,-0.636388995167942,0.0,1.0,0.22249490624401078,-0.9749338524717812,0.8823529411764706,3.0,1.9048100532514713,325.0175270261844,0.0,0.0
evt_pay_006659_0,cust_053,pay_006659,2026-05-08T11:11:51.546199+00:00,349921,RETRY_LATER,0.8333333333333334,0,0.41365461847389556,3.355539123634742,0.2666390462919534,0.0,1.0,0.2085129948571498,-0.9780195964170156,0.95,4.0,-0.06914381847567465,308.4509273969573,0.0,1.0
evt_pay_007974_1,cust_002,pay_007974,2026-05-08T11:25:09.835399+00:00,245134,PAYMENT_LINK,0.03333333333333333,1,0.33613445378151263,0.08333333333333333,-0.5783605568071283,1.0,1.0,0.151416421406701,-0.9884700639515536,0.6799999999999999,3.0,-0.38277421977533765,316.55835368470497,0.0,1.0
evt_pay_007529_1,cust_030,pay_007529,2026-05-08T11:41:10.162074+00:00,176155,WHATSAPP_NUDGE,0.8333333333333334,0,0.38697318007662834,0.08333333333333333,0.05307970781721214,1.0,1.0,0.08207171623814906,-0.9966264261967595,0.8888888888888888,13.0,1.7722569671050512,308.43111774543576,0.0,0.0
evt_pay_004799_0,cust_050,pay_004799,2026-05-08T11:54:35.894168+00:00,164134,RETRY_LATER,0.8333333333333334,0,0.44664031620553357,0.06565823531451542,1.163914256434129,0.0,1.0,0.023567458981799086,-0.9997222488657244,1.0,4.0,-0.900782201038446,335.2110991150222,0.0,1.0
evt_pay_002203_0,cust_032,pay_002203,2026-05-08T12:00:41.915993+00:00,357329,WHATSAPP_NUDGE,0.8333333333333334,1,0.3283018867924528,0.1738353452303727,0.28722471105275527,0.0,1.0,-0.0030482123322570468,-0.999995354189997,0.6538461538461539,9.0,0.2905055503479753,332.96384111616084,0.0,0.0
evt_pay_000742_0,cust_047,pay_000742,2026-05-08T12:02:30.035560+00:00,107140,RETRY_NOW,0.8333333333333334,0,0.5046728971962616,0.22664177717304787,-0.10072894719036467,0.0,1.0,-0.010910677338802443,-0.999940476788498,0.9615384615384616,8.0,1.898235005697721,310.517971160429,1.0,0.0
evt_pay_006420_1,cust_046,pay_006420,2026-05-08T12:11:36.625020+00:00,101290,WHATSAPP_NUDGE,0.8333333333333334,0,0.4639175257731959,0.08333333333333333,-0.1378360939582162,1.0,1.0,-0.050638334528630674,-0.9987170565661561,0.962962962962963,6.0,-0.9687765812058661,331.5284316181882,1.0,0.0
evt_pay_006683_0,cust_024,pay_006683,2026-05-08T12:14:11.670195+00:00,80932,RETRY_LATER,0.8333333333333334,0,0.2708333333333333,0.3667871080095135,-0.44095844652694816,0.0,1.0,-0.061895614981476,-0.998082628265849,0.9523809523809523,6.0,-1.1653357768016162,323.16771668807405,0.0,1.0
evt_pay_005914_2,cust_013,pay_005914,2026-05-08T12:18:50.043816+00:00,236979,ESCALATE_HUMAN,0.8333333333333334,0,0.35135135135135137,0.17859693515111985,1.0808958901384556,2.0,1.0,-0.08208663842869476,-0.9966251972489341,0.9545454545454546,9.0,-0.5595801808996762,309.11534972992973,1.0,0.0
evt_pay_005781_1,cust_015,pay_005781,2026-05-08T12:38:47.361364+00:00,114699,WHATSAPP_NUDGE,0.8333333333333334,0,0.4100418410041841,0.08333333333333333,-0.07814723251508149,1.0,1.0,-0.168443600411848,-0.9857112931686913,0.9642857142857143,3.0,1.245182551392603,324.9430804154122,0.0,1.0
evt_pay_001060_1,cust_026,pay_001060,2026-05-08T13:08:34.652824+00:00,271837,WHATSAPP_NUDGE,0.8333333333333334,0,0.4777777777777778,0.08333333333333333,0.5557548891735026,1.0,1.0,-0.2947806852159402,-0.9555649363719981,0.8947368421052632,4.0,1.9048100532514713,325.10086035951775,0.0,1.0
evt_pay_007033_0,cust_052,pay_007033,2026-05-08T13:14:23.967065+00:00,143957,WHATSAPP_NUDGE,0.8333333333333334,0,0.45410628019323673,0.114016816136143,-0.03539565316163767,0.0,1.0,-0.31895703932191494,-0.9477691739379365,1.0,5.0,-1.0656726581061444,337.4264587069717,0.0,0.0
evt_pay_005032_0,cust_043,pay_005032,2026-05-08T13:33:29.970430+00:00,135546,RETRY_LATER,0.8333333333333334,0,0.2697095435684647,0.9728646327813522,-0.17260373022090825,0.0,1.0,-0.39674543294021936,-0.9179286799316589,0.6296296296296297,3.0,-0.05414349663535748,323.2071857248829,0.0,1.0
evt_pay_005521_0,cust_001,pay_005521,2026-05-08T13:41:05.892391+00:00,466787,RETRY_LATER,0.8333333333333334,0,0.32867132867132864,0.35233668180921995,-0.3281314104640648,0.0,1.0,-0.4269562658504397,-0.9042722748437269,0.9523809523809523,15.0,0.16534712408787333,320.1233092012936,0.0,1.0
evt_pay_002855_0,cust_011,pay_002855,2026-05-08T13:49:58.499837+00:00,49861,WHATSAPP_NUDGE,0.8333333333333334,0,0.47161572052401746,2.742780795487382,-0.45383562237113334,0.0,1.0,-0.46165184213242316,-0.8870612023168076,0.9,5.0,-0.306212897974724,312.295740033626,0.0,0.0
evt_pay_006683_1,cust_024,pay_006683,2026-05-08T14:14:11.670195+00:00,105049,WHATSAPP_NUDGE,0.8333333333333334,0,0.2697095435684647,0.08333333333333333,0.27904773908950437,1.0,1.0,-0.5526444890897433,-0.8334171036634277,1.0,6.0,-1.1653357768016162,323.25105002140737,0.0,1.0
evt_pay_004499_0,cust_017,pay_004499,2026-05-08T14:43:41.280082+00:00,444118,PAYMENT_LINK,0.03333333333333333,0,0.3333333333333333,2.1635624474946553,-0.3778004092937934,0.0,1.0,-0.6550309968237317,-0.7556020071440444,0.6296296296296297,0.0,0.5027156808516637,331.17528077628236,1.0,0.0
evt_pay_005493_0,cust_034,pay_005493,2026-05-08T14:56:40.557835+00:00,51260,RETRY_LATER,0.03333333333333333,0,0.3547008547008547,0.4217603666455716,-0.1496093917931034,0.0,1.0,-0.6967770019105524,-0.7172878150425686,0.9615384615384616,10.0,-0.5369784473169031,321.73554673390373,1.0,0.0
evt_pay_000880_0,cust_009,pay_000880,2026-05-08T15:04:55.121561+00:00,117034,ESCALATE_HUMAN,0.03333333333333333,0,0.34934497816593885,0.9318181836514631,-0.045888267944505935,0.0,1.0,-0.7221185884716296,-0.6917692853717496,0.9090909090909091,4.0,-0.8984355580750027,310.24528702244226,0.0,0.0
evt_pay_005032_1,cust_043,pay_005032,2026-05-08T15:33:29.970430+00:00,152301,WHATSAPP_NUDGE,0.8333333333333334,0,0.26859504132231404,0.08333333333333333,0.15922904007625593,1.0,1.0,-0.802555963727515,-0.5965768392130217,0.6428571428571428,3.0,-0.05414349663535748,323.2905190582162,0.0,0.0
evt_pay_003546_0,cust_018,pay_003546,2026-05-08T15:34:21.792229+00:00,210699,PAYMENT_LINK,0.03333333333333333,0,0.3089430894308943,2.1424677501575125,1.2966280778293142,0.0,1.0,-0.8047985114228077,-0.59354810757986,0.6551724137931034,5.0,-0.4554811204429685,313.2710821266687,0.0,0.0
evt_pay_005521_1,cust_001,pay_005521,2026-05-08T15:41:05.892391+00:00,496694,WHATSAPP_NUDGE,0.8333333333333334,0,0.32752613240418116,0.08333333333333333,-0.1660962878229815,1.0,1.0,-0.8218911099532867,-0.5696446290273913,1.0,15.0,0.16534712408787333,320.2066425346269,0.0,1.0
evt_pay_004664_2,cust_020,pay_004664,2026-05-08T15:45:46.409795+00:00,53186,ESCALATE_HUMAN,0.8333333333333334,0,0.3656716417910448,0.9166666666666666,-0.3774732126312005,2.0,1.0,-0.8333399314012729,-0.5527608513020089,0.9,3.0,0.06752823759169156,322.89520743220214,0.0,0.0
evt_pay_002855_1,cust_011,pay_002855,2026-05-08T15:49:58.499837+00:00,67652,WHATSAPP_NUDGE,0.8333333333333334,0,0.46956521739130436,0.08333333333333333,0.4036934813717189,1.0,1.0,-0.8433328241489654,-0.5373916148517115,0.9,6.0,-0.306212897974724,312.3790733669593,0.0,0.0
evt_pay_005576_0,cust_026,pay_005576,2026-05-08T16:06:43.302033+00:00,239334,PAYMENT_LINK,0.03333333333333333,0,0.47513812154696133,0.12371121769638194,0.14767278607673803,0.0,1.0,-0.8803153318845547,-0.47438899275698443,0.9047619047619048,5.0,1.9048100532514713,325.22457157721414,0.0,1.0
evt_pay_003867_0,cust_038,pay_003867,2026-05-08T16:07:42.938674+00:00,37447,RETRY_LATER,0.8333333333333334,0,0.635,0.4251097617434236,-0.45699021198661605,0.0,1.0,-0.8823644237534031,-0.47056670482974555,0.96,4.0,2.4957647172129915,335.6289319072744,0.0,1.0
evt_pay_005340_2,cust_019,pay_005340,2026-05-08T16:12:11.641661+00:00,129680,ESCALATE_HUMAN,0.8333333333333334,1,0.4826086956521739,0.3874784270106109,0.2388633990756527,2.0,1.0,-0.8913905556775,-0.4532360061259011,0.9166666666666666,10.0,-0.5137657855739247,314.0843874862865,1.0,0.0
evt_pay_004499_1,cust_017,pay_004499,2026-05-08T16:43:41.280082+00:00,601761,PAYMENT_LINK,0.8333333333333334,0,0.33191489361702126,0.08333333333333333,0.5022565617308963,1.0,1.0,-0.9450744870876178,-0.3268550349253872,0.6551724137931034,1.0,0.5027156808516637,331.2586141096157,1.0,0.0
evt_pay_005493_1,cust_034,pay_005493,2026-05-08T16:56:40.557835+00:00,67038,WHATSAPP_NUDGE,0.8333333333333334,0,0.35319148936170214,0.08333333333333333,0.6837909220278074,1.0,1.0,-0.9620704919485811,-0.2728009686966217,0.96,10.0,-0.5369784473169031,321.8188800672371,0.0,1.0
evt_pay_007949_0,cust_049,pay_007949,2026-05-08T17:25:12.706067+00:00,255463,WHATSAPP_NUDGE,0.8333333333333334,0,0.3643724696356275,0.6328851912579315,-0.6799531551235167,0.0,1.0,-0.9885016522378466,-0.1512100642253925,0.6551724137931034,5.0,0.2100296838614713,310.6067563617512,0.0,0.0
evt_pay_003546_1,cust_018,pay_003546,2026-05-08T17:34:21.792229+00:00,175335,WHATSAPP_NUDGE,0.8333333333333334,0,0.3076923076923077,0.08333333333333333,0.5994440176248288,1.0,1.0,-0.9937500096099822,-0.11162848382093356,0.6666666666666667,6.0,-0.4554811204429685,313.35441546000203,0.0,0.0
evt_pay_001824_0,cust_018,pay_001824,2026-05-08T17:50:34.516008+00:00,142774,PAYMENT_LINK,0.03333333333333333,0,0.3064516129032258,0.011258377072635994,-0.04246131926469407,0.0,1.0,-0.9991545621599912,-0.041111566679904045,0.6774193548387097,7.0,-0.4554811204429685,313.36567383707467,0.0,1.0
evt_pay_004216_2,cust_013,pay_004216,2026-05-08T17:54:27.474868+00:00,168954,ESCALATE_HUMAN,0.8333333333333334,0,0.34977578475336324,0.23307211865627173,-0.049513297230295746,2.0,1.0,-0.999707631861869,-0.02417955328648594,1.0,9.0,-0.5595801808996762,309.34842184858604,0.0,1.0
evt_pay_005576_1,cust_026,pay_005576,2026-05-08T18:06:43.302033+00:00,211766,WHATSAPP_NUDGE,0.8333333333333334,0,0.4725274725274725,0.08333333333333333,-0.1984367123286112,1.0,1.0,-0.9995699371314458,0.029324746939017047,0.9047619047619048,6.0,1.9048100532514713,325.30790491054745,0.0,0.0
evt_pay_000285_0,cust_049,pay_000285,2026-05-08T18:15:12.420502+00:00,379086,RETRY_LATER,0.8333333333333334,0,0.3629032258064516,0.034718917078047674,0.3736277430718985,0.0,1.0,-0.9977994411836137,0.06630441292755841,0.6774193548387097,6.0,0.2100296838614713,310.6414752788292,0.0,1.0
evt_pay_004086_0,cust_024,pay_004086,2026-05-08T18:16:30.428786+00:00,85517,RETRY_LATER,0.8333333333333334,0,0.26859504132231404,0.1682726688801305,-0.30406983092406026,0.0,1.0,-0.9974072478355205,0.07196375452387561,1.0,7.0,-1.1653357768016162,323.4193226902875,0.0,1.0
evt_pay_004721_0,cust_041,pay_004721,2026-05-08T18:17:06.140061+00:00,269373,RETRY_LATER,0.8333333333333334,0,0.4723404255319149,2.4200244542339533,0.06766237260621219,0.0,1.0,-0.9972169949209445,0.07455377281426433,0.6875,3.0,0.3693318557794774,337.0517096879025,0.0,1.0
evt_pay_002035_2,cust_016,pay_002035,2026-05-08T18:20:15.768645+00:00,126866,RETRY_LATER,0.03333333333333333,0,0.38461538461538464,0.6068488121912878,0.2570908517658553,2.0,1.0,-0.9960940991722655,0.0882980497757049,0.9090909090909091,4.0,-0.5381138706705891,330.54371664264346,0.0,1.0
evt_pay_002165_0,cust_021,pay_002165,2026-05-08T18:31:18.410894+00:00,229985,RETRY_NOW,0.8333333333333334,0,0.3693379790940767,0.6623081380112504,0.19844783785452505,0.0,1.0,-0.9906844603871063,0.1361774575600089,1.0,5.0,-0.0711177391970671,324.2205872325335,1.0,0.0
evt_pay_004302_0,cust_003,pay_004302,2026-05-08T18:38:48.299956+00:00,246947,PAYMENT_LINK,0.03333333333333333,0,0.5227272727272727,1.0715521832888157,0.34639825560849824,0.0,1.0,-0.9856997935306772,0.16851088105395604,0.696969696969697,7.0,2.053947620637407,313.8076098716635,0.0,1.0
evt_pay_006152_0,cust_028,pay_006152,2026-05-08T18:39:17.498915+00:00,202649,RETRY_NOW,0.8333333333333334,0,0.41201716738197425,1.4231381942170362,-0.32578787001141196,0.0,1.0,-0.9853397542069385,0.17060354269302277,0.7058823529411764,3.0,0.3910481863531735,309.1045624216362,1.0,0.0
evt_pay_008440_0,cust_005,pay_008440,2026-05-08T18:45:39.937605+00:00,121040,PAYMENT_LINK,0.03333333333333333,0,0.3360995850622407,0.4142772386905828,-0.21514425190164513,0.0,1.0,-0.9802145351092723,0.19793803363808912,0.7142857142857143,6.0,-0.6412832630166057,328.4588301976892,1.0,0.0
evt_pay_007067_0,cust_006,pay_007067,2026-05-08T19:01:09.314512+00:00,133496,RETRY_NOW,0.8333333333333334,0,0.5019011406844106,0.5333150646191598,0.0738298402479031,0.0,1.0,-0.9646089329436345,0.2636846724505291,0.9583333333333334,4.0,-0.3286363658753921,330.4408695625813,1.0,0.0
evt_pay_000445_0,cust_009,pay_000445,2026-05-08T19:16:33.516405+00:00,134707,RETRY_LATER,0.8333333333333334,0,0.34782608695652173,0.17474994031848232,0.3786161975197807,0.0,1.0,-0.9447222339276918,0.32787177481855845,0.875,4.0,-0.8984355580750027,310.4200369627608,0.0,1.0
evt_pay_007949_1,cust_049,pay_007949,2026-05-08T19:25:12.706067+00:00,363790,WHATSAPP_NUDGE,0.8333333333333334,0,0.3614457831325301,0.048614416255285654,0.24326563739342671,1.0,1.0,-0.931672574633562,0.3632990691918571,0.7428571428571429,6.0,0.2100296838614713,310.6900896950845,0.0,0.0
evt_pay_005383_2,cust_052,pay_005383,2026-05-08T19:37:23.567587+00:00,146631,RETRY_LATER,0.03333333333333333,0,0.4519230769230769,0.2659675986283787,0.017024425154980653,2.0,1.0,-0.911056780644163,0.41228090234971304,1.0,6.0,-1.0656726581061444,337.6924263056,1.0,0.0
evt_pay_002699_0,cust_052,pay_002699,2026-05-08T19:38:37.353567+00:00,157118,RETRY_LATER,0.8333333333333334,0,0.44976076555023925,0.0008540043952886359,0.22257199323021734,0.0,1.0,-0.9088314306263446,0.41716355390382764,1.0,6.0,-1.0656726581061444,337.6932803099953,0.0,1.0
evt_pay_000285_1,cust_049,pay_000285,2026-05-08T20:15:12.420502+00:00,352974,ESCALATE_HUMAN,0.03333333333333333,1,0.36,0.034718917078047674,0.15108900987319687,1.0,1.0,-0.8309674574831469,0.556321026570086,0.75,7.0,0.2100296838614713,310.7248086121626,0.0,0.0
evt_pay_004721_1,cust_041,pay_004721,2026-05-08T20:17:06.140061+00:00,184114,WHATSAPP_NUDGE,0.8333333333333334,1,0.4703389830508475,0.08333333333333333,-0.858063682512271,1.0,1.0,-0.8263383642799832,0.563173958665599,0.7297297297297297,3.0,0.3693318557794774,337.1350430212358,0.0,1.0
evt_pay_002165_1,cust_021,pay_002165,2026-05-08T20:31:18.410894+00:00,296778,WHATSAPP_NUDGE,0.8333333333333334,0,0.3680555555555556,0.08333333333333333,1.0858497949088546,1.0,1.0,-0.7898691810497084,0.6132753678632976,1.0,4.0,-0.0711177391970671,324.3039205658668,1.0,0.0
evt_pay_003764_0,cust_033,pay_003764,2026-05-08T20:37:58.544059+00:00,82219,WHATSAPP_NUDGE,0.8333333333333334,0,0.5904761904761905,0.7772385755860682,0.0873003001368003,0.0,1.0,-0.7716919264075145,0.6359965178501052,0.96,4.0,-0.3958893149650273,312.60324143018374,0.0,0.0
evt_pay_006152_1,cust_028,pay_006152,2026-05-08T20:39:17.498915+00:00,204085,WHATSAPP_NUDGE,0.8333333333333334,0,0.41025641025641024,0.08333333333333333,-0.30785859048273545,1.0,1.0,-0.7680274871554125,0.6404168790512496,0.7105263157894737,3.0,0.3910481863531735,309.1878957549696,0.0,0.0
evt_pay_007824_0,cust_056,pay_007824,2026-05-08T20:44:12.015693+00:00,150607,RETRY_LATER,0.8333333333333334,0,0.30514705882352944,3.448326762165285,-0.1566369464196838,0.0,1.0,-0.7541360239531324,0.6567182480913414,0.9615384615384616,4.0,-0.26273729270347856,319.81947462794824,0.0,1.0
evt_pay_008440_1,cust_005,pay_008440,2026-05-08T20:45:39.937605+00:00,147094,WHATSAPP_NUDGE,0.8333333333333334,0,0.3347107438016529,0.08333333333333333,0.35353951858985,1.0,1.0,-0.7499216717443391,0.6615266330603595,0.717948717948718,6.0,-0.6412832630166057,328.5421635310226,0.0,0.0
evt_pay_007067_1,cust_006,pay_007067,2026-05-08T21:01:09.314512+00:00,136206,WHATSAPP_NUDGE,0.8333333333333334,0,0.5,0.08333333333333333,0.13332349702298316,1.0,1.0,-0.7035335044213235,0.7106620914025538,0.9615384615384616,4.0,-0.3286363658753921,330.5242028959147,1.0,0.0
evt_pay_006511_0,cust_053,pay_006511,2026-05-08T21:19:06.918620+00:00,299985,RETRY_NOW,0.8333333333333334,0,0.412,0.421705699316495,-0.17914181119735287,0.0,1.0,-0.6457398879455585,0.7635574615679279,1.0,4.0,-0.06914381847567465,308.8726330962738,1.0,0.0
evt_pay_004785_0,cust_029,pay_004785,2026-05-08T21:27:01.893232+00:00,48029,WHATSAPP_NUDGE,0.8333333333333334,0,0.4090909090909091,0.6562721894810201,0.20999304706121605,0.0,1.0,-0.6189858212433416,0.7854021601063407,0.717948717948718,6.0,-0.8256115037842402,311.9070588815187,0.0,0.0
evt_pay_005325_0,cust_038,pay_005325,2026-05-08T21:34:57.773885+00:00,38504,RETRY_LATER,0.8333333333333334,1,0.6318407960199005,0.22725503717348752,-0.38925502270696977,0.0,1.0,-0.5914401940086197,0.8063488679914211,0.962962962962963,4.0,2.4957647172129915,335.8561869444479,0.0,1.0
evt_pay_000701_0,cust_019,pay_000701,2026-05-08T22:15:56.338231+00:00,107598,RETRY_NOW,0.8333333333333334,1,0.48484848484848486,0.6400790817569373,-0.2883349086674523,0.0,1.0,-0.4386104723215132,0.8986772799898188,0.875,10.0,-0.5137657855739247,314.33698814103286,1.0,0.0
evt_pay_003764_1,cust_033,pay_003764,2026-05-08T22:37:58.544059+00:00,82131,WHATSAPP_NUDGE,0.8333333333333334,1,0.5876777251184834,0.08333333333333333,0.08415687414196787,1.0,1.0,-0.3503065532392062,0.9366351043803917,0.9230769230769231,5.0,-0.3958893149650273,312.68657476351706,1.0,0.0
evt_pay_006183_0,cust_035,pay_006183,2026-05-08T22:39:48.062592+00:00,38355,WHATSAPP_NUDGE,0.8333333333333334,0,0.3574144486692015,1.7498956153168592,-0.35754509074394325,0.0,1.0,-0.3428357735790143,0.9393953546587713,0.7777777777777778,10.0,0.5026080740568922,311.88004019797455,0.0,0.0
evt_pay_007824_1,cust_056,pay_007824,2026-05-08T22:44:12.015693+00:00,141951,WHATSAPP_NUDGE,0.8333333333333334,0,0.304029304029304,0.08333333333333333,-0.31183454543876005,1.0,1.0,-0.3247418306067316,0.9458026979524793,0.8888888888888888,4.0,-0.26273729270347856,319.90280796128155,1.0,0.0
evt_pay_003840_0,cust_005,pay_003840,2026-05-08T22:53:11.976891+00:00,125792,RETRY_LATER,0.8333333333333334,0,0.3333333333333333,0.08856526950665966,-0.11143295402861773,0.0,1.0,-0.2873621295328133,0.9578220119157664,0.725,7.0,-0.6412832630166057,328.6307288005292,0.0,1.0
evt_pay_004785_1,cust_029,pay_004785,2026-05-08T23:27:01.893232+00:00,46624,WHATSAPP_NUDGE,0.8333333333333334,0,0.4076655052264808,0.08333333333333333,0.12027568695866092,1.0,1.0,-0.14335636572593577,0.9896711334609349,0.7435897435897436,7.0,-0.8256115037842402,311.990392214852,0.0,1.0
evt_pay_002160_2,cust_033,pay_002160,2026-05-08T23:58:45.131128+00:00,65918,ESCALATE_HUMAN,0.8333333333333334,0,0.589622641509434,0.13942809108059842,-0.4964604450889825,2.0,1.0,-0.0054445911016237575,0.9999851781040238,0.9259259259259259,6.0,-0.3958893149650273,312.74266952126436,1.0,0.0
evt_pay_004299_2,cust_016,pay_004299,2026-05-09T01:46:24.031272+00:00,116370,ESCALATE_HUMAN,0.8333333333333334,0,0.38306451612903225,0.30981785447537885,-0.0005546887656826487,2.0,1.0,0.4477611212746548,0.8941532185676367,0.9444444444444444,4.0,-0.5381138706705891,330.85353449711886,1.0,0.0
evt_pay_005232_2,cust_019,pay_005232,2026-05-09T02:03:37.373038+00:00,111680,ESCALATE_HUMAN,0.8333333333333334,0,0.4870689655172414,0.7981929105456137,-0.19088652345357549,2.0,1.0,0.5136269274284795,0.85801362426268,0.8,10.0,-0.5137657855739247,314.4951019698215,1.0,0.0
evt_pay_007699_0,cust_004,pay_007699,2026-05-09T02:28:18.548235+00:00,414951,RETRY_NOW,0.8333333333333334,0,0.3584070796460177,4.569554095062737,-0.04360972289714725,0.0,1.0,0.6028917274199417,0.7978230160935436,1.0,2.0,-0.2585165281110097,334.2669463764773,1.0,0.0
evt_pay_006357_0,cust_012,pay_006357,2026-05-09T02:28:49.338890+00:00,525483,PAYMENT_LINK,0.8333333333333334,0,0.4778761061946903,4.786094546047877,-0.08500010625809612,0.0,1.0,0.604676667587781,0.7964710463506731,1.0,3.0,-0.5006574979571285,318.30943576511817,0.0,0.0
evt_pay_003002_0,cust_042,pay_003002,2026-05-09T02:31:59.587082+00:00,209651,WHATSAPP_NUDGE,0.8333333333333334,0,0.4149377593360996,1.8604922036863627,-0.2795349226406277,0.0,1.0,0.6156378124514433,0.7880292404980932,1.0,3.0,0.21388002896855346,335.0351359421829,0.0,0.0
evt_pay_005230_0,cust_024,pay_005230,2026-05-09T02:34:06.570102+00:00,147713,WHATSAPP_NUDGE,0.03333333333333333,0,0.2674897119341564,0.34555719115663425,1.5527692200885743,0.0,1.0,0.6228884889192188,0.7823106354715704,1.0,7.0,-1.1653357768016162,323.76487988144413,0.0,1.0
evt_pay_003345_2,cust_040,pay_003345,2026-05-09T02:46:44.475015+00:00,280587,ESCALATE_HUMAN,0.8333333333333334,0,0.5124378109452736,0.9166666666666666,0.829825645557604,2.0,1.0,0.6650389364491838,0.7468086856796313,0.7428571428571429,8.0,-0.492492512121923,327.2450366469387,0.0,1.0
evt_pay_001430_2,cust_034,pay_001430,2026-05-09T02:49:20.462156+00:00,44203,ESCALATE_HUMAN,0.8333333333333334,0,0.3516949152542373,0.4115729666877617,-0.5223659056381149,2.0,1.0,0.6734675442095436,0.7392167928939158,0.9166666666666666,9.0,-0.5369784473169031,322.2304530339248,0.0,0.0
evt_pay_006797_2,cust_001,pay_006797,2026-05-09T03:13:44.003082+00:00,508288,PAYMENT_LINK,0.8333333333333334,0,0.3263888888888889,0.48099665152411336,-0.10328339618917953,2.0,1.0,0.74818436926098,0.663490881319065,1.0,16.0,0.16534712408787333,320.687639186151,0.0,0.0
evt_pay_006258_0,cust_058,pay_006258,2026-05-09T03:36:48.303941+00:00,234867,WHATSAPP_NUDGE,0.8333333333333334,1,0.49145299145299143,4.486180132745365,-0.09026674338154575,0.0,1.0,0.8110767482351038,0.5849397477282341,0.9166666666666666,5.0,4.286983765334936,327.1146716689513,0.0,0.0
evt_pay_006414_0,cust_040,pay_006414,2026-05-09T04:08:14.376132+00:00,281674,WHATSAPP_NUDGE,0.8333333333333334,0,0.5099009900990099,0.05659607774941833,0.8441107828467442,0.0,1.0,0.883437924840818,0.46854821838627153,0.7647058823529411,8.0,-0.492492512121923,327.3016327246881,0.0,0.0
evt_pay_007699_1,cust_004,pay_007699,2026-05-09T04:28:18.548235+00:00,428068,WHATSAPP_NUDGE,0.8333333333333334,0,0.3568281938325991,0.08333333333333333,0.04532836349132913,1.0,1.0,0.9210310597239245,0.389489135950959,1.0,2.0,-0.2585165281110097,334.3502797098106,0.0,1.0
evt_pay_006357_1,cust_012,pay_006357,2026-05-09T04:28:49.338890+00:00,503746,PAYMENT_LINK,0.8333333333333334,1,0.47577092511013214,0.08333333333333333,-0.1996698160981577,1.0,1.0,0.9219008783820735,0.38742582572456546,1.0,4.0,-0.5006574979571285,318.3927690984515,0.0,1.0
evt_pay_003002_1,cust_042,pay_003002,2026-05-09T04:31:59.587082+00:00,201455,WHATSAPP_NUDGE,0.8333333333333334,0,0.4132231404958678,0.08333333333333333,-0.38030271137061866,1.0,1.0,0.9271726053622763,0.3746344349705839,0.9166666666666666,4.0,0.21388002896855346,335.1184692755162,0.0,0.0
evt_pay_005230_1,cust_024,pay_005230,2026-05-09T04:34:06.570102+00:00,112255,WHATSAPP_NUDGE,0.8333333333333334,0,0.26639344262295084,0.08333333333333333,0.4941897420248489,1.0,1.0,0.9305925728647304,0.3660566395095183,1.0,8.0,-1.1653357768016162,323.84821321477745,0.0,0.0
evt_pay_001401_0,cust_034,pay_001401,2026-05-09T04:34:41.758803+00:00,55219,WHATSAPP_NUDGE,0.8333333333333334,1,0.350210970464135,0.07316315563404412,0.05950081125555173,0.0,1.0,0.9315262618323008,0.36367406219957427,0.875,9.0,-0.5369784473169031,322.30361618955885,0.0,0.0
evt_pay_006186_0,cust_047,pay_006186,2026-05-09T04:42:07.833343+00:00,119752,WHATSAPP_NUDGE,0.8333333333333334,1,0.5023255813953489,0.6941874743349293,0.2237461339853041,0.0,1.0,0.942831493463726,0.33326982301576596,0.84,7.0,1.898235005697721,311.2121586347639,0.0,0.0
evt_pay_008337_0,cust_017,pay_008337,2026-05-09T04:44:04.769137+00:00,557951,PAYMENT_LINK,0.8333333333333334,1,0.3305084745762712,0.5002718640710478,0.257683761867947,0.0,1.0,0.9456314327511374,0.3252402087581288,0.7714285714285715,2.0,0.5027156808516637,331.75888597368674,0.0,0.0
evt_pay_008459_0,cust_047,pay_008459,2026-05-09T05:05:25.336649+00:00,125914,RETRY_LATER,0.03333333333333333,0,0.5046296296296297,0.7103622811199178,0.38226608372621823,0.0,1.0,0.9717783648705186,0.23589575996524645,0.8,8.0,1.898235005697721,311.2283334415489,0.0,0.0
evt_pay_001755_0,cust_020,pay_001755,2026-05-09T05:57:43.799659+00:00,68600,WHATSAPP_NUDGE,0.8333333333333334,0,0.3643122676579926,0.5916364567569872,0.34113284095344354,0.0,1.0,0.9999509481834978,0.00990460634874883,1.0,3.0,0.06752823759169156,323.48684388895913,0.0,0.0
evt_pay_005337_2,cust_013,pay_005337,2026-05-09T06:01:39.268619+00:00,202196,ESCALATE_HUMAN,0.8333333333333334,0,0.3482142857142857,0.5049976128592751,0.5028860553655757,2.0,1.0,0.9999739430050111,-0.007218954980532174,1.0,9.0,-0.5595801808996762,309.8534194614453,0.0,0.0
evt_pay_001735_0,cust_025,pay_001735,2026-05-09T06:06:38.687635+00:00,201150,WHATSAPP_NUDGE,0.8333333333333334,0,0.5614035087719298,3.405897367438494,-0.19858512154179983,0.0,1.0,0.9995797213135348,-0.028989321115821413,0.8,4.0,0.10753773716001852,314.9384266116014,0.0,0.0
evt_pay_008262_0,cust_039,pay_008262,2026-05-09T06:34:38.675390+00:00,227136,WHATSAPP_NUDGE,0.8333333333333334,1,0.5112107623318386,3.4595115816305415,-0.279658546461776,0.0,1.0,0.9885962302148192,-0.15059048311579384,0.75,6.0,-0.6642333856639545,309.6758181287931,0.0,0.0
evt_pay_004656_2,cust_014,pay_004656,2026-05-09T06:50:37.353563+00:00,66492,ESCALATE_HUMAN,0.8333333333333334,0,0.32270916334661354,0.9166666666666666,-0.014566893878010766,2.0,1.0,0.9757044632282814,-0.21909084973227724,0.7916666666666666,11.0,-0.8122776257059364,333.0421773003223,0.0,0.0
evt_pay_008459_1,cust_047,pay_008459,2026-05-09T07:05:25.336649+00:00,152016,WHATSAPP_NUDGE,0.8333333333333334,1,0.5023041474654378,0.08333333333333333,1.0537951138085953,1.0,1.0,0.9595326308085957,-0.28159746166031957,0.7916666666666666,8.0,1.898235005697721,311.3116667748822,1.0,0.0
evt_pay_000977_0,cust_024,pay_000977,2026-05-09T07:13:20.219831+00:00,86154,RETRY_NOW,0.8333333333333334,0,0.2653061224489796,0.1105746496407581,-0.2850392675715934,0.0,1.0,0.9492376149707396,-0.3145599312128961,1.0,9.0,-1.1653357768016162,323.95878786441824,1.0,0.0
evt_pay_003969_0,cust_008,pay_003969,2026-05-09T07:32:05.396592+00:00,203048,RETRY_NOW,0.8333333333333334,0,0.44782608695652176,1.0456300814158415,-0.1359444899308134,0.0,1.0,0.9203514396377431,-0.3910923516980787,1.0,2.0,0.4190160498383978,324.7782106009192,1.0,0.0
evt_pay_004382_0,cust_025,pay_004382,2026-05-09T07:51:25.590409+00:00,236134,WHATSAPP_NUDGE,0.8333333333333334,0,0.5589519650655022,0.07276507840360107,0.2637917589514639,0.0,1.0,0.8841196028851224,-0.46726066364958807,0.76,5.0,0.10753773716001852,315.01119169000503,0.0,0.0
evt_pay_001735_1,cust_025,pay_001735,2026-05-09T08:06:38.687635+00:00,229210,WHATSAPP_NUDGE,0.8333333333333334,0,0.5565217391304348,0.010568254929732271,0.17228442613072828,1.0,1.0,0.8511667712073798,-0.5248953491815334,0.7692307692307692,6.0,0.10753773716001852,315.02175994493473,0.0,0.0
evt_pay_001330_0,cust_000,pay_001330,2026-05-09T08:21:19.177210+00:00,166708,RETRY_LATER,0.8333333333333334,0,0.4055299539170507,1.655004611457154,0.884361783273452,0.0,1.0,0.815835871084119,-0.5782835216850093,0.9230769230769231,7.0,0.8132490481077264,328.0033471659697,0.0,1.0
evt_pay_005511_0,cust_025,pay_005511,2026-05-09T09:19:03.132320+00:00,184240,WHATSAPP_NUDGE,0.8333333333333334,0,0.5541125541125541,0.05028292459328062,-0.4220740391890185,0.0,1.0,0.64595010712329,-0.763379629743557,0.7692307692307692,7.0,0.10753773716001852,315.07204286952805,0.0,0.0
evt_pay_003969_1,cust_008,pay_003969,2026-05-09T09:32:05.396592+00:00,216882,WHATSAPP_NUDGE,0.8333333333333334,0,0.4458874458874459,0.08333333333333333,0.04944996231657796,1.0,1.0,0.6015015512868265,-0.7988716316152059,1.0,2.0,0.4190160498383978,324.8615439342525,0.0,0.0
evt_pay_007529_2,cust_030,pay_007529,2026-05-09T09:41:10.162074+00:00,137103,DO_NOTHING,0.03333333333333333,0,0.38549618320610685,0.9166666666666666,-0.5920961018231096,2.0,1.0,0.5693894042928048,-0.822067945050216,1.0,11.0,1.7722569671050512,309.3477844121024,0.0,0.0
evt_pay_004382_1,cust_025,pay_004382,2026-05-09T09:51:25.590409+00:00,233010,WHATSAPP_NUDGE,0.8333333333333334,0,0.5517241379310345,0.022482153810320444,0.22250819284610288,1.0,1.0,0.5320397042575313,-0.8467194063522806,0.7777777777777778,8.0,0.10753773716001852,315.09452502333835,0.0,1.0
evt_pay_006672_0,cust_045,pay_006672,2026-05-09T10:07:40.484203+00:00,92921,ESCALATE_HUMAN,0.03333333333333333,1,0.3278008298755187,1.5008235171079416,0.18391149797294795,0.0,1.0,0.47072419421508793,-0.8822804162966308,0.7857142857142857,7.0,1.000889969158722,312.2585077246207,1.0,0.0
evt_pay_006420_2,cust_046,pay_006420,2026-05-09T10:11:36.625020+00:00,111134,DO_NOTHING,0.03333333333333333,0,0.46153846153846156,0.9166666666666666,0.1264322294083403,2.0,1.0,0.455504444175949,-0.8902335094434267,0.7586206896551724,7.0,-0.9687765812058661,332.44509828485485,0.0,1.0
evt_pay_001330_1,cust_000,pay_001330,2026-05-09T10:21:19.177210+00:00,124260,WHATSAPP_NUDGE,0.8333333333333334,0,0.4036697247706422,0.08333333333333333,-0.06832998941826866,1.0,1.0,0.417392828834949,-0.9087261559112069,0.9166666666666666,7.0,0.8132490481077264,328.0866804993031,0.0,1.0
evt_pay_007207_0,cust_024,pay_007207,2026-05-09T10:59:32.185810+00:00,95939,ESCALATE_HUMAN,0.03333333333333333,0,0.26422764227642276,0.15708293957512373,0.007073855542524218,0.0,1.0,0.2607722972924802,-0.9654003361118134,1.0,9.0,-1.1653357768016162,324.11587080399335,0.0,0.0
evt_pay_001060_2,cust_026,pay_001060,2026-05-09T11:08:34.652824+00:00,231140,ESCALATE_HUMAN,0.8333333333333334,0,0.46994535519125685,0.7096221156369514,0.04480348999242848,2.0,1.0,0.22249490624401078,-0.9749338524717812,1.0,7.0,1.9048100532514713,326.0175270261844,1.0,0.0
evt_pay_005511_1,cust_025,pay_005511,2026-05-09T11:19:03.132320+00:00,258900,WHATSAPP_NUDGE,0.8333333333333334,0,0.5493562231759657,0.06085117952301289,0.5646810668017909,1.0,1.0,0.17771938747427027,-0.9840812056511242,0.75,9.0,0.10753773716001852,315.15537620286136,0.0,1.0
evt_pay_006683_2,cust_024,pay_006683,2026-05-09T12:14:11.670195+00:00,103748,ESCALATE_HUMAN,0.8333333333333334,0,0.2631578947368421,0.05184588408068672,0.24022219582273385,2.0,1.0,-0.061895614981476,-0.998082628265849,1.0,9.0,-1.1653357768016162,324.16771668807405,0.0,1.0
evt_pay_000860_0,cust_000,pay_000860,2026-05-09T12:25:31.060881+00:00,115872,RETRY_NOW,0.8333333333333334,1,0.4018264840182648,0.08624865359424423,-0.2565764627913266,0.0,1.0,-0.11111198058082579,-0.9938078927898522,0.9090909090909091,8.0,0.8132490481077264,328.1729291528973,1.0,0.0
evt_pay_005610_0,cust_007,pay_005610,2026-05-09T12:31:25.152290+00:00,477347,RETRY_NOW,0.8333333333333334,0,0.4484536082474227,1.2845870921287883,1.4774660322858824,0.0,1.0,-0.13666312239165912,-0.9906175805921084,1.0,2.0,-0.46533070623945577,337.62012547277527,1.0,0.0
evt_pay_000515_0,cust_039,pay_000515,2026-05-09T13:43:39.794852+00:00,252110,RETRY_LATER,0.8333333333333334,0,0.5133928571428571,3.7574412050261308,0.0037504864504703333,0.0,1.0,-0.4370500221507334,-0.8994372007750421,0.5714285714285714,7.0,-0.6642333856639545,309.9737477521887,0.0,1.0
evt_pay_002855_2,cust_011,pay_002855,2026-05-09T13:49:58.499837+00:00,55070,ESCALATE_HUMAN,0.8333333333333334,0,0.4675324675324675,0.9166666666666666,-0.20272477178274717,2.0,1.0,-0.46165184213242316,-0.8870612023168076,1.0,7.0,-0.306212897974724,313.295740033626,0.0,1.0
evt_pay_005610_1,cust_007,pay_005610,2026-05-09T14:31:25.152290+00:00,287931,WHATSAPP_NUDGE,0.8333333333333334,0,0.4461538461538462,0.08333333333333333,-0.24254769899550185,1.0,1.0,-0.6136625260477329,-0.789568429032415,1.0,2.0,-0.46533070623945577,337.7034588061086,0.0,0.0
evt_pay_004499_2,cust_017,pay_004499,2026-05-09T14:43:41.280082+00:00,473351,RETRY_NOW,0.03333333333333333,0,0.3333333333333333,0.9166666666666666,-0.21460773316038365,2.0,1.0,-0.6550309968237317,-0.7556020071440444,0.8695652173913043,3.0,0.5027156808516637,332.17528077628236,0.0,1.0
evt_pay_002873_0,cust_006,pay_002873,2026-05-09T15:08:33.561410+00:00,145496,RETRY_NOW,0.8333333333333334,0,0.4981132075471698,0.7551417465024315,0.33729268990357486,0.0,1.0,-0.7330160441256196,-0.6802113488133139,0.72,5.0,-0.3286363658753921,331.27934464241713,1.0,0.0
evt_pay_005817_0,cust_026,pay_005817,2026-05-09T15:21:06.148560+00:00,245430,RETRY_LATER,0.8333333333333334,0,0.4673913043478261,0.17536453397447835,0.22421557506806344,0.0,1.0,-0.7691276713192486,-0.6390951613109191,1.0,7.0,1.9048100532514713,326.19289156015884,0.0,1.0
evt_pay_003546_2,cust_018,pay_003546,2026-05-09T15:34:21.792229+00:00,149688,ESCALATE_HUMAN,0.8333333333333334,0,0.30522088353413657,0.9054082895940306,0.09384115969104305,2.0,1.0,-0.8047985114228077,-0.59354810757986,0.8636363636363636,8.0,-0.4554811204429685,314.2710821266687,0.0,0.0
evt_pay_001638_0,cust_002,pay_001638,2026-05-09T15:37:30.646779+00:00,349088,RETRY_NOW,0.8333333333333334,0,0.3389121338912134,1.2585742057947111,0.38800260848448864,0.0,1.0,-0.8128740805954547,-0.5824394638896769,0.8636363636363636,4.0,-0.38277421977533765,317.7335945571663,1.0,0.0
evt_pay_002873_1,cust_006,pay_002873,2026-05-09T17:08:33.561410+00:00,124663,PAYMENT_LINK,0.03333333333333333,0,0.49624060150375937,0.08333333333333333,-0.12010605599035407,1.0,1.0,-0.9749161900010186,-0.22257228595199777,0.7083333333333333,5.0,-0.3286363658753921,331.36267797575044,0.0,1.0
evt_pay_005817_1,cust_026,pay_005817,2026-05-09T17:21:06.148560+00:00,219826,WHATSAPP_NUDGE,0.8333333333333334,0,0.4648648648648649,0.08333333333333333,-0.09724745176428008,1.0,1.0,-0.9856316827714969,-0.16890880947134512,1.0,7.0,1.9048100532514713,326.27622489349216,0.0,0.0
evt_pay_007949_2,cust_049,pay_007949,2026-05-09T17:25:12.706067+00:00,346585,ESCALATE_HUMAN,0.8333333333333334,0,0.36254980079681276,0.9166666666666666,0.09664075084180751,2.0,1.0,-0.9885016522378466,-0.1512100642253925,0.8636363636363636,6.0,0.2100296838614713,311.6067563617512,0.0,1.0
evt_pay_001638_1,cust_002,pay_001638,2026-05-09T17:37:30.646779+00:00,248404,WHATSAPP_NUDGE,0.8333333333333334,0,0.3375,0.08333333333333333,-0.5479685536580556,1.0,1.0,-0.9951893358184214,-0.09797033159732178,0.8571428571428572,4.0,-0.38277421977533765,317.8169278904997,0.0,1.0
evt_pay_007889_0,cust_047,pay_007889,2026-05-09T17:38:46.896706+00:00,107724,RETRY_LATER,0.8333333333333334,0,0.5045871559633027,0.5231662043696398,-0.08571420744998343,0.0,1.0,-0.9957172837382452,-0.09245047790536756,0.72,8.0,1.898235005697721,311.75149964591856,0.0,1.0
evt_pay_001743_0,cust_039,pay_001743,2026-05-09T18:06:39.246691+00:00,224189,WHATSAPP_NUDGE,0.8333333333333334,1,0.5111111111111111,0.18263254444182545,-0.3130916388727831,0.0,1.0,-0.9995785419056155,0.029029959728592215,0.6666666666666667,6.0,-0.6642333856639545,310.1563802966305,0.0,0.0
evt_pay_002165_2,cust_021,pay_002165,2026-05-09T18:31:18.410894+00:00,184353,ESCALATE_HUMAN,0.8333333333333334,0,0.36678200692041524,0.9166666666666666,-0.40782294170743294,2.0,1.0,-0.9906844603871063,0.1361774575600089,0.8181818181818181,3.0,-0.0711177391970671,325.2205872325335,1.0,0.0
evt_pay_006152_2,cust_028,pay_006152,2026-05-09T18:39:17.498915+00:00,250459,ESCALATE_HUMAN,0.8333333333333334,0,0.4085106382978723,0.9166666666666666,0.2714243637826456,2.0,1.0,-0.9853397542069385,0.17060354269302277,0.8333333333333334,3.0,0.3910481863531735,310.1045624216362,0.0,1.0
evt_pay_008440_2,cust_005,pay_008440,2026-05-09T18:45:39.937605+00:00,119224,RETRY_LATER,0.03333333333333333,0,0.3319672131147541,0.828101397160007,-0.2547771068040262,2.0,1.0,-0.9802145351092723,0.19793803363808912,0.8333333333333334,6.0,-0.6412832630166057,329.4588301976892,0.0,0.0
evt_pay_007067_2,cust_006,pay_007067,2026-05-09T19:01:09.314512+00:00,132180,ESCALATE_HUMAN,0.8333333333333334,0,0.4943820224719101,0.07819158683090184,0.04494380331567335,2.0,1.0,-0.9646089329436345,0.2636846724505291,0.7307692307692308,6.0,-0.3286363658753921,331.4408695625813,0.0,0.0
evt_pay_000171_0,cust_016,pay_000171,2026-05-09T19:20:55.411495+00:00,131406,ESCALATE_HUMAN,0.03333333333333333,0,0.3815261044176707,0.7323076414775377,0.3685319576811761,0.0,1.0,-0.9383067779213934,0.34580397699675586,1.0,4.0,-0.5381138706705891,331.58584213859643,1.0,0.0
evt_pay_005650_0,cust_040,pay_005650,2026-05-09T19:40:59.697114+00:00,268884,WHATSAPP_NUDGE,0.8333333333333334,1,0.5073891625615764,0.6477467706297375,0.6760443494185056,0.0,1.0,-0.90446454103241,0.42654881785679805,0.8235294117647058,8.0,-0.492492512121923,327.9493794953178,0.0,0.0
evt_pay_006190_0,cust_016,pay_006190,2026-05-09T20:40:03.222799+00:00,121762,WHATSAPP_NUDGE,0.03333333333333333,0,0.38,0.05495151971577646,0.13181866312742258,0.0,1.0,-0.7658937728839048,0.6429671287536072,1.0,4.0,-0.5381138706705891,331.64079365831213,0.0,1.0
evt_pay_007824_2,cust_056,pay_007824,2026-05-09T20:44:12.015693+00:00,155230,ESCALATE_HUMAN,0.8333333333333334,0,0.3029197080291971,0.9166666666666666,-0.07372645490779785,2.0,1.0,-0.7541360239531324,0.6567182480913414,0.72,3.0,-0.26273729270347856,320.81947462794824,0.0,1.0
evt_pay_007435_0,cust_003,pay_007435,2026-05-09T21:01:01.765198+00:00,238748,RETRY_LATER,0.8333333333333334,0,0.5203619909502263,1.0987669588298747,0.24003931493451383,0.0,1.0,-0.7039235529718053,0.71027574333603,0.8571428571428572,6.0,2.053947620637407,314.90637683049334,0.0,1.0
evt_pay_005965_0,cust_038,pay_005965,2026-05-09T21:10:36.501715+00:00,48637,WHATSAPP_NUDGE,0.8333333333333334,0,0.6336633663366337,1.2103421648319757,0.2602095972987882,0.0,1.0,-0.6736307420460935,0.7390680776291378,0.7083333333333333,4.0,2.4957647172129915,336.83927407210643,0.0,0.0
evt_pay_004785_2,cust_029,pay_004785,2026-05-09T21:27:01.893232+00:00,45846,ESCALATE_HUMAN,0.8333333333333334,0,0.40625,0.9166666666666666,0.07061982907229114,2.0,1.0,-0.6189858212433416,0.7854021601063407,0.8666666666666667,8.0,-0.8256115037842402,312.9070588815187,1.0,0.0
evt_pay_004648_0,cust_010,pay_004648,2026-05-09T22:21:33.019294+00:00,95417,WHATSAPP_NUDGE,0.8333333333333334,0,0.4075471698113208,2.18457600183325,0.591885740930994,0.0,1.0,-0.4164778712826327,0.9091458533876107,0.75,8.0,-0.045395759303349575,338.87723182979323,0.0,0.0
evt_pay_001565_0,cust_044,pay_001565,2026-05-09T22:32:02.447447+00:00,223201,RETRY_LATER,0.8333333333333334,0,0.44166666666666665,3.0117623979539494,-0.04728922655667478,0.0,1.0,-0.37444156420313357,0.9272505136138295,1.0,3.0,-0.8459251821363672,329.78284183321915,0.0,1.0
evt_pay_006190_1,cust_016,pay_006190,2026-05-09T22:40:03.222799+00:00,92791,WHATSAPP_NUDGE,0.8333333333333334,0,0.3784860557768924,0.08333333333333333,-0.5793589916490335,1.0,1.0,-0.3417998995409678,0.939772753740916,1.0,5.0,-0.5381138706705891,331.7241269916455,0.0,0.0
evt_pay_008067_0,cust_050,pay_008067,2026-05-09T22:42:29.498739+00:00,124395,WHATSAPP_NUDGE,0.8333333333333334,0,0.4448818897637795,1.4499259788247134,0.19036553981631896,0.0,1.0,-0.33178392985667526,0.9433554069855437,0.75,3.0,-0.900782201038446,336.66102509384694,0.0,0.0
evt_pay_007435_1,cust_003,pay_007435,2026-05-09T23:01:01.765198+00:00,240342,WHATSAPP_NUDGE,0.8333333333333334,1,0.5180180180180181,0.08333333333333333,0.26071250893096864,1.0,1.0,-0.25447780752776905,0.9670786139067804,0.8571428571428572,6.0,2.053947620637407,314.98971016382666,0.0,1.0
evt_pay_002852_0,cust_009,pay_002852,2026-05-09T23:33:22.865273+00:00,146498,RETRY_LATER,0.8333333333333334,0,0.3463203463203463,1.1783489452285305,0.6618577061133534,0.0,1.0,-0.11588595201407215,0.9932625262868786,0.5,1.0,-0.8984355580750027,311.59838590798927,0.0,1.0
evt_pay_000715_0,cust_028,pay_000715,2026-05-10T00:15:38.046785+00:00,197311,WHATSAPP_NUDGE,0.8333333333333334,0,0.4067796610169492,0.23357115589463243,-0.3924716932262634,0.0,1.0,0.06816379161307885,0.9976741439532893,0.7857142857142857,3.0,0.3910481863531735,310.33813357753087,0.0,0.0
evt_pay_002731_0,cust_030,pay_002731,2026-05-10T00:20:59.535865+00:00,156765,RETRY_LATER,0.03333333333333333,0,0.3840304182509506,0.6109881225815835,-0.26725327769172297,0.0,1.0,0.09146800733155373,0.9958080154501644,1.0,10.0,1.7722569671050512,309.958772534684,1.0,0.0
evt_pay_004648_1,cust_010,pay_004648,2026-05-10T00:21:33.019294+00:00,76214,WHATSAPP_NUDGE,0.8333333333333334,0,0.40601503759398494,0.08333333333333333,-0.1022438916005098,1.0,1.0,0.09389251004898039,0.9955823404202698,0.7727272727272727,9.0,-0.045395759303349575,338.96056516312655,1.0,0.0
evt_pay_007213_0,cust_014,pay_007213,2026-05-10T00:27:14.165145+00:00,64738,RETRY_NOW,0.8333333333333334,0,0.32142857142857145,0.7337593933005829,-0.08954856188844058,0.0,1.0,0.11856031299320627,0.9929468526476898,0.782608695652174,8.0,-0.8122776257059364,333.7759366936229,1.0,0.0
evt_pay_001565_1,cust_044,pay_001565,2026-05-10T00:32:02.447447+00:00,246919,WHATSAPP_NUDGE,0.8333333333333334,0,0.43983402489626555,0.08333333333333333,0.2512889464581525,1.0,1.0,0.13934934997422022,0.9902432825633114,1.0,3.0,-0.8459251821363672,329.86617516655247,1.0,0.0
evt_pay_008067_1,cust_050,pay_008067,2026-05-10T00:42:29.498739+00:00,106038,WHATSAPP_NUDGE,0.8333333333333334,0,0.44313725490196076,0.08333333333333333,-0.2593450570981038,1.0,1.0,0.18434439166945732,0.9828617121752264,0.7777777777777778,4.0,-0.900782201038446,336.74435842718026,0.0,0.0
evt_pay_003766_0,cust_044,pay_003766,2026-05-10T00:57:36.865999+00:00,212556,ESCALATE_HUMAN,0.03333333333333333,0,0.4380165289256198,0.017759473982872958,-0.1813048793052146,0.0,1.0,0.24875088533279863,0.9685674974136541,1.0,4.0,-0.8459251821363672,329.8839346405353,0.0,0.0
evt_pay_001005_0,cust_044,pay_001005,2026-05-10T01:09:18.867753+00:00,339138,WHATSAPP_NUDGE,0.8333333333333334,0,0.43621399176954734,0.008125020298564323,1.4122297379625268,0.0,1.0,0.2978516798950544,0.9546121604000727,1.0,4.0,-0.8459251821363672,329.89205966083387,0.0,0.0
evt_pay_002242_0,cust_046,pay_002242,2026-05-10T01:14:24.596186+00:00,108117,WHATSAPP_NUDGE,0.8333333333333334,0,0.45918367346938777,0.6269441107182653,0.04544333237113298,0.0,1.0,0.3190004003027852,0.9477545803670182,0.7916666666666666,7.0,-0.9687765812058661,333.07204239557313,0.0,0.0
evt_pay_002852_1,cust_009,pay_002852,2026-05-10T01:33:22.865273+00:00,103555,WHATSAPP_NUDGE,0.8333333333333334,0,0.3448275862068966,0.08333333333333333,-0.36968216028175493,1.0,1.0,0.39627108475750805,0.9181335563985819,0.6,1.0,-0.8984355580750027,311.6817192413226,1.0,0.0
evt_pay_006913_0,cust_017,pay_006913,2026-05-10T01:40:45.902868+00:00,555503,PAYMENT_LINK,0.8333333333333334,0,0.3319327731092437,0.4563035044706301,0.24401801469250978,0.0,1.0,0.42564129347145335,0.9048919765872323,0.8,3.0,0.5027156808516637,332.631584280753,0.0,0.0
evt_pay_007368_0,cust_001,pay_007368,2026-05-10T01:41:22.293244+00:00,564241,RETRY_NOW,0.8333333333333334,0,0.32525951557093424,0.9358598398393193,0.1998674459606864,0.0,1.0,0.42803449084241146,0.9037623994442774,1.0,15.0,0.16534712408787333,321.6234990259903,1.0,0.0
evt_pay_000715_1,cust_028,pay_000715,2026-05-10T02:15:38.046785+00:00,238831,WHATSAPP_NUDGE,0.8333333333333334,0,0.4050632911392405,0.08333333333333333,0.1261735393149848,1.0,1.0,0.5578686471318396,0.8299292575559022,0.8125,4.0,0.3910481863531735,310.4214669108642,0.0,1.0
evt_pay_002917_0,cust_046,pay_002917,2026-05-10T02:23:14.395250+00:00,104677,WHATSAPP_NUDGE,0.8333333333333334,0,0.45685279187817257,0.04779860027825104,-0.04692392394695855,0.0,1.0,0.5850989432738452,0.8109619143830552,0.8,7.0,-0.9687765812058661,333.11984099585135,0.0,0.0
evt_pay_007213_1,cust_014,pay_007213,2026-05-10T02:27:14.165145+00:00,94907,WHATSAPP_NUDGE,0.8333333333333334,0,0.3201581027667984,0.08333333333333333,1.2002127150107917,1.0,1.0,0.5991496692565957,0.8006370425041,0.8076923076923077,8.0,-0.8122776257059364,333.8592700269562,1.0,0.0
evt_pay_001965_0,cust_041,pay_001965,2026-05-10T02:42:02.511898+00:00,327932,RETRY_LATER,0.8333333333333334,0,0.47257383966244726,1.350652451810466,0.7034803337158797,0.0,1.0,0.6495869411269649,0.7602873180037354,0.8235294117647058,4.0,0.3693318557794774,338.4023621397129,0.0,1.0
evt_pay_001005_1,cust_044,pay_001005,2026-05-10T03:09:18.867753+00:00,215888,RETRY_NOW,0.03333333333333333,1,0.4344262295081967,0.08333333333333333,-0.13935099144353186,1.0,1.0,0.7352532015490242,0.677792541720481,1.0,4.0,-0.8459251821363672,329.9753929941672,0.0,0.0
evt_pay_002242_1,cust_046,pay_002242,2026-05-10T03:14:24.596186+00:00,90009,WHATSAPP_NUDGE,0.8333333333333334,0,0.45454545454545453,0.03553473305508229,-0.44069439285700607,1.0,1.0,0.7501397406631263,0.6612793429995055,0.8076923076923077,8.0,-0.9687765812058661,333.15537572890645,0.0,0.0
evt_pay_007368_1,cust_001,pay_007368,2026-05-10T03:41:22.293244+00:00,538446,PAYMENT_LINK,0.8333333333333334,0,0.32413793103448274,0.08333333333333333,0.0601140334043454,1.0,1.0,0.8225699424876046,0.5686639514827178,1.0,15.0,0.16534712408787333,321.70683235932364,0.0,0.0
evt_pay_008061_0,cust_044,pay_008061,2026-05-10T03:52:59.521061+00:00,218687,RETRY_LATER,0.03333333333333333,0,0.43673469387755104,0.11366496884486803,-0.10411225504527132,0.0,1.0,0.8503338967403218,0.5262435406296403,0.9473684210526316,4.0,-0.8459251821363672,330.00572462967875,0.0,0.0
evt_pay_004146_0,cust_030,pay_004146,2026-05-10T04:02:51.287674+00:00,188593,WHATSAPP_NUDGE,0.8333333333333334,0,0.38257575757575757,0.1540712015012294,0.25855865829004393,0.0,1.0,0.8721862522074361,0.4891739378384203,0.95,10.0,1.7722569671050512,310.1128437361852,0.0,0.0
evt_pay_002917_1,cust_046,pay_002917,2026-05-10T04:23:14.395250+00:00,105160,WHATSAPP_NUDGE,0.8333333333333334,0,0.45226130653266333,0.04779860027825104,-0.03396137413751204,1.0,1.0,0.9121915057941077,0.40976414772046427,0.8461538461538461,8.0,-0.9687765812058661,333.2031743291847,0.0,0.0
evt_pay_001965_1,cust_041,pay_001965,2026-05-10T04:42:02.511898+00:00,302633,WHATSAPP_NUDGE,0.8333333333333334,0,0.47058823529411764,0.08333333333333333,0.42878506293953134,1.0,1.0,0.9427024519844458,0.3336346610028904,0.8125,4.0,0.3693318557794774,338.48569547304623,0.0,0.0
evt_pay_000427_0,cust_001,pay_000427,2026-05-10T04:50:03.553171+00:00,452012,WHATSAPP_NUDGE,0.03333333333333333,0,0.3230240549828179,0.04769976767266826,-0.40817905461139364,0.0,1.0,0.953794619456362,0.3004593548154119,1.0,16.0,0.16534712408787333,321.7545321269963,0.0,1.0
evt_pay_008545_0,cust_054,pay_008545,2026-05-10T05:21:15.244212+00:00,70297,WHATSAPP_NUDGE,0.8333333333333334,0,0.4367816091954023,3.2671839725799905,-0.8257220158853216,0.0,1.0,0.985743192642275,0.16825682202934558,1.0,3.0,-0.6956354929968003,325.6796744503367,0.0,0.0
evt_pay_002087_0,cust_026,pay_002087,2026-05-10T06:42:02.895910+00:00,304529,WHATSAPP_NUDGE,0.8333333333333334,0,0.46236559139784944,0.5562123535900317,0.96619964642792,0.0,1.0,0.983216507596759,-0.18244259148902797,0.95,7.0,1.9048100532514713,326.8324372470822,0.0,0.0
evt_pay_006762_0,cust_042,pay_006762,2026-05-10T06:48:19.444675+00:00,208151,WHATSAPP_NUDGE,0.8333333333333334,0,0.411522633744856,1.094674277702552,-0.29797870995972525,0.0,1.0,0.977852623985204,-0.20929463864430758,0.8333333333333334,4.0,0.21388002896855346,336.21314355321874,0.0,0.0
evt_pay_000427_1,cust_001,pay_000427,2026-05-10T06:50:03.553171+00:00,532358,PAYMENT_LINK,0.8333333333333334,0,0.3219178082191781,0.08333333333333333,0.027125531708514873,1.0,1.0,0.9762400478498269,-0.2166918756533518,1.0,17.0,0.16534712408787333,321.8378654603296,0.0,0.0
evt_pay_002251_0,cust_035,pay_002251,2026-05-10T06:58:11.671539+00:00,38964,WHATSAPP_NUDGE,0.8333333333333334,0,0.3560606060606061,1.3461065850454854,-0.3178345556431421,0.0,1.0,0.9679347745507233,-0.25120165647431647,0.75,9.0,0.5026080740568922,313.22614678302006,0.0,0.0
evt_pay_008545_1,cust_054,pay_008545,2026-05-10T07:21:15.244212+00:00,107484,WHATSAPP_NUDGE,0.8333333333333334,1,0.4351145038167939,0.08333333333333333,0.24891166465257164,1.0,1.0,0.9378070574504606,-0.3471569140836871,1.0,3.0,-0.6956354929968003,325.76300778367005,0.0,1.0
evt_pay_003969_2,cust_008,pay_003969,2026-05-10T07:32:05.396592+00:00,224172,WHATSAPP_NUDGE,0.03333333333333333,0,0.44396551724137934,0.9166666666666666,0.14714874755246576,2.0,1.0,0.9203514396377431,-0.3910923516980787,0.9523809523809523,3.0,0.4190160498383978,325.7782106009192,0.0,0.0
evt_pay_008009_0,cust_039,pay_008009,2026-05-10T07:47:32.740880+00:00,224536,RETRY_LATER,0.8333333333333334,0,0.5132743362831859,0.752696134592289,-0.30915917742840204,0.0,1.0,0.891904736045697,-0.4522233317944305,0.8,7.0,-0.6642333856639545,310.726443886781,0.0,1.0
evt_pay_004382_2,cust_025,pay_004382,2026-05-10T07:51:25.590409+00:00,228749,ESCALATE_HUMAN,0.8333333333333334,0,0.5470085470085471,0.8558154871436537,0.16619027931426386,2.0,1.0,0.8841196028851224,-0.46726066364958807,0.9523809523809523,10.0,0.10753773716001852,316.01119169000503,1.0,0.0
evt_pay_001989_0,cust_059,pay_001989,2026-05-10T08:08:53.006086+00:00,160610,WHATSAPP_NUDGE,0.8333333333333334,1,0.3776824034334764,2.1973055714757757,-0.08232256021237329,0.0,1.0,0.8459991149369779,-0.5331842997743371,0.8571428571428572,6.0,-0.38878117849020055,321.96009434489366,0.0,0.0
evt_pay_001330_2,cust_000,pay_001330,2026-05-10T08:21:19.177210+00:00,119055,ESCALATE_HUMAN,0.8333333333333334,0,0.40454545454545454,0.9166666666666666,-0.18513577328836017,2.0,1.0,0.815835871084119,-0.5782835216850093,0.75,8.0,0.8132490481077264,329.0033471659697,0.0,0.0
evt_pay_004110_0,cust_055,pay_004110,2026-05-10T08:25:09.884972+00:00,350852,WHATSAPP_NUDGE,0.8333333333333334,0,0.35144927536231885,3.118565692080684,0.35214413509949916,0.0,1.0,0.8060193297541383,-0.5918892126595058,0.875,4.0,-1.0480965437343166,336.29982259549666,0.0,0.0
evt_pay_004466_0,cust_007,pay_004466,2026-05-10T08:30:56.281407+00:00,346021,RETRY_LATER,0.8333333333333334,0,0.44387755102040816,0.749665846268177,0.28493659252302944,0.0,1.0,0.7908551028794094,-0.6120034364687822,0.9523809523809523,3.0,-0.46533070623945577,338.4531246523768,0.0,1.0
evt_pay_004927_0,cust_006,pay_004927,2026-05-10T08:31:19.743131+00:00,153363,RETRY_LATER,0.8333333333333334,0,0.4925373134328358,0.562620701616197,0.5100230814214131,0.0,1.0,0.7898097613644164,-0.6133518899078111,0.95,6.0,-0.3286363658753921,332.0034902641975,0.0,1.0
evt_pay_002087_1,cust_026,pay_002087,2026-05-10T08:42:02.895910+00:00,251924,WHATSAPP_NUDGE,0.8333333333333334,0,0.45989304812834225,0.08333333333333333,0.30574152946242983,1.0,1.0,0.7602691772544948,-0.6496081727601444,0.9545454545454546,8.0,1.9048100532514713,326.91577058041554,1.0,0.0
evt_pay_006762_1,cust_042,pay_006762,2026-05-10T08:48:19.444675+00:00,201484,WHATSAPP_NUDGE,0.8333333333333334,0,0.4098360655737705,0.08333333333333333,-0.37994696913075565,1.0,1.0,0.7421978942063052,-0.6701807859344566,0.75,5.0,0.21388002896855346,336.29647688655206,0.0,1.0
evt_pay_002251_1,cust_035,pay_002251,2026-05-10T08:58:11.671539+00:00,45244,WHATSAPP_NUDGE,0.8333333333333334,0,0.35471698113207545,0.08333333333333333,0.09143924174656651,1.0,1.0,0.7126552757301314,-0.7015144032548515,0.8333333333333334,10.0,0.5026080740568922,313.30948011635337,0.0,0.0
evt_pay_005511_2,cust_025,pay_005511,2026-05-10T09:19:03.132320+00:00,216304,ESCALATE_HUMAN,0.8333333333333334,0,0.5446808510638298,0.06085117952301289,0.001699383246979761,2.0,1.0,0.64595010712329,-0.763379629743557,0.9523809523809523,10.0,0.10753773716001852,316.07204286952805,0.0,1.0
evt_pay_004110_1,cust_055,pay_004110,2026-05-10T10:25:09.884972+00:00,247152,WHATSAPP_NUDGE,0.8333333333333334,0,0.35018050541516244,0.08333333333333333,-0.5964159536466265,1.0,1.0,0.4020886091786375,-0.9156007592661711,0.8823529411764706,5.0,-1.0480965437343166,336.38315592883004,0.0,0.0
evt_pay_001947_0,cust_026,pay_001947,2026-05-10T10:29:02.575073+00:00,217552,DO_NOTHING,0.03333333333333333,0,0.4574468085106383,0.07430184216354974,-0.12579455758194188,0.0,1.0,0.38653825929132346,-0.922273372761045,0.9523809523809523,9.0,1.9048100532514713,326.9900724225791,0.0,1.0
evt_pay_004466_1,cust_007,pay_004466,2026-05-10T10:30:56.281407+00:00,285372,DO_NOTHING,0.03333333333333333,0,0.4416243654822335,0.08333333333333333,-0.2657923220887455,1.0,1.0,0.37889889157173295,-0.925438074625046,0.9545454545454546,3.0,-0.46533070623945577,338.5364579857101,1.0,0.0
evt_pay_004927_1,cust_006,pay_004927,2026-05-10T10:31:19.743131+00:00,133903,WHATSAPP_NUDGE,0.8333333333333334,0,0.49070631970260226,0.08333333333333333,0.08277450812187868,1.0,1.0,0.3773193725446045,-0.9260831988015688,1.0,6.0,-0.3286363658753921,332.0868235975309,0.0,0.0
evt_pay_006698_0,cust_014,pay_006698,2026-05-10T11:12:08.528342+00:00,61693,RETRY_NOW,0.8333333333333334,0,0.3188976377952756,0.3645180925604639,-0.21974237574145736,0.0,1.0,0.2073050051734153,-0.978276359128672,1.0,9.0,-0.8122776257059364,334.22378811951666,1.0,0.0
evt_pay_004070_0,cust_030,pay_004070,2026-05-10T11:23:09.634323+00:00,165738,WHATSAPP_NUDGE,0.8333333333333334,0,0.38113207547169814,0.30576790102081003,-0.11901423053407663,0.0,1.0,0.1600510092066735,-0.987108744998202,0.9545454545454546,11.0,1.7722569671050512,310.418611637206,0.0,0.0
evt_pay_000983_0,cust_001,pay_000983,2026-05-10T11:35:43.419573+00:00,508223,DO_NOTHING,0.03333333333333333,0,0.32081911262798635,0.19837808334862453,-0.10363505949876997,0.0,1.0,0.10572754440016087,-0.9943951359269171,0.8571428571428572,18.0,0.16534712408787333,322.03624354367827,0.0,0.0
evt_pay_003515_0,cust_008,pay_003515,2026-05-10T12:07:06.973010+00:00,204283,WHATSAPP_NUDGE,0.8333333333333334,0,0.44206008583690987,0.19099046779181586,-0.1193939647826161,0.0,1.0,-0.03104536432427101,-0.9995179765036611,0.9565217391304348,4.0,0.4190160498383978,325.969201068711,0.0,0.0
evt_pay_005610_2,cust_007,pay_005610,2026-05-10T12:31:25.152290+00:00,287004,ESCALATE_HUMAN,0.8333333333333334,0,0.4393939393939394,0.08366748706515637,-0.2509689027126138,2.0,1.0,-0.13666312239165912,-0.9906175805921084,0.9583333333333334,3.0,-0.46533070623945577,338.62012547277527,1.0,0.0
evt_pay_003161_0,cust_014,pay_003161,2026-05-10T12:53:29.744050+00:00,52584,WHATSAPP_NUDGE,0.8333333333333334,1,0.3176470588235294,0.07038444106134041,-0.6091399267496986,0.0,1.0,-0.2313053194663668,-0.9728812102135399,1.0,9.0,-0.8122776257059364,334.29417256057803,0.0,0.0
evt_pay_006698_1,cust_014,pay_006698,2026-05-10T13:12:08.528342+00:00,77028,PAYMENT_LINK,0.03333333333333333,0,0.3203125,0.08333333333333333,0.4358721109951719,1.0,1.0,-0.3096067787524941,-0.9508646815138861,0.95,10.0,-0.8122776257059364,334.30712145285,0.0,0.0
evt_pay_000073_0,cust_032,pay_000073,2026-05-10T13:21:57.940770+00:00,246534,WHATSAPP_NUDGE,0.8333333333333334,0,0.3308270676691729,2.2302708171864842,-0.6877385627669349,0.0,1.0,-0.3500671093542986,-0.936724622793874,0.8888888888888888,7.0,0.2905055503479753,335.02027658811693,0.0,0.0
evt_pay_004070_1,cust_030,pay_004070,2026-05-10T13:23:09.634323+00:00,242600,WHATSAPP_NUDGE,0.8333333333333334,0,0.37969924812030076,0.08333333333333333,1.150809980108042,1.0,1.0,-0.3549461326247849,-0.934886754069555,0.9583333333333334,12.0,1.7722569671050512,310.50194497053934,0.0,0.0
evt_pay_005727_0,cust_048,pay_005727,2026-05-10T13:25:05.385018+00:00,178140,WHATSAPP_NUDGE,0.8333333333333334,0,0.3088235294117647,2.2068230775764923,-0.19902262944922944,0.0,1.0,-0.3628029936654196,-0.9318658636238423,0.8947368421052632,4.0,-0.4506859321563252,320.5647171129388,0.0,0.0
evt_pay_003515_1,cust_008,pay_003515,2026-05-10T14:07:06.973010+00:00,231281,WHATSAPP_NUDGE,0.8333333333333334,0,0.44017094017094016,0.08333333333333333,0.24241905147345763,1.0,1.0,-0.5266450624263926,-0.8500852770292525,0.9583333333333334,5.0,0.4190160498383978,326.05253440204433,0.0,0.0
evt_pay_004614_0,cust_048,pay_004614,2026-05-10T14:19:40.250081+00:00,182965,RETRY_LATER,0.8333333333333334,0,0.3076923076923077,0.03790353082238577,-0.12702692857805878,0.0,1.0,-0.572399334231968,-0.8199750009425896,0.9,5.0,-0.4506859321563252,320.6026206437612,0.0,1.0
evt_pay_003294_0,cust_025,pay_003294,2026-05-10T14:42:10.838092+00:00,191865,RETRY_NOW,0.8333333333333334,0,0.5423728813559322,0.22439474273541768,-0.3212976654696432,0.0,1.0,-0.6500471744331704,-0.7598938550952044,0.9523809523809523,10.0,0.10753773716001852,316.29643761226345,1.0,0.0
evt_pay_006055_0,cust_018,pay_006055,2026-05-10T14:55:12.173511+00:00,154208,RETRY_LATER,0.8333333333333334,0,0.304,0.9728053389098553,0.18293941790794319,0.0,1.0,-0.6921522810327052,-0.7217514945334184,0.9,6.0,-0.4554811204429685,315.24388746557855,0.0,1.0
evt_pay_007053_0,cust_058,pay_007053,2026-05-10T15:02:47.281684+00:00,246414,ESCALATE_HUMAN,0.03333333333333333,0,0.49361702127659574,5.962557189955494,0.04576570917513799,0.0,1.0,-0.7156562493164565,-0.6984526704181907,0.9545454545454546,5.0,4.286983765334936,328.59104872616143,0.0,0.0
evt_pay_002873_2,cust_006,pay_002873,2026-05-10T15:08:33.561410+00:00,108040,DO_NOTHING,0.03333333333333333,0,0.4888888888888889,0.19252104488623445,-0.48506395937254077,2.0,1.0,-0.7330160441256196,-0.6802113488133139,0.9565217391304348,7.0,-0.3286363658753921,332.27934464241713,0.0,1.0
evt_pay_002961_0,cust_026,pay_002961,2026-05-10T15:29:25.123341+00:00,226024,ESCALATE_HUMAN,0.03333333333333333,0,0.455026455026455,0.20859430866285797,-0.019428639035505454,0.0,1.0,-0.7918067872391026,-0.6107716526510465,0.9565217391304348,9.0,1.9048100532514713,327.198666731242,0.0,1.0
evt_pay_001638_2,cust_002,pay_001638,2026-05-10T15:37:30.646779+00:00,377114,ESCALATE_HUMAN,0.8333333333333334,1,0.3360995850622407,0.9166666666666666,0.6485288105334162,2.0,1.0,-0.8128740805954547,-0.5824394638896769,0.9,5.0,-0.38277421977533765,318.7335945571663,0.0,1.0
evt_pay_000839_0,cust_028,pay_000839,2026-05-10T15:45:31.728980+00:00,222658,WHATSAPP_NUDGE,0.8333333333333334,0,0.40336134453781514,0.5624268772542299,-0.07585498065679691,0.0,1.0,-0.8327493185750114,-0.5536502256956589,0.85,5.0,0.3910481863531735,310.98389378811845,0.0,0.0
evt_pay_002156_0,cust_001,pay_002156,2026-05-10T16:10:14.037458+00:00,488976,RETRY_LATER,0.8333333333333334,0,0.3197278911564626,0.19063215144795245,-0.20791051391691012,0.0,1.0,-0.8874817390195076,-0.46084288310324456,0.8571428571428572,18.0,0.16534712408787333,322.22687569512624,0.0,1.0
evt_pay_004614_1,cust_048,pay_004614,2026-05-10T16:19:40.250081+00:00,180237,PAYMENT_LINK,0.03333333333333333,0,0.30656934306569344,0.08333333333333333,-0.16774013955304742,1.0,1.0,-0.9056998650254787,-0.42391951416846774,0.8571428571428572,5.0,-0.4506859321563252,320.6859539770946,0.0,1.0
evt_pay_003294_1,cust_025,pay_003294,2026-05-10T16:42:10.838092+00:00,263994,WHATSAPP_NUDGE,0.8333333333333334,0,0.540084388185654,0.08333333333333333,0.6320190624568204,1.0,1.0,-0.9429042942650219,-0.33306379547555304,0.9565217391304348,10.0,0.10753773716001852,316.3797709455968,0.0,1.0
evt_pay_006055_1,cust_018,pay_006055,2026-05-10T16:55:12.173511+00:00,159127,WHATSAPP_NUDGE,0.8333333333333334,0,0.30278884462151395,0.08333333333333333,0.2799316418311605,1.0,1.0,-0.960297205928378,-0.2789789889689732,0.8636363636363636,6.0,-0.4554811204429685,315.3272207989119,0.0,1.0
evt_pay_001073_0,cust_008,pay_001073,2026-05-10T17:06:24.918224+00:00,198246,WHATSAPP_NUDGE,0.8333333333333334,0,0.43829787234042555,0.12451325479029644,-0.20029717492201077,0.0,1.0,-0.9727913510306875,-0.23168294576832762,0.9583333333333334,6.0,0.4190160498383978,326.17704765683465,0.0,0.0
evt_pay_004983_0,cust_053,pay_004983,2026-05-10T17:26:19.466141+00:00,420613,RETRY_NOW,0.8333333333333334,0,0.4103585657370518,1.8383396703831067,0.8977191917577473,0.0,1.0,-0.9892241139367496,-0.14640919508710062,0.875,1.0,-0.06914381847567465,310.7109727666569,1.0,0.0
evt_pay_007717_0,cust_001,pay_007717,2026-05-10T17:34:21.188290+00:00,447369,RETRY_NOW,0.8333333333333334,0,0.31864406779661014,0.058416097599187346,-0.4333377550689722,0.0,1.0,-0.9937451059662322,-0.1116721288780776,0.8888888888888888,18.0,0.16534712408787333,322.28529179272545,1.0,0.0
evt_pay_000839_1,cust_028,pay_000839,2026-05-10T17:45:31.728980+00:00,263352,WHATSAPP_NUDGE,0.8333333333333334,0,0.401673640167364,0.08333333333333333,0.4324738911861709,1.0,1.0,-0.9980071777179699,-0.0631005009759235,0.8571428571428572,6.0,0.3910481863531735,311.06722712145177,0.0,0.0
evt_pay_007665_0,cust_040,pay_007665,2026-05-10T17:58:13.965694+00:00,227172,RETRY_LATER,0.03333333333333333,0,0.5098039215686274,1.576384138447698,0.12793986070121105,0.0,1.0,-0.9999702701374764,-0.007710955918843261,0.8636363636363636,9.0,-0.492492512121923,328.87801686313577,0.0,0.0
evt_pay_002156_1,cust_001,pay_002156,2026-05-10T18:10:14.037458+00:00,620795,PAYMENT_LINK,0.8333333333333334,0,0.31756756756756754,0.024917235734145986,0.5062724411315378,1.0,1.0,-0.9990031729373071,0.044639225589080934,0.9,18.0,0.16534712408787333,322.3102090284596,1.0,0.0
evt_pay_004453_0,cust_020,pay_004453,2026-05-10T18:30:41.488143+00:00,56998,RETRY_NOW,0.03333333333333333,0,0.362962962962963,1.5228899130102793,-0.19975066011987738,0.0,1.0,-0.9910465385035367,0.13351688477551416,0.9583333333333334,3.0,0.06752823759169156,325.0097338019694,0.0,1.0
evt_pay_001073_1,cust_008,pay_001073,2026-05-10T19:06:24.918224+00:00,186994,WHATSAPP_NUDGE,0.8333333333333334,0,0.4364406779661017,0.08333333333333333,-0.351094675377928,1.0,1.0,-0.9583034954585247,0.28575235885635897,0.96,7.0,0.4190160498383978,326.26038099016796,0.0,0.0
evt_pay_007390_0,cust_000,pay_007390,2026-05-10T19:18:22.847514+00:00,113471,RETRY_NOW,0.8333333333333334,0,0.40271493212669685,0.45629248036830933,-0.3104584489872031,0.0,1.0,-0.9420855640627028,0.33537261364735654,0.8333333333333334,6.0,0.8132490481077264,329.4596396463381,1.0,0.0
evt_pay_004983_1,cust_053,pay_004983,2026-05-10T19:26:19.466141+00:00,405496,WHATSAPP_NUDGE,0.8333333333333334,0,0.4087301587301587,0.08333333333333333,0.7627658698783172,1.0,1.0,-0.9298978102489273,0.3678179746753141,0.9090909090909091,1.0,-0.06914381847567465,310.79430609999025,1.0,0.0
evt_pay_007717_1,cust_001,pay_007717,2026-05-10T19:34:21.188290+00:00,580614,PAYMENT_LINK,0.8333333333333334,0,0.3164983164983165,0.058416097599187346,0.28857746074005125,1.0,1.0,-0.9164445710922546,0.40016165248001134,0.9166666666666666,19.0,0.16534712408787333,322.36862512605876,0.0,0.0
evt_pay_006692_0,cust_042,pay_006692,2026-05-10T19:36:27.191111+00:00,249206,RETRY_LATER,0.8333333333333334,1,0.40816326530612246,0.45008965782513616,0.2067919025726287,0.0,1.0,-0.9127393937880621,0.4085422854826668,0.8571428571428572,6.0,0.21388002896855346,336.74656654437723,0.0,1.0
evt_pay_001748_0,cust_011,pay_001748,2026-05-10T19:36:38.474330+00:00,47714,RETRY_LATER,0.8333333333333334,0,0.46551724137931033,1.2407404455116762,-0.5572975196558232,0.0,1.0,-0.9124038617636914,0.40929108595069946,0.96,5.0,-0.306212897974724,314.53648047913765,0.0,1.0
evt_pay_007498_0,cust_057,pay_007498,2026-05-10T19:41:23.164173+00:00,94110,RETRY_LATER,0.03333333333333333,0,0.4057971014492754,2.8195137166165978,0.4271557536443299,0.0,1.0,-0.9037352877678817,0.42809173040728554,0.9230769230769231,1.0,-0.5990323654313375,331.0851704990233,0.0,0.0
evt_pay_002557_0,cust_019,pay_002557,2026-05-10T19:43:26.968929+00:00,76988,RETRY_NOW,0.8333333333333334,0,0.48497854077253216,1.7359906931825624,-1.0191161828846564,0.0,1.0,-0.8998444579933336,0.4362109024527973,1.0,9.0,-0.5137657855739247,316.23109266300406,1.0,0.0
evt_pay_007665_1,cust_040,pay_007665,2026-05-10T19:58:13.965694+00:00,204816,ESCALATE_HUMAN,0.03333333333333333,0,0.5073170731707317,0.08333333333333333,-0.16581557826233767,1.0,1.0,-0.8698551349276642,0.4933072513555575,0.9,9.0,-0.492492512121923,328.96135019646914,1.0,0.0
evt_pay_007704_0,cust_018,pay_007704,2026-05-10T20:17:15.539647+00:00,142747,RETRY_LATER,0.8333333333333334,0,0.30158730158730157,0.14031673768355782,-0.04300593397312127,0.0,1.0,-0.8259532096785384,0.5637386765352546,0.9047619047619048,7.0,-0.4554811204429685,315.46753753659544,0.0,1.0
evt_pay_004453_1,cust_020,pay_004453,2026-05-10T20:30:41.488143+00:00,44358,WHATSAPP_NUDGE,0.8333333333333334,0,0.36162361623616235,0.08333333333333333,-0.7890544166118918,1.0,1.0,-0.7915130362889383,0.6111522833015236,0.9615384615384616,3.0,0.06752823759169156,325.09306713530276,1.0,0.0
evt_pay_003564_0,cust_012,pay_003564,2026-05-10T20:34:03.455528+00:00,443825,RETRY_LATER,0.03333333333333333,0,0.4780701754385965,1.7536356092337921,-0.5157792445853906,0.0,1.0,-0.7824516985282863,0.6227112809883886,0.75,5.0,-0.5006574979571285,320.0630713743519,0.0,0.0
evt_pay_001223_0,cust_003,pay_001223,2026-05-10T20:56:50.398801+00:00,182349,WHATSAPP_NUDGE,0.8333333333333334,0,0.5201793721973094,0.9970906666994969,-0.49160003541708086,0.0,1.0,-0.7167889792508031,0.697290154257603,0.9090909090909091,7.0,2.053947620637407,315.9034674971928,0.0,0.0
evt_pay_001748_1,cust_011,pay_001748,2026-05-10T21:36:38.474330+00:00,56560,WHATSAPP_NUDGE,0.8333333333333334,1,0.463519313304721,0.08333333333333333,-0.13094527787644947,1.0,1.0,-0.5855193798230327,0.8106584088576712,0.9615384615384616,5.0,-0.306212897974724,314.61981381247097,0.0,1.0
evt_pay_007498_1,cust_057,pay_007498,2026-05-10T21:41:23.164173+00:00,64981,WHATSAPP_NUDGE,0.8333333333333334,0,0.40384615384615385,0.08333333333333333,-0.589395741879271,1.0,1.0,-0.5686118522997833,0.822605957566689,0.9285714285714286,1.0,-0.5990323654313375,331.16850383235663,1.0,0.0
evt_pay_002557_1,cust_019,pay_002557,2026-05-10T21:43:26.968929+00:00,103535,WHATSAPP_NUDGE,0.8333333333333334,0,0.4829059829059829,0.08333333333333333,-0.38533566898392374,1.0,1.0,-0.5611827088504678,0.8276919519285245,1.0,9.0,-0.5137657855739247,316.31442599633743,0.0,0.0
evt_pay_001241_0,cust_057,pay_001241,2026-05-10T21:48:56.144863+00:00,91685,RETRY_LATER,0.8333333333333334,0,0.4019138755980861,0.005242832059896803,0.3425310585413744,0.0,1.0,-0.5412102383282454,0.8408873158329145,0.9333333333333333,2.0,-0.5990323654313375,331.17374666441657,0.0,1.0
evt_pay_006164_0,cust_032,pay_006164,2026-05-10T21:58:54.537748+00:00,445758,WHATSAPP_NUDGE,0.8333333333333334,0,0.3295880149812734,0.3589883909467062,1.0653601475534469,0.0,1.0,-0.5041170753573889,0.863635324852517,0.9047619047619048,8.0,0.2905055503479753,335.37926497906363,0.0,0.0
evt_pay_004648_2,cust_010,pay_004648,2026-05-10T22:21:33.019294+00:00,59769,ESCALATE_HUMAN,0.8333333333333334,0,0.4044943820224719,0.9166666666666666,-0.6967037150877186,2.0,1.0,-0.4164778712826327,0.9091458533876107,0.9473684210526316,10.0,-0.045395759303349575,339.87723182979323,1.0,0.0
evt_pay_006144_0,cust_024,pay_006144,2026-05-10T22:28:42.154324+00:00,125725,WHATSAPP_NUDGE,0.8333333333333334,0,0.2620967741935484,1.4267417144635601,0.8963105420848501,0.0,1.0,-0.3879074442481552,0.9216983317207774,0.9375,5.0,-1.1653357768016162,325.5944584025376,0.0,0.0
evt_pay_003564_1,cust_012,pay_003564,2026-05-10T22:34:03.455528+00:00,499464,WHATSAPP_NUDGE,0.8333333333333334,1,0.4759825327510917,0.08333333333333333,-0.22225966276074702,1.0,1.0,-0.36626740766558447,0.9305096378232375,0.7777777777777778,5.0,-0.5006574979571285,320.14640470768524,0.0,0.0
evt_pay_008067_2,cust_050,pay_008067,2026-05-10T22:42:29.498739+00:00,103138,ESCALATE_HUMAN,0.8333333333333334,0,0.44140625,0.9166666666666666,-0.33040591958772575,2.0,1.0,-0.33178392985667526,0.9433554069855437,0.7,5.0,-0.900782201038446,337.66102509384694,0.0,1.0
evt_pay_007860_0,cust_057,pay_007860,2026-05-10T23:09:47.698957+00:00,82138,WHATSAPP_NUDGE,0.8333333333333334,0,0.4,0.05615224645845274,0.009354856356491997,0.0,1.0,-0.21731287975203867,0.9761019989191068,0.9411764705882353,2.0,-0.5990323654313375,331.22989891087497,0.0,0.0
evt_pay_005318_0,cust_021,pay_005318,2026-05-10T23:26:13.629548+00:00,220285,RETRY_LATER,0.8333333333333334,1,0.36551724137931035,1.2048057714534177,0.0695627631331237,0.0,1.0,-0.14682905714312744,0.9891618815838287,0.7,2.0,-0.0711177391970671,326.4253930039869,0.0,1.0
evt_pay_002852_2,cust_009,pay_002852,2026-05-10T23:33:22.865273+00:00,104611,ESCALATE_HUMAN,0.8333333333333334,0,0.34334763948497854,0.9166666666666666,-0.3443189188289467,2.0,1.0,-0.11588595201407215,0.9932625262868786,1.0,2.0,-0.8984355580750027,312.59838590798927,0.0,0.0
evt_pay_001241_1,cust_057,pay_001241,2026-05-10T23:48:56.144863+00:00,72311,WHATSAPP_NUDGE,0.8333333333333334,0,0.3981042654028436,0.027181086874880595,-0.33359427832351457,1.0,1.0,-0.04825815726403436,0.9988348963955352,0.9444444444444444,3.0,-0.5990323654313375,331.2570799977499,0.0,1.0
evt_pay_005536_0,cust_023,pay_005536,2026-05-10T23:51:24.916242+00:00,97926,DO_NOTHING,0.03333333333333333,0,0.44541484716157204,2.8213079728636785,0.4690680833720017,0.0,1.0,-0.03744918898134267,0.99929853309441,0.6363636363636364,5.0,0.9385908116339667,334.246303409701,0.0,0.0
evt_pay_006164_1,cust_032,pay_006164,2026-05-10T23:58:54.537748+00:00,317947,WHATSAPP_NUDGE,0.8333333333333334,0,0.3283582089552239,0.08333333333333333,-0.05932682542299024,1.0,1.0,-0.004760531314754276,0.9999886686066004,0.9523809523809523,9.0,0.2905055503479753,335.46259831239695,0.0,0.0
evt_pay_005975_0,cust_000,pay_005975,2026-05-11T00:14:36.025039+00:00,140063,PAYMENT_LINK,0.03333333333333333,0,0.4009009009009009,0.20570807320249665,0.2863615857738824,0.0,1.0,0.06366325529360835,0.9979714374296595,0.6666666666666667,5.0,0.8132490481077264,329.66534771954053,0.0,0.0
evt_pay_000715_2,cust_028,pay_000715,2026-05-11T00:15:38.046785+00:00,216001,ESCALATE_HUMAN,0.8333333333333334,0,0.4,0.27090645607910346,-0.159003839503674,2.0,1.0,0.06816379161307885,0.9976741439532893,0.9545454545454546,7.0,0.3910481863531735,311.33813357753087,0.0,0.0
evt_pay_007213_2,cust_014,pay_007213,2026-05-11T00:27:14.165145+00:00,56673,ESCALATE_HUMAN,0.8333333333333334,0,0.31906614785992216,0.4688152407728694,-0.4343385571881279,2.0,1.0,0.11856031299320627,0.9929468526476898,0.9444444444444444,10.0,-0.8122776257059364,334.7759366936229,0.0,1.0
evt_pay_006144_1,cust_024,pay_006144,2026-05-11T00:28:42.154324+00:00,92487,WHATSAPP_NUDGE,0.8333333333333334,0,0.26104417670682734,0.08333333333333333,-0.09598163487729611,1.0,1.0,0.12491146482439014,0.9921678920200074,0.9473684210526316,6.0,-1.1653357768016162,325.6777917358709,0.0,0.0
evt_pay_008112_0,cust_042,pay_008112,2026-05-11T00:37:01.409786+00:00,204936,WHATSAPP_NUDGE,0.8333333333333334,1,0.4105691056910569,0.6588190406322004,-0.3375045501334301,0.0,1.0,0.16084375411175714,0.9869798816405715,0.6923076923076923,6.0,0.21388002896855346,336.9552959271843,0.0,0.0
evt_pay_000585_0,cust_033,pay_000585,2026-05-11T01:00:09.431446+00:00,112097,WHATSAPP_NUDGE,0.8333333333333334,0,0.5868544600938967,2.0426423647893635,1.1573070675886383,0.0,1.0,0.25948148768711865,0.9657480818244889,0.9444444444444444,6.0,-0.3958893149650273,314.7853118860537,0.0,0.0
evt_pay_007860_1,cust_057,pay_007860,2026-05-11T01:09:47.698957+00:00,91446,WHATSAPP_NUDGE,0.8333333333333334,0,0.39622641509433965,0.05615224645845274,0.33419378092276797,1.0,1.0,0.2998525250247357,0.9539855676247363,0.95,4.0,-0.5990323654313375,331.31323224420834,0.0,1.0
evt_pay_001272_0,cust_000,pay_001272,2026-05-11T01:31:08.130096+00:00,126908,RETRY_NOW,0.8333333333333334,0,0.3991031390134529,0.05314936409274651,-0.008883136799423912,0.0,1.0,0.38725613360784256,0.9219721725643919,0.6153846153846154,6.0,0.8132490481077264,329.71849708363334,1.0,0.0
evt_pay_008452_0,cust_034,pay_008452,2026-05-11T01:36:03.424779+00:00,60607,WHATSAPP_NUDGE,0.8333333333333334,0,0.35294117647058826,1.949108363681982,0.3441123987554106,0.0,1.0,0.4069641552804374,0.9134441287330496,0.9444444444444444,9.0,-0.5369784473169031,324.17956139760685,0.0,0.0
evt_pay_007368_2,cust_001,pay_007368,2026-05-11T01:41:22.293244+00:00,625521,PAYMENT_LINK,0.8333333333333334,0,0.31543624161073824,0.2548738999315674,0.5318800392039091,2.0,1.0,0.42803449084241146,0.9037623994442774,0.9523809523809523,19.0,0.16534712408787333,322.6234990259903,0.0,0.0
evt_pay_003763_0,cust_058,pay_003763,2026-05-11T01:45:11.077316+00:00,228290,WHATSAPP_NUDGE,0.8333333333333334,0,0.4915254237288136,0.4461087457400292,-0.16775064594526573,0.0,1.0,0.4430110360514419,0.8965161582127943,0.9473684210526316,4.0,4.286983765334936,329.0371574719015,0.0,0.0
evt_pay_005037_0,cust_050,pay_005037,2026-05-11T02:38:50.709595+00:00,127090,PAYMENT_LINK,0.03333333333333333,0,0.4396887159533074,0.16413438490733748,0.25639683778108324,0.0,1.0,0.6389194132216883,0.769273672634423,0.6428571428571428,5.0,-0.900782201038446,337.82515947875424,0.0,0.0
evt_pay_001965_2,cust_041,pay_001965,2026-05-11T02:42:02.511898+00:00,231312,ESCALATE_HUMAN,0.8333333333333334,0,0.4686192468619247,0.9166666666666666,-0.34560500593031557,2.0,1.0,0.6495869411269649,0.7602873180037354,0.95,3.0,0.3693318557794774,339.4023621397129,0.0,0.0
evt_pay_000585_1,cust_033,pay_000585,2026-05-11T03:00:09.431446+00:00,88818,ESCALATE_HUMAN,0.03333333333333333,0,0.5841121495327103,0.08333333333333333,0.32361694627456555,1.0,1.0,0.7075916010610682,0.7066216286725407,0.9444444444444444,7.0,-0.3958893149650273,314.868645219387,0.0,1.0
evt_pay_001272_1,cust_000,pay_001272,2026-05-11T03:31:08.130096+00:00,87935,WHATSAPP_NUDGE,0.8333333333333334,0,0.39732142857142855,0.08333333333333333,-0.8835747627251426,1.0,1.0,0.7963597357579283,0.6048232562191723,0.6666666666666667,6.0,0.8132490481077264,329.80183041696665,0.0,1.0
evt_pay_008452_1,cust_034,pay_008452,2026-05-11T03:36:03.424779+00:00,45779,WHATSAPP_NUDGE,0.8333333333333334,0,0.3514644351464435,0.08333333333333333,-0.4390856367616732,1.0,1.0,0.8091633612690585,0.5875837427803454,0.9444444444444444,10.0,-0.5369784473169031,324.26289473094016,0.0,1.0
evt_pay_003763_1,cust_058,pay_003763,2026-05-11T03:45:11.077316+00:00,301811,WHATSAPP_NUDGE,0.8333333333333334,0,0.48945147679324896,0.08333333333333333,0.6983740905259836,1.0,1.0,0.8319168904838097,0.5549002498897879,0.9473684210526316,5.0,4.286983765334936,329.1204908052348,0.0,1.0
evt_pay_004872_0,cust_054,pay_004872,2026-05-11T04:06:30.173953+00:00,96205,RETRY_NOW,0.8333333333333334,0,0.4372623574144487,0.9480894645887474,-0.07702759341604946,0.0,1.0,0.8798620311475188,0.47522921432184984,0.95,3.0,-0.6956354929968003,326.6277639149254,1.0,0.0
evt_pay_005037_1,cust_050,pay_005037,2026-05-11T04:38:50.709595+00:00,109941,WHATSAPP_NUDGE,0.8333333333333334,1,0.437984496124031,0.08333333333333333,-0.16374225814671253,1.0,1.0,0.9379572791382408,0.3467508363531202,0.6875,6.0,-0.900782201038446,337.90849281208756,0.0,1.0
evt_pay_004073_0,cust_050,pay_004073,2026-05-11T04:40:37.870428+00:00,151080,RETRY_LATER,0.8333333333333334,0,0.44015444015444016,0.08457362075138992,0.8441144452344378,0.0,1.0,0.9406309846848131,0.33943092176594486,0.6470588235294117,7.0,-0.900782201038446,337.9097330995057,0.0,1.0
evt_pay_000427_2,cust_001,pay_000427,2026-05-11T04:50:03.553171+00:00,525963,PAYMENT_LINK,0.8333333333333334,0,0.31438127090301005,0.1310331010060016,-0.007517917747418397,2.0,1.0,0.953794619456362,0.3004593548154119,0.9523809523809523,20.0,0.16534712408787333,322.7545321269963,0.0,0.0
evt_pay_001443_0,cust_051,pay_001443,2026-05-11T04:54:12.383028+00:00,535067,RETRY_LATER,0.8333333333333334,0,0.5,3.3916064315569465,-0.3473062155742894,0.0,1.0,0.959075107338579,0.2831517940672337,1.0,1.0,-1.013594580420746,318.9992200542307,0.0,1.0
evt_pay_003279_0,cust_039,pay_003279,2026-05-11T04:58:29.940074+00:00,250607,RETRY_LATER,0.8333333333333334,1,0.5110132158590308,0.8826064721429437,-0.013311208169888362,0.0,1.0,0.9642100277079919,0.265139628247747,1.0,7.0,-0.6642333856639545,311.6090503589239,0.0,1.0
evt_pay_000125_0,cust_015,pay_000125,2026-05-11T05:27:40.175292+00:00,102997,RETRY_LATER,0.8333333333333334,0,0.4083333333333333,2.7006112723233855,-0.3616657547764223,0.0,1.0,0.9900663947412897,0.14060061878948024,0.9473684210526316,4.0,1.245182551392603,327.6436916877356,0.0,1.0
evt_pay_002253_0,cust_026,pay_002253,2026-05-11T05:58:00.688710+00:00,252891,WHATSAPP_NUDGE,0.8333333333333334,0,0.45263157894736844,0.6031894139939217,0.317890747060445,0.0,1.0,0.9999623588734502,0.008676452976024238,0.9444444444444444,9.0,1.9048100532514713,327.8018561452359,0.0,0.0
evt_pay_005642_0,cust_005,pay_005642,2026-05-11T05:58:46.885363+00:00,152202,WHATSAPP_NUDGE,0.8333333333333334,0,0.3306122448979592,1.4674415249731585,0.4650422648722272,0.0,1.0,0.999985864541797,0.005317021402507498,0.9473684210526316,6.0,-0.6412832630166057,330.9262717226624,0.0,0.0
evt_pay_004872_1,cust_054,pay_004872,2026-05-11T06:06:30.173953+00:00,72727,WHATSAPP_NUDGE,0.8333333333333334,0,0.4356060606060606,0.08333333333333333,-0.7554878099675993,1.0,1.0,0.9995974779600512,-0.028370443350517905,0.95,3.0,-0.6956354929968003,326.7110972482588,0.0,0.0
evt_pay_000012_0,cust_032,pay_000012,2026-05-11T06:09:23.233378+00:00,345677,RETRY_NOW,0.8333333333333334,0,0.3271375464684015,0.2572765697848354,0.1846888732815369,0.0,1.0,0.9991612774785853,-0.04094803520758231,0.95,10.0,0.2905055503479753,335.7198748821818,1.0,0.0
evt_pay_000466_0,cust_039,pay_000466,2026-05-11T06:31:21.624858+00:00,217054,RETRY_NOW,0.8333333333333334,0,0.5131578947368421,0.9470935645563449,-0.3940581319956823,0.0,1.0,0.9906526051073975,-0.13640900261319558,0.875,7.0,-0.6642333856639545,311.6735374513373,1.0,0.0
evt_pay_008536_0,cust_025,pay_008536,2026-05-11T06:31:33.718131+00:00,211946,ESCALATE_HUMAN,0.03333333333333333,0,0.5378151260504201,0.575959259711226,-0.055898169899742466,0.0,1.0,0.9905322574470093,-0.13728017685351257,0.95,10.0,0.10753773716001852,316.95573020530804,0.0,0.0
evt_pay_002087_2,cust_026,pay_002087,2026-05-11T06:42:02.895910+00:00,256339,WHATSAPP_NUDGE,0.03333333333333333,0,0.450261780104712,0.030581101846337333,0.36117540276488846,2.0,1.0,0.983216507596759,-0.18244259148902797,0.9473684210526316,10.0,1.9048100532514713,327.8324372470822,0.0,0.0
evt_pay_001003_0,cust_009,pay_001003,2026-05-11T06:46:25.951149+00:00,119563,RETRY_NOW,0.8333333333333334,1,0.3418803418803419,0.30073016060043756,0.014842015338837156,0.0,1.0,0.9795467084858478,-0.20121691254599247,0.8888888888888888,2.0,-0.8984355580750027,312.89911606858976,1.0,0.0
evt_pay_006650_0,cust_038,pay_006650,2026-05-11T06:46:43.118836+00:00,53438,RETRY_NOW,0.8333333333333334,1,0.6305418719211823,1.4000765870422545,0.5679594437128893,0.0,1.0,0.9792947319873878,-0.20243968954172575,0.9523809523809523,5.0,2.4957647172129915,338.23935065914867,1.0,0.0
evt_pay_006762_2,cust_042,pay_006762,2026-05-11T06:48:19.444675+00:00,214162,RETRY_NOW,0.03333333333333333,0,0.41295546558704455,0.9166666666666666,-0.22406490363589432,2.0,1.0,0.977852623985204,-0.20929463864430758,0.6666666666666667,7.0,0.21388002896855346,337.21314355321874,0.0,0.0
evt_pay_001443_1,cust_051,pay_001443,2026-05-11T06:54:12.383028+00:00,645572,PAYMENT_LINK,0.8333333333333334,0,0.4978165938864629,0.08333333333333333,0.1710382912297775,1.0,1.0,0.9721593041261135,-0.23432090687992532,0.8,1.0,-1.013594580420746,319.082553387564,0.0,1.0
evt_pay_002251_2,cust_035,pay_002251,2026-05-11T06:58:11.671539+00:00,46817,ESCALATE_HUMAN,0.8333333333333334,0,0.3533834586466165,0.9166666666666666,0.19392626003733965,2.0,1.0,0.9679347745507233,-0.25120165647431647,0.8181818181818181,11.0,0.5026080740568922,314.22614678302006,0.0,1.0
evt_pay_000393_0,cust_047,pay_000393,2026-05-11T07:05:35.010456+00:00,122919,RETRY_LATER,0.8333333333333334,0,0.502283105022831,1.5602790943230314,0.3052073043708756,0.0,1.0,0.9593342898222879,-0.28227242226467436,0.9090909090909091,8.0,1.898235005697721,313.31177874024155,0.0,1.0
evt_pay_000125_1,cust_015,pay_000125,2026-05-11T07:27:40.175292+00:00,89714,WHATSAPP_NUDGE,0.8333333333333334,0,0.4066390041493776,0.08333333333333333,-0.6834928456181087,1.0,1.0,0.9277229586739689,-0.3732694897111433,0.9130434782608696,4.0,1.245182551392603,327.727025021069,0.0,1.0
evt_pay_004568_0,cust_049,pay_004568,2026-05-11T07:48:23.989140+00:00,299779,WHATSAPP_NUDGE,0.8333333333333334,0,0.3611111111111111,1.5994361466799205,-0.30226796459986566,0.0,1.0,0.8902131643863849,-0.4555442041703299,0.9523809523809523,6.0,0.2100296838614713,313.2061925084311,0.0,0.0
evt_pay_005642_1,cust_005,pay_005642,2026-05-11T07:58:46.885363+00:00,135446,WHATSAPP_NUDGE,0.8333333333333334,0,0.32926829268292684,0.08333333333333333,0.09929333136633174,1.0,1.0,0.8686716728197945,-0.4953882566638615,0.9545454545454546,6.0,-0.6412832630166057,331.00960505599573,0.0,0.0
evt_pay_008340_0,cust_042,pay_008340,2026-05-11T08:00:32.806410+00:00,236196,RETRY_LATER,0.8333333333333334,0,0.4112903225806452,0.05015464970472294,0.04683041502951891,0.0,1.0,0.8648300655769718,-0.5020646947098855,0.6666666666666667,7.0,0.21388002896855346,337.26329820292347,0.0,1.0
evt_pay_000012_1,cust_032,pay_000012,2026-05-11T08:09:23.233378+00:00,379662,WHATSAPP_NUDGE,0.8333333333333334,0,0.32592592592592595,0.08333333333333333,0.4837431685680345,1.0,1.0,0.8448250311703763,-0.5350426774641184,0.9565217391304348,10.0,0.2905055503479753,335.8032082155151,0.0,0.0
evt_pay_007352_0,cust_013,pay_007352,2026-05-11T08:14:01.468048+00:00,160076,WHATSAPP_NUDGE,0.8333333333333334,0,0.3466666666666667,2.091923604505515,-0.19704762759412514,0.0,1.0,0.8338268928114981,-0.5520260073803792,1.0,9.0,-0.5595801808996762,311.9453430659508,0.0,0.0
evt_pay_004110_2,cust_055,pay_004110,2026-05-11T08:25:09.884972+00:00,309365,ESCALATE_HUMAN,0.8333333333333334,0,0.3489208633093525,0.9166666666666666,-0.027344011267866283,2.0,1.0,0.8060193297541383,-0.5918892126595058,0.9583333333333334,4.0,-1.0480965437343166,337.29982259549666,1.0,0.0
evt_pay_004927_2,cust_006,pay_004927,2026-05-11T08:31:19.743131+00:00,141579,ESCALATE_HUMAN,0.8333333333333334,0,0.4870848708487085,0.7241456217804322,0.2512877264320267,2.0,1.0,0.7898097613644164,-0.6133518899078111,0.9130434782608696,7.0,-0.3286363658753921,333.0034902641975,0.0,1.0
evt_pay_000466_1,cust_039,pay_000466,2026-05-11T08:31:21.624858+00:00,243735,WHATSAPP_NUDGE,0.8333333333333334,1,0.5109170305676856,0.08333333333333333,-0.0912929853910031,1.0,1.0,0.7897258210416422,-0.6134599641216238,0.8,7.0,-0.6642333856639545,311.75687078467064,1.0,0.0
evt_pay_007442_0,cust_048,pay_007442,2026-05-11T09:43:08.939902+00:00,173719,RETRY_LATER,0.8333333333333334,0,0.3054545454545455,0.7246376136731859,-0.2649943274079391,0.0,1.0,0.5622674196198836,-0.8269554696801985,0.9583333333333334,6.0,-0.4506859321563252,321.41059159076775,0.0,1.0
evt_pay_001713_0,cust_020,pay_001713,2026-05-11T09:55:38.645040+00:00,60711,RETRY_LATER,0.8333333333333334,0,0.3602941176470588,0.5589948714865424,-0.02666074889582982,0.0,1.0,0.5163686140199241,-0.8563664253432304,0.9375,4.0,0.06752823759169156,325.6520620067893,0.0,1.0
evt_pay_008340_1,cust_042,pay_008340,2026-05-11T10:00:32.806410+00:00,216833,WHATSAPP_NUDGE,0.8333333333333334,0,0.40963855421686746,0.08333333333333333,-0.19122978789319175,1.0,1.0,0.497932459391277,-0.8672158127505254,0.6875,7.0,0.21388002896855346,337.3466315362568,0.0,0.0
evt_pay_005009_0,cust_050,pay_005009,2026-05-11T10:04:37.822997+00:00,128602,PAYMENT_LINK,0.03333333333333333,0,0.43846153846153846,0.22499945103233662,0.2934197171575785,0.0,1.0,0.4824020901418002,-0.875949897783442,0.7058823529411764,7.0,-0.900782201038446,338.134732550538,0.0,1.0
evt_pay_007352_1,cust_013,pay_007352,2026-05-11T10:14:01.468048+00:00,206636,WHATSAPP_NUDGE,0.8333333333333334,0,0.34513274336283184,0.08333333333333333,0.5766698803948899,1.0,1.0,0.44610226784321205,-0.8949819923468534,1.0,10.0,-0.5595801808996762,312.02867639928417,0.0,0.0
evt_pay_006438_0,cust_028,pay_006438,2026-05-11T11:08:31.520313+00:00,235568,WHATSAPP_NUDGE,0.8333333333333334,0,0.3983402489626556,0.45339668435985914,0.08541150720403247,0.0,1.0,0.22271699294062078,-0.9748831422562847,0.9583333333333334,7.0,0.3910481863531735,311.7915302618907,0.0,0.0
evt_pay_006698_2,cust_014,pay_006698,2026-05-11T11:12:08.528342+00:00,51172,ESCALATE_HUMAN,0.8333333333333334,0,0.3178294573643411,0.4478514258937973,-0.6694891715491181,2.0,1.0,0.2073050051734153,-0.978276359128672,0.9047619047619048,10.0,-0.8122776257059364,335.22378811951666,0.0,0.0
evt_pay_005267_0,cust_056,pay_005267,2026-05-11T11:13:22.392440+00:00,188116,ESCALATE_HUMAN,0.03333333333333333,0,0.3018181818181818,1.6035923234614415,0.5159315498509611,0.0,1.0,0.20204718050631468,-0.9793757893931464,0.9047619047619048,2.0,-0.26273729270347856,322.4230669514097,0.0,0.0
evt_pay_006691_0,cust_021,pay_006691,2026-05-11T11:13:22.457899+00:00,265948,WHATSAPP_NUDGE,0.8333333333333334,0,0.36769759450171824,1.695880173672549,0.6762470698178547,0.0,1.0,0.20204251834593967,-0.97937675119457,0.7222222222222222,2.0,-0.0711177391970671,326.91646740620604,0.0,0.0
evt_pay_003620_0,cust_032,pay_003620,2026-05-11T11:13:24.525674+00:00,297301,DO_NOTHING,0.03333333333333333,0,0.3247232472324723,0.1277927349139342,-0.24099994735339172,0.0,1.0,0.20189524441659257,-0.9794071218252215,0.96,11.0,0.2905055503479753,335.93100095042905,0.0,0.0
evt_pay_004070_2,cust_030,pay_004070,2026-05-11T11:23:09.634323+00:00,192503,ESCALATE_HUMAN,0.8333333333333334,0,0.3782771535580524,0.9166666666666666,0.3231586113730523,2.0,1.0,0.1600510092066735,-0.987108744998202,0.9333333333333333,11.0,1.7722569671050512,311.418611637206,0.0,0.0
evt_pay_006758_0,cust_041,pay_006758,2026-05-11T11:31:41.117307+00:00,254535,RETRY_NOW,0.8333333333333334,1,0.4666666666666667,0.367807932975533,-0.09344650955514865,0.0,1.0,0.12323218073345006,-0.9923778663551894,0.9615384615384616,3.0,0.3693318557794774,339.7701700726885,1.0,0.0
evt_pay_007442_1,cust_048,pay_007442,2026-05-11T11:43:08.939902+00:00,211410,WHATSAPP_NUDGE,0.8333333333333334,0,0.30434782608695654,0.08333333333333333,0.2974070647306808,1.0,1.0,0.07346013427104495,-0.9972981543514858,0.9259259259259259,6.0,-0.4506859321563252,321.49392492410107,0.0,1.0
evt_pay_001713_1,cust_020,pay_001713,2026-05-11T11:55:38.645040+00:00,62731,WHATSAPP_NUDGE,0.8333333333333334,0,0.358974358974359,0.08333333333333333,0.06752137109129434,1.0,1.0,0.019005124786600675,-0.9998193863052695,0.9333333333333333,4.0,0.06752823759169156,325.73539534012264,0.0,0.0
evt_pay_005009_1,cust_050,pay_005009,2026-05-11T12:04:37.822997+00:00,103210,WHATSAPP_NUDGE,0.8333333333333334,0,0.4367816091954023,0.08333333333333333,-0.32863688356030624,1.0,1.0,-0.020202483990211597,-0.9997959089937432,0.736842105263158,8.0,-0.900782201038446,338.2180658838713,0.0,1.0
evt_pay_003515_2,cust_008,pay_003515,2026-05-11T12:07:06.973010+00:00,258762,ESCALATE_HUMAN,0.8333333333333334,0,0.4345991561181435,0.7088200785430369,0.6107094305486781,2.0,1.0,-0.03104536432427101,-0.9995179765036611,0.9375,8.0,0.4190160498383978,326.969201068711,0.0,0.0
evt_pay_008146_0,cust_027,pay_008146,2026-05-11T12:09:43.396797+00:00,78712,RETRY_LATER,0.8333333333333334,0,0.2746478873239437,4.188463276906987,-0.03261484903591838,0.0,1.0,-0.04241308609662849,-0.9991001602080544,0.9285714285714286,2.0,-0.8172299270627982,313.64866579314713,0.0,1.0
evt_pay_006438_1,cust_028,pay_006438,2026-05-11T13:08:31.520313+00:00,231936,WHATSAPP_NUDGE,0.8333333333333334,0,0.39669421487603307,0.08333333333333333,0.04003830417944594,1.0,1.0,-0.29456299738708513,-0.9556320633854518,0.9310344827586207,8.0,0.3910481863531735,311.87486359522404,0.0,0.0
evt_pay_003406_0,cust_024,pay_003406,2026-05-11T13:43:55.427369+00:00,122252,RETRY_NOW,0.8333333333333334,0,0.26,0.5522369565393319,0.7926327125234065,0.0,1.0,-0.4380722455861111,-0.8989397686425615,1.0,7.0,-1.1653357768016162,326.23002869241026,1.0,0.0
evt_pay_008146_1,cust_027,pay_008146,2026-05-11T14:09:43.396797+00:00,78233,WHATSAPP_NUDGE,0.8333333333333334,0,0.2736842105263158,0.08333333333333333,-0.04980134784670872,1.0,1.0,-0.5362808901166043,-0.8440395766169633,0.9285714285714286,2.0,-0.8172299270627982,313.7319991264805,1.0,0.0
evt_pay_004614_2,cust_048,pay_004614,2026-05-11T14:19:40.250081+00:00,155976,DO_NOTHING,0.03333333333333333,0,0.30324909747292417,0.10869571966014746,-0.5297481460716483,2.0,1.0,-0.572399334231968,-0.8199750009425896,0.9310344827586207,7.0,-0.4506859321563252,321.6026206437612,0.0,1.0
evt_pay_008157_0,cust_022,pay_008157,2026-05-11T14:25:31.308687+00:00,141892,WHATSAPP_NUDGE,0.8333333333333334,0,0.430327868852459,3.2009798422292874,0.7526441099561387,0.0,1.0,-0.5931442529880945,-0.8050962024175715,0.7,6.0,-0.6143468879245073,319.6074277197508,0.0,0.0
evt_pay_006055_2,cust_018,pay_006055,2026-05-11T14:55:12.173511+00:00,149210,ESCALATE_HUMAN,0.8333333333333334,0,0.30039525691699603,0.7763499289831088,0.08442052725758407,2.0,1.0,-0.6921522810327052,-0.7217514945334184,0.9310344827586207,6.0,-0.4554811204429685,316.24388746557855,0.0,0.0
evt_pay_001486_0,cust_001,pay_001486,2026-05-11T15:04:50.661735+00:00,755175,WHATSAPP_NUDGE,0.03333333333333333,0,0.31333333333333335,0.4269341268904441,1.2343300400648354,0.0,1.0,-0.7218941905204178,-0.6920034520816141,1.0,19.0,0.16534712408787333,323.18146625388675,0.0,0.0
evt_pay_003406_1,cust_024,pay_003406,2026-05-11T15:43:55.427369+00:00,97859,WHATSAPP_NUDGE,0.8333333333333334,0,0.2589641434262948,0.08333333333333333,0.0644012002116771,1.0,1.0,-0.8288515776917482,-0.5594685533235088,1.0,7.0,-1.1653357768016162,326.31336202574363,0.0,1.0
evt_pay_000839_2,cust_028,pay_000839,2026-05-11T15:45:31.728980+00:00,227086,ESCALATE_HUMAN,0.8333333333333334,0,0.3950617283950617,0.10903019289437073,-0.020537295114805964,2.0,1.0,-0.8327493185750114,-0.5536502256956589,0.9642857142857143,9.0,0.3910481863531735,311.98389378811845,0.0,0.0
evt_pay_000319_0,cust_009,pay_000319,2026-05-11T15:56:46.500204+00:00,106278,WHATSAPP_NUDGE,0.8333333333333334,0,0.3446808510638298,0.6829124413297715,-0.30427724592824557,0.0,1.0,-0.8589040441883785,-0.5121365471013057,0.7272727272727273,1.0,-0.8984355580750027,313.28129834931906,0.0,0.0
evt_pay_002156_2,cust_001,pay_002156,2026-05-11T16:10:14.037458+00:00,617408,PAYMENT_LINK,0.8333333333333334,0,0.3122923588039867,0.045409441239466254,0.4879217013830863,2.0,1.0,-0.8874817390195076,-0.46084288310324456,1.0,20.0,0.16534712408787333,323.22687569512624,0.0,0.0
evt_pay_004101_0,cust_045,pay_004101,2026-05-11T16:13:27.875188+00:00,80780,RETRY_NOW,0.8333333333333334,0,0.3305785123966942,3.7548442460980027,-0.21345371158742252,0.0,1.0,-0.8938895209683381,-0.4482873233797663,0.9411764705882353,5.0,1.000889969158722,314.51252845361074,1.0,0.0
evt_pay_001486_1,cust_001,pay_001486,2026-05-11T17:04:50.661735+00:00,579248,PAYMENT_LINK,0.8333333333333334,0,0.31125827814569534,0.037923892093867075,0.28117486333381647,1.0,1.0,-0.9711804338758923,-0.23834547374899653,1.0,21.0,0.16534712408787333,323.2647995872201,0.0,0.0
evt_pay_001073_2,cust_008,pay_001073,2026-05-11T17:06:24.918224+00:00,211481,ESCALATE_HUMAN,0.8333333333333334,0,0.4327731092436975,0.20784658812362977,-0.022925147533467558,2.0,1.0,-0.9727913510306875,-0.23168294576832762,0.9166666666666666,8.0,0.4190160498383978,327.17704765683465,0.0,1.0
evt_pay_007717_2,cust_001,pay_007717,2026-05-11T17:34:21.188290+00:00,468353,ESCALATE_HUMAN,0.8333333333333334,0,0.3102310231023102,0.02049220550532027,-0.31964783562697147,2.0,1.0,-0.9937451059662322,-0.1116721288780776,1.0,22.0,0.16534712408787333,323.28529179272545,0.0,0.0
evt_pay_000319_1,cust_009,pay_000319,2026-05-11T17:56:46.500204+00:00,116721,WHATSAPP_NUDGE,0.8333333333333334,0,0.3432203389830508,0.08333333333333333,-0.05341514486308456,1.0,1.0,-0.9999009952309806,-0.014071237901987792,0.75,2.0,-0.8984355580750027,313.3646316826524,0.0,0.0
evt_pay_002082_0,cust_010,pay_002082,2026-05-11T17:57:30.495223+00:00,69180,RETRY_NOW,0.8333333333333334,0,0.40298507462686567,0.8166374528789598,-0.35652597562229477,0.0,1.0,-0.9999408971914385,-0.010872080020905103,0.9411764705882353,10.0,-0.045395759303349575,340.6938692826722,1.0,0.0
evt_pay_006718_0,cust_026,pay_006718,2026-05-11T18:07:43.577015+00:00,225200,RETRY_LATER,0.8333333333333334,0,0.4479166666666667,0.47616529057531426,-0.029768665646564486,0.0,1.0,-0.9994317951793217,0.033705886498330465,0.9166666666666666,11.0,1.9048100532514713,328.3086025376576,0.0,1.0
evt_pay_003614_0,cust_012,pay_003614,2026-05-11T18:11:58.144797+00:00,485546,WHATSAPP_NUDGE,0.8333333333333334,0,0.4782608695652174,0.9013274220921327,-0.29568257551923394,0.0,1.0,-0.9986365865298716,0.052201226460363175,0.75,5.0,-0.5006574979571285,320.9643987964441,0.0,0.0
evt_pay_004101_1,cust_045,pay_004101,2026-05-11T18:13:27.875188+00:00,88485,WHATSAPP_NUDGE,0.8333333333333334,0,0.3292181069958848,0.08333333333333333,0.03873225716753592,1.0,1.0,-0.9982746950251665,0.05871655024276198,0.9444444444444444,5.0,1.000889969158722,314.5958617869441,0.0,0.0
evt_pay_006139_0,cust_037,pay_006139,2026-05-11T18:13:52.365505+00:00,154276,ESCALATE_HUMAN,0.03333333333333333,0,0.4396135265700483,5.401156350194033,-0.0950233339377287,0.0,1.0,-0.9981685385020928,0.060494369528048535,0.9230769230769231,2.0,-0.33341852366871827,318.38949738429125,0.0,1.0
evt_pay_008569_0,cust_030,pay_008569,2026-05-11T18:14:58.410044+00:00,154920,RETRY_LATER,0.03333333333333333,0,0.376865671641791,0.2859812004746421,-0.2977469053700883,0.0,1.0,-0.9978664787983095,0.06528775145969627,0.9285714285714286,11.0,1.7722569671050512,311.70459283768065,1.0,0.0
evt_pay_002835_0,cust_054,pay_002835,2026-05-11T18:15:48.703923+00:00,99004,RETRY_NOW,0.8333333333333334,0,0.4339622641509434,0.5064644672488802,0.0038365490291740034,0.0,1.0,-0.9976210167883781,0.06893697746581716,1.0,4.0,-0.6956354929968003,327.21756171550766,1.0,0.0
evt_pay_003212_0,cust_040,pay_003212,2026-05-11T18:21:38.241267+00:00,234435,RETRY_NOW,0.8333333333333334,0,0.5048543689320388,0.9329198561671888,0.2233836364527757,0.0,1.0,-0.9955466127103183,0.0942705782363273,0.9583333333333334,7.0,-0.492492512121923,329.89427005263633,1.0,0.0
evt_pay_003657_0,cust_033,pay_003657,2026-05-11T18:22:21.222423+00:00,66028,RETRY_NOW,0.8333333333333334,0,0.5813953488372093,0.6404142474235641,-0.49252461467903524,0.0,1.0,-0.9952470905533399,0.09738187072095054,0.9473684210526316,7.0,-0.3958893149650273,315.5090594668106,1.0,0.0
evt_pay_000043_0,cust_058,pay_000043,2026-05-11T18:29:52.598942+00:00,225054,WHATSAPP_NUDGE,0.8333333333333334,0,0.48739495798319327,0.6143694632603456,-0.2058678870706384,0.0,1.0,-0.9915149695966919,0.12999255773186041,0.95,4.0,4.286983765334936,329.73486026849514,0.0,0.0
evt_pay_002784_0,cust_021,pay_002784,2026-05-11T18:36:37.424257+00:00,179650,WHATSAPP_NUDGE,0.8333333333333334,0,0.3664383561643836,0.3078121106231985,-0.4703076402418357,0.0,1.0,-0.9872589360935083,0.15912194412938152,0.7619047619047619,3.0,-0.0711177391970671,327.22427951682926,0.0,0.0
evt_pay_000444_0,cust_029,pay_000444,2026-05-11T19:25:26.208349+00:00,49306,RETRY_LATER,0.8333333333333334,0,0.40484429065743943,1.915559202750823,0.29156166052153093,0.0,1.0,-0.9313153972170353,0.3642137159779624,0.96,6.0,-0.8256115037842402,314.82261808426955,0.0,1.0
evt_pay_000414_0,cust_030,pay_000414,2026-05-11T19:35:43.355504+00:00,176527,WHATSAPP_NUDGE,0.8333333333333334,1,0.3754646840148699,0.05607575764052323,0.05923419604144038,0.0,1.0,-0.9140371112468333,0.40563056993222796,0.9230769230769231,11.0,1.7722569671050512,311.7606685953212,0.0,0.0
evt_pay_002557_2,cust_019,pay_002557,2026-05-11T19:43:26.968929+00:00,110191,ESCALATE_HUMAN,0.8333333333333334,0,0.4808510638297872,0.9166666666666666,-0.22642985911641372,2.0,1.0,-0.8998444579933336,0.4362109024527973,0.7692307692307692,10.0,-0.5137657855739247,317.23109266300406,0.0,0.0
evt_pay_008271_0,cust_030,pay_008271,2026-05-11T19:53:02.577523+00:00,164040,WHATSAPP_NUDGE,0.8333333333333334,0,0.37777777777777777,0.06810379026747644,-0.1470626138767556,0.0,1.0,-0.8808020023966117,0.47348477544068857,0.8461538461538461,12.0,1.7722569671050512,311.77269662794816,0.0,0.0
evt_pay_002082_1,cust_010,pay_002082,2026-05-11T19:57:30.495223+00:00,82249,WHATSAPP_NUDGE,0.8333333333333334,0,0.40148698884758366,0.08333333333333333,0.11590458910799088,1.0,1.0,-0.8714102592612418,0.4905549511056384,0.9523809523809523,10.0,-0.045395759303349575,340.7772026160055,0.0,0.0
evt_pay_002730_0,cust_034,pay_002730,2026-05-11T20:05:52.850197+00:00,56143,RETRY_NOW,0.8333333333333334,0,0.35,0.6873776090077968,0.10831637781509161,0.0,1.0,-0.852911721359492,0.5220551652532406,0.9545454545454546,10.0,-0.5369784473169031,324.95027233994796,1.0,0.0
evt_pay_003614_1,cust_012,pay_003614,2026-05-11T20:11:58.144797+00:00,492080,WHATSAPP_NUDGE,0.8333333333333334,0,0.47619047619047616,0.08333333333333333,-0.2612131612301333,1.0,1.0,-0.8387440398532638,0.544525881488315,0.8,6.0,-0.5006574979571285,321.0477321297774,0.0,0.0
evt_pay_008569_1,cust_030,pay_008569,2026-05-11T20:14:58.410044+00:00,139706,WHATSAPP_NUDGE,0.8333333333333334,0,0.3763837638376384,0.015229543065856888,-0.549093929789682,1.0,1.0,-0.8315338444944136,0.5554740907192165,0.8571428571428572,13.0,1.7722569671050512,311.787926171014,0.0,0.0
evt_pay_002835_1,cust_054,pay_002835,2026-05-11T20:15:48.703923+00:00,126852,WHATSAPP_NUDGE,0.8333333333333334,0,0.4323308270676692,0.08333333333333333,0.8085799463769752,1.0,1.0,-0.8294966551550886,0.5585116821397024,1.0,4.0,-0.6956354929968003,327.300895048841,0.0,0.0
evt_pay_003212_1,cust_040,pay_003212,2026-05-11T20:21:38.241267+00:00,240123,WHATSAPP_NUDGE,0.8333333333333334,0,0.5024154589371981,0.08333333333333333,0.29811725076723844,1.0,1.0,-0.8150333681405197,0.5794140219372672,0.9583333333333334,7.0,-0.492492512121923,329.97760338596964,0.0,0.0
evt_pay_003657_1,cust_033,pay_003657,2026-05-11T20:22:21.222423+00:00,108092,DO_NOTHING,0.03333333333333333,0,0.5787037037037037,0.08333333333333333,1.0138611078103268,1.0,1.0,-0.813218328101269,0.5819587191890647,0.9565217391304348,7.0,-0.3958893149650273,315.59239280014395,1.0,0.0
evt_pay_004920_0,cust_007,pay_004920,2026-05-11T20:25:33.954438+00:00,304216,WHATSAPP_NUDGE,0.8333333333333334,1,0.4371859296482412,1.3292685433794607,-0.0946750939007307,0.0,1.0,-0.8049820639439969,0.5932991460709032,0.8666666666666667,2.0,-0.46533070623945577,339.9493940161547,0.0,0.0
evt_pay_000043_1,cust_058,pay_000043,2026-05-11T20:29:52.598942+00:00,250256,WHATSAPP_NUDGE,0.8333333333333334,0,0.48535564853556484,0.08333333333333333,0.09102187009959178,1.0,1.0,-0.7936808730373601,0.6083343420970525,0.9583333333333334,5.0,4.286983765334936,329.81819360182845,0.0,0.0
evt_pay_002784_1,cust_021,pay_002784,2026-05-11T20:36:37.424257+00:00,189522,WHATSAPP_NUDGE,0.8333333333333334,0,0.3651877133105802,0.08333333333333333,-0.3391550786499701,1.0,1.0,-0.7754303467054849,0.6314331139623669,0.8,4.0,-0.0711177391970671,327.30761285016257,1.0,0.0
evt_pay_005706_0,cust_000,pay_005706,2026-05-11T20:38:15.031778+00:00,135691,RETRY_LATER,0.8333333333333334,0,0.39555555555555555,0.7132743250213215,0.1882358810152746,0.0,1.0,-0.7709287988406658,0.63692133510983,0.8095238095238095,7.0,0.8132490481077264,330.51510474198795,0.0,1.0
evt_pay_003632_0,cust_022,pay_003632,2026-05-11T20:42:26.399608+00:00,129586,WHATSAPP_NUDGE,0.8333333333333334,0,0.42857142857142855,0.2617487375126757,0.43959616356554737,0.0,1.0,-0.7591577327799002,0.6509067035762357,0.7692307692307692,7.0,-0.6143468879245073,319.86917645726345,0.0,0.0
evt_pay_000331_0,cust_003,pay_000331,2026-05-11T21:12:17.039726+00:00,176350,PAYMENT_LINK,0.03333333333333333,0,0.5178571428571429,1.010725010697513,-0.5694347345140987,0.0,1.0,-0.6682092146856217,0.743973417138828,0.9583333333333334,6.0,2.053947620637407,316.9141925078904,1.0,0.0
evt_pay_001241_2,cust_057,pay_001241,2026-05-11T21:48:56.144863+00:00,72177,RETRY_NOW,0.03333333333333333,0,0.39436619718309857,0.8605144202082139,-0.3382546847648936,2.0,1.0,-0.5412102383282454,0.8408873158329145,1.0,5.0,-0.5990323654313375,332.17374666441657,0.0,0.0
evt_pay_006164_2,cust_032,pay_006164,2026-05-11T21:58:54.537748+00:00,258602,ESCALATE_HUMAN,0.8333333333333334,0,0.3235294117647059,0.44826402863456377,-0.5815419519666162,2.0,1.0,-0.5041170753573889,0.863635324852517,0.96,9.0,0.2905055503479753,336.37926497906363,0.0,0.0
evt_pay_002730_1,cust_034,pay_002730,2026-05-11T22:05:52.850197+00:00,51125,WHATSAPP_NUDGE,0.8333333333333334,0,0.34854771784232363,0.08333333333333333,-0.15672614350112668,1.0,1.0,-0.47761563525621414,0.8785688959659356,0.96,10.0,-0.5369784473169031,325.0336056732813,0.0,0.0
evt_pay_000474_0,cust_029,pay_000474,2026-05-11T22:24:04.680321+00:00,41373,RETRY_NOW,0.8333333333333334,1,0.40344827586206894,0.12405638856201524,-0.21505063874891633,0.0,1.0,-0.40642568284934527,0.9136838426504232,0.96,6.0,-0.8256115037842402,314.94667447283155,1.0,0.0
evt_pay_006144_2,cust_024,pay_006144,2026-05-11T22:28:42.154324+00:00,107885,ESCALATE_HUMAN,0.8333333333333334,0,0.25793650793650796,0.2810963767940014,0.3637206983509414,2.0,1.0,-0.3879074442481552,0.9216983317207774,1.0,8.0,-1.1653357768016162,326.5944584025376,1.0,0.0
evt_pay_003632_1,cust_022,pay_003632,2026-05-11T22:42:26.399608+00:00,96423,WHATSAPP_NUDGE,0.8333333333333334,1,0.4268292682926829,0.08333333333333333,-0.4040836139941695,1.0,1.0,-0.33199653027867393,0.9432806071805577,0.7692307692307692,8.0,-0.6143468879245073,319.9525097905968,0.0,0.0
evt_pay_003106_0,cust_014,pay_003106,2026-05-11T23:04:01.955445+00:00,76909,WHATSAPP_NUDGE,0.8333333333333334,0,0.3166023166023166,0.4943683692459899,0.4307790146950446,0.0,1.0,-0.24178391326563925,0.9703301187152514,0.96,10.0,-0.8122776257059364,335.71815648876265,0.0,0.0
evt_pay_003839_0,cust_014,pay_003839,2026-05-11T23:16:34.716201+00:00,73465,WHATSAPP_NUDGE,0.8333333333333334,0,0.3153846153846154,0.00871250875102684,0.2835399150654068,0.0,1.0,-0.18833014118165628,0.982105777359291,0.9615384615384616,11.0,-0.8122776257059364,335.7268689975137,0.0,0.0
evt_pay_000679_0,cust_036,pay_000679,2026-05-11T23:57:14.850512+00:00,433612,RETRY_LATER,0.8333333333333334,0,0.49159663865546216,4.583948333678658,0.796960734970091,0.0,1.0,-0.012009720964703449,0.9999278807005783,0.6923076923076923,4.0,-0.5882553306323993,322.4394712294125,0.0,1.0
evt_pay_005360_0,cust_046,pay_005360,2026-05-11T23:57:33.470351+00:00,110364,WHATSAPP_NUDGE,0.8333333333333334,0,0.45,1.8154985544101123,0.10577002127879817,0.0,1.0,-0.01065573513235246,0.9999432260427534,0.962962962962963,8.0,-0.9687765812058661,335.01867288359483,0.0,0.0
evt_pay_008361_0,cust_013,pay_008361,2026-05-12T00:18:44.181899+00:00,130811,RETRY_LATER,0.8333333333333334,0,0.3436123348017621,0.5866054843836915,-0.683363239930679,0.0,1.0,0.08166177899382814,0.9966600994579663,1.0,11.0,-0.5595801808996762,312.6152818836678,0.0,1.0
evt_pay_005535_0,cust_011,pay_005535,2026-05-12T00:30:10.007949+00:00,58528,ESCALATE_HUMAN,0.03333333333333333,0,0.4658119658119658,1.2038371946621094,-0.03606759298383209,0.0,1.0,0.13124772972269233,0.9913496020287894,0.8571428571428572,5.0,-0.306212897974724,315.7403176737998,0.0,1.0
evt_pay_001254_0,cust_024,pay_001254,2026-05-12T00:58:49.808789+00:00,103214,WHATSAPP_NUDGE,0.8333333333333334,0,0.25691699604743085,0.10425526000646339,0.2242656087774422,0.0,1.0,0.25388517565527347,0.9672343653853966,1.0,8.0,-1.1653357768016162,326.6987136625441,0.0,0.0
evt_pay_003106_1,cust_014,pay_003106,2026-05-12T01:04:01.955445+00:00,58517,WHATSAPP_NUDGE,0.8333333333333334,0,0.31417624521072796,0.0746208245823065,-0.35551370007569144,1.0,1.0,0.27577404824316887,0.9612224894973974,0.9615384615384616,12.0,-0.8122776257059364,335.801489822096,1.0,0.0
evt_pay_006980_0,cust_017,pay_006980,2026-05-12T01:29:43.281907+00:00,558927,PAYMENT_LINK,0.8333333333333334,1,0.3305439330543933,1.9923307759160782,0.26313222973109635,0.0,1.0,0.381559921073207,0.9243441061804895,0.9166666666666666,4.0,0.5027156808516637,334.6239150566691,0.0,0.0
evt_pay_008452_2,cust_034,pay_008452,2026-05-12T01:36:03.424779+00:00,47719,ESCALATE_HUMAN,0.8333333333333334,0,0.34710743801652894,0.14595572432553658,-0.3366557602075297,2.0,1.0,0.4069641552804374,0.9134441287330496,0.962962962962963,11.0,-0.5369784473169031,325.17956139760685,0.0,1.0
evt_pay_005651_0,cust_040,pay_005651,2026-05-12T01:36:24.905129+00:00,272451,PAYMENT_LINK,0.03333333333333333,0,0.5,0.2185956465509283,0.722923988741236,0.0,1.0,0.40839054482060955,0.9128072977913387,0.88,8.0,-0.492492512121923,330.19619903252055,0.0,0.0
evt_pay_000679_1,cust_036,pay_000679,2026-05-12T01:57:14.850512+00:00,329301,WHATSAPP_NUDGE,0.8333333333333334,1,0.4895397489539749,0.08333333333333333,-0.08208629416284255,1.0,1.0,0.48956321690249327,0.8719678071213881,0.7142857142857143,4.0,-0.5882553306323993,322.5228045627458,0.0,0.0
evt_pay_005360_1,cust_046,pay_005360,2026-05-12T01:57:33.470351+00:00,84338,WHATSAPP_NUDGE,0.8333333333333334,0,0.44776119402985076,0.08333333333333333,-0.592953168361589,1.0,1.0,0.4907434757007613,0.8713041036613659,0.9615384615384616,9.0,-0.9687765812058661,335.10200621692815,0.0,1.0
evt_pay_000821_0,cust_035,pay_000821,2026-05-12T02:14:07.164062+00:00,45154,WHATSAPP_NUDGE,0.8333333333333334,0,0.352059925093633,0.8027256078944637,0.08552754582516199,0.0,1.0,0.5523713526058284,0.833598157879687,0.6666666666666667,7.0,0.5026080740568922,315.0288723909145,0.0,0.0
evt_pay_005464_0,cust_031,pay_005464,2026-05-12T02:15:56.818740+00:00,62284,RETRY_LATER,0.8333333333333334,0,0.34309623430962344,3.8797654431595183,0.45180273909292357,0.0,1.0,0.5590010925521389,0.8291669183738066,1.0,6.0,-0.07508066613848166,334.4299013396144,0.0,1.0
evt_pay_008361_1,cust_013,pay_008361,2026-05-12T02:18:44.181899+00:00,194588,WHATSAPP_NUDGE,0.8333333333333334,0,0.34210526315789475,0.08333333333333333,0.3764693860744609,1.0,1.0,0.5690512248558687,0.82230207557201,1.0,11.0,-0.5595801808996762,312.6986152170012,0.0,0.0
evt_pay_005561_0,cust_037,pay_005561,2026-05-12T02:23:49.433597+00:00,191030,RETRY_LATER,0.8333333333333334,0,0.4375,0.3402438436583945,0.5630141058659036,0.0,1.0,0.5871634216382449,0.8094684158693708,0.8666666666666667,2.0,-0.33341852366871827,318.72974122794966,0.0,1.0
evt_pay_005136_0,cust_030,pay_005136,2026-05-12T02:31:52.003896+00:00,192043,WHATSAPP_NUDGE,0.8333333333333334,1,0.375,0.26173141033391784,0.31556009741359714,0.0,1.0,0.6152031484770079,0.7883686232366028,0.875,14.0,1.7722569671050512,312.0496575813479,0.0,0.0
evt_pay_004653_0,cust_021,pay_004653,2026-05-12T02:43:32.021735+00:00,200859,WHATSAPP_NUDGE,0.8333333333333334,0,0.36394557823129253,0.25479858192140153,-0.18852900487851687,0.0,1.0,0.6545221121827237,0.7560428590125471,0.9285714285714286,5.0,-0.0711177391970671,327.562411432084,0.0,0.0
evt_pay_001254_1,cust_024,pay_001254,2026-05-12T02:58:49.808789+00:00,94649,WHATSAPP_NUDGE,0.8333333333333334,0,0.2559055118110236,0.08333333333333333,-0.0314293771017931,1.0,1.0,0.7034881944544397,0.7107069440094367,1.0,9.0,-1.1653357768016162,326.7820469958774,0.0,1.0
evt_pay_008532_0,cust_000,pay_008532,2026-05-12T03:06:50.272916+00:00,153790,RETRY_LATER,0.8333333333333334,0,0.3938053097345133,0.2698523279849496,0.5944250744738616,0.0,1.0,0.7278861073916394,0.6856980491923883,0.9333333333333333,7.0,0.8132490481077264,330.7849570699729,0.0,1.0
evt_pay_002381_0,cust_031,pay_002381,2026-05-12T03:35:35.156866+00:00,68727,ESCALATE_HUMAN,0.03333333333333333,0,0.3416666666666667,0.05530483941593426,0.7941232618226005,0.0,1.0,0.807953756136252,0.5892458976907026,1.0,6.0,-0.07508066613848166,334.48520617903034,0.0,0.0
evt_pay_005651_1,cust_040,pay_005651,2026-05-12T03:36:24.905129+00:00,213659,WHATSAPP_NUDGE,0.8333333333333334,0,0.49760765550239233,0.08333333333333333,-0.04961507712385624,1.0,1.0,0.8100802353756846,0.5863190362368217,0.88,9.0,-0.492492512121923,330.27953236585387,0.0,1.0
evt_pay_003857_0,cust_032,pay_003857,2026-05-12T03:38:43.966695+00:00,287410,RETRY_NOW,0.8333333333333334,0,0.32234432234432236,0.23598876095722213,-0.3280361467379766,0.0,1.0,0.8159680634237871,0.5780969810269161,0.8846153846153846,6.0,0.2905055503479753,336.6152537400208,1.0,0.0
evt_pay_007695_0,cust_050,pay_007695,2026-05-12T03:57:06.972005+00:00,105785,RETRY_NOW,0.8333333333333334,0,0.4351145038167939,0.6614484838838735,-0.2655624238949214,0.0,1.0,0.8596655360724462,0.5108572854421024,0.9333333333333333,8.0,-0.900782201038446,338.8795143677552,1.0,0.0
evt_pay_000765_0,cust_001,pay_000765,2026-05-12T04:07:36.682848+00:00,542599,PAYMENT_LINK,0.8333333333333334,0,0.3092105263157895,0.4397626684919563,0.08261246889867854,0.0,1.0,0.8821502544899377,0.470968075885551,1.0,22.0,0.16534712408787333,323.7250544612174,0.0,0.0
evt_pay_000821_1,cust_035,pay_000821,2026-05-12T04:14:07.164062+00:00,33093,WHATSAPP_NUDGE,0.8333333333333334,0,0.35074626865671643,0.08333333333333333,-0.7004471072641862,1.0,1.0,0.8951667026192626,0.4457315049688061,0.6875,8.0,0.5026080740568922,315.1122057242478,0.0,1.0
evt_pay_005464_1,cust_031,pay_005464,2026-05-12T04:15:56.818740+00:00,47463,WHATSAPP_NUDGE,0.8333333333333334,0,0.34024896265560167,0.02802849391739907,-0.33556236400849787,1.0,1.0,0.8986926060803118,0.4385790690133052,1.0,6.0,-0.07508066613848166,334.5132346729477,0.0,0.0
evt_pay_005561_1,cust_037,pay_005561,2026-05-12T04:23:49.433597+00:00,126370,WHATSAPP_NUDGE,0.8333333333333334,1,0.4354066985645933,0.08333333333333333,-0.5946505518806857,1.0,1.0,0.9132326472463991,0.40743850088489914,0.8235294117647058,2.0,-0.33341852366871827,318.813074561283,0.0,1.0
evt_pay_004653_1,cust_021,pay_004653,2026-05-12T04:43:32.021735+00:00,223094,RETRY_NOW,0.03333333333333333,0,0.36271186440677966,0.08333333333333333,0.1068944457515762,1.0,1.0,0.9448542059951605,0.3274912661633206,1.0,6.0,-0.0711177391970671,327.6457447654173,0.0,0.0
evt_pay_007797_0,cust_003,pay_007797,2026-05-12T04:51:49.383623+00:00,258992,WHATSAPP_NUDGE,0.8333333333333334,1,0.5155555555555555,0.3191243506626999,0.5026535341203952,0.0,1.0,0.9560787469462178,0.2931099275660074,0.8888888888888888,6.0,2.053947620637407,317.23331685855305,0.0,0.0
evt_pay_008532_1,cust_000,pay_008532,2026-05-12T05:06:50.272916+00:00,118612,WHATSAPP_NUDGE,0.8333333333333334,1,0.3920704845814978,0.08333333333333333,-0.19508056567787918,1.0,1.0,0.9732168846591218,0.2298888762302202,1.0,7.0,0.8132490481077264,330.8682904033063,0.0,0.0
evt_pay_000125_2,cust_015,pay_000125,2026-05-12T05:27:40.175292+00:00,121673,ESCALATE_HUMAN,0.8333333333333334,1,0.4049586776859504,0.9166666666666666,0.09082612565960364,2.0,1.0,0.9900663947412897,0.14060061878948024,0.9583333333333334,5.0,1.245182551392603,328.6436916877356,0.0,0.0
evt_pay_002462_0,cust_033,pay_002462,2026-05-12T05:28:32.627212+00:00,78239,DO_NOTHING,0.03333333333333333,1,0.576036866359447,0.3792986665317433,-0.05523952084150499,0.0,1.0,0.9905954994255378,0.136823084740366,0.9166666666666666,7.0,-0.3958893149650273,315.9716914666757,0.0,0.0
evt_pay_003857_1,cust_032,pay_003857,2026-05-12T05:38:43.966695+00:00,296707,WHATSAPP_NUDGE,0.8333333333333334,0,0.32116788321167883,0.08333333333333333,-0.24622913613223404,1.0,1.0,0.9956975621152497,0.09266263970850644,0.8571428571428572,6.0,0.2905055503479753,336.6985870733542,0.0,0.0
evt_pay_002712_0,cust_018,pay_002712,2026-05-12T06:05:48.130405+00:00,113327,WHATSAPP_NUDGE,0.8333333333333334,0,0.2992125984251969,0.632360612201372,-0.6229931280757977,0.0,1.0,0.9996795480118142,-0.025314053150273172,0.8571428571428572,6.0,-0.4554811204429685,316.87624807777996,0.0,0.0
evt_pay_002397_0,cust_020,pay_002397,2026-05-12T06:08:01.293386+00:00,57921,WHATSAPP_NUDGE,0.8333333333333334,0,0.35766423357664234,0.7585954669706894,-0.15671661603461176,0.0,1.0,0.9993875400328831,-0.03499349692475064,0.7647058823529411,5.0,0.06752823759169156,326.4939908070933,0.0,0.0
evt_pay_000012_2,cust_032,pay_000012,2026-05-12T06:09:23.233378+00:00,307331,ESCALATE_HUMAN,0.8333333333333334,0,0.32,0.021287808827613237,-0.1527396078543505,2.0,1.0,0.9991612774785853,-0.04094803520758231,0.8620689655172413,7.0,0.2905055503479753,336.7198748821818,0.0,0.0
evt_pay_003052_0,cust_014,pay_003052,2026-05-12T07:01:06.823141+00:00,72097,RETRY_LATER,0.03333333333333333,0,0.31297709923664124,0.24797300574956202,0.22506038077864943,0.0,1.0,0.9646566908569841,-0.2635099026314818,0.9130434782608696,13.0,-0.8122776257059364,336.04946282784556,0.0,0.0
evt_pay_005874_0,cust_013,pay_005874,2026-05-12T07:28:17.721052+00:00,168916,WHATSAPP_NUDGE,0.03333333333333333,0,0.3406113537117904,0.21497151797116962,-0.050142153604893186,0.0,1.0,0.9267003250495921,-0.3758011542730814,1.0,12.0,-0.5595801808996762,312.91358673497234,1.0,0.0
evt_pay_007076_0,cust_010,pay_007076,2026-05-12T07:49:47.447785+00:00,64159,WHATSAPP_NUDGE,0.8333333333333334,0,0.4,0.49464065466050516,-0.5380236338130183,0.0,1.0,0.8874319582372349,-0.4609387372517379,0.9090909090909091,10.0,-0.045395759303349575,341.271843270666,0.0,0.0
evt_pay_007719_0,cust_013,pay_007719,2026-05-12T07:58:11.818108+00:00,201789,WHATSAPP_NUDGE,0.8333333333333334,0,0.3391304347826087,0.020765012231076223,0.4961233268119871,0.0,1.0,0.8699321674811074,-0.4931713941234047,1.0,13.0,-0.5595801808996762,312.93435174720344,0.0,0.0
evt_pay_002397_1,cust_020,pay_002397,2026-05-12T08:08:01.293386+00:00,78134,ESCALATE_HUMAN,0.03333333333333333,1,0.3563636363636364,0.08333333333333333,0.7856644494078225,1.0,1.0,0.8479982494317392,-0.5299990273205281,0.7647058823529411,6.0,0.06752823759169156,326.5773241404267,1.0,0.0
evt_pay_007352_2,cust_013,pay_007352,2026-05-12T08:14:01.468048+00:00,173220,RETRY_NOW,0.03333333333333333,0,0.33766233766233766,0.010991318747395932,0.021367365298097272,2.0,1.0,0.8338268928114981,-0.5520260073803792,1.0,14.0,-0.5595801808996762,312.9453430659508,0.0,0.0
evt_pay_005163_0,cust_050,pay_005163,2026-05-12T08:32:38.831520+00:00,147535,WHATSAPP_NUDGE,0.03333333333333333,1,0.43346007604562736,0.19134096660938363,0.7572633826032727,0.0,1.0,0.7862690426997637,-0.6178842872998125,0.9285714285714286,8.0,-0.900782201038446,339.0708553343646,1.0,0.0
evt_pay_003872_0,cust_046,pay_003872,2026-05-12T08:47:12.572253+00:00,122962,WHATSAPP_NUDGE,0.8333333333333334,0,0.44554455445544555,0.28448034609603684,0.44397775083395763,0.0,1.0,0.7454482609894968,-0.6665634929905291,0.9090909090909091,10.0,-0.9687765812058661,335.3864865630242,0.0,0.0
evt_pay_003052_1,cust_014,pay_003052,2026-05-12T09:01:06.823141+00:00,85981,WHATSAPP_NUDGE,0.8333333333333334,1,0.311787072243346,0.08333333333333333,0.81859939874647,1.0,1.0,0.7036622488970391,-0.7105346152561192,0.9130434782608696,12.0,-0.8122776257059364,336.1327961611789,1.0,0.0
evt_pay_007442_2,cust_048,pay_007442,2026-05-12T09:43:08.939902+00:00,202299,ESCALATE_HUMAN,0.8333333333333334,0,0.302158273381295,0.8079709470065192,0.16146393530919248,2.0,1.0,0.5622674196198836,-0.8269554696801985,0.84,7.0,-0.4506859321563252,322.41059159076775,0.0,0.0
evt_pay_000957_0,cust_014,pay_000957,2026-05-12T10:01:33.197736+00:00,75681,RETRY_NOW,0.8333333333333334,0,0.3143939393939394,0.1253052615152228,0.3782640267439084,0.0,1.0,0.49411904753264,-0.8693942528366728,0.875,13.0,-0.8122776257059364,336.1747680893608,1.0,0.0
evt_pay_005009_2,cust_050,pay_005009,2026-05-12T10:04:37.822997+00:00,96769,WHATSAPP_NUDGE,0.03333333333333333,0,0.4356060606060606,0.25521818278279323,-0.48643877382204215,2.0,1.0,0.4824020901418002,-0.875949897783442,0.8571428571428572,9.0,-0.900782201038446,339.134732550538,0.0,0.0
evt_pay_000027_0,cust_000,pay_000027,2026-05-12T10:11:38.751108+00:00,100640,RETRY_NOW,0.8333333333333334,0,0.39473684210526316,0.29500553462673906,-0.5984391551628315,0.0,1.0,0.4553667966289478,-0.8903039259308534,0.8571428571428572,8.0,0.8132490481077264,331.07996260459964,1.0,0.0
evt_pay_003872_1,cust_046,pay_003872,2026-05-12T10:47:12.572253+00:00,96638,WHATSAPP_NUDGE,0.8333333333333334,0,0.4433497536945813,0.08333333333333333,-0.26274401980782747,1.0,1.0,0.31229538472857216,-0.9499850486598371,0.88,11.0,-0.9687765812058661,335.46981989635754,0.0,0.0
evt_pay_004143_0,cust_004,pay_004143,2026-05-12T10:50:50.549379+00:00,466041,RETRY_NOW,0.8333333333333334,0,0.35526315789473684,3.265648161384225,0.3027997802771565,0.0,1.0,0.2971978600692531,-0.9548159152267293,1.0,1.0,-0.2585165281110097,337.61592787119486,1.0,0.0
evt_pay_007972_0,cust_059,pay_007972,2026-05-12T11:00:21.819611+00:00,145902,RETRY_LATER,0.03333333333333333,0,0.3803418803418803,4.3163890613531635,-0.3364276148481184,0.0,1.0,0.2572860207774271,-0.9663352955949179,0.8666666666666667,5.0,-0.38878117849020055,324.0791778347711,0.0,0.0
evt_pay_008032_0,cust_012,pay_008032,2026-05-12T11:24:20.115151+00:00,518811,RETRY_LATER,0.8333333333333334,1,0.47413793103448276,0.6335876198408149,-0.12019765407717065,0.0,1.0,0.15498949281902158,-0.987916118461331,0.8666666666666667,6.0,-0.5006574979571285,321.68131974961824,0.0,1.0
evt_pay_006272_0,cust_055,pay_006272,2026-05-12T11:40:13.346694+00:00,315242,RETRY_LATER,0.8333333333333334,0,0.34767025089605735,1.1354567328933551,0.026413234865116837,0.0,1.0,0.08618879625769678,-0.9962788221174077,0.8636363636363636,3.0,-1.0480965437343166,338.43527932839,0.0,1.0
evt_pay_004255_0,cust_014,pay_004255,2026-05-12T11:43:14.546598+00:00,65707,RETRY_LATER,0.8333333333333334,0,0.3132075471698113,0.070617463678938,-0.048115760147380025,0.0,1.0,0.07305349936308732,-0.9973280233858905,0.875,13.0,-0.8122776257059364,336.24538555303974,0.0,1.0
evt_pay_000957_1,cust_014,pay_000957,2026-05-12T12:01:33.197736+00:00,55108,WHATSAPP_NUDGE,0.8333333333333334,0,0.31203007518796994,0.012715869654395343,-0.5012317998790354,1.0,1.0,-0.006777478761299429,-0.9999770326270699,0.88,13.0,-0.8122776257059364,336.2581014226941,0.0,1.0
evt_pay_000027_1,cust_000,pay_000027,2026-05-12T12:11:38.751108+00:00,122953,WHATSAPP_NUDGE,0.8333333333333334,1,0.3930131004366812,0.08333333333333333,-0.09765077579414164,1.0,1.0,-0.05079274904481568,-0.9987092152596122,0.8,8.0,0.8132490481077264,331.163295937933,0.0,0.0
evt_pay_003634_0,cust_056,pay_003634,2026-05-12T12:51:58.212273+00:00,155950,RETRY_LATER,0.8333333333333334,1,0.3007246376811594,1.0684701369531808,-0.06082849831866823,0.0,1.0,-0.22482437732828617,-0.97439930180545,0.8846153846153846,1.0,-0.26273729270347856,323.49153708836286,0.0,1.0
evt_pay_004115_0,cust_054,pay_004115,2026-05-12T13:15:55.190195+00:00,101986,RETRY_NOW,0.8333333333333334,0,0.4307116104868914,0.70840840592795,0.09002265390703942,0.0,1.0,-0.32523741211998874,-0.9456323946214473,1.0,5.0,-0.6956354929968003,328.00930345476894,1.0,0.0
evt_pay_006272_1,cust_055,pay_006272,2026-05-12T13:40:13.346694+00:00,300445,RETRY_LATER,0.03333333333333333,0,0.3464285714285714,0.08333333333333333,-0.10893689679993329,1.0,1.0,-0.4234977239779375,-0.9058971673349612,0.85,3.0,-1.0480965437343166,338.51861266172335,0.0,1.0
evt_pay_004255_1,cust_014,pay_004255,2026-05-12T13:43:14.546598+00:00,76038,WHATSAPP_NUDGE,0.8333333333333334,0,0.31086142322097376,0.070617463678938,0.3935293357815516,1.0,1.0,-0.43539782540916117,-0.9002381538398456,0.8518518518518519,14.0,-0.8122776257059364,336.32871888637305,0.0,1.0
evt_pay_003406_2,cust_024,pay_003406,2026-05-12T13:43:55.427369+00:00,102718,WHATSAPP_NUDGE,0.03333333333333333,0,0.2549019607843137,0.4479816965328685,0.2094642242385894,2.0,1.0,-0.4380722455861111,-0.8989397686425615,1.0,10.0,-1.1653357768016162,327.23002869241026,1.0,0.0
evt_pay_003020_0,cust_039,pay_003020,2026-05-12T13:54:48.389859+00:00,228793,RETRY_NOW,0.8333333333333334,0,0.5130434782608696,1.307948668989032,-0.26085018093295254,0.0,1.0,-0.4802483655079319,-0.877132548379639,0.8,3.0,-0.6642333856639545,312.98148612032634,1.0,0.0
evt_pay_004783_0,cust_038,pay_004783,2026-05-12T14:18:33.503852+00:00,36306,WHATSAPP_NUDGE,0.8333333333333334,0,0.6323529411764706,2.7138541913936742,-0.5301656906515021,0.0,1.0,-0.5684125115193508,-0.8227437126762281,0.8571428571428572,5.0,2.4957647172129915,339.5531282635001,0.0,0.0
evt_pay_002003_0,cust_056,pay_002003,2026-05-12T14:20:55.360006+00:00,159681,WHATSAPP_NUDGE,0.8333333333333334,0,0.30324909747292417,1.1302426801605823,0.006072197270235628,0.0,1.0,-0.5768695979144264,-0.8168362547059528,0.8620689655172413,1.0,-0.26273729270347856,323.55330963157024,0.0,0.0
evt_pay_001486_2,cust_001,pay_001486,2026-05-12T15:04:50.661735+00:00,473347,ESCALATE_HUMAN,0.8333333333333334,0,0.3081967213114754,0.4564117926693901,-0.2925876373182185,2.0,1.0,-0.7218941905204178,-0.6920034520816141,1.0,20.0,0.16534712408787333,324.18146625388675,0.0,1.0
evt_pay_003447_0,cust_034,pay_003447,2026-05-12T15:10:32.324598+00:00,50814,RETRY_NOW,0.8333333333333334,0,0.345679012345679,0.5656122664312496,-0.1731888577293287,0.0,1.0,-0.7388634157207848,-0.6738552165780233,0.8666666666666667,11.0,-0.5369784473169031,325.7451736640381,1.0,0.0
evt_pay_004115_1,cust_054,pay_004115,2026-05-12T15:15:55.190195+00:00,98525,WHATSAPP_NUDGE,0.8333333333333334,0,0.4291044776119403,0.08333333333333333,-0.009986325273765322,1.0,1.0,-0.7544800584677429,-0.6563229703236899,1.0,5.0,-0.6956354929968003,328.09263678810225,0.0,1.0
evt_pay_006189_0,cust_004,pay_006189,2026-05-12T15:27:16.852507+00:00,434954,RETRY_NOW,0.8333333333333334,0,0.3537117903930131,0.1919711010162549,0.09201911426790864,0.0,1.0,-0.7860750708228367,-0.618131040339241,1.0,1.0,-0.2585165281110097,337.8078989722111,1.0,0.0
evt_pay_001699_0,cust_005,pay_001699,2026-05-12T15:30:55.565681+00:00,122365,WHATSAPP_NUDGE,0.8333333333333334,0,0.32793522267206476,1.3139893555372169,-0.18622836643721163,0.0,1.0,-0.7958067703293646,-0.6055506455268179,0.8333333333333334,7.0,-0.6412832630166057,332.32359441153295,0.0,0.0
evt_pay_004385_0,cust_039,pay_004385,2026-05-12T15:34:00.305950+00:00,242546,RETRY_NOW,0.8333333333333334,0,0.5108225108225108,0.06888791771763181,-0.10478322695651877,0.0,1.0,-0.8038700947958317,-0.5948049013692982,0.8,3.0,-0.6642333856639545,313.050374038044,1.0,0.0
evt_pay_003020_1,cust_039,pay_003020,2026-05-12T15:54:48.389859+00:00,252410,WHATSAPP_NUDGE,0.8333333333333334,0,0.5086206896551724,0.014445415615701526,0.007154483801981696,1.0,1.0,-0.8544735588456428,-0.5194948866289848,0.8181818181818181,3.0,-0.6642333856639545,313.0648194536597,1.0,0.0
evt_pay_000319_2,cust_009,pay_000319,2026-05-12T15:56:46.500204+00:00,133904,ESCALATE_HUMAN,0.8333333333333334,0,0.34177215189873417,0.9166666666666666,0.3593190291739493,2.0,1.0,-0.8589040441883785,-0.5121365471013057,0.8333333333333334,3.0,-0.8984355580750027,314.28129834931906,0.0,0.0
evt_pay_004101_2,cust_045,pay_004101,2026-05-12T16:13:27.875188+00:00,97608,ESCALATE_HUMAN,0.8333333333333334,0,0.32786885245901637,0.9166666666666666,0.33731133409474784,2.0,1.0,-0.8938895209683381,-0.4482873233797663,0.8709677419354839,6.0,1.000889969158722,315.51252845361074,0.0,1.0
evt_pay_002003_1,cust_056,pay_002003,2026-05-12T16:20:55.360006+00:00,139281,WHATSAPP_NUDGE,0.8333333333333334,0,0.302158273381295,0.08333333333333333,-0.35971756216714906,1.0,1.0,-0.9080018538177841,-0.4189661483502783,0.8709677419354839,2.0,-0.26273729270347856,323.6366429649036,0.0,0.0
evt_pay_008164_0,cust_018,pay_008164,2026-05-12T16:23:46.947254+00:00,128935,WHATSAPP_NUDGE,0.03333333333333333,1,0.2980392156862745,0.4291529727931523,-0.3152866616203516,0.0,1.0,-0.9131589625856024,-0.4076036175619476,0.8333333333333334,5.0,-0.4554811204429685,317.3054010505731,0.0,1.0
evt_pay_002918_0,cust_035,pay_002918,2026-05-12T16:48:47.530274+00:00,45448,RETRY_NOW,0.8333333333333334,1,0.34944237918215615,0.5240783126409004,0.10468643401639428,0.0,1.0,-0.9521189497998822,-0.30572782901131085,0.8333333333333334,7.0,0.5026080740568922,315.63628403688875,1.0,0.0
evt_pay_001811_0,cust_002,pay_001811,2026-05-12T16:54:30.139819+00:00,309899,RETRY_LATER,0.8333333333333334,0,0.33884297520661155,2.9701330212920802,0.023697315323405157,0.0,1.0,-0.9594399444344798,-0.2819130948068259,0.7894736842105263,3.0,-0.38277421977533765,320.7870609117918,0.0,1.0
evt_pay_002661_0,cust_003,pay_002661,2026-05-12T17:04:25.254615+00:00,186817,WHATSAPP_NUDGE,0.8333333333333334,0,0.5176991150442478,0.8278728575168657,-0.4336420910260553,0.0,1.0,-0.9707383955071798,-0.2401394750726049,0.8,7.0,2.053947620637407,317.7420653654072,0.0,0.0
evt_pay_006189_1,cust_004,pay_006189,2026-05-12T17:27:16.852507+00:00,400842,WHATSAPP_NUDGE,0.8333333333333334,0,0.3521739130434783,0.08333333333333333,-0.139274033423499,1.0,1.0,-0.9898265007838488,-0.14227964839006774,1.0,1.0,-0.2585165281110097,337.8912323055444,0.0,1.0
evt_pay_004385_1,cust_039,pay_004385,2026-05-12T17:34:00.305950+00:00,207890,DO_NOTHING,0.03333333333333333,0,0.5064377682403434,0.06888791771763181,-0.4980500106827776,1.0,1.0,-0.9935743741204441,-0.11318110748339448,0.7692307692307692,4.0,-0.6642333856639545,313.13370737137734,1.0,0.0
evt_pay_004395_0,cust_043,pay_004395,2026-05-12T17:37:25.237225+00:00,186558,WHATSAPP_NUDGE,0.8333333333333334,0,0.2674897119341564,4.0860563286485485,0.8377044950974787,0.0,1.0,-0.9951507178850104,-0.0983618253843861,0.8095238095238095,1.0,-0.05414349663535748,327.3765753868647,0.0,0.0
evt_pay_004007_0,cust_024,pay_004007,2026-05-12T17:59:29.870979+00:00,104414,RETRY_NOW,0.8333333333333334,0,0.25390625,0.1774819862217214,0.26009451627723196,0.0,1.0,-0.999997599663491,-0.002191042504492166,1.0,11.0,-1.1653357768016162,327.407510678632,1.0,0.0
evt_pay_003586_0,cust_019,pay_003586,2026-05-12T18:09:01.734031+00:00,119430,RETRY_LATER,0.8333333333333334,0,0.4788135593220339,0.9344301516401098,-0.005858929491443763,0.0,1.0,-0.9992240775427954,0.039385820529088206,0.7692307692307692,9.0,-0.5137657855739247,318.1655228146442,0.0,1.0
evt_pay_008569_2,cust_030,pay_008569,2026-05-12T18:14:58.410044+00:00,192429,ESCALATE_HUMAN,0.8333333333333334,1,0.3772893772893773,0.9166666666666666,0.3219424984233103,2.0,1.0,-0.9978664787983095,0.06528775145969627,0.5454545454545454,13.0,1.7722569671050512,312.70459283768065,1.0,0.0
evt_pay_000043_2,cust_058,pay_000043,2026-05-12T18:29:52.598942+00:00,185861,ESCALATE_HUMAN,0.8333333333333334,0,0.48333333333333334,0.9166666666666666,-0.6675856928234406,2.0,1.0,-0.9915149695966919,0.12999255773186041,0.8620689655172413,6.0,4.286983765334936,330.73486026849514,0.0,0.0
evt_pay_001291_0,cust_044,pay_001291,2026-05-12T18:30:23.042057+00:00,150671,RETRY_LATER,0.8333333333333334,0,0.4349593495934959,2.609300011529077,-0.9603585565556532,0.0,1.0,-0.9912247513015217,0.13218733830150464,0.4545454545454546,2.0,-0.8459251821363672,332.6150246412078,0.0,1.0
evt_pay_002784_2,cust_021,pay_002784,2026-05-12T18:36:37.424257+00:00,172394,ESCALATE_HUMAN,0.8333333333333334,0,0.3614864864864865,0.5785347514119318,-0.5667139149894802,2.0,1.0,-0.9872589360935083,0.15912194412938152,0.7333333333333334,6.0,-0.0711177391970671,328.22427951682926,0.0,1.0
evt_pay_001811_1,cust_002,pay_001811,2026-05-12T18:54:30.139819+00:00,290898,WHATSAPP_NUDGE,0.8333333333333334,0,0.3374485596707819,0.08333333333333333,-0.15294268209682021,1.0,1.0,-0.9718559126892026,0.235576070455038,0.8095238095238095,3.0,-0.38277421977533765,320.8703942451251,0.0,0.0
evt_pay_002661_1,cust_003,pay_002661,2026-05-12T19:04:25.254615+00:00,184308,WHATSAPP_NUDGE,0.8333333333333334,0,0.5154185022026432,0.08333333333333333,-0.46618658667191754,1.0,1.0,-0.9607538484744659,0.27740231188925435,0.8181818181818181,8.0,2.053947620637407,317.82539869874057,0.0,0.0
evt_pay_006506_0,cust_005,pay_006506,2026-05-12T20:17:39.464424+00:00,129124,RETRY_LATER,0.8333333333333334,0,0.32661290322580644,0.1991191984057726,-0.038694930227575725,0.0,1.0,-0.8249711343122396,0.565174864578722,0.8181818181818181,8.0,-0.6412832630166057,332.5227136099387,0.0,1.0
evt_pay_001291_1,cust_044,pay_001291,2026-05-12T20:30:23.042057+00:00,223007,WHATSAPP_NUDGE,0.8333333333333334,0,0.4331983805668016,0.08333333333333333,-0.0497288596507274,1.0,1.0,-0.7923321463362776,0.6100899686785118,0.5,2.0,-0.8459251821363672,332.6983579745411,0.0,1.0
evt_pay_000540_0,cust_004,pay_000540,2026-05-12T22:14:42.876556+00:00,352305,WHATSAPP_NUDGE,0.8333333333333334,0,0.35064935064935066,0.1996067598278349,-0.46837302560485433,0.0,1.0,-0.4434051795846104,0.8963212854314793,1.0,2.0,-0.2585165281110097,338.0908390653722,0.0,0.0
evt_pay_003773_0,cust_034,pay_003773,2026-05-12T22:19:43.620713+00:00,57886,WHATSAPP_NUDGE,0.8333333333333334,0,0.3442622950819672,0.29804740873049695,0.20038986126110697,0.0,1.0,-0.4236974969662916,0.9058037486478511,0.8333333333333334,9.0,-0.5369784473169031,326.0432210727686,0.0,0.0
evt_pay_001237_0,cust_027,pay_001237,2026-05-12T22:40:38.826746+00:00,70148,RETRY_LATER,0.8333333333333334,0,0.2727272727272727,1.3548082170006903,-0.33994126465481334,0.0,1.0,-0.3393655043483847,0.9406545882832691,0.8421052631578947,3.0,-0.8172299270627982,315.0868073434812,0.0,1.0
evt_pay_003106_2,cust_014,pay_003106,2026-05-12T23:04:01.955445+00:00,78696,ESCALATE_HUMAN,0.8333333333333334,0,0.30970149253731344,0.3894376023896105,0.5071772272155572,2.0,1.0,-0.24178391326563925,0.9703301187152514,0.84,15.0,-0.8122776257059364,336.71815648876265,0.0,0.0
evt_pay_000279_0,cust_022,pay_000279,2026-05-12T23:08:26.899595+00:00,102370,RETRY_LATER,0.8333333333333334,0,0.4291497975708502,1.1013946757699575,-0.25280671932428356,0.0,1.0,-0.22304456852399215,0.9748082480426323,0.8181818181818181,8.0,-0.6143468879245073,320.9705711330334,0.0,1.0
evt_pay_003688_0,cust_040,pay_003688,2026-05-12T23:43:59.960409+00:00,262178,RETRY_NOW,0.03333333333333333,0,0.49523809523809526,0.8386001768484638,0.5879352724273049,0.0,1.0,-0.06975934590422618,0.99756384941467,0.85,10.0,-0.492492512121923,331.11813254270237,0.0,1.0
evt_pay_005360_2,cust_046,pay_005360,2026-05-12T23:57:33.470351+00:00,111478,ESCALATE_HUMAN,0.8333333333333334,0,0.4411764705882353,0.5488529872372965,0.13567120197211555,2.0,1.0,-0.01065573513235246,0.9999432260427534,0.8333333333333334,12.0,-0.9687765812058661,336.01867288359483,0.0,1.0
evt_pay_000540_1,cust_004,pay_000540,2026-05-13T00:14:42.876556+00:00,429911,WHATSAPP_NUDGE,0.8333333333333334,1,0.34913793103448276,0.08333333333333333,0.057826604136882724,1.0,1.0,0.06416049302586654,0.9979395929286891,1.0,3.0,-0.2585165281110097,338.1741723987056,0.0,1.0
evt_pay_005349_0,cust_003,pay_005349,2026-05-13T00:16:32.847845+00:00,227644,RETRY_NOW,0.8333333333333334,1,0.5131578947368421,0.21675455126836596,0.0959844614399657,0.0,1.0,0.07213921622035885,0.9973945726156286,0.8571428571428572,9.0,2.053947620637407,318.0421532500089,1.0,0.0
evt_pay_008361_2,cust_013,pay_008361,2026-05-13T00:18:44.181899+00:00,181061,ESCALATE_HUMAN,0.8333333333333334,0,0.33620689655172414,0.6699388177170249,0.15166710295623484,2.0,1.0,0.08166177899382814,0.9966600994579663,0.9523809523809523,14.0,-0.5595801808996762,313.6152818836678,1.0,0.0
evt_pay_003773_1,cust_034,pay_003773,2026-05-13T00:19:43.620713+00:00,55182,WHATSAPP_NUDGE,0.8333333333333334,0,0.34285714285714286,0.08333333333333333,0.0575551149724975,1.0,1.0,0.08596907843123666,0.9962978056553592,0.8333333333333334,10.0,-0.5369784473169031,326.1265544061019,0.0,0.0
evt_pay_006231_0,cust_043,pay_006231,2026-05-13T00:30:26.116578+00:00,193731,RETRY_NOW,0.8333333333333334,0,0.26639344262295084,0.2868157332520127,0.9797591074323815,0.0,1.0,0.13240895848174003,0.9911951713531402,0.8181818181818181,2.0,-0.05414349663535748,327.6633911201167,1.0,0.0
evt_pay_001237_1,cust_027,pay_001237,2026-05-13T00:40:38.826746+00:00,93334,DO_NOTHING,0.03333333333333333,0,0.27177700348432055,0.08333333333333333,0.49207586529291675,1.0,1.0,0.17642814620781536,0.9843135218138953,0.8260869565217391,3.0,-0.8172299270627982,315.1701406768145,1.0,0.0
evt_pay_000450_0,cust_048,pay_000450,2026-05-13T00:44:30.628377+00:00,209686,RETRY_NOW,0.8333333333333334,0,0.3010752688172043,0.625945468460183,0.2716876554945072,0.0,1.0,0.19299495585467125,0.9811997487844427,0.8333333333333334,7.0,-0.4506859321563252,323.0365370592279,1.0,0.0
evt_pay_004310_0,cust_001,pay_004310,2026-05-13T00:52:20.005899+00:00,492937,RETRY_NOW,0.03333333333333333,0,0.30718954248366015,0.40797852041528887,-0.18645250269236893,0.0,1.0,0.22636839754694793,0.9740417591623199,0.9523809523809523,18.0,0.16534712408787333,324.5894447743021,0.0,0.0
evt_pay_008513_0,cust_023,pay_008513,2026-05-13T00:57:28.098395+00:00,83156,RETRY_LATER,0.8333333333333334,0,0.4434782608695652,2.0458701638020025,-0.03261576757070785,0.0,1.0,0.2481332779685894,0.9687259036304143,0.6666666666666667,1.0,0.9385908116339667,336.292173573503,0.0,1.0
evt_pay_001858_0,cust_030,pay_001858,2026-05-13T01:05:59.839641+00:00,159296,ESCALATE_HUMAN,0.03333333333333333,0,0.3795620437956204,1.2020998795998519,-0.22544319705869031,0.0,1.0,0.2840041632772871,0.9588230468867381,0.5,11.0,1.7722569671050512,312.99002605061384,0.0,0.0
evt_pay_001906_0,cust_004,pay_001906,2026-05-13T01:14:33.515919+00:00,461157,RETRY_LATER,0.8333333333333334,0,0.351931330472103,0.12489165929478456,0.26968479790292854,0.0,1.0,0.3196151048706613,0.9475474577763987,0.9523809523809523,4.0,-0.2585165281110097,338.215730724667,0.0,1.0
evt_pay_005651_2,cust_040,pay_005651,2026-05-13T01:36:24.905129+00:00,204949,ESCALATE_HUMAN,0.8333333333333334,1,0.4928909952606635,0.07806648981820292,-0.16407717437352476,2.0,1.0,0.40839054482060955,0.9128072977913387,0.875,10.0,-0.492492512121923,331.19619903252055,0.0,0.0
evt_pay_006615_0,cust_020,pay_006615,2026-05-13T01:36:35.209672+00:00,53189,RETRY_LATER,0.8333333333333334,0,0.358695652173913,0.811503660718131,-0.3773332830437613,0.0,1.0,0.40907445823213995,0.9125010069156533,0.5555555555555556,6.0,0.06752823759169156,327.30549446781146,0.0,1.0
evt_pay_003688_1,cust_040,pay_003688,2026-05-13T01:43:59.960409+00:00,228677,WHATSAPP_NUDGE,0.8333333333333334,0,0.49528301886792453,0.08333333333333333,0.14771548798634385,1.0,1.0,0.4383685590028889,0.8987953084422119,0.8333333333333334,10.0,-0.492492512121923,331.2014658760357,1.0,0.0
evt_pay_000821_2,cust_035,pay_000821,2026-05-13T02:14:07.164062+00:00,37556,ESCALATE_HUMAN,0.8333333333333334,0,0.35185185185185186,0.9166666666666666,-0.40964894265947954,2.0,1.0,0.5523713526058284,0.833598157879687,0.9,7.0,0.5026080740568922,316.0288723909145,0.0,1.0
evt_pay_006231_1,cust_043,pay_006231,2026-05-13T02:30:26.116578+00:00,168930,WHATSAPP_NUDGE,0.8333333333333334,0,0.2653061224489796,0.08333333333333333,0.4885637710647898,1.0,1.0,0.6102671074103959,0.792195719259419,0.84,2.0,-0.05414349663535748,327.7467244534501,0.0,0.0
evt_pay_005503_0,cust_043,pay_005503,2026-05-13T02:36:50.168782+00:00,144502,WHATSAPP_NUDGE,0.8333333333333334,0,0.26422764227642276,0.004445048654285226,0.0047628357790142775,0.0,1.0,0.6321515177115715,0.7748447964947281,0.8461538461538461,3.0,-0.05414349663535748,327.75116950210435,0.0,0.0
evt_pay_000450_1,cust_048,pay_000450,2026-05-13T02:44:30.628377+00:00,215947,WHATSAPP_NUDGE,0.8333333333333334,0,0.3,0.08333333333333333,0.36510599690941875,1.0,1.0,0.657738408964623,0.7532464307069011,0.8518518518518519,7.0,-0.4506859321563252,323.11987039256127,0.0,1.0
evt_pay_006296_0,cust_020,pay_006296,2026-05-13T02:49:54.207121+00:00,83440,RETRY_NOW,0.8333333333333334,0,0.3574007220216607,0.05091432232967463,1.0330169482879163,0.0,1.0,0.6752795548275342,0.7375618772902564,0.625,6.0,0.06752823759169156,327.35640879014113,1.0,0.0
evt_pay_004310_1,cust_001,pay_004310,2026-05-13T02:52:20.005899+00:00,468793,WHATSAPP_NUDGE,0.8333333333333334,0,0.30618892508143325,0.08333333333333333,-0.3172604720722183,1.0,1.0,0.6830616624707919,0.7303607090079792,0.95,18.0,0.16534712408787333,324.6727781076354,0.0,0.0
evt_pay_006920_0,cust_049,pay_006920,2026-05-13T02:56:02.791005+00:00,209763,WHATSAPP_NUDGE,0.8333333333333334,0,0.35968379446640314,1.7969768734423421,-1.069434787991711,0.0,1.0,0.6948043588464131,0.7191987923571791,0.8571428571428572,5.0,0.2100296838614713,315.0031693818734,0.0,0.0
evt_pay_000412_0,cust_025,pay_000412,2026-05-13T03:11:45.426782+00:00,200681,RETRY_LATER,0.8333333333333334,0,0.5355648535564853,1.8612466279034265,-0.20478446259663288,0.0,1.0,0.7424352674668945,0.669917811094287,0.8181818181818181,7.0,0.10753773716001852,318.8169768332114,0.0,1.0
evt_pay_001906_1,cust_004,pay_001906,2026-05-13T03:14:33.515919+00:00,338069,WHATSAPP_NUDGE,0.8333333333333334,0,0.3504273504273504,0.08333333333333333,-0.5648974161700768,1.0,1.0,0.7505685291394195,0.6607926172903934,0.95,4.0,-0.2585165281110097,338.2990640580004,0.0,1.0
evt_pay_000805_0,cust_048,pay_000805,2026-05-13T03:21:34.150730+00:00,204264,ESCALATE_HUMAN,0.03333333333333333,0,0.298932384341637,0.025735212418794617,0.1907876263297098,0.0,1.0,0.7704275133137913,0.6375276046800858,0.8620689655172413,8.0,-0.4506859321563252,323.14560560498006,0.0,1.0
evt_pay_001615_0,cust_003,pay_001615,2026-05-13T03:37:00.210986+00:00,211907,RETRY_NOW,0.8333333333333334,0,0.5152838427947598,0.3559601431880992,-0.10816413098534391,0.0,1.0,0.8115829462283309,0.5842372132886967,0.8620689655172413,9.0,2.053947620637407,318.18135884192867,1.0,0.0
evt_pay_003857_2,cust_032,pay_003857,2026-05-13T03:38:43.966695+00:00,323347,WHATSAPP_NUDGE,0.03333333333333333,0,0.3188405797101449,0.8953788578390535,-0.011808674399762707,2.0,1.0,0.8159680634237871,0.5780969810269161,0.8666666666666667,7.0,0.2905055503479753,337.6152537400208,1.0,0.0
evt_pay_003699_0,cust_045,pay_003699,2026-05-13T03:51:57.955647+00:00,86416,RETRY_NOW,0.03333333333333333,0,0.32653061224489793,0.48507037569070616,-0.028984373055244532,0.0,1.0,0.8479693039459777,0.530045337273496,0.8260869565217391,5.0,1.000889969158722,315.99759882930147,0.0,0.0
evt_pay_003629_0,cust_007,pay_003629,2026-05-13T04:10:07.664801+00:00,264479,PAYMENT_LINK,0.03333333333333333,1,0.44,2.651880931844327,-0.45551423789950074,0.0,1.0,0.8872680740830974,0.4612541216215539,0.6666666666666667,3.0,-0.46533070623945577,341.2720064046196,0.0,0.0
evt_pay_005183_0,cust_041,pay_005183,2026-05-13T04:23:05.696930+00:00,309541,RETRY_NOW,0.03333333333333333,0,0.46887966804979253,2.070175752684539,0.5037937973097945,0.0,1.0,0.9119321230335484,0.4103410812720622,0.8666666666666667,3.0,0.3693318557794774,341.47253789239744,0.0,0.0
evt_pay_006296_1,cust_020,pay_006296,2026-05-13T04:49:54.207121+00:00,57870,RETRY_NOW,0.03333333333333333,0,0.35611510791366907,0.08333333333333333,-0.15908432463425534,1.0,1.0,0.9535901877820195,0.30110754518253574,0.6666666666666667,6.0,0.06752823759169156,327.43974212347445,0.0,1.0
evt_pay_006920_1,cust_049,pay_006920,2026-05-13T04:56:02.791005+00:00,338978,WHATSAPP_NUDGE,0.8333333333333334,0,0.35826771653543305,0.08333333333333333,0.031809511943418106,1.0,1.0,0.9613176215997424,0.2754422451292002,0.9,6.0,0.2100296838614713,315.0865027152068,0.0,0.0
evt_pay_002245_0,cust_056,pay_002245,2026-05-13T05:03:29.423867+00:00,158271,WHATSAPP_NUDGE,0.8333333333333334,0,0.3010752688172043,0.5295609243193743,-0.01921209414890422,0.0,1.0,0.9697554004048894,0.24407880568691886,0.8333333333333334,3.0,-0.26273729270347856,324.16620388922297,0.0,0.0
evt_pay_000412_1,cust_025,pay_000412,2026-05-13T05:11:45.426782+00:00,207406,WHATSAPP_NUDGE,0.8333333333333334,0,0.5333333333333333,0.08333333333333333,-0.11589947878273248,1.0,1.0,0.9779267078389685,0.20894820912187,0.84,7.0,0.10753773716001852,318.9003101665448,0.0,1.0
evt_pay_002168_0,cust_003,pay_002168,2026-05-13T05:17:19.586381+00:00,175179,RETRY_LATER,0.03333333333333333,0,0.5130434782608696,0.06966869669073124,-0.5846136910249429,0.0,1.0,0.9827150787445976,0.18512448246517602,0.9032258064516129,9.0,2.053947620637407,318.2510275386194,0.0,0.0
evt_pay_007295_0,cust_013,pay_007295,2026-05-13T05:25:06.044298+00:00,174455,RETRY_LATER,0.8333333333333334,0,0.33476394849785407,0.21275303702983214,0.0419046700029464,0.0,1.0,0.9884282813951568,0.15168893347313342,0.9444444444444444,14.0,-0.5595801808996762,313.8280349206977,0.0,1.0
evt_pay_003699_1,cust_045,pay_003699,2026-05-13T05:51:57.955647+00:00,86551,WHATSAPP_NUDGE,0.8333333333333334,0,0.3252032520325203,0.08333333333333333,-0.024568646572522966,1.0,1.0,0.9993856274833727,0.03504807526334964,0.9166666666666666,5.0,1.000889969158722,316.0809321626348,1.0,0.0
evt_pay_005183_1,cust_041,pay_005183,2026-05-13T06:23:05.696930+00:00,207173,WHATSAPP_NUDGE,0.8333333333333334,0,0.4669421487603306,0.08333333333333333,-0.6076989088849605,1.0,1.0,0.9949269257101602,-0.10060026091879364,0.896551724137931,3.0,0.3693318557794774,341.55587122573075,1.0,0.0
evt_pay_001689_0,cust_038,pay_001689,2026-05-13T06:30:43.524854+00:00,54795,RETRY_LATER,0.8333333333333334,1,0.6292682926829268,0.6751159838228773,0.6549357754617549,0.0,1.0,0.9910267519418843,-0.13366367096380033,0.92,4.0,2.4957647172129915,340.22824424732295,0.0,1.0
evt_pay_002920_0,cust_028,pay_002920,2026-05-13T06:40:56.796295+00:00,195421,WHATSAPP_NUDGE,0.8333333333333334,0,0.39344262295081966,1.6218179087402216,-0.41608240757582804,0.0,1.0,0.9840821282308573,-0.17771427882032062,0.9,9.0,0.3910481863531735,313.60571169685863,0.0,0.0
evt_pay_007887_0,cust_051,pay_007887,2026-05-13T07:13:48.201818+00:00,514499,RETRY_NOW,0.8333333333333334,1,0.4956521739130435,2.0136090137690226,-0.4437830730500769,0.0,1.0,0.9485955497176602,-0.3164908893725851,0.8888888888888888,2.0,-1.013594580420746,321.09616240133306,1.0,0.0
evt_pay_002168_1,cust_003,pay_002168,2026-05-13T07:17:19.586381+00:00,218238,WHATSAPP_NUDGE,0.8333333333333334,0,0.5108225108225108,0.08333333333333333,-0.026039058042882937,1.0,1.0,0.9436184641074346,-0.3310350346950096,0.9032258064516129,9.0,2.053947620637407,318.3343608719527,0.0,1.0
evt_pay_007295_1,cust_013,pay_007295,2026-05-13T07:25:06.044298+00:00,182590,WHATSAPP_NUDGE,0.8333333333333334,0,0.3333333333333333,0.08333333333333333,0.17708424124270972,1.0,1.0,0.9318484682437661,-0.36284767083687725,0.9473684210526316,14.0,-0.5595801808996762,313.911368254031,0.0,0.0
evt_pay_001061_0,cust_032,pay_001061,2026-05-13T07:32:22.989197+00:00,290742,RETRY_NOW,0.8333333333333334,0,0.3176895306859206,0.16225720488498988,-0.2987208338540593,0.0,1.0,0.9198503346265026,-0.3922695016025477,0.90625,8.0,0.2905055503479753,337.7775109449058,1.0,0.0
evt_pay_004601_0,cust_000,pay_004601,2026-05-13T08:11:05.635313+00:00,134293,RETRY_NOW,0.8333333333333334,0,0.39565217391304347,0.9162833820114807,0.15684588551669268,0.0,1.0,0.840817244754549,-0.5413190934406146,0.625,7.0,0.8132490481077264,331.99624598661114,1.0,0.0
evt_pay_001222_0,cust_025,pay_001222,2026-05-13T08:15:03.881897+00:00,223457,WHATSAPP_NUDGE,0.8333333333333334,0,0.5311203319502075,0.12729693419347163,0.09624321755799443,0.0,1.0,0.8313127419855375,-0.5558049343182256,0.875,8.0,0.10753773716001852,319.02760710073824,0.0,0.0
evt_pay_001525_0,cust_022,pay_001525,2026-05-13T08:31:47.651101+00:00,143148,WHATSAPP_NUDGE,0.03333333333333333,1,0.4274193548387097,0.39121240169237126,0.7846146111414277,0.0,1.0,0.7885633227271603,-0.6149535641408223,0.8,8.0,-0.6143468879245073,321.3617835347258,0.0,1.0
evt_pay_002920_1,cust_028,pay_002920,2026-05-13T08:40:56.796295+00:00,247010,WHATSAPP_NUDGE,0.8333333333333334,0,0.39183673469387753,0.08333333333333333,0.2283417756211202,1.0,1.0,0.7633829830480175,-0.6459461441890572,0.9090909090909091,10.0,0.3910481863531735,313.68904503019195,0.0,0.0
evt_pay_003872_2,cust_046,pay_003872,2026-05-13T08:47:12.572253+00:00,109896,ESCALATE_HUMAN,0.8333333333333334,0,0.43902439024390244,0.3678136794293702,0.0931964317418218,2.0,1.0,0.7454482609894968,-0.6665634929905291,0.88,12.0,-0.9687765812058661,336.3864865630242,0.0,0.0
evt_pay_001061_1,cust_032,pay_001061,2026-05-13T09:32:22.989197+00:00,322364,WHATSAPP_NUDGE,0.8333333333333334,0,0.31654676258992803,0.08333333333333333,-0.020456704290185694,1.0,1.0,0.6004790066648941,-0.7996405208309182,0.9117647058823529,8.0,0.2905055503479753,337.8608442782392,0.0,0.0
evt_pay_007877_0,cust_055,pay_007877,2026-05-13T09:38:32.187952+00:00,270053,RETRY_NOW,0.03333333333333333,0,0.34519572953736655,0.832162514554606,-0.3869372884598937,0.0,1.0,0.578795706175816,-0.8154725810917486,0.9142857142857143,3.0,-1.0480965437343166,339.350775176278,0.0,1.0
evt_pay_000957_2,cust_014,pay_000957,2026-05-13T10:01:33.197736+00:00,65066,DO_NOTHING,0.03333333333333333,0,0.30855018587360594,0.4566116005981182,-0.07550948163735673,2.0,1.0,0.49411904753264,-0.8693942528366728,0.9166666666666666,14.0,-0.8122776257059364,337.1747680893608,0.0,0.0
evt_pay_000151_0,cust_018,pay_000151,2026-05-13T10:06:54.906826+00:00,134513,RETRY_NOW,0.8333333333333334,0,0.30078125,1.1674395419130974,-0.2053317958890603,0.0,1.0,0.473645904343887,-0.8807153667889879,0.9142857142857143,6.0,-0.4554811204429685,318.043687619693,1.0,0.0
evt_pay_007784_0,cust_040,pay_007784,2026-05-13T10:08:39.193026+00:00,236617,ESCALATE_HUMAN,0.03333333333333333,0,0.49295774647887325,0.35045408121936816,0.2520472067904056,0.0,1.0,0.46695308446873734,-0.8842820912498072,0.9166666666666666,9.0,-0.492492512121923,331.55191995725505,1.0,0.0
evt_pay_004601_1,cust_000,pay_004601,2026-05-13T10:11:05.635313+00:00,122184,WHATSAPP_NUDGE,0.8333333333333334,0,0.3939393939393939,0.08333333333333333,-0.11490998372055562,1.0,1.0,0.45750954717717035,-0.8892047088504089,0.7142857142857143,7.0,0.8132490481077264,332.07957931994446,1.0,0.0
evt_pay_001222_1,cust_025,pay_001222,2026-05-13T10:15:03.881897+00:00,179374,WHATSAPP_NUDGE,0.8333333333333334,0,0.5289256198347108,0.08333333333333333,-0.4863885575917948,1.0,1.0,0.44203548589006086,-0.8969975636610936,0.9166666666666666,9.0,0.10753773716001852,319.11094043407155,0.0,0.0
evt_pay_001084_0,cust_009,pay_001084,2026-05-13T10:18:25.046328+00:00,147277,RETRY_LATER,0.8333333333333334,1,0.3403361344537815,0.7650294690341942,0.6805511187590845,0.0,1.0,0.42886639636276824,-0.9033679284050397,0.7272727272727273,3.0,-0.8984355580750027,315.0463278183533,0.0,1.0
evt_pay_008189_0,cust_015,pay_008189,2026-05-13T10:37:01.166233+00:00,97965,RETRY_LATER,0.8333333333333334,1,0.4074074074074074,2.1314929507044744,-0.4835921677497825,0.0,1.0,0.35421172708612514,-0.9351652540565568,0.92,3.0,1.245182551392603,329.85851797177344,0.0,1.0
evt_pay_004342_0,cust_001,pay_004342,2026-05-13T10:37:31.616441+00:00,498539,WHATSAPP_NUDGE,0.8333333333333334,0,0.3051948051948052,0.32305104794352246,-0.15610205816038922,0.0,1.0,0.35214002890638657,-0.9359473276001216,0.9411764705882353,19.0,0.16534712408787333,324.9958291555789,0.0,0.0
evt_pay_000831_0,cust_017,pay_000831,2026-05-13T10:55:00.192705+00:00,666553,PAYMENT_LINK,0.8333333333333334,0,0.3333333333333333,3.38488761386022,0.8639680675755231,0.0,1.0,0.27981555993342416,-0.960053775795473,0.9189189189189189,5.0,0.5027156808516637,336.0164718946132,0.0,0.0
evt_pay_007877_1,cust_055,pay_007877,2026-05-13T11:38:32.187952+00:00,343447,WHATSAPP_NUDGE,0.8333333333333334,0,0.34397163120567376,0.08333333333333333,0.284405746891494,1.0,1.0,0.09351549460373623,-0.9956178244030279,0.9210526315789473,3.0,-1.0480965437343166,339.4341085096113,0.0,0.0
evt_pay_002411_0,cust_023,pay_002411,2026-05-13T11:49:15.612237+00:00,71020,RETRY_LATER,0.8333333333333334,0,0.44155844155844154,0.4526332620592939,-0.4448406649887904,0.0,1.0,0.04684405143544715,-0.9989022148564459,0.8,1.0,0.9385908116339667,336.7448068355623,0.0,1.0
evt_pay_003273_0,cust_018,pay_003273,2026-05-13T11:58:25.319084+00:00,169861,DO_NOTHING,0.03333333333333333,0,0.29961089494163423,0.07743532705552525,0.4915383184045218,0.0,1.0,0.006885336112919442,-0.9999762957923614,0.9210526315789473,6.0,-0.4554811204429685,318.1211229467486,0.0,1.0
evt_pay_003682_0,cust_035,pay_003682,2026-05-13T12:05:08.646632+00:00,44089,RETRY_LATER,0.8333333333333334,0,0.3505535055350554,0.4104338260427956,0.016117654334827893,0.0,1.0,-0.022443531838681263,-0.999748112215575,0.6666666666666667,5.0,0.5026080740568922,316.4393062169573,0.0,1.0
evt_pay_006666_0,cust_057,pay_006666,2026-05-13T12:06:37.162169+00:00,72709,RETRY_LATER,0.8333333333333334,0,0.3925233644859813,1.5956136262311322,-0.31968840557493444,0.0,1.0,-0.028878432547426437,-0.9995829310935656,0.9411764705882353,5.0,-0.5990323654313375,333.7693602906477,0.0,1.0
evt_pay_005144_0,cust_037,pay_005144,2026-05-13T12:25:48.161296+00:00,114845,RETRY_LATER,0.8333333333333334,1,0.4380952380952381,1.4180408298544382,-0.8009840357535126,0.0,1.0,-0.11234777128502936,-0.9936689480341462,0.75,1.0,-0.33341852366871827,320.1477820578041,0.0,1.0
evt_pay_008162_0,cust_039,pay_008162,2026-05-13T12:31:48.169889+00:00,286741,RETRY_NOW,0.8333333333333334,1,0.5042735042735043,0.7901373141099649,0.3967255402398383,0.0,1.0,-0.1383211120636552,-0.9903874342687683,0.6923076923076923,4.0,-0.6642333856639545,313.92384468548727,1.0,0.0
evt_pay_007900_0,cust_047,pay_007900,2026-05-13T12:35:43.330846+00:00,116074,WHATSAPP_NUDGE,0.8333333333333334,0,0.5,2.229262967474218,0.12910263326876578,0.0,1.0,-0.15523705966061313,-0.9878772470848426,0.8695652173913043,8.0,1.898235005697721,315.5410417077158,0.0,0.0
evt_pay_004342_1,cust_001,pay_004342,2026-05-13T12:37:31.616441+00:00,652581,PAYMENT_LINK,0.8333333333333334,0,0.3042071197411003,0.08333333333333333,0.6784840329733495,1.0,1.0,-0.1630114530777437,-0.9866241767590548,0.9444444444444444,19.0,0.16534712408787333,325.07916248891223,1.0,0.0
evt_pay_005829_0,cust_014,pay_005829,2026-05-13T13:02:46.890428+00:00,70658,WHATSAPP_NUDGE,0.8333333333333334,0,0.3074074074074074,0.12585292466949718,0.16354195508087624,0.0,1.0,-0.2705227651478592,-0.9627135781408488,0.9130434782608696,14.0,-0.8122776257059364,337.30062101403024,0.0,0.0
evt_pay_004115_2,cust_054,pay_004115,2026-05-13T13:15:55.190195+00:00,70095,ESCALATE_HUMAN,0.8333333333333334,0,0.4275092936802974,0.9166666666666666,-0.8315700597870728,2.0,1.0,-0.32523741211998874,-0.9456323946214473,0.9473684210526316,5.0,-0.6956354929968003,329.00930345476894,0.0,1.0
evt_pay_002482_0,cust_005,pay_002482,2026-05-13T13:19:00.965555+00:00,124750,RETRY_LATER,0.03333333333333333,0,0.3253012048192771,0.7092766334622524,-0.13417800282037023,0.0,1.0,-0.33798280383757656,-0.9411522853981125,0.9230769230769231,6.0,-0.6412832630166057,333.23199024340096,0.0,0.0
evt_pay_003009_0,cust_016,pay_003009,2026-05-13T13:47:42.617014+00:00,117010,WHATSAPP_NUDGE,0.8333333333333334,0,0.376984126984127,3.630317062680755,0.015156225594333798,0.0,1.0,-0.45286379244509223,-0.8915797134817774,0.6666666666666667,5.0,-0.5381138706705891,335.3544440543263,0.0,0.0
evt_pay_003020_2,cust_039,pay_003020,2026-05-13T13:54:48.389859+00:00,229611,ESCALATE_HUMAN,0.8333333333333334,1,0.5063829787234042,0.8477787489490348,-0.25156393926108434,2.0,1.0,-0.4802483655079319,-0.877132548379639,0.6428571428571428,4.0,-0.6642333856639545,313.98148612032634,0.0,0.0
evt_pay_006666_1,cust_057,pay_006666,2026-05-13T14:06:37.162169+00:00,70787,WHATSAPP_NUDGE,0.8333333333333334,0,0.39069767441860465,0.08333333333333333,-0.38677151276957905,1.0,1.0,-0.5248009217543292,-0.8512249952426246,0.9444444444444444,5.0,-0.5990323654313375,333.852693623981,0.0,1.0
evt_pay_006410_0,cust_005,pay_006410,2026-05-13T14:38:43.810030+00:00,130210,WHATSAPP_NUDGE,0.8333333333333334,0,0.324,0.05535699623845858,-0.014981993340801988,0.0,1.0,-0.6385333493292271,-0.7695941539502488,0.9230769230769231,6.0,-0.6412832630166057,333.2873472396394,0.0,0.0
evt_pay_003757_0,cust_050,pay_003757,2026-05-13T14:40:53.557555+00:00,95027,WHATSAPP_NUDGE,0.8333333333333334,0,0.4339622641509434,1.1918487796053985,-0.5291198630411207,0.0,1.0,-0.645766328359796,-0.7635351001471433,1.0,10.0,-0.900782201038446,340.32658133014337,0.0,0.0
evt_pay_005829_1,cust_014,pay_005829,2026-05-13T15:02:46.890428+00:00,61979,WHATSAPP_NUDGE,0.8333333333333334,0,0.3062730627306273,0.08333333333333333,-0.20749947480676698,1.0,1.0,-0.7156363759904819,-0.6984730326642608,0.9047619047619048,15.0,-0.8122776257059364,337.3839543473636,0.0,0.0
evt_pay_002482_1,cust_005,pay_002482,2026-05-13T15:19:00.965555+00:00,94346,WHATSAPP_NUDGE,0.8333333333333334,0,0.32270916334661354,0.027976337094874754,-0.7978126739307256,1.0,1.0,-0.7632778368646904,-0.6460703860657592,0.925,7.0,-0.6412832630166057,333.3153235767343,1.0,0.0
evt_pay_005732_0,cust_027,pay_005732,2026-05-13T15:37:02.879841+00:00,78090,RETRY_LATER,0.8333333333333334,0,0.2708333333333333,0.622500614519879,-0.05495282023539286,0.0,1.0,-0.8116963223673989,-0.5840796865627494,0.925,1.0,-0.8172299270627982,315.7926412913344,0.0,1.0
evt_pay_002998_0,cust_025,pay_002998,2026-05-13T16:01:49.569651+00:00,248834,WHATSAPP_NUDGE,0.8333333333333334,0,0.5267489711934157,0.24080657123613491,0.4316431089461056,0.0,1.0,-0.8699819342701501,-0.4930835974189044,0.9047619047619048,10.0,0.10753773716001852,319.3517470053077,0.0,0.0
evt_pay_001614_0,cust_031,pay_001614,2026-05-13T16:15:18.668731+00:00,44837,WHATSAPP_NUDGE,0.8333333333333334,0,0.33884297520661155,1.4995584489612004,-0.47508191229447155,0.0,1.0,-0.8974723785002803,-0.44107066307911447,0.9375,5.0,-0.07508066613848166,336.01279312190894,0.0,0.0
evt_pay_003810_0,cust_046,pay_003810,2026-05-13T16:42:08.644348+00:00,87086,WHATSAPP_NUDGE,0.8333333333333334,0,0.4368932038834951,0.3298156492467304,-0.5191874986233439,0.0,1.0,-0.9428511474146971,-0.3332142161114816,0.9,12.0,-0.9687765812058661,336.71630221227093,0.0,0.0
evt_pay_001811_2,cust_002,pay_001811,2026-05-13T16:54:30.139819+00:00,317124,ESCALATE_HUMAN,0.8333333333333334,0,0.3360655737704918,0.9166666666666666,0.09086487256287237,2.0,1.0,-0.9594399444344798,-0.2819130948068259,0.95,4.0,-0.38277421977533765,321.7870609117918,0.0,1.0
evt_pay_004720_0,cust_000,pay_004720,2026-05-13T17:00:16.337834+00:00,132119,RETRY_NOW,0.8333333333333334,0,0.3922413793103448,0.284151649542063,0.10807100359700011,0.0,1.0,-0.9662326527445252,-0.2576712261201816,1.0,8.0,0.8132490481077264,332.36373096948654,1.0,0.0
evt_pay_002661_2,cust_003,pay_002661,2026-05-13T17:04:25.254615+00:00,191621,ESCALATE_HUMAN,0.8333333333333334,0,0.5086206896551724,0.4077044934545029,-0.3713288866826466,2.0,1.0,-0.9707383955071798,-0.2401394750726049,0.95,10.0,2.053947620637407,318.7420653654072,0.0,0.0
evt_pay_007025_0,cust_005,pay_007025,2026-05-13T17:38:30.829695+00:00,131427,WHATSAPP_NUDGE,0.8333333333333334,0,0.32142857142857145,0.0968734275498188,0.011577946222964573,0.0,1.0,-0.995608582531104,-0.09361383653288644,0.9487179487179487,8.0,-0.6412832630166057,333.4121970042841,0.0,0.0
evt_pay_003553_0,cust_020,pay_003553,2026-05-13T17:53:03.856579+00:00,58455,WHATSAPP_NUDGE,0.8333333333333334,0,0.3548387096774194,0.5438616835403044,-0.13182532903374364,0.0,1.0,-0.9995421163073664,-0.03025818447612338,0.7,6.0,0.06752823759169156,327.9836038070148,0.0,0.0
evt_pay_006030_0,cust_026,pay_006030,2026-05-13T18:09:24.031000+00:00,247249,WHATSAPP_NUDGE,0.8333333333333334,0,0.44559585492227977,2.0011626618547402,0.24704405760322515,0.0,1.0,-0.9991589006184536,0.041005991207667014,0.7272727272727273,10.0,1.9048100532514713,330.30976519951224,0.0,0.0
evt_pay_001614_1,cust_031,pay_001614,2026-05-13T18:15:18.668731+00:00,63058,WHATSAPP_NUDGE,0.8333333333333334,0,0.3374485596707819,0.08333333333333333,0.4929489379492273,1.0,1.0,-0.997769210515643,0.06675779015957935,0.9333333333333333,6.0,-0.07508066613848166,336.09612645524226,1.0,0.0
evt_pay_004012_0,cust_040,pay_004012,2026-05-13T18:20:18.261357+00:00,190006,RETRY_LATER,0.8333333333333334,0,0.49065420560747663,0.34142440198551566,-0.3604242542515012,0.0,1.0,-0.9960780765633489,0.08847861543819126,0.95,9.0,-0.492492512121923,331.8933443592406,0.0,1.0
evt_pay_001291_2,cust_044,pay_001291,2026-05-13T18:30:23.042057+00:00,251060,ESCALATE_HUMAN,0.8333333333333334,0,0.4314516129032258,0.9166666666666666,0.3034257055323925,2.0,1.0,-0.9912247513015217,0.13218733830150464,0.8181818181818181,3.0,-0.8459251821363672,333.6150246412078,0.0,0.0
evt_pay_007025_1,cust_005,pay_007025,2026-05-13T19:38:30.829695+00:00,136586,WHATSAPP_NUDGE,0.8333333333333334,0,0.3201581027667984,0.08333333333333333,0.12419132235770598,1.0,1.0,-0.9090292429641954,0.416732330682348,0.9487179487179487,9.0,-0.6412832630166057,333.4955303376175,0.0,1.0
evt_pay_003553_1,cust_020,pay_003553,2026-05-13T19:53:03.856579+00:00,48717,WHATSAPP_NUDGE,0.8333333333333334,0,0.3535714285714286,0.08333333333333333,-0.5858317712515351,1.0,1.0,-0.8807579571127009,0.4735667017249647,0.8181818181818181,7.0,0.06752823759169156,328.0669371403481,0.0,0.0
evt_pay_006030_1,cust_026,pay_006030,2026-05-13T20:09:24.031000+00:00,223641,WHATSAPP_NUDGE,0.8333333333333334,0,0.44329896907216493,0.08333333333333333,-0.049346518171244434,1.0,1.0,-0.8447939947490783,0.5350916804024279,0.8333333333333334,11.0,1.9048100532514713,330.3930985328456,0.0,1.0
evt_pay_004012_1,cust_040,pay_004012,2026-05-13T20:20:18.261357+00:00,245179,RETRY_NOW,0.03333333333333333,0,0.4883720930232558,0.08333333333333333,0.3645570943354894,1.0,1.0,-0.8183896107375054,0.5746637669428223,0.9487179487179487,9.0,-0.492492512121923,331.9766776925739,0.0,1.0
evt_pay_008329_0,cust_020,pay_008329,2026-05-13T20:35:41.019447+00:00,62008,RETRY_LATER,0.8333333333333334,0,0.35231316725978645,0.029596792454962422,0.03383384879744621,0.0,1.0,-0.7780138747823238,0.6282470936233566,0.8333333333333334,8.0,0.06752823759169156,328.0965339328031,0.0,1.0
evt_pay_002542_0,cust_014,pay_002542,2026-05-13T20:53:24.057541+00:00,74429,RETRY_NOW,0.8333333333333334,0,0.30514705882352944,0.2434857304790512,0.3247648946700485,0.0,1.0,-0.7271711187198967,0.6864562361138937,0.9,16.0,-0.8122776257059364,337.62744007784266,1.0,0.0
evt_pay_002815_0,cust_004,pay_002815,2026-05-13T21:02:03.749355+00:00,490455,WHATSAPP_NUDGE,0.8333333333333334,0,0.34893617021276596,0.7413221462539354,0.46833812392913493,0.0,1.0,-0.7007147628023612,0.7134415331271586,0.9375,5.0,-0.2585165281110097,339.0403862042543,0.0,0.0
evt_pay_006992_0,cust_009,pay_006992,2026-05-13T21:11:56.205402+00:00,98737,RETRY_NOW,0.8333333333333334,0,0.34309623430962344,1.2188623286895865,-0.48541435453913445,0.0,1.0,-0.6693356523864157,0.7429601499706773,0.375,3.0,-0.8984355580750027,315.5001606780086,1.0,0.0
evt_pay_007198_0,cust_028,pay_007198,2026-05-13T22:11:13.047432+00:00,240157,WHATSAPP_NUDGE,0.8333333333333334,0,0.3902439024390244,0.5626880918627725,0.1427380263146678,0.0,1.0,-0.4570301776622158,0.8894511884898707,0.95,10.0,0.3910481863531735,314.25173312205476,0.0,0.0
evt_pay_006725_0,cust_015,pay_006725,2026-05-13T22:23:22.825459+00:00,139124,RETRY_LATER,0.8333333333333334,0,0.4098360655737705,2.6220214139600366,0.5136306409701804,0.0,1.0,-0.40920484072645913,0.9124425452191679,0.9,2.0,1.245182551392603,330.349046435029,0.0,1.0
evt_pay_008329_1,cust_020,pay_008329,2026-05-13T22:35:41.019447+00:00,60799,WHATSAPP_NUDGE,0.8333333333333334,0,0.35106382978723405,0.08333333333333333,-0.022550777181863605,1.0,1.0,-0.35965623324657986,0.9330848803227292,0.8461538461538461,8.0,0.06752823759169156,328.1798672661364,1.0,0.0
evt_pay_001667_0,cust_054,pay_001667,2026-05-13T22:45:55.933872+00:00,79905,WHATSAPP_NUDGE,0.8333333333333334,0,0.42592592592592593,0.39584194070827533,-0.5480641178347907,0.0,1.0,-0.31758505912905566,0.9482297876664676,0.9375,5.0,-0.6956354929968003,329.4051453954772,0.0,0.0
evt_pay_005178_0,cust_010,pay_005178,2026-05-13T22:54:40.309805+00:00,75446,WHATSAPP_NUDGE,0.8333333333333334,0,0.3985239852398524,1.6283896067075148,-0.13002098841945225,0.0,1.0,-0.2812034330135154,0.9596481799396138,0.9047619047619048,9.0,-0.045395759303349575,342.9002328773736,0.0,0.0
evt_pay_005983_0,cust_035,pay_005983,2026-05-13T23:02:41.518249+00:00,44856,WHATSAPP_NUDGE,0.8333333333333334,0,0.3492647058823529,0.4566304585369494,0.06612504214000747,0.0,1.0,-0.24745574654725422,0.9688991967695819,0.4444444444444444,5.0,0.5026080740568922,316.8959366754943,0.0,0.0
evt_pay_006992_1,cust_009,pay_006992,2026-05-13T23:11:56.205402+00:00,138638,WHATSAPP_NUDGE,0.8333333333333334,0,0.3416666666666667,0.08333333333333333,0.47305210225085986,1.0,1.0,-0.2081816036399265,0.978090190067311,0.4444444444444444,3.0,-0.8984355580750027,315.583494011342,0.0,0.0
evt_pay_001914_0,cust_035,pay_001914,2026-05-13T23:32:36.268011+00:00,35189,WHATSAPP_NUDGE,0.8333333333333334,0,0.34798534798534797,0.02077256668828416,-0.5638758832457847,0.0,1.0,-0.11925109777262456,0.992864127501857,0.5,6.0,0.5026080740568922,316.91670924218255,0.0,0.0
evt_pay_002092_0,cust_037,pay_002092,2026-05-13T23:38:22.710426+00:00,183172,RETRY_NOW,0.8333333333333334,0,0.44075829383886256,1.8851073707143087,0.4223362940290889,0.0,1.0,-0.09420167714854923,0.9955531347057276,0.8571428571428572,1.0,-0.33341852366871827,320.6148485986639,1.0,0.0
evt_pay_002591_0,cust_036,pay_002591,2026-05-13T23:38:46.454806+00:00,317341,RETRY_NOW,0.8333333333333334,0,0.49166666666666664,1.9871713459966902,-0.1828751791907118,0.0,1.0,-0.09248247612158834,0.9957143122454452,0.5454545454545454,4.0,-0.5882553306323993,324.4266425754092,1.0,0.0
evt_pay_006662_0,cust_019,pay_006662,2026-05-13T23:43:45.944187+00:00,118962,RETRY_NOW,0.8333333333333334,0,0.4767932489451477,1.2324561360663893,-0.017018404065415153,0.0,1.0,-0.07077611472245465,0.9974922263280019,0.5833333333333333,6.0,-0.5137657855739247,319.3979789507106,1.0,0.0
evt_pay_000853_0,cust_011,pay_000853,2026-05-13T23:45:00.198780+00:00,61802,WHATSAPP_NUDGE,0.8333333333333334,0,0.46382978723404256,1.9686364679524406,0.12176263398129492,0.0,1.0,-0.06538870451399398,0.9978598685797428,0.8666666666666667,3.0,-0.306212897974724,317.7089541417522,0.0,0.0
evt_pay_007198_1,cust_028,pay_007198,2026-05-14T00:11:13.047432+00:00,223346,WHATSAPP_NUDGE,0.8333333333333334,0,0.38866396761133604,0.08333333333333333,-0.0672556650020301,1.0,1.0,0.04892585009334126,0.998802413489597,0.9487179487179487,11.0,0.3910481863531735,314.33506645538813,0.0,0.0
evt_pay_006419_0,cust_046,pay_006419,2026-05-14T00:32:48.148047+00:00,97314,WHATSAPP_NUDGE,0.8333333333333334,0,0.43478260869565216,0.3268461076204024,-0.24458367330140982,0.0,1.0,0.1426395898938498,0.9897746952690366,0.8947368421052632,13.0,-0.9687765812058661,337.0431483198913,0.0,0.0
evt_pay_003095_0,cust_019,pay_003095,2026-05-14T00:40:45.701861+00:00,127772,DO_NOTHING,0.03333333333333333,0,0.47478991596638653,0.0395805286272927,0.19329840058058076,0.0,1.0,0.17692025375459589,0.9842251895838723,0.6153846153846154,6.0,-0.5137657855739247,319.43755947933784,1.0,0.0
evt_pay_005983_1,cust_035,pay_005983,2026-05-14T01:02:41.518249+00:00,45204,WHATSAPP_NUDGE,0.8333333333333334,0,0.3467153284671533,0.06256076664504917,0.08882842032805696,1.0,1.0,0.27014663556242574,0.9628191913824224,0.6428571428571428,7.0,0.5026080740568922,316.9792700088276,0.0,1.0
evt_pay_001906_2,cust_004,pay_001906,2026-05-14T01:14:33.515919+00:00,346857,ESCALATE_HUMAN,0.8333333333333334,0,0.3474576271186441,0.17534452041273121,-0.5053097813488063,2.0,1.0,0.3196151048706613,0.9475474577763987,1.0,6.0,-0.2585165281110097,339.215730724667,0.0,0.0
evt_pay_004474_0,cust_053,pay_004474,2026-05-14T01:28:25.032307+00:00,410533,WHATSAPP_NUDGE,0.8333333333333334,0,0.40711462450592883,3.2514533121032136,0.8077325001179044,0.0,1.0,0.3762938179616928,0.9265003845459604,1.0,1.0,-0.06914381847567465,314.04575941209345,0.0,0.0
evt_pay_001914_1,cust_035,pay_001914,2026-05-14T01:32:36.268011+00:00,52519,WHATSAPP_NUDGE,0.8333333333333334,0,0.34545454545454546,0.02077256668828416,0.5655215735484661,1.0,1.0,0.3931575836506543,0.9194711058091922,0.6666666666666667,8.0,0.5026080740568922,317.00004257551586,0.0,0.0
evt_pay_002092_1,cust_037,pay_002092,2026-05-14T01:38:22.710426+00:00,158544,WHATSAPP_NUDGE,0.8333333333333334,0,0.4386792452830189,0.08333333333333333,-0.018598801098360686,1.0,1.0,0.4161955218631199,0.909275144046666,0.8571428571428572,1.0,-0.33341852366871827,320.6981819319972,1.0,0.0
evt_pay_002591_1,cust_036,pay_002591,2026-05-14T01:38:46.454806+00:00,306980,WHATSAPP_NUDGE,0.8333333333333334,0,0.4896265560165975,0.08333333333333333,-0.2701824542361986,1.0,1.0,0.41776498239653964,0.9085551273771003,0.6875,4.0,-0.5882553306323993,324.5099759087425,1.0,0.0
evt_pay_006662_1,cust_019,pay_006662,2026-05-14T01:43:45.944187+00:00,119046,WHATSAPP_NUDGE,0.8333333333333334,0,0.47280334728033474,0.04375280470604063,-0.01501531448315927,1.0,1.0,0.4374521998331935,0.8992416654387739,0.7058823529411764,6.0,-0.5137657855739247,319.4813122840439,0.0,0.0
evt_pay_007776_0,cust_000,pay_007776,2026-05-14T02:15:23.953395+00:00,161555,RETRY_LATER,0.8333333333333334,0,0.3905579399141631,0.38550480973879075,0.768697202696719,0.0,1.0,0.5570177596186211,0.8305005812577448,1.0,7.0,0.8132490481077264,332.74923577922533,0.0,1.0
evt_pay_006240_0,cust_057,pay_006240,2026-05-14T02:22:24.830462+00:00,92762,RETRY_NOW,0.8333333333333334,0,0.3888888888888889,0.510968383018394,0.3801345316891048,0.0,1.0,0.5821720746051713,0.8130656034723833,1.0,6.0,-0.5990323654313375,334.3636620069994,1.0,0.0
evt_pay_006296_2,cust_020,pay_006296,2026-05-14T02:49:54.207121+00:00,72025,ESCALATE_HUMAN,0.8333333333333334,0,0.3498233215547703,0.17654152400473322,0.5008307224279791,2.0,1.0,0.6752795548275342,0.7375618772902564,0.8666666666666667,9.0,0.06752823759169156,328.35640879014113,0.0,0.0
evt_pay_006920_2,cust_049,pay_006920,2026-05-14T02:56:02.791005+00:00,420231,ESCALATE_HUMAN,0.8333333333333334,0,0.3568627450980392,0.9166666666666666,0.7242893128810116,2.0,1.0,0.6948043588464131,0.7191987923571791,1.0,6.0,0.2100296838614713,316.0031693818734,0.0,0.0
evt_pay_002937_0,cust_000,pay_002937,2026-05-14T02:58:15.814882+00:00,149373,WHATSAPP_NUDGE,0.8333333333333334,0,0.3888888888888889,0.029766915355348072,0.4953032771821336,0.0,1.0,0.7017291032607919,0.7124438684112628,1.0,7.0,0.8132490481077264,332.7790026945807,0.0,0.0
evt_pay_002511_0,cust_004,pay_002511,2026-05-14T03:08:13.558433+00:00,567488,DO_NOTHING,0.03333333333333333,0,0.3459915611814346,0.07893567724971717,0.9906542818484637,0.0,1.0,0.7320257944048179,0.6812769160378145,1.0,6.0,-0.2585165281110097,339.2946664019168,1.0,0.0
evt_pay_000412_2,cust_025,pay_000412,2026-05-14T03:11:45.426782+00:00,219830,ESCALATE_HUMAN,0.8333333333333334,0,0.5245901639344263,0.4652298279037268,0.048306364407492,2.0,1.0,0.7424352674668945,0.669917811094287,0.9,11.0,0.10753773716001852,319.8169768332114,0.0,0.0
evt_pay_004474_1,cust_053,pay_004474,2026-05-14T03:28:25.032307+00:00,328809,WHATSAPP_NUDGE,0.8333333333333334,1,0.40551181102362205,0.08333333333333333,0.07817605033381503,1.0,1.0,0.7891301979148432,0.6142259606520066,1.0,2.0,-0.06914381847567465,314.12909274542676,1.0,0.0
evt_pay_002112_0,cust_014,pay_002112,2026-05-14T03:35:16.901601+00:00,55643,WHATSAPP_NUDGE,0.8333333333333334,0,0.304029304029304,0.27908384327874575,-0.4783757073208726,0.0,1.0,0.8071707848911025,0.5903179855114373,0.9,15.0,-0.8122776257059364,337.9065239211214,0.0,0.0
evt_pay_003699_2,cust_045,pay_003699,2026-05-14T03:51:57.955647+00:00,66518,ESCALATE_HUMAN,0.8333333333333334,0,0.32388663967611336,0.9166666666666666,-0.680196257145241,2.0,1.0,0.8479693039459777,0.530045337273496,0.9047619047619048,3.0,1.000889969158722,316.99759882930147,0.0,1.0
evt_pay_007776_1,cust_000,pay_007776,2026-05-14T04:15:23.953395+00:00,119051,WHATSAPP_NUDGE,0.8333333333333334,0,0.3872340425531915,0.05356641797798526,-0.18523055428141155,1.0,1.0,0.8976418208176922,0.44072572141763894,1.0,8.0,0.8132490481077264,332.8325691125587,0.0,0.0
evt_pay_006240_1,cust_057,pay_006240,2026-05-14T04:22:24.830462+00:00,61812,WHATSAPP_NUDGE,0.8333333333333334,0,0.3870967741935484,0.08333333333333333,-0.6999730690384006,1.0,1.0,0.9107086077181594,0.4130494302478235,0.9375,6.0,-0.5990323654313375,334.44699534033276,0.0,1.0
evt_pay_001551_0,cust_054,pay_001551,2026-05-14T04:38:36.311551+00:00,104795,WHATSAPP_NUDGE,0.8333333333333334,0,0.42435424354243545,0.24491177869386624,0.17119466757182222,0.0,1.0,0.9375936977624437,0.34773273920663167,0.9411764705882353,6.0,-0.6956354929968003,329.6500571741711,0.0,0.0
evt_pay_002937_1,cust_000,pay_002937,2026-05-14T04:58:15.814882+00:00,127569,DO_NOTHING,0.03333333333333333,0,0.3855932203389831,0.029766915355348072,0.005942395231547646,1.0,1.0,0.9639371642043507,0.2661299371842155,1.0,9.0,0.8132490481077264,332.862336027914,0.0,1.0
evt_pay_002168_2,cust_003,pay_002168,2026-05-14T05:17:19.586381+00:00,229340,ESCALATE_HUMAN,0.8333333333333334,0,0.5064377682403434,0.5089621732121637,0.11798700320484205,2.0,1.0,0.9827150787445976,0.18512448246517602,1.0,10.0,2.053947620637407,319.2510275386194,0.0,0.0
evt_pay_005923_0,cust_039,pay_005923,2026-05-14T05:21:19.029486+00:00,218412,WHATSAPP_NUDGE,0.8333333333333334,0,0.5084745762711864,1.4911889298219119,-0.3786549692818317,0.0,1.0,0.9857894718358715,0.16798546728081395,0.7058823529411764,4.0,-0.6642333856639545,314.6248963011992,0.0,0.0
evt_pay_002112_1,cust_014,pay_002112,2026-05-14T05:35:16.901601+00:00,61839,WHATSAPP_NUDGE,0.8333333333333334,0,0.3029197080291971,0.08333333333333333,-0.2134717846150925,1.0,1.0,0.994189397664038,0.10764497931820757,0.8947368421052632,15.0,-0.8122776257059364,337.98985725445476,0.0,0.0
evt_pay_001426_0,cust_037,pay_001426,2026-05-14T06:24:56.275281+00:00,158522,WHATSAPP_NUDGE,0.8333333333333334,0,0.43661971830985913,0.19899959322075725,-0.0189942936099431,0.0,1.0,0.9940857904425281,-0.1085976115771161,0.9230769230769231,2.0,-0.33341852366871827,320.897181525218,0.0,0.0
evt_pay_007194_0,cust_025,pay_007194,2026-05-14T06:30:17.200806+00:00,241960,WHATSAPP_NUDGE,0.8333333333333334,0,0.5224489795918368,0.13786775490912836,0.34079902423466896,0.0,1.0,0.991280813427893,-0.1317662662813773,0.8947368421052632,11.0,0.10753773716001852,319.9548445881206,0.0,0.0
evt_pay_000081_0,cust_039,pay_000081,2026-05-14T06:34:39.601038+00:00,225975,WHATSAPP_NUDGE,0.8333333333333334,0,0.5063291139240507,0.050932541107746,-0.2928291299147114,0.0,1.0,0.9885860909776948,-0.1506570301228618,0.7222222222222222,5.0,-0.6642333856639545,314.675828842307,0.0,0.0
evt_pay_002451_0,cust_053,pay_002451,2026-05-14T06:37:35.899277+00:00,361454,RETRY_LATER,0.8333333333333334,0,0.40784313725490196,0.2147091084431736,0.36959578209288535,0.0,1.0,0.9865733579131784,-0.16331873577736192,0.9411764705882353,3.0,-0.06914381847567465,314.26046852053656,0.0,1.0
evt_pay_001551_1,cust_054,pay_001551,2026-05-14T06:38:36.311551+00:00,85476,WHATSAPP_NUDGE,0.8333333333333334,0,0.4227941176470588,0.08333333333333333,-0.38708834591144603,1.0,1.0,0.9858463302937811,-0.16765146300072983,0.9444444444444444,7.0,-0.6956354929968003,329.73339050750445,0.0,1.0
evt_pay_002920_2,cust_028,pay_002920,2026-05-14T06:40:56.796295+00:00,181245,ESCALATE_HUMAN,0.8333333333333334,0,0.3870967741935484,0.2706452414705609,-0.5931605387378592,2.0,1.0,0.9840821282308573,-0.17771427882032062,1.0,12.0,0.3910481863531735,314.60571169685863,0.0,1.0
evt_pay_001447_0,cust_008,pay_001447,2026-05-14T06:54:48.305133+00:00,207079,WHATSAPP_NUDGE,0.8333333333333334,0,0.4309623430962343,2.5752706818164484,-0.0819229152599183,0.0,1.0,0.9715438643524962,-0.23685970454895547,0.9285714285714286,8.0,0.4190160498383978,329.75231833865104,0.0,0.0
evt_pay_005923_1,cust_039,pay_005923,2026-05-14T07:21:19.029486+00:00,324797,WHATSAPP_NUDGE,0.8333333333333334,1,0.5042016806722689,0.03240079222558734,0.8285818445741134,1.0,1.0,0.9377114590335162,-0.3474150537861511,0.7777777777777778,6.0,-0.6642333856639545,314.70822963453253,1.0,0.0
evt_pay_002718_0,cust_055,pay_002718,2026-05-14T07:41:14.528358+00:00,305846,RETRY_LATER,0.8333333333333334,0,0.34275618374558303,0.8352122732174697,-0.059537292402931444,0.0,1.0,0.904003957208217,-0.4275240874522559,1.0,3.0,-1.0480965437343166,340.26932078282874,0.0,1.0
evt_pay_007039_0,cust_010,pay_007039,2026-05-14T08:01:21.943807+00:00,65850,RETRY_LATER,0.8333333333333334,0,0.39705882352941174,0.37964854169407164,-0.47686916144796837,0.0,1.0,0.8630304837806768,-0.5051518425832879,0.9473684210526316,9.0,-0.045395759303349575,343.27988141906764,0.0,1.0
evt_pay_007778_0,cust_048,pay_007778,2026-05-14T08:08:33.202044+00:00,189926,WHATSAPP_NUDGE,0.8333333333333334,1,0.2978723404255319,1.1992945753949773,-0.02315747207537628,0.0,1.0,0.8467661242919274,-0.5319653473221992,1.0,7.0,-0.4506859321563252,324.3449001803751,0.0,0.0
evt_pay_004601_2,cust_000,pay_004601,2026-05-14T08:11:05.635313+00:00,102368,ESCALATE_HUMAN,0.8333333333333334,0,0.38396624472573837,0.13390995869713151,-0.55965248702332,2.0,1.0,0.840817244754549,-0.5413190934406146,1.0,9.0,0.8132490481077264,332.99624598661114,0.0,0.0
evt_pay_001222_2,cust_025,pay_001222,2026-05-14T08:15:03.881897+00:00,228307,ESCALATE_HUMAN,0.8333333333333334,0,0.5203252032520326,0.07276251261767659,0.1603492536364082,2.0,1.0,0.8313127419855375,-0.5558049343182256,0.95,12.0,0.10753773716001852,320.02760710073824,0.0,1.0
evt_pay_001426_1,cust_037,pay_001426,2026-05-14T08:24:56.275281+00:00,147924,WHATSAPP_NUDGE,0.8333333333333334,0,0.43457943925233644,0.08333333333333333,-0.2087357562633565,1.0,1.0,0.8066047422758053,-0.5910911856373615,0.9333333333333333,3.0,-0.33341852366871827,320.9805148585513,0.0,1.0
evt_pay_007194_1,cust_025,pay_007194,2026-05-14T08:30:17.200806+00:00,261605,WHATSAPP_NUDGE,0.8333333333333334,0,0.5182186234817814,0.010570820715656737,0.6004379932478766,1.0,1.0,0.7925912335719691,-0.6097533406754442,0.95,12.0,0.10753773716001852,320.0381779214539,1.0,0.0
evt_pay_002451_1,cust_053,pay_002451,2026-05-14T08:37:35.899277+00:00,292733,RETRY_LATER,0.03333333333333333,0,0.40625,0.08333333333333333,-0.24388640857656857,1.0,1.0,0.7727382227610488,-0.634724853053743,0.9444444444444444,3.0,-0.06914381847567465,314.34380185386993,0.0,1.0
evt_pay_005420_0,cust_031,pay_005420,2026-05-14T08:48:25.602618+00:00,56233,WHATSAPP_NUDGE,0.8333333333333334,0,0.3360655737704918,0.6063302533206448,0.1303766049398854,0.0,1.0,0.7418977006377284,-0.6705130884542461,0.9473684210526316,6.0,-0.07508066613848166,336.7024567085629,0.0,0.0
evt_pay_001447_1,cust_008,pay_001447,2026-05-14T08:54:48.305133+00:00,160980,WHATSAPP_NUDGE,0.8333333333333334,0,0.42916666666666664,0.08333333333333333,-0.6997336499014587,1.0,1.0,0.7229518151456866,-0.6908984534485201,0.9375,9.0,0.4190160498383978,329.8356516719844,1.0,0.0
evt_pay_002232_0,cust_017,pay_002232,2026-05-14T08:57:49.712460+00:00,567647,PAYMENT_LINK,0.8333333333333334,0,0.33195020746887965,0.9186287008584865,0.31181020741249665,0.0,1.0,0.713774621489578,-0.7003754633890379,0.9583333333333334,6.0,0.5027156808516637,336.9351005954717,0.0,0.0
evt_pay_006268_0,cust_002,pay_006268,2026-05-14T09:21:17.626205+00:00,348021,WHATSAPP_NUDGE,0.8333333333333334,0,0.3346938775510204,0.6852718331731277,0.3780828073528771,0.0,1.0,0.6384529648668136,-0.7696608419640273,0.96,4.0,-0.38277421977533765,322.4723327449649,0.0,0.0
evt_pay_002718_1,cust_055,pay_002718,2026-05-14T09:41:14.528358+00:00,325262,WHATSAPP_NUDGE,0.8333333333333334,0,0.3415492957746479,0.08333333333333333,0.1180633448963458,1.0,1.0,0.5691283483378488,-0.822248699067522,0.9583333333333334,3.0,-1.0480965437343166,340.3526541161621,0.0,0.0
evt_pay_007039_1,cust_010,pay_007039,2026-05-14T10:01:21.943807+00:00,81180,WHATSAPP_NUDGE,0.8333333333333334,0,0.3956043956043956,0.08333333333333333,0.07724955323500188,1.0,1.0,0.4948304019027963,-0.8689895703359835,0.95,9.0,-0.045395759303349575,343.363214752401,1.0,0.0
evt_pay_008158_0,cust_052,pay_008158,2026-05-14T10:03:52.730468+00:00,150354,RETRY_LATER,0.8333333333333334,1,0.44761904761904764,5.600872417844282,0.089997200724222,0.0,1.0,0.4852719247861539,-0.8743632877782217,1.0,3.0,-1.0656726581061444,343.2941527278396,0.0,1.0
evt_pay_007916_0,cust_002,pay_007916,2026-05-14T10:33:56.299153+00:00,267606,RETRY_NOW,0.8333333333333334,0,0.3333333333333333,0.05044760356855704,-0.3694580531608725,0.0,1.0,0.3667516196732458,-0.9303188966516003,0.9565217391304348,5.0,-0.38277421977533765,322.52278034853344,1.0,0.0
evt_pay_002317_0,cust_034,pay_002317,2026-05-14T10:36:07.275534+00:00,56365,RETRY_LATER,0.8333333333333334,0,0.34146341463414637,1.4280515604393524,0.12001288014364984,0.0,1.0,0.35787394966132136,-0.9337699053588127,0.9473684210526316,9.0,-0.5369784473169031,327.55460596654126,0.0,1.0
evt_pay_004342_2,cust_001,pay_004342,2026-05-14T10:37:31.616441+00:00,502849,PAYMENT_LINK,0.8333333333333334,0,0.3032258064516129,0.9166666666666666,-0.13274853528860972,2.0,1.0,0.35214002890638657,-0.9359473276001216,0.95,18.0,0.16534712408787333,325.9958291555789,0.0,1.0
evt_pay_002232_1,cust_017,pay_002232,2026-05-14T10:57:49.712460+00:00,521793,WHATSAPP_NUDGE,0.03333333333333333,0,0.3305785123966942,0.08333333333333333,0.0558288704789966,1.0,1.0,0.26795922309207754,-0.963430254226994,0.9565217391304348,7.0,0.5027156808516637,337.018433928805,1.0,0.0
evt_pay_006268_1,cust_002,pay_006268,2026-05-14T11:21:17.626205+00:00,324131,WHATSAPP_NUDGE,0.8333333333333334,0,0.3319838056680162,0.03288572976477629,0.15600123973011418,1.0,1.0,0.16808606571414034,-0.9857723238723746,0.9583333333333334,5.0,-0.38277421977533765,322.5556660782982,0.0,0.0
evt_pay_006666_2,cust_057,pay_006666,2026-05-14T12:06:37.162169+00:00,75800,ESCALATE_HUMAN,0.8333333333333334,1,0.3853211009174312,0.32236495031493934,-0.21181152165829306,2.0,1.0,-0.028878432547426437,-0.9995829310935656,0.95,7.0,-0.5990323654313375,334.7693602906477,1.0,0.0
evt_pay_001027_0,cust_003,pay_001027,2026-05-14T12:26:22.016921+00:00,182973,RETRY_LATER,0.8333333333333334,1,0.5042735042735043,0.2979447979185655,-0.4835086017341029,0.0,1.0,-0.11479389144112717,-0.9933893307700675,0.9565217391304348,10.0,2.053947620637407,319.54897233653793,0.0,1.0
evt_pay_005989_0,cust_030,pay_005989,2026-05-14T12:31:53.012129+00:00,149718,RETRY_NOW,0.8333333333333334,0,0.3781818181818182,1.4763098667591141,-0.38367373629253543,0.0,1.0,-0.13866985618850122,-0.9903386647933425,1.0,9.0,1.7722569671050512,314.466335917373,1.0,0.0
evt_pay_007916_1,cust_002,pay_007916,2026-05-14T12:33:56.299153+00:00,270088,WHATSAPP_NUDGE,0.8333333333333334,0,0.33064516129032256,0.05044760356855704,-0.3463893260689201,1.0,1.0,-0.14754322880968038,-0.9890556079576185,0.9166666666666666,6.0,-0.38277421977533765,322.6061136818668,0.0,1.0
evt_pay_003371_0,cust_000,pay_003371,2026-05-14T12:46:04.469641+00:00,125544,PAYMENT_LINK,0.03333333333333333,0,0.38235294117647056,0.19095873064412672,-0.03951012134348942,0.0,1.0,-0.19968644005027833,-0.9798598500091973,0.875,8.0,0.8132490481077264,333.18720471725527,0.0,0.0
evt_pay_005829_2,cust_014,pay_005829,2026-05-14T13:02:46.890428+00:00,86061,RETRY_NOW,0.03333333333333333,0,0.3018181818181818,0.31076375957553637,0.8220184517172964,2.0,1.0,-0.2705227651478592,-0.9627135781408488,1.0,15.0,-0.8122776257059364,338.30062101403024,1.0,0.0
evt_pay_002482_2,cust_005,pay_002482,2026-05-14T13:19:00.965555+00:00,170109,ESCALATE_HUMAN,0.8333333333333334,0,0.3188976377952756,0.7364599057835145,0.855909818580286,2.0,1.0,-0.33798280383757656,-0.9411522853981125,0.92,10.0,-0.6412832630166057,334.23199024340096,0.0,1.0
evt_pay_004809_0,cust_006,pay_004809,2026-05-14T14:15:32.282904+00:00,108322,WHATSAPP_NUDGE,0.8333333333333334,0,0.4852941176470588,3.2390340251415637,-0.4788707932240841,0.0,1.0,-0.5575207239377784,-0.8301630215685926,1.0,3.0,-0.3286363658753921,336.2425242893391,0.0,0.0
evt_pay_005823_0,cust_022,pay_005823,2026-05-14T14:18:35.582864+00:00,114103,WHATSAPP_NUDGE,0.8333333333333334,0,0.42971887550200805,1.6320449452445398,0.04568923009652765,0.0,1.0,-0.5685368956871335,-0.8226577649560219,0.9285714285714286,6.0,-0.6143468879245073,322.60261607827795,0.0,0.0
evt_pay_005989_1,cust_030,pay_005989,2026-05-14T14:31:53.012129+00:00,160916,WHATSAPP_NUDGE,0.8333333333333334,0,0.37681159420289856,0.08333333333333333,-0.19868686959765275,1.0,1.0,-0.6152609505950479,-0.7883235139667457,1.0,9.0,1.7722569671050512,314.5496692507063,0.0,0.0
evt_pay_003371_1,cust_000,pay_003371,2026-05-14T14:46:04.469641+00:00,142623,WHATSAPP_NUDGE,0.8333333333333334,0,0.3807531380753138,0.08333333333333333,0.3438171960254665,1.0,1.0,-0.6628634548794182,-0.7487403022312352,0.875,9.0,0.8132490481077264,333.2705380505886,0.0,0.0
evt_pay_005194_0,cust_018,pay_005194,2026-05-14T15:22:22.626681+00:00,140571,WHATSAPP_NUDGE,0.8333333333333334,0,0.29844961240310075,1.141635504595494,-0.0859033152962163,0.0,1.0,-0.7726701787411875,-0.6348076833845517,0.9130434782608696,6.0,-0.4554811204429685,319.26275845134404,0.0,0.0
evt_pay_006482_0,cust_037,pay_006482,2026-05-14T16:00:36.950951+00:00,116181,RETRY_NOW,0.8333333333333334,0,0.4325581395348837,0.31644300543914977,-0.7770694650411827,0.0,1.0,-0.867365849960458,-0.49767105835317804,1.0,4.0,-0.33341852366871827,321.2969578639905,1.0,0.0
evt_pay_001614_2,cust_031,pay_001614,2026-05-14T16:15:18.668731+00:00,61332,ESCALATE_HUMAN,0.8333333333333334,0,0.3346938775510204,0.3103364133460218,0.4012338419462253,2.0,1.0,-0.8974723785002803,-0.44107066307911447,0.8823529411764706,5.0,-0.07508066613848166,337.01279312190894,1.0,0.0
evt_pay_002209_0,cust_053,pay_002209,2026-05-14T16:17:09.406820+00:00,385263,WHATSAPP_NUDGE,0.8333333333333334,0,0.4046692607003891,0.3191378187913756,0.5821394314110083,0.0,1.0,-0.9009952252790744,-0.43382900320784223,0.8823529411764706,3.0,-0.06914381847567465,314.6629396726613,0.0,0.0
evt_pay_005823_1,cust_022,pay_005823,2026-05-14T16:18:35.582864+00:00,112521,WHATSAPP_NUDGE,0.8333333333333334,0,0.428,0.08333333333333333,0.005438290886674753,1.0,1.0,-0.9036962771318121,-0.42817407522887574,0.9333333333333333,7.0,-0.6143468879245073,322.68594941161126,0.0,1.0
evt_pay_000037_0,cust_036,pay_000037,2026-05-14T16:40:58.876427+00:00,305881,WHATSAPP_NUDGE,0.8333333333333334,0,0.48760330578512395,0.6265326576441339,-0.2794438343782278,0.0,1.0,-0.9411484014234485,-0.337993619019779,0.9375,2.0,-0.5882553306323993,325.1365085663867,0.0,0.0
evt_pay_001564_0,cust_028,pay_001564,2026-05-14T17:01:21.160417+00:00,269800,RETRY_LATER,0.8333333333333334,0,0.3855421686746988,0.4308375477122392,0.5130140016988015,0.0,1.0,-0.9674365826286003,-0.2531135290574083,0.9090909090909091,11.0,0.3910481863531735,315.0365492445709,0.0,1.0
evt_pay_001701_0,cust_007,pay_001701,2026-05-14T17:10:01.449995+00:00,317325,RETRY_LATER,0.8333333333333334,0,0.4427860696517413,4.193475667887564,0.02436780947405465,0.0,1.0,-0.9763188245226098,-0.21633666559968406,1.0,4.0,-0.46533070623945577,342.8136011406628,0.0,1.0
evt_pay_003539_0,cust_004,pay_003539,2026-05-14T17:23:45.946433+00:00,457376,RETRY_NOW,0.8333333333333334,0,0.3445378151260504,0.5941248611033908,0.24404834420258412,0.0,1.0,-0.9875279481170789,-0.1574438048564376,0.8888888888888888,6.0,-0.2585165281110097,339.88879126302015,1.0,0.0
evt_pay_000898_0,cust_024,pay_000898,2026-05-14T17:38:20.158580+00:00,118288,RETRY_NOW,0.8333333333333334,0,0.2529182879377432,1.985304254648535,0.6742957396872218,0.0,1.0,-0.9955356360422577,-0.09438642577159814,0.8947368421052632,9.0,-1.1653357768016162,329.39281493328053,1.0,0.0
evt_pay_003553_2,cust_020,pay_003553,2026-05-14T17:53:03.856579+00:00,50059,ESCALATE_HUMAN,0.8333333333333334,0,0.3485915492957746,0.6271950168736377,-0.5232754576765192,2.0,1.0,-0.9995421163073664,-0.03025818447612338,1.0,7.0,0.06752823759169156,328.9836038070148,1.0,0.0
evt_pay_007787_0,cust_025,pay_007787,2026-05-14T17:57:22.689088+00:00,222126,RETRY_NOW,0.8333333333333334,0,0.5161290322580645,0.39381352178120704,0.07865821625958963,0.0,1.0,-0.9999345642301758,-0.011439722802951219,1.0,13.0,0.10753773716001852,320.4319914432351,1.0,0.0
evt_pay_006482_1,cust_037,pay_006482,2026-05-14T18:00:36.950951+00:00,149874,WHATSAPP_NUDGE,0.8333333333333334,0,0.4305555555555556,0.08333333333333333,-0.17382389819939265,1.0,1.0,-0.9999963896174274,0.002687145718088433,1.0,4.0,-0.33341852366871827,321.38029119732386,0.0,0.0
evt_pay_002209_1,cust_053,pay_002209,2026-05-14T18:17:09.406820+00:00,436673,WHATSAPP_NUDGE,0.8333333333333334,0,0.40310077519379844,0.08333333333333333,1.0410866582326503,1.0,1.0,-0.9971992553840828,0.07479067496306449,0.8947368421052632,4.0,-0.06914381847567465,314.7462730059946,0.0,1.0
evt_pay_004012_2,cust_040,pay_004012,2026-05-14T18:20:18.261357+00:00,142102,ESCALATE_HUMAN,0.8333333333333334,0,0.4861111111111111,0.9166666666666666,-0.9898952023471657,2.0,1.0,-0.9960780765633489,0.08847861543819126,0.9047619047619048,8.0,-0.492492512121923,332.8933443592406,0.0,0.0
evt_pay_001564_1,cust_028,pay_001564,2026-05-14T19:01:21.160417+00:00,264076,WHATSAPP_NUDGE,0.8333333333333334,0,0.384,0.08333333333333333,0.44151095263929246,1.0,1.0,-0.964381421635475,0.2645155451090542,0.9047619047619048,11.0,0.3910481863531735,315.1198825779042,1.0,0.0
evt_pay_001701_1,cust_007,pay_001701,2026-05-14T19:10:01.449995+00:00,345682,WHATSAPP_NUDGE,0.8333333333333334,0,0.4405940594059406,0.08333333333333333,0.28186605821152066,1.0,1.0,-0.9536852370293836,0.30080636408195965,1.0,4.0,-0.46533070623945577,342.89693447399617,1.0,0.0
evt_pay_003008_0,cust_001,pay_003008,2026-05-14T19:18:11.275366+00:00,425774,ESCALATE_HUMAN,0.03333333333333333,0,0.3022508038585209,0.36157012644777825,-0.5503367302896102,0.0,1.0,-0.9423674633719886,0.33457968255386283,0.9,19.0,0.16534712408787333,326.35739928202673,0.0,1.0
evt_pay_001650_0,cust_016,pay_001650,2026-05-14T19:56:21.643571+00:00,110272,WHATSAPP_NUDGE,0.8333333333333334,1,0.37549407114624506,1.2560072518101795,-0.15023693275400576,0.0,1.0,-0.8738555507578942,0.4861856398636403,1.0,5.0,-0.5381138706705891,336.61045130613644,0.0,0.0
evt_pay_007787_1,cust_025,pay_007787,2026-05-14T19:57:22.689088+00:00,237745,WHATSAPP_NUDGE,0.8333333333333334,0,0.5140562248995983,0.08333333333333333,0.2850840141310966,1.0,1.0,-0.8716885961469302,0.49006019155548025,1.0,13.0,0.10753773716001852,320.51532477656843,0.0,0.0
evt_pay_008329_2,cust_020,pay_008329,2026-05-14T20:35:41.019447+00:00,47724,ESCALATE_HUMAN,0.8333333333333334,0,0.3473684210526316,0.11293012578829575,-0.632125417744149,2.0,1.0,-0.7780138747823238,0.6282470936233566,0.9444444444444444,7.0,0.06752823759169156,329.0965339328031,1.0,0.0
evt_pay_003198_0,cust_050,pay_003198,2026-05-14T21:11:32.437557+00:00,110962,RETRY_NOW,0.8333333333333334,0,0.4323308270676692,1.271283333353362,-0.1387132233410377,0.0,1.0,-0.6706188187956009,0.7418021298683315,0.875,9.0,-0.900782201038446,341.5978646634967,1.0,0.0
evt_pay_006992_2,cust_009,pay_006992,2026-05-14T21:11:56.205402+00:00,145137,ESCALATE_HUMAN,0.8333333333333334,0,0.34024896265560167,0.9166666666666666,0.6291582842617562,2.0,1.0,-0.6693356523864157,0.7429601499706773,0.9411764705882353,4.0,-0.8984355580750027,316.5001606780086,1.0,0.0
evt_pay_006046_0,cust_054,pay_006046,2026-05-14T21:24:40.802634+00:00,98593,WHATSAPP_NUDGE,0.8333333333333334,0,0.42124542124542125,0.6153297579031308,-0.008014416522525799,0.0,1.0,-0.6270116366191836,0.7790098892466853,0.9,8.0,-0.6956354929968003,330.34872026540756,0.0,0.0
evt_pay_003232_0,cust_053,pay_003232,2026-05-14T21:31:18.633237+00:00,305677,RETRY_LATER,0.8333333333333334,0,0.4015444015444015,0.13482900945691276,-0.12832538105189648,0.0,1.0,-0.6042148123443283,0.7968214734454061,0.9047619047619048,5.0,-0.06914381847567465,314.8811020154515,0.0,1.0
evt_pay_007198_2,cust_028,pay_007198,2026-05-14T22:11:13.047432+00:00,239994,ESCALATE_HUMAN,0.8333333333333334,0,0.38247011952191234,0.13185054415053324,0.14069331576189742,2.0,1.0,-0.4570301776622158,0.8894511884898707,0.9,12.0,0.3910481863531735,315.25173312205476,0.0,0.0
evt_pay_003198_1,cust_050,pay_003198,2026-05-14T23:11:32.437557+00:00,141985,WHATSAPP_NUDGE,0.8333333333333334,0,0.4307116104868914,0.08333333333333333,0.6212942041948314,1.0,1.0,-0.20987186839873664,0.9777288984451791,0.8888888888888888,9.0,-0.900782201038446,341.68119799683,0.0,1.0
evt_pay_006046_1,cust_054,pay_006046,2026-05-14T23:24:40.802634+00:00,90500,RETRY_LATER,0.03333333333333333,0,0.4197080291970803,0.08333333333333333,-0.24189897175553185,1.0,1.0,-0.1535030611573272,0.9881481721965233,0.9047619047619048,9.0,-0.6956354929968003,330.4320535987409,0.0,0.0
evt_pay_003232_1,cust_053,pay_003232,2026-05-14T23:31:18.633237+00:00,398883,WHATSAPP_NUDGE,0.8333333333333334,0,0.4,0.08333333333333333,0.7037338142431729,1.0,1.0,-0.12485464011033327,0.9921750444568334,0.9090909090909091,5.0,-0.06914381847567465,314.9644353487849,0.0,1.0
evt_pay_002591_2,cust_036,pay_002591,2026-05-14T23:38:46.454806+00:00,283972,ESCALATE_HUMAN,0.8333333333333334,1,0.48559670781893005,0.2901340090225328,-0.46407723393966516,2.0,1.0,-0.09248247612158834,0.9957143122454452,0.9285714285714286,3.0,-0.5882553306323993,325.4266425754092,0.0,0.0
evt_pay_006679_0,cust_008,pay_006679,2026-05-14T23:40:57.270050+00:00,205825,RETRY_NOW,0.03333333333333333,0,0.42738589211618255,0.6153815383968512,-0.09873167205957233,0.0,1.0,-0.0830060516026084,0.9965490431470722,0.9375,9.0,0.4190160498383978,330.45103321038124,0.0,1.0
evt_pay_008060_0,cust_055,pay_008060,2026-05-14T23:45:34.278983+00:00,277820,RETRY_NOW,0.8333333333333334,0,0.34035087719298246,0.5863397063095969,-0.3158905754604124,0.0,1.0,-0.06291542795005164,0.9980188620090613,0.9,4.0,-1.0480965437343166,340.9389938224717,1.0,0.0
evt_pay_005925_0,cust_001,pay_005925,2026-05-14T23:50:30.539610+00:00,688489,PAYMENT_LINK,0.8333333333333334,0,0.30128205128205127,0.18911185467790878,0.8730332390516002,0.0,1.0,-0.04140049230179114,0.9991426320787085,0.9130434782608696,19.0,0.16534712408787333,326.5465111367046,0.0,0.0
evt_pay_004921_0,cust_009,pay_004921,2026-05-14T23:52:35.331607+00:00,115817,RETRY_NOW,0.8333333333333334,0,0.33884297520661155,0.11156396070763701,-0.07512087785317995,0.0,1.0,-0.032331562530586395,0.9994771983713939,0.8461538461538461,4.0,-0.8984355580750027,316.6117246387163,1.0,0.0
evt_pay_002555_0,cust_040,pay_002555,2026-05-15T00:00:26.716367+00:00,186184,RETRY_NOW,0.8333333333333334,1,0.4838709677419355,0.23620897001609364,-0.4106435022987887,0.0,1.0,0.001942867798489195,0.9999981126305777,0.9047619047619048,8.0,-0.492492512121923,333.1295533292567,1.0,0.0
evt_pay_007681_0,cust_031,pay_007681,2026-05-15T00:09:01.657649+00:00,52018,RETRY_NOW,0.8333333333333334,0,0.3333333333333333,0.32896977914261544,-0.09358033909004808,0.0,1.0,0.03938027014366562,0.9992242963035937,0.9166666666666666,5.0,-0.07508066613848166,337.3417629010516,1.0,0.0
evt_pay_003856_0,cust_037,pay_003856,2026-05-15T00:12:53.243898+00:00,137488,RETRY_NOW,0.8333333333333334,0,0.42857142857142855,0.25852190911570005,-0.39558505082051154,0.0,1.0,0.05620225334808173,0.9984194042177856,0.9375,5.0,-0.33341852366871827,321.63881310643956,1.0,0.0
evt_pay_004836_0,cust_035,pay_004836,2026-05-15T00:13:51.094996+00:00,38796,WHATSAPP_NUDGE,0.8333333333333334,0,0.3442028985507246,0.9453104975064738,-0.32879390779398965,0.0,1.0,0.060402144473655425,0.9981741235591031,0.8571428571428572,9.0,0.5026080740568922,317.9453530730223,0.0,0.0
evt_pay_003648_0,cust_038,pay_003648,2026-05-15T00:48:44.983516+00:00,47787,RETRY_LATER,0.8333333333333334,0,0.6310679611650486,2.437632866489082,0.20572907424347134,0.0,1.0,0.21111038064402493,0.9774622280090085,1.0,2.0,2.4957647172129915,341.99076112998915,0.0,1.0
evt_pay_001521_0,cust_027,pay_001521,2026-05-15T01:03:37.650108+00:00,80984,WHATSAPP_NUDGE,0.8333333333333334,0,0.2698961937716263,1.3934579892011432,0.04889749602869605,0.0,1.0,0.2740746249327138,0.9617084277305634,0.8571428571428572,1.0,-0.8172299270627982,317.18609928053553,0.0,0.0
evt_pay_006997_0,cust_036,pay_006997,2026-05-15T01:26:04.745004+00:00,390225,WHATSAPP_NUDGE,0.8333333333333334,1,0.48770491803278687,0.3646512566778597,0.4313316574809686,0.0,1.0,0.3668222607315732,0.9302910453356937,0.8461538461538461,3.0,-0.5882553306323993,325.5011598230645,0.0,0.0
evt_pay_005925_1,cust_001,pay_005925,2026-05-15T01:50:30.539610+00:00,657833,RETRY_LATER,0.03333333333333333,0,0.3003194888178914,0.08333333333333333,0.7069392380247039,1.0,1.0,0.463717437976821,0.8859831475351059,0.9130434782608696,20.0,0.16534712408787333,326.62984447003794,0.0,1.0
evt_pay_004921_1,cust_009,pay_004921,2026-05-15T01:52:35.331607+00:00,111698,WHATSAPP_NUDGE,0.8333333333333334,1,0.3374485596707819,0.08333333333333333,-0.17407863882594668,1.0,1.0,0.4717386446901643,0.881738425558219,0.7272727272727273,4.0,-0.8984355580750027,316.6950579720496,1.0,0.0
evt_pay_004213_0,cust_046,pay_004213,2026-05-15T02:00:48.028289+00:00,99068,RETRY_NOW,0.8333333333333334,0,0.4326923076923077,1.0611097250223527,-0.1975115081592761,0.0,1.0,0.5030217246290578,0.8642737671312304,1.0,12.0,-0.9687765812058661,338.1042580449137,1.0,0.0
evt_pay_000413_0,cust_050,pay_000413,2026-05-15T02:01:35.068729+00:00,116767,WHATSAPP_NUDGE,0.8333333333333334,0,0.4291044776119403,0.11808600893707914,0.0034923968724466523,0.0,1.0,0.5059753501286193,0.8625479378343103,0.9,10.0,-0.900782201038446,341.7992840057671,0.0,0.0
evt_pay_007681_1,cust_031,pay_007681,2026-05-15T02:09:01.657649+00:00,42440,ESCALATE_HUMAN,0.03333333333333333,0,0.3319838056680162,0.08333333333333333,-0.6024280464682055,1.0,1.0,0.5337164625041051,0.8456634896057085,0.9166666666666666,5.0,-0.07508066613848166,337.4250962343849,0.0,0.0
evt_pay_003856_1,cust_037,pay_003856,2026-05-15T02:12:53.243898+00:00,158600,WHATSAPP_NUDGE,0.8333333333333334,1,0.42660550458715596,0.08333333333333333,-0.01760788462032589,1.0,1.0,0.5478822812582606,0.8365554410098857,0.9375,5.0,-0.33341852366871827,321.72214643977287,0.0,0.0
evt_pay_004836_1,cust_035,pay_004836,2026-05-15T02:13:51.094996+00:00,44470,WHATSAPP_NUDGE,0.8333333333333334,0,0.34296028880866425,0.08333333333333333,0.04095380698218447,1.0,1.0,0.5513968533367949,0.8342430761656228,0.6666666666666667,10.0,0.5026080740568922,318.0286864063557,0.0,0.0
evt_pay_007776_2,cust_000,pay_007776,2026-05-15T02:15:23.953395+00:00,127158,ESCALATE_HUMAN,0.8333333333333334,0,0.37916666666666665,0.47869772863672705,-0.0032804791469510674,2.0,1.0,0.5570177596186211,0.8305005812577448,0.9090909090909091,10.0,0.8132490481077264,333.74923577922533,0.0,1.0
evt_pay_003418_0,cust_016,pay_003418,2026-05-15T02:25:06.137610+00:00,102862,RETRY_NOW,0.8333333333333334,0,0.3779527559055118,1.525966673553872,-0.3321300454167267,0.0,1.0,0.5916695375813169,0.8061805990584929,0.8823529411764706,5.0,-0.5381138706705891,336.88041072788013,1.0,0.0
evt_pay_004527_0,cust_013,pay_004527,2026-05-15T02:26:05.211300+00:00,206120,WHATSAPP_NUDGE,0.8333333333333334,0,0.33191489361702126,1.792351469929751,0.5681043640883345,0.0,1.0,0.5951273868466654,0.8036313790694459,0.9166666666666666,8.0,-0.5595801808996762,315.7037197239608,0.0,0.0
evt_pay_002110_0,cust_032,pay_002110,2026-05-15T02:33:14.550147+00:00,298576,PAYMENT_LINK,0.03333333333333333,0,0.3154121863799283,1.7089301035938813,-0.2297837606605158,0.0,1.0,0.619924559446492,0.7846614178071155,0.8636363636363636,8.0,0.2905055503479753,339.56977438183304,0.0,0.0
evt_pay_008045_0,cust_043,pay_008045,2026-05-15T02:48:33.901654+00:00,168712,RETRY_NOW,0.8333333333333334,0,0.2631578947368421,2.0081450563894805,0.48424369806479106,0.0,1.0,0.6709607186098866,0.7414928955037294,0.8695652173913043,4.0,-0.05414349663535748,329.7593145584938,1.0,0.0
evt_pay_003648_1,cust_038,pay_003648,2026-05-15T02:48:44.983516+00:00,59021,DO_NOTHING,0.03333333333333333,0,0.6280193236714976,0.08333333333333333,0.9257382998239584,1.0,1.0,0.6715580666448324,0.7409519303735261,1.0,2.0,2.4957647172129915,342.0740944633225,0.0,0.0
evt_pay_003124_0,cust_013,pay_003124,2026-05-15T02:50:56.791420+00:00,205151,WHATSAPP_NUDGE,0.8333333333333334,0,0.3305084745762712,0.017263658789734865,0.5519943889154083,0.0,1.0,0.6786293842466499,0.7344808771077793,0.92,9.0,-0.5595801808996762,315.7209833827505,0.0,0.0
evt_pay_005712_0,cust_033,pay_005712,2026-05-15T02:55:21.343985+00:00,73614,WHATSAPP_NUDGE,0.8333333333333334,1,0.5779816513761468,3.2729180736285457,-0.22086378878004836,0.0,1.0,0.6926334600420128,0.7212897406938695,1.0,3.0,-0.3958893149650273,318.86531087377244,0.0,0.0
evt_pay_007093_0,cust_020,pay_007093,2026-05-15T02:58:31.483234+00:00,53327,ESCALATE_HUMAN,0.03333333333333333,0,0.34615384615384615,0.2658618493838958,-0.3709076862439602,0.0,1.0,0.702540430823518,0.7116438316027939,0.8823529411764706,7.0,0.06752823759169156,329.362395782187,0.0,0.0
evt_pay_001521_1,cust_027,pay_001521,2026-05-15T03:03:37.650108+00:00,74952,WHATSAPP_NUDGE,0.8333333333333334,1,0.2689655172413793,0.08333333333333333,-0.16754621817132076,1.0,1.0,0.7182098015897037,0.6958266169819018,0.8695652173913043,2.0,-0.8172299270627982,317.2694326138689,0.0,1.0
evt_pay_002112_2,cust_014,pay_002112,2026-05-15T03:35:16.901601+00:00,58423,ESCALATE_HUMAN,0.8333333333333334,0,0.3007246376811594,0.6059029070911303,-0.35951053635925706,2.0,1.0,0.8071707848911025,0.5903179855114373,0.9411764705882353,15.0,-0.8122776257059364,338.9065239211214,0.0,0.0
evt_pay_003418_1,cust_016,pay_003418,2026-05-15T04:25:06.137610+00:00,117900,WHATSAPP_NUDGE,0.8333333333333334,0,0.3764705882352941,0.08333333333333333,0.03701574804399052,1.0,1.0,0.9154911497200585,0.4023381100321536,0.8888888888888888,4.0,-0.5381138706705891,336.96374406121345,0.0,0.0
evt_pay_004527_1,cust_013,pay_004527,2026-05-15T04:26:05.211300+00:00,184295,WHATSAPP_NUDGE,0.8333333333333334,0,0.3291139240506329,0.06606967454359847,0.20541627401447698,1.0,1.0,0.9172111250317841,0.39840149612912945,0.9565217391304348,10.0,-0.5595801808996762,315.7870530572941,0.0,0.0
evt_pay_002110_1,cust_032,pay_002110,2026-05-15T04:33:14.550147+00:00,408515,ESCALATE_HUMAN,0.03333333333333333,0,0.3142857142857143,0.08333333333333333,0.7376426321659805,1.0,1.0,0.9292011258140963,0.36957444146723134,0.8333333333333334,9.0,0.2905055503479753,339.6531077151664,1.0,0.0
evt_pay_008561_0,cust_031,pay_008561,2026-05-15T04:41:38.038342+00:00,49773,WHATSAPP_NUDGE,0.8333333333333334,0,0.33064516129032256,0.10597662840056425,-0.2128635191980131,0.0,1.0,0.9421071672429605,0.3353119225876771,0.9565217391304348,5.0,-0.07508066613848166,337.5310728627855,0.0,0.0
evt_pay_003116_0,cust_043,pay_003116,2026-05-15T04:57:01.955138+00:00,121308,RETRY_LATER,0.8333333333333334,0,0.2620967741935484,0.08921358198885325,-0.4545966208745191,0.0,1.0,0.9624938205726896,0.2713036036608936,0.84,4.0,-0.05414349663535748,329.8485281404827,0.0,1.0
evt_pay_006578_0,cust_030,pay_006578,2026-05-15T04:58:08.274693+00:00,163218,WHATSAPP_NUDGE,0.8333333333333334,0,0.37545126353790614,0.6015655389396102,-0.1606537822493934,0.0,1.0,0.9637910901400975,0.2666584605193738,0.8947368421052632,10.0,1.7722569671050512,315.1512347896459,0.0,0.0
evt_pay_005240_0,cust_030,pay_005240,2026-05-15T05:34:43.666121+00:00,164142,RETRY_NOW,0.8333333333333334,0,0.37410071942446044,0.02540962300912497,-0.14538104315865083,0.0,1.0,0.9939263212863969,0.11004757086864783,0.9,11.0,1.7722569671050512,315.17664441265504,1.0,0.0
evt_pay_007143_0,cust_050,pay_007143,2026-05-15T05:38:14.775243+00:00,129407,PAYMENT_LINK,0.03333333333333333,0,0.4275092936802974,0.15045956613730974,0.3131622800532145,0.0,1.0,0.9954986086641874,0.09477615811831076,0.875,11.0,-0.900782201038446,341.9497435719045,0.0,0.0
evt_pay_006829_0,cust_028,pay_006829,2026-05-15T06:15:45.960554+00:00,300061,RETRY_NOW,0.8333333333333334,0,0.38095238095238093,0.33649205003014987,0.8910093845259562,0.0,1.0,0.9976347500965038,-0.06873794730632037,0.84,12.0,0.3910481863531735,315.58822517208495,1.0,0.0
evt_pay_007194_2,cust_025,pay_007194,2026-05-15T06:30:17.200806+00:00,218153,ESCALATE_HUMAN,0.8333333333333334,0,0.512,0.4395198115521263,0.02613943291307966,2.0,1.0,0.991280813427893,-0.1317662662813773,0.9333333333333333,14.0,0.10753773716001852,320.9548445881206,0.0,1.0
evt_pay_002451_2,cust_053,pay_002451,2026-05-15T06:37:35.899277+00:00,386806,ESCALATE_HUMAN,0.8333333333333334,1,0.39846743295019155,0.2960331717517117,0.5959214083398754,2.0,1.0,0.9865733579131784,-0.16331873577736192,0.9583333333333334,6.0,-0.06914381847567465,315.26046852053656,1.0,0.0
evt_pay_007934_0,cust_018,pay_007934,2026-05-15T06:42:14.786952+00:00,168765,RETRY_LATER,0.8333333333333334,0,0.2972972972972973,0.6387981512868729,0.469918864519144,0.0,1.0,0.9830583744122946,-0.18329275080552665,0.84,7.0,-0.4554811204429685,319.90155660263093,0.0,1.0
evt_pay_003116_1,cust_043,pay_003116,2026-05-15T06:57:01.955138+00:00,141140,WHATSAPP_NUDGE,0.8333333333333334,0,0.26104417670682734,0.08333333333333333,-0.0618161672704771,1.0,1.0,0.9691959014319373,-0.24629109737774593,0.8461538461538461,4.0,-0.05414349663535748,329.931861473816,0.0,0.0
evt_pay_004897_0,cust_002,pay_004897,2026-05-15T07:24:41.206721+00:00,362550,RETRY_NOW,0.8333333333333334,0,0.3293172690763052,0.7852419857375139,0.5131444640705545,0.0,1.0,0.9325023376375614,-0.36116393826139864,0.8518518518518519,7.0,-0.38277421977533765,323.39135566760433,1.0,0.0
evt_pay_005240_1,cust_030,pay_005240,2026-05-15T07:34:43.666121+00:00,143798,WHATSAPP_NUDGE,0.8333333333333334,1,0.3727598566308244,0.08333333333333333,-0.48149087328284057,1.0,1.0,0.9157892291583575,-0.4016591686461811,0.8947368421052632,11.0,1.7722569671050512,315.25997774598835,0.0,1.0
evt_pay_007143_1,cust_050,pay_007143,2026-05-15T07:38:14.775243+00:00,121198,WHATSAPP_NUDGE,0.8333333333333334,0,0.42592592592592593,0.08333333333333333,0.11204995364296785,1.0,1.0,0.9095151635944051,-0.4156707437285459,0.8888888888888888,12.0,-0.900782201038446,342.0330769052378,1.0,0.0
evt_pay_001184_0,cust_038,pay_001184,2026-05-15T08:07:45.655986+00:00,49841,RETRY_NOW,0.8333333333333334,0,0.625,0.22153556098946106,0.3373592715033981,0.0,1.0,0.8486004073140163,-0.5290343549397201,0.9285714285714286,2.0,2.4957647172129915,342.29563002431195,1.0,0.0
evt_pay_006829_1,cust_028,pay_006829,2026-05-15T08:15:45.960554+00:00,267378,ESCALATE_HUMAN,0.03333333333333333,0,0.3794466403162055,0.08333333333333333,0.48275853924925277,1.0,1.0,0.829608063628552,-0.5583461836195215,0.8846153846153846,12.0,0.3910481863531735,315.67155850541826,0.0,1.0
evt_pay_008300_0,cust_015,pay_008300,2026-05-15T08:27:28.414873+00:00,137168,RETRY_LATER,0.8333333333333334,0,0.40816326530612246,1.4195091367380996,0.4662368633989476,0.0,1.0,0.8000157322220115,-0.5999790231310415,0.9285714285714286,2.0,1.245182551392603,331.7685555717671,0.0,1.0
evt_pay_007934_1,cust_018,pay_007934,2026-05-15T08:42:14.786952+00:00,130143,RETRY_LATER,0.03333333333333333,0,0.29615384615384616,0.08333333333333333,-0.29146817697991695,1.0,1.0,0.7597071502413181,-0.6502653657332639,0.8888888888888888,7.0,-0.4554811204429685,319.98488993596425,0.0,0.0
evt_pay_002232_2,cust_017,pay_002232,2026-05-15T08:57:49.712460+00:00,442240,ESCALATE_HUMAN,0.8333333333333334,0,0.3292181069958848,0.9166666666666666,-0.3882855051816605,2.0,1.0,0.713774621489578,-0.7003754633890379,0.8928571428571429,8.0,0.5027156808516637,337.9351005954717,0.0,0.0
evt_pay_001847_0,cust_041,pay_001847,2026-05-15T09:03:21.838767+00:00,250393,WHATSAPP_NUDGE,0.8333333333333334,0,0.46502057613168724,2.1112979379260914,-0.13842563569763155,0.0,1.0,0.6966519782811176,-0.7174092424530125,0.8928571428571429,3.0,0.3693318557794774,343.66716916365687,0.0,0.0
evt_pay_006268_2,cust_002,pay_006268,2026-05-15T09:21:17.626205+00:00,333668,ESCALATE_HUMAN,0.8333333333333334,1,0.328,0.08097707736059571,0.24465208001087,2.0,1.0,0.6384529648668136,-0.7696608419640273,0.896551724137931,7.0,-0.38277421977533765,323.4723327449649,0.0,0.0
evt_pay_004897_1,cust_002,pay_004897,2026-05-15T09:24:41.206721+00:00,303265,WHATSAPP_NUDGE,0.8333333333333334,0,0.33067729083665337,0.08333333333333333,-0.03797439652257334,1.0,1.0,0.6269887443518029,-0.7790283142839864,0.8620689655172413,7.0,-0.38277421977533765,323.47468900093764,1.0,0.0
evt_pay_000729_0,cust_034,pay_000729,2026-05-15T09:26:12.350891+00:00,49460,RETRY_LATER,0.8333333333333334,0,0.340080971659919,0.9514476314430643,-0.2446734242099412,0.0,1.0,0.6218114609530787,-0.7831669726357195,0.9285714285714286,7.0,-0.5369784473169031,328.5060535979843,0.0,1.0
evt_pay_004755_0,cust_051,pay_004755,2026-05-15T09:49:36.496025+00:00,589015,PAYMENT_LINK,0.8333333333333334,0,0.49783549783549785,4.121806863393696,-0.09425068803518133,0.0,1.0,0.5387403957321679,-0.8424718309868569,0.7,1.0,-1.013594580420746,323.20436025095773,0.0,0.0
evt_pay_000846_0,cust_051,pay_000846,2026-05-15T09:50:42.833834+00:00,726585,PAYMENT_LINK,0.8333333333333334,0,0.4956896551724138,0.0007677987144537232,0.5510474792893628,0.0,1.0,0.5346698716199499,-0.8450610205079312,0.7272727272727273,2.0,-1.013594580420746,323.20512804967217,0.0,0.0
evt_pay_004913_0,cust_035,pay_004913,2026-05-15T10:01:20.019614+00:00,44705,RETRY_LATER,0.8333333333333334,0,0.34172661870503596,0.3246403312326909,0.05627172214860173,0.0,1.0,0.4949519958722298,-0.8689203195817763,0.75,11.0,0.5026080740568922,318.35332673758836,0.0,1.0
evt_pay_007916_2,cust_002,pay_007916,2026-05-15T10:33:56.299153+00:00,299770,ESCALATE_HUMAN,0.8333333333333334,0,0.32936507936507936,0.04809134759581942,-0.07046702225970722,2.0,1.0,0.3667516196732458,-0.9303188966516003,0.8620689655172413,7.0,-0.38277421977533765,323.52278034853344,0.0,0.0
evt_pay_001847_1,cust_041,pay_001847,2026-05-15T11:03:21.838767+00:00,321112,WHATSAPP_NUDGE,0.8333333333333334,0,0.46311475409836067,0.08333333333333333,0.6294359514257392,1.0,1.0,0.24461368956162668,-0.9696206180146172,0.8571428571428572,4.0,0.3693318557794774,343.75050249699024,1.0,0.0
evt_pay_004389_0,cust_041,pay_004389,2026-05-15T11:16:25.879232+00:00,253893,ESCALATE_HUMAN,0.03333333333333333,0,0.46122448979591835,0.00907454242036465,-0.10042516434897693,0.0,1.0,0.18896124519199753,-0.981984545609293,0.8620689655172413,5.0,0.3693318557794774,343.75957703941054,0.0,0.0
evt_pay_000729_1,cust_034,pay_000729,2026-05-15T11:26:12.350891+00:00,61972,WHATSAPP_NUDGE,0.8333333333333334,0,0.3387096774193548,0.08333333333333333,0.41619009426336995,1.0,1.0,0.14692103523182168,-0.9891482241840248,0.9230769230769231,7.0,-0.5369784473169031,328.5893869313176,0.0,0.0
evt_pay_004755_1,cust_051,pay_004755,2026-05-15T11:49:36.496025+00:00,654372,PAYMENT_LINK,0.8333333333333334,1,0.49356223175965663,0.08256553461887961,0.21231960753685233,1.0,1.0,0.04532695325551073,-0.998972205473492,0.7692307692307692,3.0,-1.013594580420746,323.28769358429105,0.0,1.0
evt_pay_004913_1,cust_035,pay_004913,2026-05-15T12:01:20.019614+00:00,41584,WHATSAPP_NUDGE,0.8333333333333334,0,0.34050179211469533,0.08333333333333333,-0.14709248159490337,1.0,1.0,-0.005819157711726292,-0.9999830685584262,0.7142857142857143,11.0,0.5026080740568922,318.43666007092173,0.0,1.0
evt_pay_005745_0,cust_003,pay_005745,2026-05-15T12:20:54.597365+00:00,176683,WHATSAPP_NUDGE,0.8333333333333334,0,0.5063829787234042,1.2941552197231658,-0.5651051460870089,0.0,1.0,-0.09111036908615555,-0.9958408008537231,0.8620689655172413,8.0,2.053947620637407,320.54518275834255,0.0,0.0
evt_pay_005989_2,cust_030,pay_005989,2026-05-15T12:31:53.012129+00:00,193511,ESCALATE_HUMAN,0.8333333333333334,1,0.375,0.28969150471793154,0.3398200776693696,2.0,1.0,-0.13866985618850122,-0.9903386647933425,0.8333333333333334,10.0,1.7722569671050512,315.466335917373,0.0,1.0
evt_pay_003371_2,cust_000,pay_003371,2026-05-15T12:46:04.469641+00:00,152554,ESCALATE_HUMAN,0.8333333333333334,0,0.3775933609958506,0.43796893802993964,0.5667003790682623,2.0,1.0,-0.19968644005027833,-0.9798598500091973,1.0,10.0,0.8132490481077264,334.18720471725527,0.0,1.0
evt_pay_007166_0,cust_040,pay_007166,2026-05-15T12:56:44.999711+00:00,190322,DO_NOTHING,0.03333333333333333,0,0.48623853211009177,0.7753094716891837,-0.35626719991060396,0.0,1.0,-0.24509585952670765,-0.9694988497377727,0.8928571428571429,6.0,-0.492492512121923,333.66865383092977,0.0,0.0
evt_pay_005214_0,cust_018,pay_005214,2026-05-15T13:01:11.789426+00:00,147949,RETRY_LATER,0.8333333333333334,0,0.2950191570881226,0.17982641752418735,0.05956324309231107,0.0,1.0,-0.263858279324832,-0.9645614591262388,0.896551724137931,7.0,-0.4554811204429685,320.1647163534885,0.0,1.0
evt_pay_008460_0,cust_047,pay_008460,2026-05-15T13:27:59.156995+00:00,132973,WHATSAPP_NUDGE,0.8333333333333334,1,0.497737556561086,2.0362942841397094,0.5638817529676282,0.0,1.0,-0.3745497516752052,-0.9272068180940227,0.9230769230769231,3.0,1.898235005697721,317.5773359918555,0.0,0.0
evt_pay_001603_0,cust_011,pay_001603,2026-05-15T13:58:50.993037+00:00,62021,RETRY_NOW,0.8333333333333334,1,0.461864406779661,1.5929490076080697,0.132298152500286,0.0,1.0,-0.4956477228456846,-0.8685236524343407,0.7777777777777778,3.0,-0.306212897974724,319.30190314936027,1.0,0.0
evt_pay_005745_1,cust_003,pay_005745,2026-05-15T14:20:54.597365+00:00,206723,WHATSAPP_NUDGE,0.8333333333333334,0,0.5042372881355932,0.08333333333333333,-0.17541079671007023,1.0,1.0,-0.5768242946036488,-0.8168682471212864,0.896551724137931,9.0,2.053947620637407,320.62851609167586,0.0,1.0
evt_pay_006865_0,cust_023,pay_006865,2026-05-15T14:36:12.361776+00:00,75393,WHATSAPP_NUDGE,0.8333333333333334,0,0.4396551724137931,2.1159346011436546,-0.2963050609305055,0.0,1.0,-0.6300187704328413,-0.7765799050337904,1.0,0.0,0.9385908116339667,338.86074143670595,0.0,0.0
evt_pay_005291_0,cust_000,pay_005291,2026-05-15T14:38:41.198378+00:00,141654,ESCALATE_HUMAN,0.03333333333333333,0,0.3760330578512397,0.07820287889933297,0.32206412798120265,0.0,1.0,-0.6383871728986853,-0.7697154133044395,1.0,10.0,0.8132490481077264,334.2654075961546,0.0,1.0
evt_pay_001008_0,cust_040,pay_001008,2026-05-15T14:50:23.018479+00:00,228042,WHATSAPP_NUDGE,0.8333333333333334,0,0.4840182648401826,0.07891225425771609,0.1393814602756291,0.0,1.0,-0.6768234266699407,-0.7361453994359806,0.9,6.0,-0.492492512121923,333.7475660851875,0.0,0.0
evt_pay_002066_0,cust_040,pay_002066,2026-05-15T15:43:28.836585+00:00,211890,WHATSAPP_NUDGE,0.03333333333333333,0,0.4818181818181818,0.0368728947403838,-0.07286219807983439,0.0,1.0,-0.8277681639787039,-0.5610702867763767,0.9,7.0,-0.492492512121923,333.78443897992787,0.0,1.0
evt_pay_006482_2,cust_037,pay_006482,2026-05-15T16:00:36.950951+00:00,194103,DO_NOTHING,0.03333333333333333,0,0.4292237442922374,0.6581447575509666,0.6180315227221542,2.0,1.0,-0.867365849960458,-0.49767105835317804,0.7222222222222222,6.0,-0.33341852366871827,322.2969578639905,0.0,0.0
evt_pay_002209_2,cust_053,pay_002209,2026-05-15T16:17:09.406820+00:00,384046,ESCALATE_HUMAN,0.8333333333333334,0,0.40076335877862596,0.6985043238764206,0.5712763545204745,2.0,1.0,-0.9009952252790744,-0.43382900320784223,0.9444444444444444,6.0,-0.06914381847567465,315.6629396726613,0.0,0.0
evt_pay_007618_0,cust_003,pay_007618,2026-05-15T16:30:46.380330+00:00,195188,RETRY_LATER,0.8333333333333334,0,0.5021097046413502,0.09018267320537159,-0.32504891716487033,0.0,1.0,-0.9251650174372746,-0.37956513342282555,0.9032258064516129,10.0,2.053947620637407,320.71869876488125,0.0,1.0
evt_pay_001008_1,cust_040,pay_001008,2026-05-15T16:50:23.018479+00:00,197793,WHATSAPP_NUDGE,0.8333333333333334,0,0.4796380090497738,0.046460438592949536,-0.2581049780523905,1.0,1.0,-0.9542189810905932,-0.29910890345563135,0.90625,8.0,-0.492492512121923,333.8308994185208,1.0,0.0
evt_pay_001411_0,cust_057,pay_001411,2026-05-15T16:56:04.840608+00:00,100131,RETRY_LATER,0.8333333333333334,0,0.3881278538812785,1.5233797470638137,0.6372989738590721,0.0,1.0,-0.9613586659545682,-0.27529895639840857,0.9444444444444444,6.0,-0.5990323654313375,335.9703750873966,0.0,1.0
evt_pay_005733_0,cust_002,pay_005733,2026-05-15T17:09:48.033405+00:00,426821,WHATSAPP_NUDGE,0.8333333333333334,0,0.32806324110671936,0.27490433162154204,1.1106092392037543,0.0,1.0,-0.9761072840689113,-0.21728913913864523,0.90625,6.0,-0.38277421977533765,323.797684680155,0.0,0.0
evt_pay_001701_2,cust_007,pay_001701,2026-05-15T17:10:01.449995+00:00,299327,ESCALATE_HUMAN,0.8333333333333334,0,0.43842364532019706,0.9166666666666666,-0.13907151714033375,2.0,1.0,-0.9763188245226098,-0.21633666559968406,0.7222222222222222,4.0,-0.46533070623945577,343.8136011406628,0.0,1.0
evt_pay_002066_1,cust_040,pay_002066,2026-05-15T17:43:28.836585+00:00,223220,WHATSAPP_NUDGE,0.8333333333333334,0,0.4774774774774775,0.0368728947403838,0.0760173487494598,1.0,1.0,-0.9974034018377488,-0.07201703966761024,0.9090909090909091,9.0,-0.492492512121923,333.8677723132612,0.0,1.0
evt_pay_004905_0,cust_002,pay_004905,2026-05-15T17:51:20.238648+00:00,304665,RETRY_NOW,0.8333333333333334,0,0.32677165354330706,0.028844968080363742,-0.024955314192947244,0.0,1.0,-0.9992857364025317,-0.037789112485607505,0.9117647058823529,7.0,-0.38277421977533765,323.8265296482354,1.0,0.0
evt_pay_000494_0,cust_029,pay_000494,2026-05-15T18:26:32.943087+00:00,54395,RETRY_LATER,0.8333333333333334,0,0.4054982817869416,3.9591057261313267,0.6165217469118974,0.0,1.0,-0.9932978050380666,0.11558317570718937,0.9117647058823529,2.0,-0.8256115037842402,318.7817238104008,0.0,1.0
evt_pay_007618_1,cust_003,pay_007618,2026-05-15T18:30:46.380330+00:00,228995,PAYMENT_LINK,0.03333333333333333,0,0.5,0.08333333333333333,0.11351430849017807,1.0,1.0,-0.9909989745047658,0.13386946078363984,0.9142857142857143,10.0,2.053947620637407,320.80203209821457,0.0,0.0
evt_pay_005733_1,cust_002,pay_005733,2026-05-15T19:09:48.033405+00:00,312116,WHATSAPP_NUDGE,0.8333333333333334,0,0.3254901960784314,0.054488365252969594,0.04430378731840912,1.0,1.0,-0.9539782743920333,0.29987572757393766,0.9142857142857143,7.0,-0.38277421977533765,323.88101801348836,0.0,1.0
evt_pay_004202_0,cust_029,pay_004202,2026-05-15T19:20:21.738119+00:00,50904,RETRY_LATER,0.8333333333333334,0,0.4041095890410959,0.03737031286429252,0.39359501801683533,0.0,1.0,-0.9391507675102347,0.3435052195890726,0.9166666666666666,2.0,-0.8256115037842402,318.81909412326513,0.0,1.0
evt_pay_001362_0,cust_022,pay_001362,2026-05-15T19:42:52.646857+00:00,102901,WHATSAPP_NUDGE,0.8333333333333334,0,0.4262948207171315,1.14186416658697,-0.23929222792215352,0.0,1.0,-0.9009304238990974,0.4339635598676375,0.6666666666666667,6.0,-0.6143468879245073,323.82781357819823,0.0,0.0
evt_pay_005857_0,cust_021,pay_005857,2026-05-15T19:43:34.731024+00:00,164427,WHATSAPP_NUDGE,0.8333333333333334,0,0.3602693602693603,3.0464966060938914,-0.6725587766099896,0.0,1.0,-0.8995980843115777,0.43671877301409817,1.0,5.0,-0.0711177391970671,331.2707761229231,0.0,0.0
evt_pay_004905_1,cust_002,pay_004905,2026-05-15T19:51:20.238648+00:00,380817,WHATSAPP_NUDGE,0.8333333333333334,0,0.32421875,0.028844968080363742,0.6829543725799084,1.0,1.0,-0.8843013896068367,0.46691653680226153,0.9189189189189189,8.0,-0.38277421977533765,323.9098629815687,0.0,0.0
evt_pay_000494_1,cust_029,pay_000494,2026-05-15T20:26:32.943087+00:00,49551,WHATSAPP_NUDGE,0.8333333333333334,0,0.40273037542662116,0.045963020469040806,0.3072209623989679,1.0,1.0,-0.8024295448326935,0.5967468689315399,0.9210526315789473,2.0,-0.8256115037842402,318.8650571437342,1.0,0.0
evt_pay_000415_0,cust_044,pay_000415,2026-05-15T20:43:28.255768+00:00,200288,WHATSAPP_NUDGE,0.8333333333333334,1,0.42971887550200805,2.0924214549851663,-0.3357458438093048,0.0,1.0,-0.7562220839054403,0.6543150310161866,0.6923076923076923,3.0,-0.8459251821363672,335.707446096193,0.0,0.0
evt_pay_007261_0,cust_012,pay_007261,2026-05-15T21:12:10.677731+00:00,482426,WHATSAPP_NUDGE,0.8333333333333334,0,0.47639484978540775,4.0418117237783235,-0.31214316350709764,0.0,1.0,-0.6685533478911557,0.7436641856533951,1.0,5.0,-0.5006574979571285,325.0895438535557,0.0,0.0
evt_pay_004202_1,cust_029,pay_004202,2026-05-15T21:20:21.738119+00:00,55836,WHATSAPP_NUDGE,0.8333333333333334,0,0.4013605442176871,0.03737031286429252,0.7085871410519354,1.0,1.0,-0.6415758128529807,0.7670596302518058,0.9230769230769231,3.0,-0.8256115037842402,318.90242745659845,0.0,1.0
evt_pay_000518_0,cust_009,pay_000518,2026-05-15T21:24:07.247063+00:00,137588,WHATSAPP_NUDGE,0.8333333333333334,0,0.3401639344262295,0.896897169624386,0.4478132012116896,0.0,1.0,-0.6289107312021637,0.7774775187609991,0.6666666666666667,5.0,-0.8984355580750027,317.50862180834065,0.0,0.0
evt_pay_006046_2,cust_054,pay_006046,2026-05-15T21:24:40.802634+00:00,143611,ESCALATE_HUMAN,0.8333333333333334,1,0.41818181818181815,0.9166666666666666,1.2928932431404316,2.0,1.0,-0.6270116366191836,0.7790098892466853,0.9333333333333333,9.0,-0.6956354929968003,331.34872026540756,1.0,0.0
evt_pay_003232_2,cust_053,pay_003232,2026-05-15T21:31:18.633237+00:00,257736,ESCALATE_HUMAN,0.8333333333333334,0,0.39923954372623577,0.21816234279024607,-0.5562999417148131,2.0,1.0,-0.6042148123443283,0.7968214734454061,0.8666666666666667,6.0,-0.06914381847567465,315.8811020154515,0.0,0.0
evt_pay_001362_1,cust_022,pay_001362,2026-05-15T21:42:52.646857+00:00,119611,WHATSAPP_NUDGE,0.8333333333333334,0,0.4246031746031746,0.08333333333333333,0.18582062639757574,1.0,1.0,-0.5632468542050824,0.826288679111652,0.6923076923076923,7.0,-0.6143468879245073,323.9111469115316,0.0,1.0
evt_pay_005857_1,cust_021,pay_005857,2026-05-15T21:43:34.731024+00:00,244121,WHATSAPP_NUDGE,0.8333333333333334,0,0.35906040268456374,0.08333333333333333,0.38625492976538295,1.0,1.0,-0.5607154077025923,0.828008593895568,1.0,5.0,-0.0711177391970671,331.3541094562565,1.0,0.0
evt_pay_007312_0,cust_059,pay_007312,2026-05-15T21:56:20.087267+00:00,214695,WHATSAPP_NUDGE,0.8333333333333334,0,0.37872340425531914,3.4555355052773393,0.8521081231266653,0.0,1.0,-0.5137853867331256,0.8579187469565475,1.0,1.0,-0.38878117849020055,327.5347133400484,0.0,0.0
evt_pay_005377_0,cust_056,pay_005377,2026-05-15T22:03:56.637948+00:00,167028,RETRY_NOW,0.8333333333333334,0,0.3,2.7086483111240227,0.13781322149309116,0.0,1.0,-0.48502344616522647,0.874501147323437,0.8181818181818181,4.0,-0.26273729270347856,326.874852200347,1.0,0.0
evt_pay_001777_0,cust_003,pay_001777,2026-05-15T22:16:12.514147+00:00,250651,WHATSAPP_NUDGE,0.8333333333333334,0,0.497907949790795,0.15655247473786935,0.3944474565408523,0.0,1.0,-0.43755301385425033,0.8991926156653324,0.9230769230769231,10.0,2.053947620637407,320.9585845729525,0.0,0.0
evt_pay_007261_1,cust_012,pay_007261,2026-05-15T23:12:10.677731+00:00,611164,PAYMENT_LINK,0.8333333333333334,0,0.47435897435897434,0.08333333333333333,0.36700754298584737,1.0,1.0,-0.2071520902321795,0.978308750606085,1.0,6.0,-0.5006574979571285,325.172877186889,1.0,0.0
evt_pay_000479_0,cust_019,pay_000479,2026-05-15T23:23:11.730987+00:00,93519,RETRY_NOW,0.8333333333333334,0,0.4708333333333333,1.902381791663231,-0.6244498684566698,0.0,1.0,-0.15990049918483232,0.9871331370997741,0.7142857142857143,2.0,-0.5137657855739247,321.3836940757071,1.0,0.0
evt_pay_000518_1,cust_009,pay_000518,2026-05-15T23:24:07.247063+00:00,94348,RETRY_LATER,0.03333333333333333,0,0.33877551020408164,0.08333333333333333,-0.5908426815782354,1.0,1.0,-0.1559139105532214,0.9877706477193995,0.7333333333333334,6.0,-0.8984355580750027,317.59195514167396,0.0,0.0
evt_pay_000807_0,cust_028,pay_000807,2026-05-15T23:25:16.533169+00:00,224286,RETRY_LATER,0.8333333333333334,0,0.3779527559055118,0.6316038497094496,-0.055522608774890105,0.0,1.0,-0.15093494379271688,0.988543697942731,0.925,11.0,0.3910481863531735,316.30316235512765,0.0,1.0
evt_pay_007247_0,cust_042,pay_007247,2026-05-15T23:52:42.733657+00:00,204398,RETRY_LATER,0.8333333333333334,0,0.408,4.577892676469465,-0.34411950821298726,0.0,1.0,-0.031793547083861534,0.9994944573952506,1.0,6.0,0.21388002896855346,341.9245242127263,0.0,1.0
evt_pay_007312_1,cust_059,pay_007312,2026-05-15T23:56:20.087267+00:00,202826,WHATSAPP_NUDGE,0.8333333333333334,0,0.3771186440677966,0.08333333333333333,0.6470461435166968,1.0,1.0,-0.01599182352582594,0.9998721226138465,1.0,2.0,-0.38878117849020055,327.61804667338174,0.0,0.0
evt_pay_004836_2,cust_035,pay_004836,2026-05-16T00:13:51.094996+00:00,36100,ESCALATE_HUMAN,0.8333333333333334,0,0.3392857142857143,0.5086930021006424,-0.5045219628762457,2.0,1.0,0.060402144473655425,0.9981741235591031,0.7857142857142857,11.0,0.5026080740568922,318.9453530730223,1.0,0.0
evt_pay_001777_1,cust_003,pay_001777,2026-05-16T00:16:12.514147+00:00,192292,ESCALATE_HUMAN,0.03333333333333333,1,0.49583333333333335,0.08333333333333333,-0.36262107206369365,1.0,1.0,0.07066428233244129,0.9975001549886802,0.9487179487179487,11.0,2.053947620637407,321.0419179062858,0.0,0.0
evt_pay_006174_0,cust_032,pay_006174,2026-05-16T00:31:57.614092+00:00,324034,RETRY_NOW,0.8333333333333334,0,0.31316725978647686,0.8324428697256963,-0.005765788796911349,0.0,1.0,0.13900127928759126,0.9902922015023713,0.925,8.0,0.2905055503479753,340.48555058489205,1.0,0.0
evt_pay_002714_0,cust_049,pay_002714,2026-05-16T01:46:15.438366+00:00,392718,RETRY_LATER,0.8333333333333334,0,0.35546875,1.95153527038273,0.48980477787207866,0.0,1.0,0.44720228316276545,0.8944328470790917,0.925,3.0,0.2100296838614713,317.95470465225617,0.0,1.0
evt_pay_001737_0,cust_006,pay_001737,2026-05-16T01:49:08.052777+00:00,138419,WHATSAPP_NUDGE,0.8333333333333334,0,0.4835164835164835,1.4816640031658228,0.18192506276133527,0.0,1.0,0.45839445788672634,0.8887488514640872,0.8181818181818181,3.0,-0.3286363658753921,337.72418829250495,0.0,0.0
evt_pay_004527_2,cust_013,pay_004527,2026-05-16T02:26:05.211300+00:00,189496,ESCALATE_HUMAN,0.8333333333333334,0,0.3277310924369748,0.9166666666666666,0.2918478098951036,2.0,1.0,0.5951273868466654,0.8036313790694459,0.7777777777777778,9.0,-0.5595801808996762,316.7037197239608,0.0,1.0
evt_pay_004587_0,cust_052,pay_004587,2026-05-16T02:26:17.259248+00:00,162827,WHATSAPP_NUDGE,0.8333333333333334,0,0.45023696682464454,7.283100760198219,0.3344827418937858,0.0,1.0,0.5958312611458098,0.8031096489529894,1.0,0.0,-1.0656726581061444,344.97638107019355,0.0,0.0
evt_pay_006174_1,cust_032,pay_006174,2026-05-16T02:31:57.614092+00:00,302692,WHATSAPP_NUDGE,0.8333333333333334,0,0.3120567375886525,0.08333333333333333,-0.1935663841898951,1.0,1.0,0.6155247397727753,0.7881175640268762,0.926829268292683,8.0,0.2905055503479753,340.56888391822537,1.0,0.0
evt_pay_002052_0,cust_034,pay_002052,2026-05-16T03:09:44.065847+00:00,46362,RETRY_NOW,0.8333333333333334,0,0.3373493975903614,0.6552281823628808,-0.40833184223750935,0.0,1.0,0.7364939921991279,0.6764440844996656,0.8888888888888888,7.0,-0.5369784473169031,329.24461511368054,1.0,0.0
evt_pay_002714_1,cust_049,pay_002714,2026-05-16T03:46:15.438366+00:00,371431,WHATSAPP_NUDGE,0.8333333333333334,0,0.3540856031128405,0.08333333333333333,0.3083909244733796,1.0,1.0,0.8345049613889026,0.5510004259683526,0.9487179487179487,3.0,0.2100296838614713,318.0380379855895,0.0,0.0
evt_pay_001737_1,cust_006,pay_001737,2026-05-16T03:49:08.052777+00:00,145153,WHATSAPP_NUDGE,0.8333333333333334,0,0.48175182481751827,0.08333333333333333,0.32976096516775893,1.0,1.0,0.8413556712159446,0.5404818540087792,0.8888888888888888,4.0,-0.3286363658753921,337.80752162583826,1.0,0.0
evt_pay_001322_0,cust_056,pay_001322,2026-05-16T04:15:31.589810+00:00,165615,PAYMENT_LINK,0.03333333333333333,0,0.298932384341637,0.2580434243277712,0.11247530546216317,0.0,1.0,0.897886433141902,0.44022716088368824,0.9,3.0,-0.26273729270347856,327.13289562467475,0.0,0.0
evt_pay_004723_0,cust_017,pay_004723,2026-05-16T04:20:57.166156+00:00,530839,PAYMENT_LINK,0.8333333333333334,0,0.32786885245901637,0.8077251585297063,0.10632562609783244,0.0,1.0,0.9080568759218755,0.41884688143879467,0.95,6.0,0.5027156808516637,338.7428257540014,0.0,0.0
evt_pay_004587_1,cust_052,pay_004587,2026-05-16T04:26:17.259248+00:00,154592,WHATSAPP_NUDGE,0.8333333333333334,0,0.4481132075471698,0.08333333333333333,0.17305979746793845,1.0,1.0,0.9175598329976858,0.39759772744478666,1.0,1.0,-1.0656726581061444,345.05971440352687,1.0,0.0
evt_pay_001445_0,cust_039,pay_001445,2026-05-16T04:39:19.168907+00:00,250048,WHATSAPP_NUDGE,0.8333333333333334,0,0.5062761506276151,1.919902405893822,-0.019654322019195525,0.0,1.0,0.9386729121599335,0.3448088803630059,0.9090909090909091,7.0,-0.6642333856639545,316.5957312482008,0.0,0.0
evt_pay_006101_0,cust_013,pay_006101,2026-05-16T04:52:04.798463+00:00,172920,PAYMENT_LINK,0.03333333333333333,0,0.3263598326359833,0.10138411067964626,0.01639517342671644,0.0,1.0,0.9564067220343226,0.2920379804880899,0.6666666666666667,9.0,-0.5595801808996762,316.8051038346404,0.0,0.0
evt_pay_003116_2,cust_043,pay_003116,2026-05-16T04:57:01.955138+00:00,112945,ESCALATE_HUMAN,0.8333333333333334,0,0.26,0.9166666666666666,-0.6202306911823894,2.0,1.0,0.9624938205726896,0.2713036036608936,0.95,4.0,-0.05414349663535748,330.8485281404827,1.0,0.0
evt_pay_004691_0,cust_026,pay_004691,2026-05-16T05:04:46.027338+00:00,187917,WHATSAPP_NUDGE,0.8333333333333334,0,0.441025641025641,2.3717823650239893,-0.49785912057300813,0.0,1.0,0.9711000508499503,0.23867277020897018,0.4285714285714286,7.0,1.9048100532514713,332.7648808978696,0.0,0.0
evt_pay_004934_0,cust_029,pay_004934,2026-05-16T05:25:07.684641+00:00,33922,RETRY_NOW,0.8333333333333334,1,0.4,0.3366428995660537,-0.6908537195919191,0.0,1.0,0.9884463691987021,0.15157102367505187,0.95,2.0,-0.8256115037842402,319.2390703561645,1.0,0.0
evt_pay_007143_2,cust_050,pay_007143,2026-05-16T05:38:14.775243+00:00,105970,PAYMENT_LINK,0.03333333333333333,1,0.42435424354243545,0.9166666666666666,-0.26101462180809426,2.0,1.0,0.9954986086641874,0.09477615811831076,1.0,13.0,-0.900782201038446,342.9497435719045,0.0,0.0
evt_pay_001322_1,cust_056,pay_001322,2026-05-16T06:15:31.589810+00:00,214211,PAYMENT_LINK,0.03333333333333333,0,0.2978723404255319,0.08333333333333333,0.9838368027499955,1.0,1.0,0.9977060412561292,-0.06769531180977789,0.9090909090909091,4.0,-0.26273729270347856,327.2162289580081,1.0,0.0
evt_pay_004723_1,cust_017,pay_004723,2026-05-16T06:20:57.166156+00:00,649978,PAYMENT_LINK,0.8333333333333334,0,0.32653061224489793,0.08333333333333333,0.771437403930651,1.0,1.0,0.9958237633488755,-0.0912963983390525,0.925,6.0,0.5027156808516637,338.8261590873347,0.0,0.0
evt_pay_001445_1,cust_039,pay_001445,2026-05-16T06:39:19.168907+00:00,277465,WHATSAPP_NUDGE,0.8333333333333334,0,0.5041666666666667,0.08333333333333333,0.2914678783306079,1.0,1.0,0.9853190279563243,-0.1707232062351342,0.9166666666666666,7.0,-0.6642333856639545,316.67906458153413,0.0,0.0
evt_pay_006879_0,cust_022,pay_006879,2026-05-16T06:50:24.816289+00:00,125594,WHATSAPP_NUDGE,0.8333333333333334,0,0.42292490118577075,0.3802334424972666,0.338027037400048,0.0,1.0,0.9759038107552092,-0.21820117358405955,0.9230769230769231,8.0,-0.6143468879245073,324.29138035402883,0.0,0.0
evt_pay_004691_1,cust_026,pay_004691,2026-05-16T07:04:46.027338+00:00,242579,WHATSAPP_NUDGE,0.8333333333333334,1,0.4387755102040816,0.08333333333333333,0.18841502358412554,1.0,1.0,0.9603336987569022,-0.27885334323240124,0.4285714285714286,8.0,1.9048100532514713,332.8482142312029,0.0,1.0
evt_pay_008289_0,cust_047,pay_008289,2026-05-16T07:05:51.406621+00:00,96795,PAYMENT_LINK,0.03333333333333333,0,0.5,2.7709268029501763,-0.36688099201896834,0.0,1.0,0.9589970368259898,-0.28341609580080507,0.9090909090909091,2.0,1.898235005697721,318.31196851066596,0.0,0.0
evt_pay_002395_0,cust_038,pay_002395,2026-05-16T07:42:58.774407+00:00,53340,RETRY_LATER,0.8333333333333334,0,0.6220095693779905,0.9827907224634677,0.5616300999675767,0.0,1.0,0.9007369568377948,-0.4343649785452191,0.9166666666666666,2.0,2.4957647172129915,343.27842074677545,0.0,1.0
evt_pay_006699_0,cust_047,pay_006699,2026-05-16T07:44:46.059453+00:00,149719,RETRY_NOW,0.8333333333333334,0,0.4977578475336323,0.027021444819543678,0.99469459609329,0.0,1.0,0.897320666295624,-0.441379226786646,0.9230769230769231,3.0,1.898235005697721,318.3389899554855,1.0,0.0
evt_pay_001541_0,cust_015,pay_001541,2026-05-16T07:51:19.611290+00:00,110061,RETRY_LATER,0.03333333333333333,0,0.4065040650406504,0.9748981066832698,-0.19051001137214246,0.0,1.0,0.8843226906877271,-0.4668761920839599,0.9285714285714286,1.0,1.245182551392603,332.74345367845035,1.0,0.0
evt_pay_002268_0,cust_050,pay_002268,2026-05-16T08:15:00.718349+00:00,119877,WHATSAPP_NUDGE,0.8333333333333334,0,0.4264705882352941,1.0255317489164781,0.07968578422211368,0.0,1.0,0.8314405882627507,-0.5556136681087778,0.9230769230769231,14.0,-0.900782201038446,343.0586086541543,0.0,0.0
evt_pay_005529_0,cust_047,pay_005529,2026-05-16T08:46:30.306129+00:00,100968,PAYMENT_LINK,0.03333333333333333,1,0.4955357142857143,0.042873225417565664,-0.25953441651053066,0.0,1.0,0.7474935388712829,-0.664269079022715,0.9230769230769231,3.0,1.898235005697721,318.38186318090305,0.0,1.0
evt_pay_004353_0,cust_000,pay_004353,2026-05-16T08:53:44.557053+00:00,141129,RETRY_NOW,0.8333333333333334,0,0.37448559670781895,0.7604555402246547,0.31027341494865396,0.0,1.0,0.7261469650466756,-0.6875395153396654,0.9285714285714286,10.0,0.8132490481077264,335.02586313637926,1.0,0.0
evt_pay_001871_0,cust_058,pay_001871,2026-05-16T08:55:16.060673+00:00,265422,RETRY_LATER,0.8333333333333334,0,0.48132780082987553,3.6009659922665946,0.26968518578163103,0.0,1.0,0.7215558064037774,-0.6923562798480234,0.8571428571428572,4.0,4.286983765334936,334.33582626076173,0.0,1.0
evt_pay_008289_1,cust_047,pay_008289,2026-05-16T09:05:51.406621+00:00,106182,WHATSAPP_NUDGE,0.8333333333333334,0,0.49777777777777776,0.056311888513789654,-0.1253845732428154,1.0,1.0,0.6888077481449054,-0.7249440572178963,0.8666666666666667,4.0,1.898235005697721,318.3953018439993,0.0,0.0
evt_pay_001422_0,cust_032,pay_001422,2026-05-16T09:23:44.139348+00:00,330214,WHATSAPP_NUDGE,0.8333333333333334,0,0.31095406360424027,0.2859551534329701,0.04862019829716037,0.0,1.0,0.6302163472610821,-0.7764195744859214,0.9393939393939394,9.0,0.2905055503479753,340.8548390716584,0.0,0.0
evt_pay_006699_1,cust_047,pay_006699,2026-05-16T09:44:46.059453+00:00,120432,WHATSAPP_NUDGE,0.8333333333333334,0,0.49557522123893805,0.027021444819543678,0.2412269238530928,1.0,1.0,0.556412878959466,-0.8309059562477805,0.8666666666666667,5.0,1.898235005697721,318.42232328881886,1.0,0.0
evt_pay_001541_1,cust_015,pay_001541,2026-05-16T09:51:19.611290+00:00,121479,DO_NOTHING,0.03333333333333333,0,0.4048582995951417,0.08333333333333333,0.08613497373415582,1.0,1.0,0.5324078192366003,-0.8464879881107159,0.875,1.0,1.245182551392603,332.82678701178367,1.0,0.0
evt_pay_007668_0,cust_019,pay_007668,2026-05-16T09:53:40.276417+00:00,137132,RETRY_LATER,0.8333333333333334,1,0.46887966804979253,0.4378303869244367,0.4167736924848921,0.0,1.0,0.523721002214373,-0.8518898472452718,0.9166666666666666,2.0,-0.5137657855739247,321.82152446263154,0.0,1.0
evt_pay_006132_0,cust_041,pay_006132,2026-05-16T09:55:44.273021+00:00,204015,PAYMENT_LINK,0.03333333333333333,0,0.45934959349593496,0.9439628910784373,-0.6419839711086265,0.0,1.0,0.5160180785473879,-0.8565776921051947,0.9393939393939394,4.0,0.3693318557794774,344.70353993048906,0.0,0.0
evt_pay_004913_2,cust_035,pay_004913,2026-05-16T10:01:20.019614+00:00,51788,ESCALATE_HUMAN,0.8333333333333334,0,0.33807829181494664,0.4079736645660243,0.5178622756386964,2.0,1.0,0.4949519958722298,-0.8689203195817763,0.8461538461538461,11.0,0.5026080740568922,319.35332673758836,0.0,0.0
evt_pay_002268_1,cust_050,pay_002268,2026-05-16T10:15:00.718349+00:00,121060,WHATSAPP_NUDGE,0.8333333333333334,0,0.4249084249084249,0.08333333333333333,0.10865560582274908,1.0,1.0,0.44224183711863113,-0.8968958454034326,0.9333333333333333,15.0,-0.900782201038446,343.1419419874876,0.0,1.0
evt_pay_005531_0,cust_001,pay_005531,2026-05-16T10:20:58.594289+00:00,551565,PAYMENT_LINK,0.8333333333333334,0,0.29936305732484075,1.354491373602059,0.1311883746582456,0.0,1.0,0.41875257134230903,-0.908100371101237,0.8333333333333334,16.0,0.16534712408787333,327.98433584364,0.0,0.0
evt_pay_003411_0,cust_036,pay_003411,2026-05-16T10:30:34.595368+00:00,424570,WHATSAPP_NUDGE,0.8333333333333334,0,0.4897959183673469,1.7427745247899413,0.7207639330253276,0.0,1.0,0.3803578849269483,-0.9248393803109264,0.8461538461538461,4.0,-0.5882553306323993,326.8792830911766,0.0,0.0
evt_pay_001871_1,cust_058,pay_001871,2026-05-16T10:55:16.060673+00:00,324402,WHATSAPP_NUDGE,0.8333333333333334,0,0.4793388429752066,0.08333333333333333,0.9645002681775094,1.0,1.0,0.27870751866982557,-0.9603760300199651,0.8823529411764706,4.0,4.286983765334936,334.41915959409505,0.0,0.0
evt_pay_005935_0,cust_047,pay_005935,2026-05-16T10:58:57.353750+00:00,88820,RETRY_NOW,0.8333333333333334,1,0.4933920704845815,0.051519609920319454,-0.5720626175322135,0.0,1.0,0.2632168739615545,-0.9647366880459699,0.8888888888888888,6.0,1.898235005697721,318.4738428987392,1.0,0.0
evt_pay_003460_0,cust_023,pay_003460,2026-05-16T11:12:21.846950+00:00,84910,RETRY_LATER,0.8333333333333334,0,0.43776824034334766,0.8584431154480967,0.026943725860402123,0.0,1.0,0.20635739212385423,-0.9784766868535202,0.9375,1.0,0.9385908116339667,339.71918455215405,0.0,1.0
evt_pay_001422_1,cust_032,pay_001422,2026-05-16T11:23:44.139348+00:00,328779,RETRY_LATER,0.03333333333333333,0,0.30985915492957744,0.08333333333333333,0.035988437149192955,1.0,1.0,0.1575735793653721,-0.9875072491308531,0.935483870967742,10.0,0.2905055503479753,340.9381724049917,1.0,0.0
evt_pay_006132_1,cust_041,pay_006132,2026-05-16T11:55:44.273021+00:00,290821,WHATSAPP_NUDGE,0.8333333333333334,1,0.4574898785425101,0.08333333333333333,0.30054088333264206,1.0,1.0,0.018595918781474607,-0.9998270809518378,0.9375,5.0,0.3693318557794774,344.7868732638224,1.0,0.0
evt_pay_005745_2,cust_003,pay_005745,2026-05-16T12:20:54.597365+00:00,249522,ESCALATE_HUMAN,0.8333333333333334,0,0.4979253112033195,0.5865981853900925,0.37979506770800625,2.0,1.0,-0.09111036908615555,-0.9958408008537231,0.9090909090909091,11.0,2.053947620637407,321.54518275834255,0.0,0.0
evt_pay_003411_1,cust_036,pay_003411,2026-05-16T12:30:34.595368+00:00,333755,WHATSAPP_NUDGE,0.8333333333333334,0,0.4878048780487805,0.08333333333333333,-0.044545574165200705,1.0,1.0,-0.1330200992790076,-0.9911133402329942,0.9166666666666666,5.0,-0.5882553306323993,326.9626164245099,0.0,0.0
evt_pay_008331_0,cust_008,pay_008331,2026-05-16T12:50:00.369835+00:00,257683,WHATSAPP_NUDGE,0.8333333333333334,0,0.4256198347107438,1.547952543809913,0.5962529138817294,0.0,1.0,-0.21646587151013036,-0.9762901855859044,0.5,7.0,0.4190160498383978,331.99898575419115,0.0,0.0
evt_pay_006334_0,cust_053,pay_006334,2026-05-16T13:04:48.366217+00:00,359383,RETRY_LATER,0.8333333333333334,0,0.3977272727272727,0.6482607983739589,0.3511114637145353,0.0,1.0,-0.279016680511015,-0.9602862552367467,0.8571428571428572,6.0,-0.06914381847567465,316.5293628138255,0.0,1.0
evt_pay_008341_0,cust_013,pay_008341,2026-05-16T14:12:55.723224+00:00,140823,RETRY_NOW,0.8333333333333334,0,0.325,0.3894782958494716,-0.5169821344575294,0.0,1.0,-0.5480331047131033,-0.8364566433106481,0.875,10.0,-0.5595801808996762,317.1945821304899,1.0,0.0
evt_pay_008331_1,cust_008,pay_008331,2026-05-16T14:50:00.369835+00:00,254817,WHATSAPP_NUDGE,0.8333333333333334,0,0.42386831275720166,0.08333333333333333,0.5578446557679034,1.0,1.0,-0.6756100365730632,-0.7372591664277524,0.6666666666666667,8.0,0.4190160498383978,332.08231908752447,0.0,1.0
evt_pay_004410_0,cust_003,pay_004410,2026-05-16T14:53:04.670442+00:00,221198,ESCALATE_HUMAN,0.03333333333333333,1,0.49586776859504134,0.10567214209415472,0.01237137183099437,0.0,1.0,-0.685430337700658,-0.7281382095176451,0.896551724137931,11.0,2.053947620637407,321.65085490043674,0.0,1.0
evt_pay_002067_0,cust_043,pay_002067,2026-05-16T15:07:40.762436+00:00,145328,WHATSAPP_NUDGE,0.8333333333333334,0,0.2589641434262948,0.42406026965858246,0.021122286977298857,0.0,1.0,-0.7303988738637099,-0.6830208525796444,0.8666666666666667,4.0,-0.05414349663535748,331.2725884101413,0.0,0.0
evt_pay_000286_0,cust_014,pay_000286,2026-05-16T15:26:25.996122+00:00,77374,RETRY_LATER,0.8333333333333334,0,0.2996389891696751,1.4938552606618412,0.4506358824747298,0.0,1.0,-0.783783616164188,-0.6210340111721651,0.8823529411764706,13.0,-0.8122776257059364,340.40037918178325,0.0,1.0
evt_pay_006887_0,cust_018,pay_006887,2026-05-16T16:10:09.435537+00:00,161467,WHATSAPP_NUDGE,0.8333333333333334,0,0.29389312977099236,1.1312227559081975,0.3260474756050555,0.0,1.0,-0.8873274631191568,-0.46113986294238474,0.8666666666666667,4.0,-0.4554811204429685,321.29593910939667,0.0,0.0
evt_pay_008341_1,cust_013,pay_008341,2026-05-16T16:12:55.723224+00:00,149131,WHATSAPP_NUDGE,0.8333333333333334,0,0.3236514522821577,0.08333333333333333,-0.37893349208954485,1.0,1.0,-0.8928389124517288,-0.4503761499147287,0.8888888888888888,10.0,-0.5595801808996762,317.2779154638232,0.0,1.0
evt_pay_007675_0,cust_010,pay_007675,2026-05-16T16:46:02.009852+00:00,71032,RETRY_NOW,0.8333333333333334,0,0.39416058394160586,2.281019282930212,-0.2895829418043727,0.0,1.0,-0.948370022512802,-0.31716604546998317,0.8888888888888888,6.0,-0.045395759303349575,345.6442340353312,1.0,0.0
evt_pay_007656_0,cust_023,pay_007656,2026-05-16T16:52:40.593911+00:00,70089,WHATSAPP_NUDGE,0.8333333333333334,0,0.4358974358974359,0.2363280898248187,-0.47646971689382295,0.0,1.0,-0.9571636902188773,-0.28954735385871005,0.9285714285714286,1.0,0.9385908116339667,339.9555126419789,0.0,0.0
evt_pay_005733_2,cust_002,pay_005733,2026-05-16T17:09:48.033405+00:00,311538,ESCALATE_HUMAN,0.8333333333333334,1,0.3229571984435798,0.8878216985863029,0.0389286572327597,2.0,1.0,-0.9761072840689113,-0.21728913913864523,0.8620689655172413,9.0,-0.38277421977533765,324.797684680155,1.0,0.0
evt_pay_000286_1,cust_014,pay_000286,2026-05-16T17:26:25.996122+00:00,79625,RETRY_LATER,0.03333333333333333,0,0.29856115107913667,0.08333333333333333,0.5468770557835527,1.0,1.0,-0.989293528254301,-0.14593942220714956,0.8947368421052632,13.0,-0.8122776257059364,340.48371251511657,1.0,0.0
evt_pay_002794_0,cust_026,pay_002794,2026-05-16T17:39:05.380887+00:00,205283,RETRY_NOW,0.8333333333333334,0,0.4416243654822335,0.5238351105192199,-0.27982811919022654,0.0,1.0,-0.995840656751066,-0.09111194412153359,0.6,8.0,1.9048100532514713,333.2887160083888,1.0,0.0
evt_pay_004905_2,cust_002,pay_004905,2026-05-16T17:51:20.238648+00:00,307452,ESCALATE_HUMAN,0.8333333333333334,0,0.32558139534883723,0.9166666666666666,0.0009441701561302465,2.0,1.0,-0.9992857364025317,-0.037789112485607505,0.8214285714285714,8.0,-0.38277421977533765,324.8265296482354,0.0,0.0
evt_pay_005553_0,cust_005,pay_005553,2026-05-16T18:18:04.902857+00:00,162960,WHATSAPP_NUDGE,0.8333333333333334,0,0.3176470588235294,2.2076844595230796,0.6998551833227409,0.0,1.0,-0.996889296101647,0.07881453747858172,0.8214285714285714,7.0,-0.6412832630166057,336.43967470292404,0.0,0.0
evt_pay_003196_0,cust_012,pay_003196,2026-05-16T18:21:19.781521+00:00,517239,PAYMENT_LINK,0.8333333333333334,0,0.4723404255319149,0.7980220346052155,-0.12848856426757851,0.0,1.0,-0.9956722673346894,0.09293404145198234,0.9333333333333333,5.0,-0.5006574979571285,325.9708992214942,0.0,0.0
evt_pay_002074_0,cust_004,pay_002074,2026-05-16T18:22:43.652482+00:00,398397,RETRY_NOW,0.8333333333333334,0,0.34309623430962344,2.0409456718641272,-0.15584764909376717,0.0,1.0,-0.9950869212060228,0.09900514756677364,0.875,5.0,-0.2585165281110097,341.92973693488426,1.0,0.0
evt_pay_000494_2,cust_029,pay_000494,2026-05-16T18:26:32.943087+00:00,51189,ESCALATE_HUMAN,0.8333333333333334,1,0.40202702702702703,0.8792963538023741,0.41179278075859227,2.0,1.0,-0.9932978050380666,0.11558317570718937,0.8275862068965517,2.0,-0.8256115037842402,319.7817238104008,0.0,0.0
evt_pay_007698_0,cust_029,pay_007698,2026-05-16T18:43:12.039504+00:00,45398,WHATSAPP_NUDGE,0.8333333333333334,0,0.40404040404040403,0.8908599697320483,0.041983830688105794,0.0,1.0,-0.9822867124199954,0.18738413647669627,0.7857142857142857,2.0,-0.8256115037842402,319.79328742633055,0.0,0.0
evt_pay_007675_1,cust_010,pay_007675,2026-05-16T18:46:02.009852+00:00,86990,WHATSAPP_NUDGE,0.8333333333333334,0,0.3927272727272727,0.08333333333333333,0.2872465153700612,1.0,1.0,-0.979895554418698,0.19951115866154548,0.9,6.0,-0.045395759303349575,345.7275673686645,0.0,1.0
evt_pay_004202_2,cust_029,pay_004202,2026-05-16T19:20:21.738119+00:00,35216,ESCALATE_HUMAN,0.8333333333333334,0,0.40268456375838924,0.025806696934618383,-0.6082144460007327,2.0,1.0,-0.9391507675102347,0.3435052195890726,0.7857142857142857,3.0,-0.8256115037842402,319.81909412326513,0.0,0.0
evt_pay_002794_1,cust_026,pay_002794,2026-05-16T19:39:05.380887+00:00,224256,WHATSAPP_NUDGE,0.8333333333333334,0,0.4393939393939394,0.08333333333333333,-0.041623823404037384,1.0,1.0,-0.9079792789285692,0.4190150701780969,0.6666666666666667,8.0,1.9048100532514713,333.3720493417222,1.0,0.0
evt_pay_005857_2,cust_021,pay_005857,2026-05-16T19:43:34.731024+00:00,200402,ESCALATE_HUMAN,0.8333333333333334,0,0.35785953177257523,0.9166666666666666,-0.19459329401601777,2.0,1.0,-0.8995980843115777,0.43671877301409817,0.9375,6.0,-0.0711177391970671,332.2707761229231,0.0,0.0
evt_pay_005932_0,cust_013,pay_005932,2026-05-16T20:10:40.540191+00:00,209470,RETRY_NOW,0.8333333333333334,0,0.32231404958677684,0.16510204822062255,0.6237595931098717,0.0,1.0,-0.8418037345047783,0.5397837275926431,0.8888888888888888,11.0,-0.5595801808996762,317.4430175120438,1.0,0.0
evt_pay_005553_1,cust_005,pay_005553,2026-05-16T20:18:04.902857+00:00,124933,WHATSAPP_NUDGE,0.8333333333333334,0,0.31640625,0.08333333333333333,-0.13016335979075816,1.0,1.0,-0.8239241864455227,0.5667000396947962,0.7777777777777778,8.0,-0.6412832630166057,336.52300803625735,0.0,0.0
evt_pay_003196_1,cust_012,pay_003196,2026-05-16T20:21:19.781521+00:00,620706,ESCALATE_HUMAN,0.03333333333333333,1,0.4703389830508475,0.08333333333333333,0.4173430027368426,1.0,1.0,-0.8158104566295006,0.5783193744411177,0.9375,6.0,-0.5006574979571285,326.0542325548276,1.0,0.0
evt_pay_002074_1,cust_004,pay_002074,2026-05-16T20:22:43.652482+00:00,485993,WHATSAPP_NUDGE,0.8333333333333334,0,0.3416666666666667,0.08333333333333333,0.4380863244841593,1.0,1.0,-0.8122679789546727,0.5832844335012647,0.9,5.0,-0.2585165281110097,342.01307026821763,1.0,0.0
evt_pay_001039_0,cust_044,pay_001039,2026-05-16T20:41:19.882240+00:00,214769,RETRY_LATER,0.8333333333333334,0,0.432,3.0909356502734795,-0.1534458847007648,0.0,1.0,-0.7622974563020234,0.6472268444026906,0.7142857142857143,4.0,-0.8459251821363672,336.7059602914813,0.0,1.0
evt_pay_007698_1,cust_029,pay_007698,2026-05-16T20:43:12.039504+00:00,53730,WHATSAPP_NUDGE,0.8333333333333334,0,0.4013377926421405,0.05752663639871495,0.5740721948031966,1.0,1.0,-0.756993178517267,0.6534227786650272,0.7777777777777778,3.0,-0.8256115037842402,319.87662075966387,1.0,0.0
evt_pay_000661_0,cust_014,pay_000661,2026-05-16T21:11:37.780268+00:00,65641,WHATSAPP_NUDGE,0.8333333333333334,0,0.2974910394265233,0.15638639057912465,-0.05092510208034308,0.0,1.0,-0.6703305536432372,0.7420626313542215,0.9047619047619048,13.0,-0.8122776257059364,340.6400989056957,0.0,0.0
evt_pay_004043_0,cust_051,pay_004043,2026-05-16T21:16:30.572585+00:00,462928,WHATSAPP_NUDGE,0.8333333333333334,0,0.49572649572649574,1.4762469762847747,-0.685687128180064,0.0,1.0,-0.654379462232581,0.7561663305174319,0.9166666666666666,4.0,-1.013594580420746,324.6813750259569,0.0,0.0
evt_pay_000518_2,cust_009,pay_000518,2026-05-16T21:24:07.247063+00:00,117571,ESCALATE_HUMAN,0.8333333333333334,0,0.33739837398373984,0.9166666666666666,-0.03300629944332826,2.0,1.0,-0.6289107312021637,0.7774775187609991,0.9230769230769231,6.0,-0.8984355580750027,318.50862180834065,0.0,1.0
evt_pay_001511_0,cust_020,pay_001511,2026-05-16T21:26:52.416931+00:00,79976,WHATSAPP_NUDGE,0.8333333333333334,1,0.34494773519163763,1.7696867326062222,0.8715111506801964,0.0,1.0,-0.6195269231459325,0.784975408211833,0.8571428571428572,6.0,0.06752823759169156,331.1320825147932,0.0,0.0
evt_pay_005664_0,cust_033,pay_005664,2026-05-16T21:28:17.335368+00:00,78646,WHATSAPP_NUDGE,0.8333333333333334,0,0.5799086757990868,5.045788344265152,-0.04066534632770361,0.0,1.0,-0.6146675699448857,0.7887862691870651,0.9090909090909091,2.0,-0.3958893149650273,320.6381811444091,0.0,0.0
evt_pay_007312_2,cust_059,pay_007312,2026-05-16T21:56:20.087267+00:00,166523,ESCALATE_HUMAN,0.8333333333333334,1,0.3755274261603376,0.9166666666666666,0.01983981314964297,2.0,1.0,-0.5137853867331256,0.8579187469565475,0.8666666666666667,3.0,-0.38878117849020055,328.5347133400484,0.0,1.0
evt_pay_005932_1,cust_013,pay_005932,2026-05-16T22:10:40.540191+00:00,131058,WHATSAPP_NUDGE,0.8333333333333334,0,0.32098765432098764,0.08333333333333333,-0.6792571834441036,1.0,1.0,-0.4591315552854272,0.8883682878970774,1.0,11.0,-0.5595801808996762,317.5263508453772,0.0,1.0
evt_pay_007156_0,cust_037,pay_007156,2026-05-16T22:17:31.312196+00:00,215862,RETRY_LATER,0.8333333333333334,1,0.42727272727272725,1.261740292193944,1.007610464234463,0.0,1.0,-0.4323931644573742,0.9016851730679274,0.75,6.0,-0.33341852366871827,323.55869815618445,0.0,1.0
evt_pay_007425_0,cust_004,pay_007425,2026-05-16T22:37:45.634191+00:00,490434,WHATSAPP_NUDGE,0.8333333333333334,0,0.34024896265560167,0.093772936450686,0.46819469916413087,0.0,1.0,-0.35118574180979334,0.9363058126218726,1.0,6.0,-0.2585165281110097,342.10684320466834,0.0,0.0
evt_pay_001039_1,cust_044,pay_001039,2026-05-16T22:41:19.882240+00:00,262652,WHATSAPP_NUDGE,0.8333333333333334,0,0.4302788844621514,0.08333333333333333,0.4493486681317158,1.0,1.0,-0.3365555401964648,0.94166361741498,0.6666666666666667,4.0,-0.8459251821363672,336.78929362481466,0.0,0.0
evt_pay_001000_0,cust_042,pay_001000,2026-05-16T22:47:28.901394+00:00,253000,RETRY_NOW,0.8333333333333334,1,0.4063745019920319,0.9547010154782356,0.25343791740727645,0.0,1.0,-0.311167068384899,0.9503552259827626,0.8,4.0,0.21388002896855346,342.87922522820446,1.0,0.0
evt_pay_000661_1,cust_014,pay_000661,2026-05-16T23:11:37.780268+00:00,58628,WHATSAPP_NUDGE,0.8333333333333334,0,0.29642857142857143,0.08333333333333333,-0.35074510102175716,1.0,1.0,-0.20949197271082073,0.9778103667735011,0.9090909090909091,14.0,-0.8122776257059364,340.723432239029,0.0,0.0
evt_pay_004043_1,cust_051,pay_004043,2026-05-16T23:16:30.572585+00:00,753695,PAYMENT_LINK,0.8333333333333334,0,0.49361702127659574,0.08333333333333333,0.6782111922696148,1.0,1.0,-0.18862607274949858,0.9820489828308469,0.9166666666666666,5.0,-1.013594580420746,324.7647083592903,0.0,0.0
evt_pay_001715_0,cust_055,pay_001715,2026-05-16T23:29:27.921793+00:00,280797,WHATSAPP_NUDGE,0.03333333333333333,1,0.33916083916083917,1.9888153103010684,-0.28866275272919995,0.0,1.0,-0.13283867063123891,0.9911376733758662,0.76,4.0,-1.0480965437343166,342.9278091327728,0.0,1.0
evt_pay_006959_0,cust_010,pay_006959,2026-05-16T23:53:42.289939+00:00,65372,WHATSAPP_NUDGE,0.8333333333333334,0,0.391304347826087,0.21366064915095725,-0.4941634447254901,0.0,1.0,-0.027464396883047144,0.9996227823053306,0.9130434782608696,6.0,-0.045395759303349575,345.9412280178155,0.0,0.0
evt_pay_004606_0,cust_055,pay_004606,2026-05-16T23:56:34.458695+00:00,252024,RETRY_LATER,0.8333333333333334,0,0.34146341463414637,2.0076409688894805,-0.5518482624051471,0.0,1.0,-0.014946828896786835,0.9998882899133934,0.7307692307692308,5.0,-1.0480965437343166,342.9466347913612,0.0,1.0
evt_pay_000044_0,cust_022,pay_000044,2026-05-17T00:29:55.855664+00:00,129149,WHATSAPP_NUDGE,0.8333333333333334,0,0.421259842519685,0.7357759186967504,0.4284709728173783,0.0,1.0,0.13022738008859372,0.9914841549289938,0.9,9.0,-0.6143468879245073,325.02715627272556,0.0,0.0
evt_pay_006174_2,cust_032,pay_006174,2026-05-17T00:31:57.614092+00:00,331091,PAYMENT_LINK,0.03333333333333333,0,0.3087719298245614,0.5473781799003632,0.05633618320430108,2.0,1.0,0.13900127928759126,0.9902922015023713,0.7692307692307692,10.0,0.2905055503479753,341.48555058489205,0.0,0.0
evt_pay_007425_1,cust_004,pay_007425,2026-05-17T00:37:45.634191+00:00,349576,WHATSAPP_NUDGE,0.8333333333333334,0,0.33884297520661155,0.08333333333333333,-0.4868798897402901,1.0,1.0,0.16401713245677288,0.9864574903464708,1.0,7.0,-0.2585165281110097,342.19017653800165,0.0,0.0
evt_pay_002714_2,cust_049,pay_002714,2026-05-17T01:46:15.438366+00:00,342554,ESCALATE_HUMAN,0.8333333333333334,0,0.35271317829457366,0.9166666666666666,0.062284684469534245,2.0,1.0,0.44720228316276545,0.8944328470790917,0.7692307692307692,4.0,0.2100296838614713,318.95470465225617,0.0,0.0
evt_pay_004766_0,cust_034,pay_004766,2026-05-17T01:47:19.428813+00:00,43001,RETRY_LATER,0.03333333333333333,0,0.336,0.942770404699445,-0.585861641430543,0.0,1.0,0.4513596841398952,0.8923421067803167,0.9166666666666666,6.0,-0.5369784473169031,330.1873855183799,1.0,0.0
evt_pay_001737_2,cust_006,pay_001737,2026-05-17T01:49:08.052777+00:00,183575,ESCALATE_HUMAN,0.8333333333333334,1,0.48,0.9166666666666666,1.1733442540658043,2.0,1.0,0.45839445788672634,0.8887488514640872,0.92,4.0,-0.3286363658753921,338.72418829250495,0.0,0.0
evt_pay_007948_0,cust_022,pay_007948,2026-05-17T01:52:09.199205+00:00,125886,WHATSAPP_NUDGE,0.8333333333333334,1,0.4196078431372549,0.057098883574307514,0.3454465498462451,0.0,1.0,0.47006213645103706,0.8826333258353022,0.9090909090909091,10.0,-0.6143468879245073,325.0842551562999,0.0,0.0
evt_pay_006959_1,cust_010,pay_006959,2026-05-17T01:53:42.289939+00:00,70261,WHATSAPP_NUDGE,0.8333333333333334,1,0.3898916967509025,0.08333333333333333,-0.31744034721665393,1.0,1.0,0.47602652575232873,0.8794309221196214,0.88,6.0,-0.045395759303349575,346.0245613511488,0.0,1.0
evt_pay_004606_1,cust_055,pay_004606,2026-05-17T01:56:34.458695+00:00,285284,WHATSAPP_NUDGE,0.8333333333333334,0,0.3402777777777778,0.08333333333333333,-0.24761893441469143,1.0,1.0,0.48699981142606,0.8734020744599718,0.7692307692307692,5.0,-1.0480965437343166,343.0299681246945,0.0,1.0
evt_pay_005761_0,cust_049,pay_005761,2026-05-17T02:10:38.888145+00:00,320585,ESCALATE_HUMAN,0.03333333333333333,0,0.35135135135135137,0.016938076140869878,-0.12494798745608267,0.0,1.0,0.5396825892689946,0.841868578128388,0.7777777777777778,4.0,0.2100296838614713,318.97164272839706,0.0,0.0
evt_pay_000044_1,cust_022,pay_000044,2026-05-17T02:29:55.855664+00:00,130083,WHATSAPP_NUDGE,0.8333333333333334,0,0.421875,0.08333333333333333,0.45221835195832355,1.0,1.0,0.6085222968895109,0.793536775573958,0.8333333333333334,11.0,-0.6143468879245073,325.11048960605893,0.0,0.0
evt_pay_004882_0,cust_002,pay_004882,2026-05-17T02:31:51.692397+00:00,304544,RETRY_LATER,0.8333333333333334,0,0.32432432432432434,0.3614751591313734,-0.026087437471593377,0.0,1.0,0.6151852894743688,0.788382559176912,0.7857142857142857,8.0,-0.38277421977533765,325.1880048073667,0.0,1.0
evt_pay_002906_0,cust_057,pay_002906,2026-05-17T03:06:50.791273+00:00,84201,RETRY_NOW,0.8333333333333334,0,0.38636363636363635,1.4241429475096652,0.08136349078284401,0.0,1.0,0.7279119549457361,0.6856706103130544,1.0,6.0,-0.5990323654313375,337.39451803490624,1.0,0.0
evt_pay_001657_0,cust_025,pay_001657,2026-05-17T03:10:28.164982+00:00,271844,WHATSAPP_NUDGE,0.8333333333333334,0,0.5099601593625498,1.861238011297606,0.7357590079043506,0.0,1.0,0.7386595435506813,0.6740786888201549,0.84,8.0,0.10753773716001852,322.81608259941817,0.0,0.0
evt_pay_000306_0,cust_055,pay_000306,2026-05-17T03:25:48.631081+00:00,270651,RETRY_LATER,0.8333333333333334,0,0.3391003460207612,0.06196958779516611,-0.3814638348639877,0.0,1.0,0.7820932122964216,0.6231614616452661,0.7857142857142857,6.0,-1.0480965437343166,343.09193771248965,0.0,1.0
evt_pay_005441_0,cust_054,pay_005441,2026-05-17T03:41:22.640101+00:00,93454,WHATSAPP_NUDGE,0.8333333333333334,0,0.42028985507246375,2.1782620077166825,-0.15652193556441824,0.0,1.0,0.8225842862769058,0.5686432026941969,1.0,9.0,-0.6956354929968003,332.61031560645756,0.0,0.0
evt_pay_005445_0,cust_042,pay_005445,2026-05-17T03:49:54.071061+00:00,229853,WHATSAPP_NUDGE,0.8333333333333334,1,0.4087301587301587,1.1647145532939664,-0.031153437319591634,0.0,1.0,0.8431597028585724,0.5376631989223774,0.6666666666666667,4.0,0.21388002896855346,343.0892387660203,0.0,0.0
evt_pay_001322_2,cust_056,pay_001322,2026-05-17T04:15:31.589810+00:00,169468,ESCALATE_HUMAN,0.8333333333333334,0,0.2968197879858657,0.9166666666666666,0.18155829324698058,2.0,1.0,0.897886433141902,0.44022716088368824,0.84,5.0,-0.26273729270347856,328.13289562467475,1.0,0.0
evt_pay_004723_2,cust_017,pay_004723,2026-05-17T04:20:57.166156+00:00,731735,WHATSAPP_NUDGE,0.03333333333333333,0,0.3252032520325203,0.9166666666666666,1.2278547749198494,2.0,1.0,0.9080568759218755,0.41884688143879467,0.7857142857142857,6.0,0.5027156808516637,339.7428257540014,0.0,1.0
evt_pay_001445_2,cust_039,pay_001445,2026-05-17T04:39:19.168907+00:00,235331,ESCALATE_HUMAN,0.8333333333333334,0,0.5020746887966805,0.9166666666666666,-0.18666157518088566,2.0,1.0,0.9386729121599335,0.3448088803630059,0.8461538461538461,7.0,-0.6642333856639545,317.5957312482008,0.0,1.0
evt_pay_006454_0,cust_022,pay_006454,2026-05-17T05:01:32.845670+00:00,134020,WHATSAPP_NUDGE,0.8333333333333334,0,0.42023346303501946,0.1052892361729505,0.5523940885172145,0.0,1.0,0.9676513229898166,0.2522913338108499,0.8461538461538461,12.0,-0.6143468879245073,325.2157788422319,0.0,0.0
evt_pay_002906_1,cust_057,pay_002906,2026-05-17T05:06:50.791273+00:00,80988,WHATSAPP_NUDGE,0.8333333333333334,0,0.38461538461538464,0.08333333333333333,-0.030754220176570694,1.0,1.0,0.9732255498579285,0.22985218968661716,1.0,6.0,-0.5990323654313375,337.47785136823956,0.0,0.0
evt_pay_004781_0,cust_036,pay_004781,2026-05-17T05:12:48.561140+00:00,342592,RETRY_NOW,0.8333333333333334,0,0.48582995951417,0.6959949742085314,0.02992434939560524,0.0,1.0,0.9788757328687038,0.20445610678274725,0.8571428571428572,6.0,-0.5882553306323993,327.65861139871845,1.0,0.0
evt_pay_002115_0,cust_045,pay_002115,2026-05-17T05:21:50.613315+00:00,98424,WHATSAPP_NUDGE,0.8333333333333334,0,0.3225806451612903,3.062415019297324,0.3640147383191922,0.0,1.0,0.9861727071227331,0.16572082466069313,0.84,2.0,1.000889969158722,320.06001384859877,0.0,0.0
evt_pay_006726_0,cust_052,pay_006726,2026-05-17T05:22:19.912100+00:00,176272,RETRY_NOW,0.03333333333333333,0,0.4460093896713615,1.0389195932002433,0.5980210856339947,0.0,1.0,0.9865235643961218,0.1636192436456391,0.5833333333333333,2.0,-1.0656726581061444,346.09863399672713,0.0,1.0
evt_pay_000306_1,cust_055,pay_000306,2026-05-17T05:25:48.631081+00:00,344399,WHATSAPP_NUDGE,0.8333333333333334,0,0.33793103448275863,0.08333333333333333,0.2931193871227141,1.0,1.0,0.9888933207987102,0.14862705029603188,0.8076923076923077,6.0,-1.0480965437343166,343.17527104582297,1.0,0.0
evt_pay_004537_0,cust_051,pay_004537,2026-05-17T05:29:25.685992+00:00,486687,WHATSAPP_NUDGE,0.8333333333333334,0,0.4915254237288136,0.2589712199887799,-0.5742424652984414,0.0,1.0,0.9911160617662652,0.13299981995825658,0.8666666666666667,6.0,-1.013594580420746,325.0236795792791,0.0,0.0
evt_pay_005441_1,cust_054,pay_005441,2026-05-17T05:41:22.640101+00:00,85477,WHATSAPP_NUDGE,0.8333333333333334,0,0.4187725631768953,0.08333333333333333,-0.38703969086330064,1.0,1.0,0.9967004900167901,0.08116731608406544,1.0,9.0,-0.6956354929968003,332.6936489397909,0.0,0.0
evt_pay_004689_0,cust_019,pay_004689,2026-05-17T05:44:47.789547+00:00,109709,ESCALATE_HUMAN,0.03333333333333333,0,0.47107438016528924,1.2650006777753902,-0.2379240403554075,0.0,1.0,0.9978004538802678,0.06628917133538063,0.875,2.0,-0.5137657855739247,322.6486947534825,0.0,1.0
evt_pay_001010_0,cust_012,pay_001010,2026-05-17T05:54:27.662193+00:00,586701,RETRY_NOW,0.8333333333333334,1,0.47257383966244726,0.4813412114883704,0.2379534990828591,0.0,1.0,0.9997079611599925,0.02416593456357542,0.6666666666666667,6.0,-0.5006574979571285,326.4522404329826,1.0,0.0
evt_pay_004861_0,cust_005,pay_004861,2026-05-17T06:49:20.294890+00:00,125507,WHATSAPP_NUDGE,0.8333333333333334,0,0.3151750972762646,0.4383725929661182,-0.1176357203954333,0.0,1.0,0.9769168921923783,-0.21361972228515105,0.8076923076923077,9.0,-0.6412832630166057,336.96138062922347,0.0,0.0
evt_pay_006454_1,cust_022,pay_006454,2026-05-17T07:01:32.845670+00:00,128895,WHATSAPP_NUDGE,0.8333333333333334,0,0.4186046511627907,0.08333333333333333,0.42200251186073673,1.0,1.0,0.9641562946202271,-0.26533495726005246,0.8666666666666667,13.0,-0.6143468879245073,325.2991121755652,0.0,0.0
evt_pay_008289_2,cust_047,pay_008289,2026-05-17T07:05:51.406621+00:00,104184,RETRY_LATER,0.03333333333333333,0,0.4956140350877193,0.889645221847123,-0.17679086171749683,2.0,1.0,0.9589970368259898,-0.28341609580080507,0.84,6.0,1.898235005697721,319.31196851066596,1.0,0.0
evt_pay_004781_1,cust_036,pay_004781,2026-05-17T07:12:48.561140+00:00,316961,WHATSAPP_NUDGE,0.8333333333333334,0,0.4838709677419355,0.08333333333333333,-0.1860767931911826,1.0,1.0,0.9499593052037811,-0.31237368400162874,0.875,6.0,-0.5882553306323993,327.74194473205176,0.0,1.0
evt_pay_002370_0,cust_030,pay_002370,2026-05-17T07:15:14.242350+00:00,152325,WHATSAPP_NUDGE,0.8333333333333334,0,0.37722419928825623,2.0697983359807304,-0.3406068890919154,0.0,1.0,0.9465966962107458,-0.32242005943008717,0.75,9.0,1.7722569671050512,317.24644274863573,0.0,0.0
evt_pay_002115_1,cust_045,pay_002115,2026-05-17T07:21:50.613315+00:00,84010,WHATSAPP_NUDGE,0.8333333333333334,0,0.321285140562249,0.08333333333333333,-0.1077369624388367,1.0,1.0,0.9369110292175045,-0.34956790946909944,0.84,3.0,1.000889969158722,320.14334718193214,0.0,1.0
evt_pay_006726_1,cust_052,pay_006726,2026-05-17T07:22:19.912100+00:00,107847,WHATSAPP_NUDGE,0.8333333333333334,1,0.4439252336448598,0.08333333333333333,-0.7431897574855341,1.0,1.0,0.9361640900218345,-0.35156336065294186,0.6153846153846154,2.0,-1.0656726581061444,346.18196733006044,0.0,1.0
evt_pay_004537_1,cust_051,pay_004537,2026-05-17T07:29:25.685992+00:00,577094,PAYMENT_LINK,0.8333333333333334,0,0.48945147679324896,0.08333333333333333,-0.15016993473592669,1.0,1.0,0.9248315975675008,-0.3803768081005259,0.8823529411764706,7.0,-1.013594580420746,325.1070129126124,0.0,1.0
evt_pay_006699_2,cust_047,pay_006699,2026-05-17T07:44:46.059453+00:00,116044,DO_NOTHING,0.03333333333333333,1,0.49344978165938863,0.027021444819543678,0.12833229655629363,2.0,1.0,0.897320666295624,-0.441379226786646,0.84,6.0,1.898235005697721,319.3389899554855,0.0,1.0
evt_pay_000696_0,cust_053,pay_000696,2026-05-17T08:03:27.558166+00:00,276329,WHATSAPP_NUDGE,0.8333333333333334,0,0.39622641509433965,0.7907313883001544,-0.3903242247628431,0.0,1.0,0.858380010837363,-0.513014382834291,1.0,6.0,-0.06914381847567465,317.32009420212563,0.0,0.0
evt_pay_001871_2,cust_058,pay_001871,2026-05-17T08:55:16.060673+00:00,284452,ESCALATE_HUMAN,0.8333333333333334,0,0.4773662551440329,0.9166666666666666,0.49387185494036756,2.0,1.0,0.7215558064037774,-0.6923562798480234,0.8260869565217391,5.0,4.286983765334936,335.33582626076173,0.0,0.0
evt_pay_000690_0,cust_055,pay_000690,2026-05-17T08:56:26.175569+00:00,451549,WHATSAPP_NUDGE,0.8333333333333334,0,0.33676975945017185,0.14626787602010913,1.273232390426067,0.0,1.0,0.7180161871399157,-0.6960264039568166,0.8148148148148149,6.0,-1.0480965437343166,343.3215389218431,0.0,0.0
evt_pay_001422_2,cust_032,pay_001422,2026-05-17T09:23:44.139348+00:00,332450,ESCALATE_HUMAN,0.8333333333333334,0,0.3076923076923077,0.3692884867663035,0.06829188942124964,2.0,1.0,0.6302163472610821,-0.7764195744859214,0.8214285714285714,11.0,0.2905055503479753,341.85483907165843,1.0,0.0
evt_pay_004394_0,cust_003,pay_004394,2026-05-17T09:25:40.377479+00:00,207898,WHATSAPP_NUDGE,0.8333333333333334,0,0.49794238683127573,0.878307640211896,-0.16017329915430695,0.0,1.0,0.623630776458453,-0.7817190381804878,0.8214285714285714,10.0,2.053947620637407,322.4234903985544,0.0,0.0
evt_pay_007111_0,cust_028,pay_007111,2026-05-17T09:50:04.472932+00:00,258885,WHATSAPP_NUDGE,0.8333333333333334,0,0.3764705882352941,1.4338881917025976,0.3766694141051511,0.0,1.0,0.5370252408726188,-0.8435661744437751,0.8275862068965517,9.0,0.3910481863531735,317.7370505468303,0.0,0.0
evt_pay_005656_0,cust_049,pay_005656,2026-05-17T09:50:27.458398+00:00,392935,ESCALATE_HUMAN,0.03333333333333333,0,0.35,0.3193121557041536,0.4916573825491892,0.0,1.0,0.5356144280552634,-0.8444626601922864,0.8333333333333334,4.0,0.2100296838614713,319.2909548841012,0.0,0.0
evt_pay_000696_1,cust_053,pay_000696,2026-05-17T10:03:27.558166+00:00,284646,RETRY_LATER,0.03333333333333333,0,0.39473684210526316,0.08333333333333333,-0.3160743134639817,1.0,1.0,0.4868717040687724,-0.8734734934599732,1.0,7.0,-0.06914381847567465,317.403427535459,0.0,0.0
evt_pay_004677_0,cust_005,pay_004677,2026-05-17T10:10:19.467810+00:00,139805,WHATSAPP_NUDGE,0.8333333333333334,0,0.313953488372093,0.13957376064735172,0.19445068448523328,0.0,1.0,0.46049237501619594,-0.8876636595873142,0.8333333333333334,10.0,-0.6412832630166057,337.1009543898708,0.0,0.0
evt_pay_005309_0,cust_019,pay_005309,2026-05-17T10:49:38.051444+00:00,132397,RETRY_NOW,0.8333333333333334,0,0.4691358024691358,0.21169284602844604,0.30371544173418197,0.0,1.0,0.3022276854547965,-0.9532357662953256,0.9333333333333333,2.0,-0.5137657855739247,322.86038759951094,1.0,0.0
evt_pay_000690_1,cust_055,pay_000690,2026-05-17T10:56:26.175569+00:00,286019,WHATSAPP_NUDGE,0.8333333333333334,0,0.3356164383561644,0.08333333333333333,-0.24088932448926872,1.0,1.0,0.27380705641320036,-0.9617846411012907,0.8387096774193549,6.0,-1.0480965437343166,343.4048722551765,1.0,0.0
evt_pay_007611_0,cust_024,pay_007611,2026-05-17T11:04:13.459036+00:00,62947,DO_NOTHING,0.03333333333333333,0,0.25193798449612403,2.7263113478635055,-0.9778891797579794,0.0,1.0,0.24097208478519705,-0.970532047051655,1.0,6.0,-1.1653357768016162,332.119126281144,0.0,0.0
evt_pay_007393_0,cust_041,pay_007393,2026-05-17T11:07:29.493366+00:00,232271,ESCALATE_HUMAN,0.03333333333333333,0,0.4596774193548387,1.0498289391793871,-0.335191060007237,0.0,1.0,0.2271121438858093,-0.9738686123392577,0.84375,5.0,0.3693318557794774,345.75336886966835,0.0,1.0
evt_pay_000684_0,cust_059,pay_000684,2026-05-17T11:09:10.375585+00:00,132088,RETRY_LATER,0.8333333333333334,0,0.37815126050420167,1.4672487073864506,-0.5750807132766994,0.0,1.0,0.2199614434578391,-0.9755085665394968,0.4545454545454546,2.0,-0.38878117849020055,329.0852953807682,0.0,1.0
evt_pay_001872_0,cust_013,pay_001872,2026-05-17T11:24:18.059112+00:00,228300,WHATSAPP_NUDGE,0.8333333333333334,0,0.319672131147541,0.551128691220678,0.9366718926144981,0.0,1.0,0.15513720366633815,-0.9878929334895503,1.0,12.0,-0.5595801808996762,318.0774795365978,0.0,0.0
evt_pay_004394_1,cust_003,pay_004394,2026-05-17T11:25:40.377479+00:00,274607,WHATSAPP_NUDGE,0.8333333333333334,1,0.4959016393442623,0.08333333333333333,0.7052219291458673,1.0,1.0,0.1492205759045906,-0.9888039339154665,0.84375,11.0,2.053947620637407,322.5068237318878,0.0,1.0
evt_pay_004677_1,cust_005,pay_004677,2026-05-17T12:10:19.467810+00:00,102959,ESCALATE_HUMAN,0.03333333333333333,0,0.3127413127413127,0.08333333333333333,-0.6098015288894514,1.0,1.0,-0.04503373478060067,-0.9989854667269742,0.84375,11.0,-0.6412832630166057,337.18428772320414,0.0,1.0
evt_pay_005309_1,cust_019,pay_005309,2026-05-17T12:49:38.051444+00:00,96302,WHATSAPP_NUDGE,0.8333333333333334,0,0.4672131147540984,0.08333333333333333,-0.5580249315530721,1.0,1.0,-0.21488102981683616,-0.9766402321350764,0.9333333333333333,2.0,-0.5137657855739247,322.9437209328443,0.0,0.0
evt_pay_008331_2,cust_008,pay_008331,2026-05-17T12:50:00.369835+00:00,191994,ESCALATE_HUMAN,0.8333333333333334,0,0.42213114754098363,0.9166666666666666,-0.2840968729082249,2.0,1.0,-0.21646587151013036,-0.9762901855859044,0.7777777777777778,7.0,0.4190160498383978,332.99898575419115,0.0,1.0
evt_pay_003304_0,cust_048,pay_003304,2026-05-17T12:57:00.919958+00:00,149140,ESCALATE_HUMAN,0.03333333333333333,0,0.3003533568904594,4.399615384585218,-0.6317457468299292,0.0,1.0,-0.24621813524912464,-0.9692144395717821,0.84375,5.0,-0.4506859321563252,327.5452209895653,0.0,1.0
evt_pay_000684_1,cust_059,pay_000684,2026-05-17T13:09:10.375585+00:00,145696,WHATSAPP_NUDGE,0.8333333333333334,0,0.37656903765690375,0.08333333333333333,-0.33998817035843165,1.0,1.0,-0.29726208538216514,-0.9547959219614662,0.4545454545454546,2.0,-0.38878117849020055,329.16862871410154,0.0,0.0
evt_pay_000407_0,cust_022,pay_000407,2026-05-17T13:38:03.463641+00:00,118792,RETRY_NOW,0.8333333333333334,1,0.416988416988417,0.2753543746696323,0.16499148472659925,0.0,1.0,-0.41492243335603324,-0.9098567877956993,0.9375,14.0,-0.6143468879245073,325.57446655023483,1.0,0.0
evt_pay_002276_0,cust_043,pay_002276,2026-05-17T13:49:33.953131+00:00,146430,WHATSAPP_NUDGE,0.8333333333333334,0,0.25793650793650796,0.9457545219300414,0.042944847845923215,0.0,1.0,-0.4600676261408661,-0.8878838771917802,0.8484848484848485,5.0,-0.05414349663535748,332.2183429320713,0.0,0.0
evt_pay_006100_0,cust_012,pay_006100,2026-05-17T13:50:30.073827+00:00,620705,RETRY_LATER,0.8333333333333334,0,0.47478991596638653,0.8119246794668887,0.41733850424571506,0.0,1.0,-0.46368742705405624,-0.8859988543965445,0.5,6.0,-0.5006574979571285,326.78282390096115,0.0,1.0
evt_pay_000689_0,cust_045,pay_000689,2026-05-17T14:12:55.646636+00:00,86019,RETRY_NOW,0.8333333333333334,0,0.32,0.28547492269927943,-0.041976847020388466,0.0,1.0,-0.548028445920935,-0.8364596956587238,0.8333333333333334,4.0,1.000889969158722,320.42882210463137,1.0,0.0
evt_pay_008341_2,cust_013,pay_008341,2026-05-17T14:12:55.723224+00:00,211638,WHATSAPP_NUDGE,0.03333333333333333,0,0.3183673469387755,0.11710259389203277,0.6597854391273587,2.0,1.0,-0.5480331047131033,-0.8364566433106481,1.0,13.0,-0.5595801808996762,318.1945821304899,1.0,0.0
evt_pay_007804_0,cust_007,pay_007804,2026-05-17T14:58:36.439363+00:00,303217,WHATSAPP_NUDGE,0.8333333333333334,0,0.4362745098039216,1.9087383028704608,-0.1037444448078761,0.0,1.0,-0.7027968757895736,-0.7113905758304748,0.75,3.0,-0.46533070623945577,345.72233944353326,0.0,0.0
evt_pay_002465_0,cust_038,pay_002465,2026-05-17T15:19:16.203988+00:00,36230,WHATSAPP_NUDGE,0.8333333333333334,1,0.6190476190476191,1.3168683979337554,-0.5350021196506493,0.0,1.0,-0.7639933239647837,-0.6452241478255762,0.8421052631578947,1.0,2.4957647172129915,344.59528914470917,0.0,0.0
evt_pay_002294_0,cust_053,pay_002294,2026-05-17T15:19:41.491439+00:00,318601,WHATSAPP_NUDGE,0.03333333333333333,0,0.39325842696629215,0.21960570917915825,-0.012958178737830782,0.0,1.0,-0.7651785698560841,-0.6438181080344026,1.0,7.0,-0.06914381847567465,317.6230332446382,0.0,1.0
evt_pay_000286_2,cust_014,pay_000286,2026-05-17T15:26:25.996122+00:00,70898,PAYMENT_LINK,0.03333333333333333,0,0.29537366548042704,0.6769469427542086,0.17379617268050698,2.0,1.0,-0.783783616164188,-0.6210340111721651,0.8,12.0,-0.8122776257059364,341.4003791817833,0.0,1.0
evt_pay_002276_1,cust_043,pay_002276,2026-05-17T15:49:33.953131+00:00,140188,RETRY_LATER,0.03333333333333333,0,0.25691699604743085,0.08333333333333333,-0.0806765229384624,1.0,1.0,-0.842372190292682,-0.5388961801882711,0.875,6.0,-0.05414349663535748,332.30167626540464,0.0,0.0
evt_pay_002453_0,cust_021,pay_002453,2026-05-17T16:02:24.686606+00:00,254834,WHATSAPP_NUDGE,0.8333333333333334,0,0.3566666666666667,0.8464115229417833,0.5285809525403982,0.0,1.0,-0.8712383215407241,-0.49086025208698836,0.5384615384615384,6.0,-0.0711177391970671,333.11718764586493,0.0,0.0
evt_pay_000689_1,cust_045,pay_000689,2026-05-17T16:12:55.646636+00:00,106417,WHATSAPP_NUDGE,0.8333333333333334,0,0.3187250996015936,0.08333333333333333,0.6255984487286355,1.0,1.0,-0.8928364039933979,-0.45038112272178754,0.8,4.0,1.000889969158722,320.51215543796474,0.0,1.0
evt_pay_004980_0,cust_054,pay_004980,2026-05-17T16:17:06.768602+00:00,107034,RETRY_LATER,0.8333333333333334,0,0.4172661870503597,0.4414829687606054,0.23590219505386315,0.0,1.0,-0.900911975722836,-0.4340018571379345,1.0,9.0,-0.6956354929968003,333.1351319085515,0.0,1.0
evt_pay_007675_2,cust_010,pay_007675,2026-05-17T16:46:02.009852+00:00,76137,ESCALATE_HUMAN,0.8333333333333334,0,0.3920863309352518,0.7030060175157095,-0.10502350949822181,2.0,1.0,-0.948370022512802,-0.31716604546998317,0.8095238095238095,7.0,-0.045395759303349575,346.6442340353312,0.0,1.0
evt_pay_005834_0,cust_021,pay_005834,2026-05-17T17:16:46.774229+00:00,270545,WHATSAPP_NUDGE,0.8333333333333334,0,0.3554817275747508,0.051644532670782915,0.7373293598608167,0.0,1.0,-0.9822705435417255,-0.18746887552402697,0.5384615384615384,7.0,-0.0711177391970671,333.1688321785357,0.0,0.0
evt_pay_002294_1,cust_053,pay_002294,2026-05-17T17:19:41.491439+00:00,311750,WHATSAPP_NUDGE,0.8333333333333334,0,0.3917910447761194,0.08333333333333333,-0.0741159408186411,1.0,1.0,-0.9845731339440159,-0.17497355204618453,1.0,8.0,-0.06914381847567465,317.7063665779715,0.0,0.0
evt_pay_006674_0,cust_022,pay_006674,2026-05-17T18:00:09.273720+00:00,108151,WHATSAPP_NUDGE,0.8333333333333334,0,0.41923076923076924,0.4573660653926292,-0.10573567475297531,0.0,1.0,-0.9999997725896849,0.0006744038689600133,0.8823529411764706,14.0,-0.6143468879245073,325.75647824095785,0.0,0.0
evt_pay_002453_1,cust_021,pay_002453,2026-05-17T18:02:24.686606+00:00,200161,WHATSAPP_NUDGE,0.8333333333333334,0,0.3543046357615894,0.03168880066255042,-0.19780510113038605,1.0,1.0,-0.9999446452482764,0.010521712754996911,0.5714285714285714,8.0,-0.0711177391970671,333.20052097919825,0.0,0.0
evt_pay_000268_0,cust_015,pay_000268,2026-05-17T18:13:47.519230+00:00,101929,RETRY_LATER,0.03333333333333333,0,0.4032258064516129,1.3489341196697449,-0.38754120625862776,0.0,1.0,-0.9981897966060244,0.060142580187614786,0.8,1.0,1.245182551392603,334.17572113145343,0.0,0.0
evt_pay_004980_1,cust_054,pay_004980,2026-05-17T18:17:06.768602+00:00,104522,WHATSAPP_NUDGE,0.8333333333333334,0,0.4157706093189964,0.08333333333333333,0.16330350492305531,1.0,1.0,-0.9972135861185727,0.07459935429034233,1.0,9.0,-0.6956354929968003,333.2184652418848,0.0,0.0
evt_pay_002074_2,cust_004,pay_002074,2026-05-17T18:22:43.652482+00:00,358029,ESCALATE_HUMAN,0.8333333333333334,0,0.3374485596707819,0.7395603968826473,-0.4295592352592445,2.0,1.0,-0.9950869212060228,0.09900514756677364,1.0,8.0,-0.2585165281110097,342.92973693488426,0.0,1.0
evt_pay_002871_0,cust_018,pay_002871,2026-05-17T18:53:30.098742+00:00,161704,RETRY_LATER,0.8333333333333334,0,0.29277566539923955,1.113433601914797,0.3307321998760794,0.0,1.0,-0.9728752436066787,0.23133041386131145,0.9259259259259259,4.0,-0.4554811204429685,322.40937271131145,0.0,1.0
evt_pay_007884_0,cust_049,pay_007884,2026-05-17T19:00:38.574746+00:00,277413,RETRY_NOW,0.8333333333333334,1,0.3486590038314176,0.3820731058808822,-0.49288689078155573,0.0,1.0,-0.9651959784816903,0.2615276718107904,0.9285714285714286,4.0,0.2100296838614713,319.6730279899821,1.0,0.0
evt_pay_006674_1,cust_022,pay_006674,2026-05-17T20:00:09.273720+00:00,135090,WHATSAPP_NUDGE,0.8333333333333334,0,0.41762452107279696,0.08333333333333333,0.5796158597924707,1.0,1.0,-0.8656880049068485,0.5005839371777726,0.8888888888888888,15.0,-0.6143468879245073,325.83981157429116,1.0,0.0
evt_pay_005932_2,cust_013,pay_005932,2026-05-17T20:10:40.540191+00:00,185805,ESCALATE_HUMAN,0.8333333333333334,0,0.3170731707317073,0.24843538155395586,0.23050574865538773,2.0,1.0,-0.8418037345047783,0.5397837275926431,1.0,14.0,-0.5595801808996762,318.4430175120438,0.0,0.0
evt_pay_000268_1,cust_015,pay_000268,2026-05-17T20:13:47.519230+00:00,110548,WHATSAPP_NUDGE,0.8333333333333334,0,0.40160642570281124,0.08333333333333333,-0.17871105749586363,1.0,1.0,-0.8343864315654319,0.5511799005946287,0.8,1.0,1.245182551392603,334.25905446478674,0.0,1.0
evt_pay_006037_0,cust_033,pay_006037,2026-05-17T20:16:56.650909+00:00,64410,WHATSAPP_NUDGE,0.8333333333333334,0,0.5772727272727273,0.950455040990486,-0.5504904137098134,0.0,1.0,-0.8267267972900256,0.5626035928098725,0.8095238095238095,3.0,-0.3958893149650273,321.5886361853996,0.0,0.0
evt_pay_004058_0,cust_038,pay_004058,2026-05-17T20:27:35.995988+00:00,43165,RETRY_NOW,0.8333333333333334,0,0.6208530805687204,1.5309863608920484,-0.0905068777172003,0.0,1.0,-0.7996848336810303,0.6004199919893931,0.8181818181818181,2.0,2.4957647172129915,344.8094071076675,1.0,0.0
evt_pay_001039_2,cust_044,pay_001039,2026-05-17T20:41:19.882240+00:00,226676,ESCALATE_HUMAN,0.8333333333333334,0,0.42857142857142855,0.9166666666666666,-0.003543210921367195,2.0,1.0,-0.7622974563020234,0.6472268444026906,0.7142857142857143,3.0,-0.8459251821363672,337.7059602914813,0.0,0.0
evt_pay_007710_0,cust_016,pay_007710,2026-05-17T20:43:49.850288+00:00,136395,ESCALATE_HUMAN,0.03333333333333333,0,0.375,2.6796726004425295,0.49102036112450337,0.0,1.0,-0.7551936169489422,0.6555017932237672,0.7142857142857143,3.0,-0.5381138706705891,339.643416661656,0.0,0.0
evt_pay_000661_2,cust_014,pay_000661,2026-05-17T21:11:37.780268+00:00,67104,ESCALATE_HUMAN,0.8333333333333334,0,0.29432624113475175,0.239719723912458,0.011587312424945225,2.0,1.0,-0.6703305536432372,0.7420626313542215,0.8260869565217391,13.0,-0.8122776257059364,341.64009890569577,0.0,0.0
evt_pay_004043_2,cust_051,pay_004043,2026-05-17T21:16:30.572585+00:00,521383,PAYMENT_LINK,0.8333333333333334,0,0.48739495798319327,0.5743621133445534,-0.41149099747981166,2.0,1.0,-0.654379462232581,0.7561663305174319,0.8947368421052632,8.0,-1.013594580420746,325.6813750259569,0.0,0.0
evt_pay_003041_0,cust_036,pay_003041,2026-05-17T21:49:15.164157+00:00,299055,RETRY_NOW,0.8333333333333334,0,0.4819277108433735,0.6086412386265275,-0.33697278214453397,0.0,1.0,-0.5400466711676583,0.8416350711328107,0.8888888888888888,7.0,-0.5882553306323993,328.3505859706783,1.0,0.0
evt_pay_006037_1,cust_033,pay_006037,2026-05-17T22:16:56.650909+00:00,74974,WHATSAPP_NUDGE,0.8333333333333334,1,0.5746606334841629,0.08333333333333333,-0.17216412728341474,1.0,1.0,-0.4346646120375745,0.9005924022787584,0.8181818181818181,4.0,-0.3958893149650273,321.6719695187329,1.0,0.0
evt_pay_004058_1,cust_038,pay_004058,2026-05-17T22:27:35.995988+00:00,44778,WHATSAPP_NUDGE,0.8333333333333334,0,0.6179245283018868,0.08333333333333333,0.012846696052517618,1.0,1.0,-0.39233738499420995,0.9198213828433786,0.782608695652174,2.0,2.4957647172129915,344.8927404410008,0.0,1.0
evt_pay_006827_0,cust_023,pay_006827,2026-05-17T22:47:17.238965+00:00,119356,WHATSAPP_NUDGE,0.8333333333333334,1,0.4340425531914894,1.2462574659047239,1.1969644432102555,0.0,1.0,-0.31197296760742077,0.9500909785290139,0.6363636363636364,2.0,0.9385908116339667,341.2017701078836,0.0,0.0
evt_pay_004312_0,cust_010,pay_004312,2026-05-17T22:55:21.910343+00:00,61873,RETRY_LATER,0.8333333333333334,0,0.3906810035842294,0.2564803297503128,-0.6206319752689216,0.0,1.0,-0.27829894953478795,0.9604945052876844,0.7916666666666666,7.0,-0.045395759303349575,346.9007143650815,0.0,1.0
evt_pay_006684_0,cust_013,pay_006684,2026-05-17T23:37:20.124779+00:00,217650,WHATSAPP_NUDGE,0.8333333333333334,0,0.3157894736842105,0.1435137105105658,0.759695931339394,0.0,1.0,-0.09873180327791925,0.9951140794006937,1.0,14.0,-0.5595801808996762,318.5865312225544,0.0,0.0
evt_pay_003041_1,cust_036,pay_003041,2026-05-17T23:49:15.164157+00:00,356439,WHATSAPP_NUDGE,0.8333333333333334,0,0.48,0.08333333333333333,0.1466146921386758,1.0,1.0,-0.04687660089400849,0.9989006879007661,0.8888888888888888,7.0,-0.5882553306323993,328.4339193040116,1.0,0.0
evt_pay_005203_0,cust_007,pay_005203,2026-05-17T23:52:01.459025+00:00,291329,RETRY_LATER,0.03333333333333333,1,0.43414634146341463,0.3704284683064998,-0.2117002472672443,0.0,1.0,-0.034793457842212154,0.9993945243453068,1.0,4.0,-0.46533070623945577,346.09276791183976,1.0,0.0
evt_pay_005959_0,cust_021,pay_005959,2026-05-17T23:54:16.889698+00:00,243589,RETRY_LATER,0.8333333333333334,0,0.35313531353135313,0.2443542024548909,0.3791831935911719,0.0,1.0,-0.024949096264296974,0.9996887228510657,0.6363636363636364,9.0,-0.0711177391970671,333.4448751816531,0.0,1.0
evt_pay_005180_0,cust_048,pay_005180,2026-05-17T23:54:57.969228+00:00,198049,RETRY_NOW,0.8333333333333334,0,0.2992957746478873,0.4569102924694069,0.09803944928065161,0.0,1.0,-0.02196253157758673,0.9997587945133084,0.92,3.0,-0.4506859321563252,328.00213128203467,1.0,0.0
evt_pay_004606_2,cust_055,pay_004606,2026-05-17T23:56:34.458695+00:00,305623,ESCALATE_HUMAN,0.8333333333333334,1,0.33447098976109213,0.5417625361847248,-0.06157634311361955,2.0,1.0,-0.014946828896786835,0.9998882899133934,0.9230769230769231,7.0,-1.0480965437343166,343.9466347913612,1.0,0.0
evt_pay_008062_0,cust_022,pay_008062,2026-05-18T00:14:55.207643+00:00,138533,RETRY_LATER,0.8333333333333334,0,0.41603053435114506,0.17692053152524068,0.6671918651101709,0.0,1.0,0.06505536144344916,0.9978816562836809,0.8947368421052632,16.0,-0.6143468879245073,326.0167321058164,0.0,1.0
evt_pay_001996_0,cust_000,pay_001996,2026-05-18T00:24:19.022698+00:00,115024,WHATSAPP_NUDGE,0.8333333333333334,0,0.3729508196721312,1.6462322412592887,-0.27560215847682146,0.0,1.0,0.1059041542192931,0.9943763422965654,0.6666666666666667,8.0,0.8132490481077264,336.6720953776385,0.0,0.0
evt_pay_004522_0,cust_004,pay_004522,2026-05-18T00:53:51.438201+00:00,436909,RETRY_NOW,0.8333333333333334,0,0.3360655737704918,0.27161789026736943,0.10527577631194102,0.0,1.0,0.2328398903991219,0.9725150823709239,1.0,8.0,-0.2585165281110097,343.2013548251516,1.0,0.0
evt_pay_004312_1,cust_010,pay_004312,2026-05-18T00:55:21.910343+00:00,78287,WHATSAPP_NUDGE,0.8333333333333334,0,0.3892857142857143,0.08333333333333333,-0.027322730051020882,1.0,1.0,0.239233292500192,0.9709621165418956,0.782608695652174,7.0,-0.045395759303349575,346.9840476984148,0.0,1.0
evt_pay_005255_0,cust_035,pay_005255,2026-05-18T01:01:35.856338+00:00,45224,RETRY_LATER,0.8333333333333334,0,0.33687943262411346,1.6251832954151648,0.09010303413615856,0.0,1.0,0.2655460451874385,0.9640981785509767,0.8947368421052632,9.0,0.5026080740568922,320.9785100330035,0.0,1.0
evt_pay_006684_1,cust_013,pay_006684,2026-05-18T01:37:20.124779+00:00,121692,WHATSAPP_NUDGE,0.8333333333333334,0,0.31451612903225806,0.08333333333333333,-0.8348995095017342,1.0,1.0,0.4120527899002214,0.9111599740635252,1.0,15.0,-0.5595801808996762,318.6698645558877,1.0,0.0
evt_pay_008466_0,cust_045,pay_008466,2026-05-18T01:51:09.111586+00:00,96918,WHATSAPP_NUDGE,0.8333333333333334,0,0.31746031746031744,0.40154473322096845,0.31472669440066475,0.0,1.0,0.4662008226020081,0.8846789208550246,0.8181818181818181,5.0,1.000889969158722,320.91370017118567,0.0,0.0
evt_pay_005959_1,cust_021,pay_005959,2026-05-18T01:54:16.889698+00:00,213606,WHATSAPP_NUDGE,0.8333333333333334,0,0.3519736842105263,0.08333333333333333,-0.019166652631961833,1.0,1.0,0.4782378102591877,0.8782303779979928,0.6923076923076923,9.0,-0.0711177391970671,333.5282085149865,0.0,1.0
evt_pay_005180_1,cust_048,pay_005180,2026-05-18T01:54:57.969228+00:00,189762,WHATSAPP_NUDGE,0.8333333333333334,0,0.2982456140350877,0.08333333333333333,-0.025610229498644062,1.0,1.0,0.4808592869790469,0.8767977794942244,0.875,3.0,-0.4506859321563252,328.08546461536804,0.0,0.0
evt_pay_000844_0,cust_049,pay_000844,2026-05-18T01:56:46.429428+00:00,263544,RETRY_NOW,0.8333333333333334,0,0.3511450381679389,0.6710529054377048,-0.6110813203056928,0.0,1.0,0.48775995494543,0.872977792587894,0.875,4.0,0.2100296838614713,319.96200778953886,1.0,0.0
evt_pay_007174_0,cust_039,pay_007174,2026-05-18T02:06:51.394333+00:00,259393,RETRY_LATER,0.8333333333333334,1,0.5,0.894122979463854,0.08639688035163708,0.0,1.0,0.5256816516953277,0.8506813745879664,0.9473684210526316,7.0,-0.6642333856639545,318.48985422766464,0.0,1.0
evt_pay_008062_1,cust_022,pay_008062,2026-05-18T02:14:55.207643+00:00,86784,WHATSAPP_NUDGE,0.8333333333333334,0,0.4144486692015209,0.08333333333333333,-0.6493046446838463,1.0,1.0,0.555280423804246,0.8316631835904346,0.9,16.0,-0.6143468879245073,326.1000654391498,0.0,1.0
evt_pay_004588_0,cust_036,pay_004588,2026-05-18T02:22:18.703984+00:00,360855,PAYMENT_LINK,0.03333333333333333,0,0.47808764940239046,0.10629097021093988,0.18383055873396145,0.0,1.0,0.581809771654446,0.8133248979389488,0.9047619047619048,8.0,-0.5882553306323993,328.5402102742226,0.0,0.0
evt_pay_001229_0,cust_006,pay_001229,2026-05-18T02:44:31.099562+00:00,132179,RETRY_NOW,0.8333333333333334,1,0.48188405797101447,1.9551278563040455,0.04491117475319365,0.0,1.0,0.6577642189520622,0.753223892522259,0.8636363636363636,3.0,-0.3286363658753921,339.7626494821423,1.0,0.0
evt_pay_005255_1,cust_035,pay_005255,2026-05-18T03:01:35.856338+00:00,36897,RETRY_NOW,0.03333333333333333,0,0.33568904593639576,0.08333333333333333,-0.4525465506621564,1.0,1.0,0.7120187102823006,0.7021604917737321,0.9047619047619048,9.0,0.5026080740568922,321.06184336633686,0.0,0.0
evt_pay_000306_2,cust_055,pay_000306,2026-05-18T03:25:48.631081+00:00,350104,ESCALATE_HUMAN,0.8333333333333334,0,0.336734693877551,0.6870654573132242,0.34529803246017016,2.0,1.0,0.7820932122964216,0.6231614616452661,0.8695652173913043,7.0,-1.0480965437343166,344.09193771248965,0.0,0.0
evt_pay_002520_0,cust_027,pay_002520,2026-05-18T03:40:52.545191+00:00,78785,RETRY_LATER,0.8333333333333334,0,0.27147766323024053,3.1092001745682105,-0.030011188809452492,0.0,1.0,0.8213378054140954,0.5704421174821838,0.8695652173913043,3.0,-0.8172299270627982,320.29529945510376,0.0,1.0
evt_pay_000844_1,cust_049,pay_000844,2026-05-18T03:56:46.429428+00:00,291965,WHATSAPP_NUDGE,0.8333333333333334,0,0.34980988593155893,0.08333333333333333,-0.36885959965763687,1.0,1.0,0.8589014082254426,0.5121409678480638,0.875,4.0,0.2100296838614713,320.04534112287223,1.0,0.0
evt_pay_001707_0,cust_053,pay_001707,2026-05-18T04:17:04.322807+00:00,305860,WHATSAPP_NUDGE,0.8333333333333334,0,0.3903345724907063,0.4565142519463355,-0.12669443718978105,0.0,1.0,0.9008347685040796,0.43416208937930234,1.0,8.0,-0.06914381847567465,318.1628808299178,0.0,0.0
evt_pay_004517_0,cust_046,pay_004517,2026-05-18T04:40:09.946254+00:00,115045,DO_NOTHING,0.03333333333333333,0,0.430622009569378,3.110670346821356,0.23144043171300205,0.0,1.0,0.9399397622275635,0.3413403629569633,0.8095238095238095,6.0,-0.9687765812058661,341.21492839173504,0.0,0.0
evt_pay_006454_2,cust_022,pay_006454,2026-05-18T05:01:32.845670+00:00,105931,ESCALATE_HUMAN,0.8333333333333334,0,0.4128787878787879,0.11571340308213014,-0.16220983691014412,2.0,1.0,0.9676513229898166,0.2522913338108499,0.9047619047619048,17.0,-0.6143468879245073,326.2157788422319,1.0,0.0
evt_pay_006604_0,cust_023,pay_006604,2026-05-18T05:05:09.051864+00:00,95816,WHATSAPP_NUDGE,0.8333333333333334,0,0.4364406779661017,1.5086627077834767,0.3974062714736574,0.0,1.0,0.9714983208673067,0.2370464354340803,0.7692307692307692,3.0,0.9385908116339667,341.46417534976234,0.0,0.0
evt_pay_004781_2,cust_036,pay_004781,2026-05-18T05:12:48.561140+00:00,367733,ESCALATE_HUMAN,0.8333333333333334,1,0.47619047619047616,0.11840112449586589,0.24178470952175496,2.0,1.0,0.9788757328687038,0.20445610678274725,0.9047619047619048,9.0,-0.5882553306323993,328.65861139871845,0.0,0.0
evt_pay_002115_2,cust_045,pay_002115,2026-05-18T05:21:50.613315+00:00,96892,ESCALATE_HUMAN,0.8333333333333334,0,0.31620553359683795,0.14631367741308546,0.31387490102168275,2.0,1.0,0.9861727071227331,0.16572082466069313,0.8181818181818181,6.0,1.000889969158722,321.06001384859877,0.0,0.0
evt_pay_007939_0,cust_038,pay_007939,2026-05-18T05:37:19.655548+00:00,47774,WHATSAPP_NUDGE,0.8333333333333334,0,0.6150234741784038,0.29842198564720473,0.2048854246282706,0.0,1.0,0.9951107097513395,0.09876575994840121,0.8181818181818181,3.0,2.4957647172129915,345.19116242664796,0.0,0.0
evt_pay_002520_1,cust_027,pay_002520,2026-05-18T05:40:52.545191+00:00,59552,WHATSAPP_NUDGE,0.8333333333333334,0,0.2705479452054795,0.08333333333333333,-0.7201598287572527,1.0,1.0,0.9965204633182586,0.0833484624211106,0.8695652173913043,3.0,-0.8172299270627982,320.3786327884371,0.0,1.0
evt_pay_001707_1,cust_053,pay_001707,2026-05-18T06:17:04.322807+00:00,320323,WHATSAPP_NUDGE,0.8333333333333334,1,0.3888888888888889,0.08333333333333333,0.0024126469549398937,1.0,1.0,0.997226838826458,-0.074421985489434,1.0,9.0,-0.06914381847567465,318.2462141632512,0.0,0.0
evt_pay_005986_0,cust_058,pay_005986,2026-05-18T06:47:32.728283+00:00,243162,WHATSAPP_NUDGE,0.8333333333333334,0,0.47540983606557374,0.9113040232575523,0.007446637780558616,0.0,1.0,0.9785580187389536,-0.20597136684911735,0.8260869565217391,3.0,4.286983765334936,336.24713028401925,0.0,0.0
evt_pay_002048_0,cust_037,pay_002048,2026-05-18T06:55:12.735298+00:00,142211,WHATSAPP_NUDGE,0.8333333333333334,0,0.4298642533936652,2.6212475040200807,-0.3110333481509421,0.0,1.0,0.9711215235720525,-0.238585386088703,0.8333333333333334,6.0,-0.33341852366871827,324.9182053680106,0.0,0.0
evt_pay_001795_0,cust_017,pay_001795,2026-05-18T07:05:53.571302+00:00,422546,WHATSAPP_NUDGE,0.8333333333333334,0,0.32388663967611336,1.1145417262238766,-0.4982316133285104,0.0,1.0,0.9589524095542692,-0.2835670576954615,0.8695652173913043,7.0,0.5027156808516637,340.85736748022526,0.0,0.0
evt_pay_007939_1,cust_038,pay_007939,2026-05-18T07:37:19.655548+00:00,49227,WHATSAPP_NUDGE,0.8333333333333334,1,0.6121495327102804,0.08333333333333333,0.2980581396777382,1.0,1.0,0.9111740341968237,-0.4120216977362787,0.8181818181818181,4.0,2.4957647172129915,345.27449575998133,1.0,0.0
evt_pay_000696_2,cust_053,pay_000696,2026-05-18T08:03:27.558166+00:00,343254,ESCALATE_HUMAN,0.8333333333333334,1,0.39114391143911437,0.15721337220783957,0.20712656777800018,2.0,1.0,0.858380010837363,-0.513014382834291,0.9375,10.0,-0.06914381847567465,318.32009420212563,0.0,0.0
evt_pay_000852_0,cust_028,pay_000852,2026-05-18T08:19:41.741524+00:00,244420,WHATSAPP_NUDGE,0.8333333333333334,1,0.375,0.9372369049993191,0.1959855883218293,0.0,1.0,0.8199129132217824,-0.572488266021383,0.875,8.0,0.3910481863531735,318.67428745182957,0.0,0.0
evt_pay_005986_1,cust_058,pay_005986,2026-05-18T08:47:32.728283+00:00,224562,WHATSAPP_NUDGE,0.8333333333333334,0,0.47346938775510206,0.08333333333333333,-0.21166567672023823,1.0,1.0,0.744470419880344,-0.6676554455130163,0.8181818181818181,4.0,4.286983765334936,336.33046361735256,0.0,1.0
evt_pay_006140_0,cust_056,pay_006140,2026-05-18T08:51:33.759645+00:00,159599,WHATSAPP_NUDGE,0.8333333333333334,0,0.29577464788732394,1.1916917805009462,0.004607711328577105,0.0,1.0,0.732653794274594,-0.6806015117049335,0.8260869565217391,5.0,-0.26273729270347856,329.3245874051757,0.0,0.0
evt_pay_000690_2,cust_055,pay_000690,2026-05-18T08:56:26.175569+00:00,339553,ESCALATE_HUMAN,0.8333333333333334,0,0.33559322033898303,0.22960120935344244,0.2487889525180868,2.0,1.0,0.7180161871399157,-0.6960264039568166,0.84,7.0,-1.0480965437343166,344.3215389218431,0.0,1.0
evt_pay_007976_0,cust_045,pay_007976,2026-05-18T09:25:46.381357+00:00,72498,RETRY_NOW,0.8333333333333334,0,0.31496062992125984,0.16939546345330805,-0.48447928808583174,0.0,1.0,0.6232894072850241,-0.7819912498016096,0.8260869565217391,6.0,1.000889969158722,321.2294093120521,1.0,0.0
evt_pay_007821_0,cust_038,pay_007821,2026-05-18T09:43:56.945370+00:00,31320,WHATSAPP_NUDGE,0.8333333333333334,0,0.6139534883720931,0.17126492849515293,-0.8496895545645706,0.0,1.0,0.5593770512448841,-0.8289133335521743,0.8333333333333334,5.0,2.4957647172129915,345.36242735514315,0.0,0.0
evt_pay_002983_0,cust_041,pay_002983,2026-05-18T10:33:00.207134+00:00,300410,RETRY_NOW,0.8333333333333334,1,0.4578313253012048,0.9760499278662186,0.40464749735201344,0.0,1.0,0.37054344664287897,-0.928815134539708,0.8,5.0,0.3693318557794774,346.7294187975346,1.0,0.0
evt_pay_004563_0,cust_012,pay_004563,2026-05-18T10:35:37.287084+00:00,526456,PAYMENT_LINK,0.8333333333333334,0,0.47280334728033474,0.8646668201061326,-0.07986396002932519,0.0,1.0,0.3599094826617438,-0.93298722622025,0.9090909090909091,5.0,-0.5006574979571285,327.6474907210673,0.0,0.0
evt_pay_006038_0,cust_010,pay_006038,2026-05-18T10:37:20.185840+00:00,67345,RETRY_NOW,0.8333333333333334,0,0.3879003558718861,0.40414670713971645,-0.4228336530040261,0.0,1.0,0.3529179197109467,-0.9356542854852414,0.84,8.0,-0.045395759303349575,347.38819440555454,1.0,0.0
evt_pay_007476_0,cust_017,pay_007476,2026-05-18T10:43:35.409709+00:00,502381,PAYMENT_LINK,0.8333333333333334,0,0.3225806451612903,0.15117868526918224,-0.05254442981801238,0.0,1.0,0.3272584626291918,-0.9449348647592478,0.7619047619047619,8.0,0.5027156808516637,341.00854616549447,0.0,0.0
evt_pay_006140_1,cust_056,pay_006140,2026-05-18T10:51:33.759645+00:00,149058,WHATSAPP_NUDGE,0.8333333333333334,0,0.29473684210526313,0.08333333333333333,-0.18440067761916565,1.0,1.0,0.2941960421683897,-0.9557450961278614,0.8461538461538461,6.0,-0.26273729270347856,329.40792073850906,1.0,0.0
evt_pay_000684_2,cust_059,pay_000684,2026-05-18T11:09:10.375585+00:00,161576,ESCALATE_HUMAN,0.8333333333333334,0,0.375,0.9166666666666666,-0.06562823121955207,2.0,1.0,0.2199614434578391,-0.9755085665394968,0.9166666666666666,3.0,-0.38878117849020055,330.0852953807682,0.0,0.0
evt_pay_005961_0,cust_055,pay_005961,2026-05-18T11:17:19.430134+00:00,365733,WHATSAPP_NUDGE,0.8333333333333334,0,0.3344594594594595,0.09783859449997105,0.48826402506704886,0.0,1.0,0.1851356486508423,-0.9827129751858534,0.75,7.0,-1.0480965437343166,344.41937751634305,0.0,0.0
evt_pay_007976_1,cust_045,pay_007976,2026-05-18T11:25:46.381357+00:00,87924,WHATSAPP_NUDGE,0.8333333333333334,0,0.3137254901960784,0.08333333333333333,0.02038046269162955,1.0,1.0,0.14878883571777138,-0.9888689915078489,0.8518518518518519,6.0,1.000889969158722,321.3127426453854,0.0,0.0
evt_pay_006242_0,cust_032,pay_006242,2026-05-18T11:28:56.114729+00:00,279651,WHATSAPP_NUDGE,0.8333333333333334,0,0.30662020905923343,1.0869441595043743,-0.39632037343225407,0.0,1.0,0.1351308889386067,-0.9908277564010114,0.8,7.0,0.2905055503479753,342.9417832311628,0.0,0.0
evt_pay_003233_0,cust_030,pay_003233,2026-05-18T11:38:14.236655+00:00,167495,WHATSAPP_NUDGE,0.8333333333333334,0,0.375886524822695,1.1826388229725922,-0.08998852230746461,0.0,1.0,0.09481514897762498,-0.9954948957801596,0.8333333333333334,8.0,1.7722569671050512,318.4290815716084,0.0,0.0
evt_pay_007821_1,cust_038,pay_007821,2026-05-18T11:43:56.945370+00:00,41739,PAYMENT_LINK,0.03333333333333333,0,0.6111111111111112,0.08333333333333333,-0.18190721679495797,1.0,1.0,0.06997806989601191,-0.997548530014269,0.8571428571428572,6.0,2.4957647172129915,345.44576068847647,0.0,1.0
evt_pay_004227_0,cust_009,pay_004227,2026-05-18T11:55:03.669997+00:00,117934,WHATSAPP_NUDGE,0.8333333333333334,0,0.3360323886639676,1.6048197098874464,-0.024269981071661853,0.0,1.0,0.02154805804073499,-0.9997678136420841,0.8,5.0,-0.8984355580750027,320.1134415182281,0.0,0.0
evt_pay_006106_0,cust_026,pay_006106,2026-05-18T12:18:16.103777+00:00,251684,WHATSAPP_NUDGE,0.8333333333333334,0,0.4371859296482412,1.6938741075280177,0.3027296734845916,0.0,1.0,-0.0796265312620369,-0.9968247667063533,0.8571428571428572,5.0,1.9048100532514713,335.0659234492502,0.0,0.0
evt_pay_003836_0,cust_048,pay_003836,2026-05-18T12:22:46.634263+00:00,207441,WHATSAPP_NUDGE,0.8333333333333334,0,0.2972027972027972,0.43597991938397246,0.23818758749839605,0.0,1.0,-0.09922092109880033,-0.9950654294147223,0.8,3.0,-0.4506859321563252,328.521444534752,0.0,0.0
evt_pay_004563_1,cust_012,pay_004563,2026-05-18T12:35:37.287084+00:00,459893,PAYMENT_LINK,0.03333333333333333,1,0.4708333333333333,0.08333333333333333,-0.43101238817641174,1.0,1.0,-0.1548028580621402,-0.9879453806439873,0.9166666666666666,6.0,-0.5006574979571285,327.7308240544006,0.0,0.0
evt_pay_000458_0,cust_014,pay_000458,2026-05-18T12:37:30.857598+00:00,81179,RETRY_LATER,0.8333333333333334,0,0.29328621908127206,0.6429754320613862,0.6133161766636042,0.0,1.0,-0.16295700634754803,-0.9866331709821261,0.8620689655172413,13.0,-0.8122776257059364,342.2830743377571,0.0,1.0
evt_pay_006976_0,cust_012,pay_006976,2026-05-18T13:07:06.387190+00:00,606950,RETRY_LATER,0.03333333333333333,0,0.4730290456431535,0.1051979178965136,0.34477784748781487,0.0,1.0,-0.2886410189510344,-0.9574373933469011,0.8461538461538461,7.0,-0.5006574979571285,327.7526886389638,1.0,0.0
evt_pay_006242_1,cust_032,pay_006242,2026-05-18T13:28:56.114729+00:00,273762,WHATSAPP_NUDGE,0.8333333333333334,0,0.3055555555555556,0.08333333333333333,-0.448140598955872,1.0,1.0,-0.37838709554369854,-0.9256474522873187,0.8,8.0,0.2905055503479753,343.0251165644961,0.0,0.0
evt_pay_002276_2,cust_043,pay_002276,2026-05-18T13:49:33.953131+00:00,132545,ESCALATE_HUMAN,0.8333333333333334,0,0.2559055118110236,0.9166666666666666,-0.23205676174885084,2.0,1.0,-0.4600676261408661,-0.8878838771917802,0.8095238095238095,6.0,-0.05414349663535748,333.2183429320713,0.0,1.0
evt_pay_004227_1,cust_009,pay_004227,2026-05-18T13:55:03.669997+00:00,95822,ESCALATE_HUMAN,0.03333333333333333,1,0.3346774193548387,0.08333333333333333,-0.5554270936988037,1.0,1.0,-0.48122274115554386,-0.8765983535204389,0.8571428571428572,6.0,-0.8984355580750027,320.19677485156143,0.0,1.0
evt_pay_000521_0,cust_040,pay_000521,2026-05-18T14:21:51.321104+00:00,254121,WHATSAPP_NUDGE,0.8333333333333334,1,0.47533632286995514,2.8599824597093857,0.48205392022261345,0.0,1.0,-0.5801890133952033,-0.8144818651974399,0.8095238095238095,8.0,-0.492492512121923,336.7277547729706,0.0,0.0
evt_pay_003836_1,cust_048,pay_003836,2026-05-18T14:22:46.634263+00:00,230715,WHATSAPP_NUDGE,0.8333333333333334,0,0.2961672473867596,0.08333333333333333,0.5854732923576507,1.0,1.0,-0.5834605529658135,-0.8121414797514206,0.7727272727272727,4.0,-0.4506859321563252,328.60477786808536,1.0,0.0
evt_pay_000458_1,cust_014,pay_000458,2026-05-18T14:37:30.857598+00:00,62299,WHATSAPP_NUDGE,0.8333333333333334,0,0.29225352112676056,0.08333333333333333,-0.19381460672230905,1.0,1.0,-0.6344414927127019,-0.7729708871131427,0.8620689655172413,13.0,-0.8122776257059364,342.3664076710904,0.0,0.0
evt_pay_006976_1,cust_012,pay_006976,2026-05-18T15:07:06.387190+00:00,614787,PAYMENT_LINK,0.8333333333333334,0,0.47107438016528924,0.08333333333333333,0.38612140619886515,1.0,1.0,-0.7286891516592718,-0.6848445956960534,0.8333333333333334,7.0,-0.5006574979571285,327.83602197229715,0.0,0.0
evt_pay_003444_0,cust_058,pay_003444,2026-05-18T15:21:10.746362+00:00,216662,WHATSAPP_NUDGE,0.8333333333333334,0,0.4715447154471545,0.27335669072986474,-0.3047348280960966,0.0,1.0,-0.7693413172187362,-0.6388379588128275,0.896551724137931,5.0,4.286983765334936,336.60382030808245,0.0,0.0
evt_pay_006891_0,cust_054,pay_006891,2026-05-18T16:30:00.333254+00:00,82052,RETRY_NOW,0.03333333333333333,0,0.4142857142857143,0.9256199612526453,-0.4860234732309936,0.0,1.0,-0.9238888065455155,-0.38266104209849083,0.8,9.0,-0.6956354929968003,334.1440852031375,0.0,0.0
evt_pay_002670_0,cust_021,pay_002670,2026-05-18T16:52:41.020568+00:00,152026,RETRY_NOW,0.8333333333333334,0,0.35081967213114756,0.6238904035887648,-0.8373204788325539,0.0,1.0,-0.957172673650037,-0.2895176554506472,0.8333333333333334,9.0,-0.0711177391970671,334.15209891857523,1.0,0.0
evt_pay_001319_0,cust_002,pay_001319,2026-05-18T17:10:56.166256+00:00,253173,WHATSAPP_NUDGE,0.8333333333333334,0,0.3230769230769231,1.6104684474476585,-0.5036353257912416,0.0,1.0,-0.9771719138305061,-0.21245011372278927,0.7727272727272727,8.0,-0.38277421977533765,326.7984732548144,0.0,0.0
evt_pay_003444_1,cust_058,pay_003444,2026-05-18T17:21:10.746362+00:00,225440,WHATSAPP_NUDGE,0.8333333333333334,0,0.46963562753036436,0.08333333333333333,-0.2013292778788403,1.0,1.0,-0.9856881042988217,-0.16857924262433707,0.8888888888888888,6.0,4.286983765334936,336.6871536414158,1.0,0.0
evt_pay_002298_0,cust_049,pay_002298,2026-05-18T17:55:12.340591+00:00,332614,ESCALATE_HUMAN,0.03333333333333333,0,0.3484848484848485,0.5822443421661015,-0.022428893166671484,0.0,1.0,-0.9997812018796324,-0.02091765685055771,0.782608695652174,4.0,0.2100296838614713,320.6275854650383,0.0,0.0
evt_pay_006674_2,cust_022,pay_006674,2026-05-18T18:00:09.273720+00:00,126112,ESCALATE_HUMAN,0.8333333333333334,0,0.41132075471698115,0.5406993987259625,0.3511976673286076,2.0,1.0,-0.9999997725896849,0.0006744038689600133,0.8,16.0,-0.6143468879245073,326.75647824095785,0.0,0.0
evt_pay_007914_0,cust_043,pay_007914,2026-05-18T18:05:52.407844+00:00,191544,WHATSAPP_NUDGE,0.8333333333333334,0,0.2549019607843137,0.1779913739970501,0.9364365540546831,0.0,1.0,-0.9996716253520068,0.025625016411253483,0.7916666666666666,6.0,-0.05414349663535748,333.39633430606835,0.0,0.0
evt_pay_002670_1,cust_021,pay_002670,2026-05-18T18:52:41.020568+00:00,222237,WHATSAPP_NUDGE,0.8333333333333334,0,0.34967320261437906,0.08333333333333333,0.09550812257358536,1.0,1.0,-0.9736946789145277,0.227856692360648,0.8181818181818181,8.0,-0.0711177391970671,334.23543225190855,1.0,0.0
evt_pay_007296_0,cust_050,pay_007296,2026-05-18T19:02:10.572160+00:00,96389,WHATSAPP_NUDGE,0.8333333333333334,0,0.4233576642335766,2.366086270951712,-0.49575525111628693,0.0,1.0,-0.9634247077750027,0.2679791642061946,0.8333333333333334,10.0,-0.900782201038446,345.5080282584393,0.0,0.0
evt_pay_001384_0,cust_020,pay_001384,2026-05-18T19:19:29.926790+00:00,58688,RETRY_NOW,0.03333333333333333,0,0.3472222222222222,3.681231985601793,-0.12098824503956845,0.0,1.0,-0.9404383660712495,0.3399642328558087,0.8333333333333334,5.0,0.06752823759169156,333.0436277677888,0.0,0.0
evt_pay_006402_0,cust_004,pay_006402,2026-05-18T19:32:16.592901+00:00,343402,WHATSAPP_NUDGE,0.8333333333333334,0,0.3346938775510204,0.7766800312542917,-0.528739219020925,0.0,1.0,-0.9200326999527203,0.39184158918842166,0.75,8.0,-0.2585165281110097,343.97803485640594,0.0,0.0
evt_pay_001338_0,cust_028,pay_001338,2026-05-18T19:40:09.650244+00:00,195447,ESCALATE_HUMAN,0.03333333333333333,0,0.377431906614786,1.4097821448152104,-0.4157512286016442,0.0,1.0,-0.9060109764848078,0.4232541913425607,0.8260869565217391,7.0,0.3910481863531735,319.1468326916455,1.0,0.0
evt_pay_002053_0,cust_013,pay_002053,2026-05-18T20:02:13.398056+00:00,158816,WHATSAPP_NUDGE,0.8333333333333334,0,0.3132530120481928,0.7672832555245653,-0.21798949795361713,0.0,1.0,-0.8611342395858864,0.5083776366175417,0.7777777777777778,14.0,-0.5595801808996762,319.43714781141233,0.0,0.0
evt_pay_007914_1,cust_043,pay_007914,2026-05-18T20:05:52.407844+00:00,122902,WHATSAPP_NUDGE,0.8333333333333334,0,0.25390625,0.08333333333333333,-0.4230387948776343,1.0,1.0,-0.8529285147916909,0.5220277278605423,0.8333333333333334,7.0,-0.05414349663535748,333.4796676394017,0.0,0.0
evt_pay_001314_0,cust_036,pay_001314,2026-05-18T20:19:50.567796+00:00,332489,RETRY_LATER,0.8333333333333334,0,0.4782608695652174,0.74828546079461,-0.055218933435127245,0.0,1.0,-0.8195452843882222,0.5730144211422851,0.7857142857142857,9.0,-0.5882553306323993,329.2884957350172,0.0,1.0
evt_pay_004058_2,cust_038,pay_004058,2026-05-18T20:27:35.995988+00:00,47125,ESCALATE_HUMAN,0.8333333333333334,0,0.6082949308755761,0.3636464191909757,0.16330070313074072,2.0,1.0,-0.7996848336810303,0.6004199919893931,0.88,7.0,2.4957647172129915,345.8094071076675,0.0,0.0
evt_pay_006112_0,cust_048,pay_006112,2026-05-18T20:28:57.294580+00:00,176593,WHATSAPP_NUDGE,0.8333333333333334,0,0.2951388888888889,0.2542900499711133,-0.22211382530073093,0.0,1.0,-0.7961210749022439,0.6051373679558185,0.84,5.0,-0.4506859321563252,328.85906791805644,0.0,0.0
evt_pay_004285_0,cust_001,pay_004285,2026-05-18T20:35:53.165290+00:00,499167,WHATSAPP_NUDGE,0.8333333333333334,0,0.2984126984126984,2.4270204976928276,-0.15269707181109637,0.0,1.0,-0.7774586591671615,0.6289340452591189,0.7777777777777778,7.0,0.16534712408787333,330.4113563413328,0.0,0.0
evt_pay_001881_0,cust_049,pay_001881,2026-05-18T20:53:02.861665+00:00,391755,RETRY_NOW,0.8333333333333334,0,0.3471698113207547,0.1235014013270946,0.48160050254550335,0.0,1.0,-0.7282283632954575,0.6853345539895236,0.8461538461538461,4.0,0.2100296838614713,320.7510868663654,1.0,0.0
evt_pay_007296_1,cust_050,pay_007296,2026-05-18T21:02:10.572160+00:00,119228,WHATSAPP_NUDGE,0.8333333333333334,0,0.4218181818181818,0.08333333333333333,0.06379287634340144,1.0,1.0,-0.700360689463654,0.7137891177749877,0.8461538461538461,11.0,-0.900782201038446,345.5913615917727,0.0,0.0
evt_pay_001384_1,cust_020,pay_001384,2026-05-18T21:19:29.926790+00:00,52349,WHATSAPP_NUDGE,0.8333333333333334,0,0.3460207612456747,0.08333333333333333,-0.41650827980499994,1.0,1.0,-0.6444613992833277,0.764636845066843,0.8,5.0,0.06752823759169156,333.1269611011221,1.0,0.0
evt_pay_006402_1,cust_004,pay_006402,2026-05-18T21:32:16.592901+00:00,378547,WHATSAPP_NUDGE,0.8333333333333334,0,0.3333333333333333,0.08333333333333333,-0.2904384239691736,1.0,1.0,-0.6008508958772308,0.7993611204727993,0.8,9.0,-0.2585165281110097,344.0613681897393,1.0,0.0
evt_pay_003041_2,cust_036,pay_003041,2026-05-18T21:49:15.164157+00:00,326771,ESCALATE_HUMAN,0.8333333333333334,0,0.4763779527559055,0.06209023566111682,-0.10340131222579542,2.0,1.0,-0.5400466711676583,0.8416350711328107,0.7857142857142857,9.0,-0.5882553306323993,329.3505859706783,0.0,0.0
evt_pay_002053_1,cust_013,pay_002053,2026-05-18T22:02:13.398056+00:00,210692,WHATSAPP_NUDGE,0.8333333333333334,0,0.312,0.08333333333333333,0.6440744795779861,1.0,1.0,-0.49157530924120246,0.870835067819628,0.8181818181818181,15.0,-0.5595801808996762,319.52048114474564,0.0,0.0
evt_pay_004425_0,cust_026,pay_004425,2026-05-18T22:10:18.816673+00:00,282126,WHATSAPP_NUDGE,0.8333333333333334,1,0.435,0.41114251037148125,0.6849282825357891,0.0,1.0,-0.4605344071378163,0.887641853363292,0.8333333333333334,6.0,1.9048100532514713,335.47706595962165,0.0,0.0
evt_pay_006494_0,cust_004,pay_006494,2026-05-18T22:18:57.966611+00:00,375546,WHATSAPP_NUDGE,0.8333333333333334,0,0.3319838056680162,0.032423306828415356,-0.31079168444675986,0.0,1.0,-0.4267024790176711,0.904392057904189,0.8333333333333334,10.0,-0.2585165281110097,344.0937914965677,0.0,0.0
evt_pay_007690_0,cust_034,pay_007690,2026-05-18T22:23:17.592441+00:00,64700,RETRY_LATER,0.03333333333333333,0,0.3346613545816733,1.858312079021535,0.560277605412091,0.0,1.0,-0.4095520463804183,0.9122867538803858,0.9130434782608696,3.0,-0.5369784473169031,332.0456975974015,1.0,0.0
evt_pay_004285_1,cust_001,pay_004285,2026-05-18T22:35:53.165290+00:00,484437,ESCALATE_HUMAN,0.03333333333333333,0,0.2974683544303797,0.08333333333333333,-0.23250618298877548,1.0,1.0,-0.3588319266013904,0.9334021900828894,0.8461538461538461,8.0,0.16534712408787333,330.4946896746662,0.0,1.0
evt_pay_001881_1,cust_049,pay_001881,2026-05-18T22:53:02.861665+00:00,325751,ESCALATE_HUMAN,0.03333333333333333,0,0.3458646616541353,0.08333333333333333,-0.08091882431658855,1.0,1.0,-0.28799698537546814,0.9576313154939339,0.8518518518518519,4.0,0.2100296838614713,320.83442019969874,0.0,0.0
evt_pay_004312_2,cust_010,pay_004312,2026-05-18T22:55:21.910343+00:00,82533,ESCALATE_HUMAN,0.8333333333333334,1,0.38652482269503546,0.5125199595269502,0.1261610749986873,2.0,1.0,-0.27829894953478795,0.9604945052876844,0.9130434782608696,7.0,-0.045395759303349575,347.9007143650815,1.0,0.0
evt_pay_000489_0,cust_013,pay_000489,2026-05-18T23:05:25.277992+00:00,180885,WHATSAPP_NUDGE,0.8333333333333334,0,0.3107569721115538,0.043887499262704445,0.1487514982826622,0.0,1.0,-0.23589990519714965,0.9717773586207779,0.8571428571428572,16.0,-0.5595801808996762,319.5643686440083,0.0,0.0
evt_pay_000270_0,cust_035,pay_000270,2026-05-18T23:23:20.088822+00:00,37975,WHATSAPP_NUDGE,0.8333333333333334,0,0.3345070422535211,0.8484286167184981,-0.3823372241545448,0.0,1.0,-0.15930049120187287,0.9872301421162353,0.7857142857142857,9.0,0.5026080740568922,321.91027198305534,0.0,0.0
evt_pay_001700_0,cust_046,pay_001700,2026-05-18T23:24:54.492730+00:00,167810,RETRY_LATER,0.8333333333333334,1,0.42857142857142855,0.7810711397697597,1.6479982872596022,0.0,1.0,-0.15251921272451924,0.9883005057925919,0.8695652173913043,6.0,-0.9687765812058661,341.9959995315048,0.0,1.0
evt_pay_006684_2,cust_013,pay_006684,2026-05-18T23:37:20.124779+00:00,179541,ESCALATE_HUMAN,0.8333333333333334,0,0.30952380952380953,0.02216257854606359,0.1264174306332338,2.0,1.0,-0.09873180327791925,0.9951140794006937,0.8666666666666667,17.0,-0.5595801808996762,319.5865312225544,0.0,1.0
evt_pay_005180_2,cust_048,pay_005180,2026-05-18T23:54:57.969228+00:00,155038,ESCALATE_HUMAN,0.8333333333333334,0,0.29411764705882354,0.14306336397824757,-0.5437493150374972,2.0,1.0,-0.02196253157758673,0.9997587945133084,0.8571428571428572,6.0,-0.4506859321563252,329.00213128203467,0.0,0.0
evt_pay_007173_0,cust_000,pay_007173,2026-05-19T00:12:21.458791+00:00,94684,RETRY_NOW,0.8333333333333334,0,0.37142857142857144,0.9916948621893388,-0.732107367050467,0.0,1.0,0.053894280583085305,0.9985466471429523,0.9166666666666666,8.0,0.8132490481077264,337.6637902398279,1.0,0.0
evt_pay_008062_2,cust_022,pay_008062,2026-05-19T00:14:55.207643+00:00,104502,DO_NOTHING,0.03333333333333333,0,0.40977443609022557,0.260253864858574,-0.19855624184308887,2.0,1.0,0.06505536144344916,0.9978816562836809,0.7857142857142857,14.0,-0.6143468879245073,327.0167321058164,0.0,0.0
evt_pay_006494_1,cust_004,pay_006494,2026-05-19T00:18:57.966611+00:00,459163,WHATSAPP_NUDGE,0.8333333333333334,0,0.33064516129032256,0.08333333333333333,0.25616827667386693,1.0,1.0,0.08266084226499451,0.9965777366347502,0.8666666666666667,11.0,-0.2585165281110097,344.177124829901,0.0,0.0
evt_pay_007690_1,cust_034,pay_007690,2026-05-19T00:23:17.592441+00:00,51135,WHATSAPP_NUDGE,0.8333333333333334,0,0.3333333333333333,0.08333333333333333,-0.15623166853291123,1.0,1.0,0.1014609006028489,0.994839527586665,0.8333333333333334,3.0,-0.5369784473169031,332.1290309307348,0.0,0.0
evt_pay_005255_2,cust_035,pay_005255,2026-05-19T01:01:35.856338+00:00,44384,ESCALATE_HUMAN,0.8333333333333334,0,0.3333333333333333,0.06823804994816858,0.03533251275727651,2.0,1.0,0.2655460451874385,0.9640981785509767,0.7857142857142857,10.0,0.5026080740568922,321.9785100330035,0.0,0.0
evt_pay_000489_1,cust_013,pay_000489,2026-05-19T01:05:25.277992+00:00,197295,WHATSAPP_NUDGE,0.8333333333333334,0,0.308300395256917,0.06117075478726974,0.4214447725406095,1.0,1.0,0.28159336865931717,0.9595338319867089,0.8666666666666667,17.0,-0.5595801808996762,319.6477019773417,1.0,0.0
evt_pay_002324_0,cust_056,pay_002324,2026-05-19T01:48:48.734254+00:00,150980,WHATSAPP_NUDGE,0.8333333333333334,0,0.2937062937062937,0.623089983894431,-0.14993690772622492,0.0,1.0,0.45714541808483816,0.8893919646162981,0.8333333333333334,7.0,-0.26273729270347856,330.03101072240344,0.0,0.0
evt_pay_003131_0,cust_039,pay_003131,2026-05-19T01:51:28.752863+00:00,295910,ESCALATE_HUMAN,0.03333333333333333,0,0.5020576131687243,1.8834442587535136,0.5007740358445899,0.0,1.0,0.4674639812601522,0.8840121188221393,0.7857142857142857,6.0,-0.6642333856639545,319.47917550695433,0.0,1.0
evt_pay_003821_0,cust_058,pay_003821,2026-05-19T01:52:01.807062+00:00,239037,WHATSAPP_NUDGE,0.8333333333333334,0,0.46774193548387094,0.3547576469877072,-0.041148476104860866,0.0,1.0,0.46958758972920545,0.8828858904594158,0.8333333333333334,5.0,4.286983765334936,337.0419112884035,0.0,0.0
evt_pay_000844_2,cust_049,pay_000844,2026-05-19T01:56:46.429428+00:00,379208,ESCALATE_HUMAN,0.8333333333333334,0,0.3445692883895131,0.12758758984013716,0.374666312969719,2.0,1.0,0.48775995494543,0.872977792587894,0.8846153846153846,4.0,0.2100296838614713,320.96200778953886,0.0,0.0
evt_pay_007631_0,cust_021,pay_007631,2026-05-19T02:10:56.424310+00:00,242697,RETRY_NOW,0.8333333333333334,0,0.3485342019543974,0.30434495072061435,0.3673396630006023,0.0,1.0,0.5407557564525765,0.8411796549271754,0.9090909090909091,8.0,-0.0711177391970671,334.5397772026292,1.0,0.0
evt_pay_007883_0,cust_045,pay_007883,2026-05-19T02:58:29.500605+00:00,73057,WHATSAPP_NUDGE,0.8333333333333334,0,0.3125,0.647721287593375,-0.4661781956917394,0.0,1.0,0.7024378181209544,0.7117451170703407,0.875,6.0,1.000889969158722,321.9604639329788,0.0,0.0
evt_pay_004636_0,cust_052,pay_004636,2026-05-19T03:01:46.733172+00:00,131887,RETRY_LATER,0.8333333333333334,1,0.44651162790697674,1.9023937624035057,-0.27197874850221543,0.0,1.0,0.7125738863793903,0.7015970755712795,0.9166666666666666,3.0,-1.0656726581061444,348.00102775913064,0.0,1.0
evt_pay_008198_0,cust_053,pay_008198,2026-05-19T03:11:21.242498+00:00,306825,RETRY_LATER,0.8333333333333334,1,0.39338235294117646,0.9543624964215383,-0.11807949526535415,0.0,1.0,0.741255914772046,0.6712225181081586,0.8666666666666667,10.0,-0.06914381847567465,319.11724332633935,0.0,1.0
evt_pay_007470_0,cust_019,pay_007470,2026-05-19T03:35:15.943214+00:00,106927,WHATSAPP_NUDGE,0.8333333333333334,0,0.46530612244897956,1.6150218954862983,-0.30436116138100355,0.0,1.0,0.8071296402106091,0.5903742405402633,0.8181818181818181,2.0,-0.5137657855739247,324.5587428283306,0.0,0.0
evt_pay_002324_1,cust_056,pay_002324,2026-05-19T03:48:48.734254+00:00,167099,WHATSAPP_NUDGE,0.8333333333333334,0,0.2926829268292683,0.08333333333333333,0.13908450816570517,1.0,1.0,0.840595527593277,0.5416633262370458,0.88,8.0,-0.26273729270347856,330.1143440557368,0.0,1.0
evt_pay_003821_1,cust_058,pay_003821,2026-05-19T03:52:01.807062+00:00,307606,WHATSAPP_NUDGE,0.8333333333333334,0,0.46586345381526106,0.08333333333333333,0.7666350287193687,1.0,1.0,0.8481177272371042,0.5298078149160965,0.8846153846153846,6.0,4.286983765334936,337.12524462173684,1.0,0.0
evt_pay_007983_0,cust_054,pay_007983,2026-05-19T04:03:06.100421+00:00,108098,RETRY_LATER,0.8333333333333334,1,0.4128113879003559,0.48131674961484805,0.26664474634003343,0.0,1.0,0.8727126907535931,0.48823412354896223,0.8125,8.0,-0.6956354929968003,334.6254019527523,0.0,1.0
evt_pay_007631_1,cust_021,pay_007631,2026-05-19T04:10:56.424310+00:00,186131,PAYMENT_LINK,0.03333333333333333,0,0.3474025974025974,0.08333333333333333,-0.384208427905931,1.0,1.0,0.8888980497941897,0.45810507208727363,0.8461538461538461,7.0,-0.0711177391970671,334.6231105359625,0.0,1.0
evt_pay_008030_0,cust_054,pay_008030,2026-05-19T04:14:28.639071+00:00,113971,WHATSAPP_NUDGE,0.8333333333333334,0,0.4148936170212766,0.4892165025078157,0.43636278490120634,0.0,1.0,0.8958617126126718,0.4443329741024074,0.7647058823529411,8.0,-0.6956354929968003,334.6333017056453,0.0,0.0
evt_pay_003851_0,cust_007,pay_003851,2026-05-19T04:16:14.206591+00:00,239242,WHATSAPP_NUDGE,0.8333333333333334,1,0.4368932038834951,1.5539093429111024,-0.6846806267711513,0.0,1.0,0.8992464620046833,0.43744233971125795,0.8333333333333334,3.0,-0.46533070623945577,347.27624878644446,0.0,0.0
evt_pay_004039_0,cust_040,pay_004039,2026-05-19T04:37:47.793868+00:00,199888,RETRY_LATER,0.8333333333333334,0,0.47767857142857145,3.454386079672114,-0.23056916451503565,0.0,1.0,0.936360956962748,0.35103868487078,0.8695652173913043,6.0,-0.492492512121923,337.3221583929333,0.0,1.0
evt_pay_006677_0,cust_004,pay_006677,2026-05-19T04:47:47.296757+00:00,487163,WHATSAPP_NUDGE,0.8333333333333334,1,0.3293172690763052,0.18668206187747197,0.4460167714385372,0.0,1.0,0.9507706387975524,0.3098954539848788,0.7647058823529411,12.0,-0.2585165281110097,344.3638068917785,0.0,0.0
evt_pay_007883_1,cust_045,pay_007883,2026-05-19T04:58:29.500605+00:00,100101,WHATSAPP_NUDGE,0.8333333333333334,0,0.311284046692607,0.08333333333333333,0.4188788500326798,1.0,1.0,0.9642015536068299,0.26517044334196727,0.8846153846153846,7.0,1.000889969158722,322.04379726631214,0.0,0.0
evt_pay_000809_0,cust_025,pay_000809,2026-05-19T05:06:20.429788+00:00,211134,WHATSAPP_NUDGE,0.8333333333333334,1,0.5079365079365079,2.0804660278389897,-0.06662653587211348,0.0,1.0,0.9727156759819258,0.23200046055778667,0.8888888888888888,8.0,0.10753773716001852,324.8965486272571,0.0,0.0
evt_pay_003382_0,cust_053,pay_003382,2026-05-19T05:18:40.151901+00:00,404707,WHATSAPP_NUDGE,0.8333333333333334,0,0.3956043956043956,1.0427757996975895,0.7557180022921647,0.0,1.0,0.9837828299327215,0.17936371854298191,0.7222222222222222,10.0,-0.06914381847567465,319.2056566296154,0.0,0.0
evt_pay_006067_0,cust_034,pay_006067,2026-05-19T05:28:03.518531+00:00,58250,RETRY_NOW,0.8333333333333334,0,0.33201581027667987,0.21164266308503935,0.2195879759048105,0.0,1.0,0.990303647216078,0.13891971174219195,0.8518518518518519,4.0,-0.5369784473169031,332.3406735938199,1.0,0.0
evt_pay_007470_1,cust_019,pay_007470,2026-05-19T05:35:15.943214+00:00,128248,WHATSAPP_NUDGE,0.8333333333333334,0,0.4634146341463415,0.08333333333333333,0.20465990265657985,1.0,1.0,0.9941818928399131,0.10771426994250843,0.9,3.0,-0.5137657855739247,324.64207616166397,1.0,0.0
evt_pay_003467_0,cust_047,pay_003467,2026-05-19T05:43:13.320684+00:00,86326,WHATSAPP_NUDGE,0.03333333333333333,0,0.4956521739130435,1.9426147461100527,-0.6362293795488203,0.0,1.0,0.9973215066321668,0.07314241183434499,0.8518518518518519,6.0,1.898235005697721,321.254583256776,0.0,1.0
evt_pay_004868_0,cust_058,pay_004868,2026-05-19T05:50:38.936084+00:00,296415,RETRY_LATER,0.8333333333333334,0,0.464,0.0823741785046271,0.6348011814156171,0.0,1.0,0.9991677253221677,0.040790399293526645,0.8571428571428572,7.0,4.286983765334936,337.2076188002415,0.0,1.0
evt_pay_005765_0,cust_037,pay_005765,2026-05-19T05:50:43.920786+00:00,160184,WHATSAPP_NUDGE,0.8333333333333334,0,0.42792792792792794,0.9552220542650502,0.01076361683467317,0.0,1.0,0.9991824461022489,0.04042820056750582,0.7142857142857143,6.0,-0.33341852366871827,325.87342742227565,0.0,0.0
evt_pay_003119_0,cust_029,pay_003119,2026-05-19T06:00:50.278627+00:00,36055,RETRY_NOW,0.8333333333333334,0,0.4,2.387248137999658,-0.5546856018626236,0.0,1.0,0.9999933155052604,-0.003656356765525277,0.8695652173913043,4.0,-0.8256115037842402,322.2638688976635,1.0,0.0
evt_pay_008030_1,cust_054,pay_008030,2026-05-19T06:14:28.639071+00:00,90761,WHATSAPP_NUDGE,0.8333333333333334,0,0.4134275618374558,0.08333333333333333,-0.23436703431198228,1.0,1.0,0.9980054884516115,-0.06312721299455805,0.736842105263158,9.0,-0.6956354929968003,334.7166350389786,0.0,1.0
evt_pay_007608_0,cust_051,pay_007608,2026-05-19T06:35:51.673118+00:00,633470,RETRY_NOW,0.8333333333333334,1,0.48535564853556484,1.3884386635700328,0.1142738708972849,0.0,1.0,0.9877828880752079,-0.15583634372572228,0.9090909090909091,8.0,-1.013594580420746,327.069813689527,1.0,0.0
evt_pay_003776_0,cust_035,pay_003776,2026-05-19T06:45:57.485287+00:00,57153,WHATSAPP_NUDGE,0.8333333333333334,0,0.3321678321678322,0.23913922395053078,0.8675140893612321,0.0,1.0,0.9799611476586717,-0.1991887272902237,0.8333333333333334,8.0,0.5026080740568922,322.2176492569541,0.0,0.0
evt_pay_003382_1,cust_053,pay_003382,2026-05-19T07:18:40.151901+00:00,326474,WHATSAPP_NUDGE,0.8333333333333334,0,0.39416058394160586,0.08333333333333333,0.057326059430857494,1.0,1.0,0.9416627818001738,-0.33655787819089644,0.7894736842105263,11.0,-0.06914381847567465,319.28898996294873,0.0,0.0
evt_pay_007878_0,cust_059,pay_007878,2026-05-19T07:24:22.064188+00:00,170990,WHATSAPP_NUDGE,0.8333333333333334,0,0.37344398340248963,0.8438852847479552,0.0970138498337402,0.0,1.0,0.9330042045804897,-0.35986546685550086,0.8461538461538461,3.0,-0.38878117849020055,330.9291806655162,0.0,0.0
evt_pay_006067_1,cust_034,pay_006067,2026-05-19T07:28:03.518531+00:00,55221,WHATSAPP_NUDGE,0.8333333333333334,0,0.33070866141732286,0.08333333333333333,0.059622237499769984,1.0,1.0,0.9270879718206023,-0.37484382415288925,0.8571428571428572,4.0,-0.5369784473169031,332.4240069271532,0.0,0.0
evt_pay_003467_1,cust_047,pay_003467,2026-05-19T07:43:13.320684+00:00,93755,WHATSAPP_NUDGE,0.8333333333333334,0,0.4935064935064935,0.08333333333333333,-0.4450881509976099,1.0,1.0,0.9002769664011994,-0.4353175665734771,0.8928571428571429,7.0,1.898235005697721,321.3379165901094,1.0,0.0
evt_pay_004405_0,cust_026,pay_004405,2026-05-19T07:50:30.710155+00:00,226218,WHATSAPP_NUDGE,0.8333333333333334,0,0.43781094527363185,0.8140579441917642,-0.016993964628805758,0.0,1.0,0.8859773962637462,-0.46372842624720867,0.7142857142857143,7.0,1.9048100532514713,335.87998139344194,0.0,0.0
evt_pay_004868_1,cust_058,pay_004868,2026-05-19T07:50:38.936084+00:00,214764,WHATSAPP_NUDGE,0.8333333333333334,0,0.46215139442231074,0.08333333333333333,-0.32709217252188394,1.0,1.0,0.8856998324172727,-0.4642583406423788,0.896551724137931,7.0,4.286983765334936,337.2909521335748,0.0,0.0
evt_pay_005765_1,cust_037,pay_005765,2026-05-19T07:50:43.920786+00:00,129034,DO_NOTHING,0.03333333333333333,0,0.4260089686098655,0.08333333333333333,-0.5469379146927922,1.0,1.0,0.8855314816237762,-0.4645793743303718,0.75,7.0,-0.33341852366871827,325.95676075560897,0.0,0.0
evt_pay_003119_1,cust_029,pay_003119,2026-05-19T08:00:50.278627+00:00,49804,WHATSAPP_NUDGE,0.8333333333333334,0,0.39867109634551495,0.08333333333333333,0.3233557542938741,1.0,1.0,0.8641914364594201,-0.5031631555968741,0.8695652173913043,4.0,-0.8256115037842402,322.34720223099686,1.0,0.0
evt_pay_003265_0,cust_037,pay_003265,2026-05-19T08:05:41.316672+00:00,168250,WHATSAPP_NUDGE,0.03333333333333333,0,0.42410714285714285,0.010386526453089573,0.15517390044742235,0.0,1.0,0.8533492906864958,-0.5213396091655175,0.7777777777777778,7.0,-0.33341852366871827,325.96714728206206,1.0,0.0
evt_pay_005058_0,cust_010,pay_005058,2026-05-19T08:16:14.662459+00:00,67295,RETRY_NOW,0.8333333333333334,0,0.38869257950530034,0.9020194053146801,-0.4246541228751782,0.0,1.0,0.8284408428740136,-0.5600765749950571,0.9,6.0,-0.045395759303349575,348.29021381086915,1.0,0.0
evt_pay_006140_2,cust_056,pay_006140,2026-05-19T08:51:33.759645+00:00,202865,ESCALATE_HUMAN,0.8333333333333334,0,0.2916666666666667,0.2102433494389023,0.7803972582843243,2.0,1.0,0.732653794274594,-0.6806015117049335,0.9,9.0,-0.26273729270347856,330.3245874051757,0.0,1.0
evt_pay_005336_0,cust_052,pay_005336,2026-05-19T09:11:53.444048+00:00,177845,RETRY_LATER,0.8333333333333334,0,0.44907407407407407,2.1594158790229017,0.6288660151771641,0.0,1.0,0.6694848337314225,-0.7428257247858407,0.8571428571428572,3.0,-1.0656726581061444,348.25804987575003,0.0,1.0
evt_pay_007878_1,cust_059,pay_007878,2026-05-19T09:24:22.064188+00:00,142699,WHATSAPP_NUDGE,0.8333333333333334,0,0.371900826446281,0.08333333333333333,-0.3917676019130267,1.0,1.0,0.6280726095766471,-0.7781547385318556,0.8666666666666667,4.0,-0.38878117849020055,331.0125139988495,0.0,0.0
evt_pay_007976_2,cust_045,pay_007976,2026-05-19T09:25:46.381357+00:00,78513,WHATSAPP_NUDGE,0.03333333333333333,0,0.31007751937984496,0.18561204573995838,-0.2876169935050667,2.0,1.0,0.6232894072850241,-0.7819912498016096,0.9,8.0,1.000889969158722,322.2294093120521,0.0,0.0
evt_pay_007821_2,cust_038,pay_007821,2026-05-19T09:43:56.945370+00:00,43647,ESCALATE_HUMAN,0.8333333333333334,0,0.6055045871559633,0.553020247475691,-0.059646536810272995,2.0,1.0,0.5593770512448841,-0.8289133335521743,0.9,7.0,2.4957647172129915,346.36242735514315,0.0,0.0
evt_pay_005058_1,cust_010,pay_005058,2026-05-19T10:16:14.662459+00:00,87985,PAYMENT_LINK,0.03333333333333333,0,0.3873239436619718,0.08333333333333333,0.32322018223582805,1.0,1.0,0.4374125279639595,-0.8992609634473068,0.9,6.0,-0.045395759303349575,348.3735471442025,0.0,0.0
evt_pay_006767_0,cust_011,pay_006767,2026-05-19T10:19:11.496183+00:00,71404,RETRY_LATER,0.8333333333333334,1,0.4641350210970464,5.440408534760384,0.5845435715186306,0.0,1.0,0.4258124428884678,-0.9048114518955622,0.8,1.0,-0.306212897974724,323.14936267651257,0.0,1.0
evt_pay_002388_0,cust_026,pay_002388,2026-05-19T10:45:19.835172+00:00,201667,RETRY_LATER,0.8333333333333334,0,0.43564356435643564,0.12140190991681266,-0.3252292552468554,0.0,1.0,0.32007322782690784,-0.9473928059830644,0.7272727272727273,8.0,1.9048100532514713,336.00138330335875,0.0,1.0
evt_pay_008190_0,cust_021,pay_008190,2026-05-19T11:41:44.985307+00:00,193852,WHATSAPP_NUDGE,0.8333333333333334,0,0.34627831715210355,0.31306204857581105,-0.28162335318907156,0.0,1.0,0.07954758204682921,-0.9968310700366954,0.8571428571428572,8.0,-0.0711177391970671,334.9361725845383,0.0,0.0
evt_pay_007023_0,cust_020,pay_007023,2026-05-19T12:15:46.196579+00:00,64797,RETRY_LATER,0.8333333333333334,1,0.3448275862068966,0.6224105299698787,0.16383585843205642,0.0,1.0,-0.06875507092881629,-0.9976335701155878,0.7272727272727273,5.0,0.06752823759169156,333.74937163109195,0.0,1.0
evt_pay_003836_2,cust_048,pay_003836,2026-05-19T12:22:46.634263+00:00,164186,ESCALATE_HUMAN,0.8333333333333334,0,0.29310344827586204,0.5193132527173058,-0.40724531605818765,2.0,1.0,-0.09922092109880033,-0.9950654294147223,0.9444444444444444,6.0,-0.4506859321563252,329.521444534752,1.0,0.0
evt_pay_002760_0,cust_051,pay_002760,2026-05-19T13:05:18.844399+00:00,742603,RETRY_NOW,0.8333333333333334,0,0.4875,1.6588920348818306,0.6261828230362877,0.0,1.0,-0.2811444064138071,-0.9596654743931492,0.8333333333333334,8.0,-1.013594580420746,327.3402670608388,1.0,0.0
evt_pay_006976_2,cust_012,pay_006976,2026-05-19T13:07:06.387190+00:00,521771,PAYMENT_LINK,0.8333333333333334,0,0.4691358024691358,0.9166666666666666,-0.10457786059897485,2.0,1.0,-0.2886410189510344,-0.9574373933469011,0.9285714285714286,6.0,-0.5006574979571285,328.7526886389638,0.0,1.0
evt_pay_008190_1,cust_021,pay_008190,2026-05-19T13:41:44.985307+00:00,248091,WHATSAPP_NUDGE,0.8333333333333334,0,0.34516129032258064,0.08333333333333333,0.43899523534944057,1.0,1.0,-0.42952530815616646,-0.9030548209568178,0.9285714285714286,9.0,-0.0711177391970671,335.01950591787164,0.0,1.0
evt_pay_002802_0,cust_033,pay_002802,2026-05-19T13:48:25.649145+00:00,96303,WHATSAPP_NUDGE,0.8333333333333334,0,0.5765765765765766,1.7301967388366581,0.5917010914615283,0.0,1.0,-0.45565166647187,-0.8901581650703473,0.8846153846153846,4.0,-0.3958893149650273,323.31883292423623,0.0,0.0
evt_pay_000941_0,cust_042,pay_000941,2026-05-19T13:52:07.072631+00:00,197573,RETRY_NOW,0.8333333333333334,0,0.41106719367588934,3.58292058998245,-0.4280247747661192,0.0,1.0,-0.4699256326225465,-0.8827060098380998,0.9333333333333333,1.0,0.21388002896855346,345.50744480270873,1.0,0.0
evt_pay_006559_0,cust_027,pay_006559,2026-05-19T14:02:22.190163+00:00,75563,WHATSAPP_NUDGE,0.8333333333333334,0,0.2696245733788396,1.348259779779596,-0.14562366929099976,0.0,1.0,-0.5089281247564765,-0.8608090170484137,0.9375,3.0,-0.8172299270627982,321.72689256821667,0.0,0.0
evt_pay_005206_0,cust_039,pay_005206,2026-05-19T14:02:43.691222+00:00,239011,WHATSAPP_NUDGE,0.8333333333333334,0,0.5,0.5078117865634985,-0.14489634101553966,0.0,1.0,-0.5102734640382736,-0.860012204505483,0.9166666666666666,6.0,-0.6642333856639545,319.9869872935178,0.0,0.0
evt_pay_003405_0,cust_026,pay_003405,2026-05-19T14:08:02.891405+00:00,212528,RETRY_NOW,0.8333333333333334,0,0.43349753694581283,0.1407761138132931,-0.1888637223983317,0.0,1.0,-0.5300975706913215,-0.8479366518479783,0.6363636363636364,8.0,1.9048100532514713,336.142159417172,1.0,0.0
evt_pay_001624_0,cust_034,pay_001624,2026-05-19T14:20:04.496262+00:00,50670,WHATSAPP_NUDGE,0.8333333333333334,0,0.32941176470588235,0.28612242743247407,-0.18077199766813773,0.0,1.0,-0.573844249861484,-0.8189644539910818,0.8888888888888888,5.0,-0.5369784473169031,332.71012935458566,0.0,0.0
evt_pay_004795_0,cust_012,pay_004795,2026-05-19T14:33:41.081294+00:00,598838,PAYMENT_LINK,0.8333333333333334,0,0.4672131147540984,0.06012377434600088,0.30197992963850523,0.0,1.0,-0.6214373299233313,-0.7834638759877578,0.9375,7.0,-0.5006574979571285,328.8128124133098,0.0,0.0
evt_pay_003574_0,cust_013,pay_003574,2026-05-19T14:52:05.887526+00:00,149716,RETRY_LATER,0.8333333333333334,0,0.30708661417322836,0.5740811288585519,-0.36920469657899185,0.0,1.0,-0.6823114287899894,-0.7310616349820055,0.8421052631578947,15.0,-0.5595801808996762,320.22178310620023,0.0,1.0
evt_pay_002760_1,cust_051,pay_002760,2026-05-19T15:05:18.844399+00:00,510293,PAYMENT_LINK,0.8333333333333334,0,0.4854771784232365,0.08333333333333333,-0.4635113648996056,1.0,1.0,-0.7233109352828281,-0.6905224767524084,0.9230769230769231,8.0,-1.013594580420746,327.4236003941721,0.0,1.0
evt_pay_000230_0,cust_055,pay_000230,2026-05-19T15:14:38.561743+00:00,328013,WHATSAPP_NUDGE,0.8333333333333334,0,0.3333333333333333,1.1648047640025159,0.1432343370013847,0.0,1.0,-0.7508109516374577,-0.660517157158885,1.0,8.0,-1.0480965437343166,345.5841822803456,0.0,0.0
evt_pay_001271_0,cust_044,pay_001271,2026-05-19T15:34:12.177371+00:00,224852,RETRY_LATER,0.8333333333333334,0,0.4268774703557312,1.7867163788200362,-0.026513774083368278,0.0,1.0,-0.8043832986215607,-0.5941106874132943,0.6666666666666667,3.0,-0.8459251821363672,339.49267667030136,0.0,1.0
evt_pay_000497_0,cust_014,pay_000497,2026-05-19T15:50:38.608413+00:00,60843,RETRY_NOW,0.8333333333333334,0,0.2912280701754386,1.0507841529480022,-0.2560699131852789,0.0,1.0,-0.8448966865422393,-0.5349295178525345,0.8846153846153846,8.0,-0.8122776257059364,343.4171918240384,1.0,0.0
evt_pay_008211_0,cust_038,pay_008211,2026-05-19T15:57:14.655725+00:00,43676,ESCALATE_HUMAN,0.03333333333333333,0,0.6027397260273972,0.25923275874248475,-0.05778164137373971,0.0,1.0,-0.8599508565944008,-0.5103768453236845,0.8888888888888888,6.0,2.4957647172129915,346.62166011388564,0.0,0.0
evt_pay_006559_1,cust_027,pay_006559,2026-05-19T16:02:22.190163+00:00,98261,WHATSAPP_NUDGE,0.8333333333333334,0,0.2687074829931973,0.08333333333333333,0.6689023676108753,1.0,1.0,-0.8711491932636916,-0.49101841419240005,1.0,4.0,-0.8172299270627982,321.81022590155,0.0,0.0
evt_pay_005206_1,cust_039,pay_005206,2026-05-19T16:02:43.691222+00:00,207568,WHATSAPP_NUDGE,0.8333333333333334,0,0.49795918367346936,0.08333333333333333,-0.5017089943980674,1.0,1.0,-0.8719158849869715,-0.48965568464726955,0.9285714285714286,6.0,-0.6642333856639545,320.0703206268511,0.0,1.0
evt_pay_003405_1,cust_026,pay_003405,2026-05-19T16:08:02.891405+00:00,288625,WHATSAPP_NUDGE,0.8333333333333334,1,0.43137254901960786,0.08333333333333333,0.7665239468691735,1.0,1.0,-0.8830462886270909,-0.4692858959546094,0.6923076923076923,8.0,1.9048100532514713,336.22549275050534,0.0,1.0
evt_pay_001624_1,cust_034,pay_001624,2026-05-19T16:20:04.496262+00:00,48332,WHATSAPP_NUDGE,0.8333333333333334,0,0.328125,0.08333333333333333,-0.30426872767230223,1.0,1.0,-0.906445925191211,-0.4223218970219867,0.8928571428571429,6.0,-0.5369784473169031,332.793462687919,0.0,1.0
evt_pay_007692_0,cust_012,pay_007692,2026-05-19T16:28:38.169090+00:00,570295,RETRY_NOW,0.8333333333333334,1,0.46530612244897956,0.07982740505400443,0.1514029018807047,0.0,1.0,-0.9215858718605976,-0.3881745493807422,0.9375,8.0,-0.5006574979571285,328.89263981836376,1.0,0.0
evt_pay_004795_1,cust_012,pay_004795,2026-05-19T16:33:41.081294+00:00,515087,PAYMENT_LINK,0.8333333333333334,1,0.46747967479674796,0.08333333333333333,-0.13984299694915336,1.0,1.0,-0.9299124525674554,-0.36778095459115334,0.8823529411764706,8.0,-0.5006574979571285,328.8961457466431,1.0,0.0
evt_pay_003574_1,cust_013,pay_003574,2026-05-19T16:52:05.887526+00:00,162016,WHATSAPP_NUDGE,0.8333333333333334,0,0.3058823529411765,0.08333333333333333,-0.16481715363489724,1.0,1.0,-0.9564298481155906,-0.2919622332316087,0.8421052631578947,15.0,-0.5595801808996762,320.30511643953355,0.0,1.0
evt_pay_002670_2,cust_021,pay_002670,2026-05-19T16:52:41.020568+00:00,216740,RETRY_NOW,0.03333333333333333,0,0.3440514469453376,0.13259300070357463,0.02246394228003962,2.0,1.0,-0.957172673650037,-0.2895176554506472,0.8333333333333334,10.0,-0.0711177391970671,335.15209891857523,0.0,1.0
evt_pay_004574_0,cust_013,pay_004574,2026-05-19T16:54:20.352370+00:00,190615,RETRY_LATER,0.8333333333333334,0,0.3046875,0.0015563060730604168,0.3104407455144663,0.0,1.0,-0.9592390460180639,-0.28259591751183294,0.85,16.0,-0.5595801808996762,320.3066727456066,0.0,1.0
evt_pay_002031_0,cust_053,pay_002031,2026-05-19T16:58:37.932300+00:00,366503,WHATSAPP_NUDGE,0.8333333333333334,0,0.3927272727272727,0.40275208795704504,0.4146688168881461,0.0,1.0,-0.9643639669468265,-0.264579173886722,0.8571428571428572,12.0,-0.06914381847567465,319.6917420509058,0.0,0.0
evt_pay_001438_0,cust_033,pay_001438,2026-05-19T17:09:45.777890+00:00,97750,WHATSAPP_NUDGE,0.8333333333333334,0,0.5739910313901345,0.13981630491898991,0.6435193353445129,0.0,1.0,-0.9760716299323318,-0.2174492429079511,0.896551724137931,5.0,-0.3958893149650273,323.45864922915524,0.0,0.0
evt_pay_000497_1,cust_014,pay_000497,2026-05-19T17:50:38.608413+00:00,85261,PAYMENT_LINK,0.03333333333333333,0,0.2902097902097902,0.08333333333333333,0.7878067774884141,1.0,1.0,-0.9991667530451444,-0.040814208423336405,0.896551724137931,8.0,-0.8122776257059364,343.5005251573718,0.0,0.0
evt_pay_003060_0,cust_027,pay_003060,2026-05-19T17:55:01.761875+00:00,74558,WHATSAPP_NUDGE,0.8333333333333334,0,0.2677966101694915,0.0782357836996918,-0.18168973516295525,0.0,1.0,-0.999764813953139,-0.021686788172651218,1.0,5.0,-0.8172299270627982,321.8884616852497,0.0,0.0
evt_pay_003536_0,cust_012,pay_003536,2026-05-19T17:56:41.130181+00:00,558146,PAYMENT_LINK,0.8333333333333334,0,0.46963562753036436,0.14097278805153715,0.08731171910586288,0.0,1.0,-0.9998954238999583,-0.014461717184438018,0.8333333333333334,9.0,-0.5006574979571285,328.9537852013613,0.0,0.0
evt_pay_007914_2,cust_043,pay_007914,2026-05-19T18:05:52.407844+00:00,132427,ESCALATE_HUMAN,0.8333333333333334,0,0.2529182879377432,0.9166666666666666,-0.2343886717195822,2.0,1.0,-0.9996716253520068,0.025625016411253483,1.0,7.0,-0.05414349663535748,334.39633430606835,1.0,0.0
evt_pay_004574_1,cust_013,pay_004574,2026-05-19T18:54:20.352370+00:00,153641,WHATSAPP_NUDGE,0.8333333333333334,0,0.3035019455252918,0.08333333333333333,-0.30397926375656437,1.0,1.0,-0.9720233409095099,0.23488427943801318,0.8636363636363636,16.0,-0.5595801808996762,320.39000607893996,0.0,0.0
evt_pay_000851_0,cust_054,pay_000851,2026-05-19T18:58:24.399155+00:00,114089,WHATSAPP_NUDGE,0.8333333333333334,0,0.4119718309859155,0.5305064824520779,0.43978502903206707,0.0,1.0,-0.9677018531686905,0.25209744817011176,0.8695652173913043,9.0,-0.6956354929968003,335.2471415214307,0.0,0.0
evt_pay_002031_1,cust_053,pay_002031,2026-05-19T18:58:37.932300+00:00,270345,WHATSAPP_NUDGE,0.8333333333333334,0,0.391304347826087,0.08333333333333333,-0.4437460343299853,1.0,1.0,-0.9674532808136493,0.25304969757521184,0.875,13.0,-0.06914381847567465,319.77507538423913,0.0,0.0
evt_pay_007296_2,cust_050,pay_007296,2026-05-19T19:02:10.572160+00:00,158125,ESCALATE_HUMAN,0.8333333333333334,0,0.42028985507246375,0.9166666666666666,1.0167112168394432,2.0,1.0,-0.9634247077750027,0.2679791642061946,0.8333333333333334,10.0,-0.900782201038446,346.5080282584393,1.0,0.0
evt_pay_001384_2,cust_020,pay_001384,2026-05-19T19:19:29.926790+00:00,47644,ESCALATE_HUMAN,0.8333333333333334,0,0.3470790378006873,0.9166666666666666,-0.6358440083069503,2.0,1.0,-0.9404383660712495,0.3399642328558087,0.6428571428571428,5.0,0.06752823759169156,334.0436277677888,0.0,1.0
evt_pay_006402_2,cust_004,pay_006402,2026-05-19T19:32:16.592901+00:00,378232,ESCALATE_HUMAN,0.8333333333333334,0,0.332,0.8009100265049179,-0.2925792965430952,2.0,1.0,-0.9200326999527203,0.39184158918842166,0.88,12.0,-0.2585165281110097,344.97803485640594,1.0,0.0
evt_pay_008409_0,cust_033,pay_008409,2026-05-19T19:34:19.202248+00:00,90841,WHATSAPP_NUDGE,0.8333333333333334,0,0.5714285714285714,0.10038685599056407,0.3960967101175435,0.0,1.0,-0.9165023565236737,0.400029287036028,0.9,6.0,-0.3958893149650273,323.5590360851458,0.0,0.0
evt_pay_003060_1,cust_027,pay_003060,2026-05-19T19:55:01.761875+00:00,70971,WHATSAPP_NUDGE,0.8333333333333334,0,0.2668918918918919,0.08333333333333333,-0.3103864871310767,1.0,1.0,-0.8766651207795673,0.4811010974925611,1.0,6.0,-0.8172299270627982,321.971795018583,0.0,0.0
evt_pay_003536_1,cust_012,pay_003536,2026-05-19T19:56:41.130181+00:00,520539,WHATSAPP_NUDGE,0.03333333333333333,0,0.46774193548387094,0.08333333333333333,-0.11108176000637027,1.0,1.0,-0.8731656968173928,0.48742349748591013,0.8333333333333334,10.0,-0.5006574979571285,329.0371185346947,0.0,1.0
evt_pay_005842_0,cust_027,pay_005842,2026-05-19T19:57:37.217042+00:00,83604,WHATSAPP_NUDGE,0.8333333333333334,0,0.265993265993266,0.0017992496167380523,0.14291707127872882,0.0,1.0,-0.871170359882572,0.49098085916058887,1.0,7.0,-0.8172299270627982,321.97359426819975,0.0,0.0
evt_pay_002053_2,cust_013,pay_002053,2026-05-19T20:02:13.398056+00:00,154954,ESCALATE_HUMAN,0.8333333333333334,0,0.3023255813953488,0.04714173247234991,-0.2821610587936734,2.0,1.0,-0.8611342395858864,0.5083776366175417,0.88,17.0,-0.5595801808996762,320.43714781141233,1.0,0.0
evt_pay_006130_0,cust_009,pay_006130,2026-05-19T20:17:57.502195+00:00,105868,RETRY_LATER,0.8333333333333334,0,0.3373493975903614,1.3492341689587686,-0.3141233018677049,0.0,1.0,-0.8242290601601457,0.5662565287813668,0.9285714285714286,4.0,-0.8984355580750027,321.4626756871869,0.0,1.0
evt_pay_000851_1,cust_054,pay_000851,2026-05-19T20:58:24.399155+00:00,98168,WHATSAPP_NUDGE,0.8333333333333334,0,0.4105263157894737,0.08333333333333333,-0.02030527420161457,1.0,1.0,-0.7120056640483087,0.7021737209288931,0.875,10.0,-0.6956354929968003,335.3304748547641,0.0,1.0
evt_pay_005426_0,cust_001,pay_005426,2026-05-19T21:03:58.458142+00:00,548803,PAYMENT_LINK,0.03333333333333333,0,0.29652996845425866,0.9361723709693782,0.11622527039593218,0.0,1.0,-0.6947390235743985,0.7192619057915491,0.88,7.0,0.16534712408787333,331.43086204563554,1.0,0.0
evt_pay_004917_0,cust_056,pay_004917,2026-05-19T21:27:22.405866+00:00,132155,RETRY_LATER,0.8333333333333334,0,0.2906574394463668,0.5248685905118009,-0.48749295000489146,0.0,1.0,-0.6178135322218702,0.7863246399570194,0.9,7.0,-0.26273729270347856,330.8494559956875,0.0,1.0
evt_pay_005526_0,cust_024,pay_005526,2026-05-19T21:56:55.832912+00:00,78690,RETRY_LATER,0.03333333333333333,0,0.25096525096525096,2.4532682161562698,-0.5078978421015009,0.0,1.0,-0.5115534964413523,0.8592514301871295,0.88,0.0,-1.1653357768016162,334.5723944973003,0.0,0.0
evt_pay_006494_2,cust_004,pay_006494,2026-05-19T22:18:57.966611+00:00,487140,ESCALATE_HUMAN,0.8333333333333334,0,0.33067729083665337,0.11575664016174869,0.4458635284495794,2.0,1.0,-0.4267024790176711,0.904392057904189,0.88,11.0,-0.2585165281110097,345.0937914965677,0.0,1.0
evt_pay_000508_0,cust_059,pay_000508,2026-05-19T22:27:03.758705+00:00,159433,RETRY_NOW,0.8333333333333334,0,0.37037037037037035,0.5435381309929804,-0.102646629047543,0.0,1.0,-0.39449269854158714,0.9188990754143659,0.8333333333333334,5.0,-0.38878117849020055,331.5560521298425,1.0,0.0
evt_pay_005426_1,cust_001,pay_005426,2026-05-19T23:03:58.458142+00:00,447109,PAYMENT_LINK,0.03333333333333333,0,0.29559748427672955,0.08333333333333333,-0.4347427602552939,1.0,1.0,-0.24203069052004944,0.9702685941770908,0.875,8.0,0.16534712408787333,331.51419537896885,0.0,0.0
evt_pay_000489_2,cust_013,pay_000489,2026-05-19T23:05:25.277992+00:00,158967,ESCALATE_HUMAN,0.8333333333333334,0,0.30115830115830117,0.12722083259603778,-0.21547797900689444,2.0,1.0,-0.23589990519714965,0.9717773586207779,0.88,17.0,-0.5595801808996762,320.5643686440083,1.0,0.0
evt_pay_004917_1,cust_056,pay_004917,2026-05-19T23:27:22.405866+00:00,163938,WHATSAPP_NUDGE,0.8333333333333334,0,0.2896551724137931,0.08333333333333333,0.08240716079702166,1.0,1.0,-0.1418798937274254,0.9898838799353662,0.9642857142857143,7.0,-0.26273729270347856,330.93278932902086,1.0,0.0
evt_pay_003689_0,cust_053,pay_003689,2026-05-19T23:54:00.538943+00:00,275620,WHATSAPP_NUDGE,0.8333333333333334,0,0.3898916967509025,0.2051227620666888,-0.39665543872819636,0.0,1.0,-0.026137768676873632,0.9996583501619912,0.875,14.0,-0.06914381847567465,319.98019814630584,0.0,0.0
evt_pay_005526_1,cust_024,pay_005526,2026-05-19T23:56:55.832912+00:00,93227,WHATSAPP_NUDGE,0.8333333333333334,0,0.25,0.08333333333333333,-0.07388641358874097,1.0,1.0,-0.013392608219398527,0.9999103150008413,0.88,0.0,-1.1653357768016162,334.6557278306336,0.0,1.0
evt_pay_004539_0,cust_056,pay_004539,2026-05-20T00:02:58.860223+00:00,177523,RETRY_LATER,0.8333333333333334,0,0.28865979381443296,0.024727480984059486,0.32600224852394,0.0,1.0,0.013006715681264828,0.9999154090957828,0.9655172413793104,8.0,-0.26273729270347856,330.9575168100049,0.0,1.0
evt_pay_004530_0,cust_036,pay_004530,2026-05-20T00:31:09.201733+00:00,363059,WHATSAPP_NUDGE,0.8333333333333334,1,0.4745098039215686,1.1124309904579566,0.20239687456994482,0.0,1.0,0.13551395667476568,0.9907754374964842,0.9090909090909091,8.0,-0.5882553306323993,330.46301696113625,0.0,0.0
evt_pay_003076_0,cust_045,pay_003076,2026-05-20T00:42:31.870724+00:00,78850,PAYMENT_LINK,0.03333333333333333,1,0.3088803088803089,0.6366376084160569,-0.27659495900128944,0.0,1.0,0.18451392828614588,0.9828298989491595,0.9655172413793104,9.0,1.000889969158722,322.86604692046814,0.0,0.0
evt_pay_004452_0,cust_020,pay_004452,2026-05-20T00:46:17.477363+00:00,67452,RETRY_NOW,0.8333333333333334,1,0.3458904109589041,0.22693924274068422,0.2876359635232348,0.0,1.0,0.20061324724267848,0.9796705186085514,0.6666666666666667,5.0,0.06752823759169156,334.2705670105294,1.0,0.0
evt_pay_000660_0,cust_017,pay_000660,2026-05-20T01:51:25.488764+00:00,549912,RETRY_LATER,0.8333333333333334,0,0.321285140562249,1.6304407298011558,0.21280730304824744,0.0,1.0,0.4672541283824548,0.88412305676843,1.0,8.0,0.5027156808516637,342.6389868952956,0.0,1.0
evt_pay_003689_1,cust_053,pay_003689,2026-05-20T01:54:00.538943+00:00,328114,WHATSAPP_NUDGE,0.8333333333333334,0,0.38848920863309355,0.08333333333333333,0.07197091317171284,1.0,1.0,0.4771932034085819,0.878798410683961,0.875,15.0,-0.06914381847567465,320.06353147963915,1.0,0.0
evt_pay_001433_0,cust_011,pay_001433,2026-05-20T01:56:49.973139+00:00,69445,RETRY_NOW,0.8333333333333334,0,0.46638655462184875,6.09154831434527,0.4901419879731507,0.0,1.0,0.48798491033249164,0.8728520649501782,0.6153846153846154,1.0,-0.306212897974724,323.8005024560975,1.0,0.0
evt_pay_004539_1,cust_056,pay_004539,2026-05-20T02:02:58.860223+00:00,151897,WHATSAPP_NUDGE,0.8333333333333334,0,0.2876712328767123,0.08333333333333333,-0.13349866162377544,1.0,1.0,0.5112218507476681,0.8594487880718251,0.9285714285714286,8.0,-0.26273729270347856,331.0408501433382,1.0,0.0
evt_pay_007631_2,cust_021,pay_007631,2026-05-20T02:10:56.424310+00:00,207446,ESCALATE_HUMAN,0.8333333333333334,0,0.34294871794871795,0.38767828405394766,-0.10101531425760049,2.0,1.0,0.5407557564525765,0.8411796549271754,0.8333333333333334,10.0,-0.0711177391970671,335.5397772026292,0.0,0.0
evt_pay_000504_0,cust_049,pay_000504,2026-05-20T02:37:18.169040+00:00,316530,RETRY_LATER,0.8333333333333334,0,0.34328358208955223,1.0281451344020525,-0.15950904680106687,0.0,1.0,0.6337279731304475,0.7735559812140133,1.0,4.0,0.2100296838614713,321.99015292394097,0.0,1.0
evt_pay_000784_0,cust_046,pay_000784,2026-05-20T02:49:46.253120+00:00,90101,DO_NOTHING,0.03333333333333333,0,0.4312796208530806,1.9233368850169275,-0.43823653698067044,0.0,1.0,0.6748528129922996,0.7379523567252702,0.9310344827586207,2.0,-0.9687765812058661,343.138265276752,1.0,0.0
evt_pay_003325_0,cust_052,pay_003325,2026-05-20T03:23:00.520786+00:00,162293,PAYMENT_LINK,0.03333333333333333,0,0.4470046082949309,0.757720795578166,0.3240249514369783,0.0,1.0,0.7744166057291995,0.6326759998378835,0.8823529411764706,3.0,-1.0656726581061444,349.0157706713282,0.0,1.0
evt_pay_000766_0,cust_048,pay_000766,2026-05-20T03:43:13.588066+00:00,210005,ESCALATE_HUMAN,0.03333333333333333,0,0.2920962199312715,0.6392008542073313,0.2764475082693317,0.0,1.0,0.8271454823186157,0.5619878567014635,1.0,5.0,-0.4506859321563252,330.1606453889593,0.0,0.0
evt_pay_000660_1,cust_017,pay_000660,2026-05-20T03:51:25.488764+00:00,438067,WHATSAPP_NUDGE,0.8333333333333334,0,0.32,0.08333333333333333,-0.4115849521221206,1.0,1.0,0.8467154735865763,0.5320459630417845,1.0,8.0,0.5027156808516637,342.7223202286289,0.0,0.0
evt_pay_002071_0,cust_051,pay_002071,2026-05-20T03:52:20.338610+00:00,667348,PAYMENT_LINK,0.8333333333333334,0,0.4834710743801653,0.5326561829976413,0.27318400984451097,0.0,1.0,0.8488309535408769,0.5286643664092423,0.7777777777777778,9.0,-1.013594580420746,327.95625657716977,0.0,0.0
evt_pay_004719_0,cust_045,pay_004719,2026-05-20T04:20:43.944522+00:00,63574,WHATSAPP_NUDGE,0.8333333333333334,0,0.31153846153846154,0.7881662403322593,-0.7765413836705274,0.0,1.0,0.9076537331166912,0.419719788381885,0.9259259259259259,10.0,1.000889969158722,323.01757555238436,0.0,0.0
evt_pay_005036_0,cust_013,pay_005036,2026-05-20T04:22:31.284267+00:00,184276,WHATSAPP_NUDGE,0.8333333333333334,0,0.3,0.22020840595676341,0.20510136675230792,0.0,1.0,0.9109023655289097,0.41262195830304105,0.9545454545454546,17.0,-0.5595801808996762,320.7845770499651,0.0,0.0
evt_pay_001770_0,cust_008,pay_001770,2026-05-20T04:35:53.549679+00:00,212631,WHATSAPP_NUDGE,0.8333333333333334,0,0.4204081632653061,2.6568655074469043,-0.007521398793045942,0.0,1.0,0.9334122203361127,0.35880583457799026,0.6923076923076923,4.0,0.4190160498383978,335.655851261638,0.0,0.0
evt_pay_000504_1,cust_049,pay_000504,2026-05-20T04:37:18.169040+00:00,268417,WHATSAPP_NUDGE,0.8333333333333334,0,0.3420074349442379,0.08333333333333333,-0.5695549654355582,1.0,1.0,0.9356025144267963,0.3530551444155096,1.0,3.0,0.2100296838614713,322.0734862572743,0.0,0.0
evt_pay_004164_0,cust_024,pay_004164,2026-05-20T04:54:40.691815+00:00,92466,WHATSAPP_NUDGE,0.8333333333333334,0,0.24904214559386972,0.20676920026841117,-0.0966251283127559,0.0,1.0,0.9596559915552764,0.28117677335096397,1.0,1.0,-1.1653357768016162,334.86249703090203,0.0,0.0
evt_pay_000168_0,cust_055,pay_000168,2026-05-20T05:07:58.890449+00:00,374412,WHATSAPP_NUDGE,0.8333333333333334,0,0.33221476510067116,0.578707508171514,0.5676487700707343,0.0,1.0,0.9743519105841938,0.2250296743563641,1.0,9.0,-1.0480965437343166,346.1628897885171,0.0,0.0
evt_pay_003382_2,cust_053,pay_003382,2026-05-20T05:18:40.151901+00:00,278024,ESCALATE_HUMAN,0.8333333333333334,0,0.3870967741935484,0.14212514997626613,-0.37519437504890235,2.0,1.0,0.9837828299327215,0.17936371854298191,1.0,16.0,-0.06914381847567465,320.2056566296154,0.0,1.0
evt_pay_007375_0,cust_001,pay_007375,2026-05-20T05:47:52.716226+00:00,484881,WHATSAPP_NUDGE,0.8333333333333334,0,0.2946708463949843,0.2804890981986432,-0.23010095517655046,0.0,1.0,0.99860167277771,0.05286491393693548,1.0,8.0,0.16534712408787333,331.7946844771675,0.0,0.0
evt_pay_004868_2,cust_058,pay_004868,2026-05-20T05:50:38.936084+00:00,214725,ESCALATE_HUMAN,0.8333333333333334,1,0.4603174603174603,0.9166666666666666,-0.32755202998953825,2.0,1.0,0.9991677253221677,0.040790399293526645,0.9583333333333334,8.0,4.286983765334936,338.2076188002415,1.0,0.0
evt_pay_002071_1,cust_051,pay_002071,2026-05-20T05:52:20.338610+00:00,702426,PAYMENT_LINK,0.8333333333333334,0,0.48148148148148145,0.08333333333333333,0.43772231400654565,1.0,1.0,0.9994413524895892,0.03342129461557019,0.7777777777777778,10.0,-1.013594580420746,328.0395899105031,0.0,0.0
evt_pay_003119_2,cust_029,pay_003119,2026-05-20T06:00:50.278627+00:00,47972,ESCALATE_HUMAN,0.8333333333333334,0,0.3973509933774834,0.9166666666666666,0.20633756592552974,2.0,1.0,0.9999933155052604,-0.003656356765525277,1.0,5.0,-0.8256115037842402,323.2638688976635,0.0,1.0
evt_pay_007951_0,cust_006,pay_007951,2026-05-20T06:02:38.345850+00:00,143148,RETRY_NOW,0.8333333333333334,0,0.48375451263537905,4.0927117253846745,0.2857511178166781,0.0,1.0,0.9999337004118394,-0.011514980707143959,0.9166666666666666,3.0,-0.3286363658753921,341.9002333512229,1.0,0.0
evt_pay_004719_1,cust_045,pay_004719,2026-05-20T06:20:43.944522+00:00,96263,RETRY_LATER,0.03333333333333333,0,0.3103448275862069,0.08333333333333333,0.2932901830156133,1.0,1.0,0.9959110849097781,-0.09033886734860451,0.92,10.0,1.000889969158722,323.1009088857177,0.0,1.0
evt_pay_001770_1,cust_008,pay_001770,2026-05-20T06:35:53.549679+00:00,158924,WHATSAPP_NUDGE,0.8333333333333334,0,0.4186991869918699,0.08333333333333333,-0.7272910547929996,1.0,1.0,0.9877616123029066,-0.1559711423974399,0.6923076923076923,5.0,0.4190160498383978,335.7391845949714,1.0,0.0
evt_pay_004164_1,cust_024,pay_004164,2026-05-20T06:54:40.691815+00:00,106681,WHATSAPP_NUDGE,0.8333333333333334,0,0.2480916030534351,0.08333333333333333,0.3277725680882705,1.0,1.0,0.9716748542562961,-0.23632176710156405,1.0,2.0,-1.1653357768016162,334.9458303642354,0.0,0.0
evt_pay_000168_1,cust_055,pay_000168,2026-05-20T07:07:58.890449+00:00,299159,WHATSAPP_NUDGE,0.8333333333333334,0,0.3311036789297659,0.08333333333333333,-0.1207009979660933,1.0,1.0,0.9563283439699977,-0.292294540694146,1.0,10.0,-1.0480965437343166,346.2462231218504,0.0,0.0
evt_pay_007878_2,cust_059,pay_007878,2026-05-20T07:24:22.064188+00:00,165928,ESCALATE_HUMAN,0.8333333333333334,0,0.36885245901639346,0.3731285356736862,0.00956643758051825,2.0,1.0,0.9330042045804897,-0.35986546685550086,0.8823529411764706,5.0,-0.38878117849020055,331.9291806655162,0.0,1.0
evt_pay_007951_1,cust_006,pay_007951,2026-05-20T08:02:38.345850+00:00,146042,WHATSAPP_NUDGE,0.8333333333333334,0,0.48201438848920863,0.08333333333333333,0.3492816012262874,1.0,1.0,0.8602104963032592,-0.509939116022394,0.9130434782608696,3.0,-0.3286363658753921,341.98356668455625,0.0,0.0
evt_pay_002880_0,cust_045,pay_002880,2026-05-20T09:01:53.349262+00:00,105888,WHATSAPP_NUDGE,0.8333333333333334,0,0.30916030534351147,0.11191440671012742,0.6082733109533603,0.0,1.0,0.7012541497006849,-0.7129113672312775,0.9090909090909091,10.0,1.000889969158722,323.2128232924278,0.0,0.0
evt_pay_007534_0,cust_027,pay_007534,2026-05-20T09:19:56.893120+00:00,80027,RETRY_LATER,0.8333333333333334,0,0.2651006711409396,0.5571721768262137,0.014566654402137964,0.0,1.0,0.6429606723679291,-0.765899192967443,1.0,8.0,-0.8172299270627982,322.530766445026,0.0,1.0
evt_pay_001200_0,cust_026,pay_001200,2026-05-20T09:41:19.291471+00:00,266560,RETRY_LATER,0.8333333333333334,0,0.43414634146341463,0.8147731489056582,0.4894992338649704,0.0,1.0,0.5688435009432551,-0.8224457863194515,0.6363636363636364,9.0,1.9048100532514713,336.9569325660777,0.0,1.0
evt_pay_003943_0,cust_027,pay_003943,2026-05-20T10:24:11.814398+00:00,66036,WHATSAPP_NUDGE,0.8333333333333334,0,0.26421404682274247,0.04461714442173085,-0.48747921059712673,0.0,1.0,0.40595160470932107,-0.9138945752295103,1.0,8.0,-0.8172299270627982,322.5753835894477,0.0,0.0
evt_pay_001160_0,cust_011,pay_001160,2026-05-20T10:26:06.031050+00:00,53433,WHATSAPP_NUDGE,0.8333333333333334,0,0.46443514644351463,0.35365807767389396,-0.2816493021275967,0.0,1.0,0.39834681689970536,-0.9172348736642499,0.7272727272727273,1.0,-0.306212897974724,324.15416053377135,0.0,0.0
evt_pay_003631_0,cust_051,pay_003631,2026-05-20T10:34:42.990061+00:00,527034,PAYMENT_LINK,0.8333333333333334,0,0.47950819672131145,0.19609550290745878,-0.3849876402090781,0.0,1.0,0.36359065224371934,-0.9315588213317433,0.875,11.0,-1.013594580420746,328.2356854134105,0.0,0.0
evt_pay_002880_1,cust_045,pay_002880,2026-05-20T11:01:53.349262+00:00,79514,WHATSAPP_NUDGE,0.8333333333333334,0,0.30798479087452474,0.08333333333333333,-0.2548600259290377,1.0,1.0,0.2508482245344098,-0.9680264295193258,0.9,11.0,1.000889969158722,323.29615662576117,0.0,1.0
evt_pay_007534_1,cust_027,pay_007534,2026-05-20T11:19:56.893120+00:00,88506,WHATSAPP_NUDGE,0.8333333333333334,0,0.2633333333333333,0.03871618891160248,0.3188511697807344,1.0,1.0,0.17387067942122822,-0.9847684940317701,1.0,9.0,-0.8172299270627982,322.61409977835933,1.0,0.0
evt_pay_006689_0,cust_025,pay_006689,2026-05-20T11:23:04.447756+00:00,227428,RETRY_LATER,0.8333333333333334,0,0.5098814229249012,3.3420866061732304,0.1487257618251955,0.0,1.0,0.16042331329471884,-0.9870483071013011,0.9047619047619048,6.0,0.10753773716001852,326.1581692055914,0.0,1.0
evt_pay_001200_1,cust_026,pay_001200,2026-05-20T11:41:19.291471+00:00,231643,PAYMENT_LINK,0.03333333333333333,1,0.4320388349514563,0.08333333333333333,0.05112058233048748,1.0,1.0,0.08141002943481053,-0.9966806946597407,0.7272727272727273,9.0,1.9048100532514713,337.04026589941105,0.0,1.0
evt_pay_008190_2,cust_021,pay_008190,2026-05-20T11:41:44.985307+00:00,208682,ESCALATE_HUMAN,0.8333333333333334,0,0.34185303514376997,0.39639538190914436,-0.08458516533194449,2.0,1.0,0.07954758204682921,-0.9968310700366954,0.8666666666666667,10.0,-0.0711177391970671,335.9361725845383,0.0,0.0
evt_pay_003027_0,cust_023,pay_003027,2026-05-20T11:48:59.798446+00:00,80709,RETRY_LATER,0.8333333333333334,0,0.4345991561181435,2.2804484558121203,-0.11571925161521056,0.0,1.0,0.04799276907097545,-0.9988476831413787,0.8666666666666667,4.0,0.9385908116339667,343.74462380557446,0.0,1.0
evt_pay_000253_0,cust_034,pay_000253,2026-05-20T12:08:06.368071+00:00,51172,RETRY_LATER,0.8333333333333334,0,0.32684824902723736,0.8250216644640318,-0.15424441404350103,0.0,1.0,-0.03536231004319778,-0.9993745579253099,0.9090909090909091,5.0,-0.5369784473169031,333.61848435238306,0.0,1.0
evt_pay_006776_0,cust_003,pay_006776,2026-05-20T12:10:13.302079+00:00,219330,WHATSAPP_NUDGE,0.8333333333333334,1,0.49795918367346936,3.114269960654042,-0.011865169637129898,0.0,1.0,-0.04458580061503701,-0.9990055587350434,1.0,6.0,2.053947620637407,325.5377603592085,0.0,0.0
evt_pay_003943_1,cust_027,pay_003943,2026-05-20T12:24:11.814398+00:00,87141,WHATSAPP_NUDGE,0.8333333333333334,0,0.26245847176079734,0.04461714442173085,0.2698394081612414,1.0,1.0,-0.10538288522942439,-0.9944317208842053,0.9473684210526316,10.0,-0.8172299270627982,322.658716922781,0.0,0.0
evt_pay_001160_1,cust_011,pay_001160,2026-05-20T12:26:06.031050+00:00,69764,WHATSAPP_NUDGE,0.8333333333333334,1,0.4625,0.08333333333333333,0.5054958209331294,1.0,1.0,-0.11363897388031208,-0.9935221102801033,0.7272727272727273,2.0,-0.306212897974724,324.23749386710466,1.0,0.0
evt_pay_003631_1,cust_051,pay_003631,2026-05-20T12:34:42.990061+00:00,597200,PAYMENT_LINK,0.8333333333333334,0,0.4775510204081633,0.08333333333333333,-0.055858022833913785,1.0,1.0,-0.15090066924425702,-0.9885489305146384,0.8888888888888888,12.0,-1.013594580420746,328.3190187467439,0.0,1.0
evt_pay_002573_0,cust_029,pay_002573,2026-05-20T12:43:37.127912+00:00,41655,WHATSAPP_NUDGE,0.8333333333333334,0,0.39603960396039606,0.27970890376015706,-0.19706793508594284,0.0,1.0,-0.1891759865777195,-0.9819431990203642,0.95,5.0,-0.8256115037842402,323.5435778014237,0.0,0.0
evt_pay_002978_0,cust_038,pay_002978,2026-05-20T12:56:18.027079+00:00,41427,RETRY_NOW,0.8333333333333334,0,0.6,0.8743445758572648,-0.2018878930006538,0.0,1.0,-0.24319371222760897,-0.9699777411533498,0.9130434782608696,6.0,2.4957647172129915,347.4960046897429,1.0,0.0
evt_pay_006609_0,cust_047,pay_006609,2026-05-20T13:04:18.168302+00:00,124205,RETRY_LATER,0.03333333333333333,0,0.49137931034482757,1.2229727733526943,0.33829243389513447,0.0,1.0,-0.2769071686244066,-0.9608966749679252,0.9166666666666666,7.0,1.898235005697721,322.5608893634621,0.0,0.0
evt_pay_002760_2,cust_051,pay_002760,2026-05-20T13:05:18.844399+00:00,629484,PAYMENT_LINK,0.8333333333333334,0,0.47560975609756095,0.02124831409489995,0.09557634068554721,2.0,1.0,-0.2811444064138071,-0.9596654743931492,0.9,13.0,-1.013594580420746,328.3402670608388,0.0,0.0
evt_pay_005189_0,cust_039,pay_005189,2026-05-20T13:40:38.452592+00:00,227238,WHATSAPP_NUDGE,0.03333333333333333,0,0.4959349593495935,0.9013282565930089,-0.27849181554155494,0.0,1.0,-0.4251509611475123,-0.9051224559336414,0.9,7.0,-0.6642333856639545,320.9716488834442,0.0,1.0
evt_pay_005508_0,cust_059,pay_005508,2026-05-20T13:43:23.628881+00:00,153903,WHATSAPP_NUDGE,0.8333333333333334,0,0.3673469387755102,0.26321255432461993,-0.19818674422276017,0.0,1.0,-0.43599232172756797,-0.8999503849627516,0.8571428571428572,5.0,-0.38878117849020055,332.19239321984077,0.0,0.0
evt_pay_006559_2,cust_027,pay_006559,2026-05-20T14:02:22.190163+00:00,100112,ESCALATE_HUMAN,0.8333333333333334,0,0.26158940397350994,0.06817564543562564,0.7353039753645163,2.0,1.0,-0.5089281247564765,-0.8608090170484137,0.9523809523809523,11.0,-0.8172299270627982,322.72689256821667,0.0,1.0
evt_pay_000253_1,cust_034,pay_000253,2026-05-20T14:08:06.368071+00:00,47968,WHATSAPP_NUDGE,0.8333333333333334,0,0.32558139534883723,0.08333333333333333,-0.3234757890958964,1.0,1.0,-0.5303119377965657,-0.8478026000375627,0.9166666666666666,5.0,-0.5369784473169031,333.7018176857164,0.0,0.0
evt_pay_006794_0,cust_040,pay_006794,2026-05-20T14:12:18.818761+00:00,268157,WHATSAPP_NUDGE,0.8333333333333334,0,0.47555555555555556,1.3989701955142095,0.666492746745263,0.0,1.0,-0.5457862779363306,-0.8379244230933995,0.9523809523809523,5.0,-0.492492512121923,338.7211285884475,0.0,0.0
evt_pay_001624_2,cust_034,pay_001624,2026-05-20T14:20:04.496262+00:00,53791,ESCALATE_HUMAN,0.8333333333333334,1,0.32432432432432434,0.008311668869301533,-0.01592871763417368,2.0,1.0,-0.573844249861484,-0.8189644539910818,0.92,6.0,-0.5369784473169031,333.71012935458566,0.0,1.0
evt_pay_003574_2,cust_013,pay_003574,2026-05-20T14:52:05.887526+00:00,134072,ESCALATE_HUMAN,0.8333333333333334,0,0.2988505747126437,0.4372060562351218,-0.6291764945642258,2.0,1.0,-0.6823114287899894,-0.7310616349820055,1.0,17.0,-0.5595801808996762,321.22178310620023,0.0,0.0
evt_pay_002978_1,cust_038,pay_002978,2026-05-20T14:56:18.027079+00:00,50465,WHATSAPP_NUDGE,0.8333333333333334,0,0.5972850678733032,0.08333333333333333,0.3773565018739383,1.0,1.0,-0.6956008034064264,-0.7184285088304432,0.88,6.0,2.4957647172129915,347.5793380230762,0.0,1.0
evt_pay_007438_0,cust_047,pay_007438,2026-05-20T15:01:39.158066+00:00,133856,WHATSAPP_NUDGE,0.8333333333333334,0,0.4892703862660944,0.0814929370847608,0.5865852033576993,0.0,1.0,-0.7121872844234566,-0.701989509825854,0.8846153846153846,7.0,1.898235005697721,322.6423823005468,0.0,0.0
evt_pay_006609_1,cust_047,pay_006609,2026-05-20T15:04:18.168302+00:00,108037,WHATSAPP_NUDGE,0.8333333333333334,0,0.48717948717948717,0.0018403962485725363,-0.07765495899865471,1.0,1.0,-0.7202569800027199,-0.6937073466220187,0.8888888888888888,8.0,1.898235005697721,322.6442226967954,0.0,1.0
evt_pay_005508_1,cust_059,pay_005508,2026-05-20T15:43:23.628881+00:00,160138,WHATSAPP_NUDGE,0.8333333333333334,0,0.36585365853658536,0.08333333333333333,-0.09047600263925175,1.0,1.0,-0.8275556189524076,-0.5613837346595442,0.8461538461538461,6.0,-0.38878117849020055,332.2757265531741,1.0,0.0
evt_pay_000497_2,cust_014,pay_000497,2026-05-20T15:50:38.608413+00:00,78157,ESCALATE_HUMAN,0.8333333333333334,0,0.289198606271777,0.9166666666666666,0.4841060119496176,2.0,1.0,-0.8448966865422393,-0.5349295178525345,0.8928571428571429,7.0,-0.8122776257059364,344.4171918240384,0.0,0.0
evt_pay_006794_1,cust_040,pay_006794,2026-05-20T16:12:18.818761+00:00,249820,WHATSAPP_NUDGE,0.8333333333333334,0,0.47345132743362833,0.08333333333333333,0.42554616132432577,1.0,1.0,-0.8916269932765163,-0.452770697882139,0.95,6.0,-0.492492512121923,338.80446192178084,0.0,0.0
evt_pay_000016_0,cust_020,pay_000016,2026-05-20T16:35:10.894813+00:00,62452,RETRY_NOW,0.8333333333333334,0,0.34812286689419797,0.8858908335945822,0.05453739823793833,0.0,1.0,-0.9322947338946119,-0.3616995011779457,0.6666666666666667,5.0,0.06752823759169156,334.92951860138334,1.0,0.0
evt_pay_004574_2,cust_013,pay_004574,2026-05-20T16:54:20.352370+00:00,139286,ESCALATE_HUMAN,0.8333333333333334,0,0.29770992366412213,0.08488963940639375,-0.5425278151080628,2.0,1.0,-0.9592390460180639,-0.28259591751183294,1.0,17.0,-0.5595801808996762,321.3066727456066,0.0,0.0
evt_pay_007438_1,cust_047,pay_007438,2026-05-20T17:01:39.158066+00:00,93923,WHATSAPP_NUDGE,0.8333333333333334,0,0.4851063829787234,0.0814929370847608,-0.4407781460011876,1.0,1.0,-0.9677670354758937,-0.2518471064876472,0.8846153846153846,9.0,1.898235005697721,322.72571563388016,0.0,0.0
evt_pay_006723_0,cust_030,pay_006723,2026-05-20T17:08:37.866025+00:00,145851,RETRY_LATER,0.8333333333333334,0,0.3745583038869258,2.2294401547504585,-0.4475582782451824,0.0,1.0,-0.9749858163697769,-0.22226708680720078,0.7,5.0,1.7722569671050512,320.65852172635886,0.0,1.0
evt_pay_004431_0,cust_059,pay_004431,2026-05-20T17:20:47.117402+00:00,198064,WHATSAPP_NUDGE,0.8333333333333334,0,0.3643724696356275,0.06763296898700825,0.56476612129161,0.0,1.0,-0.9853969716668121,-0.17027274658581135,1.0,7.0,-0.38878117849020055,332.3433595221611,0.0,0.0
evt_pay_004076_0,cust_026,pay_004076,2026-05-20T17:29:36.943902+00:00,235001,RETRY_NOW,0.03333333333333333,0,0.43478260869565216,0.3252043105391446,0.09328001118387856,0.0,1.0,-0.9912246163195993,-0.13218835047788088,0.7272727272727273,10.0,1.9048100532514713,337.28213687661685,0.0,0.0
evt_pay_003060_2,cust_027,pay_003060,2026-05-20T17:55:01.761875+00:00,73884,ESCALATE_HUMAN,0.8333333333333334,0,0.2607260726072607,0.16156911703302512,-0.2058841502705163,2.0,1.0,-0.999764813953139,-0.021686788172651218,0.9523809523809523,11.0,-0.8172299270627982,322.8884616852497,0.0,0.0
evt_pay_002025_0,cust_007,pay_002025,2026-05-20T17:55:17.412219+00:00,277156,WHATSAPP_NUDGE,0.8333333333333334,0,0.4396135265700483,3.1226964450829464,-0.34039907987890494,0.0,1.0,-0.9997888487136676,-0.02054891694953955,0.75,3.0,-0.46533070623945577,348.8450358886162,0.0,0.0
evt_pay_007048_0,cust_015,pay_007048,2026-05-20T17:58:23.214742+00:00,132560,RETRY_NOW,0.8333333333333334,0,0.4,2.905968698064953,0.3546034105533423,0.0,1.0,-0.9999752304062668,-0.007038364435975957,0.88,1.0,1.245182551392603,337.1650231628517,1.0,0.0
evt_pay_008559_0,cust_005,pay_008559,2026-05-20T18:29:35.639982+00:00,116779,WHATSAPP_NUDGE,0.8333333333333334,0,0.31153846153846154,3.263381622361313,-0.3081483905391279,0.0,1.0,-0.9916745340754679,0.1287696333232474,0.95,5.0,-0.6412832630166057,340.4476693455655,0.0,0.0
evt_pay_000016_1,cust_020,pay_000016,2026-05-20T18:35:10.894813+00:00,52310,WHATSAPP_NUDGE,0.8333333333333334,0,0.3469387755102041,0.08333333333333333,-0.4183474966471769,1.0,1.0,-0.98824067395616,0.15290641039104488,0.7692307692307692,4.0,0.06752823759169156,335.0128519347167,1.0,0.0
evt_pay_000851_2,cust_054,pay_000851,2026-05-20T18:58:24.399155+00:00,76549,ESCALATE_HUMAN,0.8333333333333334,0,0.4090909090909091,0.9166666666666666,-0.6450389840134603,2.0,1.0,-0.9677018531686905,0.25209744817011176,1.0,11.0,-0.6956354929968003,336.2471415214307,0.0,1.0
evt_pay_001310_0,cust_051,pay_001310,2026-05-20T19:21:14.515545+00:00,644158,RETRY_NOW,0.8333333333333334,0,0.47368421052631576,0.26106100863538967,0.16440647387946955,0.0,1.0,-0.9378254520359872,0.3471072190454936,0.875,14.0,-1.013594580420746,328.60132806947416,1.0,0.0
evt_pay_002025_1,cust_007,pay_002025,2026-05-20T19:55:17.412219+00:00,376952,WHATSAPP_NUDGE,0.8333333333333334,0,0.4375,0.08333333333333333,0.5658144473617808,1.0,1.0,-0.8761169998812027,0.48209854025827614,0.7692307692307692,4.0,-0.46533070623945577,348.9283692219496,1.0,0.0
evt_pay_007048_1,cust_015,pay_007048,2026-05-20T19:58:23.214742+00:00,100691,WHATSAPP_NUDGE,0.8333333333333334,0,0.398406374501992,0.08333333333333333,-0.4175417573355982,1.0,1.0,-0.8695231349050121,0.4938922128004855,0.88,1.0,1.245182551392603,337.24835649618507,0.0,0.0
evt_pay_002314_0,cust_041,pay_002314,2026-05-20T19:59:06.280705+00:00,212392,RETRY_NOW,0.8333333333333334,0,0.46,3.3691757793916017,-0.5510339243399894,0.0,1.0,-0.8679720791405452,0.49661299805023135,0.9473684210526316,4.0,0.3693318557794774,349.12254464906,1.0,0.0
evt_pay_006054_0,cust_028,pay_006054,2026-05-20T20:13:23.399256+00:00,207033,WHATSAPP_NUDGE,0.8333333333333334,0,0.375968992248062,2.023075798747262,-0.2710240015229275,0.0,1.0,-0.8353519467867135,0.5497154945966575,0.95,5.0,0.3910481863531735,321.16990849039274,0.0,0.0
evt_pay_008559_1,cust_005,pay_008559,2026-05-20T20:29:35.639982+00:00,132517,WHATSAPP_NUDGE,0.8333333333333334,0,0.3103448275862069,0.08333333333333333,0.03536229487506551,1.0,1.0,-0.7944305221338284,0.6073550407316736,0.9523809523809523,5.0,-0.6412832630166057,340.5310026788988,0.0,0.0
evt_pay_005426_2,cust_001,pay_005426,2026-05-20T21:03:58.458142+00:00,496629,RETRY_LATER,0.03333333333333333,0,0.29375,0.6361775684680234,-0.16645007503573864,2.0,1.0,-0.6947390235743985,0.7192619057915491,1.0,7.0,0.16534712408787333,332.43086204563554,1.0,0.0
evt_pay_004754_0,cust_046,pay_004754,2026-05-20T21:14:00.415778+00:00,138645,RETRY_LATER,0.8333333333333334,0,0.42924528301886794,0.7668305863272357,0.8650179234413993,0.0,1.0,-0.6625974023022178,0.7489757555904951,0.8846153846153846,1.0,-0.9687765812058661,343.90509586307917,0.0,1.0
evt_pay_001310_1,cust_051,pay_001310,2026-05-20T21:21:14.515545+00:00,542831,PAYMENT_LINK,0.8333333333333334,0,0.4717741935483871,0.08333333333333333,-0.31088871329082246,1.0,1.0,-0.6386270562560425,0.7695163955483609,0.875,14.0,-1.013594580420746,328.68466140280754,0.0,1.0
evt_pay_004917_2,cust_056,pay_004917,2026-05-20T21:27:22.405866+00:00,191998,ESCALATE_HUMAN,0.8333333333333334,0,0.28668941979522183,0.8086058523492738,0.5855439573906296,2.0,1.0,-0.6178135322218702,0.7863246399570194,0.8888888888888888,8.0,-0.26273729270347856,331.8494559956875,0.0,1.0
evt_pay_000067_0,cust_053,pay_000067,2026-05-20T21:49:54.063360+00:00,291954,RETRY_NOW,0.8333333333333334,0,0.38571428571428573,0.6883554566995826,-0.2508331972227705,0.0,1.0,-0.5376636711467291,0.843159401731975,1.0,16.0,-0.06914381847567465,320.894012086315,1.0,0.0
evt_pay_003397_0,cust_032,pay_003397,2026-05-20T21:52:46.483268+00:00,259446,RETRY_LATER,0.8333333333333334,0,0.3044982698961938,2.349888524751312,-0.5741112856476318,0.0,1.0,-0.5270495353390853,0.8498345646647083,0.9545454545454546,6.0,0.2905055503479753,345.3750050892474,0.0,1.0
evt_pay_004883_0,cust_020,pay_004883,2026-05-20T21:57:39.952595+00:00,49847,DO_NOTHING,0.03333333333333333,1,0.34576271186440677,0.1406140947037784,-0.533159524636707,0.0,1.0,-0.5087939823354967,0.8608883107228175,0.7857142857142857,4.0,0.06752823759169156,335.1534660294205,1.0,0.0
evt_pay_002314_1,cust_041,pay_002314,2026-05-20T21:59:06.280705+00:00,254195,WHATSAPP_NUDGE,0.8333333333333334,0,0.4581673306772908,0.08333333333333333,-0.09714037954517189,1.0,1.0,-0.5033793712861943,0.8640655117313245,0.9565217391304348,4.0,0.3693318557794774,349.2058779823933,0.0,0.0
evt_pay_007209_0,cust_016,pay_007209,2026-05-20T22:53:05.782032+00:00,114683,RETRY_NOW,0.8333333333333334,0,0.3735408560311284,3.089767728525961,-0.04196008036548779,0.0,1.0,-0.28779360185466113,0.9576924572802695,0.7333333333333334,2.0,-0.5381138706705891,342.733184390182,1.0,0.0
evt_pay_006398_0,cust_004,pay_006398,2026-05-20T22:54:16.124645+00:00,413524,WHATSAPP_NUDGE,0.8333333333333334,1,0.32936507936507936,1.0245157179860105,-0.05328478809454009,0.0,1.0,-0.28289082110132574,0.9591521168910684,1.0,8.0,-0.2585165281110097,346.1183072145537,0.0,0.0
evt_pay_002594_0,cust_013,pay_002594,2026-05-20T22:57:26.398305+00:00,180617,RETRY_LATER,0.8333333333333334,0,0.2965779467680608,0.25215330943230657,0.14428995526126473,0.0,1.0,-0.2695922880197346,0.962974557421059,0.9375,17.0,-0.5595801808996762,321.55882605503894,0.0,1.0
evt_pay_001216_0,cust_008,pay_001216,2026-05-20T23:07:28.219438+00:00,187474,WHATSAPP_NUDGE,0.8333333333333334,0,0.41700404858299595,0.6885957148082108,-0.34466509424983593,0.0,1.0,-0.22720236468274166,0.9738475678886149,0.75,6.0,0.4190160498383978,336.4277803097796,0.0,0.0
evt_pay_006199_0,cust_023,pay_006199,2026-05-20T23:09:52.004988+00:00,77612,WHATSAPP_NUDGE,0.8333333333333334,0,0.4327731092436975,0.4728264646037322,-0.2209414857950494,0.0,1.0,-0.21700720920782102,0.976170001153402,1.0,4.0,0.9385908116339667,344.21745027017823,0.0,0.0
evt_pay_004754_1,cust_046,pay_004754,2026-05-20T23:14:00.415778+00:00,93690,DO_NOTHING,0.03333333333333333,0,0.4272300469483568,0.08333333333333333,-0.341884612554055,1.0,1.0,-0.19933830508004954,0.9799307323111226,0.8888888888888888,1.0,-0.9687765812058661,343.9884291964125,1.0,0.0
evt_pay_007515_0,cust_048,pay_007515,2026-05-20T23:37:24.858307+00:00,199118,ESCALATE_HUMAN,0.03333333333333333,0,0.2910958904109589,0.8292971092683198,0.11400448910299602,0.0,1.0,-0.098389247448281,0.9951480070756114,0.9583333333333334,5.0,-0.4506859321563252,330.98994249822766,0.0,0.0
evt_pay_006187_0,cust_006,pay_006187,2026-05-20T23:40:20.051236+00:00,137160,WHATSAPP_NUDGE,0.8333333333333334,0,0.48028673835125446,0.651177145661696,0.1542681548385097,0.0,1.0,-0.08570303237119853,0.9963207265947955,0.8888888888888888,4.0,-0.3286363658753921,342.634743830218,0.0,0.0
evt_pay_000067_1,cust_053,pay_000067,2026-05-20T23:49:54.063360+00:00,288136,WHATSAPP_NUDGE,0.8333333333333334,0,0.38434163701067614,0.08333333333333333,-0.28491717360216967,1.0,1.0,-0.04405069703908276,0.9990292969129438,0.9333333333333333,16.0,-0.06914381847567465,320.9773454196483,1.0,0.0
evt_pay_007612_0,cust_045,pay_007612,2026-05-20T23:51:18.492212+00:00,88595,RETRY_LATER,0.03333333333333333,0,0.3068181818181818,0.5343187841484299,0.04233575062757501,0.0,1.0,-0.037916025844347515,0.9992809289605055,0.8928571428571429,12.0,1.000889969158722,323.8304754099096,0.0,0.0
evt_pay_003609_0,cust_057,pay_003609,2026-05-20T23:53:08.498084+00:00,69264,RETRY_LATER,0.8333333333333334,0,0.38288288288288286,3.782149384381038,-0.43993745604567097,0.0,1.0,-0.02992079757859567,0.9995522727062656,0.9375,2.0,-0.5990323654313375,341.26000075262056,0.0,1.0
evt_pay_003689_2,cust_053,pay_003689,2026-05-20T23:54:00.538943+00:00,275770,ESCALATE_HUMAN,0.8333333333333334,0,0.3829787234042553,0.0028527266574845576,-0.3953088536976252,2.0,1.0,-0.026137768676873632,0.9996583501619912,0.9411764705882353,17.0,-0.06914381847567465,320.98019814630584,1.0,0.0
evt_pay_004539_2,cust_056,pay_004539,2026-05-21T00:02:58.860223+00:00,152029,ESCALATE_HUMAN,0.8333333333333334,0,0.2857142857142857,0.10806081431739283,-0.13113482035962667,2.0,1.0,0.013006715681264828,0.9999154090957828,0.896551724137931,8.0,-0.26273729270347856,331.9575168100049,1.0,0.0
evt_pay_000059_0,cust_022,pay_000059,2026-05-21T00:47:02.039661+00:00,134053,RETRY_NOW,0.03333333333333333,0,0.40823970037453183,2.0223012965056455,0.5532238138525771,0.0,1.0,0.203786969115873,0.9790152558661005,1.0,13.0,-0.6143468879245073,329.03903340232205,0.0,1.0
evt_pay_007209_1,cust_016,pay_007209,2026-05-21T00:53:05.782032+00:00,174297,WHATSAPP_NUDGE,0.8333333333333334,0,0.37209302325581395,0.08333333333333333,1.4213959699697947,1.0,1.0,0.22960965838737418,0.9732827979447871,0.8125,2.0,-0.5381138706705891,342.8165177235153,0.0,1.0
evt_pay_002594_1,cust_013,pay_002594,2026-05-21T00:57:26.398305+00:00,169941,WHATSAPP_NUDGE,0.8333333333333334,0,0.29545454545454547,0.08333333333333333,-0.033114874235532124,1.0,1.0,0.2480135086210688,0.9687565739345808,0.9375,17.0,-0.5595801808996762,321.64215938837225,0.0,1.0
evt_pay_001927_0,cust_032,pay_001927,2026-05-21T01:01:31.675569+00:00,395581,WHATSAPP_NUDGE,0.8333333333333334,0,0.30344827586206896,0.13107861459155856,0.6238289753680696,0.0,1.0,0.2652529141742527,0.964178869049756,0.96,6.0,0.2905055503479753,345.5060837038389,0.0,0.0
evt_pay_002535_0,cust_008,pay_002535,2026-05-21T01:07:18.303073+00:00,210900,ESCALATE_HUMAN,0.03333333333333333,0,0.4153225806451613,0.08321856059105433,-0.030713106853094925,0.0,1.0,0.2894705754108226,0.957186912766429,0.8235294117647058,7.0,0.4190160498383978,336.51099887037066,0.0,0.0
evt_pay_001216_1,cust_008,pay_001216,2026-05-21T01:07:28.219438+00:00,189490,WHATSAPP_NUDGE,0.8333333333333334,0,0.41365461847389556,0.00011477274227900125,-0.3176442155627537,1.0,1.0,0.29016076432915683,0.956977915546602,0.8333333333333334,7.0,0.4190160498383978,336.51111364311294,1.0,0.0
evt_pay_006199_1,cust_023,pay_006199,2026-05-21T01:09:52.004988+00:00,107839,WHATSAPP_NUDGE,0.8333333333333334,0,0.4309623430962343,0.08333333333333333,0.8057675368413464,1.0,1.0,0.300151244598364,0.9538916240150414,1.0,5.0,0.9385908116339667,344.30078360351155,0.0,0.0
evt_pay_005387_0,cust_010,pay_005387,2026-05-21T01:28:34.343307+00:00,101865,RETRY_LATER,0.8333333333333334,0,0.38596491228070173,1.6335611209304375,0.8249514044517572,0.0,1.0,0.37692107900009847,0.9262453779670923,0.9285714285714286,6.0,-0.045395759303349575,350.00710826513296,0.0,1.0
evt_pay_000724_0,cust_011,pay_000724,2026-05-21T01:39:16.202857+00:00,56270,RETRY_NOW,0.8333333333333334,0,0.46473029045643155,0.6341455070235801,-0.1449071330211467,0.0,1.0,0.4197295163015589,0.9076492346414772,0.8421052631578947,2.0,-0.306212897974724,324.7883060407949,1.0,0.0
evt_pay_006187_1,cust_006,pay_006187,2026-05-21T01:40:20.051236+00:00,115452,WHATSAPP_NUDGE,0.8333333333333334,0,0.4785714285714286,0.08333333333333333,-0.3223315216662219,1.0,1.0,0.42393936008258004,0.9056905757336622,0.9310344827586207,5.0,-0.3286363658753921,342.7180771635513,0.0,0.0
evt_pay_003305_0,cust_004,pay_003305,2026-05-21T01:40:23.318475+00:00,330449,RETRY_NOW,0.8333333333333334,0,0.33201581027667987,1.1398767576814823,-0.6165670231368695,0.0,1.0,0.42415454050684726,0.9055898220317106,0.9411764705882353,9.0,-0.2585165281110097,346.23366825424915,1.0,0.0
evt_pay_003963_0,cust_046,pay_003963,2026-05-21T01:51:53.883739+00:00,90131,RETRY_NOW,0.8333333333333334,1,0.4252336448598131,0.1096466199118898,-0.43741705411462756,0.0,1.0,0.4690787926800374,0.8831563203973793,0.9333333333333333,0.0,-0.9687765812058661,344.0980758163244,1.0,0.0
evt_pay_000587_0,cust_001,pay_000587,2026-05-21T02:20:31.468125+00:00,626633,RETRY_NOW,0.8333333333333334,1,0.29283489096573206,0.21982650443237617,0.5378996360321624,0.0,1.0,0.5754495021689638,0.8178373129501317,0.9411764705882353,7.0,0.16534712408787333,332.6506885500679,1.0,0.0
evt_pay_000059_1,cust_022,pay_000059,2026-05-21T02:47:02.039661+00:00,113849,WHATSAPP_NUDGE,0.8333333333333334,0,0.40671641791044777,0.08333333333333333,0.03921790928214067,1.0,1.0,0.6659923201476311,0.7459585977146287,1.0,13.0,-0.6143468879245073,329.12236673565536,0.0,0.0
evt_pay_001927_1,cust_032,pay_001927,2026-05-21T03:01:31.675569+00:00,292407,WHATSAPP_NUDGE,0.8333333333333334,0,0.3024054982817869,0.08333333333333333,-0.28407192616915955,1.0,1.0,0.7118051966276343,0.7023769373021119,0.9583333333333334,7.0,0.2905055503479753,345.58941703717227,0.0,0.0
evt_pay_002700_0,cust_027,pay_002700,2026-05-21T03:19:07.389049+00:00,74382,WHATSAPP_NUDGE,0.8333333333333334,0,0.2598684210526316,0.39173179599367813,-0.18798590073068902,0.0,1.0,0.7635795522331436,0.6457137658525115,0.96,11.0,-0.8172299270627982,323.2801934812434,0.0,0.0
evt_pay_000724_1,cust_011,pay_000724,2026-05-21T03:39:16.202857+00:00,64688,WHATSAPP_NUDGE,0.8333333333333334,0,0.4628099173553719,0.08333333333333333,0.26086576088478114,1.0,1.0,0.8173210411560433,0.5761825367742426,0.8421052631578947,2.0,-0.306212897974724,324.8716393741283,1.0,0.0
evt_pay_002071_2,cust_051,pay_002071,2026-05-21T03:52:20.338610+00:00,409742,ESCALATE_HUMAN,0.8333333333333334,0,0.46987951807228917,0.2715951743622516,-0.9351665988988179,2.0,1.0,0.8488309535408769,0.5286643664092423,1.0,15.0,-1.013594580420746,328.95625657716977,0.0,1.0
evt_pay_002868_0,cust_043,pay_002868,2026-05-21T04:06:41.836087+00:00,127890,RETRY_NOW,0.8333333333333334,0,0.25193798449612403,1.4172387528119923,-0.3242445281969074,0.0,1.0,0.880264753894395,0.47448283746753184,0.9583333333333334,5.0,-0.05414349663535748,335.81357305888037,1.0,0.0
evt_pay_002706_0,cust_029,pay_002706,2026-05-21T04:15:07.130495+00:00,47648,WHATSAPP_NUDGE,0.03333333333333333,0,0.39473684210526316,0.6468750299061602,0.18565031480505814,0.0,1.0,0.8971019672057823,0.44182356256260885,0.96,6.0,-0.8256115037842402,324.1904528313298,1.0,0.0
evt_pay_002438_0,cust_036,pay_002438,2026-05-21T04:15:15.163602+00:00,390257,RETRY_LATER,0.8333333333333334,1,0.4765625,2.268055549126681,0.4315992008358877,0.0,1.0,0.8973599203629985,0.44129941459978506,1.0,8.0,-0.5882553306323993,331.61864151980495,0.0,1.0
evt_pay_004719_2,cust_045,pay_004719,2026-05-21T04:20:43.944522+00:00,82908,ESCALATE_HUMAN,0.8333333333333334,0,0.30566037735849055,0.18710014247477602,-0.14380368627752546,2.0,1.0,0.9076537331166912,0.419719788381885,0.896551724137931,12.0,1.000889969158722,324.01757555238436,0.0,0.0
evt_pay_001770_2,cust_008,pay_001770,2026-05-21T04:35:53.549679+00:00,150722,RETRY_NOW,0.03333333333333333,0,0.412,0.14473761852512249,-0.8372085395304592,2.0,1.0,0.9334122203361127,0.35880583457799026,0.85,8.0,0.4190160498383978,336.655851261638,0.0,0.0
evt_pay_004164_2,cust_024,pay_004164,2026-05-21T04:54:40.691815+00:00,86095,ESCALATE_HUMAN,0.8333333333333334,0,0.24714828897338403,0.9166666666666666,-0.2868138328279358,2.0,1.0,0.9596559915552764,0.28117677335096397,0.8823529411764706,3.0,-1.1653357768016162,335.86249703090203,0.0,1.0
evt_pay_000875_0,cust_054,pay_000875,2026-05-21T04:56:28.026917+00:00,98406,WHATSAPP_NUDGE,0.8333333333333334,0,0.4076655052264808,0.4153197657671133,-0.013429996539469908,0.0,1.0,0.961821496079706,0.2736775651729532,0.8823529411764706,9.0,-0.6956354929968003,336.6624612871978,0.0,0.0
evt_pay_000168_2,cust_055,pay_000168,2026-05-21T05:07:58.890449+00:00,296750,RETRY_LATER,0.03333333333333333,0,0.33,0.9166666666666666,-0.14273434733229043,2.0,1.0,0.9743519105841938,0.2250296743563641,0.96,10.0,-1.0480965437343166,347.1628897885171,0.0,1.0
evt_pay_002700_1,cust_027,pay_002700,2026-05-21T05:19:07.389049+00:00,76802,WHATSAPP_NUDGE,0.8333333333333334,0,0.25901639344262295,0.08333333333333333,-0.10114325104147653,1.0,1.0,0.9841361729705047,0.17741474868502027,0.96,12.0,-0.8172299270627982,323.3635268145767,0.0,0.0
evt_pay_000186_0,cust_003,pay_000186,2026-05-21T05:37:16.825782+00:00,174433,RETRY_LATER,0.8333333333333334,0,0.5,3.841394077580143,-0.5942961959323545,0.0,1.0,0.9950903640338757,0.09897053807537215,0.9615384615384616,7.0,2.053947620637407,326.26488447613457,0.0,1.0
evt_pay_007951_2,cust_006,pay_007951,2026-05-21T06:02:38.345850+00:00,131246,ESCALATE_HUMAN,0.8333333333333334,1,0.47686832740213525,0.18215618767163733,0.02442439008872632,2.0,1.0,0.9999337004118394,-0.011514980707143959,0.9285714285714286,6.0,-0.3286363658753921,342.9002333512229,0.0,1.0
evt_pay_002868_1,cust_043,pay_002868,2026-05-21T06:06:41.836087+00:00,135840,WHATSAPP_NUDGE,0.8333333333333334,0,0.25096525096525096,0.08333333333333333,-0.16679040414980567,1.0,1.0,0.9995730576623688,-0.029218186040592304,0.9615384615384616,5.0,-0.05414349663535748,335.8969063922137,0.0,0.0
evt_pay_002706_1,cust_029,pay_002706,2026-05-21T06:15:07.130495+00:00,42822,ESCALATE_HUMAN,0.03333333333333333,0,0.39344262295081966,0.08333333333333333,-0.12252010331322255,1.0,1.0,0.9978248746665063,-0.06592055443312866,0.962962962962963,7.0,-0.8256115037842402,324.27378616466314,0.0,1.0
evt_pay_004506_0,cust_002,pay_004506,2026-05-21T06:16:17.427763+00:00,267950,WHATSAPP_NUDGE,0.8333333333333334,0,0.3218390804597701,2.5453849711431835,-0.3662685615279756,0.0,1.0,0.9974748409644304,-0.0710207127744026,0.9642857142857143,8.0,-0.38277421977533765,329.3438582259576,0.0,0.0
evt_pay_002814_0,cust_058,pay_002814,2026-05-21T06:18:38.112593+00:00,256070,RETRY_NOW,0.03333333333333333,0,0.4624505928853755,1.9361015799577028,0.15951202937447392,0.0,1.0,0.9966960456324286,-0.08122187279717004,0.8928571428571429,8.0,4.286983765334936,339.2270537135325,0.0,1.0
evt_pay_003280_0,cust_046,pay_003280,2026-05-21T06:36:15.275594+00:00,91209,RETRY_NOW,0.8333333333333334,0,0.42790697674418604,0.3071164330494109,-0.40848653200048274,0.0,1.0,0.987513952459669,-0.1575315641307562,0.8928571428571429,0.0,-0.9687765812058661,344.29554562946197,1.0,0.0
evt_pay_000552_0,cust_047,pay_000552,2026-05-21T06:39:58.899799+00:00,101764,RETRY_NOW,0.8333333333333334,0,0.4830508474576271,0.5682840478342541,-0.23903199273422243,0.0,1.0,0.984821643254209,-0.1735693837578494,0.896551724137931,10.0,1.898235005697721,323.2939996817144,1.0,0.0
evt_pay_005714_0,cust_006,pay_005714,2026-05-21T06:46:28.972086+00:00,185892,WHATSAPP_NUDGE,0.8333333333333334,0,0.4787234042553192,0.21260325058428484,1.224203281978929,0.0,1.0,0.9795024797505754,-0.20143210310790519,0.9,6.0,-0.3286363658753921,342.9306804141356,0.0,0.0
evt_pay_002820_0,cust_031,pay_002820,2026-05-21T06:55:19.720173+00:00,61638,RETRY_NOW,0.8333333333333334,0,0.3293172690763052,6.092843539705352,0.41749781296219823,0.0,1.0,0.9710002077852998,-0.2390786407877217,0.8666666666666667,2.0,-0.07508066613848166,343.6239164024908,1.0,0.0
evt_pay_000875_1,cust_054,pay_000875,2026-05-21T06:56:28.026917+00:00,82111,WHATSAPP_NUDGE,0.8333333333333334,1,0.40625,0.08333333333333333,-0.48431846717832294,1.0,1.0,0.9698006320974569,-0.24389902415420397,0.875,9.0,-0.6956354929968003,336.74579462053117,0.0,0.0
evt_pay_000794_0,cust_012,pay_000794,2026-05-21T06:57:37.016978+00:00,471931,WHATSAPP_NUDGE,0.8333333333333334,0,0.46586345381526106,1.4589801712617334,-0.3675073389797025,0.0,1.0,0.9685647661820558,-0.24876151975476343,1.0,11.0,-0.5006574979571285,330.4960987059564,0.0,0.0
evt_pay_000769_0,cust_054,pay_000769,2026-05-21T06:59:45.994170+00:00,99490,RETRY_LATER,0.8333333333333334,0,0.4083044982698962,0.08562462098086598,0.017886205312615748,0.0,1.0,0.9661889408790792,-0.25783508396446575,0.8235294117647058,10.0,-0.6956354929968003,336.74808590817867,0.0,1.0
evt_pay_000396_0,cust_002,pay_000396,2026-05-21T07:29:19.541623+00:00,267734,RETRY_LATER,0.8333333333333334,0,0.32061068702290074,0.05071891042139972,-0.3682708577834969,0.0,1.0,0.925001469435723,-0.3799635265940049,0.9642857142857143,9.0,-0.38277421977533765,329.394577136379,0.0,1.0
evt_pay_007376_0,cust_001,pay_007376,2026-05-21T07:59:30.678219+00:00,528247,RETRY_LATER,0.8333333333333334,1,0.2950310559006211,0.4552340286721801,0.004854863217118738,0.0,1.0,0.8670896041653341,-0.49815220399834054,0.8333333333333334,7.0,0.16534712408787333,332.8860960743077,0.0,1.0
evt_pay_003178_0,cust_005,pay_003178,2026-05-21T08:40:56.165053+00:00,156550,RETRY_LATER,0.8333333333333334,0,0.30916030534351147,0.507876447583385,0.5599527121892336,0.0,1.0,0.7634126345292999,-0.6459111002615093,0.9655172413793104,6.0,-0.6412832630166057,341.0388791264822,0.0,1.0
evt_pay_005714_1,cust_006,pay_005714,2026-05-21T08:46:28.972086+00:00,103809,WHATSAPP_NUDGE,0.8333333333333334,0,0.47703180212014135,0.08333333333333333,-0.5779598934613434,1.0,1.0,0.7475579789798985,-0.6641965583044598,0.9,7.0,-0.3286363658753921,343.01401374746894,1.0,0.0
evt_pay_000794_1,cust_012,pay_000794,2026-05-21T08:57:37.016978+00:00,562119,PAYMENT_LINK,0.8333333333333334,0,0.464,0.08333333333333333,0.10827536881947901,1.0,1.0,0.7144209328468135,-0.6997161786826775,1.0,12.0,-0.5006574979571285,330.5794320392897,1.0,0.0
evt_pay_002880_2,cust_045,pay_002880,2026-05-21T09:01:53.349262+00:00,86672,ESCALATE_HUMAN,0.8333333333333334,0,0.30451127819548873,0.19524774004346077,-0.02062151335660111,2.0,1.0,0.7012541497006849,-0.7129113672312775,0.9032258064516129,12.0,1.000889969158722,324.2128232924278,0.0,1.0
evt_pay_008522_0,cust_026,pay_008522,2026-05-21T09:06:50.236108+00:00,184063,WHATSAPP_NUDGE,0.8333333333333334,0,0.4326923076923077,0.6508482894312996,-0.5462447440533752,0.0,1.0,0.6856999975374558,-0.7278842719671398,0.8421052631578947,8.0,1.9048100532514713,337.9329851660481,0.0,0.0
evt_pay_007534_2,cust_027,pay_007534,2026-05-21T09:19:56.893120+00:00,75898,ESCALATE_HUMAN,0.8333333333333334,0,0.2581699346405229,0.1672396304492736,-0.13360513738874233,2.0,1.0,0.6429606723679291,-0.765899192967443,0.9666666666666667,13.0,-0.8172299270627982,323.530766445026,1.0,0.0
evt_pay_008286_0,cust_043,pay_008286,2026-05-21T09:34:37.160277+00:00,121705,WHATSAPP_NUDGE,0.8333333333333334,0,0.25,0.14439032626288886,-0.4467415726856957,0.0,1.0,0.5926482975323243,-0.8054613556416209,0.9666666666666667,6.0,-0.05414349663535748,336.0412967184766,0.0,0.0
evt_pay_003351_0,cust_038,pay_003351,2026-05-21T10:06:41.416133+00:00,49757,RETRY_NOW,0.8333333333333334,0,0.5945945945945946,0.798881817749494,0.331998549074518,0.0,1.0,0.47450972051462625,-0.8802502627873117,0.9032258064516129,7.0,2.4957647172129915,348.37821984082575,1.0,0.0
evt_pay_000865_0,cust_019,pay_000865,2026-05-21T10:37:07.686832+00:00,101607,RETRY_NOW,0.03333333333333333,0,0.46153846153846156,2.209626662254967,-0.4313628469251093,0.0,1.0,0.35376824000036167,-0.935333113049595,0.8888888888888888,3.0,-0.5137657855739247,326.8517028239189,0.0,1.0
evt_pay_003178_1,cust_005,pay_003178,2026-05-21T10:40:56.165053+00:00,176849,WHATSAPP_NUDGE,0.8333333333333334,0,0.30798479087452474,0.08333333333333333,1.0030252058055071,1.0,1.0,0.3381791849416241,-0.9410817386774747,0.9666666666666667,6.0,-0.6412832630166057,341.12221245981556,1.0,0.0
evt_pay_007746_0,cust_029,pay_007746,2026-05-21T10:43:21.244014+00:00,41322,WHATSAPP_NUDGE,0.8333333333333334,0,0.39215686274509803,0.18627446201859735,-0.2183293709011065,0.0,1.0,0.3282317214512953,-0.9445972353511941,0.967741935483871,7.0,-0.8256115037842402,324.46006062668175,0.0,0.0
evt_pay_008522_1,cust_026,pay_008522,2026-05-21T11:06:50.236108+00:00,233007,WHATSAPP_NUDGE,0.8333333333333334,0,0.430622009569378,0.08333333333333333,0.06823945388431094,1.0,1.0,0.22989148125879366,-0.9732162693074123,0.8333333333333334,9.0,1.9048100532514713,338.0163184993815,1.0,0.0
evt_pay_001335_0,cust_002,pay_001335,2026-05-21T11:11:32.621738+00:00,268316,RETRY_LATER,0.8333333333333334,0,0.3193916349809886,0.1543180568850365,-0.3628571687573897,0.0,1.0,0.2098587726339434,-0.9777317093909632,0.96875,8.0,-0.38277421977533765,329.54889519326406,0.0,1.0
evt_pay_006786_0,cust_016,pay_006786,2026-05-21T11:16:11.627992+00:00,133738,WHATSAPP_NUDGE,0.8333333333333334,0,0.37065637065637064,0.43270655045616496,0.4257794445843963,0.0,1.0,0.18997885209207274,-0.9817881827348394,0.8421052631578947,3.0,-0.5381138706705891,343.2492242739715,0.0,0.0
evt_pay_004684_0,cust_009,pay_004684,2026-05-21T11:18:23.745492+00:00,98135,RETRY_NOW,0.8333333333333334,0,0.336,1.6253037418630925,-0.4998747904062464,0.0,1.0,0.18053734947921102,-0.9835681295380718,0.9,3.0,-0.8984355580750027,323.08797942905,1.0,0.0
evt_pay_008286_1,cust_043,pay_008286,2026-05-21T11:34:37.160277+00:00,160492,WHATSAPP_NUDGE,0.8333333333333334,0,0.24904214559386972,0.08333333333333333,0.3214459488392567,1.0,1.0,0.11051780335178096,-0.9938741445184581,0.96875,7.0,-0.05414349663535748,336.1246300518099,0.0,0.0
evt_pay_000253_2,cust_034,pay_000253,2026-05-21T12:08:06.368071+00:00,53566,RETRY_NOW,0.03333333333333333,0,0.3269230769230769,0.9166666666666666,-0.0278169004704855,2.0,1.0,-0.03536231004319778,-0.9993745579253099,0.9,6.0,-0.5369784473169031,334.61848435238306,1.0,0.0
evt_pay_001408_0,cust_008,pay_001408,2026-05-21T12:32:56.049624+00:00,182071,RETRY_NOW,0.8333333333333334,0,0.4103585657370518,0.3312789345539879,-0.417078283966252,0.0,1.0,-0.14320830957241643,-0.9896925684622528,0.9444444444444444,6.0,0.4190160498383978,336.987130196192,1.0,0.0
evt_pay_000865_1,cust_019,pay_000865,2026-05-21T12:37:07.686832+00:00,127238,WHATSAPP_NUDGE,0.8333333333333334,0,0.4596774193548387,0.08333333333333333,0.18056342691760216,1.0,1.0,-0.16129427363237397,-0.9869063569019124,0.9,3.0,-0.5137657855739247,326.9350361572522,0.0,0.0
evt_pay_004226_0,cust_020,pay_004226,2026-05-21T12:41:34.469172+00:00,47821,WHATSAPP_NUDGE,0.8333333333333334,0,0.34797297297297297,0.7544395180509961,-0.6276060204113438,0.0,1.0,-0.1804096480927204,-0.9835915610023608,0.9473684210526316,3.0,0.06752823759169156,335.76729145276767,0.0,0.0
evt_pay_007746_1,cust_029,pay_007746,2026-05-21T12:43:21.244014+00:00,42631,RETRY_NOW,0.03333333333333333,0,0.39087947882736157,0.08333333333333333,-0.1346993816309085,1.0,1.0,-0.18804160857087748,-0.98216106288433,1.0,8.0,-0.8256115037842402,324.54339396001507,0.0,1.0
evt_pay_004380_0,cust_052,pay_004380,2026-05-21T12:50:49.439644+00:00,170874,WHATSAPP_NUDGE,0.8333333333333334,0,0.44495412844036697,1.394316190493252,0.49222197625881603,0.0,1.0,-0.21994833565857358,-0.9755115220442163,1.0,4.0,-1.0656726581061444,350.4100868618214,0.0,0.0
evt_pay_001398_0,cust_040,pay_001398,2026-05-21T12:51:31.439707+00:00,218694,WHATSAPP_NUDGE,0.03333333333333333,0,0.4713656387665198,0.8605627424296168,0.016535081425614204,0.0,1.0,-0.22292683990457307,-0.974835177889145,1.0,7.0,-0.492492512121923,339.6650246642105,1.0,0.0
evt_pay_001389_0,cust_034,pay_001389,2026-05-21T12:52:18.278983+00:00,63162,PAYMENT_LINK,0.03333333333333333,0,0.32567049808429116,0.03069341333232008,0.4790715272587382,0.0,1.0,-0.22624607089015472,-0.9740701799186582,0.9,6.0,-0.5369784473169031,334.64917776571536,0.0,0.0
evt_pay_002978_2,cust_038,pay_002978,2026-05-21T12:56:18.027079+00:00,44434,ESCALATE_HUMAN,0.8333333333333334,0,0.5919282511210763,0.11778484891717274,-0.009177887641404153,2.0,1.0,-0.24319371222760897,-0.9699777411533498,0.9032258064516129,7.0,2.4957647172129915,348.4960046897429,1.0,0.0
evt_pay_006609_2,cust_047,pay_006609,2026-05-21T13:04:18.168302+00:00,107934,ESCALATE_HUMAN,0.8333333333333334,1,0.4810126582278481,0.26688968174765176,-0.08030999121867814,2.0,1.0,-0.2769071686244066,-0.9608966749679252,0.9032258064516129,10.0,1.898235005697721,323.5608893634621,0.0,1.0
evt_pay_001534_0,cust_017,pay_001534,2026-05-21T13:09:01.655358+00:00,567392,RETRY_NOW,0.8333333333333334,0,0.3187250996015936,1.387224150393365,0.31038824265511383,0.0,1.0,-0.2966565391326594,-0.9549842395504927,1.0,6.0,0.5027156808516637,344.1095443790223,1.0,0.0
evt_pay_001335_1,cust_002,pay_001335,2026-05-21T13:11:32.621738+00:00,419545,WHATSAPP_NUDGE,0.8333333333333334,1,0.3181818181818182,0.08333333333333333,1.042974930077978,1.0,1.0,-0.3071228263874643,-0.9516698847351299,1.0,6.0,-0.38277421977533765,329.6322285265974,1.0,0.0
evt_pay_006786_1,cust_016,pay_006786,2026-05-21T13:16:11.627992+00:00,133821,WHATSAPP_NUDGE,0.8333333333333334,0,0.36923076923076925,0.08333333333333333,0.4278201865585636,1.0,1.0,-0.3263675792738781,-0.945242933429766,0.95,4.0,-0.5381138706705891,343.3325576073048,0.0,0.0
evt_pay_005508_2,cust_059,pay_005508,2026-05-21T13:43:23.628881+00:00,120758,ESCALATE_HUMAN,0.8333333333333334,1,0.3629032258064516,0.8490336976796584,-0.7708349254241306,2.0,1.0,-0.43599232172756797,-0.8999503849627516,1.0,8.0,-0.38878117849020055,333.19239321984077,0.0,0.0
evt_pay_006794_2,cust_040,pay_006794,2026-05-21T14:12:18.818761+00:00,170916,ESCALATE_HUMAN,0.8333333333333334,0,0.4692982456140351,0.056103924237049796,-0.6112687353725642,2.0,1.0,-0.5457862779363306,-0.8379244230933995,0.9696969696969697,8.0,-0.492492512121923,339.7211285884475,0.0,1.0
evt_pay_004842_0,cust_057,pay_004842,2026-05-21T14:18:25.488220+00:00,86156,WHATSAPP_NUDGE,0.8333333333333334,0,0.3811659192825112,0.6008910895447835,0.14959906163995423,0.0,1.0,-0.5679328268396103,-0.8230749080113967,0.7894736842105263,1.0,-0.5990323654313375,341.86089184216536,0.0,0.0
evt_pay_001408_1,cust_008,pay_001408,2026-05-21T14:32:56.049624+00:00,237645,DO_NOTHING,0.03333333333333333,0,0.4087301587301587,0.08333333333333333,0.32770656100782536,1.0,1.0,-0.6188683183538655,-0.7854947514387722,0.9523809523809523,6.0,0.4190160498383978,337.0704635295254,0.0,0.0
evt_pay_004226_1,cust_020,pay_004226,2026-05-21T14:41:34.469172+00:00,60978,WHATSAPP_NUDGE,0.8333333333333334,0,0.3468013468013468,0.08333333333333333,-0.014197421207559124,1.0,1.0,-0.6480351188372869,-0.7616104547296757,0.9545454545454546,4.0,0.06752823759169156,335.850624786101,0.0,0.0
evt_pay_004380_1,cust_052,pay_004380,2026-05-21T14:50:49.439644+00:00,128258,WHATSAPP_NUDGE,0.8333333333333334,0,0.4429223744292237,0.08333333333333333,-0.34310839847375674,1.0,1.0,-0.6782366072225398,-0.7348435919454277,0.875,5.0,-1.0656726581061444,350.4934201951548,0.0,0.0
evt_pay_001398_1,cust_040,pay_001398,2026-05-21T14:51:31.439707+00:00,236730,WHATSAPP_NUDGE,0.8333333333333334,0,0.4672489082969432,0.027229409096283536,0.2535319352346026,1.0,1.0,-0.6804778954873192,-0.7327686086024354,0.9696969696969697,8.0,-0.492492512121923,339.7483579975438,0.0,0.0
evt_pay_001389_1,cust_034,pay_001389,2026-05-21T14:52:18.278983+00:00,50653,WHATSAPP_NUDGE,0.8333333333333334,0,0.3244274809160305,0.08333333333333333,-0.18166483726498492,1.0,1.0,-0.6829699348566183,-0.7304464854333592,0.896551724137931,7.0,-0.5369784473169031,334.7325110990487,0.0,0.0
evt_pay_001534_1,cust_017,pay_001534,2026-05-21T15:09:01.655358+00:00,478529,WHATSAPP_NUDGE,0.8333333333333334,0,0.31746031746031744,0.08333333333333333,-0.18569615049594,1.0,1.0,-0.7344042188629017,-0.678712342098161,0.9705882352941176,6.0,0.5027156808516637,344.1928777123556,0.0,1.0
evt_pay_001574_0,cust_049,pay_001574,2026-05-21T15:17:04.088206+00:00,393250,WHATSAPP_NUDGE,0.8333333333333334,0,0.34074074074074073,1.4442814718325774,0.49433725441818377,0.0,1.0,-0.7577590181704553,-0.6525344974645766,0.9714285714285714,3.0,0.2100296838614713,323.5177677291069,0.0,0.0
evt_pay_007497_0,cust_040,pay_007497,2026-05-21T15:19:41.945730+00:00,232231,RETRY_NOW,0.8333333333333334,0,0.4652173913043478,0.019566041936911915,0.19441540662139775,0.0,1.0,-0.7651998392520097,-0.6437928284849859,0.9722222222222222,9.0,-0.492492512121923,339.7679240394807,1.0,0.0
evt_pay_008292_0,cust_041,pay_008292,2026-05-21T16:21:47.098432+00:00,242158,RETRY_LATER,0.8333333333333334,1,0.45634920634920634,0.7657502051724236,-0.22783306572508252,0.0,1.0,-0.9095717934154632,-0.4155468115904367,0.9722222222222222,5.0,0.3693318557794774,349.9716281875658,0.0,1.0
evt_pay_004791_0,cust_000,pay_004791,2026-05-21T16:23:42.508524+00:00,118903,WHATSAPP_NUDGE,0.8333333333333334,1,0.3699186991869919,2.6745491867187448,-0.1885398657819726,0.0,1.0,-0.9130273431791879,-0.40789835818148795,0.875,1.0,0.8132490481077264,340.3383394265466,0.0,0.0
evt_pay_006433_0,cust_011,pay_006433,2026-05-21T16:28:59.233298+00:00,56181,WHATSAPP_NUDGE,0.8333333333333334,0,0.4609053497942387,0.5345258152911848,-0.14917289534003667,0.0,1.0,-0.9221794087266769,-0.3867623794017671,0.9565217391304348,3.0,-0.306212897974724,325.4061651894195,0.0,0.0
evt_pay_000016_2,cust_020,pay_000016,2026-05-21T16:35:10.894813+00:00,46712,ESCALATE_HUMAN,0.8333333333333334,0,0.34563758389261745,0.07889381528233723,-0.6793000648538932,2.0,1.0,-0.9322947338946119,-0.3616995011779457,0.9583333333333334,5.0,0.06752823759169156,335.92951860138334,0.0,1.0
evt_pay_002424_0,cust_010,pay_002424,2026-05-21T16:55:44.870971+00:00,79685,WHATSAPP_NUDGE,0.8333333333333334,1,0.38461538461538464,0.6438718479633773,0.023199807707806434,0.0,1.0,-0.9609578541285188,-0.276694782366261,0.8846153846153846,5.0,-0.045395759303349575,350.6509801130963,0.0,0.0
evt_pay_001574_1,cust_049,pay_001574,2026-05-21T17:17:04.088206+00:00,333490,WHATSAPP_NUDGE,0.8333333333333334,0,0.33948339483394835,0.08333333333333333,-0.014967198762491425,1.0,1.0,-0.9825058084146567,-0.18623194256480777,0.9459459459459459,4.0,0.2100296838614713,323.6011010624402,0.0,0.0
evt_pay_002025_2,cust_007,pay_002025,2026-05-21T17:55:17.412219+00:00,308564,ESCALATE_HUMAN,0.8333333333333334,0,0.4354066985645933,0.9166666666666666,-0.0551957021018707,2.0,1.0,-0.9997888487136676,-0.02054891694953955,0.9545454545454546,5.0,-0.46533070623945577,349.8450358886162,0.0,1.0
evt_pay_007048_2,cust_015,pay_007048,2026-05-21T17:58:23.214742+00:00,110707,WHATSAPP_NUDGE,0.03333333333333333,1,0.3968253968253968,0.9166666666666666,-0.1748623218501014,2.0,1.0,-0.9999752304062668,-0.007038364435975957,0.8461538461538461,2.0,1.245182551392603,338.1650231628517,0.0,0.0
evt_pay_007571_0,cust_011,pay_007571,2026-05-21T18:09:53.144217+00:00,73906,RETRY_LATER,0.8333333333333334,0,0.45901639344262296,0.070068413409255,0.7051744497136699,0.0,1.0,-0.9990698445862016,0.04312128985203075,0.9545454545454546,4.0,-0.306212897974724,325.4762336028287,0.0,1.0
evt_pay_006433_1,cust_011,pay_006433,2026-05-21T18:28:59.233298+00:00,65987,PAYMENT_LINK,0.03333333333333333,1,0.45714285714285713,0.013264919924078336,0.32345974789669013,1.0,1.0,-0.9920119845050989,0.12614365857329313,0.9565217391304348,4.0,-0.306212897974724,325.4894985227528,0.0,0.0
evt_pay_008559_2,cust_005,pay_008559,2026-05-21T18:29:35.639982+00:00,164375,ESCALATE_HUMAN,0.8333333333333334,0,0.3068181818181818,0.3254568857499483,0.7307488754278889,2.0,1.0,-0.9916745340754679,0.1287696333232474,0.9459459459459459,7.0,-0.6412832630166057,341.44766934556554,0.0,0.0
evt_pay_000940_0,cust_028,pay_000940,2026-05-21T18:45:34.838407+00:00,243024,PAYMENT_LINK,0.03333333333333333,1,0.3745173745173745,0.9390212864652767,0.17855120613920236,0.0,1.0,-0.9802878679223344,0.19757453278265397,0.9459459459459459,4.0,0.3910481863531735,322.108929776858,0.0,1.0
evt_pay_005161_0,cust_013,pay_005161,2026-05-21T19:37:30.237673+00:00,179640,WHATSAPP_NUDGE,0.8333333333333334,0,0.2943396226415094,0.777822214903305,0.12805542244439147,0.0,1.0,-0.9108566915274082,0.41272277317800615,0.7647058823529411,18.0,-0.5595801808996762,322.4199816032756,0.0,0.0
evt_pay_008403_0,cust_029,pay_008403,2026-05-21T19:37:51.808564+00:00,48881,RETRY_NOW,0.8333333333333334,1,0.38961038961038963,0.2878537563699221,0.2644307007116281,0.0,1.0,-0.9102081413528403,0.4141511069827144,0.9210526315789473,8.0,-0.8256115037842402,324.831247716385,1.0,0.0
evt_pay_002314_2,cust_041,pay_002314,2026-05-21T19:59:06.280705+00:00,212622,WHATSAPP_NUDGE,0.03333333333333333,0,0.45849802371541504,0.9166666666666666,-0.5485296986872827,2.0,1.0,-0.8679720791405452,0.49661299805023135,0.8974358974358975,5.0,0.3693318557794774,350.12254464906,1.0,0.0
evt_pay_004022_0,cust_044,pay_004022,2026-05-21T19:59:26.717476+00:00,276895,WHATSAPP_NUDGE,0.03333333333333333,0,0.4251968503937008,2.184196066032333,0.628657129044143,0.0,1.0,-0.867233052659099,0.4979024325865264,0.9090909090909091,2.0,-0.8459251821363672,341.6768727363337,1.0,0.0
evt_pay_003673_0,cust_056,pay_003673,2026-05-21T20:09:09.573777+00:00,162377,WHATSAPP_NUDGE,0.8333333333333334,0,0.2847457627118644,0.8376239994742036,0.05441740936253042,0.0,1.0,-0.8453561011384073,0.5342032031615599,0.8,8.0,-0.26273729270347856,332.7951408094791,0.0,0.0
evt_pay_003828_0,cust_040,pay_003828,2026-05-21T20:09:26.268034+00:00,270398,RETRY_LATER,0.8333333333333334,1,0.46320346320346323,0.20120743407733244,0.6959427567526296,0.0,1.0,-0.8447069339144173,0.53522910589476,0.8974358974358975,9.0,-0.492492512121923,339.96913147355804,0.0,1.0
evt_pay_007571_1,cust_011,pay_007571,2026-05-21T20:09:53.144217+00:00,57724,WHATSAPP_NUDGE,0.8333333333333334,0,0.45934959349593496,0.08333333333333333,-0.07482204317192266,1.0,1.0,-0.8436592206406062,0.5368790547489118,0.9130434782608696,5.0,-0.306212897974724,325.55956693616207,0.0,0.0
evt_pay_001154_0,cust_011,pay_001154,2026-05-21T20:10:26.000198+00:00,52210,RETRY_NOW,0.8333333333333334,0,0.4574898785425101,0.0003802775610211029,-0.34059868890353856,0.0,1.0,-0.842374019307852,0.5388933211639708,0.9166666666666666,6.0,-0.306212897974724,325.5599472137231,1.0,0.0
evt_pay_003403_0,cust_030,pay_003403,2026-05-21T20:40:36.456503+00:00,168148,WHATSAPP_NUDGE,0.8333333333333334,0,0.3732394366197183,1.1472059083089334,-0.07921007285914777,0.0,1.0,-0.7643375997282594,0.6448162789831249,0.92,4.0,1.7722569671050512,321.8057276346678,0.0,0.0
evt_pay_005649_0,cust_038,pay_005649,2026-05-21T20:47:00.397718+00:00,39015,RETRY_LATER,0.8333333333333334,0,0.5892857142857143,0.3268792898026997,-0.35652056138040045,0.0,1.0,-0.7460381155446857,0.665903243838423,0.8076923076923077,7.0,2.4957647172129915,348.8228839795456,0.0,1.0
evt_pay_001962_0,cust_053,pay_001962,2026-05-21T20:50:14.335147+00:00,352325,WHATSAPP_NUDGE,0.8333333333333334,0,0.38162544169611307,0.8723819005059378,0.288101702630331,0.0,1.0,-0.736572646163844,0.6763584381991494,0.7777777777777778,13.0,-0.06914381847567465,321.85258004681174,0.0,0.0
evt_pay_000298_0,cust_037,pay_000298,2026-05-21T20:57:21.685521+00:00,214948,PAYMENT_LINK,0.03333333333333333,0,0.4222222222222222,2.5358838987207455,0.9912458634829634,0.0,1.0,-0.7152006267144975,0.6989192110302807,0.9230769230769231,4.0,-0.33341852366871827,328.5030311807828,0.0,1.0
evt_pay_008479_0,cust_029,pay_008479,2026-05-21T21:14:11.443733+00:00,36268,RETRY_NOW,0.8333333333333334,0,0.39158576051779936,0.3547476819358053,-0.541087600911104,0.0,1.0,-0.6619965290742873,0.7495069015650199,0.868421052631579,8.0,-0.8256115037842402,324.8981416419509,1.0,0.0
evt_pay_006159_0,cust_026,pay_006159,2026-05-21T21:34:48.693198+00:00,237908,RETRY_NOW,0.8333333333333334,1,0.42857142857142855,0.436093253350388,0.12977225110124227,0.0,1.0,-0.5919725505819057,0.8059581250645428,0.9259259259259259,10.0,1.9048100532514713,338.45241175273185,1.0,0.0
evt_pay_000475_0,cust_053,pay_000475,2026-05-21T21:39:56.086286+00:00,352539,RETRY_NOW,0.03333333333333333,0,0.38028169014084506,0.034511008553503565,0.29001241523354565,0.0,1.0,-0.573809554709816,0.8189887636126169,0.7777777777777778,14.0,-0.06914381847567465,321.88709105536526,0.0,1.0
evt_pay_002158_0,cust_051,pay_002158,2026-05-21T21:58:59.598549+00:00,563179,RETRY_NOW,0.8333333333333334,0,0.468,0.754621064114076,-0.21544156315343524,0.0,1.0,-0.5037991959088046,0.8638207975046919,0.8571428571428572,15.0,-1.013594580420746,329.71087764128384,1.0,0.0
evt_pay_004022_1,cust_044,pay_004022,2026-05-21T21:59:26.717476+00:00,230101,WHATSAPP_NUDGE,0.8333333333333334,0,0.4235294117647059,0.08333333333333333,0.03957388963120869,1.0,1.0,-0.5020946383110441,0.8648126815555504,0.9259259259259259,3.0,-0.8459251821363672,341.760206069667,1.0,0.0
evt_pay_001154_1,cust_011,pay_001154,2026-05-21T22:10:26.000198+00:00,55953,WHATSAPP_NUDGE,0.8333333333333334,0,0.45564516129032256,0.08333333333333333,-0.16018810155619412,1.0,1.0,-0.4600706396266182,0.8878823157116907,0.9285714285714286,6.0,-0.306212897974724,325.6432805470564,0.0,0.0
evt_pay_001633_0,cust_000,pay_001633,2026-05-21T22:19:37.425055+00:00,138207,WHATSAPP_NUDGE,0.8333333333333334,0,0.3724696356275304,2.9217125724964035,0.24469055502946171,0.0,1.0,-0.4241055737201417,0.9056127551771284,0.75,2.0,0.8132490481077264,340.58550281232425,0.0,0.0
evt_pay_001791_0,cust_019,pay_001791,2026-05-21T22:22:14.742729+00:00,115265,RETRY_LATER,0.8333333333333334,0,0.4578313253012048,0.406331665467917,-0.10527771606043884,0.0,1.0,-0.41371741546685015,0.9104053493578724,0.875,4.0,-0.5137657855739247,327.3413678227202,0.0,1.0
evt_pay_003403_1,cust_030,pay_003403,2026-05-21T22:40:36.456503+00:00,159157,PAYMENT_LINK,0.03333333333333333,1,0.3719298245614035,0.08333333333333333,-0.22774354514665726,1.0,1.0,-0.33952763894073096,0.94059607823727,0.9310344827586207,5.0,1.7722569671050512,321.8890609680011,0.0,0.0
evt_pay_001962_1,cust_053,pay_001962,2026-05-21T22:50:14.335147+00:00,273872,RETRY_NOW,0.03333333333333333,1,0.37894736842105264,0.048822324779829764,-0.412255425617947,1.0,1.0,-0.2997114042110413,0.9540299126263525,0.7777777777777778,14.0,-0.06914381847567465,321.9359133801451,0.0,1.0
evt_pay_007209_2,cust_016,pay_007209,2026-05-21T22:53:05.782032+00:00,130063,RETRY_NOW,0.03333333333333333,0,0.367816091954023,0.40062678287716835,0.3355795047614688,2.0,1.0,-0.28779360185466113,0.9576924572802695,0.9,4.0,-0.5381138706705891,343.733184390182,0.0,0.0
evt_pay_006775_0,cust_052,pay_006775,2026-05-21T22:54:52.537066+00:00,126625,RETRY_LATER,0.8333333333333334,0,0.4409090909090909,0.33614696089898644,-0.37512448540106635,0.0,1.0,-0.2803500109273516,0.9598978442381427,0.7777777777777778,6.0,-1.0656726581061444,350.82956715605377,0.0,1.0
evt_pay_001216_2,cust_008,pay_001216,2026-05-21T23:07:28.219438+00:00,245020,ESCALATE_HUMAN,0.8333333333333334,0,0.40711462450592883,0.357316780254223,0.4265548142863669,2.0,1.0,-0.22720236468274166,0.9738475678886149,0.9,6.0,0.4190160498383978,337.4277803097796,0.0,1.0
evt_pay_006199_2,cust_023,pay_006199,2026-05-21T23:09:52.004988+00:00,99253,RETRY_NOW,0.03333333333333333,0,0.42916666666666664,0.9166666666666666,0.5141379275300927,2.0,1.0,-0.21700720920782102,0.976170001153402,0.8,6.0,0.9385908116339667,345.21745027017823,0.0,1.0
evt_pay_008479_1,cust_029,pay_008479,2026-05-21T23:14:11.443733+00:00,48621,WHATSAPP_NUDGE,0.8333333333333334,0,0.3903225806451613,0.08333333333333333,0.2477792670822591,1.0,1.0,-0.19855236061294718,0.9800902816042133,0.8648648648648649,8.0,-0.8256115037842402,324.98147497528424,1.0,0.0
evt_pay_006773_0,cust_016,pay_006773,2026-05-21T23:17:03.761999+00:00,84638,RETRY_LATER,0.8333333333333334,0,0.366412213740458,0.01664328665310677,-0.7794889848942941,0.0,1.0,-0.18625524995314774,0.9825013902610471,0.9,4.0,-0.5381138706705891,343.7498276768351,0.0,1.0
evt_pay_006187_2,cust_006,pay_006187,2026-05-21T23:40:20.051236+00:00,115894,ESCALATE_HUMAN,0.8333333333333334,0,0.4753521126760563,0.6207300827490485,-0.31263320025735436,2.0,1.0,-0.08570303237119853,0.9963207265947955,0.7916666666666666,7.0,-0.3286363658753921,343.634743830218,1.0,0.0
evt_pay_002158_1,cust_051,pay_002158,2026-05-21T23:58:59.598549+00:00,701255,PAYMENT_LINK,0.8333333333333334,0,0.46613545816733065,0.08333333333333333,0.43223042719608856,1.0,1.0,-0.004392503310851873,0.999990352910799,0.8888888888888888,15.0,-1.013594580420746,329.7942109746172,1.0,0.0
evt_pay_001791_1,cust_019,pay_001791,2026-05-22T00:22:14.742729+00:00,124838,WHATSAPP_NUDGE,0.8333333333333334,1,0.456,0.08333333333333333,0.12326263566485873,1.0,1.0,0.09691288289660321,0.9952928680185894,0.9,4.0,-0.5137657855739247,327.4247011560535,0.0,0.0
evt_pay_002454_0,cust_047,pay_002454,2026-05-22T00:25:07.992397+00:00,96678,RETRY_LATER,0.8333333333333334,1,0.4831932773109244,0.7396885717350491,-0.3698880637681886,0.0,1.0,0.10944462534628105,0.9939928943321538,0.7727272727272727,10.0,1.898235005697721,324.03368825344944,0.0,1.0
evt_pay_006775_1,cust_052,pay_006775,2026-05-22T00:54:52.537066+00:00,130701,WHATSAPP_NUDGE,0.8333333333333334,0,0.43891402714932126,0.08333333333333333,-0.29523157753367174,1.0,1.0,0.2371586907047401,0.9714709236118255,0.8,6.0,-1.0656726581061444,350.9129004893871,0.0,0.0
evt_pay_001927_2,cust_032,pay_001927,2026-05-22T01:01:31.675569+00:00,290305,ESCALATE_HUMAN,0.8333333333333334,0,0.3013698630136986,0.9166666666666666,-0.3025623474914319,2.0,1.0,0.2652529141742527,0.964178869049756,0.8648648648648649,8.0,0.2905055503479753,346.5060837038389,0.0,0.0
evt_pay_002027_0,cust_013,pay_002027,2026-05-22T01:05:10.737293+00:00,187633,RETRY_NOW,0.8333333333333334,0,0.2932330827067669,0.22755207893906496,0.260880765853146,0.0,1.0,0.28057857206467013,0.9598310606029327,0.6923076923076923,19.0,-0.5595801808996762,322.6475336822146,1.0,0.0
evt_pay_008527_0,cust_044,pay_008527,2026-05-22T01:54:25.747140+00:00,212772,DO_NOTHING,0.03333333333333333,0,0.421875,0.16318321370764957,-0.178576749472616,0.0,1.0,0.4788034067397742,0.8779221478550284,0.8888888888888888,4.0,-0.8459251821363672,341.92338928337466,0.0,1.0
evt_pay_004621_0,cust_036,pay_004621,2026-05-22T01:56:02.677408+00:00,352640,RETRY_LATER,0.8333333333333334,0,0.4785992217898833,3.17138325521978,0.11459724309799268,0.0,1.0,0.4849799053093415,0.8745252949149854,0.8,6.0,-0.5882553306323993,332.5219692258981,0.0,1.0
evt_pay_006006_0,cust_002,pay_006006,2026-05-22T02:17:16.849983+00:00,259279,RETRY_NOW,0.8333333333333334,0,0.32075471698113206,0.6289841232019929,-0.4468742612026683,0.0,1.0,0.5638173793227729,0.8258994870888349,0.8648648648648649,7.0,-0.38277421977533765,330.17787931646603,1.0,0.0
evt_pay_004879_0,cust_058,pay_004879,2026-05-22T02:39:22.282491+00:00,268592,WHATSAPP_NUDGE,0.8333333333333334,0,0.46062992125984253,0.8477334478907513,0.3070344131230861,0.0,1.0,0.6406840150916366,0.7678046579736669,0.75,8.0,4.286983765334936,340.0747871614233,0.0,0.0
evt_pay_002408_0,cust_054,pay_002408,2026-05-22T02:45:14.442235+00:00,105246,RETRY_NOW,0.03333333333333333,0,0.4068965517241379,0.8232459266760088,0.18423459681083418,0.0,1.0,0.6601350852979198,0.751146902515552,0.75,9.0,-0.6956354929968003,337.5713318348547,0.0,0.0
evt_pay_003113_0,cust_002,pay_003113,2026-05-22T02:47:12.885177+00:00,307563,WHATSAPP_NUDGE,0.8333333333333334,1,0.31954887218045114,0.020787444380459874,0.0019843018141303646,0.0,1.0,0.6665804565747545,0.7454330921770187,0.868421052631579,7.0,-0.38277421977533765,330.1986667608465,0.0,0.0
evt_pay_004926_0,cust_040,pay_004926,2026-05-22T02:55:33.277541+00:00,197034,WHATSAPP_NUDGE,0.8333333333333334,1,0.46551724137931033,0.4832330070714382,-0.2680761708432253,0.0,1.0,0.6932591579637742,0.7206883791898956,0.8461538461538461,9.0,-0.492492512121923,340.2511570465522,0.0,0.0
evt_pay_003661_0,cust_039,pay_003661,2026-05-22T03:02:30.570697+00:00,233042,RETRY_LATER,0.8333333333333334,0,0.4939271255060729,1.5568532188049555,-0.21263612492620107,0.0,1.0,0.7148069213780173,0.6993218609124707,0.8,5.0,-0.6642333856639545,322.5285021022491,0.0,1.0
evt_pay_002027_1,cust_013,pay_002027,2026-05-22T03:05:10.737293+00:00,133553,WHATSAPP_NUDGE,0.8333333333333334,0,0.29213483146067415,0.08333333333333333,-0.6377929018771066,1.0,1.0,0.7229037014670335,0.6909487957911657,0.7692307692307692,17.0,-0.5595801808996762,322.730867015548,0.0,0.0
evt_pay_002700_2,cust_027,pay_002700,2026-05-22T03:19:07.389049+00:00,113085,ESCALATE_HUMAN,0.8333333333333334,0,0.25732899022801303,0.749427036217393,1.2008180140205558,2.0,1.0,0.7635795522331436,0.6457137658525115,0.8205128205128205,11.0,-0.8172299270627982,324.2801934812434,0.0,0.0
evt_pay_000434_0,cust_047,pay_000434,2026-05-22T03:21:00.187619+00:00,94226,WHATSAPP_NUDGE,0.8333333333333334,1,0.48535564853556484,0.8618204608823703,-0.4329882814114754,0.0,1.0,0.7688505565476619,0.6394285117949859,0.7619047619047619,10.0,1.898235005697721,324.1558201425967,0.0,0.0
evt_pay_004621_1,cust_036,pay_004621,2026-05-22T03:56:02.677408+00:00,456417,WHATSAPP_NUDGE,0.8333333333333334,0,0.47674418604651164,0.08333333333333333,0.9891379421937437,1.0,1.0,0.8572675657803539,0.5148711689937848,0.8,6.0,-0.5882553306323993,332.6053025592314,0.0,0.0
evt_pay_002868_2,cust_043,pay_002868,2026-05-22T04:06:41.836087+00:00,163168,ESCALATE_HUMAN,0.8333333333333334,0,0.2480916030534351,0.6889430070704444,0.37444977286707615,2.0,1.0,0.880264753894395,0.47448283746753184,0.8205128205128205,8.0,-0.05414349663535748,336.81357305888037,0.0,1.0
evt_pay_006006_1,cust_002,pay_006006,2026-05-22T04:17:16.849983+00:00,288424,WHATSAPP_NUDGE,0.8333333333333334,0,0.32209737827715357,0.08333333333333333,-0.17593837206869128,1.0,1.0,0.9012299171331057,0.43334124713008254,0.8157894736842105,8.0,-0.38277421977533765,330.26121264979935,0.0,1.0
evt_pay_001998_0,cust_053,pay_001998,2026-05-22T04:29:38.562668+00:00,277753,DO_NOTHING,0.03333333333333333,0,0.3811188811188811,0.2845194025766773,-0.377607000088328,0.0,1.0,0.923281819318647,0.3841232642208089,0.7857142857142857,13.0,-0.06914381847567465,322.17161045794194,0.0,1.0
evt_pay_004879_1,cust_058,pay_004879,2026-05-22T04:39:22.282491+00:00,207717,WHATSAPP_NUDGE,0.8333333333333334,0,0.4588235294117647,0.08333333333333333,-0.41011789505529184,1.0,1.0,0.9387509618548033,0.34459633140339946,0.7142857142857143,9.0,4.286983765334936,340.1581204947566,0.0,1.0
evt_pay_000148_0,cust_056,pay_000148,2026-05-22T04:56:50.237761+00:00,179836,ESCALATE_HUMAN,0.03333333333333333,0,0.28378378378378377,0.3664428701801323,0.36746779911900207,0.0,1.0,0.9622622901937805,0.2721236573159721,0.7272727272727273,9.0,-0.26273729270347856,333.16158367965926,0.0,1.0
evt_pay_003661_1,cust_039,pay_003661,2026-05-22T05:02:30.570697+00:00,279201,WHATSAPP_NUDGE,0.8333333333333334,0,0.49193548387096775,0.08333333333333333,0.3111712507335678,1.0,1.0,0.9687018831705443,0.24822703628299894,0.9,5.0,-0.6642333856639545,322.61183543558246,0.0,0.0
evt_pay_006570_0,cust_055,pay_006570,2026-05-22T06:01:06.017657+00:00,278970,RETRY_NOW,0.8333333333333334,0,0.3289036544850498,1.0368880463851156,-0.3053686108503867,0.0,1.0,0.9999884755120712,-0.004800921062025606,0.8055555555555556,9.0,-1.0480965437343166,348.19977783490225,1.0,0.0
evt_pay_000813_0,cust_059,pay_000813,2026-05-22T06:03:12.353001+00:00,157222,RETRY_NOW,0.8333333333333334,0,0.3654618473895582,1.5294587453594772,-0.1408563243785895,0.0,1.0,0.9999021652574858,-0.013987848776407344,0.8,8.0,-0.38878117849020055,333.8728182675206,1.0,0.0
evt_pay_007705_0,cust_056,pay_007705,2026-05-22T06:23:04.763537+00:00,170575,ESCALATE_HUMAN,0.03333333333333333,0,0.2828282828282828,0.059890344626542934,0.20140579998469307,0.0,1.0,0.9949337519896434,-0.10053272676999593,0.7619047619047619,9.0,-0.26273729270347856,333.2214740242858,0.0,0.0
evt_pay_008411_0,cust_032,pay_008411,2026-05-22T06:26:55.850124+00:00,326267,WHATSAPP_NUDGE,0.8333333333333334,0,0.3003412969283277,0.22597424253340628,0.01388714235732246,0.0,1.0,0.9931038830528307,-0.11723769643501852,0.7941176470588236,7.0,0.2905055503479753,346.7320579463724,0.0,0.0
evt_pay_003907_0,cust_035,pay_003907,2026-05-22T06:37:27.674761+00:00,49814,RETRY_NOW,0.8333333333333334,1,0.3310104529616725,2.9940994152033036,0.3892176091839668,0.0,1.0,0.9866708629777623,-0.162728633469091,0.9090909090909091,3.0,0.5026080740568922,325.2117486721574,1.0,0.0
evt_pay_005714_2,cust_006,pay_005714,2026-05-22T06:46:28.972086+00:00,137833,ESCALATE_HUMAN,0.8333333333333334,1,0.47368421052631576,0.2959365839176182,0.16905999405521108,2.0,1.0,0.9795024797505754,-0.20143210310790519,0.75,7.0,-0.3286363658753921,343.9306804141356,0.0,1.0
evt_pay_000794_2,cust_012,pay_000794,2026-05-22T06:57:37.016978+00:00,603583,PAYMENT_LINK,0.8333333333333334,0,0.46215139442231074,0.9166666666666666,0.3270135081765969,2.0,1.0,0.9685647661820558,-0.24876151975476343,0.8181818181818181,13.0,-0.5006574979571285,331.4960987059564,0.0,0.0
evt_pay_005149_0,cust_007,pay_005149,2026-05-22T07:11:37.731859+00:00,200423,RETRY_NOW,0.8333333333333334,0,0.43333333333333335,0.5530129587999871,-1.0371780938571404,0.0,1.0,0.9515556865081055,-0.30747646328473327,0.8846153846153846,4.0,-0.46533070623945577,350.39804884741625,1.0,0.0
evt_pay_005954_0,cust_013,pay_005954,2026-05-22T07:19:43.221816+00:00,166942,WHATSAPP_NUDGE,0.8333333333333334,0,0.291044776119403,0.17676486716554032,-0.08294881800489981,0.0,1.0,0.9401092350024928,-0.3408733287645543,0.8,17.0,-0.5595801808996762,322.9076318827135,0.0,0.0
evt_pay_007264_0,cust_050,pay_007264,2026-05-22T07:26:29.633934+00:00,102147,WHATSAPP_NUDGE,0.03333333333333333,1,0.4187725631768953,2.516887289053822,-0.35469008099251126,0.0,1.0,0.9296255830877764,-0.3685054616538426,0.8181818181818181,6.0,-0.900782201038446,349.0249155474931,1.0,0.0
evt_pay_000175_0,cust_035,pay_000175,2026-05-22T07:30:58.183075+00:00,42873,WHATSAPP_NUDGE,0.8333333333333334,1,0.3333333333333333,3.0312580762509547,-0.06308188087632001,0.0,1.0,0.9222520599266595,-0.38658910740091135,0.8333333333333334,3.0,0.5026080740568922,325.248907333205,0.0,0.0
evt_pay_001494_0,cust_035,pay_001494,2026-05-22T08:01:26.231646+00:00,46445,RETRY_NOW,0.8333333333333334,0,0.3356401384083045,3.0524160458199767,0.1696461488560169,0.0,1.0,0.8628729251522921,-0.5054209285725383,0.7692307692307692,4.0,0.5026080740568922,325.27006530277407,1.0,0.0
evt_pay_006941_0,cust_001,pay_006941,2026-05-22T08:02:00.994705+00:00,681369,RETRY_LATER,0.8333333333333334,0,0.29721362229102166,1.4569738028180836,0.8344590872582616,0.0,1.0,0.8615924443813625,-0.5076006893070071,0.9,5.0,0.16534712408787333,333.8878358484536,0.0,1.0
evt_pay_000813_1,cust_059,pay_000813,2026-05-22T08:03:12.353001+00:00,199778,WHATSAPP_NUDGE,0.8333333333333334,0,0.364,0.08333333333333333,0.5943851860410366,1.0,1.0,0.8589467520238449,-0.5120649150134068,0.75,8.0,-0.38878117849020055,333.9561516008539,0.0,0.0
evt_pay_008411_1,cust_032,pay_008411,2026-05-22T08:26:55.850124+00:00,330347,WHATSAPP_NUDGE,0.8333333333333334,0,0.29931972789115646,0.08333333333333333,0.04979090623129114,1.0,1.0,0.8014343431032125,-0.5980827649203095,0.7941176470588236,8.0,0.2905055503479753,346.8153912797057,0.0,1.0
evt_pay_003178_2,cust_005,pay_003178,2026-05-22T08:40:56.165053+00:00,133161,WHATSAPP_NUDGE,0.03333333333333333,0,0.30566037735849055,0.5912097809167184,0.04942093466218521,2.0,1.0,0.7634126345292999,-0.6459111002615093,0.8,7.0,-0.6412832630166057,342.03887912648224,0.0,0.0
evt_pay_002994_0,cust_015,pay_002994,2026-05-22T08:57:37.823525+00:00,126857,ESCALATE_HUMAN,0.03333333333333333,0,0.39920948616600793,1.5411413053527856,0.2164346575981247,0.0,1.0,0.7143798906632354,-0.6997580809222455,0.6842105263157895,3.0,1.245182551392603,338.78949780153783,0.0,0.0
evt_pay_002355_0,cust_000,pay_002355,2026-05-22T08:57:44.233177+00:00,153476,RETRY_NOW,0.8333333333333334,0,0.3709677419354839,0.4431343532625647,0.5873970253693094,0.0,1.0,0.7140536396973207,-0.7000909938250948,0.75,3.0,0.8132490481077264,341.0286371655869,1.0,0.0
evt_pay_005954_1,cust_013,pay_005954,2026-05-22T09:19:43.221816+00:00,181151,WHATSAPP_NUDGE,0.8333333333333334,0,0.2899628252788104,0.08333333333333333,0.15316225584215287,1.0,1.0,0.6437218154622365,-0.7652595796839151,0.9090909090909091,18.0,-0.5595801808996762,322.99096521604685,1.0,0.0
evt_pay_006906_0,cust_012,pay_006906,2026-05-22T09:30:39.182332+00:00,565493,PAYMENT_LINK,0.8333333333333334,0,0.4603174603174603,0.10627506196823333,0.1260720025686281,0.0,1.0,0.6064983641655713,-0.7950847340154922,0.7692307692307692,14.0,-0.5006574979571285,331.60237376792463,0.0,0.0
evt_pay_008286_2,cust_043,pay_008286,2026-05-22T09:34:37.160277+00:00,153531,ESCALATE_HUMAN,0.8333333333333334,0,0.24714828897338403,0.2277236595962222,0.18357912602720686,2.0,1.0,0.5926482975323243,-0.8054613556416209,0.7941176470588236,7.0,-0.05414349663535748,337.0412967184766,0.0,0.0
evt_pay_006201_0,cust_031,pay_006201,2026-05-22T10:18:59.975387+00:00,55430,WHATSAPP_NUDGE,0.8333333333333334,0,0.328,1.1414381390461017,0.08766722434196866,0.0,1.0,0.4265703588227709,-0.9044543819197365,0.9166666666666666,0.0,-0.07508066613848166,344.7653545415369,0.0,0.0
evt_pay_005108_0,cust_038,pay_005108,2026-05-22T10:23:04.131610+00:00,50704,WHATSAPP_NUDGE,0.8333333333333334,0,0.5866666666666667,0.5667098830052169,0.39268841652839087,0.0,1.0,0.4104448868504814,-0.9118854066483878,0.6666666666666667,7.0,2.4957647172129915,349.38959386255084,0.0,0.0
evt_pay_000104_0,cust_031,pay_000104,2026-05-22T10:26:41.949198+00:00,57164,RETRY_LATER,0.8333333333333334,0,0.32669322709163345,0.005346919115803909,0.1797930377774557,0.0,1.0,0.3959496052129613,-0.9182722418388243,0.9230769230769231,1.0,-0.07508066613848166,344.7707014606527,0.0,1.0
evt_pay_000865_2,cust_019,pay_000865,2026-05-22T10:37:07.686832+00:00,127870,ESCALATE_HUMAN,0.8333333333333334,0,0.4581673306772908,0.5103350011987496,0.195656191199769,2.0,1.0,0.35376824000036167,-0.935333113049595,0.7857142857142857,5.0,-0.5137657855739247,327.8517028239189,0.0,0.0
evt_pay_007167_0,cust_023,pay_007167,2026-05-22T11:11:45.624200+00:00,77542,RETRY_NOW,0.8333333333333334,0,0.42738589211618255,0.5013150371815035,-0.2232973917775656,0.0,1.0,0.20893416936629564,-0.9779297075307694,0.7857142857142857,6.0,0.9385908116339667,345.7187653073597,1.0,0.0
evt_pay_006786_2,cust_016,pay_006786,2026-05-22T11:16:11.627992+00:00,139991,ESCALATE_HUMAN,0.8333333333333334,0,0.3650190114068441,0.49939659713639156,0.5792790494792482,2.0,1.0,0.18997885209207274,-0.9817881827348394,0.88,3.0,-0.5381138706705891,344.2492242739715,0.0,0.0
evt_pay_006390_0,cust_044,pay_006390,2026-05-22T12:12:24.224473+00:00,212843,ESCALATE_HUMAN,0.03333333333333333,0,0.42023346303501946,0.4291490431997431,-0.17769208987775859,0.0,1.0,-0.05409511319244051,-0.998535787405087,0.88,4.0,-0.8459251821363672,342.3525383265744,0.0,1.0
evt_pay_005108_1,cust_038,pay_005108,2026-05-22T12:23:04.131610+00:00,45156,RETRY_LATER,0.03333333333333333,0,0.584070796460177,0.08333333333333333,0.037124760708810815,1.0,1.0,-0.10048700445824733,-0.9949383709230478,0.6666666666666667,8.0,2.4957647172129915,349.4729271958842,0.0,1.0
evt_pay_000104_1,cust_031,pay_000104,2026-05-22T12:26:41.949198+00:00,53055,WHATSAPP_NUDGE,0.8333333333333334,0,0.3253968253968254,0.08333333333333333,-0.03849145824516673,1.0,1.0,-0.11623370418656807,-0.9932218916289901,0.9285714285714286,1.0,-0.07508066613848166,344.85403479398605,0.0,1.0
evt_pay_007052_0,cust_027,pay_007052,2026-05-22T12:33:27.660547+00:00,73520,RETRY_NOW,0.8333333333333334,0,0.2564935064935065,0.3849568460368573,-0.21892832509439675,0.0,1.0,-0.14548304549037985,-0.9893607448624814,0.7666666666666666,11.0,-0.8172299270627982,324.66515032728023,1.0,0.0
evt_pay_004226_2,cust_020,pay_004226,2026-05-22T12:41:34.469172+00:00,60700,ESCALATE_HUMAN,0.8333333333333334,0,0.34448160535117056,0.8377728513843294,-0.02716640981772268,2.0,1.0,-0.1804096480927204,-0.9835915610023608,0.88,5.0,0.06752823759169156,336.76729145276767,1.0,0.0
evt_pay_001975_0,cust_050,pay_001975,2026-05-22T12:48:57.933556+00:00,99718,RETRY_LATER,0.8333333333333334,0,0.420863309352518,2.7408259420917793,-0.41419275020498153,0.0,1.0,-0.21203081536423965,-0.9772629806433761,0.8,6.0,-0.900782201038446,349.24885420053107,0.0,1.0
evt_pay_004380_2,cust_052,pay_004380,2026-05-22T12:50:49.439644+00:00,151055,PAYMENT_LINK,0.03333333333333333,0,0.4369369369369369,0.4971863724343469,0.10374193735182978,2.0,1.0,-0.21994833565857358,-0.9755115220442163,0.8125,7.0,-1.0656726581061444,351.4100868618214,0.0,0.0
evt_pay_001534_2,cust_017,pay_001534,2026-05-22T13:09:01.655358+00:00,502485,PAYMENT_LINK,0.8333333333333334,0,0.31620553359683795,0.9166666666666666,-0.0519638006096557,2.0,1.0,-0.2966565391326594,-0.9549842395504927,0.7586206896551724,7.0,0.5027156808516637,345.1095443790223,1.0,0.0
evt_pay_007167_1,cust_023,pay_007167,2026-05-22T13:11:45.624200+00:00,59509,WHATSAPP_NUDGE,0.8333333333333334,0,0.4256198347107438,0.08333333333333333,-0.835809892391435,1.0,1.0,-0.30802255537557205,-0.9513790545202804,0.8125,6.0,0.9385908116339667,345.80209864069303,0.0,0.0
evt_pay_002821_0,cust_046,pay_002821,2026-05-22T13:30:51.931091+00:00,103780,RETRY_LATER,0.8333333333333334,0,0.42592592592592593,1.2879242534440511,-0.07100004993542719,0.0,1.0,-0.38616975899647327,-0.9224277300887077,0.6875,0.0,-0.9687765812058661,345.583469882906,0.0,1.0
evt_pay_003843_0,cust_052,pay_003843,2026-05-22T13:53:19.681473+00:00,195590,DO_NOTHING,0.03333333333333333,0,0.4349775784753363,0.04340557672344403,0.9766820631293369,0.0,1.0,-0.4745799807097553,-0.8802123845467799,0.875,8.0,-1.0656726581061444,351.45349243854486,1.0,0.0
evt_pay_004869_0,cust_032,pay_004869,2026-05-22T14:03:10.098678+00:00,287703,DO_NOTHING,0.03333333333333333,0,0.2983050847457627,0.23349824715243508,-0.32546535267962146,0.0,1.0,-0.5119240932499549,-0.8590306878978256,0.7857142857142857,9.0,0.2905055503479753,347.04888952685815,0.0,1.0
evt_pay_001195_0,cust_036,pay_001195,2026-05-22T14:38:32.525367+00:00,286436,WHATSAPP_NUDGE,0.8333333333333334,1,0.4749034749034749,0.44617879581320113,-0.44330985085029145,0.0,1.0,-0.6379015716718252,-0.770117903219121,0.75,7.0,-0.5882553306323993,333.05148135504464,0.0,0.0
evt_pay_000390_0,cust_042,pay_000390,2026-05-22T14:48:40.056135+00:00,282066,WHATSAPP_NUDGE,0.8333333333333334,0,0.4094488188976378,3.0392706424114713,0.610794852186195,0.0,1.0,-0.6712925187934679,-0.7411925216918487,0.8823529411764706,1.0,0.21388002896855346,348.5467154451201,0.0,0.0
evt_pay_004969_0,cust_014,pay_004969,2026-05-22T14:54:19.349668+00:00,79730,WHATSAPP_NUDGE,0.8333333333333334,0,0.2881944444444444,1.9608882089786448,0.5513724049075962,0.0,1.0,-0.689374602660597,-0.724405036707051,0.6875,5.0,-0.8122776257059364,346.37808003301706,0.0,0.0
evt_pay_000954_0,cust_016,pay_000954,2026-05-22T15:08:40.000274+00:00,131440,RETRY_NOW,0.8333333333333334,0,0.36363636363636365,0.16143949400285842,0.3693660124013476,0.0,1.0,-0.7333344709570291,-0.6798680413919853,0.8636363636363636,3.0,-0.5381138706705891,344.4106637679743,1.0,0.0
evt_pay_001574_2,cust_049,pay_001574,2026-05-22T15:17:04.088206+00:00,413619,ESCALATE_HUMAN,0.8333333333333334,0,0.3382352941176471,0.9166666666666666,0.6679363124794945,2.0,1.0,-0.7577590181704553,-0.6525344974645766,0.7692307692307692,5.0,0.2100296838614713,324.5177677291069,0.0,0.0
evt_pay_001096_0,cust_054,pay_001096,2026-05-22T16:02:40.960008+00:00,117797,RETRY_LATER,0.8333333333333334,0,0.4054982817869416,0.5537791408934444,0.5469269555514268,0.0,1.0,-0.8718186126024224,-0.4898288545196038,0.9285714285714286,9.0,-0.6956354929968003,338.12511097574816,0.0,1.0
evt_pay_000390_1,cust_042,pay_000390,2026-05-22T16:48:40.056135+00:00,225625,DO_NOTHING,0.03333333333333333,0,0.40784313725490196,0.08333333333333333,-0.08313128280814372,1.0,1.0,-0.9519526354915103,-0.3062452934834553,0.9375,2.0,0.21388002896855346,348.6300487784535,1.0,0.0
evt_pay_003895_0,cust_018,pay_003895,2026-05-22T16:48:58.234121+00:00,128508,RETRY_LATER,0.8333333333333334,0,0.2916666666666667,4.913520085402941,-0.32370648878931,0.0,1.0,-0.952356641621223,-0.30498660160725993,0.7916666666666666,1.0,-0.4554811204429685,327.32289279671437,0.0,1.0
evt_pay_000954_1,cust_016,pay_000954,2026-05-22T17:08:40.000274+00:00,155712,WHATSAPP_NUDGE,0.8333333333333334,0,0.3622641509433962,0.08333333333333333,0.9651885870919089,1.0,1.0,-0.9750203020156014,-0.22211575958811514,0.8571428571428572,3.0,-0.5381138706705891,344.4939971013077,0.0,1.0
evt_pay_003190_0,cust_042,pay_003190,2026-05-22T17:31:27.838015+00:00,250049,RETRY_LATER,0.8333333333333334,0,0.40625,0.0297196976827081,0.21714865509575831,0.0,1.0,-0.9922583986533938,-0.12419045978577616,0.9411764705882353,2.0,0.21388002896855346,348.6597684761362,0.0,1.0
evt_pay_005050_0,cust_052,pay_005050,2026-05-22T17:43:35.796204+00:00,162171,RETRY_LATER,0.8333333333333334,0,0.4330357142857143,0.1599087353120391,0.32161770410432766,0.0,1.0,-0.9974397231974946,-0.07151222684062651,0.9444444444444444,8.0,-1.0656726581061444,351.61340117385697,0.0,1.0
evt_pay_004051_0,cust_041,pay_004051,2026-05-22T18:02:01.159080+00:00,301618,RETRY_LATER,0.8333333333333334,0,0.4566929133858268,0.9186907219309433,0.4177664708736457,0.0,1.0,-0.9999611839461343,0.008810822949375097,0.7916666666666666,4.0,0.3693318557794774,351.04123537099093,0.0,1.0
evt_pay_001096_1,cust_054,pay_001096,2026-05-22T18:02:40.960008+00:00,86350,WHATSAPP_NUDGE,0.8333333333333334,0,0.4041095890410959,0.08333333333333333,-0.36181990390708724,1.0,1.0,-0.9999314932656039,0.011705074780602613,0.9333333333333333,9.0,-0.6956354929968003,338.2084443090815,0.0,0.0
evt_pay_001783_0,cust_009,pay_001783,2026-05-22T18:03:21.961425+00:00,124410,RETRY_LATER,0.8333333333333334,0,0.3346613545816733,1.2812293510783093,0.1312769185828344,0.0,1.0,-0.999892147229947,0.014686521299680455,0.6923076923076923,2.0,-0.8984355580750027,324.3692087801283,0.0,1.0
evt_pay_007571_2,cust_011,pay_007571,2026-05-22T18:09:53.144217+00:00,56390,ESCALATE_HUMAN,0.8333333333333334,0,0.4538152610441767,0.8329530557723123,-0.13912910220435834,2.0,1.0,-0.9990698445862016,0.04312128985203075,0.8571428571428572,7.0,-0.306212897974724,326.4762336028287,0.0,0.0
evt_pay_007563_0,cust_013,pay_007563,2026-05-22T18:28:59.665818+00:00,158798,RETRY_LATER,0.8333333333333334,0,0.28888888888888886,0.3814403240886198,-0.21828303293913617,0.0,1.0,-0.9920080163271343,0.12617486097754954,0.9375,19.0,-0.5595801808996762,323.37240554013545,0.0,1.0
evt_pay_003895_1,cust_018,pay_003895,2026-05-22T18:48:58.234121+00:00,134306,WHATSAPP_NUDGE,0.8333333333333334,0,0.29056603773584905,0.08333333333333333,-0.2094077872286643,1.0,1.0,-0.9772583459104415,0.21205217600484078,0.8260869565217391,1.0,-0.4554811204429685,327.40622613004774,0.0,0.0
evt_pay_004401_0,cust_038,pay_004401,2026-05-22T18:51:55.147291+00:00,44742,PAYMENT_LINK,0.03333333333333333,0,0.5814977973568282,0.27003490372087907,0.010586308054002559,0.0,1.0,-0.9744493891020836,0.2246071861686,0.8,8.0,2.4957647172129915,349.7429620996051,0.0,1.0
evt_pay_005286_0,cust_024,pay_005286,2026-05-22T18:59:28.480235+00:00,96337,WHATSAPP_NUDGE,0.8333333333333334,0,0.24621212121212122,1.586664217824951,0.018955336598069902,0.0,1.0,-0.9665165485925146,0.25660428931881357,0.9411764705882353,3.0,-1.1653357768016162,337.449161248727,0.0,0.0
evt_pay_000736_0,cust_049,pay_000736,2026-05-22T19:09:00.329977+00:00,307019,RETRY_NOW,0.8333333333333334,0,0.336996336996337,0.16106761308132414,-0.24056761255850298,0.0,1.0,-0.9550128282020722,0.296564492091483,0.8333333333333334,5.0,0.2100296838614713,324.67883534218817,1.0,0.0
evt_pay_006196_0,cust_011,pay_006196,2026-05-22T19:18:43.696984+00:00,53687,RETRY_NOW,0.8333333333333334,0,0.452,0.04780732369300722,-0.2694276672979688,0.0,1.0,-0.9415759839715877,0.3368006330278141,0.9,7.0,-0.306212897974724,326.52404092652176,1.0,0.0
evt_pay_003190_1,cust_042,pay_003190,2026-05-22T19:31:27.838015+00:00,286041,RETRY_NOW,0.03333333333333333,0,0.4046692607003891,0.08333333333333333,0.6596697034047859,1.0,1.0,-0.9214162102451943,0.3885771062445445,0.9473684210526316,2.0,0.21388002896855346,348.7431018094696,0.0,0.0
evt_pay_001025_0,cust_032,pay_001025,2026-05-22T19:34:23.370712+00:00,392176,PAYMENT_LINK,0.03333333333333333,0,0.2972972972972973,0.23001472262321462,0.5938591717066948,0.0,1.0,-0.9163810498151775,0.400307096539186,0.84,9.0,0.2905055503479753,347.2789042494813,0.0,0.0
evt_pay_005050_1,cust_052,pay_005050,2026-05-22T19:43:35.796204+00:00,139992,WHATSAPP_NUDGE,0.8333333333333334,0,0.4311111111111111,0.08333333333333333,-0.11311333856251532,1.0,1.0,-0.8995642524530622,0.4367884564735696,0.95,8.0,-1.0656726581061444,351.6967345071903,1.0,0.0
evt_pay_001344_0,cust_013,pay_001344,2026-05-22T19:58:18.174140+00:00,185441,RETRY_LATER,0.8333333333333334,0,0.2878228782287823,0.062019772246875014,0.2244625840750842,0.0,1.0,-0.8697041190759528,0.4935734446486367,0.9411764705882353,19.0,-0.5595801808996762,323.4344253123823,0.0,1.0
evt_pay_004022_2,cust_044,pay_004022,2026-05-22T19:59:26.717476+00:00,239294,ESCALATE_HUMAN,0.8333333333333334,0,0.4186046511627907,0.32433440975927397,0.15530249201338872,2.0,1.0,-0.867233052659099,0.4979024325865264,0.9047619047619048,4.0,-0.8459251821363672,342.6768727363337,0.0,0.0
evt_pay_001783_1,cust_009,pay_001783,2026-05-22T20:03:21.961425+00:00,176457,WHATSAPP_NUDGE,0.8333333333333334,0,0.3333333333333333,0.08333333333333333,1.3814757597067633,1.0,1.0,-0.8585887398958643,0.5126649741537175,0.7142857142857143,2.0,-0.8984355580750027,324.4525421134616,0.0,1.0
evt_pay_001154_2,cust_011,pay_001154,2026-05-22T20:10:26.000198+00:00,71554,ESCALATE_HUMAN,0.8333333333333334,0,0.450199203187251,0.03590628720134722,0.5917860246659913,2.0,1.0,-0.842374019307852,0.5388933211639708,0.9,7.0,-0.306212897974724,326.5599472137231,0.0,1.0
evt_pay_007563_1,cust_013,pay_007563,2026-05-22T20:28:59.665818+00:00,163574,WHATSAPP_NUDGE,0.8333333333333334,0,0.2867647058823529,0.02131356108645832,-0.13892411280881073,1.0,1.0,-0.7960167124083316,0.6052746430890952,0.9444444444444444,19.0,-0.5595801808996762,323.45573887346876,0.0,1.0
evt_pay_000557_0,cust_041,pay_000557,2026-05-22T20:41:09.729925+00:00,201457,ESCALATE_HUMAN,0.03333333333333333,1,0.4549019607843137,0.11051586626350247,-0.6697565846717581,0.0,1.0,-0.762775094260431,0.6466638659891168,0.9130434782608696,4.0,0.3693318557794774,351.1517512372545,0.0,0.0
evt_pay_006309_0,cust_053,pay_006309,2026-05-22T20:51:23.830044+00:00,464119,WHATSAPP_NUDGE,0.8333333333333334,0,0.3797909407665505,0.6817739279570484,1.2860971348139267,0.0,1.0,-0.7331450662527926,0.6800722842677742,0.9444444444444444,13.0,-0.06914381847567465,322.853384385899,0.0,0.0
evt_pay_002662_0,cust_055,pay_002662,2026-05-22T20:51:39.234605+00:00,409599,RETRY_NOW,0.8333333333333334,0,0.32781456953642385,0.6184400109732829,0.8895107351193806,0.0,1.0,-0.7323827545068885,0.6808931640873646,0.875,9.0,-1.0480965437343166,348.81821784587555,1.0,0.0
evt_pay_004401_1,cust_038,pay_004401,2026-05-22T20:51:55.147291+00:00,40777,WHATSAPP_NUDGE,0.8333333333333334,0,0.5789473684210527,0.08333333333333333,-0.2435573504327356,1.0,1.0,-0.7315943325803312,0.6817402236455904,0.7857142857142857,9.0,2.4957647172129915,349.8262954329384,0.0,0.0
evt_pay_005286_1,cust_024,pay_005286,2026-05-22T20:59:28.480235+00:00,83726,WHATSAPP_NUDGE,0.8333333333333334,0,0.24528301886792453,0.08333333333333333,-0.357540782034453,1.0,1.0,-0.708725739599768,0.7054841075664013,0.9473684210526316,4.0,-1.1653357768016162,337.53249458206034,0.0,1.0
evt_pay_000736_1,cust_049,pay_000736,2026-05-22T21:09:00.329977+00:00,367428,WHATSAPP_NUDGE,0.8333333333333334,0,0.3357664233576642,0.08333333333333333,0.27427532170753893,1.0,1.0,-0.6787831241172766,0.7343387981126899,0.88,5.0,0.2100296838614713,324.76216867552154,1.0,0.0
evt_pay_008479_2,cust_029,pay_008479,2026-05-22T21:14:11.443733+00:00,34551,ESCALATE_HUMAN,0.8333333333333334,1,0.3890675241157556,0.9166666666666666,-0.650727708370385,2.0,1.0,-0.6619965290742873,0.7495069015650199,0.8846153846153846,8.0,-0.8256115037842402,325.8981416419509,1.0,0.0
evt_pay_006196_1,cust_011,pay_006196,2026-05-22T21:18:43.696984+00:00,63010,WHATSAPP_NUDGE,0.8333333333333334,0,0.44841269841269843,0.04742704613198612,0.17998862529434478,1.0,1.0,-0.6470284051988171,0.7624658961985613,0.8888888888888888,7.0,-0.306212897974724,326.6073742598551,0.0,0.0
evt_pay_001025_1,cust_032,pay_001025,2026-05-22T21:34:23.370712+00:00,339138,WHATSAPP_NUDGE,0.8333333333333334,0,0.2962962962962963,0.08333333333333333,0.12715044939383244,1.0,1.0,-0.5934557204170043,0.8048666398257132,0.8461538461538461,10.0,0.2905055503479753,347.36223758281466,1.0,0.0
evt_pay_004695_0,cust_048,pay_004695,2026-05-22T21:50:38.332652+00:00,189607,WHATSAPP_NUDGE,0.8333333333333334,0,0.2901023890784983,1.9258503975089714,-0.027927913754643655,0.0,1.0,-0.5349464612212207,0.8448859589476517,0.8518518518518519,4.0,-0.4506859321563252,332.9157928957366,0.0,0.0
evt_pay_001344_1,cust_013,pay_001344,2026-05-22T21:58:18.174140+00:00,141752,PAYMENT_LINK,0.03333333333333333,0,0.2857142857142857,0.062019772246875014,-0.501548971948779,1.0,1.0,-0.5063991385714229,0.8622992012370885,0.9473684210526316,20.0,-0.5595801808996762,323.5177586457157,0.0,0.0
evt_pay_002158_2,cust_051,pay_002158,2026-05-22T21:58:59.598549+00:00,717245,PAYMENT_LINK,0.8333333333333334,0,0.4642857142857143,0.9166666666666666,0.5072360060885343,2.0,1.0,-0.5037991959088046,0.8638207975046919,0.7333333333333334,13.0,-1.013594580420746,330.71087764128384,0.0,0.0
evt_pay_001809_0,cust_048,pay_001809,2026-05-22T22:21:32.676426+00:00,149401,RETRY_LATER,0.8333333333333334,0,0.2891156462585034,0.021462312203595957,-0.6278566176706993,0.0,1.0,-0.4165005398508855,0.9091354686205576,0.8571428571428572,5.0,-0.4506859321563252,332.9372552079402,0.0,1.0
evt_pay_000683_0,cust_042,pay_000683,2026-05-22T22:27:24.167995+00:00,268202,WHATSAPP_NUDGE,0.8333333333333334,0,0.40310077519379844,0.12217974513786582,0.44034399555212833,0.0,1.0,-0.3931284295341813,0.9194835713007538,0.95,2.0,0.21388002896855346,348.86528155460746,0.0,0.0
evt_pay_006311_0,cust_054,pay_006311,2026-05-22T22:39:50.605631+00:00,110437,RETRY_NOW,0.8333333333333334,0,0.40273037542662116,0.1924727502719937,0.3342432805942238,0.0,1.0,-0.34266204057328203,0.9394587409514876,0.95,10.0,-0.6956354929968003,338.4009170593535,1.0,0.0
evt_pay_006309_1,cust_053,pay_006309,2026-05-22T22:51:23.830044+00:00,369301,WHATSAPP_NUDGE,0.8333333333333334,0,0.3784722222222222,0.08333333333333333,0.4396474595653467,1.0,1.0,-0.2948861099002572,0.9555324077120009,1.0,14.0,-0.06914381847567465,322.9367177192323,0.0,0.0
evt_pay_002662_1,cust_055,pay_002662,2026-05-22T22:51:39.234605+00:00,357297,WHATSAPP_NUDGE,0.8333333333333334,0,0.32673267326732675,0.08333333333333333,0.4110925239458653,1.0,1.0,-0.2938154886529058,0.955862154616268,0.8620689655172413,9.0,-1.0480965437343166,348.90155117920887,0.0,0.0
evt_pay_004107_0,cust_000,pay_004107,2026-05-22T22:58:24.936801+00:00,152016,WHATSAPP_NUDGE,0.8333333333333334,0,0.36947791164658633,0.5838044400877228,0.5546199461206738,0.0,1.0,-0.2654904368514495,0.9641134932882262,0.95,3.0,0.8132490481077264,341.6124416056746,0.0,0.0
evt_pay_004695_1,cust_048,pay_004695,2026-05-22T23:50:38.332652+00:00,256836,WHATSAPP_NUDGE,0.8333333333333334,0,0.288135593220339,0.06187102112973738,0.975233162843657,1.0,1.0,-0.04083424560833804,0.9991659343600531,0.8620689655172413,5.0,-0.4506859321563252,332.99912622907,0.0,0.0
evt_pay_007621_0,cust_000,pay_007621,2026-05-23T00:10:33.816604+00:00,123685,RETRY_NOW,0.8333333333333334,0,0.368,0.05010277550000334,-0.08121945522517739,0.0,1.0,0.046076125185493484,0.9989379313490356,0.95,4.0,0.8132490481077264,341.66254438117454,1.0,0.0
evt_pay_005434_0,cust_044,pay_005434,2026-05-23T00:13:58.281297+00:00,219068,WHATSAPP_NUDGE,0.8333333333333334,0,0.416988416988417,0.17675421089497453,-0.09932164630956747,0.0,1.0,0.06092378457971816,0.998142420936253,1.0,3.0,-0.8459251821363672,342.85362694722863,0.0,0.0
evt_pay_000683_1,cust_042,pay_000683,2026-05-23T00:27:24.167995+00:00,231542,WHATSAPP_NUDGE,0.8333333333333334,0,0.4015444015444015,0.08333333333333333,-0.010382631705169397,1.0,1.0,0.1192825787238952,0.9928603458759836,0.9523809523809523,3.0,0.21388002896855346,348.9486148879408,0.0,1.0
evt_pay_006311_1,cust_054,pay_006311,2026-05-23T00:39:50.605631+00:00,90956,RETRY_LATER,0.03333333333333333,0,0.4013605442176871,0.08333333333333333,-0.22870720479824805,1.0,1.0,0.17297533842666843,0.9849261557579734,1.0,10.0,-0.6956354929968003,338.4842503926868,0.0,1.0
evt_pay_004107_1,cust_000,pay_004107,2026-05-23T00:58:24.936801+00:00,137350,WHATSAPP_NUDGE,0.8333333333333334,0,0.3665338645418327,0.03323055783332999,0.2254627087132012,1.0,1.0,0.25213528386892975,0.9676919957446865,0.9523809523809523,4.0,0.8132490481077264,341.6957749390079,0.0,1.0
evt_pay_002027_2,cust_013,pay_002027,2026-05-23T01:05:10.737293+00:00,163229,ESCALATE_HUMAN,0.8333333333333334,0,0.2846715328467153,0.12977503649896485,-0.14465810603280027,2.0,1.0,0.28057857206467013,0.9598310606029327,1.0,21.0,-0.5595801808996762,323.6475336822146,1.0,0.0
evt_pay_003207_0,cust_013,pay_003207,2026-05-23T01:08:32.973948+00:00,170532,RETRY_LATER,0.8333333333333334,0,0.28363636363636363,0.002340702019106781,-0.023290192160968438,0.0,1.0,0.29466401682429455,0.9556009194161399,1.0,21.0,-0.5595801808996762,323.6498743842337,0.0,1.0
evt_pay_000955_0,cust_044,pay_000955,2026-05-23T01:47:25.702084+00:00,236137,WHATSAPP_NUDGE,0.8333333333333334,1,0.4153846153846154,0.06490070355005173,0.11555527881254535,0.0,1.0,0.45176672817582825,0.8921361013395362,1.0,4.0,-0.8459251821363672,342.91852765077874,0.0,0.0
evt_pay_004621_2,cust_036,pay_004621,2026-05-23T01:56:02.677408+00:00,306263,ESCALATE_HUMAN,0.8333333333333334,0,0.47692307692307695,0.9166666666666666,-0.2762246049220355,2.0,1.0,0.4849799053093415,0.8745252949149854,0.75,8.0,-0.5882553306323993,333.5219692258981,0.0,1.0
evt_pay_005922_0,cust_030,pay_005922,2026-05-23T02:00:32.491989+00:00,180258,RETRY_LATER,0.8333333333333334,0,0.3741258741258741,1.2221763366436942,0.12085906254448422,0.0,1.0,0.5020449199806264,0.8648415452102463,0.9230769230769231,4.0,1.7722569671050512,323.02790397131145,0.0,1.0
evt_pay_001665_0,cust_051,pay_001665,2026-05-23T02:07:11.121984+00:00,707546,PAYMENT_LINK,0.8333333333333334,0,0.4624505928853755,0.17235559530189448,0.46173872219522827,0.0,1.0,0.5269015277904909,0.8499263379917382,0.75,14.0,-1.013594580420746,330.88323323658574,0.0,0.0
evt_pay_007621_1,cust_000,pay_007621,2026-05-23T02:10:33.816604+00:00,109963,WHATSAPP_NUDGE,0.8333333333333334,0,0.36507936507936506,0.05010277550000334,-0.3891947450707615,1.0,1.0,0.5393720605931072,0.8420675627593938,0.9545454545454546,5.0,0.8132490481077264,341.7458777145079,0.0,0.0
evt_pay_008392_0,cust_041,pay_008392,2026-05-23T02:13:30.380206+00:00,279661,RETRY_LATER,0.8333333333333334,0,0.45703125,0.34131042969770914,0.179358261726434,0.0,1.0,0.5501395060394784,0.835072765628624,0.8620689655172413,4.0,0.3693318557794774,351.38254580068866,0.0,1.0
evt_pay_006006_2,cust_002,pay_006006,2026-05-23T02:17:16.849983+00:00,350805,ESCALATE_HUMAN,0.8333333333333334,0,0.3208955223880597,0.9166666666666666,0.40396492852485877,2.0,1.0,0.5638173793227729,0.8258994870888349,0.8666666666666667,5.0,-0.38277421977533765,331.17787931646603,0.0,0.0
evt_pay_004879_2,cust_058,pay_004879,2026-05-23T02:39:22.282491+00:00,208022,ESCALATE_HUMAN,0.8333333333333334,0,0.45703125,0.9166666666666666,-0.4065174351837627,2.0,1.0,0.6406840150916366,0.7678046579736669,0.8461538461538461,10.0,4.286983765334936,341.0747871614233,0.0,1.0
evt_pay_003661_2,cust_039,pay_003661,2026-05-23T03:02:30.570697+00:00,191521,ESCALATE_HUMAN,0.8333333333333334,0,0.4899598393574297,0.9166666666666666,-0.6838007362492049,2.0,1.0,0.7148069213780173,0.6993218609124707,0.7692307692307692,6.0,-0.6642333856639545,323.5285021022491,0.0,0.0
evt_pay_008132_0,cust_015,pay_008132,2026-05-23T03:22:37.840291+00:00,119524,WHATSAPP_NUDGE,0.03333333333333333,0,0.39763779527559057,0.7673613051676966,0.0387665680167405,0.0,1.0,0.7733720346912953,0.6339524398229303,0.9166666666666666,3.0,1.245182551392603,339.55685910670553,1.0,0.0
evt_pay_000611_0,cust_016,pay_000611,2026-05-23T03:22:38.019328+00:00,115703,RETRY_NOW,0.8333333333333334,0,0.3609022556390977,0.42636596127329085,-0.016930364906982964,0.0,1.0,0.7733802886131221,0.6339423705548352,0.9285714285714286,4.0,-0.5381138706705891,344.9203630625809,1.0,0.0
evt_pay_004218_0,cust_038,pay_004218,2026-05-23T03:38:17.508987+00:00,44196,WHATSAPP_NUDGE,0.8333333333333334,0,0.5764192139737991,0.2822032603666382,-0.024435793594137306,0.0,1.0,0.8148542611532514,0.5796658805556774,0.9230769230769231,10.0,2.4957647172129915,350.10849869330497,0.0,0.0
evt_pay_006380_0,cust_035,pay_006380,2026-05-23T04:23:55.678847+00:00,45637,RETRY_NOW,0.8333333333333334,0,0.33448275862068966,0.8489519351986891,0.11704235238155665,0.0,1.0,0.9134175983601983,0.4070236983344919,0.75,3.0,0.5026080740568922,326.11901723797274,1.0,0.0
evt_pay_005515_0,cust_019,pay_005515,2026-05-23T04:39:09.986984+00:00,150324,WHATSAPP_NUDGE,0.8333333333333334,1,0.45634920634920634,0.7514155110136093,0.7317228786419868,0.0,1.0,0.9384424642755357,0.3454355819027044,0.7692307692307692,5.0,-0.5137657855739247,328.6031183349325,0.0,0.0
evt_pay_008132_1,cust_015,pay_008132,2026-05-23T05:22:37.840291+00:00,121639,WHATSAPP_NUDGE,0.8333333333333334,0,0.396078431372549,0.08333333333333333,0.08999250478721584,1.0,1.0,0.9867360485305869,0.1623329003321356,0.9166666666666666,4.0,1.245182551392603,339.64019244003885,0.0,0.0
evt_pay_000611_1,cust_016,pay_000611,2026-05-23T05:22:38.019328+00:00,110087,WHATSAPP_NUDGE,0.8333333333333334,0,0.3595505617977528,0.08333333333333333,-0.15477372079634044,1.0,1.0,0.9867381620025223,0.16232005312925452,0.9333333333333333,4.0,-0.5381138706705891,345.00369639591423,0.0,1.0
evt_pay_008163_0,cust_052,pay_008163,2026-05-23T05:31:09.522961+00:00,149272,ESCALATE_HUMAN,0.03333333333333333,1,0.42920353982300885,0.40802924487203046,0.06878871486311292,0.0,1.0,0.9920921082729355,0.1255119464535627,0.9565217391304348,7.0,-1.0656726581061444,352.1047637520623,0.0,1.0
evt_pay_005567_0,cust_051,pay_005567,2026-05-23T05:35:07.997926+00:00,654212,RETRY_NOW,0.8333333333333334,0,0.46062992125984253,0.14440828637394057,0.21156962594570544,0.0,1.0,0.9941194898425575,0.10828868784491391,0.6923076923076923,15.0,-1.013594580420746,331.02764152295964,1.0,0.0
evt_pay_005216_0,cust_008,pay_005216,2026-05-23T05:37:02.381721+00:00,201347,RETRY_NOW,0.8333333333333334,1,0.40551181102362205,1.2705342856791428,-0.15873868607255032,0.0,1.0,0.9949858562612047,0.10001572796394169,0.9375,6.0,0.4190160498383978,338.6983145954587,1.0,0.0
evt_pay_004977_0,cust_032,pay_004977,2026-05-23T05:51:44.126837+00:00,281365,WHATSAPP_NUDGE,0.8333333333333334,0,0.2953020134228188,0.34537912180970426,-0.38123454775904525,0.0,1.0,0.999349875694442,0.036053099027729935,0.92,10.0,0.2905055503479753,347.70761670462434,0.0,0.0
evt_pay_008113_0,cust_021,pay_008113,2026-05-23T05:55:56.300107+00:00,239950,RETRY_NOW,0.8333333333333334,0,0.34076433121019106,2.7598531805488924,0.3308385587698177,0.0,1.0,0.9998429631529077,0.017721428656101216,0.9166666666666666,8.0,-0.0711177391970671,338.6960257650872,1.0,0.0
evt_pay_007872_0,cust_031,pay_007872,2026-05-23T06:01:37.231661+00:00,55111,RETRY_LATER,0.8333333333333334,0,0.3241106719367589,0.7325842877660117,0.070739489953519,0.0,1.0,0.9999750013902209,-0.00707082701157676,1.0,2.0,-0.07508066613848166,345.5866190817521,0.0,1.0
evt_pay_006297_0,cust_016,pay_006297,2026-05-23T06:04:30.530956+00:00,131915,WHATSAPP_NUDGE,0.8333333333333334,0,0.3582089552238806,0.029079995701882428,0.3810303318419114,0.0,1.0,0.9998064816360519,-0.019672297235938028,0.8823529411764706,5.0,-0.5381138706705891,345.03277639161615,0.0,0.0
evt_pay_006380_1,cust_035,pay_006380,2026-05-23T06:23:55.678847+00:00,42064,WHATSAPP_NUDGE,0.8333333333333334,0,0.3333333333333333,0.08333333333333333,-0.11584098945402263,1.0,1.0,0.994554693610949,-0.10421593648013505,0.7142857142857143,3.0,0.5026080740568922,326.20235057130606,0.0,0.0
evt_pay_008411_2,cust_032,pay_008411,2026-05-23T06:26:55.850124+00:00,330105,RETRY_LATER,0.03333333333333333,0,0.29431438127090304,0.024441241747979348,0.0476640734962185,2.0,1.0,0.9931038830528307,-0.11723769643501852,0.92,11.0,0.2905055503479753,347.7320579463724,1.0,0.0
evt_pay_004406_0,cust_045,pay_004406,2026-05-23T06:49:52.368271+00:00,77859,WHATSAPP_NUDGE,0.8333333333333334,0,0.30337078651685395,1.9083219792789048,-0.30901886580696447,0.0,1.0,0.976415979652829,-0.21589774125406247,1.0,12.0,1.000889969158722,326.1211452717067,0.0,0.0
evt_pay_005954_2,cust_013,pay_005954,2026-05-23T07:19:43.221816+00:00,144449,ESCALATE_HUMAN,0.8333333333333334,0,0.2826086956521739,0.25775749847976687,-0.4567410316019543,2.0,1.0,0.9401092350024928,-0.3408733287645543,1.0,20.0,-0.5595801808996762,323.9076318827135,0.0,0.0
evt_pay_008113_1,cust_021,pay_008113,2026-05-23T07:55:56.300107+00:00,200457,WHATSAPP_NUDGE,0.8333333333333334,0,0.3396825396825397,0.08333333333333333,-0.19386903760917787,1.0,1.0,0.8747501202135772,-0.4845742741689165,0.9545454545454546,8.0,-0.0711177391970671,338.77935909842057,0.0,1.0
evt_pay_002351_0,cust_005,pay_002351,2026-05-23T08:20:21.135498+00:00,161919,RETRY_LATER,0.8333333333333334,0,0.30451127819548873,0.9857056764436342,0.6771428380105695,0.0,1.0,0.8182694804488768,-0.5748348087632873,0.92,8.0,-0.6412832630166057,343.0245848029258,0.0,1.0
evt_pay_007954_0,cust_005,pay_007954,2026-05-23T08:26:41.309057+00:00,169612,RETRY_NOW,0.8333333333333334,0,0.30337078651685395,0.0044001569365264,0.8450589386279057,0.0,1.0,0.8020663412302952,-0.5972349489651855,0.9230769230769231,8.0,-0.6412832630166057,343.0289849598624,1.0,0.0
evt_pay_007667_0,cust_002,pay_007667,2026-05-23T08:31:15.292445+00:00,251974,RETRY_LATER,0.8333333333333334,0,0.31970260223048325,0.25970419516221455,-0.5147755002868166,0.0,1.0,0.790008239347683,-0.6130962255329696,0.9230769230769231,5.0,-0.38277421977533765,331.43758351162825,0.0,1.0
evt_pay_005598_0,cust_012,pay_005598,2026-05-23T08:43:40.186175+00:00,592298,RETRY_LATER,0.8333333333333334,0,0.45849802371541504,0.9673727296562333,0.2674797933127561,0.0,1.0,0.7556541132201317,-0.6549708857449286,0.9545454545454546,13.0,-0.5006574979571285,332.56974649758087,0.0,1.0
evt_pay_004406_1,cust_045,pay_004406,2026-05-23T08:49:52.368271+00:00,94431,WHATSAPP_NUDGE,0.8333333333333334,0,0.30223880597014924,0.08333333333333333,0.2333306332638759,1.0,1.0,0.7376521724133882,-0.6751809183721122,1.0,13.0,1.000889969158722,326.20447860504004,0.0,0.0
evt_pay_002611_0,cust_051,pay_002611,2026-05-23T09:01:37.869726+00:00,613014,RETRY_NOW,0.8333333333333334,1,0.4588235294117647,0.14340129398198087,0.01832088124138668,0.0,1.0,0.702056232085194,-0.7121215113941863,0.8333333333333334,15.0,-1.013594580420746,331.1710428169417,1.0,0.0
evt_pay_001435_0,cust_018,pay_001435,2026-05-23T09:12:37.900489+00:00,144741,RETRY_NOW,0.8333333333333334,0,0.2894736842105263,0.5997646570417032,-0.003680969516270755,0.0,1.0,0.6670798105963467,-0.7449862591314972,0.9230769230769231,2.0,-0.4554811204429685,328.0059907870894,1.0,0.0
evt_pay_005287_0,cust_020,pay_005287,2026-05-23T09:33:29.931264+00:00,67570,DO_NOTHING,0.03333333333333333,0,0.3433333333333333,0.8693919223554568,0.2931383340355513,0.0,1.0,0.5965791250988032,-0.8025542645181986,0.8823529411764706,5.0,0.06752823759169156,337.63668337512314,0.0,0.0
evt_pay_007316_0,cust_000,pay_007316,2026-05-23T09:36:03.787287+00:00,137863,WHATSAPP_NUDGE,0.8333333333333334,0,0.36363636363636365,0.3093746606901959,0.23696783388516857,0.0,1.0,0.5875624110995309,-0.8091788510971514,0.9523809523809523,6.0,0.8132490481077264,342.0552523751981,0.0,0.0
evt_pay_007221_0,cust_053,pay_007221,2026-05-23T09:38:45.821350+00:00,368295,RETRY_LATER,0.8333333333333334,0,0.3771626297577855,0.4495600845645716,0.4306690006061643,0.0,1.0,0.5779869226091353,-0.8160460264548939,1.0,15.0,-0.06914381847567465,323.3862778037969,0.0,1.0
evt_pay_001176_0,cust_006,pay_001176,2026-05-23T09:58:44.359035+00:00,125398,RETRY_LATER,0.8333333333333334,0,0.4755244755244755,1.4294480069404283,-0.1039729366310353,0.0,1.0,0.5047562146452226,-0.8632619323108288,1.0,5.0,-0.3286363658753921,345.06419183715843,0.0,1.0
evt_pay_003707_0,cust_043,pay_003707,2026-05-23T10:01:55.089239+00:00,123583,WHATSAPP_NUDGE,0.8333333333333334,0,0.24621212121212122,1.0189575111436397,-0.40953653738096724,0.0,1.0,0.4927343506386869,-0.8701797858492643,0.9230769230769231,7.0,-0.05414349663535748,338.0602542296202,0.0,0.0
evt_pay_007989_0,cust_042,pay_007989,2026-05-23T10:11:43.374582+00:00,245738,RETRY_LATER,0.8333333333333334,0,0.4,0.40577785401618865,0.16415184052005685,0.0,1.0,0.45506742529272004,-0.8904569829236304,0.9545454545454546,4.0,0.21388002896855346,349.35439274195693,0.0,1.0
evt_pay_002351_1,cust_005,pay_002351,2026-05-23T10:20:21.135498+00:00,159196,WHATSAPP_NUDGE,0.8333333333333334,0,0.30223880597014924,0.07893317639680693,0.6177088161773125,1.0,1.0,0.4212247528285779,-0.9069562875930148,0.9259259259259259,8.0,-0.6412832630166057,343.1079181362591,0.0,1.0
evt_pay_005108_2,cust_038,pay_005108,2026-05-23T10:23:04.131610+00:00,42753,ESCALATE_HUMAN,0.8333333333333334,0,0.5739130434782609,0.2810951692458161,-0.11695071277345619,2.0,1.0,0.4104448868504814,-0.9118854066483878,1.0,11.0,2.4957647172129915,350.38959386255084,0.0,0.0
evt_pay_007954_1,cust_005,pay_007954,2026-05-23T10:26:41.309057+00:00,133133,WHATSAPP_NUDGE,0.8333333333333334,0,0.30111524163568776,0.0044001569365264,0.04881145573049932,1.0,1.0,0.3959923525432816,-0.9182538084469007,0.9285714285714286,9.0,-0.6412832630166057,343.11231829319576,1.0,0.0
evt_pay_000104_2,cust_031,pay_000104,2026-05-23T10:26:41.949198+00:00,54556,ESCALATE_HUMAN,0.8333333333333334,0,0.3228346456692913,0.18408237890065493,0.041250781113389416,2.0,1.0,0.3959496052129613,-0.9182722418388243,1.0,2.0,-0.07508066613848166,345.7707014606527,0.0,0.0
evt_pay_004145_0,cust_030,pay_004145,2026-05-23T10:30:39.289058+00:00,153108,RETRY_NOW,0.03333333333333333,1,0.37282229965156793,0.35424533644612666,-0.32766822532399004,0.0,1.0,0.3800421829515003,-0.9249691557978884,0.8888888888888888,4.0,1.7722569671050512,323.3821493077576,0.0,0.0
evt_pay_004184_0,cust_047,pay_004184,2026-05-23T11:00:46.305479+00:00,100294,WHATSAPP_NUDGE,0.8333333333333334,0,0.4875,2.181104232407487,-0.2768655576340144,0.0,1.0,0.2555648967114724,-0.966791902928885,1.0,6.0,1.898235005697721,325.4751039141219,0.0,0.0
evt_pay_001435_1,cust_018,pay_001435,2026-05-23T11:12:37.900489+00:00,148053,WHATSAPP_NUDGE,0.8333333333333334,0,0.2883895131086142,0.08333333333333333,0.06161185698666344,1.0,1.0,0.2052149327623996,-0.9787169311763866,0.9310344827586207,2.0,-0.4554811204429685,328.08932412042276,0.0,0.0
evt_pay_002034_0,cust_042,pay_002034,2026-05-23T11:34:28.699164+00:00,283956,WHATSAPP_NUDGE,0.8333333333333334,0,0.39846743295019155,0.057469034515501484,0.6340304683512633,0.0,1.0,0.11112932253821664,-0.9938059537315104,0.9545454545454546,4.0,0.21388002896855346,349.41186177647245,0.0,0.0
evt_pay_007316_1,cust_000,pay_007316,2026-05-23T11:36:03.787287+00:00,112061,ESCALATE_HUMAN,0.03333333333333333,1,0.36220472440944884,0.08333333333333333,-0.34210940562444686,1.0,1.0,0.10425454877245408,-0.994550646805004,0.9565217391304348,7.0,0.8132490481077264,342.1385857085315,1.0,0.0
evt_pay_007221_1,cust_053,pay_007221,2026-05-23T11:38:45.821350+00:00,305182,WHATSAPP_NUDGE,0.8333333333333334,0,0.3758620689655172,0.08333333333333333,-0.13275006814610488,1.0,1.0,0.09252834480725468,-0.9957100508718538,1.0,15.0,-0.06914381847567465,323.46961113713024,0.0,1.0
evt_pay_001176_1,cust_006,pay_001176,2026-05-23T11:58:44.359035+00:00,157990,WHATSAPP_NUDGE,0.8333333333333334,0,0.4738675958188153,0.08333333333333333,0.6116132011997254,1.0,1.0,0.0055007384454194,-0.9999848708238316,1.0,5.0,-0.3286363658753921,345.14752517049175,1.0,0.0
evt_pay_007989_1,cust_042,pay_007989,2026-05-23T12:11:43.374582+00:00,230650,WHATSAPP_NUDGE,0.8333333333333334,0,0.3969465648854962,0.025864298817831848,-0.02134821881419494,1.0,1.0,-0.05112854072354228,-0.9986920808354701,0.9166666666666666,5.0,0.21388002896855346,349.4377260752903,1.0,0.0
evt_pay_004184_1,cust_047,pay_004184,2026-05-23T13:00:46.305479+00:00,145970,WHATSAPP_NUDGE,0.8333333333333334,0,0.4854771784232365,0.08333333333333333,0.8982538630416536,1.0,1.0,-0.26207025859676103,-0.9650487964652497,1.0,7.0,1.898235005697721,325.55843724745523,0.0,0.0
evt_pay_005362_0,cust_020,pay_005362,2026-05-23T13:01:49.073352+00:00,56813,RETRY_NOW,0.8333333333333334,0,0.34219269102990035,0.14466599638888056,-0.20837811972121867,0.0,1.0,-0.2664725830425172,-0.9638424987966907,0.8125,5.0,0.06752823759169156,337.781349371512,1.0,0.0
evt_pay_007870_0,cust_030,pay_007870,2026-05-23T13:50:16.142737+00:00,154420,DO_NOTHING,0.03333333333333333,0,0.375,0.49286632810414704,-0.30599697604350234,0.0,1.0,-0.46278958610802456,-0.8864681601670549,0.8235294117647058,4.0,1.7722569671050512,323.5207702994156,0.0,0.0
evt_pay_000960_0,cust_053,pay_000960,2026-05-23T14:29:44.015881+00:00,264529,WHATSAPP_NUDGE,0.8333333333333334,0,0.3745704467353952,0.11872910336131781,-0.49565865402666415,0.0,1.0,-0.6078388256415087,-0.794060427198555,1.0,16.0,-0.06914381847567465,323.58834024049156,0.0,0.0
evt_pay_002777_0,cust_011,pay_002777,2026-05-23T14:46:45.959840+00:00,70215,WHATSAPP_NUDGE,0.8333333333333334,0,0.44664031620553357,0.7278039682422369,0.5272746541049778,0.0,1.0,-0.6651195726312582,-0.7467368707267724,0.8333333333333334,8.0,-0.306212897974724,327.3351782280973,0.0,0.0
evt_pay_006475_0,cust_006,pay_006475,2026-05-23T15:24:50.055484+00:00,143302,DO_NOTHING,0.03333333333333333,0,0.4722222222222222,0.1431214866713617,0.2891178775144519,0.0,1.0,-0.7794316203279539,-0.6264873097142035,1.0,6.0,-0.3286363658753921,345.29064665716305,0.0,1.0
evt_pay_001096_2,cust_054,pay_001096,2026-05-23T16:02:40.960008+00:00,84377,ESCALATE_HUMAN,0.8333333333333334,0,0.4,0.6408605830613396,-0.41885059514744244,2.0,1.0,-0.8718186126024224,-0.4898288545196038,1.0,10.0,-0.6956354929968003,339.12511097574816,0.0,0.0
evt_pay_001655_0,cust_044,pay_001655,2026-05-23T16:11:38.982342+00:00,194069,RETRY_LATER,0.8333333333333334,0,0.41762452107279696,0.6650544102481225,-0.41402565852954226,0.0,1.0,-0.8903115831940888,-0.45535182532898144,0.8333333333333334,5.0,-0.8459251821363672,343.51868135747674,0.0,1.0
evt_pay_000960_1,cust_053,pay_000960,2026-05-23T16:29:44.015881+00:00,308715,WHATSAPP_NUDGE,0.8333333333333334,0,0.3732876712328767,0.08333333333333333,-0.1012112351880606,1.0,1.0,-0.9234340780113242,-0.3837570892731178,1.0,17.0,-0.06914381847567465,323.6716735738249,1.0,0.0
evt_pay_003470_0,cust_029,pay_003470,2026-05-23T16:58:21.391040+00:00,35196,RETRY_LATER,0.8333333333333334,0,0.391025641025641,1.7390040197500032,-0.6095336856144681,0.0,1.0,-0.9640450031959557,-0.26573902952503964,0.92,7.0,-0.8256115037842402,326.7204789950342,0.0,1.0
evt_pay_003190_2,cust_042,pay_003190,2026-05-23T17:31:27.838015+00:00,279430,ESCALATE_HUMAN,0.8333333333333334,0,0.39543726235741444,0.22204240084594554,0.5783863785518939,2.0,1.0,-0.9922583986533938,-0.12419045978577616,0.8947368421052632,6.0,0.21388002896855346,349.6597684761362,0.0,0.0
evt_pay_005050_2,cust_052,pay_005050,2026-05-23T17:43:35.796204+00:00,164763,ESCALATE_HUMAN,0.8333333333333334,0,0.43171806167400884,0.9166666666666666,0.3724379461764022,2.0,1.0,-0.9974397231974946,-0.07151222684062651,0.8947368421052632,7.0,-1.0656726581061444,352.61340117385697,0.0,0.0
evt_pay_008172_0,cust_009,pay_008172,2026-05-23T17:45:38.163536+00:00,130355,WHATSAPP_NUDGE,0.8333333333333334,0,0.33201581027667987,0.9043541910962176,0.2740715261089778,0.0,1.0,-0.9980365953339448,-0.06263349243198503,0.8181818181818181,2.0,-0.8984355580750027,325.35689630455784,0.0,0.0
evt_pay_006810_0,cust_031,pay_006810,2026-05-23T17:54:48.758939+00:00,36874,RETRY_LATER,0.8333333333333334,0,0.3215686274509804,0.311189927559667,-0.8981330916736264,0.0,1.0,-0.999743859950794,-0.022632156121043887,1.0,2.0,-0.07508066613848166,346.0818913882124,0.0,1.0
evt_pay_000566_0,cust_047,pay_000566,2026-05-23T18:04:30.718122+00:00,77672,RETRY_NOW,0.03333333333333333,0,0.4834710743801653,0.210930701881504,-0.8588734406117834,0.0,1.0,-0.9998062137828571,0.01968590564815393,1.0,8.0,1.898235005697721,325.76936794933675,0.0,0.0
evt_pay_003890_0,cust_046,pay_003890,2026-05-23T18:34:20.513648+00:00,113279,WHATSAPP_NUDGE,0.8333333333333334,0,0.423963133640553,1.2107474833005085,0.18401961025637933,0.0,1.0,-0.9887942616574283,0.14928465464789478,1.0,0.0,-0.9687765812058661,346.7942173662065,0.0,0.0
evt_pay_006329_0,cust_024,pay_006329,2026-05-23T18:34:42.096024+00:00,89313,RETRY_LATER,0.8333333333333334,0,0.24436090225563908,0.8994631457126161,-0.19073658526675746,0.0,1.0,-0.9885587394112312,0.15083639724442355,1.0,5.0,-1.1653357768016162,338.43195772777295,0.0,1.0
evt_pay_004401_2,cust_038,pay_004401,2026-05-23T18:51:55.147291+00:00,50826,ESCALATE_HUMAN,0.8333333333333334,0,0.5714285714285714,0.3533682370542124,0.4005414818377292,2.0,1.0,-0.9744493891020836,0.2246071861686,1.0,11.0,2.4957647172129915,350.7429620996051,0.0,1.0
evt_pay_005848_0,cust_011,pay_005848,2026-05-23T18:55:34.340524+00:00,57712,RETRY_LATER,0.8333333333333334,0,0.4448818897637795,0.17278218383959634,-0.07540994789385602,0.0,1.0,-0.9707454653576439,0.24011089414595782,0.8235294117647058,9.0,-0.306212897974724,327.5079604119369,0.0,1.0
evt_pay_000736_2,cust_049,pay_000736,2026-05-23T19:09:00.329977+00:00,377194,DO_NOTHING,0.03333333333333333,0,0.33454545454545453,0.9166666666666666,0.35750544051901184,2.0,1.0,-0.9550128282020722,0.296564492091483,0.9166666666666666,5.0,0.2100296838614713,325.67883534218817,0.0,0.0
evt_pay_006196_2,cust_011,pay_006196,2026-05-23T19:18:43.696984+00:00,71037,ESCALATE_HUMAN,0.8333333333333334,0,0.44313725490196076,0.016080514584833356,0.5668679059168997,2.0,1.0,-0.9415759839715877,0.3368006330278141,0.8333333333333334,9.0,-0.306212897974724,327.52404092652176,0.0,0.0
evt_pay_001025_2,cust_032,pay_001025,2026-05-23T19:34:23.370712+00:00,303616,ESCALATE_HUMAN,0.8333333333333334,0,0.29333333333333333,0.5468463031089831,-0.18542935106113692,2.0,1.0,-0.9163810498151775,0.400307096539186,0.9166666666666666,10.0,0.2905055503479753,348.2789042494813,0.0,1.0
evt_pay_004154_0,cust_029,pay_004154,2026-05-23T19:40:37.329621+00:00,44769,WHATSAPP_NUDGE,0.8333333333333334,0,0.38977635782747605,0.11268447431708258,0.0017986577289889108,0.0,1.0,-0.9051571727833172,0.42507704308620575,0.9166666666666666,6.0,-0.8256115037842402,326.8331634693513,0.0,0.0
evt_pay_008172_1,cust_009,pay_008172,2026-05-23T19:45:38.163536+00:00,130046,WHATSAPP_NUDGE,0.8333333333333334,0,0.33070866141732286,0.08333333333333333,0.26665451923634853,1.0,1.0,-0.8956417916817184,0.4447761020931333,0.8181818181818181,3.0,-0.8984355580750027,325.44022963789115,0.0,0.0
evt_pay_006810_1,cust_031,pay_006810,2026-05-23T19:54:48.758939+00:00,64595,WHATSAPP_NUDGE,0.8333333333333334,1,0.3203125,0.08333333333333333,0.57461744429972,1.0,1.0,-0.8771196580554215,0.48027190783215773,1.0,2.0,-0.07508066613848166,346.1652247215457,0.0,0.0
evt_pay_001670_0,cust_054,pay_001670,2026-05-23T19:55:43.341631+00:00,108173,WHATSAPP_NUDGE,0.8333333333333334,0,0.39864864864864863,0.16183312063895983,0.26880426051705714,0.0,1.0,-0.8752063785131716,0.48374972352432305,0.9523809523809523,10.0,-0.6956354929968003,339.2869440963871,0.0,0.0
evt_pay_001344_2,cust_013,pay_001344,2026-05-23T19:58:18.174140+00:00,183436,ESCALATE_HUMAN,0.8333333333333334,0,0.2815884476534296,0.5267934296688281,0.19113611687720022,2.0,1.0,-0.8697041190759528,0.4935734446486367,0.9545454545454546,19.0,-0.5595801808996762,324.4344253123823,0.0,0.0
evt_pay_003511_0,cust_049,pay_003511,2026-05-23T20:31:15.106582+00:00,370010,WHATSAPP_NUDGE,0.8333333333333334,0,0.3333333333333333,0.05711546996811497,0.29627279255280137,0.0,1.0,-0.7900165260900218,0.6130855474602659,0.92,5.0,0.2100296838614713,325.7359508121563,0.0,0.0
evt_pay_001263_0,cust_044,pay_001263,2026-05-23T20:33:21.909760+00:00,267744,WHATSAPP_NUDGE,0.8333333333333334,0,0.41603053435114506,0.18174684510997471,0.5134504585476873,0.0,1.0,-0.7843295180168843,0.620344426240296,0.8125,5.0,-0.8459251821363672,343.7004282025867,0.0,0.0
evt_pay_006329_1,cust_024,pay_006329,2026-05-23T20:34:42.096024+00:00,112157,WHATSAPP_NUDGE,0.8333333333333334,0,0.24344569288389514,0.08333333333333333,0.4912446874989429,1.0,1.0,-0.7806987828410358,0.624907521534607,0.9523809523809523,5.0,-1.1653357768016162,338.5152910611063,0.0,1.0
evt_pay_001716_0,cust_014,pay_001716,2026-05-23T20:48:06.405519+00:00,58573,WHATSAPP_NUDGE,0.8333333333333334,0,0.28719723183391005,1.245683516791227,-0.35308938966409464,0.0,1.0,-0.7428330487743451,0.6694767073234225,1.0,6.0,-0.8122776257059364,347.6237635498083,0.0,0.0
evt_pay_008321_0,cust_038,pay_008321,2026-05-23T20:48:43.303836+00:00,40039,WHATSAPP_NUDGE,0.8333333333333334,0,0.5689655172413793,0.08111292297941948,-0.2908935600729101,0.0,1.0,-0.7410339555019935,0.671467554534893,1.0,11.0,2.4957647172129915,350.8240750225845,0.0,0.0
evt_pay_006309_2,cust_053,pay_006309,2026-05-23T20:51:23.830044+00:00,417546,ESCALATE_HUMAN,0.8333333333333334,0,0.3720136518771331,0.18171081207411058,0.8703398351415044,2.0,1.0,-0.7331450662527926,0.6800722842677742,0.9545454545454546,18.0,-0.06914381847567465,323.853384385899,0.0,1.0
evt_pay_002662_2,cust_055,pay_002662,2026-05-23T20:51:39.234605+00:00,286841,ESCALATE_HUMAN,0.8333333333333334,0,0.3256578947368421,0.9166666666666666,-0.2333729256388676,2.0,1.0,-0.7323827545068885,0.6808931640873646,0.96,10.0,-1.0480965437343166,349.81821784587555,1.0,0.0
evt_pay_005848_1,cust_011,pay_005848,2026-05-23T20:55:34.340524+00:00,69759,WHATSAPP_NUDGE,0.8333333333333334,0,0.44140625,0.06725281874849998,0.5052514105683991,1.0,1.0,-0.7206347865352872,0.6933148667346178,0.8235294117647058,9.0,-0.306212897974724,327.5912937452702,0.0,1.0
evt_pay_004154_1,cust_029,pay_004154,2026-05-23T21:40:37.329621+00:00,48181,WHATSAPP_NUDGE,0.8333333333333334,0,0.3885350318471338,0.08333333333333333,0.2197079760849427,1.0,1.0,-0.5713505845049501,0.8207061042698853,1.0,6.0,-0.8256115037842402,326.91649680268466,0.0,1.0
evt_pay_008186_0,cust_026,pay_008186,2026-05-23T21:52:57.200967+00:00,275079,RETRY_NOW,0.8333333333333334,0,0.4312796208530806,2.4486917229038454,0.5964553153138265,0.0,1.0,-0.5263870031392197,0.8502450957965657,0.8235294117647058,7.0,1.9048100532514713,340.46501022228534,1.0,0.0
evt_pay_001670_1,cust_054,pay_001670,2026-05-23T21:55:43.341631+00:00,88869,WHATSAPP_NUDGE,0.8333333333333334,0,0.39730639730639733,0.08333333333333333,-0.28902492489469667,1.0,1.0,-0.5160760955844239,0.8565427389023483,0.9523809523809523,11.0,-0.6956354929968003,339.37027742972043,0.0,0.0
evt_pay_000683_2,cust_042,pay_000683,2026-05-23T22:27:24.167995+00:00,197002,ESCALATE_HUMAN,0.8333333333333334,0,0.3939393939393939,0.20551307847119915,-0.43504640904227454,2.0,1.0,-0.3931284295341813,0.9194835713007538,0.8823529411764706,6.0,0.21388002896855346,349.86528155460746,1.0,0.0
evt_pay_001683_0,cust_015,pay_001683,2026-05-23T22:36:15.956724+00:00,105290,WHATSAPP_NUDGE,0.8333333333333334,0,0.39453125,0.7178022735289081,-0.3061197095234943,0.0,1.0,-0.3572843764263099,0.9339956500764138,1.0,5.0,1.245182551392603,340.35799471356773,0.0,0.0
evt_pay_006311_2,cust_054,pay_006311,2026-05-23T22:39:50.605631+00:00,83435,ESCALATE_HUMAN,0.8333333333333334,0,0.3959731543624161,0.030639629633033866,-0.446068862086276,2.0,1.0,-0.34266204057328203,0.9394587409514876,0.9523809523809523,12.0,-0.6956354929968003,339.4009170593535,1.0,0.0
evt_pay_008010_0,cust_021,pay_008010,2026-05-23T22:43:43.702633+00:00,224743,RETRY_NOW,0.8333333333333334,0,0.33860759493670883,0.6165208625773175,0.12879160651028573,0.0,1.0,-0.326688533303527,0.94513205543352,0.8823529411764706,9.0,-0.0711177391970671,339.3958799609979,1.0,0.0
evt_pay_001716_1,cust_014,pay_001716,2026-05-23T22:48:06.405519+00:00,75435,WHATSAPP_NUDGE,0.8333333333333334,0,0.28620689655172415,0.08333333333333333,0.3677587948525653,1.0,1.0,-0.3085739373475172,0.9512003601712157,1.0,6.0,-0.8122776257059364,347.7070968831417,0.0,1.0
evt_pay_007003_0,cust_058,pay_007003,2026-05-23T22:57:33.826982+00:00,246798,RETRY_NOW,0.8333333333333334,0,0.45525291828793774,0.8459669501284566,0.05027882769546705,0.0,1.0,-0.26907202232407706,0.9631200583532831,1.0,9.0,4.286983765334936,341.92075411155173,1.0,0.0
evt_pay_004107_2,cust_000,pay_004107,2026-05-23T22:58:24.936801+00:00,114199,ESCALATE_HUMAN,0.8333333333333334,0,0.36470588235294116,0.5571892304764674,-0.2941140916224931,2.0,1.0,-0.2654904368514495,0.9641134932882262,0.8888888888888888,7.0,0.8132490481077264,342.6124416056746,0.0,0.0
evt_pay_004327_0,cust_048,pay_004327,2026-05-23T23:07:49.517157+00:00,186869,WHATSAPP_NUDGE,0.8333333333333334,0,0.28716216216216217,0.9702683391772856,-0.06877627049067629,0.0,1.0,-0.22569378422928046,0.9741982938602731,1.0,6.0,-0.4506859321563252,333.96939456824725,0.0,0.0
evt_pay_000477_0,cust_040,pay_000477,2026-05-23T23:24:21.580173+00:00,244691,RETRY_LATER,0.8333333333333334,0,0.4678111587982833,2.3365698430933057,0.35814831572270056,0.0,1.0,-0.15488423989764102,0.9879326253501957,1.0,6.0,-0.492492512121923,342.104493882574,0.0,1.0
evt_pay_004323_0,cust_002,pay_004323,2026-05-23T23:28:36.805966+00:00,350515,WHATSAPP_NUDGE,0.8333333333333334,0,0.31851851851851853,0.6231656657543377,0.40126837677313076,0.0,1.0,-0.13652204876082658,0.9906370325210675,1.0,5.0,-0.38277421977533765,332.06074917738255,0.0,0.0
evt_pay_008186_1,cust_026,pay_008186,2026-05-23T23:52:57.200967+00:00,239805,WHATSAPP_NUDGE,0.8333333333333334,0,0.42924528301886794,0.08333333333333333,0.15359523227405777,1.0,1.0,-0.030741969042241073,0.9995273539725693,0.8333333333333334,7.0,1.9048100532514713,340.54834355561866,0.0,1.0
evt_pay_008042_0,cust_019,pay_008042,2026-05-24T00:11:07.155133+00:00,139777,WHATSAPP_NUDGE,0.8333333333333334,0,0.45849802371541504,1.5652716238535807,0.4799226604104435,0.0,1.0,0.04849785876291212,0.9988232865203998,0.8,6.0,-0.5137657855739247,329.4169744477725,0.0,0.0
evt_pay_001864_0,cust_001,pay_001864,2026-05-24T00:15:29.383156+00:00,649126,RETRY_LATER,0.8333333333333334,1,0.2962962962962963,1.6760230144785169,0.659769675202982,0.0,1.0,0.06753520665147726,0.9977168916393779,0.95,4.0,0.16534712408787333,335.56385886293214,0.0,1.0
evt_pay_007657_0,cust_046,pay_007657,2026-05-24T00:40:17.315279+00:00,106776,WHATSAPP_NUDGE,0.8333333333333334,0,0.42201834862385323,0.2541296484999407,0.009424600291410354,0.0,1.0,0.17488811216604652,0.9845883140800505,1.0,1.0,-0.9687765812058661,347.04834701470645,0.0,0.0
evt_pay_008010_1,cust_021,pay_008010,2026-05-24T00:43:43.702633+00:00,186216,WHATSAPP_NUDGE,0.8333333333333334,0,0.33753943217665616,0.08333333333333333,-0.3830710460512121,1.0,1.0,0.18964545875082664,0.9818526365881942,0.875,9.0,-0.0711177391970671,339.4792132943312,0.0,0.0
evt_pay_007003_1,cust_058,pay_007003,2026-05-24T00:57:33.826982+00:00,244288,WHATSAPP_NUDGE,0.8333333333333334,0,0.45348837209302323,0.08333333333333333,0.020720071706231483,1.0,1.0,0.2485368223963382,0.9686224485903323,1.0,9.0,4.286983765334936,342.00408744488504,0.0,1.0
evt_pay_004327_1,cust_048,pay_004327,2026-05-24T01:07:49.517157+00:00,200748,WHATSAPP_NUDGE,0.8333333333333334,0,0.28619528619528617,0.08333333333333333,0.13832440620140357,1.0,1.0,0.29164259631133677,0.9565273629210942,1.0,7.0,-0.4506859321563252,334.05272790158057,0.0,0.0
evt_pay_000453_0,cust_010,pay_000453,2026-05-24T01:11:59.373346+00:00,93339,RETRY_LATER,0.8333333333333334,0,0.3867595818815331,2.988484143960894,0.5167426993962879,0.0,1.0,0.30897365288597006,0.9510705977067634,1.0,4.0,-0.045395759303349575,352.9955924090939,0.0,1.0
evt_pay_000477_1,cust_040,pay_000477,2026-05-24T01:24:21.580173+00:00,216022,WHATSAPP_NUDGE,0.8333333333333334,0,0.4658119658119658,0.08333333333333333,-0.01857331945897763,1.0,1.0,0.3598326262778972,0.9330168707295443,1.0,6.0,-0.492492512121923,342.18782721590736,1.0,0.0
evt_pay_000937_0,cust_026,pay_000937,2026-05-24T01:29:52.457058+00:00,219341,RETRY_LATER,0.8333333333333334,0,0.4272300469483568,0.06730620475497062,-0.10333428925519213,0.0,1.0,0.38217659158736145,0.9240893099926366,0.8333333333333334,8.0,1.9048100532514713,340.6156497603736,0.0,1.0
evt_pay_008042_1,cust_019,pay_008042,2026-05-24T02:11:07.155133+00:00,148020,WHATSAPP_NUDGE,0.8333333333333334,0,0.4566929133858268,0.08333333333333333,0.6767182330603261,1.0,1.0,0.5414120209780314,0.8407574106366733,0.7777777777777778,7.0,-0.5137657855739247,329.50030778110585,1.0,0.0
evt_pay_005578_0,cust_037,pay_005578,2026-05-24T02:27:10.443809+00:00,153319,RETRY_LATER,0.8333333333333334,0,0.42035398230088494,2.229036554249774,-0.1121586892769508,0.0,1.0,0.5989329763631719,0.8007991569830429,0.8823529411764706,4.0,-0.33341852366871827,330.73206773503256,0.0,1.0
evt_pay_007657_1,cust_046,pay_007657,2026-05-24T02:40:17.315279+00:00,91917,WHATSAPP_NUDGE,0.8333333333333334,0,0.4200913242009132,0.08333333333333333,-0.3894930903963564,1.0,1.0,0.6437517049957239,0.7652344361795923,1.0,2.0,-0.9687765812058661,347.13168034803977,0.0,0.0
evt_pay_003172_0,cust_002,pay_003172,2026-05-24T03:01:26.674940+00:00,326184,WHATSAPP_NUDGE,0.8333333333333334,0,0.3173431734317343,0.14779940942651137,0.17507863724437647,0.0,1.0,0.7115497260087025,0.7026357430539244,1.0,6.0,-0.38277421977533765,332.20854858680906,0.0,0.0
evt_pay_000611_2,cust_016,pay_000611,2026-05-24T03:22:38.019328+00:00,106664,ESCALATE_HUMAN,0.8333333333333334,1,0.35687732342007433,0.8875866709647843,-0.23881785461167226,2.0,1.0,0.7733802886131221,0.6339423705548352,0.8888888888888888,6.0,-0.5381138706705891,345.9203630625809,0.0,1.0
evt_pay_000937_1,cust_026,pay_000937,2026-05-24T03:29:52.457058+00:00,212211,WHATSAPP_NUDGE,0.8333333333333334,0,0.4252336448598131,0.08333333333333333,-0.1928443296483456,1.0,1.0,0.7930192920427234,0.6091965220255757,0.8333333333333334,8.0,1.9048100532514713,340.698983093707,0.0,0.0
evt_pay_001116_0,cust_012,pay_001116,2026-05-24T03:33:29.624441+00:00,495495,DO_NOTHING,0.03333333333333333,0,0.4566929133858268,0.784599979938226,-0.24319461908885265,0.0,1.0,0.8025409530034355,0.5965970321350396,0.8666666666666667,12.0,-0.5006574979571285,333.3543464775191,0.0,0.0
evt_pay_005578_1,cust_037,pay_005578,2026-05-24T04:27:10.443809+00:00,141088,WHATSAPP_NUDGE,0.8333333333333334,1,0.4185022026431718,0.08333333333333333,-0.33112762623142733,1.0,1.0,0.9190907511862529,0.39404592509489195,0.8421052631578947,4.0,-0.33341852366871827,330.81540106836593,0.0,1.0
evt_pay_004420_0,cust_002,pay_004420,2026-05-24T04:44:55.504867+00:00,322817,RETRY_LATER,0.03333333333333333,0,0.3161764705882353,0.07186145748323725,0.1437794166052234,0.0,1.0,0.946825001850172,0.3217489951366152,1.0,7.0,-0.38277421977533765,332.2804100442923,0.0,0.0
evt_pay_003172_1,cust_002,pay_003172,2026-05-24T05:01:26.674940+00:00,301334,ESCALATE_HUMAN,0.03333333333333333,0,0.315018315018315,0.011471875850096088,-0.055925822989559455,1.0,1.0,0.9675380103063554,0.25272554008730264,1.0,7.0,-0.38277421977533765,332.29188192014243,0.0,0.0
evt_pay_000187_0,cust_040,pay_000187,2026-05-24T05:05:59.467621+00:00,310764,WHATSAPP_NUDGE,0.8333333333333334,0,0.46382978723404256,0.1539107343487179,1.2263585945046929,0.0,1.0,0.9723608816724691,0.2334830096455382,1.0,7.0,-0.492492512121923,342.3417379502561,0.0,0.0
evt_pay_000195_0,cust_050,pay_000195,2026-05-24T05:21:03.542838+00:00,117470,RETRY_LATER,0.8333333333333334,0,0.41935483870967744,1.688953811129674,0.020716040463423183,0.0,1.0,0.9855996579688986,0.16909557714969983,0.875,3.0,-0.900782201038446,350.93780801166076,0.0,1.0
evt_pay_004032_0,cust_018,pay_004032,2026-05-24T05:34:05.671796+00:00,152329,RETRY_LATER,0.8333333333333334,0,0.2873134328358209,0.7649047604963926,0.14589801131454982,0.0,1.0,0.993618463484101,0.11279339086796779,1.0,2.0,-0.4554811204429685,328.85422888091915,0.0,1.0
evt_pay_003156_0,cust_058,pay_003156,2026-05-24T05:47:06.199282+00:00,253352,WHATSAPP_NUDGE,0.8333333333333334,0,0.4517374517374517,0.2010691238462717,0.12748985492858445,0.0,1.0,0.9984171275966199,0.05624268238370814,1.0,10.0,4.286983765334936,342.2051565687313,0.0,0.0
evt_pay_004420_1,cust_002,pay_004420,2026-05-24T06:44:55.504867+00:00,283562,PAYMENT_LINK,0.03333333333333333,0,0.31386861313868614,0.07186145748323725,-0.22113330945809262,1.0,1.0,0.9808490021088048,-0.1947696974946613,1.0,7.0,-0.38277421977533765,332.36374337762567,1.0,0.0
evt_pay_004406_2,cust_045,pay_004406,2026-05-24T06:49:52.368271+00:00,83905,ESCALATE_HUMAN,0.8333333333333334,0,0.30111524163568776,0.9166666666666666,-0.1111789002757581,2.0,1.0,0.976415979652829,-0.21589774125406247,1.0,13.0,1.000889969158722,327.1211452717067,1.0,0.0
evt_pay_002374_0,cust_057,pay_002374,2026-05-24T07:05:03.544966+00:00,87553,RETRY_LATER,0.8333333333333334,0,0.3794642857142857,2.699051582707625,0.1983261416908131,0.0,1.0,0.9599776833433651,-0.28007650291073305,0.8823529411764706,1.0,-0.5990323654313375,344.559943424873,0.0,1.0
evt_pay_000187_1,cust_040,pay_000187,2026-05-24T07:05:59.467621+00:00,246720,WHATSAPP_NUDGE,0.8333333333333334,0,0.461864406779661,0.08333333333333333,0.38481233654388936,1.0,1.0,0.958830729997362,-0.28397822313115123,1.0,8.0,-0.492492512121923,342.42507128358943,1.0,0.0
evt_pay_002306_0,cust_007,pay_002306,2026-05-24T07:28:21.860807+00:00,283926,RETRY_LATER,0.8333333333333334,1,0.4312796208530806,2.0116218628194815,-0.27892039107372896,0.0,1.0,0.9265871475673909,-0.3760801217332898,0.8235294117647058,4.0,-0.46533070623945577,352.40967071023573,0.0,1.0
evt_pay_003731_0,cust_017,pay_003731,2026-05-24T07:37:34.389273+00:00,582390,RETRY_NOW,0.03333333333333333,0,0.31496062992125984,1.769823309196056,0.39411886107357624,0.0,1.0,0.9107320437048022,-0.41299775370971953,1.0,5.0,0.5027156808516637,346.87936768821834,0.0,1.0
evt_pay_003156_1,cust_058,pay_003156,2026-05-24T07:47:06.199282+00:00,190940,WHATSAPP_NUDGE,0.8333333333333334,0,0.45,0.08333333333333333,-0.6077604198647844,1.0,1.0,0.8927759372640163,-0.45050097207703926,1.0,11.0,4.286983765334936,342.2884899020646,0.0,1.0
evt_pay_002351_2,cust_005,pay_002351,2026-05-24T08:20:21.135498+00:00,107002,ESCALATE_HUMAN,0.8333333333333334,0,0.3,0.9122665097301402,-0.5215707856477408,2.0,1.0,0.8182694804488768,-0.5748348087632873,1.0,7.0,-0.6412832630166057,344.0245848029258,1.0,0.0
evt_pay_007954_2,cust_005,pay_007954,2026-05-24T08:26:41.309057+00:00,139757,ESCALATE_HUMAN,0.8333333333333334,0,0.2988929889298893,0.0044001569365264,0.19339605003721652,2.0,1.0,0.8020663412302952,-0.5972349489651855,1.0,7.0,-0.6412832630166057,344.0289849598624,0.0,0.0
evt_pay_008143_0,cust_036,pay_008143,2026-05-24T08:38:31.245286+00:00,333512,RETRY_NOW,0.8333333333333334,0,0.47509578544061304,1.2794973133972576,-0.0465986129930129,0.0,1.0,0.7701772822021348,-0.6378298785567617,0.8,5.0,-0.5882553306323993,334.80146653929535,1.0,0.0
evt_pay_002818_0,cust_023,pay_002818,2026-05-24T08:54:48.983735+00:00,82250,WHATSAPP_NUDGE,0.8333333333333334,0,0.42386831275720166,1.8215666612894097,-0.06338877077050231,0.0,1.0,0.7229177188423025,-0.6909341298444025,0.9230769230769231,5.0,0.9385908116339667,347.6236653019825,0.0,0.0
evt_pay_005238_0,cust_059,pay_005238,2026-05-24T08:56:11.525513+00:00,167974,WHATSAPP_NUDGE,0.8333333333333334,1,0.36254980079681276,2.0367959781480827,0.04490356093146985,0.0,1.0,0.7187573136085891,-0.6952610474736552,0.9285714285714286,7.0,-0.38878117849020055,335.992947579002,0.0,0.0
evt_pay_002374_1,cust_057,pay_002374,2026-05-24T09:05:03.544966+00:00,78779,WHATSAPP_NUDGE,0.8333333333333334,0,0.37777777777777777,0.08333333333333333,-0.1078729298686477,1.0,1.0,0.6913268093861213,-0.7225422081954835,0.8823529411764706,1.0,-0.5990323654313375,344.64327675820635,0.0,1.0
evt_pay_003731_1,cust_017,pay_003731,2026-05-24T09:37:34.389273+00:00,551894,PAYMENT_LINK,0.8333333333333334,0,0.3137254901960784,0.08333333333333333,0.22387239505733003,1.0,1.0,0.5822182090340188,-0.8130325682709271,1.0,5.0,0.5027156808516637,346.9627010215517,0.0,0.0
evt_pay_006665_0,cust_055,pay_006665,2026-05-24T09:43:19.174532+00:00,228557,WHATSAPP_NUDGE,0.8333333333333334,0,0.32459016393442625,0.5358789343431644,-0.7665011359286509,0.0,1.0,0.5616517747867411,-0.8273737268483353,1.0,6.0,-1.0480965437343166,350.3540967802187,0.0,0.0
evt_pay_005069_0,cust_014,pay_005069,2026-05-24T09:52:32.707023+00:00,82246,WHATSAPP_NUDGE,0.8333333333333334,0,0.2852233676975945,0.4614155266606114,0.6589395901540227,0.0,1.0,0.5279006662780558,-0.8493061206321221,1.0,6.0,-0.8122776257059364,348.1685124098023,0.0,0.0
evt_pay_007989_2,cust_042,pay_007989,2026-05-24T10:11:43.374582+00:00,311639,ESCALATE_HUMAN,0.8333333333333334,0,0.39245283018867927,0.48911118734952197,0.9743843040853432,2.0,1.0,0.45506742529272004,-0.8904569829236304,0.8571428571428572,5.0,0.21388002896855346,350.35439274195693,1.0,0.0
evt_pay_008143_1,cust_036,pay_008143,2026-05-24T10:38:31.245286+00:00,339309,WHATSAPP_NUDGE,0.8333333333333334,0,0.4732824427480916,0.08333333333333333,0.0022582834044282516,1.0,1.0,0.34807815252632424,-0.9374655192239664,1.0,5.0,-0.5882553306323993,334.88479987262866,0.0,0.0
evt_pay_002818_1,cust_023,pay_002818,2026-05-24T10:54:48.983735+00:00,92085,WHATSAPP_NUDGE,0.8333333333333334,0,0.42213114754098363,0.08333333333333333,0.27068030123191056,1.0,1.0,0.2805980444411288,-0.9598253682080998,0.8571428571428572,6.0,0.9385908116339667,347.7069986353158,0.0,0.0
evt_pay_006665_1,cust_055,pay_006665,2026-05-24T11:43:19.174532+00:00,341152,WHATSAPP_NUDGE,0.8333333333333334,0,0.3235294117647059,0.08333333333333333,0.2634120950388802,1.0,1.0,0.07271784162176619,-0.997352553267836,1.0,6.0,-1.0480965437343166,350.437430113552,0.0,0.0
evt_pay_005069_1,cust_014,pay_005069,2026-05-24T11:52:32.707023+00:00,71899,WHATSAPP_NUDGE,0.8333333333333334,0,0.2842465753424658,0.08333333333333333,0.21657800524252144,1.0,1.0,0.032522327355466556,-0.9994710091960566,1.0,7.0,-0.8122776257059364,348.2518457431356,0.0,1.0
evt_pay_002332_0,cust_028,pay_002332,2026-05-24T12:39:12.105315+00:00,235139,WHATSAPP_NUDGE,0.8333333333333334,0,0.3769230769230769,3.684591505316689,0.08005344749526369,0.0,1.0,-0.17021704615547734,-0.9854065948622954,1.0,3.0,0.3910481863531735,324.85449999570943,0.0,0.0
evt_pay_000487_0,cust_017,pay_000487,2026-05-24T12:41:44.945251+00:00,577608,PAYMENT_LINK,0.8333333333333334,0,0.3125,0.1278999534564491,0.3674207139243856,0.0,1.0,-0.18115893701616137,-0.9834538319306985,1.0,6.0,0.5027156808516637,347.09060097500816,0.0,0.0
evt_pay_002432_0,cust_009,pay_002432,2026-05-24T12:45:50.871197+00:00,135927,RETRY_LATER,0.8333333333333334,0,0.32941176470588235,0.7084804127400351,0.40792874439356747,0.0,1.0,-0.1987173525286428,-0.9800568421290712,1.0,4.0,-0.8984355580750027,326.1487100506312,0.0,1.0
evt_pay_008512_0,cust_053,pay_008512,2026-05-24T12:45:53.122435+00:00,349787,RETRY_LATER,0.8333333333333334,0,0.3707482993197279,0.662839032307924,0.26544742630090057,0.0,1.0,-0.19887779955129253,-0.9800242960486418,0.8666666666666667,17.0,-0.06914381847567465,324.5162234182069,0.0,1.0
evt_pay_001813_0,cust_025,pay_001813,2026-05-24T12:50:03.078788+00:00,181256,PAYMENT_LINK,0.03333333333333333,0,0.5078740157480315,4.060400822131669,-0.4615122192422999,0.0,1.0,-0.216658197068369,-0.9762475227333915,1.0,1.0,0.10753773716001852,330.21857002772305,1.0,0.0
evt_pay_005973_0,cust_038,pay_005973,2026-05-24T12:55:47.997697+00:00,47627,ESCALATE_HUMAN,0.03333333333333333,0,0.5665236051502146,0.6715821048664831,0.19546796118722498,0.0,1.0,-0.2410748982903046,-0.9705065138443529,1.0,12.0,2.4957647172129915,351.4956571274509,0.0,0.0
evt_pay_003813_0,cust_017,pay_003813,2026-05-24T14:06:18.917558+00:00,483553,RETRY_NOW,0.8333333333333334,0,0.311284046692607,0.058726531325779284,-0.15765394973770605,0.0,1.0,-0.5236710671331883,-0.8519205440929264,1.0,7.0,0.5027156808516637,347.1493275063339,1.0,0.0
evt_pay_000487_1,cust_017,pay_000487,2026-05-24T14:41:44.945251+00:00,496410,WHATSAPP_NUDGE,0.8333333333333334,0,0.31007751937984496,0.02460680200755405,-0.08587535091023375,1.0,1.0,-0.6486151575439303,-0.7611165333930557,1.0,7.0,0.5027156808516637,347.17393430834153,0.0,1.0
evt_pay_002432_1,cust_009,pay_002432,2026-05-24T14:45:50.871197+00:00,82237,WHATSAPP_NUDGE,0.8333333333333334,0,0.328125,0.08333333333333333,-0.8817398050444686,1.0,1.0,-0.662122696527128,-0.7493954461722094,1.0,4.0,-0.8984355580750027,326.23204338396454,0.0,0.0
evt_pay_008512_1,cust_053,pay_008512,2026-05-24T14:45:53.122435+00:00,331116,RETRY_NOW,0.03333333333333333,0,0.3694915254237288,0.08333333333333333,0.09877113299657736,1.0,1.0,-0.6622453746844895,-0.7492870369284391,0.8666666666666667,17.0,-0.06914381847567465,324.5995567515402,0.0,1.0
evt_pay_002286_0,cust_003,pay_002286,2026-05-24T14:48:17.167718+00:00,257034,RETRY_LATER,0.8333333333333334,0,0.4979757085020243,3.38264284648695,0.4772559945912809,0.0,1.0,-0.6700578799276998,-0.7423088558994808,1.0,1.0,2.053947620637407,329.64752732262156,0.0,1.0
evt_pay_001813_1,cust_025,pay_001813,2026-05-24T14:50:03.078788+00:00,271962,WHATSAPP_NUDGE,0.8333333333333334,0,0.5058823529411764,0.08333333333333333,0.7373243090624161,1.0,1.0,-0.6757552639660384,-0.737126056534559,1.0,2.0,0.10753773716001852,330.3019033610564,0.0,1.0
evt_pay_008018_0,cust_000,pay_008018,2026-05-24T15:02:53.589789+00:00,111853,RETRY_LATER,0.8333333333333334,1,0.36328125,0.6697760762517836,-0.34676631302335953,0.0,1.0,-0.7159765810099108,-0.6981242979909514,0.9166666666666666,7.0,0.8132490481077264,343.28221768192634,0.0,1.0
evt_pay_000220_0,cust_020,pay_000220,2026-05-24T15:03:37.192513+00:00,53768,RETRY_LATER,0.8333333333333334,0,0.34105960264900664,1.084584712518866,-0.35032918821406916,0.0,1.0,-0.7181866460205654,-0.6958505166181391,0.7692307692307692,4.0,0.06752823759169156,338.86593408403087,0.0,1.0
evt_pay_004714_0,cust_009,pay_004714,2026-05-24T15:09:11.975756+00:00,142905,WHATSAPP_NUDGE,0.8333333333333334,0,0.32684824902723736,0.016216487947190217,0.5755309594628077,0.0,1.0,-0.7349133994803199,-0.6781609656005568,1.0,5.0,-0.8984355580750027,326.2482598719117,0.0,0.0
evt_pay_005021_0,cust_032,pay_005021,2026-05-24T15:24:30.501675+00:00,387249,WHATSAPP_NUDGE,0.8333333333333334,0,0.292358803986711,0.8264714231759172,0.5505025183342567,0.0,1.0,-0.7785399719539211,-0.6275950223432206,1.0,9.0,0.2905055503479753,349.1053756726572,0.0,0.0
evt_pay_003813_1,cust_017,pay_003813,2026-05-24T16:06:18.917558+00:00,415169,WHATSAPP_NUDGE,0.8333333333333334,0,0.3088803088803089,0.058726531325779284,-0.5394147655729946,1.0,1.0,-0.8794727194107104,-0.4759492996237413,1.0,8.0,0.5027156808516637,347.23266083966723,0.0,0.0
evt_pay_006116_0,cust_020,pay_006116,2026-05-24T16:44:19.508583+00:00,69087,RETRY_NOW,0.8333333333333334,0,0.33993399339933994,0.06993421376629765,0.3638603045382219,0.0,1.0,-0.9459795088090942,-0.32422641612506664,0.7692307692307692,4.0,0.06752823759169156,338.9358682977972,1.0,0.0
evt_pay_002286_1,cust_003,pay_002286,2026-05-24T16:48:17.167718+00:00,247409,WHATSAPP_NUDGE,0.8333333333333334,0,0.4959677419354839,0.08333333333333333,0.3523880895383606,1.0,1.0,-0.9514415739730717,-0.30782938669926235,1.0,1.0,2.053947620637407,329.73086065595487,0.0,0.0
evt_pay_000220_1,cust_020,pay_000220,2026-05-24T17:03:37.192513+00:00,63919,WHATSAPP_NUDGE,0.8333333333333334,0,0.33881578947368424,0.013399119567035692,0.1229197466078578,1.0,1.0,-0.9698931384216215,-0.24353090161755128,0.7857142857142857,4.0,0.06752823759169156,338.9492674173642,0.0,0.0
evt_pay_004714_1,cust_009,pay_004714,2026-05-24T17:09:11.975756+00:00,97973,WHATSAPP_NUDGE,0.8333333333333334,0,0.32558139534883723,0.08333333333333333,-0.5037600439666073,1.0,1.0,-0.9755341563318171,-0.21984792432490685,1.0,6.0,-0.8984355580750027,326.33159320524504,0.0,1.0
evt_pay_008172_2,cust_009,pay_008172,2026-05-24T17:45:38.163536+00:00,121627,ESCALATE_HUMAN,0.8333333333333334,0,0.32432432432432434,0.025303099312774673,0.06442532855798454,2.0,1.0,-0.9980365953339448,-0.06263349243198503,1.0,7.0,-0.8984355580750027,326.35689630455784,1.0,0.0
evt_pay_005758_0,cust_015,pay_005758,2026-05-24T17:50:54.912259+00:00,119458,RETRY_LATER,0.8333333333333334,0,0.39299610894941633,0.80183976312829,0.03717053624892581,0.0,1.0,-0.9992144420688241,-0.03962951880970046,1.0,6.0,1.245182551392603,341.15983447669606,0.0,1.0
evt_pay_004399_0,cust_045,pay_004399,2026-05-24T18:15:13.463593+00:00,110344,WHATSAPP_NUDGE,0.8333333333333334,0,0.3,0.47593860325639525,0.7541236194369954,0.0,1.0,-0.997794408747262,0.06638010148155661,1.0,11.0,1.000889969158722,327.5970838749631,0.0,0.0
evt_pay_008324_0,cust_008,pay_008324,2026-05-24T18:41:29.151298+00:00,222068,WHATSAPP_NUDGE,0.8333333333333334,0,0.40784313725490196,2.8152885631904687,0.11894767574204132,0.0,1.0,-0.9836612566844314,0.18002925345066895,0.8,4.0,0.4190160498383978,340.24306887297007,0.0,0.0
evt_pay_004810_0,cust_058,pay_004810,2026-05-24T19:08:54.060775+00:00,236421,RETRY_LATER,0.8333333333333334,0,0.4482758620689655,0.47347061912770033,-0.07196653795570035,0.0,1.0,-0.9551479354342401,0.2961290621261424,1.0,12.0,4.286983765334936,342.76196052119235,0.0,1.0
evt_pay_000709_0,cust_033,pay_000709,2026-05-24T19:30:57.738994+00:00,75747,WHATSAPP_NUDGE,0.8333333333333334,1,0.5688888888888889,4.997668249380733,-0.1444631749058212,0.0,1.0,-0.9222645441513273,0.38655932352142863,1.0,5.0,-0.3958893149650273,328.5567043345265,0.0,0.0
evt_pay_004881_0,cust_043,pay_004881,2026-05-24T19:40:14.798581+00:00,158750,WHATSAPP_NUDGE,0.8333333333333334,0,0.24528301886792453,1.4016170062693998,0.2869509649539299,0.0,1.0,-0.9058524476301734,0.4235933700170767,1.0,6.0,-0.05414349663535748,339.46187123588965,0.0,0.0
evt_pay_004154_2,cust_029,pay_004154,2026-05-24T19:40:37.329621+00:00,39286,ESCALATE_HUMAN,0.8333333333333334,0,0.3873015873015873,0.9166666666666666,-0.34832138421775183,2.0,1.0,-0.9051571727833172,0.42507704308620575,1.0,7.0,-0.8256115037842402,327.8331634693513,1.0,0.0
evt_pay_005758_1,cust_015,pay_005758,2026-05-24T19:50:54.912259+00:00,102175,WHATSAPP_NUDGE,0.8333333333333334,0,0.39147286821705424,0.08333333333333333,-0.38157266905576515,1.0,1.0,-0.8851598500647462,0.4652870510054585,0.9523809523809523,6.0,1.245182551392603,341.24316781002943,0.0,0.0
evt_pay_002539_0,cust_033,pay_002539,2026-05-24T20:12:08.791963+00:00,88128,RETRY_LATER,0.8333333333333334,0,0.5707964601769911,5.026268399482736,0.2989351941275004,0.0,1.0,-0.8383221709158506,0.5451751441059427,0.9545454545454546,6.0,-0.3958893149650273,328.5853044846285,0.0,1.0
evt_pay_004399_1,cust_045,pay_004399,2026-05-24T20:15:13.463593+00:00,74176,ESCALATE_HUMAN,0.03333333333333333,0,0.2988929889298893,0.08333333333333333,-0.42956514879911445,1.0,1.0,-0.8309252549884248,0.5563840585624475,0.9565217391304348,12.0,1.000889969158722,327.68041720829643,0.0,0.0
evt_pay_003360_0,cust_048,pay_003360,2026-05-24T20:27:30.486354+00:00,162222,RETRY_LATER,0.8333333333333334,0,0.28523489932885904,0.8053352916431891,-0.43654085742580634,0.0,1.0,-0.7999253408625112,0.6000995326160448,1.0,8.0,-0.4506859321563252,334.85806319322376,0.0,1.0
evt_pay_005940_0,cust_033,pay_005940,2026-05-24T20:29:32.187338+00:00,66783,RETRY_LATER,0.8333333333333334,0,0.5682819383259912,0.012076335359722634,-0.46550632934933733,0.0,1.0,-0.7945829938228017,0.6071555533202291,0.9583333333333334,5.0,-0.3958893149650273,328.59738081998825,0.0,1.0
evt_pay_006832_0,cust_022,pay_006832,2026-05-24T21:13:45.066022+00:00,87070,RETRY_LATER,0.8333333333333334,0,0.4052044609665427,3.7685535458368995,-0.6420484211353982,0.0,1.0,-0.6634330453287214,0.7482356543000733,1.0,2.0,-0.6143468879245073,332.8909202814923,0.0,1.0
evt_pay_003381_0,cust_039,pay_003381,2026-05-24T21:16:08.087364+00:00,232058,WHATSAPP_NUDGE,0.8333333333333334,1,0.488,1.7594619984666717,-0.22380393216823258,0.0,1.0,-0.6556150484069888,0.7550952974971448,1.0,4.0,-0.6642333856639545,325.2879641007158,0.0,0.0
evt_pay_004881_1,cust_043,pay_004881,2026-05-24T21:40:14.798581+00:00,169143,DO_NOTHING,0.03333333333333333,0,0.24436090225563908,0.08333333333333333,0.4927835322145904,1.0,1.0,-0.5726945467195044,0.8197688431245368,1.0,7.0,-0.05414349663535748,339.54520456922296,0.0,0.0
evt_pay_008186_2,cust_026,pay_008186,2026-05-24T21:52:57.200967+00:00,231254,ESCALATE_HUMAN,0.8333333333333334,0,0.4232558139534884,0.7660271285783627,0.046231565505028376,2.0,1.0,-0.5263870031392197,0.8502450957965657,0.75,9.0,1.9048100532514713,341.46501022228534,0.0,1.0
evt_pay_002539_1,cust_033,pay_002539,2026-05-24T22:12:08.791963+00:00,84544,WHATSAPP_NUDGE,0.8333333333333334,0,0.5657894736842105,0.0712569979736107,0.17056958977667824,1.0,1.0,-0.4534207245158759,0.8912966097655136,0.9565217391304348,5.0,-0.3958893149650273,328.66863781796184,1.0,0.0
evt_pay_005940_1,cust_033,pay_005940,2026-05-24T22:29:32.187338+00:00,85892,WHATSAPP_NUDGE,0.8333333333333334,0,0.5633187772925764,0.012076335359722634,0.21883971128149415,1.0,1.0,-0.384551281405526,0.9231036301355162,0.9583333333333334,5.0,-0.3958893149650273,328.68071415332156,0.0,1.0
evt_pay_005151_0,cust_013,pay_005151,2026-05-24T22:30:27.347969+00:00,202630,WHATSAPP_NUDGE,0.8333333333333334,0,0.2805755395683453,1.1056617341295312,0.510108984968558,0.0,1.0,-0.3808452647706718,0.9246387858519438,0.8333333333333334,16.0,-0.5595801808996762,325.54008704651187,0.0,0.0
evt_pay_005239_0,cust_029,pay_005239,2026-05-24T22:49:04.633076+00:00,53629,WHATSAPP_NUDGE,0.8333333333333334,0,0.3860759493670886,0.1308715677688118,0.5676290742051588,0.0,1.0,-0.3045433940844652,0.9524984625286879,1.0,7.0,-0.8256115037842402,327.96403503712014,0.0,0.0
evt_pay_003211_0,cust_018,pay_003211,2026-05-24T22:56:30.937893+00:00,130802,RETRY_LATER,0.8333333333333334,0,0.2862453531598513,0.7239035427815944,-0.2784795524715159,0.0,1.0,-0.2734739490109341,0.9618794099118481,1.0,2.0,-0.4554811204429685,329.57813242370077,0.0,1.0
evt_pay_007003_2,cust_058,pay_007003,2026-05-24T22:57:33.826982+00:00,324116,ESCALATE_HUMAN,0.8333333333333334,0,0.44656488549618323,0.15879359035936128,0.9611373672091741,2.0,1.0,-0.26907202232407706,0.9631200583532831,0.9565217391304348,12.0,4.286983765334936,342.92075411155173,0.0,0.0
evt_pay_004327_2,cust_048,pay_004327,2026-05-24T23:07:49.517157+00:00,163760,PAYMENT_LINK,0.03333333333333333,0,0.2842809364548495,0.1113313750234776,-0.4135968223578593,2.0,1.0,-0.22569378422928046,0.9741982938602731,1.0,8.0,-0.4506859321563252,334.96939456824725,1.0,0.0
evt_pay_008431_0,cust_026,pay_008431,2026-05-24T23:07:58.972171+00:00,203225,PAYMENT_LINK,0.03333333333333333,0,0.4212962962962963,0.05210383337868052,-0.3056716144361507,0.0,1.0,-0.22502388380584892,0.9743532479121377,0.75,9.0,1.9048100532514713,341.517114055664,0.0,0.0
evt_pay_007899_0,cust_025,pay_007899,2026-05-24T23:13:39.494913+00:00,213159,WHATSAPP_NUDGE,0.8333333333333334,1,0.50390625,0.3497270384883109,-0.039865242567308064,0.0,1.0,-0.200828948479708,0.9796263233766919,0.9565217391304348,3.0,0.10753773716001852,330.65163039954473,0.0,0.0
evt_pay_006832_1,cust_022,pay_006832,2026-05-24T23:13:45.066022+00:00,116118,WHATSAPP_NUDGE,0.8333333333333334,0,0.40370370370370373,0.08333333333333333,0.09696552082622197,1.0,1.0,-0.20043204381470964,0.9797076073054951,0.9090909090909091,2.0,-0.6143468879245073,332.9742536148256,0.0,0.0
evt_pay_000477_2,cust_040,pay_000477,2026-05-24T23:24:21.580173+00:00,156653,ESCALATE_HUMAN,0.8333333333333334,1,0.459915611814346,0.6794225989846154,-0.7986961945463422,2.0,1.0,-0.15488423989764102,0.9879326253501957,1.0,9.0,-0.492492512121923,343.104493882574,0.0,1.0
evt_pay_007582_0,cust_052,pay_007582,2026-05-24T23:29:04.534979+00:00,148382,RETRY_NOW,0.8333333333333334,0,0.4298245614035088,1.2399159580427674,0.051348073439345214,0.0,1.0,-0.13452414231864235,0.9909103163926762,0.75,6.0,-1.0656726581061444,353.8533171318997,1.0,0.0
evt_pay_008042_2,cust_019,pay_008042,2026-05-25T00:11:07.155133+00:00,109108,ESCALATE_HUMAN,0.8333333333333334,0,0.4549019607843137,0.9166666666666666,-0.2522875803775189,2.0,1.0,0.04849785876291212,0.9988232865203998,0.9166666666666666,7.0,-0.5137657855739247,330.4169744477725,0.0,1.0
evt_pay_007657_2,cust_046,pay_007657,2026-05-25T00:40:17.315279+00:00,102812,ESCALATE_HUMAN,0.8333333333333334,0,0.41818181818181815,0.9166666666666666,-0.09699535875568197,2.0,1.0,0.17488811216604652,0.9845883140800505,0.9166666666666666,3.0,-0.9687765812058661,348.04834701470645,0.0,1.0
evt_pay_008431_1,cust_026,pay_008431,2026-05-25T01:07:58.972171+00:00,203532,RETRY_LATER,0.03333333333333333,0,0.41935483870967744,0.08333333333333333,-0.30181211105102596,1.0,1.0,0.29230022412196593,0.9563266068547128,0.75,10.0,1.9048100532514713,341.60044738899734,0.0,0.0
evt_pay_000937_2,cust_026,pay_000937,2026-05-25T01:29:52.457058+00:00,227021,ESCALATE_HUMAN,0.8333333333333334,0,0.41743119266055045,0.015202371376290102,-0.006916429856668147,2.0,1.0,0.38217659158736145,0.9240893099926366,0.7692307692307692,10.0,1.9048100532514713,341.6156497603736,0.0,0.0
evt_pay_005456_0,cust_044,pay_005456,2026-05-25T03:36:02.326629+00:00,252288,WHATSAPP_NUDGE,0.03333333333333333,0,0.4144486692015209,1.293523343389514,0.31887843586770714,0.0,1.0,0.8091164344273379,0.5876483604500155,0.8,5.0,-0.8459251821363672,344.99395154597624,0.0,1.0
evt_pay_004420_2,cust_002,pay_004420,2026-05-25T04:44:55.504867+00:00,309918,ESCALATE_HUMAN,0.8333333333333334,0,0.31272727272727274,0.9166666666666666,0.02387013862536126,2.0,1.0,0.946825001850172,0.3217489951366152,0.9642857142857143,8.0,-0.38277421977533765,333.2804100442923,0.0,1.0
evt_pay_007378_0,cust_031,pay_007378,2026-05-25T04:54:29.659420+00:00,61400,WHATSAPP_NUDGE,0.8333333333333334,0,0.3229571984435798,1.4581122740843853,0.4048464051296526,0.0,1.0,0.9594300950527266,0.28194661322157416,1.0,3.0,-0.07508066613848166,347.5400036622968,0.0,0.0
evt_pay_000187_2,cust_040,pay_000187,2026-05-25T05:05:59.467621+00:00,292185,ESCALATE_HUMAN,0.8333333333333334,0,0.46218487394957986,0.9166666666666666,0.9822222661992573,2.0,1.0,0.9723608816724691,0.2334830096455382,0.962962962962963,9.0,-0.492492512121923,343.3417379502561,0.0,0.0
evt_pay_007830_0,cust_052,pay_007830,2026-05-25T05:22:28.403255+00:00,168863,WHATSAPP_NUDGE,0.8333333333333334,1,0.4279475982532751,0.2454151420775285,0.4528048673915202,0.0,1.0,0.9866244102391365,0.16301003993704227,0.6666666666666667,6.0,-1.0656726581061444,354.0987322739772,0.0,0.0
evt_pay_000076_0,cust_056,pay_000076,2026-05-25T05:26:08.076640+00:00,200582,WHATSAPP_NUDGE,0.8333333333333334,0,0.28187919463087246,2.960455012772646,0.7394571188134903,0.0,1.0,0.9891025085959964,0.147228487355902,0.9047619047619048,7.0,-0.26273729270347856,336.1819290370584,0.0,0.0
evt_pay_006523_0,cust_005,pay_006523,2026-05-25T05:29:06.729739+00:00,131911,WHATSAPP_NUDGE,0.8333333333333334,0,0.2977941176470588,0.8766831097475082,0.022129731240985898,0.0,1.0,0.9909317748263751,0.1343659839373427,0.962962962962963,6.0,-0.6412832630166057,344.9056680696099,0.0,0.0
evt_pay_005456_1,cust_044,pay_005456,2026-05-25T05:36:02.326629+00:00,261866,WHATSAPP_NUDGE,0.8333333333333334,0,0.4128787878787879,0.08333333333333333,0.4394536141631414,1.0,1.0,0.9945395670585684,0.10436019142831898,0.9,6.0,-0.8459251821363672,345.0772848793096,1.0,0.0
evt_pay_004745_0,cust_021,pay_004745,2026-05-25T05:44:52.172503+00:00,174512,RETRY_NOW,0.8333333333333334,0,0.33647798742138363,1.2091258086748742,-0.5385769679747597,0.0,1.0,0.997821532043788,0.06597113148785427,0.5714285714285714,6.0,-0.0711177391970671,340.68833910300606,1.0,0.0
evt_pay_002484_0,cust_002,pay_002484,2026-05-25T05:51:17.876583+00:00,326956,RETRY_LATER,0.8333333333333334,0,0.3115942028985507,0.04609226522887866,0.1822604758456256,0.0,1.0,0.9992792304650732,0.03796076344241881,0.962962962962963,8.0,-0.38277421977533765,333.3265023095212,0.0,1.0
evt_pay_004193_0,cust_038,pay_004193,2026-05-25T05:57:16.619743+00:00,41265,WHATSAPP_NUDGE,0.8333333333333334,0,0.5641025641025641,0.709359051464503,-0.21230806702644447,0.0,1.0,0.9999294176206773,0.011881067998002554,0.9047619047619048,9.0,2.4957647172129915,352.20501617891546,0.0,0.0
evt_pay_006264_0,cust_055,pay_006264,2026-05-25T06:21:01.834134+00:00,291977,WHATSAPP_NUDGE,0.8333333333333334,0,0.32247557003257327,0.7761881898291941,-0.186397881268425,0.0,1.0,0.9957927140507863,-0.0916344402687606,0.9642857142857143,7.0,-1.0480965437343166,351.2136183033812,0.0,0.0
evt_pay_007378_1,cust_031,pay_007378,2026-05-25T06:54:29.659420+00:00,53651,WHATSAPP_NUDGE,0.8333333333333334,1,0.32170542635658916,0.08333333333333333,-0.006836446793983575,1.0,1.0,0.971864142081767,-0.23554211796549462,1.0,4.0,-0.07508066613848166,347.6233369956301,1.0,0.0
evt_pay_002374_2,cust_057,pay_002374,2026-05-25T07:05:03.544966+00:00,76793,ESCALATE_HUMAN,0.8333333333333334,0,0.37610619469026546,0.9166666666666666,-0.17715226830536115,2.0,1.0,0.9599776833433651,-0.28007650291073305,0.8571428571428572,2.0,-0.5990323654313375,345.559943424873,0.0,0.0
evt_pay_000076_1,cust_056,pay_000076,2026-05-25T07:26:08.076640+00:00,135947,WHATSAPP_NUDGE,0.8333333333333334,0,0.2809364548494983,0.08333333333333333,-0.41950051317247633,1.0,1.0,0.930202143069,-0.36704764408703083,0.9047619047619048,8.0,-0.26273729270347856,336.2652623703918,0.0,0.0
evt_pay_006523_1,cust_005,pay_006523,2026-05-25T07:29:06.729739+00:00,136643,WHATSAPP_NUDGE,0.8333333333333334,0,0.2967032967032967,0.08333333333333333,0.12542904315958503,1.0,1.0,0.9253550823855132,-0.379101531918957,0.962962962962963,7.0,-0.6412832630166057,344.9890014029432,0.0,0.0
evt_pay_004745_1,cust_021,pay_004745,2026-05-25T07:44:52.172503+00:00,189753,WHATSAPP_NUDGE,0.8333333333333334,0,0.335423197492163,0.08333333333333333,-0.33607860506535314,1.0,1.0,0.8971243609369559,-0.44177809023700854,0.625,6.0,-0.0711177391970671,340.77167243633943,1.0,0.0
evt_pay_006474_0,cust_035,pay_006474,2026-05-25T07:49:33.243714+00:00,36953,RETRY_NOW,0.8333333333333334,1,0.3321917808219178,2.0594625563259683,-0.4489002968996891,0.0,1.0,0.8879076110251123,-0.46002181935608005,0.9090909090909091,4.0,0.5026080740568922,328.261813127632,1.0,0.0
evt_pay_002484_1,cust_002,pay_002484,2026-05-25T07:51:17.876583+00:00,303905,DO_NOTHING,0.03333333333333333,0,0.3104693140794224,0.08333333333333333,-0.032027218537609516,1.0,1.0,0.8843815807781275,-0.4667646297443503,0.962962962962963,8.0,-0.38277421977533765,333.4098356428545,0.0,0.0
evt_pay_003551_0,cust_001,pay_003551,2026-05-25T07:55:37.350510+00:00,387545,WHATSAPP_NUDGE,0.8333333333333334,0,0.29846153846153844,2.99555967366454,-0.7574578440982039,0.0,1.0,0.8754170587217426,-0.483368361913534,0.8571428571428572,4.0,0.16534712408787333,336.8833955221182,0.0,0.0
evt_pay_004193_1,cust_038,pay_004193,2026-05-25T07:57:16.619743+00:00,63700,WHATSAPP_NUDGE,0.8333333333333334,0,0.5617021276595745,0.08333333333333333,1.225663719240567,1.0,1.0,0.871904811649887,-0.48967540209997795,0.9047619047619048,9.0,2.4957647172129915,352.2883495122488,0.0,1.0
evt_pay_001709_0,cust_050,pay_001709,2026-05-25T08:15:42.308215+00:00,104118,RETRY_LATER,0.8333333333333334,0,0.41785714285714287,1.1212820066802085,-0.30638109907044747,0.0,1.0,0.82975633423035,-0.5581258153898739,0.6666666666666667,3.0,-0.900782201038446,352.059090018341,0.0,1.0
evt_pay_006665_2,cust_055,pay_006665,2026-05-25T09:43:19.174532+00:00,427395,ESCALATE_HUMAN,0.8333333333333334,0,0.32142857142857145,0.1404784768374725,1.0522892138849833,2.0,1.0,0.5616517747867411,-0.8273737268483353,0.96,8.0,-1.0480965437343166,351.3540967802187,0.0,0.0
evt_pay_005069_2,cust_014,pay_005069,2026-05-25T09:52:32.707023+00:00,58688,ESCALATE_HUMAN,0.8333333333333334,0,0.2832764505119454,0.9166666666666666,-0.34820058343596033,2.0,1.0,0.5279006662780558,-0.8493061206321221,0.9090909090909091,7.0,-0.8122776257059364,349.1685124098023,0.0,0.0
evt_pay_003551_1,cust_001,pay_003551,2026-05-25T09:55:37.350510+00:00,535602,ESCALATE_HUMAN,0.03333333333333333,0,0.29754601226993865,0.08333333333333333,0.044702316405580825,1.0,1.0,0.5164492308025159,-0.8563178101636622,0.8571428571428572,5.0,0.16534712408787333,336.9667288554515,1.0,0.0
evt_pay_001887_0,cust_055,pay_001887,2026-05-25T10:18:46.365308+00:00,296716,WHATSAPP_NUDGE,0.8333333333333334,0,0.32038834951456313,0.024620263606796772,-0.1430480226233312,0.0,1.0,0.4274653360287518,-0.9040317397601847,0.96,8.0,-1.0480965437343166,351.3787170438255,0.0,0.0
evt_pay_001643_0,cust_031,pay_001643,2026-05-25T10:54:29.933285+00:00,49053,WHATSAPP_NUDGE,0.8333333333333334,0,0.32432432432432434,0.2500031697258767,-0.2511077174181532,0.0,1.0,0.2819275051798171,-0.9594357101041655,0.875,5.0,-0.07508066613848166,347.7900068320226,0.0,0.0
evt_pay_008487_0,cust_037,pay_008487,2026-05-25T10:57:29.491609+00:00,161511,WHATSAPP_NUDGE,0.8333333333333334,0,0.42105263157894735,1.3543871273146426,0.0345177223358835,0.0,1.0,0.26937565877053177,-0.9630351782058337,1.0,4.0,-0.33341852366871827,332.08645486234724,0.0,0.0
evt_pay_004306_0,cust_023,pay_004306,2026-05-25T11:14:28.526402+00:00,93182,WHATSAPP_NUDGE,0.8333333333333334,0,0.4204081632653061,1.0136521141996013,0.3079171311895718,0.0,1.0,0.19733465453518753,-0.9803361842345095,0.6666666666666667,5.0,0.9385908116339667,348.7206507495154,0.0,0.0
evt_pay_005678_0,cust_026,pay_005678,2026-05-25T11:26:05.266527+00:00,233297,RETRY_LATER,0.03333333333333333,0,0.4155251141552511,0.4140371466264507,0.0718862900988564,0.0,1.0,0.14743061451815442,-0.9890724007385907,1.0,10.0,1.9048100532514713,342.0296869070001,0.0,0.0
evt_pay_007385_0,cust_041,pay_007385,2026-05-25T11:33:51.394295+00:00,295776,WHATSAPP_NUDGE,0.8333333333333334,0,0.45525291828793774,2.3891321075104393,0.35433596619203356,0.0,1.0,0.11382499319679046,-0.9935008157640086,0.9615384615384616,2.0,0.3693318557794774,353.7716779081991,0.0,0.0
evt_pay_007353_0,cust_007,pay_007353,2026-05-25T11:59:54.457351+00:00,349640,WHATSAPP_NUDGE,0.8333333333333334,0,0.4339622641509434,3.200193582089033,0.3178025805667092,0.0,1.0,0.00040307277011354247,-0.9999999187661677,1.0,3.0,-0.46533070623945577,353.59824242950526,0.0,0.0
evt_pay_001887_1,cust_055,pay_001887,2026-05-25T12:18:46.365308+00:00,285727,WHATSAPP_NUDGE,0.8333333333333334,0,0.3193548387096774,0.08333333333333333,-0.24356733186087112,1.0,1.0,-0.08182002964194164,-0.9966471204741384,0.9615384615384616,8.0,-1.0480965437343166,351.46205037715885,0.0,1.0
evt_pay_002850_0,cust_036,pay_002850,2026-05-25T12:32:59.696845+00:00,304645,WHATSAPP_NUDGE,0.8333333333333334,0,0.4714828897338403,1.079495967123118,-0.289860109895602,0.0,1.0,-0.14347080406915805,-0.9896545500222536,0.8,4.0,-0.5882553306323993,335.9642958397518,0.0,0.0
evt_pay_000487_2,cust_017,pay_000487,2026-05-25T12:41:44.945251+00:00,511772,PAYMENT_LINK,0.8333333333333334,0,0.3076923076923077,0.8579401353408874,-0.00011446771689697868,2.0,1.0,-0.18115893701616137,-0.9834538319306985,0.9615384615384616,7.0,0.5027156808516637,348.09060097500816,0.0,0.0
evt_pay_004339_0,cust_054,pay_004339,2026-05-25T12:44:11.412306+00:00,92021,WHATSAPP_NUDGE,0.8333333333333334,0,0.39464882943143814,1.5863519291012456,-0.19795376464978978,0.0,1.0,-0.19162360776999657,-0.9814684880041796,0.8888888888888888,9.0,-0.6956354929968003,340.9872689884547,0.0,0.0
evt_pay_002432_2,cust_009,pay_002432,2026-05-25T12:45:50.871197+00:00,114679,ESCALATE_HUMAN,0.8333333333333334,0,0.3230769230769231,0.7918137460733684,-0.1024743160165359,2.0,1.0,-0.1987173525286428,-0.9800568421290712,0.8181818181818181,6.0,-0.8984355580750027,327.1487100506312,0.0,1.0
evt_pay_008512_2,cust_053,pay_008512,2026-05-25T12:45:53.122435+00:00,263337,ESCALATE_HUMAN,0.8333333333333334,0,0.36824324324324326,0.9166666666666666,-0.5063077478886422,2.0,1.0,-0.19887779955129253,-0.9800242960486418,0.9,13.0,-0.06914381847567465,325.5162234182069,0.0,0.0
evt_pay_001643_1,cust_031,pay_001643,2026-05-25T12:54:29.933285+00:00,54751,WHATSAPP_NUDGE,0.8333333333333334,1,0.3230769230769231,0.08333333333333333,0.05159904935442757,1.0,1.0,-0.23556147354079204,-0.9718594508380781,0.9,6.0,-0.07508066613848166,347.87334016535596,0.0,0.0
evt_pay_004306_1,cust_023,pay_004306,2026-05-25T13:14:28.526402+00:00,80187,WHATSAPP_NUDGE,0.8333333333333334,0,0.4186991869918699,0.08333333333333333,-0.13347882214265483,1.0,1.0,-0.3192712682427561,-0.9476633670637807,0.7142857142857143,6.0,0.9385908116339667,348.80398408284873,1.0,0.0
evt_pay_008354_0,cust_009,pay_008354,2026-05-25T13:20:56.913479+00:00,113652,RETRY_NOW,0.8333333333333334,0,0.3218390804597701,0.02437548937715898,-0.12714674419229036,0.0,1.0,-0.3459064636823742,-0.9382690010773852,0.8181818181818181,6.0,-0.8984355580750027,327.17308554000834,1.0,0.0
evt_pay_007353_1,cust_007,pay_007353,2026-05-25T13:59:54.457351+00:00,333401,RETRY_LATER,0.03333333333333333,0,0.431924882629108,0.08333333333333333,0.1703440284893647,1.0,1.0,-0.4996508881245916,-0.866226869818933,1.0,4.0,-0.46533070623945577,353.6815757628386,0.0,1.0
evt_pay_005173_0,cust_009,pay_005173,2026-05-25T14:09:44.861721+00:00,174676,ESCALATE_HUMAN,0.03333333333333333,0,0.32061068702290074,0.03388828983491976,1.338716410489886,0.0,1.0,-0.5363708044941905,-0.8439824406267318,0.8333333333333334,6.0,-0.8984355580750027,327.20697382984326,1.0,0.0
evt_pay_002850_1,cust_036,pay_002850,2026-05-25T14:32:59.696845+00:00,302528,WHATSAPP_NUDGE,0.8333333333333334,0,0.4696969696969697,0.08333333333333333,-0.30769913116160336,1.0,1.0,-0.6190766360363974,-0.7853305792555502,0.8461538461538461,5.0,-0.5882553306323993,336.0476291730851,0.0,1.0
evt_pay_000220_2,cust_020,pay_000220,2026-05-25T15:03:37.192513+00:00,60898,ESCALATE_HUMAN,0.8333333333333334,0,0.3377049180327869,0.9166666666666666,-0.01793149285100901,2.0,1.0,-0.7181866460205654,-0.6958505166181391,1.0,5.0,0.06752823759169156,339.86593408403087,0.0,0.0
evt_pay_007192_0,cust_044,pay_007192,2026-05-25T15:46:05.174182+00:00,275701,RETRY_LATER,0.8333333333333334,0,0.41132075471698115,0.42364406889695755,0.6136254816601203,0.0,1.0,-0.8340934442777473,-0.551623174107909,1.0,7.0,-0.8459251821363672,345.50092894820654,0.0,1.0
evt_pay_003646_0,cust_002,pay_003646,2026-05-25T16:00:28.586995+00:00,312583,WHATSAPP_NUDGE,0.8333333333333334,0,0.30935251798561153,0.3397072964406978,0.048644207387107334,0.0,1.0,-0.8670629840979627,-0.4981985363358027,0.9545454545454546,8.0,-0.38277421977533765,333.7495429392952,0.0,0.0
evt_pay_005182_0,cust_029,pay_005182,2026-05-25T16:37:16.565178+00:00,36844,WHATSAPP_NUDGE,0.8333333333333334,0,0.38485804416403785,0.7418047697072438,-0.5042442282155686,0.0,1.0,-0.9355613290879592,-0.35316426704179915,0.9545454545454546,8.0,-0.8256115037842402,328.7058398068273,0.0,0.0
evt_pay_008375_0,cust_023,pay_008375,2026-05-25T17:00:45.373087+00:00,94798,RETRY_NOW,0.8333333333333334,0,0.41700404858299595,0.15713942922174814,0.36281061059143954,0.0,1.0,-0.9667745720104652,-0.2556304498959028,0.8571428571428572,7.0,0.9385908116339667,348.9611235120704,1.0,0.0
evt_pay_005233_0,cust_026,pay_005233,2026-05-25T17:30:06.113659+00:00,259335,RETRY_LATER,0.8333333333333334,0,0.41363636363636364,0.2527875825452952,0.3987950612365499,0.0,1.0,-0.9915027950410396,-0.13008538513532678,1.0,9.0,1.9048100532514713,342.2824744895454,0.0,1.0
evt_pay_007192_1,cust_044,pay_007192,2026-05-25T17:46:05.174182+00:00,250322,PAYMENT_LINK,0.03333333333333333,0,0.40977443609022557,0.08333333333333333,0.29412688908630397,1.0,1.0,-0.9981576989285438,-0.06067295995478159,1.0,7.0,-0.8459251821363672,345.58426228153985,0.0,1.0
evt_pay_005758_2,cust_015,pay_005758,2026-05-25T17:50:54.912259+00:00,91310,ESCALATE_HUMAN,0.8333333333333334,1,0.38996138996138996,0.9166666666666666,-0.6448317660217068,2.0,1.0,-0.9992144420688241,-0.03962951880970046,0.8888888888888888,6.0,1.245182551392603,342.15983447669606,1.0,0.0
evt_pay_003646_1,cust_002,pay_003646,2026-05-25T18:00:28.586995+00:00,375238,DO_NOTHING,0.03333333333333333,0,0.30824372759856633,0.08333333333333333,0.6310934959134727,1.0,1.0,-0.9999978390778798,0.0020789034539517625,0.9545454545454546,8.0,-0.38277421977533765,333.83287627262854,1.0,0.0
evt_pay_005182_1,cust_029,pay_005182,2026-05-25T18:37:16.565178+00:00,39390,WHATSAPP_NUDGE,0.8333333333333334,0,0.3836477987421384,0.08333333333333333,-0.3416588937044045,1.0,1.0,-0.9868020113094055,0.16193143757687045,0.9565217391304348,9.0,-0.8256115037842402,328.7891731401607,0.0,0.0
evt_pay_008375_1,cust_023,pay_008375,2026-05-25T19:00:45.373087+00:00,75275,WHATSAPP_NUDGE,0.8333333333333334,1,0.4153225806451613,0.08333333333333333,-0.30031571594772166,1.0,1.0,-0.9650665640418423,0.262004822414536,0.875,7.0,0.9385908116339667,349.0444568454038,0.0,0.0
evt_pay_002539_2,cust_033,pay_002539,2026-05-25T20:12:08.791963+00:00,79871,RETRY_LATER,0.03333333333333333,0,0.5608695652173913,0.904590331306944,0.0032202309286122953,2.0,1.0,-0.8383221709158506,0.5451751441059427,0.8571428571428572,6.0,-0.3958893149650273,329.5853044846285,0.0,1.0
evt_pay_005940_2,cust_033,pay_005940,2026-05-25T20:29:32.187338+00:00,79049,ESCALATE_HUMAN,0.8333333333333334,0,0.5584415584415584,0.012076335359722634,-0.026216607100386407,2.0,1.0,-0.7945829938228017,0.6071555533202291,0.8461538461538461,6.0,-0.3958893149650273,329.59738081998825,0.0,1.0
evt_pay_005343_0,cust_050,pay_005343,2026-05-25T20:44:26.162557+00:00,81455,WHATSAPP_NUDGE,0.8333333333333334,0,0.41637010676156583,0.5199520178450143,-0.8616066152728016,0.0,1.0,-0.7534600004804359,0.6574937472524143,0.7777777777777778,2.0,-0.900782201038446,352.57904203618597,0.0,0.0
evt_pay_003458_0,cust_008,pay_003458,2026-05-25T21:34:36.940361+00:00,279531,RETRY_NOW,0.8333333333333334,0,0.40625,1.12022904007938,0.8890601579366442,0.0,1.0,-0.5926611789920856,0.8054518774673699,1.0,5.0,0.4190160498383978,341.3632979130495,1.0,0.0
evt_pay_002330_0,cust_045,pay_002330,2026-05-25T21:37:58.828396+00:00,73987,RETRY_NOW,0.8333333333333334,0,0.2977941176470588,1.0574695000392278,-0.4357489360357321,0.0,1.0,-0.5807723174229054,0.8140660386696082,0.8461538461538461,10.0,1.000889969158722,328.7378867083357,1.0,0.0
evt_pay_006408_0,cust_019,pay_006408,2026-05-25T21:47:09.188434+00:00,111355,RETRY_NOW,0.8333333333333334,1,0.453125,0.9000235335683252,-0.1986385995203522,0.0,1.0,-0.5477342992783304,0.8366523396214681,0.875,7.0,-0.5137657855739247,331.3169979813408,1.0,0.0
evt_pay_005481_0,cust_042,pay_005481,2026-05-25T22:16:12.718096+00:00,186017,RETRY_NOW,0.03333333333333333,0,0.39097744360902253,1.5031174017821058,-0.5701038776724364,0.0,1.0,-0.43753967733605753,0.8991991051800812,0.8,5.0,0.21388002896855346,351.8575101437391,0.0,1.0
evt_pay_007503_0,cust_054,pay_007503,2026-05-25T22:39:26.650171+00:00,97289,RETRY_LATER,0.03333333333333333,0,0.3933333333333333,0.4133708086313466,-0.04572435101011274,0.0,1.0,-0.34429814164723205,0.9388603674978844,0.7777777777777778,10.0,-0.6956354929968003,341.40063979708606,1.0,0.0
evt_pay_005343_1,cust_050,pay_005343,2026-05-25T22:44:26.162557+00:00,90759,PAYMENT_LINK,0.03333333333333333,0,0.4148936170212766,0.08333333333333333,-0.6336770369504556,1.0,1.0,-0.32376862752528546,0.9461362881902337,0.8181818181818181,2.0,-0.900782201038446,352.66237536951934,1.0,0.0
evt_pay_006558_0,cust_026,pay_006558,2026-05-25T23:04:21.385815+00:00,225081,WHATSAPP_NUDGE,0.8333333333333334,1,0.4117647058823529,0.23212120551335147,-0.031266064134666385,0.0,1.0,-0.24041257998372043,0.9706707945465194,1.0,8.0,1.9048100532514713,342.5145956950587,0.0,0.0
evt_pay_008431_2,cust_026,pay_008431,2026-05-25T23:07:58.972171+00:00,175745,ESCALATE_HUMAN,0.8333333333333334,0,0.4144144144144144,0.23463956611863068,-0.6506797192544288,2.0,1.0,-0.22502388380584892,0.9743532479121377,0.9333333333333333,9.0,1.9048100532514713,342.517114055664,0.0,1.0
evt_pay_003478_0,cust_022,pay_003478,2026-05-25T23:11:09.833971+00:00,111318,RETRY_LATER,0.8333333333333334,0,0.4022140221402214,0.998203332740862,-0.02517049593062755,0.0,1.0,-0.21147875453194193,0.9773825946790841,0.7777777777777778,2.0,-0.6143468879245073,333.9724569475665,0.0,1.0
evt_pay_005481_1,cust_042,pay_005481,2026-05-26T00:16:12.718096+00:00,264350,DO_NOTHING,0.03333333333333333,0,0.3895131086142322,0.08333333333333333,0.39297547538344585,1.0,1.0,0.07067907685336865,0.9974991068142145,0.8181818181818181,5.0,0.21388002896855346,351.9408434770724,1.0,0.0
evt_pay_007503_1,cust_054,pay_007503,2026-05-26T00:39:26.650171+00:00,96216,WHATSAPP_NUDGE,0.8333333333333334,0,0.3920265780730897,0.08333333333333333,-0.07672656676595103,1.0,1.0,0.17125924660666642,0.9852259996831778,0.8,10.0,-0.6956354929968003,341.4839731304194,0.0,0.0
evt_pay_003422_0,cust_042,pay_003422,2026-05-26T00:40:32.969826+00:00,263105,RETRY_LATER,0.8333333333333334,1,0.3880597014925373,0.01690106168486712,0.3776688438433219,0.0,1.0,0.17600888423183741,0.9843885780886853,0.8333333333333334,5.0,0.21388002896855346,351.95774453875725,0.0,1.0
evt_pay_006648_0,cust_015,pay_006648,2026-05-26T00:47:48.370695+00:00,95780,WHATSAPP_NUDGE,0.8333333333333334,0,0.3923076923076923,1.206174287461124,-0.5365201463001789,0.0,1.0,0.20708439038231055,0.9783230832705455,0.8888888888888888,6.0,1.245182551392603,342.4493420974905,0.0,0.0
evt_pay_003478_1,cust_022,pay_003478,2026-05-26T01:11:09.833971+00:00,115001,WHATSAPP_NUDGE,0.8333333333333334,1,0.4007352941176471,0.08333333333333333,0.0685346296626101,1.0,1.0,0.3055453235541879,0.9521775334748067,0.75,2.0,-0.6143468879245073,334.0557902808998,0.0,0.0
evt_pay_008410_0,cust_012,pay_008410,2026-05-26T01:16:13.063034+00:00,487440,WHATSAPP_NUDGE,0.8333333333333334,0,0.4549019607843137,1.904669428149873,-0.2856902608427029,0.0,1.0,0.3264662222763572,0.9452088688287917,0.7692307692307692,9.0,-0.5006574979571285,335.25901590566895,0.0,0.0
evt_pay_008147_0,cust_024,pay_008147,2026-05-26T01:37:50.099328+00:00,87966,RETRY_NOW,0.8333333333333334,0,0.24253731343283583,2.2105092974968747,-0.23097039948704903,0.0,1.0,0.41403796568593426,0.9102596129515211,0.8181818181818181,6.0,-1.1653357768016162,340.7258003586032,1.0,0.0
evt_pay_001846_0,cust_010,pay_001846,2026-05-26T01:56:32.496910+00:00,91158,RETRY_LATER,0.8333333333333334,0,0.3854166666666667,2.0309389301485417,0.4379255253008384,0.0,1.0,0.48687520254690747,0.8734715434087752,0.9,2.0,-0.045395759303349575,355.0265313392424,0.0,1.0
evt_pay_001343_0,cust_035,pay_001343,2026-05-26T02:05:12.012161+00:00,43741,WHATSAPP_NUDGE,0.8333333333333334,1,0.33447098976109213,2.8203279318678747,-0.0065487924413576695,0.0,1.0,0.5195198675232537,0.8544583706937517,0.6666666666666667,3.0,0.5026080740568922,329.02267850317395,0.0,0.0
evt_pay_001175_0,cust_050,pay_001175,2026-05-26T02:07:31.993946+00:00,119324,WHATSAPP_NUDGE,0.8333333333333334,0,0.4134275618374558,0.1410397151484896,0.06613100465383637,0.0,1.0,0.5281909826714354,0.8491256007355941,0.7857142857142857,3.0,-0.900782201038446,352.80341508466785,0.0,0.0
evt_pay_004124_0,cust_045,pay_004124,2026-05-26T02:07:39.683977+00:00,61935,RETRY_NOW,0.8333333333333334,0,0.2967032967032967,0.1872784210785312,-0.83018806433133,0.0,1.0,0.5286657606886264,0.8488300851616394,0.9090909090909091,10.0,1.000889969158722,328.9251651294142,1.0,0.0
evt_pay_005774_0,cust_025,pay_005774,2026-05-26T02:17:37.870451+00:00,186263,WHATSAPP_NUDGE,0.8333333333333334,0,0.5058365758754864,1.4774860146188757,-0.395336781453085,0.0,1.0,0.5650792326442912,0.8250366421160572,0.9166666666666666,4.0,0.10753773716001852,331.7793893756753,0.0,0.0
evt_pay_005394_0,cust_044,pay_005394,2026-05-26T02:22:17.493053+00:00,203344,WHATSAPP_NUDGE,0.8333333333333334,1,0.40823970037453183,0.358475912860816,-0.2972745392648798,0.0,1.0,0.5817381468888132,0.8133761297544756,0.9230769230769231,8.0,-0.8459251821363672,345.94273819440076,0.0,0.0
evt_pay_000231_0,cust_006,pay_000231,2026-05-26T02:35:36.879648+00:00,142289,WHATSAPP_NUDGE,0.8333333333333334,0,0.47058823529411764,2.465819724130218,0.2668792724120428,0.0,1.0,0.6280128404564057,0.7782029762355559,0.9230769230769231,6.0,-0.3286363658753921,347.75646638129336,0.0,0.0
evt_pay_006648_1,cust_015,pay_006648,2026-05-26T02:47:48.370695+00:00,114447,WHATSAPP_NUDGE,0.8333333333333334,0,0.39080459770114945,0.08333333333333333,-0.0842488259031916,1.0,1.0,0.6685018844335676,0.743710448029856,0.9285714285714286,7.0,1.245182551392603,342.5326754308239,0.0,0.0
evt_pay_005456_2,cust_044,pay_005456,2026-05-26T03:36:02.326629+00:00,258261,ESCALATE_HUMAN,0.8333333333333334,0,0.41044776119402987,0.4096892644363758,0.3940718925384688,2.0,1.0,0.8091164344273379,0.5876483604500155,0.8571428571428572,9.0,-0.8459251821363672,345.99395154597624,0.0,0.0
evt_pay_008147_1,cust_024,pay_008147,2026-05-26T03:37:50.099328+00:00,110800,WHATSAPP_NUDGE,0.8333333333333334,0,0.241635687732342,0.08333333333333333,0.45074351044565386,1.0,1.0,0.8136972028910093,0.5812889660120408,0.8333333333333334,6.0,-1.1653357768016162,340.8091336919365,0.0,0.0
evt_pay_001175_1,cust_050,pay_001175,2026-05-26T04:07:31.993946+00:00,130859,WHATSAPP_NUDGE,0.8333333333333334,0,0.4119718309859155,0.08333333333333333,0.34871594716151133,1.0,1.0,0.8819896094111263,0.47126884990502915,0.8,4.0,-0.900782201038446,352.88674841800116,1.0,0.0
evt_pay_004124_1,cust_045,pay_004124,2026-05-26T04:07:39.683977+00:00,91060,DO_NOTHING,0.03333333333333333,0,0.2956204379562044,0.08333333333333333,0.12298711292353581,1.0,1.0,0.8822530214481947,0.4707755369021751,0.9333333333333333,9.0,1.000889969158722,329.0084984627476,0.0,0.0
evt_pay_001038_0,cust_031,pay_001038,2026-05-26T04:15:53.859155+00:00,67612,RETRY_LATER,0.8333333333333334,1,0.32567049808429116,0.7231935864683692,0.7348949774158503,0.0,1.0,0.8985981911652939,0.43877248185644213,0.8461538461538461,7.0,-0.07508066613848166,348.51320041849095,0.0,1.0
evt_pay_000231_1,cust_006,pay_000231,2026-05-26T04:35:36.879648+00:00,106980,WHATSAPP_NUDGE,0.8333333333333334,0,0.4689655172413793,0.08333333333333333,-0.5083483312762631,1.0,1.0,0.9329765618558489,0.3599371264924464,0.9375,7.0,-0.3286363658753921,347.8397997146267,0.0,0.0
evt_pay_004540_0,cust_057,pay_004540,2026-05-26T04:39:13.367971+00:00,75201,RETRY_NOW,0.8333333333333334,0,0.3744493392070485,0.8987248032990843,-0.2327356319773964,0.0,1.0,0.9385273689592856,0.34520483443074934,0.7857142857142857,2.0,-0.5990323654313375,346.45866822817214,1.0,0.0
evt_pay_005906_0,cust_015,pay_005906,2026-05-26T05:10:42.715719+00:00,99799,RETRY_NOW,0.8333333333333334,0,0.3893129770992366,0.09924010443639493,-0.4391467217363445,0.0,1.0,0.9769636381704991,0.2134058333145137,0.9411764705882353,8.0,1.245182551392603,342.63191553526025,1.0,0.0
evt_pay_000076_2,cust_056,pay_000076,2026-05-26T05:26:08.076640+00:00,171060,DO_NOTHING,0.03333333333333333,0,0.28,0.9166666666666666,0.21010666299698724,2.0,1.0,0.9891025085959964,0.147228487355902,0.9444444444444444,5.0,-0.26273729270347856,337.1819290370584,0.0,1.0
evt_pay_006523_2,cust_005,pay_006523,2026-05-26T05:29:06.729739+00:00,126259,ESCALATE_HUMAN,0.8333333333333334,0,0.2956204379562044,0.9166666666666666,-0.10122912923605767,2.0,1.0,0.9909317748263751,0.1343659839373427,1.0,8.0,-0.6412832630166057,345.9056680696099,1.0,0.0
evt_pay_004745_2,cust_021,pay_004745,2026-05-26T05:44:52.172503+00:00,269832,DO_NOTHING,0.03333333333333333,0,0.334375,0.9166666666666666,0.7278539386420191,2.0,1.0,0.997821532043788,0.06597113148785427,0.8666666666666667,5.0,-0.0711177391970671,341.68833910300606,0.0,1.0
evt_pay_004193_2,cust_038,pay_004193,2026-05-26T05:57:16.619743+00:00,48393,RETRY_LATER,0.03333333333333333,0,0.559322033898305,0.9166666666666666,0.2445609699283875,2.0,1.0,0.9999294176206773,0.011881067998002554,0.9444444444444444,8.0,2.4957647172129915,353.20501617891546,0.0,0.0
evt_pay_002193_0,cust_015,pay_002193,2026-05-26T05:59:24.226787+00:00,104800,RETRY_LATER,0.8333333333333334,0,0.38783269961977185,0.03381378551013844,-0.31797963919744004,0.0,1.0,0.9999966160969075,0.002601498555473671,0.9444444444444444,8.0,1.245182551392603,342.6657293207704,0.0,1.0
evt_pay_005486_0,cust_057,pay_005486,2026-05-26T06:04:52.428928+00:00,90897,WHATSAPP_NUDGE,0.8333333333333334,0,0.37280701754385964,0.05947987218710674,0.3150588927429366,0.0,1.0,0.9997738864680586,-0.021264428902592242,0.7857142857142857,2.0,-0.5990323654313375,346.5181481003592,0.0,0.0
evt_pay_008035_0,cust_000,pay_008035,2026-05-26T06:13:52.780394+00:00,173796,RETRY_LATER,0.8333333333333334,0,0.3657587548638132,2.3024055971500466,1.0434288250613697,0.0,1.0,0.9981667128335973,-0.06052448587944422,0.8666666666666667,6.0,0.8132490481077264,344.9148472028246,0.0,1.0
evt_pay_002846_0,cust_053,pay_002846,2026-05-26T06:23:31.723457+00:00,303970,RETRY_NOW,0.8333333333333334,1,0.367003367003367,0.7344745488604758,-0.14357217681980045,0.0,1.0,0.9947347373885154,-0.10248318024242492,0.8,12.0,-0.06914381847567465,326.2506979670674,1.0,0.0
evt_pay_004540_1,cust_057,pay_004540,2026-05-26T06:39:13.367971+00:00,76364,WHATSAPP_NUDGE,0.8333333333333334,0,0.37117903930131,0.02385346114622659,-0.1921335332416281,1.0,1.0,0.9853909608810868,-0.17030752835341287,0.75,3.0,-0.5990323654313375,346.54200156150546,1.0,0.0
evt_pay_007511_0,cust_043,pay_007511,2026-05-26T07:06:41.848135+00:00,161274,PAYMENT_LINK,0.03333333333333333,1,0.24344569288389514,1.3933686290952967,0.3369447607979821,0.0,1.0,0.9579509572633673,-0.28693198406277093,1.0,5.0,-0.05414349663535748,340.93857319831824,0.0,1.0
evt_pay_004681_0,cust_051,pay_004681,2026-05-26T07:23:34.390245+00:00,576576,RETRY_NOW,0.03333333333333333,0,0.4609375,3.0753054666514763,-0.15259887780807568,0.0,1.0,0.9342462293430849,-0.35662863451807697,0.6,10.0,-1.013594580420746,334.10294698961116,0.0,0.0
evt_pay_003681_0,cust_044,pay_003681,2026-05-26T07:26:32.367989+00:00,266885,WHATSAPP_NUDGE,0.8333333333333334,0,0.40892193308550184,0.16006992314748913,0.5026408177208596,0.0,1.0,0.9295522962181543,-0.3686902881763455,0.8461538461538461,9.0,-0.8459251821363672,346.15402146912373,0.0,0.0
evt_pay_006500_0,cust_030,pay_006500,2026-05-26T07:33:13.387342+00:00,163878,RETRY_NOW,0.8333333333333334,0,0.3737024221453287,2.738162553290408,-0.14974425522406662,0.0,1.0,0.9184064699489808,-0.3956381629163848,0.8571428571428572,2.0,1.7722569671050512,326.258932852706,1.0,0.0
evt_pay_003353_0,cust_017,pay_003353,2026-05-26T07:38:32.190602+00:00,517551,PAYMENT_LINK,0.8333333333333334,0,0.3065134099616858,0.7894357100739361,0.032145670741401434,0.0,1.0,0.9089879953718395,-0.4168222933935811,0.9166666666666666,8.0,0.5027156808516637,348.8800366850821,0.0,0.0
evt_pay_001067_0,cust_001,pay_001067,2026-05-26T07:44:06.900266+00:00,620377,RETRY_NOW,0.8333333333333334,0,0.2966360856269113,0.9086753444043628,0.5040102828890515,0.0,1.0,0.898573957834678,-0.43882210780830355,0.8,4.0,0.16534712408787333,337.87540419985584,1.0,0.0
evt_pay_002429_0,cust_040,pay_002429,2026-05-26T07:57:58.077448+00:00,232105,RETRY_NOW,0.8333333333333334,0,0.4602510460251046,1.1194283544820678,0.1927702163113507,0.0,1.0,0.8704245341052443,-0.49230186921000846,0.9166666666666666,8.0,-0.492492512121923,344.46116630473813,1.0,0.0
evt_pay_002193_1,cust_015,pay_002193,2026-05-26T07:59:24.226787+00:00,116698,WHATSAPP_NUDGE,0.8333333333333334,0,0.38636363636363635,0.08333333333333333,-0.029707524803367243,1.0,1.0,0.8673232225161335,-0.49774534421150507,0.9411764705882353,8.0,1.245182551392603,342.74906265410374,0.0,0.0
evt_pay_007190_0,cust_024,pay_007190,2026-05-26T08:01:30.346695+00:00,76874,RETRY_NOW,0.8333333333333334,0,0.24074074074074073,0.1831047148920296,-0.5620920585293251,0.0,1.0,0.8627216368856968,-0.5056791247908735,0.8,7.0,-1.1653357768016162,340.99223840682856,1.0,0.0
evt_pay_005486_1,cust_057,pay_005486,2026-05-26T08:04:52.428928+00:00,59835,WHATSAPP_NUDGE,0.8333333333333334,0,0.3695652173913043,0.05947987218710674,-0.7689681409047919,1.0,1.0,0.8551973692703418,-0.5183024788606423,0.8125,4.0,-0.5990323654313375,346.6014814336925,0.0,0.0
evt_pay_008035_1,cust_000,pay_008035,2026-05-26T08:13:52.780394+00:00,119049,WHATSAPP_NUDGE,0.8333333333333334,0,0.3643410852713178,0.08333333333333333,-0.18526491669176276,1.0,1.0,0.8341754875861798,-0.5514990987393898,0.8666666666666667,6.0,0.8132490481077264,344.9981805361579,0.0,0.0
evt_pay_007426_0,cust_048,pay_007426,2026-05-26T08:37:47.974918+00:00,266105,PAYMENT_LINK,0.03333333333333333,0,0.2833333333333333,1.3958154833474623,1.1135412353452196,0.0,1.0,0.7721805314649809,-0.6354032002016197,0.9230769230769231,5.0,-0.4506859321563252,336.3652100515947,1.0,0.0
evt_pay_003662_0,cust_002,pay_003662,2026-05-26T08:47:13.404809+00:00,338544,RETRY_LATER,0.8333333333333334,0,0.30714285714285716,0.6157965024773185,0.2899848749559725,0.0,1.0,0.7454079024316831,-0.6666086250510103,0.9285714285714286,8.0,-0.38277421977533765,334.4486727751059,0.0,1.0
evt_pay_007428_0,cust_020,pay_007428,2026-05-26T08:58:26.170281+00:00,62062,RETRY_LATER,0.8333333333333334,1,0.3366013071895425,0.746400205647698,0.03634779733885181,0.0,1.0,0.7119152181995779,-0.70226542140123,0.8666666666666667,4.0,0.06752823759169156,340.6123342896786,0.0,1.0
evt_pay_004681_1,cust_051,pay_004681,2026-05-26T09:23:34.390245+00:00,632070,PAYMENT_LINK,0.8333333333333334,0,0.4591439688715953,0.08333333333333333,0.10770813615056621,1.0,1.0,0.6307666507418959,-0.775972571881153,0.7,10.0,-1.013594580420746,334.18628032294447,1.0,0.0
evt_pay_000932_0,cust_042,pay_000932,2026-05-26T09:25:00.849369+00:00,205427,WHATSAPP_NUDGE,0.8333333333333334,1,0.3903345724907063,0.381112630478223,-0.3314676668541568,0.0,1.0,0.6258752991701754,-0.7799231435780345,0.8666666666666667,5.0,0.21388002896855346,352.32195610755065,0.0,0.0
evt_pay_003681_1,cust_044,pay_003681,2026-05-26T09:26:32.367989+00:00,293171,WHATSAPP_NUDGE,0.8333333333333334,1,0.4074074074074074,0.08333333333333333,0.8335568271754147,1.0,1.0,0.6206707585829064,-0.7840713037983978,0.8125,10.0,-0.8459251821363672,346.23735480245705,0.0,0.0
evt_pay_001107_0,cust_033,pay_001107,2026-05-26T09:31:06.047479+00:00,74463,RETRY_LATER,0.8333333333333334,0,0.5560344827586207,0.5427530108934207,-0.190460857195007,0.0,1.0,0.6049438597046759,-0.7962681248207851,0.9444444444444444,6.0,-0.3958893149650273,330.14013383088167,0.0,1.0
evt_pay_006500_1,cust_030,pay_006500,2026-05-26T09:33:13.387342+00:00,212427,WHATSAPP_NUDGE,0.8333333333333334,0,0.3724137931034483,0.08333333333333333,0.6523170383320183,1.0,1.0,0.5975442525176146,-0.8018359347666861,0.7647058823529411,2.0,1.7722569671050512,326.34226618603935,0.0,1.0
evt_pay_003353_1,cust_017,pay_003353,2026-05-26T09:38:32.190602+00:00,447841,WHATSAPP_NUDGE,0.8333333333333334,0,0.3053435114503817,0.08333333333333333,-0.3570167249654514,1.0,1.0,0.5787955490303144,-0.8154726926284516,0.9333333333333333,9.0,0.5027156808516637,348.9633700184154,1.0,0.0
evt_pay_001067_1,cust_001,pay_001067,2026-05-26T09:44:06.900266+00:00,525775,PAYMENT_LINK,0.8333333333333334,0,0.29573170731707316,0.08333333333333333,-0.00853663243481232,1.0,1.0,0.5587768207598065,-0.8293180720215635,0.8235294117647058,4.0,0.16534712408787333,337.9587375331892,0.0,0.0
evt_pay_007233_0,cust_042,pay_007233,2026-05-26T09:54:39.554560+00:00,235534,WHATSAPP_NUDGE,0.8333333333333334,0,0.3925925925925926,0.4016994961144367,0.038693377648987566,0.0,1.0,0.5200437965840721,-0.8541395961050069,0.8125,6.0,0.21388002896855346,352.34254297318677,0.0,0.0
evt_pay_002429_1,cust_040,pay_002429,2026-05-26T09:57:58.077448+00:00,238705,WHATSAPP_NUDGE,0.8333333333333334,0,0.4583333333333333,0.08333333333333333,0.2794889452610299,1.0,1.0,0.5076588240073717,-0.8615581921190538,0.9333333333333333,8.0,-0.492492512121923,344.5444996380715,0.0,1.0
evt_pay_004556_0,cust_019,pay_004556,2026-05-26T10:22:39.945289+00:00,119055,WHATSAPP_NUDGE,0.8333333333333334,0,0.45525291828793774,1.4246850712460553,-0.014805579552345021,0.0,1.0,0.41204814710179993,-0.9111620736564782,0.7272727272727273,5.0,-0.5137657855739247,331.84165951901855,0.0,0.0
evt_pay_005991_0,cust_021,pay_005991,2026-05-26T10:35:38.008818+00:00,253711,RETRY_LATER,0.8333333333333334,0,0.3333333333333333,0.20191940179840154,0.5136668531350036,0.0,1.0,0.3598605134008605,-0.9330061151433409,0.8235294117647058,5.0,-0.0711177391970671,341.8902585048045,0.0,1.0
evt_pay_007426_1,cust_048,pay_007426,2026-05-26T10:37:47.974918+00:00,207603,WHATSAPP_NUDGE,0.8333333333333334,0,0.2823920265780731,0.08333333333333333,0.24060665700556727,1.0,1.0,0.35102635645563285,-0.9363655787530226,0.9333333333333333,6.0,-0.4506859321563252,336.44854338492803,0.0,0.0
evt_pay_003662_1,cust_002,pay_003662,2026-05-26T10:47:13.404809+00:00,366517,ESCALATE_HUMAN,0.03333333333333333,0,0.30604982206405695,0.08333333333333333,0.550017771368884,1.0,1.0,0.3122378671620044,-0.9500039548918323,0.9375,8.0,-0.38277421977533765,334.5320061084392,0.0,0.0
evt_pay_008150_0,cust_007,pay_008150,2026-05-26T10:52:57.627127+00:00,233274,RETRY_LATER,0.8333333333333334,1,0.42990654205607476,0.8701755761102845,-0.7388675444730355,0.0,1.0,0.28836150251983345,-0.9575216153510604,0.7777777777777778,3.0,-0.46533070623945577,354.55175133894886,0.0,1.0
evt_pay_002713_0,cust_000,pay_002713,2026-05-26T11:15:09.602165+00:00,119778,WHATSAPP_NUDGE,0.8333333333333334,0,0.36293436293436293,0.1258891408640276,-0.16892154804988843,0.0,1.0,0.19440540279722165,-0.980921270726275,0.8235294117647058,7.0,0.8132490481077264,345.12406967702196,0.0,0.0
evt_pay_007233_1,cust_042,pay_007233,2026-05-26T11:54:39.554560+00:00,215174,RETRY_LATER,0.03333333333333333,0,0.39114391143911437,0.08333333333333333,-0.21162194958789218,1.0,1.0,0.023301340869809842,-0.999728486897152,0.8333333333333334,7.0,0.21388002896855346,352.42587630652014,1.0,0.0
evt_pay_004556_1,cust_019,pay_004556,2026-05-26T12:22:39.945289+00:00,116345,PAYMENT_LINK,0.03333333333333333,0,0.45348837209302323,0.08333333333333333,-0.07950147229787254,1.0,1.0,-0.09873687385577287,-0.995113576302318,0.75,6.0,-0.5137657855739247,331.92499285235186,0.0,1.0
evt_pay_008213_0,cust_048,pay_008213,2026-05-26T12:31:36.998196+00:00,165718,RETRY_NOW,0.8333333333333334,0,0.2814569536423841,0.0790396212730684,-0.38438640217288284,0.0,1.0,-0.1375164475904568,-0.9904994834133439,0.9333333333333333,7.0,-0.4506859321563252,336.5275830062011,1.0,0.0
evt_pay_005991_1,cust_021,pay_005991,2026-05-26T12:35:38.008818+00:00,190191,DO_NOTHING,0.03333333333333333,0,0.33229813664596275,0.08333333333333333,-0.33025653868654176,1.0,1.0,-0.15485471114761515,-0.9879372543007925,0.8421052631578947,4.0,-0.0711177391970671,341.9735918381378,1.0,0.0
evt_pay_006972_0,cust_036,pay_006972,2026-05-26T12:42:15.397988+00:00,309952,WHATSAPP_NUDGE,0.8333333333333334,0,0.4679245283018868,0.9230983928542665,-0.24513781149235633,0.0,1.0,-0.1833364335819894,-0.9830502286869358,0.75,6.0,-0.5882553306323993,336.9707275659394,0.0,0.0
evt_pay_007801_0,cust_053,pay_007801,2026-05-26T12:49:25.650238+00:00,292205,RETRY_NOW,0.8333333333333334,0,0.3691275167785235,1.0024598125311286,-0.24859678409822933,0.0,1.0,-0.21400016822609633,-0.9768336234995203,0.7857142857142857,11.0,-0.06914381847567465,326.5186832307381,1.0,0.0
evt_pay_006864_0,cust_041,pay_006864,2026-05-26T13:50:44.449278+00:00,280123,RETRY_LATER,0.8333333333333334,0,0.45348837209302323,1.0950585067521577,0.18437630916209455,0.0,1.0,-0.46461340764002745,-0.8855136257794805,0.9333333333333333,3.0,0.3693318557794774,354.8667364149513,0.0,1.0
evt_pay_004470_0,cust_009,pay_004470,2026-05-26T14:11:21.352144+00:00,97154,RETRY_LATER,0.8333333333333334,0,0.3193916349809886,1.0011167873073343,-0.523425600596983,0.0,1.0,-0.5422797602849275,-0.8401979895151628,0.7,6.0,-0.8984355580750027,328.2080906171506,0.0,1.0
evt_pay_008213_1,cust_048,pay_008213,2026-05-26T14:31:36.998196+00:00,238698,WHATSAPP_NUDGE,0.8333333333333334,0,0.28052805280528054,0.08333333333333333,0.7045840446532503,1.0,1.0,-0.6143424787581988,-0.7890394912760907,0.9375,7.0,-0.4506859321563252,336.6109163395344,0.0,0.0
evt_pay_006972_1,cust_036,pay_006972,2026-05-26T14:42:15.397988+00:00,472322,WHATSAPP_NUDGE,0.8333333333333334,0,0.46616541353383456,0.08333333333333333,1.1231723099089994,1.0,1.0,-0.6502991232647094,-0.7596782544479934,0.7,7.0,-0.5882553306323993,337.05406089927277,0.0,0.0
evt_pay_007801_1,cust_053,pay_007801,2026-05-26T14:49:25.650238+00:00,414784,WHATSAPP_NUDGE,0.8333333333333334,0,0.36789297658862874,0.08333333333333333,0.8456849138603879,1.0,1.0,-0.6737463938477029,-0.7389626491083403,0.8571428571428572,11.0,-0.06914381847567465,326.6020165640714,0.0,1.0
evt_pay_000666_0,cust_041,pay_000666,2026-05-26T15:04:56.897742+00:00,261321,RETRY_LATER,0.8333333333333334,0,0.4517374517374517,0.05153296832403006,-0.019773938786918615,0.0,1.0,-0.7222079365357061,-0.6916760053701714,0.9411764705882353,3.0,0.3693318557794774,354.91826938327523,0.0,1.0
evt_pay_001647_0,cust_038,pay_001647,2026-05-26T15:25:41.540448+00:00,42366,RETRY_LATER,0.8333333333333334,0,0.5569620253164557,0.39473287852657296,-0.14172896582734926,0.0,1.0,-0.7817717780277543,-0.6235646615061855,0.9444444444444444,8.0,2.4957647172129915,353.599749057442,0.0,1.0
evt_pay_007192_2,cust_044,pay_007192,2026-05-26T15:46:05.174182+00:00,252096,ESCALATE_HUMAN,0.8333333333333334,0,0.4095940959409594,0.34690747908280173,0.3164669741668897,2.0,1.0,-0.8340934442777473,-0.551623174107909,0.6428571428571428,11.0,-0.8459251821363672,346.50092894820654,1.0,0.0
evt_pay_006864_1,cust_041,pay_006864,2026-05-26T15:50:44.449278+00:00,298566,DO_NOTHING,0.03333333333333333,1,0.45,0.03180036500930328,0.3846355649796739,1.0,1.0,-0.8451238268448589,-0.5345705915022833,0.9444444444444444,3.0,0.3693318557794774,354.95006974828465,0.0,0.0
evt_pay_004470_1,cust_009,pay_004470,2026-05-26T16:11:21.352144+00:00,143254,WHATSAPP_NUDGE,0.8333333333333334,0,0.3181818181818182,0.08333333333333333,0.5839270884492614,1.0,1.0,-0.8897270431224642,-0.4564929229862788,0.7272727272727273,6.0,-0.8984355580750027,328.29142395048393,0.0,0.0
evt_pay_001341_0,cust_011,pay_001341,2026-05-26T16:31:59.013597+00:00,48450,DO_NOTHING,0.03333333333333333,0,0.4396887159533074,2.816952234646635,-0.5218098425699232,0.0,1.0,-0.927156980433305,-0.37467310236230744,0.6428571428571428,10.0,-0.306212897974724,330.4082459799169,1.0,0.0
evt_pay_005182_2,cust_029,pay_005182,2026-05-26T16:37:16.565178+00:00,50751,ESCALATE_HUMAN,0.8333333333333334,0,0.3824451410658307,0.9166666666666666,0.3838414136980584,2.0,1.0,-0.9355613290879592,-0.35316426704179915,0.8888888888888888,9.0,-0.8256115037842402,329.7058398068273,0.0,0.0
evt_pay_000666_1,cust_041,pay_000666,2026-05-26T17:04:56.897742+00:00,260058,WHATSAPP_NUDGE,0.8333333333333334,0,0.4521072796934866,0.08333333333333333,-0.033482433829810324,1.0,1.0,-0.9712884225397469,-0.2379050235708569,0.8888888888888888,3.0,0.3693318557794774,355.0016027166086,1.0,0.0
evt_pay_001647_1,cust_038,pay_001647,2026-05-26T17:25:41.540448+00:00,38338,WHATSAPP_NUDGE,0.8333333333333334,0,0.5546218487394958,0.08333333333333333,-0.39987670754731847,1.0,1.0,-0.9888165504868571,-0.14913694875272457,0.9473684210526316,8.0,2.4957647172129915,353.6830823907753,0.0,0.0
evt_pay_003659_0,cust_050,pay_003659,2026-05-26T17:33:14.061996+00:00,108492,RETRY_NOW,0.8333333333333334,0,0.4105263157894737,0.5595146765048943,-0.1992402437349146,0.0,1.0,-0.9931881334494697,-0.11652180729442196,0.8333333333333334,5.0,-0.900782201038446,353.44626309450604,1.0,0.0
evt_pay_004378_0,cust_002,pay_004378,2026-05-26T18:18:16.094702+00:00,396021,RETRY_LATER,0.03333333333333333,0,0.3049645390070922,0.31322557746352686,0.8242920982763424,0.0,1.0,-0.9968248192558923,0.07962587340467672,0.8888888888888888,8.0,-0.38277421977533765,334.8452316859027,1.0,0.0
evt_pay_000117_0,cust_011,pay_000117,2026-05-26T18:25:12.396002+00:00,68344,RETRY_LATER,0.03333333333333333,1,0.437984496124031,0.07862711116352254,0.43706977843217487,0.0,1.0,-0.9939577949093602,0.10976293517814736,0.6153846153846154,10.0,-0.306212897974724,330.4868730910804,1.0,0.0
evt_pay_008547_0,cust_001,pay_008547,2026-05-26T18:47:27.591492+00:00,499234,RETRY_NOW,0.8333333333333334,0,0.2948328267477204,0.3773228151116352,-0.15233378855361634,0.0,1.0,-0.9786348927061946,0.20560580433911593,0.8666666666666667,5.0,0.16534712408787333,338.3360603483008,1.0,0.0
evt_pay_001596_0,cust_051,pay_001596,2026-05-26T19:12:42.593938+00:00,544600,PAYMENT_LINK,0.8333333333333334,0,0.4573643410852713,0.4091227279306698,-0.3025904140850444,0.0,1.0,-0.9500947694300927,0.311961422457295,0.75,10.0,-1.013594580420746,334.5954030508752,0.0,0.0
evt_pay_000462_0,cust_048,pay_000462,2026-05-26T19:19:15.922646+00:00,184205,DO_NOTHING,0.03333333333333333,0,0.27960526315789475,0.19975607002133225,-0.1085319578348056,0.0,1.0,-0.9407841013338498,0.33900630477538407,0.8888888888888888,8.0,-0.4506859321563252,336.81067240955576,0.0,0.0
evt_pay_007447_0,cust_039,pay_007447,2026-05-26T20:09:09.780665+00:00,201358,RETRY_NOW,0.8333333333333334,1,0.4900398406374502,3.7129538190808753,-0.5721803422660783,0.0,1.0,-0.8453480637767533,0.5342159217665589,0.7692307692307692,3.0,-0.6642333856639545,327.24145592133,1.0,0.0
evt_pay_000348_0,cust_003,pay_000348,2026-05-26T20:10:10.320414+00:00,208873,RETRY_NOW,0.03333333333333333,0,0.4939759036144578,2.1401985265702783,-0.14752513273536813,0.0,1.0,-0.8429879533084089,0.5379324405321728,0.8947368421052632,2.0,2.053947620637407,331.87105918252513,0.0,0.0
evt_pay_000348_1,cust_003,pay_000348,2026-05-26T22:10:10.320414+00:00,278318,WHATSAPP_NUDGE,0.8333333333333334,1,0.492,0.08333333333333333,0.7533652786555588,1.0,1.0,-0.46108276238324647,0.8873571356748278,0.9,2.0,2.053947620637407,331.9543925158585,0.0,0.0
evt_pay_000314_0,cust_052,pay_000314,2026-05-26T22:31:09.175975+00:00,156243,PAYMENT_LINK,0.03333333333333333,0,0.43043478260869567,1.9597759374494597,0.20543839860326923,0.0,1.0,-0.3780309238808881,0.925792968535494,0.875,7.0,-1.0656726581061444,355.8130930693492,0.0,0.0
evt_pay_002841_0,cust_033,pay_002841,2026-05-26T22:33:27.582147+00:00,76098,WHATSAPP_NUDGE,0.8333333333333334,1,0.5536480686695279,0.5433047993947374,-0.13191660579704134,0.0,1.0,-0.3686936589539496,0.9295509592524493,1.0,3.0,-0.3958893149650273,330.6834386302764,0.0,0.0
evt_pay_007503_2,cust_054,pay_007503,2026-05-26T22:39:26.650171+00:00,85748,ESCALATE_HUMAN,0.8333333333333334,1,0.39072847682119205,0.9166666666666666,-0.3792262793030995,2.0,1.0,-0.34429814164723205,0.9388603674978844,0.875,7.0,-0.6956354929968003,342.40063979708606,0.0,0.0
evt_pay_007168_0,cust_009,pay_007168,2026-05-26T23:38:24.282304+00:00,131583,RETRY_NOW,0.8333333333333334,0,0.3169811320754717,0.31045058055243163,0.30358165591251196,0.0,1.0,-0.09408787469138154,0.995563896410501,0.75,7.0,-0.8984355580750027,328.6018745310364,1.0,0.0
evt_pay_000806_0,cust_016,pay_000806,2026-05-26T23:57:33.892079+00:00,122343,WHATSAPP_NUDGE,0.8333333333333334,1,0.3592592592592593,3.7451777907704504,0.14607373399365908,0.0,1.0,-0.01062506793701132,0.9999435523724997,0.5454545454545454,6.0,-0.5381138706705891,348.77795418238657,0.0,0.0
evt_pay_001644_0,cust_013,pay_001644,2026-05-27T00:02:17.344438+00:00,125176,RETRY_NOW,0.8333333333333334,0,0.27956989247311825,2.0637731072892507,-0.777001767133197,0.0,1.0,0.009987803352555839,0.9999501206481205,0.8125,9.0,-0.5595801808996762,327.6038601538011,1.0,0.0
evt_pay_004901_0,cust_056,pay_004901,2026-05-27T00:15:07.310998+00:00,158940,RETRY_LATER,0.03333333333333333,0,0.27906976744186046,0.7840189161793963,-0.0072107980268375765,0.0,1.0,0.06593365239097641,0.9978240092733718,0.9411764705882353,4.0,-0.26273729270347856,337.96594795323784,1.0,0.0
evt_pay_003826_0,cust_053,pay_003826,2026-05-27T00:19:10.924251+00:00,338972,WHATSAPP_NUDGE,0.8333333333333334,0,0.36666666666666664,0.39566289367024865,0.16889724771167441,0.0,1.0,0.08359988677170963,0.9964994023740091,0.8235294117647058,9.0,-0.06914381847567465,326.99767945774164,0.0,0.0
evt_pay_000314_1,cust_052,pay_000314,2026-05-27T00:31:09.175975+00:00,152086,RETRY_LATER,0.03333333333333333,0,0.42857142857142855,0.08333333333333333,0.12394062798118373,1.0,1.0,0.13551210077079623,0.9907756913371893,0.8666666666666667,8.0,-1.0656726581061444,355.8964264026825,0.0,1.0
evt_pay_000928_0,cust_029,pay_000928,2026-05-27T00:45:50.618122+00:00,36805,RETRY_LATER,0.8333333333333334,0,0.38125,0.3392830201762725,-0.5067744223875074,0.0,1.0,0.19869931538238442,0.980060499186949,0.8571428571428572,9.0,-0.8256115037842402,330.04512282700364,0.0,1.0
evt_pay_000862_0,cust_031,pay_000862,2026-05-27T01:14:09.788632+00:00,44016,RETRY_NOW,0.8333333333333334,0,0.3282442748091603,1.596989066520602,-0.518715369269364,0.0,1.0,0.31797963957766007,0.948097541824712,0.8235294117647058,7.0,-0.07508066613848166,349.38699589854326,1.0,0.0
evt_pay_006626_0,cust_036,pay_006626,2026-05-27T01:31:14.754991+00:00,286557,RETRY_NOW,0.8333333333333334,0,0.46441947565543074,0.45068700234590625,-0.4422895696003299,0.0,1.0,0.3877002726364295,0.9217854948943589,0.8333333333333334,7.0,-0.5882553306323993,337.50474790161866,1.0,0.0
evt_pay_007168_1,cust_009,pay_007168,2026-05-27T01:38:24.282304+00:00,146486,WHATSAPP_NUDGE,0.8333333333333334,0,0.3157894736842105,0.08333333333333333,0.6615509078687933,1.0,1.0,0.41629945853442696,0.909227562727804,0.8461538461538461,7.0,-0.8984355580750027,328.6852078643697,0.0,1.0
evt_pay_001644_1,cust_013,pay_001644,2026-05-27T02:02:17.344438+00:00,165741,ESCALATE_HUMAN,0.03333333333333333,0,0.2785714285714286,0.08333333333333333,-0.10291278695633245,1.0,1.0,0.508624751755377,0.8609883053223087,0.8235294117647058,9.0,-0.5595801808996762,327.68719348713444,0.0,0.0
evt_pay_001175_2,cust_050,pay_001175,2026-05-27T02:07:31.993946+00:00,128817,ESCALATE_HUMAN,0.8333333333333334,0,0.4090909090909091,0.3571519901617724,0.2986925303477669,2.0,1.0,0.5281909826714354,0.8491256007355941,0.9285714285714286,5.0,-0.900782201038446,353.80341508466785,1.0,0.0
evt_pay_003826_1,cust_053,pay_003826,2026-05-27T02:19:10.924251+00:00,279023,WHATSAPP_NUDGE,0.8333333333333334,0,0.3654485049833887,0.08333333333333333,-0.3662705366628076,1.0,1.0,0.5706493268848077,0.8211938539260482,0.8333333333333334,9.0,-0.06914381847567465,327.08101279107495,0.0,0.0
evt_pay_006301_0,cust_031,pay_006301,2026-05-27T02:28:09.183878+00:00,63129,WHATSAPP_NUDGE,0.8333333333333334,0,0.3269961977186312,0.05138188942233531,0.49672726433457015,0.0,1.0,0.6023482739521551,0.7982333974890173,0.8421052631578947,7.0,-0.07508066613848166,349.4383777879655,0.0,0.0
evt_pay_000231_2,cust_006,pay_000231,2026-05-27T02:35:36.879648+00:00,174414,ESCALATE_HUMAN,0.8333333333333334,0,0.46735395189003437,0.9166666666666666,0.9721973869690601,2.0,1.0,0.6280128404564057,0.7782029762355559,0.9285714285714286,8.0,-0.3286363658753921,348.75646638129336,0.0,0.0
evt_pay_005822_0,cust_055,pay_005822,2026-05-27T02:43:08.689048+00:00,347838,RETRY_LATER,0.8333333333333334,0,0.3183279742765273,1.6002583766214873,0.3245689759987745,0.0,1.0,0.6532383163788922,0.7571523638043206,0.8636363636363636,8.0,-1.0480965437343166,353.0623087537803,0.0,1.0
evt_pay_008095_0,cust_038,pay_008095,2026-05-27T02:44:42.251283+00:00,45969,WHATSAPP_NUDGE,0.8333333333333334,0,0.5523012552301255,0.3882026716976081,0.08918402375248163,0.0,1.0,0.6583748491129752,0.7526902138698677,0.9285714285714286,9.0,2.4957647172129915,354.07128506247295,0.0,0.0
evt_pay_000928_1,cust_029,pay_000928,2026-05-27T02:45:50.618122+00:00,47530,WHATSAPP_NUDGE,0.8333333333333334,0,0.38006230529595014,0.08333333333333333,0.17811516416351764,1.0,1.0,0.6621089044291956,0.7494076318503639,0.8695652173913043,9.0,-0.8256115037842402,330.12845616033695,0.0,0.0
evt_pay_005476_0,cust_012,pay_005476,2026-05-27T02:55:28.080398+00:00,490515,WHATSAPP_NUDGE,0.8333333333333334,0,0.453125,1.0689238120875946,-0.2694706901713287,0.0,1.0,0.6929867265046762,0.7209503428727482,0.9285714285714286,5.0,-0.5006574979571285,336.3279397177566,0.0,0.0
evt_pay_005076_0,cust_048,pay_005076,2026-05-27T03:17:00.866616+00:00,181277,RETRY_LATER,0.8333333333333334,0,0.2786885245901639,0.3317701848374668,-0.1522100531606376,0.0,1.0,0.7576061211434749,0.6527120078610001,0.875,8.0,-0.4506859321563252,337.14244259439323,0.0,1.0
evt_pay_007918_0,cust_018,pay_007918,2026-05-27T03:17:05.357812+00:00,136377,WHATSAPP_NUDGE,0.8333333333333334,0,0.2851851851851852,2.1809539342540725,-0.16858464417487848,0.0,1.0,0.757819262370895,0.6524645320472466,0.88,2.0,-0.4554811204429685,331.7590863579548,0.0,0.0
evt_pay_006626_1,cust_036,pay_006626,2026-05-27T03:31:14.754991+00:00,267533,WHATSAPP_NUDGE,0.8333333333333334,0,0.4626865671641791,0.08333333333333333,-0.602612714070071,1.0,1.0,0.7966510326044802,0.604439519100311,0.9230769230769231,7.0,-0.5882553306323993,337.58808123495197,1.0,0.0
evt_pay_006154_0,cust_054,pay_006154,2026-05-27T03:54:09.953782+00:00,118845,RETRY_LATER,0.8333333333333334,0,0.3927392739273927,1.1352234214179096,0.5771943992820467,0.0,1.0,0.853018156461092,0.52188123624798,0.8421052631578947,7.0,-0.6956354929968003,342.6191965518373,0.0,1.0
evt_pay_003126_0,cust_038,pay_003126,2026-05-27T04:33:50.207249+00:00,40122,WHATSAPP_NUDGE,0.8333333333333334,1,0.55,0.07578652738557896,-0.28553243921561294,0.0,1.0,0.9301563286063195,0.36716372962700516,0.9230769230769231,10.0,2.4957647172129915,354.14707158985857,0.0,0.0
evt_pay_004540_2,cust_057,pay_004540,2026-05-27T04:39:13.367971+00:00,71713,ESCALATE_HUMAN,0.8333333333333334,0,0.36796536796536794,0.8571867944795599,-0.35446186181093703,2.0,1.0,0.9385273689592856,0.34520483443074934,0.8947368421052632,5.0,-0.5990323654313375,347.45866822817214,0.0,0.0
evt_pay_008095_1,cust_038,pay_008095,2026-05-27T04:44:42.251283+00:00,46668,WHATSAPP_NUDGE,0.8333333333333334,0,0.5518672199170125,0.08333333333333333,0.1339923759936808,1.0,1.0,0.9465144514795171,0.32266142183476004,0.8461538461538461,11.0,2.4957647172129915,354.15461839580627,0.0,1.0
evt_pay_005476_1,cust_012,pay_005476,2026-05-27T04:55:28.080398+00:00,721278,PAYMENT_LINK,0.8333333333333334,0,0.45136186770428016,0.08333333333333333,0.9479025969499282,1.0,1.0,0.9606192810748426,0.2778679485425632,0.9285714285714286,6.0,-0.5006574979571285,336.4112730510899,0.0,0.0
evt_pay_007918_1,cust_018,pay_007918,2026-05-27T05:17:05.357812+00:00,156191,ESCALATE_HUMAN,0.03333333333333333,0,0.28413284132841327,0.08333333333333333,0.22204469523954073,1.0,1.0,0.9825229987140032,0.18614122863579402,0.8846153846153846,3.0,-0.4554811204429685,331.84241969128817,1.0,0.0
evt_pay_005837_0,cust_040,pay_005837,2026-05-27T05:23:36.698323+00:00,178508,WHATSAPP_NUDGE,0.8333333333333334,0,0.45643153526970953,0.8094747786380291,-0.511509193923418,0.0,1.0,0.9874218372918979,0.15810792275876837,0.8888888888888888,9.0,-0.492492512121923,345.3539744167095,0.0,0.0
evt_pay_005486_2,cust_057,pay_005486,2026-05-27T06:04:52.428928+00:00,80574,ESCALATE_HUMAN,0.8333333333333334,0,0.36637931034482757,0.05947987218710674,-0.045226955682283715,2.0,1.0,0.9997738864680586,-0.021264428902592242,0.8947368421052632,5.0,-0.5990323654313375,347.5181481003592,1.0,0.0
evt_pay_001781_0,cust_044,pay_001781,2026-05-27T06:18:46.697688+00:00,168288,WHATSAPP_NUDGE,0.8333333333333334,0,0.40808823529411764,0.6060361516974808,-0.7385852299352886,0.0,1.0,0.9966451424812638,-0.08184411993846219,0.5,11.0,-0.8459251821363672,347.106965099904,0.0,0.0
evt_pay_000671_0,cust_002,pay_000671,2026-05-27T06:53:07.892661+00:00,308955,RETRY_LATER,0.8333333333333334,0,0.303886925795053,0.5242106245269156,0.014917522984240972,0.0,1.0,0.973247543865006,-0.22975904413261555,0.8888888888888888,8.0,-0.38277421977533765,335.36944231042963,0.0,1.0
evt_pay_008120_0,cust_013,pay_008120,2026-05-27T06:53:38.059652+00:00,160847,RETRY_NOW,0.8333333333333334,0,0.2775800711743772,0.20232309275475777,-0.18423492628335417,0.0,1.0,0.9727411555974896,-0.23189360536000211,0.9411764705882353,8.0,-0.5595801808996762,327.8895165798892,1.0,0.0
evt_pay_004681_2,cust_051,pay_004681,2026-05-27T07:23:34.390245+00:00,578613,PAYMENT_LINK,0.8333333333333334,0,0.4555984555984556,0.5075439387359969,-0.14304504962031964,2.0,1.0,0.9342462293430849,-0.35662863451807697,0.9285714285714286,9.0,-1.013594580420746,335.10294698961116,1.0,0.0
evt_pay_005837_1,cust_040,pay_005837,2026-05-27T07:23:36.698323+00:00,186417,PAYMENT_LINK,0.03333333333333333,1,0.45454545454545453,0.08333333333333333,-0.407582226936235,1.0,1.0,0.9341863567256723,-0.35678544099726783,0.9259259259259259,10.0,-0.492492512121923,345.43730775004286,0.0,1.0
evt_pay_006500_2,cust_030,pay_006500,2026-05-27T07:33:13.387342+00:00,187251,ESCALATE_HUMAN,0.8333333333333334,0,0.3711340206185567,0.9166666666666666,0.2363933894859488,2.0,1.0,0.9184064699489808,-0.3956381629163848,0.5,3.0,1.7722569671050512,327.258932852706,0.0,0.0
evt_pay_003353_2,cust_017,pay_003353,2026-05-27T07:38:32.190602+00:00,546816,PAYMENT_LINK,0.8333333333333334,0,0.3041825095057034,0.9166666666666666,0.19552193727696296,2.0,1.0,0.9089879953718395,-0.4168222933935811,0.8928571428571429,9.0,0.5027156808516637,349.8800366850821,0.0,0.0
evt_pay_001067_2,cust_001,pay_001067,2026-05-27T07:44:06.900266+00:00,408349,ESCALATE_HUMAN,0.8333333333333334,0,0.29393939393939394,0.5393438515550315,-0.6447446871748328,2.0,1.0,0.898573957834678,-0.43882210780830355,0.9444444444444444,2.0,0.16534712408787333,338.87540419985584,0.0,1.0
evt_pay_002429_2,cust_040,pay_002429,2026-05-27T07:57:58.077448+00:00,183860,WHATSAPP_NUDGE,0.03333333333333333,0,0.4567901234567901,0.10719188802863755,-0.4411837635707173,2.0,1.0,0.8704245341052443,-0.49230186921000846,0.8928571428571429,11.0,-0.492492512121923,345.46116630473813,1.0,0.0
evt_pay_004362_0,cust_042,pay_004362,2026-05-27T08:01:48.604235+00:00,225442,RETRY_LATER,0.8333333333333334,0,0.3897058823529412,0.838299186047171,-0.08538414785249195,0.0,1.0,0.8620494734468137,-0.5068241364912205,0.9230769230769231,7.0,0.21388002896855346,353.26417549256735,0.0,1.0
evt_pay_001781_1,cust_044,pay_001781,2026-05-27T08:18:46.697688+00:00,266039,WHATSAPP_NUDGE,0.8333333333333334,0,0.4065934065934066,0.08333333333333333,0.49198609080210026,1.0,1.0,0.8221979519779049,-0.5692016582577205,0.5,12.0,-0.8459251821363672,347.19029843323733,0.0,0.0
evt_pay_003618_0,cust_000,pay_003618,2026-05-27T08:41:19.810235+00:00,188107,RETRY_LATER,0.8333333333333334,0,0.36153846153846153,0.8931737045093465,1.3646290747905743,0.0,1.0,0.7623008454417922,-0.6472228526857877,0.9230769230769231,8.0,0.8132490481077264,346.0172433815313,0.0,1.0
evt_pay_000671_1,cust_002,pay_000671,2026-05-27T08:53:07.892661+00:00,319185,WHATSAPP_NUDGE,0.8333333333333334,0,0.3028169014084507,0.08333333333333333,0.11002279205334795,1.0,1.0,0.7279775750915971,-0.6856009409005781,0.8846153846153846,8.0,-0.38277421977533765,335.452775643763,0.0,0.0
evt_pay_008120_1,cust_013,pay_008120,2026-05-27T08:53:38.059652+00:00,140354,WHATSAPP_NUDGE,0.8333333333333334,0,0.2765957446808511,0.08333333333333333,-0.5247798092723621,1.0,1.0,0.7264717493740563,-0.6871963310156699,0.9375,8.0,-0.5595801808996762,327.97284991322255,1.0,0.0
evt_pay_006599_0,cust_036,pay_006599,2026-05-27T09:41:54.862239+00:00,304911,WHATSAPP_NUDGE,0.8333333333333334,0,0.46096654275092935,0.2574086487057343,-0.28762170811687415,0.0,1.0,0.5667141144486776,-0.8239145055675687,0.9230769230769231,8.0,-0.5882553306323993,337.8454898836577,0.0,0.0
evt_pay_003228_0,cust_026,pay_003228,2026-05-27T10:08:41.293971+00:00,212785,WHATSAPP_NUDGE,0.8333333333333334,0,0.4125560538116592,1.4588231689820457,-0.18563771180372132,0.0,1.0,0.4668179739285213,-0.8843534243826222,0.625,7.0,1.9048100532514713,343.97593722464603,0.0,0.0
evt_pay_004556_2,cust_019,pay_004556,2026-05-27T10:22:39.945289+00:00,150056,PAYMENT_LINK,0.03333333333333333,0,0.4517374517374517,0.9166666666666666,0.7253156222699133,2.0,1.0,0.41204814710179993,-0.9111620736564782,0.9285714285714286,7.0,-0.5137657855739247,332.84165951901855,0.0,1.0
evt_pay_003618_1,cust_000,pay_003618,2026-05-27T10:41:19.810235+00:00,111459,WHATSAPP_NUDGE,0.8333333333333334,0,0.36015325670498083,0.08333333333333333,-0.3556295737677351,1.0,1.0,0.336560471136053,-0.9416618550566217,1.0,8.0,0.8132490481077264,346.10057671486464,1.0,0.0
evt_pay_002680_0,cust_021,pay_002680,2026-05-27T11:38:31.465510+00:00,210710,WHATSAPP_NUDGE,0.8333333333333334,0,0.33126934984520123,0.9603409339272654,-0.05765053109371819,0.0,1.0,0.093567801739528,-0.9956129099593036,1.0,3.0,-0.0711177391970671,342.93393277206513,0.0,0.0
evt_pay_006599_1,cust_036,pay_006599,2026-05-27T11:41:54.862239+00:00,370650,DO_NOTHING,0.03333333333333333,0,0.45925925925925926,0.08333333333333333,0.2663739361463047,1.0,1.0,0.07883156701197196,-0.9968879495923486,0.9285714285714286,9.0,-0.5882553306323993,337.928823216991,0.0,0.0
evt_pay_001194_0,cust_013,pay_001194,2026-05-27T11:45:13.210534+00:00,185844,RETRY_LATER,0.8333333333333334,0,0.2756183745583039,0.11915683890227531,0.2311640898411918,0.0,1.0,0.06444445900757781,-0.9979212953450891,0.9375,9.0,-0.5595801808996762,328.0920067521248,0.0,1.0
evt_pay_003228_1,cust_026,pay_003228,2026-05-27T12:08:41.293971+00:00,212333,WHATSAPP_NUDGE,0.8333333333333334,0,0.4107142857142857,0.08333333333333333,-0.19131392032018127,1.0,1.0,-0.03790048782602973,-0.9992815184033721,0.75,7.0,1.9048100532514713,344.05927055797935,0.0,0.0
evt_pay_001934_0,cust_034,pay_001934,2026-05-27T12:27:30.540918+00:00,48307,WHATSAPP_NUDGE,0.8333333333333334,0,0.3231939163498099,5.899447476095115,-0.3055696602631123,0.0,1.0,-0.11974270901718796,-0.9928049575003265,0.75,3.0,-0.5369784473169031,340.6319585751438,0.0,0.0
evt_pay_008213_2,cust_048,pay_008213,2026-05-27T12:31:36.998196+00:00,187703,ESCALATE_HUMAN,0.8333333333333334,0,0.2777777777777778,0.3851404118078676,-0.05633307370164224,2.0,1.0,-0.1375164475904568,-0.9904994834133439,0.8695652173913043,8.0,-0.4506859321563252,337.5275830062011,0.0,1.0
evt_pay_000697_0,cust_016,pay_000697,2026-05-27T12:37:18.809116+00:00,137557,WHATSAPP_NUDGE,0.8333333333333334,0,0.36162361623616235,4.272780997219589,0.5195229371374269,0.0,1.0,-0.16209246547342185,-0.9867755735914563,0.7777777777777778,7.0,-0.5381138706705891,349.3055573888357,0.0,0.0
evt_pay_006972_2,cust_036,pay_006972,2026-05-27T12:42:15.397988+00:00,291650,ESCALATE_HUMAN,0.8333333333333334,0,0.4575645756457565,0.041904348948359406,-0.39937450392125295,2.0,1.0,-0.1833364335819894,-0.9830502286869358,0.9285714285714286,9.0,-0.5882553306323993,337.9707275659394,1.0,0.0
evt_pay_008161_0,cust_035,pay_008161,2026-05-27T12:56:48.490912+00:00,51040,RETRY_LATER,0.8333333333333334,0,0.336734693877551,4.272833472973389,0.4691347180339294,0.0,1.0,-0.24534199506357576,-0.9694365917677259,0.9285714285714286,3.0,0.5026080740568922,330.47518404427944,0.0,1.0
evt_pay_000938_0,cust_001,pay_000938,2026-05-27T13:04:10.272240+00:00,445863,RETRY_NOW,0.8333333333333334,0,0.2930513595166163,0.22226124969643024,-0.4414944842772201,0.0,1.0,-0.2763553590023631,-0.9610555215754577,0.9375,2.0,0.16534712408787333,339.09766544955227,1.0,0.0
evt_pay_007779_0,cust_035,pay_007779,2026-05-27T13:07:27.928264+00:00,47430,RETRY_LATER,0.8333333333333334,0,0.33559322033898303,0.007400895270867143,0.23384805978877904,0.0,1.0,-0.29014050045065676,-0.9569840594274507,0.9333333333333333,3.0,0.5026080740568922,330.48258493955035,0.0,1.0
evt_pay_005043_0,cust_053,pay_005043,2026-05-27T13:21:12.975826+00:00,337047,RETRY_LATER,0.8333333333333334,0,0.36423841059602646,0.459745967307299,0.151716319772369,0.0,1.0,-0.3470022071429048,-0.9378643122744103,0.9411764705882353,10.0,-0.06914381847567465,327.54075875838225,0.0,1.0
evt_pay_005690_0,cust_054,pay_005690,2026-05-27T13:29:08.508196+00:00,101694,RETRY_NOW,0.8333333333333334,1,0.39144736842105265,0.3992888242339063,0.08157880441681256,0.0,1.0,-0.37922120770456286,-0.9253060443048521,0.9444444444444444,7.0,-0.6956354929968003,343.01848537607117,1.0,0.0
evt_pay_003101_0,cust_010,pay_003101,2026-05-27T13:31:34.466613+00:00,81241,WHATSAPP_NUDGE,0.8333333333333334,0,0.38408304498269896,1.4826616863777342,0.07944683113682349,0.0,1.0,-0.3890212253948238,-0.921228791447765,0.7777777777777778,1.0,-0.045395759303349575,356.50919302562016,0.0,0.0
evt_pay_002680_1,cust_021,pay_002680,2026-05-27T13:38:31.465510+00:00,230679,WHATSAPP_NUDGE,0.8333333333333334,0,0.33024691358024694,0.08333333333333333,0.20766137897301432,1.0,1.0,-0.4167743616969546,-0.9090099732302699,1.0,4.0,-0.0711177391970671,343.01726610539845,0.0,0.0
evt_pay_004705_0,cust_023,pay_004705,2026-05-27T13:39:28.695301+00:00,103434,WHATSAPP_NUDGE,0.8333333333333334,0,0.41767068273092367,1.8602236367336786,0.6561606889440033,0.0,1.0,-0.42055392067352615,-0.907267545879453,1.0,8.0,0.9385908116339667,350.82134714880414,0.0,0.0
evt_pay_006404_0,cust_045,pay_006404,2026-05-27T13:45:26.974466+00:00,111988,WHATSAPP_NUDGE,0.8333333333333334,0,0.29454545454545455,1.4012417880679966,0.807919378297694,0.0,1.0,-0.44404717825995266,-0.8960034059529985,0.8,3.0,1.000889969158722,330.40974025081556,0.0,0.0
evt_pay_004470_2,cust_009,pay_004470,2026-05-27T14:11:21.352144+00:00,111434,ESCALATE_HUMAN,0.8333333333333334,0,0.3146067415730337,0.5228827527809017,-0.18041909468729342,2.0,1.0,-0.5422797602849275,-0.8401979895151628,0.9375,8.0,-0.8984355580750027,329.2080906171506,0.0,1.0
evt_pay_002993_0,cust_038,pay_002993,2026-05-27T14:22:07.758503+00:00,37359,RETRY_NOW,0.8333333333333334,0,0.5495867768595041,0.4009896668964454,-0.46262361174398475,0.0,1.0,-0.5811621988240736,-0.8137877479158604,0.8181818181818181,12.0,2.4957647172129915,354.55560806270273,1.0,0.0
evt_pay_001934_1,cust_034,pay_001934,2026-05-27T14:27:30.540918+00:00,48706,WHATSAPP_NUDGE,0.8333333333333334,1,0.32196969696969696,0.08333333333333333,-0.2845048920341128,1.0,1.0,-0.6001027066770158,-0.7999229596898189,0.8333333333333334,3.0,-0.5369784473169031,340.7152919084771,0.0,1.0
evt_pay_008161_1,cust_035,pay_008161,2026-05-27T14:56:48.490912+00:00,36246,WHATSAPP_NUDGE,0.8333333333333334,0,0.3344594594594595,0.07593243806246619,-0.49497622081213805,1.0,1.0,-0.6971906962240757,-0.716885718297267,0.9333333333333333,3.0,0.5026080740568922,330.55851737761276,0.0,0.0
evt_pay_001462_0,cust_036,pay_001462,2026-05-27T15:00:15.931508+00:00,404807,RETRY_NOW,0.8333333333333334,0,0.45588235294117646,0.09583950832971293,0.5542157129075388,0.0,1.0,-0.7079255404974473,-0.7062870727341661,0.9375,9.0,-0.5882553306323993,338.06656707426913,1.0,0.0
evt_pay_000938_1,cust_001,pay_000938,2026-05-27T15:04:10.272240+00:00,407432,WHATSAPP_NUDGE,0.8333333333333334,0,0.2921686746987952,0.08333333333333333,-0.649707985163304,1.0,1.0,-0.7198585221557438,-0.6941208166304687,0.8888888888888888,2.0,0.16534712408787333,339.18099878288564,0.0,0.0
evt_pay_000666_2,cust_041,pay_000666,2026-05-27T15:04:56.897742+00:00,288412,RETRY_NOW,0.03333333333333333,0,0.45038167938931295,0.9166666666666666,0.2743855013580717,2.0,1.0,-0.7222079365357061,-0.6916760053701714,0.8571428571428572,4.0,0.3693318557794774,355.91826938327523,0.0,1.0
evt_pay_007779_1,cust_035,pay_007779,2026-05-27T15:07:27.928264+00:00,49547,WHATSAPP_NUDGE,0.8333333333333334,0,0.3333333333333333,0.007400895270867143,0.3718501245905891,1.0,1.0,-0.7297610737707244,-0.683702256255601,0.9411764705882353,4.0,0.5026080740568922,330.56591827288366,1.0,0.0
evt_pay_005043_1,cust_053,pay_005043,2026-05-27T15:21:12.975826+00:00,316142,WHATSAPP_NUDGE,0.8333333333333334,0,0.36303630363036304,0.08333333333333333,-0.034909743694728074,1.0,1.0,-0.7694448826922305,-0.6387132161610087,0.8947368421052632,10.0,-0.06914381847567465,327.62409209171557,0.0,1.0
evt_pay_001647_2,cust_038,pay_001647,2026-05-27T15:25:41.540448+00:00,39422,ESCALATE_HUMAN,0.8333333333333334,1,0.5473251028806584,0.044140994739279904,-0.3304322396569593,2.0,1.0,-0.7817717780277543,-0.6235646615061855,0.7692307692307692,11.0,2.4957647172129915,354.599749057442,0.0,0.0
evt_pay_003101_1,cust_010,pay_003101,2026-05-27T15:31:34.466613+00:00,71423,WHATSAPP_NUDGE,0.8333333333333334,1,0.38275862068965516,0.08333333333333333,-0.27542901754649246,1.0,1.0,-0.7975166595271518,-0.6032969233939893,0.6923076923076923,2.0,-0.045395759303349575,356.59252635895353,0.0,0.0
evt_pay_004705_1,cust_023,pay_004705,2026-05-27T15:39:28.695301+00:00,101296,WHATSAPP_NUDGE,0.8333333333333334,0,0.416,0.08333333333333333,0.5835363340723745,1.0,1.0,-0.8178441519041457,-0.5754397824240071,1.0,9.0,0.9385908116339667,350.9046804821375,0.0,1.0
evt_pay_006404_1,cust_045,pay_006404,2026-05-27T15:45:26.974466+00:00,75800,WHATSAPP_NUDGE,0.8333333333333334,0,0.29347826086956524,0.08333333333333333,-0.3764157602693919,1.0,1.0,-0.8325578398284152,-0.5539381223027017,0.6428571428571428,4.0,1.000889969158722,330.4930735841489,0.0,0.0
evt_pay_006501_0,cust_012,pay_006501,2026-05-27T16:09:16.134480+00:00,600029,PAYMENT_LINK,0.8333333333333334,0,0.4496124031007752,0.46791729261832415,0.308264518595321,0.0,1.0,-0.8855333488058316,-0.4645758152903887,1.0,7.0,-0.5006574979571285,336.8791903437082,0.0,0.0
evt_pay_000610_0,cust_024,pay_000610,2026-05-27T16:29:37.573279+00:00,122774,RETRY_NOW,0.8333333333333334,0,0.23985239852398524,1.352861418801903,0.8082206319435385,0.0,1.0,-0.9232541791072709,-0.38418969372037987,0.9,4.0,-1.1653357768016162,342.3450998256305,1.0,0.0
evt_pay_004360_0,cust_019,pay_004360,2026-05-27T16:58:53.401617+00:00,120410,RETRY_LATER,0.8333333333333334,0,0.45,0.275155744532204,0.01753912142610877,0.0,1.0,-0.9646609977643581,-0.2634941354039461,0.9411764705882353,8.0,-0.5137657855739247,333.11681526355073,0.0,1.0
evt_pay_001462_1,cust_036,pay_001462,2026-05-27T17:00:15.931508+00:00,375574,WHATSAPP_NUDGE,0.8333333333333334,0,0.4542124542124542,0.08333333333333333,0.30786328829047876,1.0,1.0,-0.9662250384257018,-0.25769977710361147,0.9444444444444444,9.0,-0.5882553306323993,338.14990040760244,0.0,1.0
evt_pay_003189_0,cust_057,pay_003189,2026-05-27T17:40:41.396944+00:00,67375,RETRY_LATER,0.8333333333333334,0,0.3648068669527897,0.4832056483288814,-0.5058425182966696,0.0,1.0,-0.9964525632861295,-0.08415633737575529,0.9047619047619048,5.0,-0.5990323654313375,348.00135374868813,0.0,1.0
evt_pay_000200_0,cust_014,pay_000200,2026-05-27T18:07:08.582554+00:00,74714,WHATSAPP_NUDGE,0.8333333333333334,0,0.282312925170068,2.3434707816117757,0.3369457418511989,0.0,1.0,-0.9995143358169526,0.031162357041729285,0.6428571428571428,5.0,-0.8122776257059364,351.511983191414,0.0,0.0
evt_pay_000610_1,cust_024,pay_000610,2026-05-27T18:29:37.573279+00:00,107462,WHATSAPP_NUDGE,0.8333333333333334,0,0.23897058823529413,0.08333333333333333,0.35108201735385175,1.0,1.0,-0.9916564201172346,0.12890905491962398,0.9090909090909091,4.0,-1.1653357768016162,342.4284331589638,0.0,0.0
evt_pay_007997_0,cust_017,pay_007997,2026-05-27T18:58:56.437710+00:00,418790,WHATSAPP_NUDGE,0.8333333333333334,0,0.30303030303030304,0.47250286005250547,-0.5191966961223687,0.0,1.0,-0.9671118628832203,0.254351419635408,0.8823529411764706,10.0,0.5027156808516637,350.35253954513456,0.0,0.0
evt_pay_005469_0,cust_001,pay_005469,2026-05-27T19:00:08.391916+00:00,419165,ESCALATE_HUMAN,0.03333333333333333,0,0.2912912912912913,0.16386712587533717,-0.5861442207807981,0.0,1.0,-0.9657676950269681,0.25940847951116996,0.9090909090909091,3.0,0.16534712408787333,339.34486590876094,0.0,0.0
evt_pay_003957_0,cust_045,pay_003957,2026-05-27T19:09:20.038212+00:00,109934,WHATSAPP_NUDGE,0.8333333333333334,0,0.2924187725631769,0.14158638594142303,0.7407069122589633,0.0,1.0,-0.954586804347461,0.2979329336708217,0.6666666666666667,5.0,1.000889969158722,330.6346599700903,0.0,0.0
evt_pay_003189_1,cust_057,pay_003189,2026-05-27T19:40:41.396944+00:00,110524,WHATSAPP_NUDGE,0.8333333333333334,0,0.36324786324786323,0.08333333333333333,0.9999862630224372,1.0,1.0,-0.9050314021597868,0.4253447555862071,0.9130434782608696,5.0,-0.5990323654313375,348.08468708202145,0.0,0.0
evt_pay_000200_1,cust_014,pay_000200,2026-05-27T20:07:08.582554+00:00,72934,WHATSAPP_NUDGE,0.8333333333333334,0,0.28135593220338984,0.08333333333333333,0.26082846282247074,1.0,1.0,-0.8500236277433465,0.5267445607484149,0.6875,6.0,-0.8122776257059364,351.5953165247474,0.0,0.0
evt_pay_007730_0,cust_049,pay_007730,2026-05-27T20:50:54.637336+00:00,297618,RETRY_LATER,0.8333333333333334,0,0.33212996389891697,4.013651976326135,-0.3206836499445336,0.0,1.0,-0.7345871749556051,0.6785143199599719,0.875,4.0,0.2100296838614713,329.74960278848243,0.0,1.0
evt_pay_007997_1,cust_017,pay_007997,2026-05-27T20:58:56.437710+00:00,521174,PAYMENT_LINK,0.8333333333333334,0,0.3018867924528302,0.08333333333333333,0.05237427899197261,1.0,1.0,-0.7103677317404572,0.7038307223345097,0.8823529411764706,11.0,0.5027156808516637,350.43587287846793,0.0,0.0
evt_pay_005430_0,cust_034,pay_005430,2026-05-27T21:05:21.032440+00:00,45913,WHATSAPP_NUDGE,0.8333333333333334,0,0.32452830188679244,0.3596121703987099,-0.4320407063175602,0.0,1.0,-0.6904073756114099,0.7234208012639433,0.7058823529411764,4.0,-0.5369784473169031,340.9915707455425,0.0,0.0
evt_pay_004579_0,cust_028,pay_004579,2026-05-27T21:07:31.581594+00:00,237937,RETRY_LATER,0.8333333333333334,0,0.37547892720306514,3.353003197671285,0.115005295883019,0.0,1.0,-0.68350835088925,0.7299426924523992,0.8888888888888888,2.0,0.3910481863531735,328.2075031933807,0.0,1.0
evt_pay_003532_0,cust_031,pay_003532,2026-05-27T21:50:24.372008+00:00,41484,RETRY_NOW,0.8333333333333334,0,0.32575757575757575,0.8071202329877375,-0.6532107308298908,0.0,1.0,-0.5358039530163085,0.8443424210189238,0.9166666666666666,8.0,-0.07508066613848166,350.24549802095333,1.0,0.0
evt_pay_002738_0,cust_023,pay_002738,2026-05-27T22:08:49.078269+00:00,121923,RETRY_LATER,0.8333333333333334,0,0.41434262948207173,0.2703748028715343,1.2841468223040762,0.0,1.0,-0.46631727543457846,0.8846175437053413,1.0,10.0,0.9385908116339667,351.17505528500897,0.0,1.0
evt_pay_000314_2,cust_052,pay_000314,2026-05-27T22:31:09.175975+00:00,126679,ESCALATE_HUMAN,0.8333333333333334,0,0.4267241379310345,0.9166666666666666,-0.3740606936481998,2.0,1.0,-0.3780309238808881,0.925792968535494,1.0,7.0,-1.0656726581061444,356.8130930693492,0.0,1.0
evt_pay_008137_0,cust_034,pay_008137,2026-05-27T22:41:59.289016+00:00,46983,RETRY_LATER,0.8333333333333334,1,0.3233082706766917,0.06710945111190843,-0.3755024875020326,0.0,1.0,-0.33385559730842224,0.9426242306167588,0.7647058823529411,5.0,-0.5369784473169031,341.05868019665445,0.0,1.0
evt_pay_003098_0,cust_029,pay_003098,2026-05-27T22:58:06.532637+00:00,49864,RETRY_LATER,0.8333333333333334,0,0.37888198757763975,0.8418508624427545,0.32718167712624163,0.0,1.0,-0.2667805571528369,0.9637573005301812,0.9444444444444444,9.0,-0.8256115037842402,330.9703070227797,0.0,1.0
evt_pay_007298_0,cust_053,pay_007298,2026-05-27T23:32:52.563802+00:00,387059,RETRY_LATER,0.8333333333333334,0,0.3618421052631579,0.34143041638157,0.5981774256460298,0.0,1.0,-0.11807440743120255,0.9930047503963767,0.9583333333333334,11.0,-0.06914381847567465,327.96552250809714,0.0,1.0
evt_pay_007168_2,cust_009,pay_007168,2026-05-27T23:38:24.282304+00:00,133498,ESCALATE_HUMAN,0.8333333333333334,0,0.31343283582089554,0.393783913885765,0.34958902220010846,2.0,1.0,-0.09408787469138154,0.995563896410501,1.0,8.0,-0.8984355580750027,329.6018745310364,0.0,0.0
evt_pay_003532_1,cust_031,pay_003532,2026-05-27T23:50:24.372008+00:00,61394,WHATSAPP_NUDGE,0.8333333333333334,0,0.32452830188679244,0.08333333333333333,0.4045337526817523,1.0,1.0,-0.04184862425078566,0.9991239626033982,0.96,8.0,-0.07508066613848166,350.32883135428665,0.0,0.0
evt_pay_002738_1,cust_023,pay_002738,2026-05-28T00:08:49.078269+00:00,94863,WHATSAPP_NUDGE,0.8333333333333334,0,0.4126984126984127,0.08333333333333333,0.3650109192371028,1.0,1.0,0.038466165102781474,0.9992599031995058,1.0,9.0,0.9385908116339667,351.2583886183423,1.0,0.0
evt_pay_004507_0,cust_005,pay_004507,2026-05-28T00:50:14.260269+00:00,133619,RETRY_NOW,0.8333333333333334,0,0.29454545454545455,1.8063371589072215,0.05942510714905175,0.0,1.0,0.21745195148380247,0.9760710265118446,0.9444444444444444,6.0,-0.6412832630166057,347.71200522851706,1.0,0.0
evt_pay_007813_0,cust_008,pay_007813,2026-05-28T01:10:56.148883+00:00,198377,RETRY_LATER,0.8333333333333334,1,0.4046692607003891,2.1502223208659452,-0.1985416135973195,0.0,1.0,0.3045975580550462,0.952481142924574,1.0,1.0,0.4190160498383978,343.5135202339154,0.0,1.0
evt_pay_006626_2,cust_036,pay_006626,2026-05-28T01:31:14.754991+00:00,417618,ESCALATE_HUMAN,0.8333333333333334,0,0.45255474452554745,0.35484749401619337,0.6621775345822566,2.0,1.0,0.3877002726364295,0.9217854948943589,1.0,10.0,-0.5882553306323993,338.50474790161866,0.0,0.0
evt_pay_007298_1,cust_053,pay_007298,2026-05-28T01:32:52.563802+00:00,483990,WHATSAPP_NUDGE,0.8333333333333334,0,0.36065573770491804,0.08333333333333333,1.4634906344507803,1.0,1.0,0.3942469388259725,0.9190045436374893,0.9565217391304348,10.0,-0.06914381847567465,328.04885584143045,0.0,1.0
evt_pay_003169_0,cust_045,pay_003169,2026-05-28T02:08:00.221484+00:00,93570,PAYMENT_LINK,0.03333333333333333,0,0.29136690647482016,0.2907428619442953,0.20515932260821698,0.0,1.0,0.5299329234560098,0.8480395607737689,0.7058823529411764,6.0,1.000889969158722,330.9254028320346,1.0,0.0
evt_pay_004090_0,cust_022,pay_004090,2026-05-28T02:21:34.161679+00:00,112131,RETRY_LATER,0.8333333333333334,0,0.40293040293040294,2.1322260151420096,-0.0044701264269371155,0.0,1.0,0.5791721955954475,0.815205230508949,1.0,3.0,-0.6143468879245073,336.1046829627085,0.0,1.0
evt_pay_006000_0,cust_040,pay_006000,2026-05-28T02:41:40.982463+00:00,191932,RETRY_NOW,0.8333333333333334,1,0.45491803278688525,0.7803576969284904,-0.33511237256398635,0.0,1.0,0.6483957904465512,0.7613034210688877,0.9473684210526316,10.0,-0.492492512121923,346.2415240016667,1.0,0.0
evt_pay_008095_2,cust_038,pay_008095,2026-05-28T02:44:42.251283+00:00,39338,ESCALATE_HUMAN,0.8333333333333334,0,0.5491803278688525,0.5156769997702213,-0.33579984572298505,2.0,1.0,0.6583748491129752,0.7526902138698677,0.7058823529411764,11.0,2.4957647172129915,355.07128506247295,0.0,0.0
evt_pay_000330_0,cust_021,pay_000330,2026-05-28T02:45:51.668515+00:00,187058,WHATSAPP_NUDGE,0.8333333333333334,0,0.3292307692307692,0.5467616088550736,-0.3718836026928578,0.0,1.0,0.6621661472990371,0.7493570533271505,1.0,5.0,-0.0711177391970671,343.56402771425354,0.0,0.0
evt_pay_005476_2,cust_012,pay_005476,2026-05-28T02:55:28.080398+00:00,570203,PAYMENT_LINK,0.8333333333333334,0,0.44787644787644787,0.44874937404834253,0.1509219227058057,2.0,1.0,0.6929867265046762,0.7209503428727482,1.0,8.0,-0.5006574979571285,337.3279397177566,0.0,0.0
evt_pay_000428_0,cust_046,pay_000428,2026-05-28T03:16:51.043601+00:00,90095,WHATSAPP_NUDGE,0.8333333333333334,0,0.416289592760181,3.108723707431144,-0.43839964006259496,0.0,1.0,0.7571396632008651,0.6532530370446666,0.7058823529411764,3.0,-0.9687765812058661,351.15707072213763,0.0,0.0
evt_pay_000054_0,cust_057,pay_000054,2026-05-28T03:44:44.184093+00:00,97078,WHATSAPP_NUDGE,0.8333333333333334,0,0.3617021276595745,0.3361433697842813,0.530746567604344,0.0,1.0,0.83083006492809,0.5565261927453063,0.9523809523809523,6.0,-0.5990323654313375,348.42083045180567,0.0,0.0
evt_pay_001446_0,cust_008,pay_001446,2026-05-28T03:51:54.333773+00:00,177570,RETRY_LATER,0.8333333333333334,0,0.4069767441860465,2.2620068682007286,-0.47739196278755835,0.0,1.0,0.8478296658198782,0.5302686656363487,0.8571428571428572,1.0,0.4190160498383978,343.6253047812502,0.0,1.0
evt_pay_003197_0,cust_023,pay_003197,2026-05-28T04:07:59.239673+00:00,90181,WHATSAPP_NUDGE,0.8333333333333334,0,0.41106719367588934,0.16608983106380037,0.2059828867027437,0.0,1.0,0.8829216332295582,0.4695203824918035,1.0,9.0,0.9385908116339667,351.4244784494061,0.0,0.0
evt_pay_003169_1,cust_045,pay_003169,2026-05-28T04:08:00.221484+00:00,76871,WHATSAPP_NUDGE,0.8333333333333334,0,0.2903225806451613,0.08333333333333333,-0.34136479464795133,1.0,1.0,0.8829551544015434,0.46945734131627637,0.7222222222222222,7.0,1.000889969158722,331.0087361653679,1.0,0.0
evt_pay_000930_0,cust_035,pay_000930,2026-05-28T04:16:46.854553+00:00,49926,RETRY_NOW,0.8333333333333334,0,0.33221476510067116,0.548135720942677,0.3965594207023041,0.0,1.0,0.900282513855026,0.4353060937396522,1.0,5.0,0.5026080740568922,331.1140539938263,1.0,0.0
evt_pay_004740_0,cust_058,pay_004740,2026-05-28T04:19:28.607844+00:00,228850,WHATSAPP_NUDGE,0.8333333333333334,0,0.4448669201520912,3.2235507044252167,-0.16115038143393953,0.0,1.0,0.9053406301226701,0.42468617054136193,0.736842105263158,5.0,4.286983765334936,346.1443048159769,0.0,0.0
evt_pay_004090_1,cust_022,pay_004090,2026-05-28T04:21:34.161679+00:00,109263,WHATSAPP_NUDGE,0.8333333333333334,0,0.40145985401459855,0.08333333333333333,-0.0774311623560475,1.0,1.0,0.9091804498057419,0.416402341120975,1.0,2.0,-0.6143468879245073,336.18801629604184,1.0,0.0
evt_pay_000586_0,cust_010,pay_000586,2026-05-28T04:24:30.776939+00:00,102604,WHATSAPP_NUDGE,0.8333333333333334,0,0.3848797250859107,0.620096184325765,0.8516626147030848,0.0,1.0,0.9144535113085134,0.4046909631503162,0.75,3.0,-0.045395759303349575,357.1292892099459,0.0,0.0
evt_pay_001577_0,cust_029,pay_001577,2026-05-28T04:39:29.172633+00:00,45211,RETRY_NOW,0.8333333333333334,0,0.37770897832817335,0.237067592550261,0.030052627352458457,0.0,1.0,0.9389235092680468,0.3441259126305023,0.875,8.0,-0.8256115037842402,331.20737461533,1.0,0.0
evt_pay_000330_1,cust_021,pay_000330,2026-05-28T04:45:51.668515+00:00,196817,WHATSAPP_NUDGE,0.8333333333333334,1,0.3282208588957055,0.08333333333333333,-0.2422232616382487,1.0,1.0,0.9481312317506099,0.31787917103684415,1.0,6.0,-0.0711177391970671,343.64736104758686,0.0,1.0
evt_pay_007413_0,cust_034,pay_007413,2026-05-28T04:46:47.956100+00:00,53708,RETRY_LATER,0.03333333333333333,0,0.3258426966292135,0.3204505053246673,-0.020312017602105093,0.0,1.0,0.949424475222333,0.3139954869879464,0.7894736842105263,5.0,-0.5369784473169031,341.3120212508672,0.0,0.0
evt_pay_004370_0,cust_003,pay_004370,2026-05-28T05:08:33.229141+00:00,240274,PAYMENT_LINK,0.03333333333333333,0,0.4940239043824701,1.3738762584088515,0.2598353183540297,0.0,1.0,0.9749108116386037,0.22259584306576566,0.8823529411764706,2.0,2.053947620637407,333.244935440934,0.0,0.0
evt_pay_000428_1,cust_046,pay_000428,2026-05-28T05:16:51.043601+00:00,89076,WHATSAPP_NUDGE,0.8333333333333334,0,0.4144144144144144,0.08333333333333333,-0.46574397952432034,1.0,1.0,0.9823287010670764,0.18716389357958577,0.8,4.0,-0.9687765812058661,351.24040405547095,0.0,1.0
evt_pay_001446_1,cust_008,pay_001446,2026-05-28T05:51:54.333773+00:00,174447,WHATSAPP_NUDGE,0.8333333333333334,1,0.40540540540540543,0.08333333333333333,-0.519257065290152,1.0,1.0,0.99937636150026,0.03531130236201539,0.875,1.0,0.4190160498383978,343.7086381145835,0.0,0.0
evt_pay_003197_1,cust_023,pay_003197,2026-05-28T06:07:59.239673+00:00,78056,WHATSAPP_NUDGE,0.8333333333333334,0,0.4094488188976378,0.08333333333333333,-0.20583253653440317,1.0,1.0,0.999392755173546,-0.034844237782290975,0.9333333333333333,10.0,0.9385908116339667,351.50781178273945,0.0,0.0
evt_pay_000930_1,cust_035,pay_000930,2026-05-28T06:16:46.854553+00:00,50465,WHATSAPP_NUDGE,0.8333333333333334,0,0.3311036789297659,0.08333333333333333,0.4316779569348033,1.0,1.0,0.9973205744511945,-0.07315512132680409,1.0,5.0,0.5026080740568922,331.1973873271597,0.0,1.0
evt_pay_003945_0,cust_020,pay_003945,2026-05-28T06:17:41.677882+00:00,50764,WHATSAPP_NUDGE,0.8333333333333334,0,0.33876221498371334,2.634774136216303,-0.4904076348837612,0.0,1.0,0.9970209893894142,-0.07713071189191541,0.7777777777777778,3.0,0.06752823759169156,342.5007082202472,0.0,0.0
evt_pay_004740_1,cust_058,pay_004740,2026-05-28T06:19:28.607844+00:00,186325,WHATSAPP_NUDGE,0.8333333333333334,0,0.4431818181818182,0.08333333333333333,-0.6621207639823227,1.0,1.0,0.9963910700351244,-0.08488130273658492,0.8095238095238095,6.0,4.286983765334936,346.2276381493102,0.0,0.0
evt_pay_000586_1,cust_010,pay_000586,2026-05-28T06:24:30.776939+00:00,86794,WHATSAPP_NUDGE,0.8333333333333334,0,0.3835616438356164,0.08333333333333333,0.28018564588929,1.0,1.0,0.9942854529482111,-0.10675410088409097,0.8181818181818181,4.0,-0.045395759303349575,357.2126225432792,0.0,1.0
evt_pay_004106_0,cust_046,pay_004106,2026-05-28T06:25:59.129099+00:00,121939,RETRY_NOW,0.8333333333333334,1,0.4125560538116592,0.048010248817263346,0.41651848527433066,0.0,1.0,0.9935790232655886,-0.11314028692998414,0.8260869565217391,5.0,-0.9687765812058661,351.2884143042882,1.0,0.0
evt_pay_007075_0,cust_057,pay_007075,2026-05-28T06:38:53.393157+00:00,85924,PAYMENT_LINK,0.03333333333333333,0,0.3601694915254237,0.12093991971672342,0.14148469800728095,0.0,1.0,0.9856373115045176,-0.1688759609007348,0.9473684210526316,7.0,-0.5990323654313375,348.54177037152243,0.0,0.0
evt_pay_001045_0,cust_015,pay_001045,2026-05-28T06:39:39.262984+00:00,101487,RETRY_LATER,0.8333333333333334,0,0.3849056603773585,1.944618474506986,-0.3982556074947409,0.0,1.0,0.9850685012109734,-0.1721628529095823,0.7916666666666666,8.0,1.245182551392603,344.6936811286107,0.0,1.0
evt_pay_000671_2,cust_002,pay_000671,2026-05-28T06:53:07.892661+00:00,287575,ESCALATE_HUMAN,0.8333333333333334,0,0.3017543859649123,0.9166666666666666,-0.1838250847741596,2.0,1.0,0.973247543865006,-0.22975904413261555,0.875,8.0,-0.38277421977533765,336.36944231042963,0.0,0.0
evt_pay_008120_2,cust_013,pay_008120,2026-05-28T06:53:38.059652+00:00,159566,RETRY_NOW,0.03333333333333333,0,0.2746478873239437,0.7975098277643914,-0.205526176772433,2.0,1.0,0.9727411555974896,-0.23189360536000211,0.95,8.0,-0.5595801808996762,328.8895165798892,0.0,0.0
evt_pay_003176_0,cust_039,pay_003176,2026-05-28T07:42:04.563385+00:00,241201,RETRY_NOW,0.8333333333333334,0,0.49206349206349204,5.194143433894131,-0.1200424386388363,0.0,1.0,0.9024423657793867,-0.4308106039160406,1.0,2.0,-0.6642333856639545,328.72264553614326,1.0,0.0
evt_pay_004335_0,cust_024,pay_004335,2026-05-28T08:15:03.533674+00:00,93509,WHATSAPP_NUDGE,0.8333333333333334,0,0.23809523809523808,0.573217134193707,-0.06545881391603048,0.0,1.0,0.8313268166317753,-0.5557838824119304,0.9473684210526316,5.0,-1.1653357768016162,343.0016502931574,0.0,0.0
evt_pay_003945_1,cust_020,pay_003945,2026-05-28T08:17:41.677882+00:00,69088,WHATSAPP_NUDGE,0.8333333333333334,0,0.33766233766233766,0.08333333333333333,0.36391221823880165,1.0,1.0,0.8248801489715701,-0.5653076506050844,0.75,4.0,0.06752823759169156,342.58404155358056,0.0,0.0
evt_pay_002796_0,cust_019,pay_002796,2026-05-28T08:38:44.230171+00:00,119816,RETRY_LATER,0.8333333333333334,0,0.4482758620689655,0.6526716267918952,0.0033663896372140767,0.0,1.0,0.7695746441152547,-0.6385568628829221,1.0,8.0,-0.5137657855739247,333.76948689034265,0.0,1.0
evt_pay_001045_1,cust_015,pay_001045,2026-05-28T08:39:39.262984+00:00,96735,WHATSAPP_NUDGE,0.8333333333333334,0,0.38345864661654133,0.08333333333333333,-0.5133915386673823,1.0,1.0,0.7670129200617738,-0.6416316548131886,0.8,8.0,1.245182551392603,344.777014461944,0.0,0.0
evt_pay_006586_0,cust_015,pay_006586,2026-05-28T09:41:17.081376+00:00,120004,WHATSAPP_NUDGE,0.8333333333333334,0,0.38202247191011235,0.04279882398450733,0.050394097228935224,0.0,1.0,0.568975679235476,-0.8223543496805551,0.8076923076923077,9.0,1.245182551392603,344.81981328592855,0.0,0.0
evt_pay_003176_1,cust_039,pay_003176,2026-05-28T09:42:04.563385+00:00,197097,WHATSAPP_NUDGE,0.8333333333333334,0,0.4901185770750988,0.08333333333333333,-0.620535031047795,1.0,1.0,0.5661327122582569,-0.8243141101007004,1.0,2.0,-0.6642333856639545,328.8059788694766,0.0,1.0
evt_pay_002383_0,cust_040,pay_002383,2026-05-28T09:55:07.015237+00:00,170400,RETRY_NOW,0.8333333333333334,0,0.45714285714285713,1.0813534466289336,-0.6180462437891275,0.0,1.0,0.5183370467425104,-0.8551764180414779,0.9166666666666666,10.0,-0.492492512121923,346.5425197513671,1.0,0.0
evt_pay_006587_0,cust_006,pay_006587,2026-05-28T10:08:13.697493+00:00,137277,RETRY_LATER,0.8333333333333334,0,0.4657534246575342,1.3143150213505805,0.1568382330911813,0.0,1.0,0.46859181725662885,-0.8834147999666578,0.8148148148148149,3.0,-0.3286363658753921,350.0707814026439,0.0,1.0
evt_pay_004335_1,cust_024,pay_004335,2026-05-28T10:15:03.533674+00:00,111790,WHATSAPP_NUDGE,0.8333333333333334,0,0.23722627737226276,0.08333333333333333,0.48028617129169293,1.0,1.0,0.44205820084439973,-0.8969863694985628,0.9473684210526316,6.0,-1.1653357768016162,343.0849836264908,0.0,1.0
evt_pay_002796_1,cust_019,pay_002796,2026-05-28T10:38:44.230171+00:00,106854,WHATSAPP_NUDGE,0.8333333333333334,0,0.44656488549618323,0.08333333333333333,-0.30609495426907485,1.0,1.0,0.34719276047071823,-0.9377937870751344,1.0,8.0,-0.5137657855739247,333.85282022367596,0.0,1.0
evt_pay_006586_1,cust_015,pay_006586,2026-05-28T11:41:17.081376+00:00,152636,ESCALATE_HUMAN,0.03333333333333333,1,0.3805970149253731,0.08333333333333333,0.8410156938653836,1.0,1.0,0.08157021751315136,-0.9966675973537301,0.8214285714285714,10.0,1.245182551392603,344.90314661926186,0.0,0.0
evt_pay_002383_1,cust_040,pay_002383,2026-05-28T11:55:07.015237+00:00,216548,WHATSAPP_NUDGE,0.8333333333333334,0,0.45528455284552843,0.08333333333333333,-0.011659343484304174,1.0,1.0,0.021304841180877183,-0.999773026112556,0.9230769230769231,10.0,-0.492492512121923,346.6258530847004,0.0,0.0
evt_pay_006587_1,cust_006,pay_006587,2026-05-28T12:08:13.697493+00:00,107671,WHATSAPP_NUDGE,0.8333333333333334,1,0.4641638225255973,0.08333333333333333,-0.49318093540378344,1.0,1.0,-0.035894982233573326,-0.9993555674785884,0.7931034482758621,3.0,-0.3286363658753921,350.1541147359772,0.0,1.0
evt_pay_002445_0,cust_043,pay_002445,2026-05-28T12:22:56.451794+00:00,158865,RETRY_NOW,0.8333333333333334,0,0.2462686567164179,3.6129820973684823,0.28922956557900725,0.0,1.0,-0.09993132371975806,-0.9949943369384656,0.9285714285714286,3.0,-0.05414349663535748,343.15818666659146,1.0,0.0
evt_pay_008173_0,cust_046,pay_008173,2026-05-28T12:26:28.961549+00:00,116683,RETRY_LATER,0.8333333333333334,1,0.41517857142857145,0.29835553180578245,0.27539459677007044,0.0,1.0,-0.1152955658233727,-0.9933312300041051,0.7666666666666666,5.0,-0.9687765812058661,351.5387595872767,0.0,1.0
evt_pay_003941_0,cust_043,pay_003941,2026-05-28T12:38:44.199006+00:00,104932,RETRY_LATER,0.8333333333333334,0,0.24535315985130113,0.010969296435500079,-0.7789378228366542,0.0,1.0,-0.1682169088155444,-0.9857500046099634,0.9285714285714286,3.0,-0.05414349663535748,343.1691559630269,0.0,1.0
evt_pay_008161_2,cust_035,pay_008161,2026-05-28T12:56:48.490912+00:00,53817,ESCALATE_HUMAN,0.8333333333333334,0,0.33,0.2777967171197891,0.6500975843225946,2.0,1.0,-0.24534199506357576,-0.9694365917677259,1.0,6.0,0.5026080740568922,331.47518404427944,0.0,1.0
evt_pay_000938_2,cust_001,pay_000938,2026-05-28T13:04:10.272240+00:00,577342,PAYMENT_LINK,0.8333333333333334,0,0.2904191616766467,0.7527995407913295,0.27084837825815566,2.0,1.0,-0.2763553590023631,-0.9610555215754577,0.9473684210526316,3.0,0.16534712408787333,340.09766544955227,1.0,0.0
evt_pay_005043_2,cust_053,pay_005043,2026-05-28T13:21:12.975826+00:00,335186,ESCALATE_HUMAN,0.8333333333333334,0,0.35947712418300654,0.4919029169517633,0.13510169716898587,2.0,1.0,-0.3470022071429048,-0.9378643122744103,0.9473684210526316,11.0,-0.06914381847567465,328.54075875838225,0.0,0.0
evt_pay_004705_2,cust_023,pay_004705,2026-05-28T13:39:28.695301+00:00,114401,ESCALATE_HUMAN,0.8333333333333334,0,0.40784313725490196,0.3135353660646653,1.028681954876854,2.0,1.0,-0.42055392067352615,-0.907267545879453,0.9090909090909091,11.0,0.9385908116339667,351.82134714880414,0.0,1.0
evt_pay_002807_0,cust_047,pay_002807,2026-05-28T13:47:33.035357+00:00,107576,WHATSAPP_NUDGE,0.8333333333333334,0,0.48148148148148145,4.821554597633754,-0.08952771495991786,0.0,1.0,-0.45224243179285256,-0.8918950514977012,0.7142857142857143,3.0,1.898235005697721,330.5909225469705,0.0,0.0
evt_pay_002445_1,cust_043,pay_002445,2026-05-28T14:22:56.451794+00:00,140931,WHATSAPP_NUDGE,0.8333333333333334,0,0.24444444444444444,0.07236403689783326,-0.06596726505234508,1.0,1.0,-0.5840402334443496,-0.8117247105504856,0.9333333333333333,3.0,-0.05414349663535748,343.2415199999248,1.0,0.0
evt_pay_007806_0,cust_036,pay_007806,2026-05-28T14:30:52.749086+00:00,433112,WHATSAPP_NUDGE,0.8333333333333334,0,0.4509090909090909,0.5414119686926142,0.7927430876493279,0.0,1.0,-0.6118002632428677,-0.7910122868173147,1.0,10.0,-0.5882553306323993,339.0461598703112,0.0,0.0
evt_pay_003941_1,cust_043,pay_003941,2026-05-28T14:38:44.199006+00:00,175777,WHATSAPP_NUDGE,0.8333333333333334,0,0.24354243542435425,0.010969296435500079,0.624179414262014,1.0,1.0,-0.6385551186853335,-0.7695760913650836,0.9375,4.0,-0.05414349663535748,343.25248929636024,1.0,0.0
evt_pay_004991_0,cust_022,pay_004991,2026-05-28T14:51:13.484782+00:00,112823,WHATSAPP_NUDGE,0.8333333333333334,0,0.4,0.43726068406747726,0.013119839852216375,0.0,1.0,-0.6795205258205513,-0.733656496589897,1.0,3.0,-0.6143468879245073,336.6252769801093,0.0,0.0
evt_pay_001462_2,cust_036,pay_001462,2026-05-28T15:00:15.931508+00:00,475016,ESCALATE_HUMAN,0.8333333333333334,0,0.4492753623188406,0.02040720395785911,1.1458747335503974,2.0,1.0,-0.7079255404974473,-0.7062870727341661,1.0,11.0,-0.5882553306323993,339.06656707426913,0.0,1.0
evt_pay_006225_0,cust_019,pay_006225,2026-05-28T15:03:08.478577+00:00,119001,RETRY_LATER,0.8333333333333334,0,0.4448669201520912,0.18361398617226618,-0.016095749580968377,0.0,1.0,-0.7167320505332622,-0.6973486701345213,1.0,8.0,-0.5137657855739247,334.03643420984827,0.0,1.0
evt_pay_007627_0,cust_048,pay_007627,2026-05-28T15:03:49.825724+00:00,184689,RETRY_NOW,0.8333333333333334,0,0.2768729641693811,1.1057040223140955,-0.1013037418616279,0.0,1.0,-0.7188256297494039,-0.6951904156526993,0.9411764705882353,8.0,-0.4506859321563252,338.6332870285152,1.0,0.0
evt_pay_000161_0,cust_005,pay_000161,2026-05-28T15:07:40.028984+00:00,150857,WHATSAPP_NUDGE,0.8333333333333334,0,0.29347826086956524,0.595437137909073,0.4356744459841424,0.0,1.0,-0.7303624417520219,-0.6830598097370568,0.9411764705882353,5.0,-0.6412832630166057,348.30744236642613,0.0,0.0
evt_pay_005496_0,cust_049,pay_005496,2026-05-28T15:12:54.718639+00:00,358443,RETRY_LATER,0.8333333333333334,0,0.33093525179856115,0.7652787187826297,0.19770112352006633,0.0,1.0,-0.7458015739386678,-0.6661681561817601,0.9444444444444444,4.0,0.2100296838614713,330.51488150726505,0.0,1.0
evt_pay_005212_0,cust_039,pay_005212,2026-05-28T15:31:51.569826+00:00,246347,WHATSAPP_NUDGE,0.8333333333333334,0,0.4881889763779528,0.24290516713805724,-0.06165364329909295,0.0,1.0,-0.7982664115424026,-0.6023045211545531,1.0,3.0,-0.6642333856639545,329.04888403661465,0.0,0.0
evt_pay_001536_0,cust_006,pay_001536,2026-05-28T15:33:09.672336+00:00,123815,RETRY_LATER,0.8333333333333334,0,0.46598639455782315,0.22564785698280806,-0.13872434493089475,0.0,1.0,-0.8016744712743706,-0.5977608569544834,0.8,4.0,-0.3286363658753921,350.2964292596267,0.0,1.0
evt_pay_002274_0,cust_039,pay_002274,2026-05-28T15:36:21.823174+00:00,256096,WHATSAPP_NUDGE,0.8333333333333334,0,0.48627450980392156,0.003127932263244778,0.0489763835580021,0.0,1.0,-0.809948805626537,-0.5865005816400749,1.0,4.0,-0.6642333856639545,329.0520119688779,0.0,0.0
evt_pay_006381_0,cust_020,pay_006381,2026-05-28T15:38:43.649341+00:00,37828,ESCALATE_HUMAN,0.03333333333333333,1,0.3365695792880259,0.3062728178061131,-1.093530890762669,0.0,1.0,-0.81595472151678,-0.5781158123027548,0.6,3.0,0.06752823759169156,342.89031437138664,1.0,0.0
evt_pay_007701_0,cust_042,pay_007701,2026-05-28T15:39:08.970168+00:00,236728,RETRY_LATER,0.8333333333333334,0,0.3882783882783883,1.3175968279315196,0.05337674398114793,0.0,1.0,-0.8170178699486373,-0.5766123482761981,0.9090909090909091,7.0,0.21388002896855346,354.5817723204988,0.0,1.0
evt_pay_002807_1,cust_047,pay_002807,2026-05-28T15:47:33.035357+00:00,128001,WHATSAPP_NUDGE,0.8333333333333334,0,0.47950819672131145,0.08333333333333333,0.43596645939815387,1.0,1.0,-0.8376009603507123,-0.5462825562102129,0.8,4.0,1.898235005697721,330.6742558803038,0.0,1.0
evt_pay_005081_0,cust_050,pay_005081,2026-05-28T16:01:17.713553+00:00,129882,WHATSAPP_NUDGE,0.8333333333333334,1,0.4076655052264808,1.5790013843406239,0.32478560477994434,0.0,1.0,-0.8688373031680787,-0.49509770815831894,0.9090909090909091,5.0,-0.900782201038446,355.38241646900843,0.0,0.0
evt_pay_005654_0,cust_026,pay_005654,2026-05-28T16:25:03.359180+00:00,224854,RETRY_LATER,0.8333333333333334,0,0.4088888888888889,1.1780331621329008,-0.03411462771666462,0.0,1.0,-0.915409837357616,-0.40252307967233736,0.5,6.0,1.9048100532514713,345.2373037201123,0.0,1.0
evt_pay_000610_2,cust_024,pay_000610,2026-05-28T16:29:37.573279+00:00,114537,ESCALATE_HUMAN,0.8333333333333334,0,0.23636363636363636,0.2601161991396263,0.5623151577781282,2.0,1.0,-0.9232541791072709,-0.38418969372037987,1.0,7.0,-1.1653357768016162,343.3450998256305,1.0,0.0
evt_pay_007806_1,cust_036,pay_007806,2026-05-28T16:30:52.749086+00:00,394856,WHATSAPP_NUDGE,0.8333333333333334,0,0.44765342960288806,0.06292612937547422,0.4703552316546862,1.0,1.0,-0.9253407134189877,-0.37913660346798345,1.0,11.0,-0.5882553306323993,339.1294932036446,0.0,0.0
evt_pay_006225_1,cust_019,pay_006225,2026-05-28T17:03:08.478577+00:00,137870,WHATSAPP_NUDGE,0.8333333333333334,1,0.4431818181818182,0.08333333333333333,0.4343966441721899,1.0,1.0,-0.9693824985355777,-0.24555563836515915,1.0,8.0,-0.5137657855739247,334.1197675431816,0.0,1.0
evt_pay_007627_1,cust_048,pay_007627,2026-05-28T17:03:49.825724+00:00,194822,WHATSAPP_NUDGE,0.8333333333333334,0,0.275974025974026,0.08333333333333333,0.049894115619006786,1.0,1.0,-0.9701164640806805,-0.24263974554799897,0.9473684210526316,8.0,-0.4506859321563252,338.7166203618485,0.0,1.0
evt_pay_005496_1,cust_049,pay_005496,2026-05-28T17:12:54.718639+00:00,336239,RETRY_LATER,0.03333333333333333,0,0.32974910394265233,0.08333333333333333,0.008461900783133493,1.0,1.0,-0.9789671873041846,-0.20401775947631007,0.95,3.0,0.2100296838614713,330.59821484059836,1.0,0.0
evt_pay_005212_1,cust_039,pay_005212,2026-05-28T17:31:51.569826+00:00,220046,WHATSAPP_NUDGE,0.8333333333333334,0,0.484375,0.08020540107008856,-0.36011102066444567,1.0,1.0,-0.9924712519608406,-0.12247781036286326,0.9473684210526316,5.0,-0.6642333856639545,329.13221736994797,0.0,1.0
evt_pay_002274_1,cust_039,pay_002274,2026-05-28T17:36:21.823174+00:00,271805,WHATSAPP_NUDGE,0.8333333333333334,0,0.48249027237354086,0.003127932263244778,0.22723501403008337,1.0,1.0,-0.994686532257483,-0.10295000022138523,0.95,6.0,-0.6642333856639545,329.1353453022112,1.0,0.0
evt_pay_007701_1,cust_042,pay_007701,2026-05-28T17:39:08.970168+00:00,284659,WHATSAPP_NUDGE,0.8333333333333334,0,0.38686131386861317,0.08333333333333333,0.6426681189163557,1.0,1.0,-0.9958644048594696,-0.09085200676866978,0.8181818181818181,7.0,0.21388002896855346,354.66510565383214,0.0,0.0
evt_pay_003189_2,cust_057,pay_003189,2026-05-28T17:40:41.396944+00:00,90021,ESCALATE_HUMAN,0.8333333333333334,0,0.35864978902953587,0.45958337716566194,0.28445640096549923,2.0,1.0,-0.9964525632861295,-0.08415633737575529,1.0,7.0,-0.5990323654313375,349.00135374868813,0.0,0.0
evt_pay_004725_0,cust_034,pay_004725,2026-05-28T17:54:25.277056+00:00,43122,WHATSAPP_NUDGE,0.8333333333333334,0,0.3246268656716418,0.5469597332870345,-0.5794674499199118,0.0,1.0,-0.9997037544901046,-0.024339335619295483,0.8076923076923077,3.0,-0.5369784473169031,341.8589809841542,0.0,0.0
evt_pay_000200_2,cust_014,pay_000200,2026-05-28T18:07:08.582554+00:00,69295,ESCALATE_HUMAN,0.8333333333333334,0,0.28040540540540543,0.9166666666666666,0.10527281031444337,2.0,1.0,-0.9995143358169526,0.031162357041729285,0.8148148148148149,7.0,-0.8122776257059364,352.511983191414,0.0,1.0
evt_pay_000325_0,cust_015,pay_000325,2026-05-28T18:14:12.250120+00:00,139035,RETRY_NOW,0.8333333333333334,0,0.3828996282527881,0.3561940826858745,0.5114927513732043,0.0,1.0,-0.9980800170299405,0.06193770746091318,0.8148148148148149,9.0,1.245182551392603,345.1760073686144,1.0,0.0
evt_pay_005859_0,cust_014,pay_005859,2026-05-28T18:39:21.944156+00:00,73286,PAYMENT_LINK,0.03333333333333333,0,0.27946127946127947,0.022376870399246702,0.27587927340715707,0.0,1.0,-0.9852845522216102,0.1709220616347144,0.8214285714285714,7.0,-0.8122776257059364,352.5343600618133,0.0,0.0
evt_pay_001802_0,cust_002,pay_001802,2026-05-28T18:42:30.212338+00:00,337113,RETRY_LATER,0.8333333333333334,0,0.3006993006993007,0.49261944070794544,0.27667673466285797,0.0,1.0,-0.9828521444081412,0.1843953964509917,0.9523809523809523,7.0,-0.38277421977533765,336.8620617511376,0.0,1.0
evt_pay_007130_0,cust_042,pay_007130,2026-05-28T18:56:39.462186+00:00,208613,RETRY_NOW,0.03333333333333333,0,0.38545454545454544,0.053825139092509744,-0.29228815463155444,0.0,1.0,-0.9695974712818959,0.24470542226062963,0.8333333333333334,8.0,0.21388002896855346,354.7189307929247,0.0,0.0
evt_pay_007997_2,cust_017,pay_007997,2026-05-28T18:58:56.437710+00:00,569520,PAYMENT_LINK,0.8333333333333334,0,0.3007518796992481,0.9166666666666666,0.32226879338481307,2.0,1.0,-0.9671118628832203,0.254351419635408,0.9545454545454546,11.0,0.5027156808516637,351.35253954513456,0.0,1.0
evt_pay_002519_0,cust_027,pay_002519,2026-05-28T19:40:46.455279+00:00,59004,PAYMENT_LINK,0.03333333333333333,0,0.255663430420712,6.296745309399891,-0.7398394919351484,0.0,1.0,-0.9048748768024193,0.4256776448579448,0.9545454545454546,0.0,-0.8172299270627982,330.96189563668014,0.0,0.0
evt_pay_005403_0,cust_009,pay_005403,2026-05-28T19:48:47.710363+00:00,110566,RETRY_LATER,0.8333333333333334,0,0.31226765799256506,0.8405489358685637,-0.20127227179437301,0.0,1.0,-0.889426000948153,0.4570791931792301,0.9523809523809523,8.0,-0.8984355580750027,330.4424234669049,0.0,1.0
evt_pay_002589_0,cust_021,pay_002589,2026-05-28T19:51:42.466253+00:00,222337,WHATSAPP_NUDGE,0.8333333333333334,0,0.3302752293577982,0.7123934923384923,0.09682677466972273,0.0,1.0,-0.8835454934594389,0.4683453437235356,0.8461538461538461,7.0,-0.0711177391970671,344.276421206592,0.0,0.0
evt_pay_005686_0,cust_014,pay_005686,2026-05-28T19:52:48.684868+00:00,79766,RETRY_NOW,0.8333333333333334,0,0.2785234899328859,0.05100394341949747,0.5529070291324754,0.0,1.0,-0.8812799155868041,0.47259465759074715,0.8214285714285714,8.0,-0.8122776257059364,352.5853640052328,1.0,0.0
evt_pay_004725_1,cust_034,pay_004725,2026-05-28T19:54:25.277056+00:00,60198,WHATSAPP_NUDGE,0.8333333333333334,0,0.32342007434944237,0.08333333333333333,0.3224782264735508,1.0,1.0,-0.8779385154567602,0.4787733942875064,0.8275862068965517,4.0,-0.5369784473169031,341.9423143174875,0.0,1.0
evt_pay_001802_1,cust_002,pay_001802,2026-05-28T20:42:30.212338+00:00,297037,WHATSAPP_NUDGE,0.8333333333333334,0,0.29965156794425085,0.08333333333333333,-0.0958737591386721,1.0,1.0,-0.7589772269959664,0.6511171698715319,0.9565217391304348,7.0,-0.38277421977533765,336.94539508447093,0.0,1.0
evt_pay_007130_1,cust_042,pay_007130,2026-05-28T20:56:39.462186+00:00,245128,ESCALATE_HUMAN,0.03333333333333333,0,0.38405797101449274,0.08333333333333333,0.15665454653215424,1.0,1.0,-0.7173433304449601,0.6967198477624509,0.8571428571428572,8.0,0.21388002896855346,354.802264126258,0.0,0.0
evt_pay_001257_0,cust_048,pay_001257,2026-05-28T21:47:21.049958+00:00,179840,WHATSAPP_NUDGE,0.8333333333333334,0,0.2750809061488673,0.19688916937855083,-0.17366160689796808,0.0,1.0,-0.5470124039815749,0.8371245008302518,0.9523809523809523,9.0,-0.4506859321563252,338.9135095312271,0.0,0.0
evt_pay_007338_0,cust_021,pay_007338,2026-05-28T21:47:38.076731+00:00,193895,WHATSAPP_NUDGE,0.8333333333333334,0,0.32926829268292684,0.0805047509025864,-0.2810522201307057,0.0,1.0,-0.5459754390568153,0.8378011816336366,0.8666666666666667,8.0,-0.0711177391970671,344.3569259574945,0.0,0.0
evt_pay_005403_1,cust_009,pay_005403,2026-05-28T21:48:47.710363+00:00,142506,WHATSAPP_NUDGE,0.8333333333333334,0,0.3111111111111111,0.08333333333333333,0.5659688279491184,1.0,1.0,-0.5417259150178882,0.8405551933085844,0.9545454545454546,8.0,-0.8984355580750027,330.5257568002383,0.0,0.0
evt_pay_003532_2,cust_031,pay_003532,2026-05-28T21:50:24.372008+00:00,57303,ESCALATE_HUMAN,0.8333333333333334,0,0.3233082706766917,0.9166666666666666,0.18717650324132426,2.0,1.0,-0.5358039530163085,0.8443424210189238,1.0,9.0,-0.07508066613848166,351.24549802095333,0.0,0.0
evt_pay_002589_1,cust_021,pay_002589,2026-05-28T21:51:42.466253+00:00,224109,WHATSAPP_NUDGE,0.8333333333333334,0,0.3282674772036474,0.0028285824307469434,0.12037507692846304,1.0,1.0,-0.5310001708733644,0.8473717121384557,0.875,9.0,-0.0711177391970671,344.3597545399253,0.0,0.0
evt_pay_005686_1,cust_014,pay_005686,2026-05-28T21:52:48.684868+00:00,58822,ESCALATE_HUMAN,0.03333333333333333,0,0.27759197324414714,0.08333333333333333,-0.34247700278404836,1.0,1.0,-0.5269134659478042,0.8499189369597975,0.8214285714285714,8.0,-0.8122776257059364,352.6686973385661,0.0,0.0
evt_pay_002738_2,cust_023,pay_002738,2026-05-28T22:08:49.078269+00:00,93304,DO_NOTHING,0.03333333333333333,0,0.40625,0.3537081362048677,0.31205719408768073,2.0,1.0,-0.46631727543457846,0.8846175437053413,0.8823529411764706,11.0,0.9385908116339667,352.17505528500897,0.0,0.0
evt_pay_007600_0,cust_011,pay_007600,2026-05-28T22:16:17.754164+00:00,62598,WHATSAPP_NUDGE,0.03333333333333333,0,0.44015444015444016,2.2391057936041725,0.1600937066550157,0.0,1.0,-0.43721033141759713,0.8993592864376921,0.5714285714285714,3.0,-0.306212897974724,332.64735177352105,0.0,1.0
evt_pay_005666_0,cust_036,pay_005666,2026-05-28T22:21:51.255630+00:00,469296,WHATSAPP_NUDGE,0.8333333333333334,1,0.4460431654676259,0.24373271463626148,1.0976723162601238,0.0,1.0,-0.41527181089292503,0.9096973799444026,0.9565217391304348,12.0,-0.5882553306323993,339.37322591828087,0.0,0.0
evt_pay_005688_0,cust_021,pay_005688,2026-05-28T22:24:37.823792+00:00,208391,RETRY_LATER,0.8333333333333334,1,0.32727272727272727,0.022862934485450143,-0.08845149352372163,0.0,1.0,-0.40422228770245405,0.9146607798110699,0.8823529411764706,10.0,-0.0711177391970671,344.3826174744108,0.0,1.0
evt_pay_008082_0,cust_050,pay_008082,2026-05-28T22:47:29.867988+00:00,136971,RETRY_NOW,0.8333333333333334,1,0.4097222222222222,1.8610865051151109,0.4984567823728069,0.0,1.0,-0.3111002645931815,0.9503770964043969,0.8235294117647058,6.0,-0.900782201038446,355.66450158978296,1.0,0.0
evt_pay_001177_0,cust_018,pay_001177,2026-05-28T23:17:44.699227+00:00,174841,RETRY_LATER,0.8333333333333334,0,0.28308823529411764,1.7504553404548535,0.5897083917487219,0.0,1.0,-0.18332948370759924,0.9830515247958802,0.9523809523809523,3.0,-0.4554811204429685,333.592875031743,0.0,1.0
evt_pay_003380_0,cust_041,pay_003380,2026-05-28T23:19:33.614506+00:00,311421,WHATSAPP_NUDGE,0.8333333333333334,0,0.44866920152091255,1.343480518109762,0.5242077976566939,0.0,1.0,-0.17553751309504984,0.9844727428915466,0.9545454545454546,2.0,0.3693318557794774,357.26174990138503,0.0,0.0
evt_pay_007298_2,cust_053,pay_007298,2026-05-28T23:32:52.563802+00:00,344524,RETRY_LATER,0.03333333333333333,0,0.3583061889250814,0.4247637497149033,0.21845894243910138,2.0,1.0,-0.11807440743120255,0.9930047503963767,1.0,10.0,-0.06914381847567465,328.96552250809714,0.0,1.0
evt_pay_007338_1,cust_021,pay_007338,2026-05-28T23:47:38.076731+00:00,291114,WHATSAPP_NUDGE,0.8333333333333334,0,0.3293051359516616,0.0805047509025864,1.0106050177925205,1.0,1.0,-0.053928009248747015,0.9985448261437576,0.7777777777777778,10.0,-0.0711177391970671,344.4402592908279,0.0,0.0
evt_pay_003062_0,cust_000,pay_003062,2026-05-28T23:58:51.497006+00:00,101589,RETRY_LATER,0.8333333333333334,0,0.35877862595419846,1.5538389672584572,-0.5771281464790744,0.0,1.0,-0.004981657720345589,0.9999875914661928,0.7894736842105263,7.0,0.8132490481077264,347.6544156821231,0.0,1.0
evt_pay_006359_0,cust_046,pay_006359,2026-05-29T00:05:05.267994+00:00,111368,RETRY_LATER,0.8333333333333334,0,0.4177777777777778,0.783497967510281,0.13271255906532214,0.0,1.0,0.02219789157583257,0.9997535964474384,0.8571428571428572,5.0,-0.9687765812058661,352.0239020229812,0.0,1.0
evt_pay_003911_0,cust_025,pay_003911,2026-05-29T00:25:46.004298+00:00,193635,WHATSAPP_NUDGE,0.8333333333333334,0,0.5038759689922481,2.922316363972451,-0.29791047081693295,0.0,1.0,0.11219190169865871,0.9936865588268962,0.8620689655172413,4.0,0.10753773716001852,334.7017057396477,0.0,0.0
evt_pay_007994_0,cust_008,pay_007994,2026-05-29T00:31:38.117022+00:00,159902,ESCALATE_HUMAN,0.03333333333333333,0,0.4076923076923077,0.8609234172292682,-0.7141751410420011,0.0,1.0,0.13759703746179644,0.9904882913400527,0.625,2.0,0.4190160498383978,344.48622819847947,0.0,0.0
evt_pay_007364_0,cust_045,pay_007364,2026-05-29T00:40:55.110224+00:00,92116,RETRY_LATER,0.8333333333333334,0,0.2892857142857143,0.8561908419031662,0.15755836864775194,0.0,1.0,0.177593614728557,0.9841039111839993,0.8666666666666667,8.0,1.000889969158722,331.8649270072711,0.0,1.0
evt_pay_001177_1,cust_018,pay_001177,2026-05-29T01:17:44.699227+00:00,155789,WHATSAPP_NUDGE,0.8333333333333334,0,0.28205128205128205,0.08333333333333333,0.21412300291550332,1.0,1.0,0.33275777224447384,0.9430123355560599,0.9545454545454546,3.0,-0.4554811204429685,333.6762083650763,0.0,1.0
evt_pay_003062_1,cust_000,pay_003062,2026-05-29T01:58:51.497006+00:00,124831,WHATSAPP_NUDGE,0.8333333333333334,0,0.3574144486692015,0.08333333333333333,-0.05550996492431688,1.0,1.0,0.495679553594319,0.8685054865391103,0.7894736842105263,7.0,0.8132490481077264,347.7377490154565,0.0,0.0
evt_pay_006359_1,cust_046,pay_006359,2026-05-29T02:05:05.267994+00:00,109393,WHATSAPP_NUDGE,0.8333333333333334,1,0.415929203539823,0.08333333333333333,0.07968576073068595,1.0,1.0,0.5191007362388428,0.8547130662604213,0.8709677419354839,5.0,-0.9687765812058661,352.1072353563145,1.0,0.0
evt_pay_003169_2,cust_045,pay_003169,2026-05-29T02:08:00.221484+00:00,111903,RETRY_LATER,0.03333333333333333,0,0.28825622775800713,0.06047582476350044,0.8051383777022658,2.0,1.0,0.5299329234560098,0.8480395607737689,0.84375,8.0,1.000889969158722,331.9254028320346,1.0,0.0
evt_pay_004090_2,cust_022,pay_004090,2026-05-29T02:21:34.161679+00:00,141983,ESCALATE_HUMAN,0.8333333333333334,0,0.39855072463768115,0.47940598259918943,0.7549601387122158,2.0,1.0,0.5791721955954475,0.815205230508949,0.9090909090909091,4.0,-0.6143468879245073,337.1046829627085,0.0,0.0
evt_pay_007364_1,cust_045,pay_007364,2026-05-29T02:40:55.110224+00:00,71825,RETRY_NOW,0.03333333333333333,0,0.2872340425531915,0.02285750856983289,-0.506506574962131,1.0,1.0,0.6458525374968362,0.7634621796846899,0.84375,8.0,1.000889969158722,331.94826034060446,0.0,0.0
evt_pay_000428_2,cust_046,pay_000428,2026-05-29T03:16:51.043601+00:00,108544,ESCALATE_HUMAN,0.8333333333333334,1,0.4185022026431718,0.13316869915638563,0.056888605173425685,2.0,1.0,0.7571396632008651,0.6532530370446666,0.84375,6.0,-0.9687765812058661,352.15707072213763,0.0,0.0
evt_pay_006610_0,cust_023,pay_006610,2026-05-29T03:18:45.426811+00:00,91037,RETRY_LATER,0.8333333333333334,0,0.4046692607003891,0.21523551553430784,0.23507667969665869,0.0,1.0,0.7625472841395448,0.6469324844614037,0.7777777777777778,11.0,0.9385908116339667,352.39029080054326,0.0,1.0
evt_pay_002472_0,cust_034,pay_002472,2026-05-29T03:22:59.378470+00:00,55308,ESCALATE_HUMAN,0.03333333333333333,1,0.32222222222222224,0.3115058034052822,0.06418245368863876,0.0,1.0,0.7743640457040354,0.632740329614668,0.8125,5.0,-0.5369784473169031,342.25382012089284,0.0,1.0
evt_pay_006439_0,cust_001,pay_006439,2026-05-29T03:47:25.602237+00:00,524533,RETRY_LATER,0.8333333333333334,1,0.28955223880597014,0.6133718749629224,-0.015268366446555017,0.0,1.0,0.8373055439966407,0.5467352430495858,1.0,4.0,0.16534712408787333,340.7110373245152,0.0,1.0
evt_pay_006963_0,cust_027,pay_006963,2026-05-29T04:11:17.252725+00:00,56454,RETRY_NOW,0.03333333333333333,0,0.25483870967741934,0.3545231185903314,-0.8313233680049854,0.0,1.0,0.8895909147474614,0.4567581465051005,1.0,1.0,-0.8172299270627982,331.31641875527043,0.0,1.0
evt_pay_000930_2,cust_035,pay_000930,2026-05-29T04:16:46.854553+00:00,52274,ESCALATE_HUMAN,0.8333333333333334,0,0.3289036544850498,0.6388699495468776,0.5495383987479238,2.0,1.0,0.900282513855026,0.4353060937396522,0.9090909090909091,6.0,0.5026080740568922,332.1140539938263,0.0,1.0
evt_pay_004740_2,cust_058,pay_004740,2026-05-29T04:19:28.607844+00:00,251240,ESCALATE_HUMAN,0.8333333333333334,1,0.44150943396226416,0.9166666666666666,0.1026159023358244,2.0,1.0,0.9053406301226701,0.42468617054136193,0.78125,6.0,4.286983765334936,347.1443048159769,0.0,0.0
evt_pay_000586_2,cust_010,pay_000586,2026-05-29T04:24:30.776939+00:00,80593,ESCALATE_HUMAN,0.8333333333333334,0,0.3822525597269625,0.9166666666666666,0.05604297413565279,2.0,1.0,0.9144535113085134,0.4046909631503162,0.75,4.0,-0.045395759303349575,358.1292892099459,1.0,0.0
evt_pay_003268_0,cust_014,pay_003268,2026-05-29T04:36:35.307328+00:00,61863,RETRY_LATER,0.03333333333333333,0,0.27666666666666667,0.28040072291491924,-0.2124464231041111,0.0,1.0,0.9344975012770733,0.3559696898710708,0.75,8.0,-0.8122776257059364,352.949098061481,0.0,0.0
evt_pay_001047_0,cust_056,pay_001047,2026-05-29T05:14:46.982940+00:00,151241,RETRY_LATER,0.8333333333333334,0,0.2781456953642384,2.2080980548857574,-0.14525802024925769,0.0,1.0,0.9806001631622002,0.1960186725959197,0.75,2.0,-0.26273729270347856,340.1740460081236,0.0,1.0
evt_pay_001057_0,cust_009,pay_001057,2026-05-29T05:22:25.814232+00:00,113153,WHATSAPP_NUDGE,0.8333333333333334,0,0.30996309963099633,0.3150243503397216,-0.13911623190922992,0.0,1.0,0.986593701381511,0.1631957977226433,0.9047619047619048,9.0,-0.8984355580750027,330.84078115057804,0.0,0.0
evt_pay_005013_0,cust_013,pay_005013,2026-05-29T05:47:10.778268+00:00,180353,RETRY_NOW,0.8333333333333334,0,0.2736842105263158,0.9538509098972175,0.13990818145905737,0.0,1.0,0.9984358006742059,0.05591021312834851,0.9090909090909091,6.0,-0.5595801808996762,329.84336748978643,1.0,0.0
evt_pay_000558_0,cust_041,pay_000558,2026-05-29T05:53:04.396467+00:00,232900,WHATSAPP_NUDGE,0.8333333333333334,1,0.44696969696969696,0.27327293936463093,-0.32835705135673204,0.0,1.0,0.9995433035272923,0.030218940645684422,1.0,3.0,0.3693318557794774,357.53502284074966,0.0,0.0
evt_pay_006963_1,cust_027,pay_006963,2026-05-29T06:11:17.252725+00:00,64879,WHATSAPP_NUDGE,0.8333333333333334,0,0.2540192926045016,0.08333333333333333,-0.528987237475732,1.0,1.0,0.9987874043996886,-0.04923129911481955,0.9545454545454546,1.0,-0.8172299270627982,331.39975208860375,0.0,1.0
evt_pay_001045_2,cust_015,pay_001045,2026-05-29T06:39:39.262984+00:00,114173,ESCALATE_HUMAN,0.8333333333333334,0,0.3814814814814815,0.5176737599962848,-0.09088917332851437,2.0,1.0,0.9850685012109734,-0.1721628529095823,0.7586206896551724,9.0,1.245182551392603,345.6936811286107,0.0,0.0
evt_pay_004243_0,cust_052,pay_004243,2026-05-29T06:49:11.430673+00:00,161829,WHATSAPP_NUDGE,0.8333333333333334,1,0.4248927038626609,1.3458594293723347,0.314924645651788,0.0,1.0,0.977054393622502,-0.212989933806659,0.8125,4.0,-1.0656726581061444,358.1589524987215,0.0,0.0
evt_pay_001055_0,cust_002,pay_001055,2026-05-29T07:09:37.097295+00:00,297198,WHATSAPP_NUDGE,0.8333333333333334,0,0.2986111111111111,0.43549635366347655,-0.09437684030722558,0.0,1.0,0.954216462760819,-0.2991169373275785,0.9545454545454546,6.0,-0.38277421977533765,337.38089143813437,0.0,0.0
evt_pay_000422_0,cust_056,pay_000422,2026-05-29T07:22:16.065660+00:00,129233,WHATSAPP_NUDGE,0.8333333333333334,0,0.27722772277227725,0.08853104999851287,-0.5398887446624782,0.0,1.0,0.9362623930607601,-0.35130148212061224,0.7586206896551724,2.0,-0.26273729270347856,340.2625770581221,0.0,0.0
evt_pay_001057_1,cust_009,pay_001057,2026-05-29T07:22:25.814232+00:00,107635,WHATSAPP_NUDGE,0.8333333333333334,0,0.3088235294117647,0.08333333333333333,-0.2716800831351807,1.0,1.0,0.9360131074714286,-0.35196514407207957,0.9047619047619048,10.0,-0.8984355580750027,330.92411448391135,1.0,0.0
evt_pay_000755_0,cust_006,pay_000755,2026-05-29T07:38:59.593732+00:00,132382,WHATSAPP_NUDGE,0.8333333333333334,0,0.46440677966101696,0.6707166828232403,0.049364862671987794,0.0,1.0,0.9081555425684064,-0.41863290661662445,0.7666666666666666,4.0,-0.3286363658753921,350.9671459424499,0.0,0.0
evt_pay_005013_1,cust_013,pay_005013,2026-05-29T07:47:10.778268+00:00,137133,ESCALATE_HUMAN,0.03333333333333333,0,0.2727272727272727,0.08333333333333333,-0.5783052926140101,1.0,1.0,0.8926258739958927,-0.45079823543695097,0.9,5.0,-0.5595801808996762,329.92670082311975,0.0,0.0
evt_pay_003379_0,cust_004,pay_003379,2026-05-29T07:56:57.426371+00:00,498658,RETRY_NOW,0.8333333333333334,0,0.33070866141732286,8.261505878428048,0.5239615554930173,0.0,1.0,0.8725874419376505,-0.4884579369533343,0.9090909090909091,0.0,-0.2585165281110097,354.4951741326772,1.0,0.0
evt_pay_004335_2,cust_024,pay_004335,2026-05-29T08:15:03.533674+00:00,107327,DO_NOTHING,0.03333333333333333,0,0.23550724637681159,0.6565504675270404,0.3470632294702209,2.0,1.0,0.8313268166317753,-0.5557838824119304,0.9166666666666666,7.0,-1.1653357768016162,344.0016502931574,0.0,1.0
evt_pay_006287_0,cust_002,pay_006287,2026-05-29T08:35:24.597974+00:00,316331,WHATSAPP_NUDGE,0.8333333333333334,1,0.2975778546712803,0.05957755415365303,0.0834897067085325,0.0,1.0,0.7787635745541186,-0.6273175391679175,0.9565217391304348,7.0,-0.38277421977533765,337.44046899228806,0.0,0.0
evt_pay_002796_2,cust_019,pay_002796,2026-05-29T08:38:44.230171+00:00,142636,RETRY_LATER,0.03333333333333333,1,0.44528301886792454,0.7330526804944005,0.5481631794351288,2.0,1.0,0.7695746441152547,-0.6385568628829221,0.9047619047619048,8.0,-0.5137657855739247,334.76948689034265,0.0,0.0
evt_pay_007630_0,cust_047,pay_007630,2026-05-29T09:04:14.072529+00:00,140911,WHATSAPP_NUDGE,0.8333333333333334,1,0.4775510204081633,0.7199194117049122,0.7680857842590041,0.0,1.0,0.693921846592009,-0.7200503252011878,0.7666666666666666,4.0,1.898235005697721,331.3941752920087,0.0,0.0
evt_pay_000422_1,cust_056,pay_000422,2026-05-29T09:22:16.065660+00:00,170381,WHATSAPP_NUDGE,0.8333333333333334,0,0.27631578947368424,0.08333333333333333,0.19794354873229006,1.0,1.0,0.6351762759383234,-0.772367204433955,0.7419354838709677,3.0,-0.26273729270347856,340.34591039145545,0.0,0.0
evt_pay_000214_0,cust_033,pay_000214,2026-05-29T09:36:00.238873+00:00,86724,WHATSAPP_NUDGE,0.8333333333333334,0,0.5555555555555556,3.0034049929899425,0.24863259824237136,0.0,1.0,0.5877711984718859,-0.8090272048867844,0.75,4.0,-0.3958893149650273,333.1435388238716,0.0,0.0
evt_pay_000755_1,cust_006,pay_000755,2026-05-29T09:38:59.593732+00:00,133191,WHATSAPP_NUDGE,0.8333333333333334,0,0.46283783783783783,0.08333333333333333,0.06714256611708133,1.0,1.0,0.577169317143568,-0.8166245032743185,0.7575757575757576,5.0,-0.3286363658753921,351.0504792757833,0.0,1.0
evt_pay_006299_0,cust_059,pay_006299,2026-05-29T09:55:42.357460+00:00,163596,WHATSAPP_NUDGE,0.8333333333333334,1,0.36507936507936506,7.078125051613938,-0.030719834710259502,0.0,1.0,0.5161373978076307,-0.8565058006717571,0.7647058823529411,1.0,-0.38878117849020055,341.0342766524679,0.0,0.0
evt_pay_003379_1,cust_004,pay_003379,2026-05-29T09:56:57.426371+00:00,456587,WHATSAPP_NUDGE,0.8333333333333334,1,0.32941176470588235,0.08333333333333333,0.2386983334935462,1.0,1.0,0.5114539232646171,-0.8593107030505504,0.9166666666666666,0.0,-0.2585165281110097,354.57850746601054,1.0,0.0
evt_pay_002458_0,cust_051,pay_002458,2026-05-29T10:18:12.614455+00:00,514369,RETRY_NOW,0.8333333333333334,0,0.45384615384615384,2.1212757431662985,-0.4443920166840372,0.0,1.0,0.42968293005453145,-0.9029798334513084,0.85,5.0,-1.013594580420746,337.22422273277743,1.0,0.0
evt_pay_001658_0,cust_023,pay_001658,2026-05-29T10:40:07.538906+00:00,87228,WHATSAPP_NUDGE,0.8333333333333334,0,0.40310077519379844,0.30650592702134344,0.10568254182846334,0.0,1.0,0.3415049104535186,-0.9398799902839374,0.7222222222222222,11.0,0.9385908116339667,352.6967967275646,0.0,0.0
evt_pay_006241_0,cust_034,pay_006241,2026-05-29T10:44:29.836031+00:00,68335,RETRY_LATER,0.8333333333333334,0,0.3247232472324723,0.6181083214714818,0.7522871838506551,0.0,1.0,0.323515862673997,-0.9462227468193203,0.75,5.0,-0.5369784473169031,342.560422638959,0.0,1.0
evt_pay_000533_0,cust_004,pay_000533,2026-05-29T10:50:38.662917+00:00,351524,ESCALATE_HUMAN,0.03333333333333333,1,0.33203125,0.12061616372596973,-0.47366897466368807,0.0,1.0,0.298023099362451,-0.954558658358091,0.8333333333333334,1.0,-0.2585165281110097,354.6157902964032,0.0,0.0
evt_pay_002626_0,cust_032,pay_002626,2026-05-29T11:06:55.093829+00:00,283456,WHATSAPP_NUDGE,0.8333333333333334,0,0.2913907284768212,4.821117964755065,-0.3628334608678922,0.0,1.0,0.22954766518848663,-0.9732974208362593,0.9130434782608696,4.0,0.2905055503479753,353.9264936374123,0.0,0.0
evt_pay_007591_0,cust_008,pay_007591,2026-05-29T11:10:52.091983+00:00,204507,RETRY_NOW,0.8333333333333334,1,0.4061302681992337,0.4439117472353094,-0.11639849624016547,0.0,1.0,0.21273963017699998,-0.9771089242004461,0.75,2.0,0.4190160498383978,344.93013994571476,1.0,0.0
evt_pay_006479_0,cust_031,pay_006479,2026-05-29T11:34:41.030666+00:00,57570,WHATSAPP_NUDGE,0.8333333333333334,0,0.32209737827715357,0.5724150307624996,0.2013841614708811,0.0,1.0,0.1102380605126396,-0.993905211785516,0.7692307692307692,8.0,-0.07508066613848166,351.81791305171583,0.0,0.0
evt_pay_000214_1,cust_033,pay_000214,2026-05-29T11:36:00.238873+00:00,89091,WHATSAPP_NUDGE,0.8333333333333334,1,0.5531914893617021,0.08333333333333333,0.3334046549716208,1.0,1.0,0.10451118704608592,-0.9945237110206162,0.7575757575757576,5.0,-0.3958893149650273,333.2268721572049,0.0,0.0
evt_pay_000392_0,cust_015,pay_000392,2026-05-29T11:43:10.065444+00:00,118383,WHATSAPP_NUDGE,0.8333333333333334,0,0.3800738007380074,0.21077317662220216,0.011122709132969397,0.0,1.0,0.07337850345940199,-0.9973041638487521,0.7575757575757576,9.0,1.245182551392603,345.90445430523295,0.0,0.0
evt_pay_002458_1,cust_051,pay_002458,2026-05-29T12:18:12.614455+00:00,530628,PAYMENT_LINK,0.8333333333333334,1,0.4521072796934866,0.08333333333333333,-0.3681273256858002,1.0,1.0,-0.07937358372589813,-0.9968449399011402,0.85,5.0,-1.013594580420746,337.30755606611075,0.0,0.0
evt_pay_002445_2,cust_043,pay_002445,2026-05-29T12:22:56.451794+00:00,179960,ESCALATE_HUMAN,0.8333333333333334,1,0.2426470588235294,0.9056973702311666,0.7070204115280837,2.0,1.0,-0.09993132371975806,-0.9949943369384656,0.9130434782608696,5.0,-0.05414349663535748,344.15818666659146,0.0,0.0
evt_pay_003941_2,cust_043,pay_003941,2026-05-29T12:38:44.199006+00:00,120770,ESCALATE_HUMAN,0.8333333333333334,0,0.2454212454212454,0.9166666666666666,-0.46526519610908734,2.0,1.0,-0.1682169088155444,-0.9857500046099634,0.8695652173913043,5.0,-0.05414349663535748,344.1691559630269,0.0,1.0
evt_pay_002626_1,cust_032,pay_002626,2026-05-29T13:06:55.093829+00:00,346459,WHATSAPP_NUDGE,0.8333333333333334,0,0.29042904290429045,0.08333333333333333,0.19157256227471942,1.0,1.0,-0.28785460098549526,-0.9576741244763175,0.8695652173913043,5.0,0.2905055503479753,354.0098269707457,0.0,0.0
evt_pay_006479_1,cust_031,pay_006479,2026-05-29T13:34:41.030666+00:00,68347,WHATSAPP_NUDGE,0.8333333333333334,0,0.3208955223880597,0.08333333333333333,0.7739088982427381,1.0,1.0,-0.4014836450248858,-0.9158661926163294,0.75,8.0,-0.07508066613848166,351.9012463850492,1.0,0.0
evt_pay_000392_1,cust_015,pay_000392,2026-05-29T13:43:10.065444+00:00,123015,WHATSAPP_NUDGE,0.8333333333333334,0,0.3786764705882353,0.08333333333333333,0.12333947562472267,1.0,1.0,-0.43510443383684944,-0.9003799929227185,0.8125,10.0,1.245182551392603,345.98778763856626,0.0,1.0
evt_pay_002807_2,cust_047,pay_002807,2026-05-29T13:47:33.035357+00:00,83750,ESCALATE_HUMAN,0.8333333333333334,1,0.4796747967479675,0.9166666666666666,-0.7024832452333937,2.0,1.0,-0.45224243179285256,-0.8918950514977012,0.8181818181818181,5.0,1.898235005697721,331.5909225469705,0.0,0.0
evt_pay_000723_0,cust_046,pay_000723,2026-05-29T14:21:54.329031+00:00,90634,RETRY_NOW,0.8333333333333334,0,0.42105263157894735,0.5950122805229322,-0.4239302791320899,0.0,1.0,-0.5803671614300285,-0.8143549336337634,0.7878787878787878,6.0,-0.9687765812058661,352.61891430350414,1.0,0.0
evt_pay_007806_2,cust_036,pay_007806,2026-05-29T14:30:52.749086+00:00,375039,ESCALATE_HUMAN,0.8333333333333334,0,0.44802867383512546,0.9166666666666666,0.30335689268132804,2.0,1.0,-0.6118002632428677,-0.7910122868173147,0.8,12.0,-0.5882553306323993,340.0461598703112,0.0,0.0
evt_pay_000465_0,cust_033,pay_000465,2026-05-29T14:32:25.866642+00:00,63831,WHATSAPP_NUDGE,0.8333333333333334,0,0.5550847457627118,0.20585217325149566,-0.5712270763410136,0.0,1.0,-0.617142692787968,-0.7868512545191854,0.7941176470588236,6.0,-0.3958893149650273,333.34939099712307,0.0,0.0
evt_pay_003720_0,cust_034,pay_003720,2026-05-29T14:33:31.374156+00:00,47100,WHATSAPP_NUDGE,0.8333333333333334,0,0.3235294117647059,0.15904558014636905,-0.3693152836643678,0.0,1.0,-0.6208841099787122,-0.7839023676300145,0.8,5.0,-0.5369784473169031,342.7194682191054,0.0,0.0
evt_pay_003029_0,cust_047,pay_003029,2026-05-29T14:57:28.869234+00:00,121047,RETRY_NOW,0.8333333333333334,1,0.4817813765182186,0.9652295587557091,0.2570593764993861,0.0,1.0,-0.6992927466765179,-0.7148354037438349,0.8055555555555556,5.0,1.898235005697721,331.6394854390595,1.0,0.0
evt_pay_007627_2,cust_048,pay_007627,2026-05-29T15:03:49.825724+00:00,275068,ESCALATE_HUMAN,0.8333333333333334,0,0.27419354838709675,0.7197774972881158,1.2472794790939468,2.0,1.0,-0.7188256297494039,-0.6951904156526993,0.8636363636363636,10.0,-0.4506859321563252,339.6332870285152,0.0,1.0
evt_pay_005496_2,cust_049,pay_005496,2026-05-29T15:12:54.718639+00:00,460119,ESCALATE_HUMAN,0.8333333333333334,0,0.32857142857142857,0.9166666666666666,1.0642365823415179,2.0,1.0,-0.7458015739386678,-0.6661681561817601,0.8571428571428572,2.0,0.2100296838614713,331.51488150726505,0.0,1.0
evt_pay_004361_0,cust_009,pay_004361,2026-05-29T15:33:21.919934+00:00,116776,WHATSAPP_NUDGE,0.03333333333333333,1,0.3076923076923077,0.34092714932666013,-0.05209440552399582,0.0,1.0,-0.8022065611440736,-0.5970465921998046,0.75,11.0,-0.8984355580750027,331.265041633238,0.0,1.0
evt_pay_002274_2,cust_039,pay_002274,2026-05-29T15:36:21.823174+00:00,272410,ESCALATE_HUMAN,0.8333333333333334,0,0.4806201550387597,0.9166666666666666,0.23410058445020426,2.0,1.0,-0.809948805626537,-0.5865005816400749,0.7058823529411764,6.0,-0.6642333856639545,330.0520119688779,0.0,1.0
evt_pay_007701_2,cust_042,pay_007701,2026-05-29T15:39:08.970168+00:00,269554,PAYMENT_LINK,0.03333333333333333,0,0.38267148014440433,0.7795081942408236,0.45696201950775533,2.0,1.0,-0.8170178699486373,-0.5766123482761981,0.7222222222222222,7.0,0.21388002896855346,355.5817723204988,0.0,1.0
evt_pay_007021_0,cust_016,pay_007021,2026-05-29T15:51:37.353409+00:00,84142,WHATSAPP_NUDGE,0.8333333333333334,0,0.3602941176470588,2.1349368552444616,-0.7916755518857207,0.0,1.0,-0.84717421895937,-0.5313152009218083,0.75,5.0,-0.5381138706705891,351.4404942440802,0.0,0.0
evt_pay_008562_0,cust_057,pay_008562,2026-05-29T16:03:10.294497+00:00,90899,WHATSAPP_NUDGE,0.8333333333333334,0,0.35714285714285715,0.9322789068665998,0.31511103930271955,0.0,1.0,-0.8728615624588664,-0.48796792187793087,0.7692307692307692,7.0,-0.5990323654313375,349.9336326555547,0.0,0.0
evt_pay_004536_0,cust_035,pay_004536,2026-05-29T16:07:20.238369+00:00,52356,RETRY_LATER,0.8333333333333334,0,0.32781456953642385,0.4934419423097059,0.554887252409299,0.0,1.0,-0.8815864042802062,-0.4720226814341626,0.7058823529411764,5.0,0.5026080740568922,332.60749593613605,0.0,1.0
evt_pay_007931_0,cust_002,pay_007931,2026-05-29T16:17:16.403360+00:00,262657,RETRY_NOW,0.8333333333333334,0,0.3,0.3803160424237528,-0.41546441026455005,0.0,1.0,-0.9012158420372657,-0.433370518218605,0.8571428571428572,8.0,-0.38277421977533765,337.76120748055814,1.0,0.0
evt_pay_006942_0,cust_052,pay_006942,2026-05-29T16:19:38.878399+00:00,155462,WHATSAPP_NUDGE,0.8333333333333334,0,0.42735042735042733,1.7420104447207716,0.19011022383473436,0.0,1.0,-0.9056575738914431,-0.42400985702347205,0.7647058823529411,4.0,-1.0656726581061444,358.5551035140699,0.0,0.0
evt_pay_000384_0,cust_031,pay_000384,2026-05-29T16:20:40.938563+00:00,53148,WHATSAPP_NUDGE,0.8333333333333334,0,0.31970260223048325,0.11527671177456493,-0.033542898235611456,0.0,1.0,-0.9075619609073068,-0.419918190977819,0.7857142857142857,9.0,-0.07508066613848166,352.0165230968237,0.0,0.0
evt_pay_000723_1,cust_046,pay_000723,2026-05-29T16:21:54.329031+00:00,107322,WHATSAPP_NUDGE,0.8333333333333334,0,0.4192139737991266,0.08333333333333333,0.024085438387770098,1.0,1.0,-0.9097901721375508,-0.4150684795090152,0.7714285714285715,6.0,-0.9687765812058661,352.70224763683746,0.0,1.0
evt_pay_007761_0,cust_045,pay_007761,2026-05-29T16:22:15.592863+00:00,95929,RETRY_NOW,0.8333333333333334,0,0.2862190812720848,0.5703759564706085,0.2823337014329904,0.0,1.0,-0.9104309250778057,-0.41366113022856155,0.7777777777777778,8.0,1.000889969158722,332.51863629707503,1.0,0.0
evt_pay_000465_1,cust_033,pay_000465,2026-05-29T16:32:25.866642+00:00,61316,WHATSAPP_NUDGE,0.8333333333333334,1,0.5527426160337553,0.08333333333333333,-0.6612815765149082,1.0,1.0,-0.9278868769739084,-0.3728618290192858,0.7837837837837838,7.0,-0.3958893149650273,333.43272433045644,0.0,1.0
evt_pay_005507_0,cust_056,pay_005507,2026-05-29T16:56:16.497488+00:00,167572,WHATSAPP_NUDGE,0.8333333333333334,0,0.2754098360655738,0.31528277578134595,0.14757055254582965,0.0,1.0,-0.9615916947817829,-0.2744839021266977,0.7631578947368421,4.0,-0.26273729270347856,340.6611931672368,0.0,0.0
evt_pay_003453_0,cust_048,pay_003453,2026-05-29T17:11:45.318083+00:00,213233,WHATSAPP_NUDGE,0.8333333333333334,0,0.2733118971061093,0.08883671712593848,0.3246204494892661,0.0,1.0,-0.977925056113969,-0.20895593943339044,0.8571428571428572,10.0,-0.4506859321563252,339.7221237456411,0.0,0.0
evt_pay_007102_0,cust_021,pay_007102,2026-05-29T17:31:01.502184+00:00,202259,RETRY_NOW,0.8333333333333334,0,0.32831325301204817,0.7384655723769242,-0.16992270823745034,0.0,1.0,-0.9920187299766319,-0.12609059986989674,0.7777777777777778,11.0,-0.0711177391970671,345.17872486320476,1.0,0.0
evt_pay_008468_0,cust_025,pay_008468,2026-05-29T17:41:02.418871+00:00,243702,RETRY_NOW,0.8333333333333334,0,0.5019305019305019,0.7189399834817701,0.3638213377991125,0.0,1.0,-0.9965800534796726,-0.08263290510718353,0.7692307692307692,5.0,0.10753773716001852,335.4206457231295,1.0,0.0
evt_pay_007021_1,cust_016,pay_007021,2026-05-29T17:51:37.353409+00:00,119568,WHATSAPP_NUDGE,0.8333333333333334,0,0.358974358974359,0.08333333333333333,0.0779612075579659,1.0,1.0,-0.999331995510959,-0.03654535193543483,0.75,5.0,-0.5381138706705891,351.52382757741356,0.0,1.0
evt_pay_004725_2,cust_034,pay_004725,2026-05-29T17:54:25.277056+00:00,53086,ESCALATE_HUMAN,0.8333333333333334,0,0.32234432234432236,0.13951276504881585,-0.05318294873784098,2.0,1.0,-0.9997037544901046,-0.024339335619295483,0.775,6.0,-0.5369784473169031,342.8589809841542,0.0,1.0
evt_pay_006869_0,cust_043,pay_006869,2026-05-29T17:54:58.695708+00:00,148904,WHATSAPP_NUDGE,0.8333333333333334,0,0.24452554744525548,0.21961223035630914,0.09195201502636387,0.0,1.0,-0.9997599534242818,-0.02190971312175979,0.8571428571428572,5.0,-0.05414349663535748,344.3887681933832,0.0,0.0
evt_pay_003168_0,cust_000,pay_003168,2026-05-29T18:00:33.123683+00:00,142081,WHATSAPP_NUDGE,0.8333333333333334,1,0.3560606060606061,0.6678429013608517,0.33163673154292594,0.0,1.0,-0.9999970987891522,0.0024088198933274333,0.7777777777777778,8.0,0.8132490481077264,348.4055919168173,0.0,0.0
evt_pay_008562_1,cust_057,pay_008562,2026-05-29T18:03:10.294497+00:00,76860,WHATSAPP_NUDGE,0.8333333333333334,0,0.35564853556485354,0.08333333333333333,-0.1748279484586927,1.0,1.0,-0.9999042480153212,0.01383816465124499,0.7692307692307692,8.0,-0.5990323654313375,350.016965988888,0.0,0.0
evt_pay_004536_1,cust_035,pay_004536,2026-05-29T18:07:20.238369+00:00,37349,WHATSAPP_NUDGE,0.8333333333333334,0,0.32673267326732675,0.08333333333333333,-0.4231128861573324,1.0,1.0,-0.9994875624547181,0.03200956885566925,0.7142857142857143,5.0,0.5026080740568922,332.69082926946936,0.0,1.0
evt_pay_006942_1,cust_052,pay_006942,2026-05-29T18:19:38.878399+00:00,131001,RETRY_LATER,0.03333333333333333,0,0.425531914893617,0.08333333333333333,-0.28933859317163246,1.0,1.0,-0.9963273946315081,0.08562547930838735,0.736842105263158,5.0,-1.0656726581061444,358.6384368474032,0.0,1.0
evt_pay_000384_1,cust_031,pay_000384,2026-05-29T18:20:40.938563+00:00,70162,WHATSAPP_NUDGE,0.8333333333333334,0,0.31851851851851853,0.08333333333333333,0.8703528247180333,1.0,1.0,-0.9959308091430569,0.09012115955565607,0.7857142857142857,10.0,-0.07508066613848166,352.099856430157,0.0,0.0
evt_pay_007761_1,cust_045,pay_007761,2026-05-29T18:22:15.592863+00:00,74469,PAYMENT_LINK,0.03333333333333333,0,0.2852112676056338,0.08333333333333333,-0.41997127726496786,1.0,1.0,-0.9952868746226275,0.09697441520278498,0.7631578947368421,8.0,1.000889969158722,332.60196963040835,0.0,1.0
evt_pay_001802_2,cust_002,pay_001802,2026-05-29T18:42:30.212338+00:00,297193,ESCALATE_HUMAN,0.8333333333333334,0,0.29896907216494845,0.10085427057943737,-0.09442264007710476,2.0,1.0,-0.9828521444081412,0.1843953964509917,0.8636363636363636,8.0,-0.38277421977533765,337.8620617511376,1.0,0.0
evt_pay_005507_1,cust_056,pay_005507,2026-05-29T18:56:16.497488+00:00,158029,WHATSAPP_NUDGE,0.8333333333333334,0,0.27450980392156865,0.08333333333333333,-0.0235412384772249,1.0,1.0,-0.9700047868125052,0.2430858152192891,0.7631578947368421,5.0,-0.26273729270347856,340.7445265005701,0.0,1.0
evt_pay_003329_0,cust_020,pay_003329,2026-05-29T19:00:25.972739+00:00,58295,RETRY_NOW,0.8333333333333334,0,0.3387096774193548,1.446346005281138,-0.13929872938312318,0.0,1.0,-0.9654352485497368,0.2606430142123666,0.8,3.0,0.06752823759169156,344.0303875588616,1.0,0.0
evt_pay_005629_0,cust_040,pay_005629,2026-05-29T19:05:18.909833+00:00,212284,WHATSAPP_NUDGE,0.8333333333333334,1,0.4534412955465587,1.298748780044131,-0.06768342229130951,0.0,1.0,-0.9596641365594055,0.2811489729692975,0.8571428571428572,8.0,-0.492492512121923,347.92460186474455,0.0,0.0
evt_pay_003453_1,cust_048,pay_003453,2026-05-29T19:11:45.318083+00:00,182691,PAYMENT_LINK,0.03333333333333333,0,0.2724358974358974,0.08333333333333333,-0.13111724832892555,1.0,1.0,-0.9513859113087152,0.3080013762360252,0.8181818181818181,11.0,-0.4506859321563252,339.8054570789745,1.0,0.0
evt_pay_002781_0,cust_007,pay_002781,2026-05-29T19:16:12.277433+00:00,305221,WHATSAPP_NUDGE,0.8333333333333334,0,0.4325581395348837,4.21965069539029,-0.08554521917293322,0.0,1.0,-0.9452275184576746,0.32641222150885574,0.8333333333333334,1.0,-0.46533070623945577,357.90122645822885,0.0,0.0
evt_pay_007102_1,cust_021,pay_007102,2026-05-29T19:31:01.502184+00:00,240389,WHATSAPP_NUDGE,0.8333333333333334,0,0.32732732732732733,0.08333333333333333,0.3366657386990455,1.0,1.0,-0.9221587211246869,0.3868117023225668,0.736842105263158,11.0,-0.0711177391970671,345.26205819653813,1.0,0.0
evt_pay_007478_0,cust_019,pay_007478,2026-05-29T19:39:26.590379+00:00,113495,RETRY_NOW,0.8333333333333334,0,0.4473684210526316,1.1918762940056429,-0.14754790884098765,0.0,1.0,-0.9073319112246059,0.42041503645029626,0.7333333333333334,8.0,-0.5137657855739247,335.2283105038539,1.0,0.0
evt_pay_008468_1,cust_025,pay_008468,2026-05-29T19:41:02.418871+00:00,205924,WHATSAPP_NUDGE,0.8333333333333334,0,0.5,0.08333333333333333,-0.1354911319020786,1.0,1.0,-0.9043800957718426,0.42672783172850676,0.7692307692307692,5.0,0.10753773716001852,335.5039790564628,0.0,1.0
evt_pay_007858_0,cust_056,pay_007858,2026-05-29T20:35:46.802574+00:00,148069,WHATSAPP_NUDGE,0.8333333333333334,0,0.2736156351791531,0.0691007533124927,-0.2021341754540766,0.0,1.0,-0.7777495898676973,0.6285742402140169,0.7631578947368421,6.0,-0.26273729270347856,340.8136272538826,0.0,0.0
evt_pay_001607_0,cust_052,pay_001607,2026-05-29T20:38:29.746790+00:00,156263,WHATSAPP_NUDGE,0.8333333333333334,0,0.423728813559322,0.09642208786342128,0.20581201781674793,0.0,1.0,-0.7702467843036069,0.6377459457103218,0.736842105263158,4.0,-1.0656726581061444,358.7348589352667,0.0,0.0
evt_pay_005937_0,cust_015,pay_005937,2026-05-29T20:53:23.712746+00:00,100557,RETRY_LATER,0.8333333333333334,0,0.3772893772893773,0.29876906599556224,-0.4207875244231397,0.0,1.0,-0.7271883308345722,0.6864380026615868,0.7692307692307692,11.0,1.245182551392603,346.28655670456175,0.0,1.0
evt_pay_003329_1,cust_020,pay_003329,2026-05-29T21:00:25.972739+00:00,59890,WHATSAPP_NUDGE,0.8333333333333334,0,0.33762057877813506,0.08333333333333333,-0.0649175161845842,1.0,1.0,-0.7057699438468322,0.7084410959017265,0.8571428571428572,3.0,0.06752823759169156,344.113720892195,0.0,1.0
evt_pay_000095_0,cust_008,pay_000095,2026-05-29T21:06:23.925342+00:00,245070,RETRY_LATER,0.8333333333333334,0,0.4083969465648855,0.8574746333427091,0.4272176642360379,0.0,1.0,-0.6870914555473959,0.7265709405927,0.875,2.0,0.4190160498383978,345.34370283182216,0.0,1.0
evt_pay_002781_1,cust_007,pay_002781,2026-05-29T21:16:12.277433+00:00,404744,WHATSAPP_NUDGE,0.8333333333333334,0,0.4305555555555556,0.08333333333333333,0.8181792580186483,1.0,1.0,-0.6553849325860432,0.7552950351612193,0.8888888888888888,2.0,-0.46533070623945577,357.98455979156216,1.0,0.0
evt_pay_007478_1,cust_019,pay_007478,2026-05-29T21:39:26.590379+00:00,117730,WHATSAPP_NUDGE,0.8333333333333334,0,0.44569288389513106,0.08333333333333333,-0.046443353096408166,1.0,1.0,-0.5755649665596481,0.8177560573112199,0.7333333333333334,8.0,-0.5137657855739247,335.3116438371872,0.0,0.0
evt_pay_007338_2,cust_021,pay_007338,2026-05-29T21:47:38.076731+00:00,220287,PAYMENT_LINK,0.03333333333333333,0,0.3263473053892216,0.0948677609564091,0.06959646150174777,2.0,1.0,-0.5459754390568153,0.8378011816336366,0.736842105263158,12.0,-0.0711177391970671,345.3569259574945,0.0,1.0
evt_pay_000772_0,cust_006,pay_000772,2026-05-29T21:50:08.406556+00:00,97865,PAYMENT_LINK,0.03333333333333333,0,0.4612794612794613,0.5077408891585264,-0.7084610318874621,0.0,1.0,-0.5367839073750152,0.8437197619963699,0.775,6.0,-0.3286363658753921,351.55822016494176,0.0,1.0
evt_pay_003236_0,cust_005,pay_003236,2026-05-29T21:57:12.811132+00:00,149379,DO_NOTHING,0.03333333333333333,0,0.2924187725631769,1.2844072007864042,0.4034160728853238,0.0,1.0,-0.510492196759189,0.8598823855900163,0.8,5.0,-0.6412832630166057,349.5918495672126,0.0,0.0
evt_pay_007670_0,cust_028,pay_007670,2026-05-29T22:25:25.437909+00:00,231897,RETRY_LATER,0.8333333333333334,1,0.37404580152671757,2.0540955591985153,0.03955059007585865,0.0,1.0,-0.40105276979550974,0.9160549524124357,0.8095238095238095,1.0,0.3910481863531735,330.26159875257923,0.0,1.0
evt_pay_007439_0,cust_007,pay_007439,2026-05-29T22:27:41.730021+00:00,293749,WHATSAPP_NUDGE,0.8333333333333334,0,0.42857142857142855,0.049646441991929656,-0.1897256527499395,0.0,1.0,-0.39195379394441654,0.9199849039047205,0.8888888888888888,3.0,-0.46533070623945577,358.03420623355413,0.0,0.0
evt_pay_001607_1,cust_052,pay_001607,2026-05-29T22:38:29.746790+00:00,145013,PAYMENT_LINK,0.03333333333333333,0,0.4219409282700422,0.08333333333333333,-0.014697739117252489,1.0,1.0,-0.3481803095350354,0.9374275822974738,0.75,5.0,-1.0656726581061444,358.81819226860006,1.0,0.0
evt_pay_005937_1,cust_015,pay_005937,2026-05-29T22:53:23.712746+00:00,128975,WHATSAPP_NUDGE,0.8333333333333334,0,0.3759124087591241,0.08333333333333333,0.26774315913349855,1.0,1.0,-0.28654456650754956,0.9580669138452702,0.775,11.0,1.245182551392603,346.3698900378951,0.0,0.0
evt_pay_000549_0,cust_059,pay_000549,2026-05-29T22:54:42.323389+00:00,175362,WHATSAPP_NUDGE,0.8333333333333334,0,0.3675889328063241,7.61909687948823,0.1725533539402168,0.0,1.0,-0.2810629068529298,0.9596893468156148,0.8125,2.0,-0.38878117849020055,341.57524848034217,0.0,0.0
evt_pay_002612_0,cust_021,pay_002612,2026-05-29T23:42:23.409054+00:00,245397,WHATSAPP_NUDGE,0.8333333333333334,0,0.3253731343283582,0.07969134633130655,0.40320131152303,0.0,1.0,-0.07676187622469625,0.9970494543193253,0.8235294117647058,13.0,-0.0711177391970671,345.43661730382587,0.0,0.0
evt_pay_000772_1,cust_006,pay_000772,2026-05-29T23:50:08.406556+00:00,144312,WHATSAPP_NUDGE,0.8333333333333334,0,0.4597315436241611,0.08333333333333333,0.3113038416628995,1.0,1.0,-0.04300861913125202,0.9990747012513242,0.7804878048780488,7.0,-0.3286363658753921,351.6415534982751,0.0,0.0
evt_pay_001019_0,cust_036,pay_001019,2026-05-30T00:00:39.035784+00:00,379223,WHATSAPP_NUDGE,0.8333333333333334,0,0.44642857142857145,0.39567461456848224,0.33861553119845633,0.0,1.0,0.002838758532286104,0.9999959707168802,0.7857142857142857,11.0,-0.5882553306323993,340.44183448487973,0.0,0.0
evt_pay_004446_0,cust_037,pay_004446,2026-05-30T00:04:33.798043+00:00,159479,WHATSAPP_NUDGE,0.8333333333333334,0,0.4192139737991266,4.546577620768517,-0.0018654629054279154,0.0,1.0,0.019909839945224904,0.9998017794909927,0.9,2.0,-0.33341852366871827,336.63303248311576,0.0,0.0
evt_pay_007439_1,cust_007,pay_007439,2026-05-30T00:27:41.730021+00:00,265000,WHATSAPP_NUDGE,0.8333333333333334,0,0.42660550458715596,0.08333333333333333,-0.45078417615350697,1.0,1.0,0.12055050928680482,0.9927071948518817,0.9090909090909091,4.0,-0.46533070623945577,358.11753956688744,1.0,0.0
evt_pay_006131_0,cust_027,pay_006131,2026-05-30T00:34:12.138862+00:00,94520,ESCALATE_HUMAN,0.03333333333333333,1,0.2532051282051282,0.7659130339985154,0.5346399614863496,0.0,1.0,0.1486824200184641,0.9888849973467355,0.75,2.0,-0.8172299270627982,332.1656651226023,0.0,0.0
evt_pay_001416_0,cust_005,pay_001416,2026-05-30T00:52:48.898661+00:00,134097,RETRY_LATER,0.8333333333333334,0,0.29136690647482016,0.1219454575114393,0.06985260644664686,0.0,1.0,0.22841449541071504,0.9735639775003327,0.7142857142857143,5.0,-0.6412832630166057,349.713795024724,0.0,1.0
evt_pay_000549_1,cust_059,pay_000549,2026-05-30T00:54:42.323389+00:00,190392,WHATSAPP_NUDGE,0.8333333333333334,0,0.3661417322834646,0.08333333333333333,0.4322276314071915,1.0,1.0,0.23643705601167087,0.9716468075100818,0.8125,3.0,-0.38878117849020055,341.6585818136755,0.0,0.0
evt_pay_003793_0,cust_049,pay_003793,2026-05-30T01:27:49.900426+00:00,287735,RETRY_LATER,0.8333333333333334,1,0.3274021352313167,0.42702756698264466,-0.40491456991261565,0.0,1.0,0.37392551139537444,0.9274587386658815,0.7142857142857143,1.0,0.2100296838614713,331.9419090742477,0.0,1.0
evt_pay_007724_0,cust_029,pay_007724,2026-05-30T01:40:37.401889+00:00,54125,WHATSAPP_NUDGE,0.8333333333333334,1,0.3765432098765432,1.875789690467646,0.5993149892928279,0.0,1.0,0.42508180017662417,0.9051549387583324,0.6818181818181819,6.0,-0.8256115037842402,333.08316430579765,0.0,0.0
evt_pay_001187_0,cust_006,pay_001187,2026-05-30T01:53:56.918911+00:00,165677,WHATSAPP_NUDGE,0.8333333333333334,0,0.45819397993311034,0.08597815226225218,0.7803822845104786,0.0,1.0,0.4769618377947509,0.8789240042730962,0.7692307692307692,8.0,-0.3286363658753921,351.7275316505374,0.0,0.0
evt_pay_001019_1,cust_036,pay_001019,2026-05-30T02:00:39.035784+00:00,276980,WHATSAPP_NUDGE,0.8333333333333334,0,0.44483985765124556,0.08333333333333333,-0.5229985475291293,1.0,1.0,0.5024564223626097,0.8646025350567548,0.8,12.0,-0.5882553306323993,340.52516781821305,0.0,0.0
evt_pay_004446_1,cust_037,pay_004446,2026-05-30T02:04:33.798043+00:00,217087,WHATSAPP_NUDGE,0.8333333333333334,0,0.41739130434782606,0.08333333333333333,1.0295325642421125,1.0,1.0,0.5171433169233433,0.8558988198154748,0.9090909090909091,3.0,-0.33341852366871827,336.71636581644907,1.0,0.0
evt_pay_000760_0,cust_026,pay_000760,2026-05-30T02:14:27.076767+00:00,172762,WHATSAPP_NUDGE,0.8333333333333334,0,0.40707964601769914,1.4093022868900487,-0.6881305252415653,0.0,1.0,0.5535779005147325,0.8327973991684298,0.9166666666666666,6.0,1.9048100532514713,346.6466060070023,0.0,0.0
evt_pay_008388_0,cust_037,pay_008388,2026-05-30T03:23:26.710204+00:00,172780,RETRY_NOW,0.8333333333333334,0,0.4155844155844156,0.054779075942102885,0.23627496548012214,0.0,1.0,0.7756201624557584,0.6311999394740964,0.9230769230769231,4.0,-0.33341852366871827,336.7711448923912,1.0,0.0
evt_pay_001507_0,cust_034,pay_001507,2026-05-30T03:37:30.158394+00:00,39953,PAYMENT_LINK,0.03333333333333333,0,0.32116788321167883,0.40491760807087,-0.7468485143165992,0.0,1.0,0.8128533939266109,0.5824683338877659,0.8285714285714285,6.0,-0.5369784473169031,343.2638985922251,1.0,0.0
evt_pay_007047_0,cust_009,pay_007047,2026-05-30T03:41:45.882530+00:00,115136,WHATSAPP_NUDGE,0.8333333333333334,0,0.3102189781021898,0.8467600497469903,-0.09150106713394082,0.0,1.0,0.8235442526719527,0.5672520285472717,0.8,11.0,-0.8984355580750027,331.77087453365834,0.0,0.0
evt_pay_004044_0,cust_054,pay_004044,2026-05-30T03:49:38.454161+00:00,100860,WHATSAPP_NUDGE,0.8333333333333334,0,0.39344262295081966,2.996857643273112,0.05748788419225979,0.0,1.0,0.8425485388729851,0.5386204226011095,0.8333333333333334,4.0,-0.6956354929968003,345.6160541951104,0.0,0.0
evt_pay_008373_0,cust_045,pay_008373,2026-05-30T03:52:06.868713+00:00,79525,WHATSAPP_NUDGE,0.8333333333333334,0,0.28421052631578947,0.39573235936918155,-0.2545123934803175,0.0,1.0,0.8483126886641187,0.5294955922870879,0.8333333333333334,9.0,1.000889969158722,332.99770198977757,0.0,0.0
evt_pay_001187_1,cust_006,pay_001187,2026-05-30T03:53:56.918911+00:00,133304,WHATSAPP_NUDGE,0.8333333333333334,0,0.45666666666666667,0.08333333333333333,0.06960880177728199,1.0,1.0,0.8525230703025152,0.5226895967990685,0.8378378378378378,9.0,-0.3286363658753921,351.8108649838707,0.0,0.0
evt_pay_007475_0,cust_050,pay_007475,2026-05-30T04:07:43.056634+00:00,94693,RETRY_LATER,0.8333333333333334,0,0.4117647058823529,3.083461373709914,-0.5372975061349592,0.0,1.0,0.8823684604040574,0.47055913558677553,0.8,5.0,-0.900782201038446,356.8868764583777,0.0,1.0
evt_pay_006963_2,cust_027,pay_006963,2026-05-30T04:11:17.252725+00:00,73916,ESCALATE_HUMAN,0.8333333333333334,0,0.25559105431309903,0.9166666666666666,-0.2047295700391353,2.0,1.0,0.8895909147474614,0.4567581465051005,0.6521739130434783,2.0,-0.8172299270627982,332.31641875527043,0.0,1.0
evt_pay_006717_0,cust_029,pay_006717,2026-05-30T04:31:13.542947+00:00,54494,RETRY_LATER,0.8333333333333334,0,0.37846153846153846,1.9942635452962918,0.6228366796048508,0.0,1.0,0.9259129750784696,0.3777368959756743,0.6521739130434783,7.0,-0.8256115037842402,333.20163816062626,0.0,1.0
evt_pay_008388_1,cust_037,pay_008388,2026-05-30T05:23:26.710204+00:00,143731,WHATSAPP_NUDGE,0.8333333333333334,0,0.41379310344827586,0.08333333333333333,-0.2838170379979368,1.0,1.0,0.9873067341111482,0.15882510122388857,0.9285714285714286,4.0,-0.33341852366871827,336.8544782257245,1.0,0.0
evt_pay_001507_1,cust_034,pay_001507,2026-05-30T05:37:30.158394+00:00,48941,WHATSAPP_NUDGE,0.8333333333333334,0,0.32,0.08333333333333333,-0.2721178683988588,1.0,1.0,0.9951858556367275,0.09800567708349633,0.8529411764705882,7.0,-0.5369784473169031,343.3472319255584,0.0,0.0
evt_pay_004044_1,cust_054,pay_004044,2026-05-30T05:49:38.454161+00:00,103648,WHATSAPP_NUDGE,0.8333333333333334,1,0.39215686274509803,0.08333333333333333,0.13803802808678714,1.0,1.0,0.9989786498860205,0.045184699533178524,0.8333333333333334,5.0,-0.6956354929968003,345.69938752844376,0.0,0.0
evt_pay_001979_0,cust_019,pay_001979,2026-05-30T05:53:39.731241+00:00,151498,RETRY_NOW,0.03333333333333333,0,0.44402985074626866,0.3432076488656435,0.7597533325239495,0.0,1.0,0.9996176545959091,0.027650400000246735,0.7857142857142857,8.0,-0.5137657855739247,335.65485148605285,0.0,0.0
evt_pay_006644_0,cust_043,pay_006644,2026-05-30T06:07:47.256559+00:00,168297,WHATSAPP_NUDGE,0.8333333333333334,0,0.24363636363636362,0.508895380219542,0.476035268000541,0.0,1.0,0.9994227402435398,-0.03397331723711961,0.6956521739130435,6.0,-0.05414349663535748,344.8976635736028,0.0,0.0
evt_pay_008395_0,cust_011,pay_008395,2026-05-30T06:33:24.094335+00:00,48151,WHATSAPP_NUDGE,0.8333333333333334,0,0.43846153846153846,1.3452122704916671,-0.5362536279981387,0.0,1.0,0.989398441488066,-0.1452264575791413,0.9333333333333333,3.0,-0.306212897974724,333.9925640440127,0.0,0.0
evt_pay_005370_0,cust_044,pay_005370,2026-05-30T06:34:30.817662+00:00,198331,RETRY_NOW,0.8333333333333334,0,0.4051094890510949,2.927593981175202,-0.3603717966549987,0.0,1.0,0.9886821207471346,-0.1500255448746928,0.9375,9.0,-0.8459251821363672,350.11789241441255,1.0,0.0
evt_pay_004421_0,cust_025,pay_004421,2026-05-30T06:39:06.896632+00:00,237783,PAYMENT_LINK,0.03333333333333333,0,0.49808429118773945,0.4569962703776393,0.28558537018722074,0.0,1.0,0.9854710000302868,-0.16984377556833366,0.8571428571428572,6.0,0.10753773716001852,335.96097532684047,0.0,0.0
evt_pay_004823_0,cust_043,pay_004823,2026-05-30T06:53:44.979441+00:00,162360,RETRY_LATER,0.8333333333333334,0,0.2427536231884058,0.03191808890142056,0.35844156965014745,0.0,1.0,0.9726243386625192,-0.23238307993762639,0.6956521739130435,7.0,-0.05414349663535748,344.92958166250423,0.0,1.0
evt_pay_001450_0,cust_015,pay_001450,2026-05-30T07:15:02.455486+00:00,133555,ESCALATE_HUMAN,0.03333333333333333,0,0.37454545454545457,0.34836507800673644,0.3786995722510392,0.0,1.0,0.9468727156024812,-0.32160855157719725,0.8571428571428572,10.0,1.245182551392603,346.71825511590185,0.0,1.0
evt_pay_006194_0,cust_007,pay_006194,2026-05-30T07:25:41.430123+00:00,413559,PAYMENT_LINK,0.03333333333333333,1,0.4246575342465753,0.29027430673549287,0.8982253948165898,0.0,1.0,0.9309116571889123,-0.36524442023088194,0.9411764705882353,5.0,-0.46533070623945577,358.40781387362296,1.0,0.0
evt_pay_000755_2,cust_006,pay_000755,2026-05-30T07:38:59.593732+00:00,127970,ESCALATE_HUMAN,0.8333333333333334,0,0.45514950166112955,0.1562809585792214,-0.047506493930172256,2.0,1.0,0.9081555425684064,-0.41863290661662445,0.8571428571428572,10.0,-0.3286363658753921,351.9671459424499,0.0,1.0
evt_pay_000822_0,cust_001,pay_000822,2026-05-30T07:45:23.251798+00:00,510139,PAYMENT_LINK,0.8333333333333334,0,0.2916666666666667,1.7786224485869677,-0.09325402848180492,0.0,1.0,0.8961235856010219,-0.44380459588603616,0.7692307692307692,4.0,0.16534712408787333,341.87628789813925,0.0,0.0
evt_pay_001979_1,cust_019,pay_001979,2026-05-30T07:53:39.731241+00:00,105360,WHATSAPP_NUDGE,0.8333333333333334,1,0.4423791821561338,0.08333333333333333,-0.34176974185144215,1.0,1.0,0.8795194829515991,-0.47586287847293973,0.7857142857142857,8.0,-0.5137657855739247,335.73818481938616,1.0,0.0
evt_pay_007729_0,cust_008,pay_007729,2026-05-30T08:14:08.831244+00:00,249031,RETRY_LATER,0.8333333333333334,1,0.4068441064638783,0.46371418867257336,0.4802989593990755,0.0,1.0,0.8335311817437493,-0.5524724147510615,0.8888888888888888,2.0,0.4190160498383978,345.8074170204947,0.0,1.0
evt_pay_005370_1,cust_044,pay_005370,2026-05-30T08:34:30.817662+00:00,190794,WHATSAPP_NUDGE,0.8333333333333334,0,0.4036363636363636,0.08333333333333333,-0.4552631500014864,1.0,1.0,0.7812110603971458,-0.6242669934516536,0.8421052631578947,9.0,-0.8459251821363672,350.20122574774587,0.0,1.0
evt_pay_004823_1,cust_043,pay_004823,2026-05-30T08:53:44.979441+00:00,119939,WHATSAPP_NUDGE,0.8333333333333334,0,0.24187725631768953,0.08333333333333333,-0.48170609001778114,1.0,1.0,0.7261258456519677,-0.6875618199669138,0.7272727272727273,7.0,-0.05414349663535748,345.01291499583755,1.0,0.0
evt_pay_005616_0,cust_000,pay_005616,2026-05-30T08:57:44.638100+00:00,107041,RETRY_LATER,0.8333333333333334,0,0.3584905660377358,1.2908928367371193,-0.4547792898283024,0.0,1.0,0.7140330239353239,-0.700112020129477,0.8666666666666667,6.0,0.8132490481077264,349.0286418521935,0.0,1.0
evt_pay_006993_0,cust_044,pay_006993,2026-05-30T08:58:00.202854+00:00,228129,RETRY_LATER,0.8333333333333334,0,0.40217391304347827,0.01631232861132048,0.014750117498002233,0.0,1.0,0.713240109304103,-0.700919786052492,0.85,10.0,-0.8459251821363672,350.21753807635724,0.0,1.0
evt_pay_001471_0,cust_046,pay_001471,2026-05-30T09:22:57.144864+00:00,102394,WHATSAPP_NUDGE,0.8333333333333334,0,0.41739130434782606,0.7090603684346016,-0.1082202179702178,0.0,1.0,0.632866103128682,-0.7742612579166779,0.8787878787878788,7.0,-0.9687765812058661,353.4113080052721,0.0,0.0
evt_pay_002538_0,cust_037,pay_002538,2026-05-30T09:39:07.690794+00:00,195754,RETRY_LATER,0.8333333333333334,0,0.41201716738197425,0.1775576457102185,0.6475949787306451,0.0,1.0,0.5766883600924286,-0.8169642191270713,0.8571428571428572,5.0,-0.33341852366871827,337.03203587143474,0.0,1.0
evt_pay_001262_0,cust_031,pay_001262,2026-05-30T09:41:55.128708+00:00,49616,DO_NOTHING,0.03333333333333333,1,0.3173431734317343,0.6397475711176716,-0.22116702625436738,0.0,1.0,0.5666981483772776,-0.8239254873019557,0.7272727272727273,11.0,-0.07508066613848166,352.7396040012747,0.0,1.0
evt_pay_000822_1,cust_001,pay_000822,2026-05-30T09:45:23.251798+00:00,428344,WHATSAPP_NUDGE,0.8333333333333334,0,0.29080118694362017,0.08333333333333333,-0.5364106573297701,1.0,1.0,0.5541634921178661,-0.832407847154105,0.6666666666666667,5.0,0.16534712408787333,341.95962123147257,0.0,0.0
evt_pay_006452_0,cust_008,pay_006452,2026-05-30T09:50:11.019515+00:00,231881,RETRY_NOW,0.8333333333333334,0,0.4090909090909091,0.5304061825564759,0.2504598461582744,0.0,1.0,0.5366235742337488,-0.8438217463283323,0.8636363636363636,2.0,0.4190160498383978,345.8741090143787,1.0,0.0
evt_pay_007325_0,cust_032,pay_007325,2026-05-30T10:30:38.818895+00:00,327108,WHATSAPP_NUDGE,0.8333333333333334,0,0.2894736842105263,0.8914782993690172,0.021288004161362725,0.0,1.0,0.38007380856969075,-0.9249561611445865,0.7391304347826086,3.0,0.2905055503479753,354.9013052701146,0.0,0.0
evt_pay_005616_1,cust_000,pay_005616,2026-05-30T10:57:44.638100+00:00,114790,WHATSAPP_NUDGE,0.8333333333333334,1,0.35714285714285715,0.08333333333333333,-0.28085098152136045,1.0,1.0,0.2683147278042738,-0.9633313068946314,0.9285714285714286,5.0,0.8132490481077264,349.1119751855269,0.0,0.0
evt_pay_002626_2,cust_032,pay_002626,2026-05-30T11:06:55.093829+00:00,281046,WHATSAPP_NUDGE,0.03333333333333333,1,0.28852459016393445,0.025188367297649467,-0.384038437801702,2.0,1.0,0.22954766518848663,-0.9732974208362593,0.75,4.0,0.2905055503479753,354.9264936374123,1.0,0.0
evt_pay_006479_2,cust_031,pay_006479,2026-05-30T11:34:41.030666+00:00,56917,ESCALATE_HUMAN,0.8333333333333334,0,0.31985294117647056,0.7180566215587684,0.16667013309242554,2.0,1.0,0.1102380605126396,-0.993905211785516,0.8181818181818181,11.0,-0.07508066613848166,352.81791305171583,1.0,0.0
evt_pay_002938_0,cust_047,pay_002938,2026-05-30T11:39:48.495160+00:00,100940,RETRY_NOW,0.8333333333333334,0,0.4838709677419355,1.82795671068349,-0.26025392527268165,0.0,1.0,0.08798918397424162,-0.9961214300995371,0.9,4.0,1.898235005697721,332.5022125909873,1.0,0.0
evt_pay_006452_1,cust_008,pay_006452,2026-05-30T11:50:11.019515+00:00,219248,WHATSAPP_NUDGE,0.8333333333333334,0,0.4075471698113208,0.08333333333333333,0.08115976539507538,1.0,1.0,0.04281877439186505,-0.9990828557029585,0.9090909090909091,2.0,0.4190160498383978,345.957442347712,0.0,1.0
evt_pay_001634_0,cust_057,pay_001634,2026-05-30T12:25:37.115148+00:00,81961,RETRY_LATER,0.8333333333333334,0,0.3541666666666667,0.7655882019815105,0.0031859575311903926,0.0,1.0,-0.11154952231700159,-0.9937588762224209,0.8181818181818181,9.0,-0.5990323654313375,350.78255419086946,0.0,1.0
evt_pay_003685_0,cust_011,pay_003685,2026-05-30T12:25:53.049481+00:00,49093,WHATSAPP_NUDGE,0.8333333333333334,0,0.4367816091954023,0.24477957345131549,-0.49082716813356425,0.0,1.0,-0.11270099247407137,-0.9936289479958599,0.9130434782608696,4.0,-0.306212897974724,334.237343617464,0.0,0.0
evt_pay_005150_0,cust_024,pay_005150,2026-05-30T12:28:31.487520+00:00,142803,WHATSAPP_NUDGE,0.8333333333333334,0,0.23465703971119134,1.1760179843300496,1.4061703590176002,0.0,1.0,-0.1241417908787232,-0.9922644888120422,0.8333333333333334,5.0,-1.1653357768016162,345.17766827748756,0.0,0.0
evt_pay_007325_1,cust_032,pay_007325,2026-05-30T12:30:38.818895+00:00,329525,WHATSAPP_NUDGE,0.8333333333333334,0,0.2908496732026144,0.08333333333333333,0.042558212274103974,1.0,1.0,-0.1333245070378372,-0.9910724372229901,0.7391304347826086,5.0,0.2905055503479753,354.984638603448,0.0,0.0
evt_pay_003940_0,cust_014,pay_003940,2026-05-30T12:59:52.171989+00:00,67498,WHATSAPP_NUDGE,0.8333333333333334,0,0.2757475083056478,1.3495007483905586,0.02845543798850958,0.0,1.0,-0.25826913150977865,-0.9660730074425973,0.9,7.0,-0.8122776257059364,354.2985988098715,0.0,0.0
evt_pay_002938_1,cust_047,pay_002938,2026-05-30T13:39:48.495160+00:00,131389,WHATSAPP_NUDGE,0.8333333333333334,0,0.4819277108433735,0.08333333333333333,0.5231191814700699,1.0,1.0,-0.42185984646981256,-0.906661055707405,0.9032258064516129,3.0,1.898235005697721,332.5855459243206,1.0,0.0
evt_pay_003893_0,cust_036,pay_003893,2026-05-30T13:40:53.025712+00:00,321964,RETRY_NOW,0.03333333333333333,0,0.4432624113475177,0.4862730315711019,-0.14391482364708585,0.0,1.0,-0.4261099593989796,-0.9046713781816025,0.8333333333333334,13.0,-0.5882553306323993,341.01144084978415,0.0,0.0
evt_pay_002148_0,cust_049,pay_002148,2026-05-30T14:18:21.782791+00:00,260062,WHATSAPP_NUDGE,0.8333333333333334,0,0.32978723404255317,0.962118798059104,-0.6407582563202752,0.0,1.0,-0.5677110152004312,-0.8232279169343663,0.7272727272727273,1.0,0.2100296838614713,332.47700030532417,0.0,0.0
evt_pay_000723_2,cust_046,pay_000723,2026-05-30T14:21:54.329031+00:00,122224,ESCALATE_HUMAN,0.8333333333333334,0,0.4155844155844156,0.207606298232065,0.4241624726122246,2.0,1.0,-0.5803671614300285,-0.8143549336337634,0.9333333333333333,8.0,-0.9687765812058661,353.61891430350414,1.0,0.0
evt_pay_006649_0,cust_043,pay_006649,2026-05-30T14:23:08.665961+00:00,207989,DO_NOTHING,0.03333333333333333,1,0.24100719424460432,0.22874637176869328,1.2621505552898922,0.0,1.0,-0.5847610087751243,-0.8112056228948977,0.7391304347826086,7.0,-0.05414349663535748,345.24166136760624,0.0,0.0
evt_pay_001634_1,cust_057,pay_001634,2026-05-30T14:25:37.115148+00:00,79606,WHATSAPP_NUDGE,0.8333333333333334,0,0.35269709543568467,0.08333333333333333,-0.07901580168454232,1.0,1.0,-0.5934841582177528,-0.8048456708863913,0.8333333333333334,9.0,-0.5990323654313375,350.86588752420283,1.0,0.0
evt_pay_003685_1,cust_011,pay_003685,2026-05-30T14:25:53.049481+00:00,55581,RETRY_LATER,0.03333333333333333,0,0.4351145038167939,0.08333333333333333,-0.17809867695292406,1.0,1.0,-0.5944163965121945,-0.804157414662986,0.9166666666666666,5.0,-0.306212897974724,334.32067695079735,0.0,0.0
evt_pay_005150_1,cust_024,pay_005150,2026-05-30T14:28:31.487520+00:00,74916,WHATSAPP_NUDGE,0.8333333333333334,0,0.23381294964028776,0.08333333333333333,-0.6205722110430499,1.0,1.0,-0.6036421889782909,-0.7972553591450466,0.8461538461538461,6.0,-1.1653357768016162,345.26100161082087,0.0,1.0
evt_pay_000398_0,cust_026,pay_000398,2026-05-30T14:30:10.992838+00:00,225476,WHATSAPP_NUDGE,0.8333333333333334,1,0.4052863436123348,0.5109249545331901,-0.02630421254080818,0.0,1.0,-0.6093954583532584,-0.79286642969571,0.92,7.0,1.9048100532514713,347.1575309615355,0.0,0.0
evt_pay_008081_0,cust_009,pay_008081,2026-05-30T14:59:15.474925+00:00,138515,WHATSAPP_NUDGE,0.8333333333333334,0,0.3090909090909091,0.4704813934606591,0.47009207030815614,0.0,1.0,-0.704813498619835,-0.7093926502038682,0.8333333333333334,12.0,-0.8984355580750027,332.241355927119,0.0,0.0
evt_pay_003940_1,cust_014,pay_003940,2026-05-30T14:59:52.171989+00:00,52381,WHATSAPP_NUDGE,0.8333333333333334,0,0.27483443708609273,0.08333333333333333,-0.6178115148447438,1.0,1.0,-0.7067041326221108,-0.7075092006008331,0.962962962962963,8.0,-0.8122776257059364,354.3819321432049,0.0,0.0
evt_pay_006335_0,cust_044,pay_006335,2026-05-30T15:39:29.082375+00:00,239195,RETRY_LATER,0.03333333333333333,1,0.4007220216606498,0.2788064759440279,0.15405526660376198,0.0,1.0,-0.8178603495481208,-0.5754167608238621,0.8846153846153846,10.0,-0.8459251821363672,350.49634455230125,1.0,0.0
evt_pay_007021_2,cust_016,pay_007021,2026-05-30T15:51:37.353409+00:00,140776,ESCALATE_HUMAN,0.8333333333333334,1,0.35766423357664234,0.9166666666666666,0.5985483275846052,2.0,1.0,-0.84717421895937,-0.5313152009218083,0.8518518518518519,4.0,-0.5381138706705891,352.4404942440802,0.0,0.0
evt_pay_008562_2,cust_057,pay_008562,2026-05-30T16:03:10.294497+00:00,84789,ESCALATE_HUMAN,0.8333333333333334,0,0.3512396694214876,0.06774513135182285,0.10187265364249384,2.0,1.0,-0.8728615624588664,-0.48796792187793087,0.8571428571428572,10.0,-0.5990323654313375,350.9336326555547,0.0,1.0
evt_pay_004536_2,cust_035,pay_004536,2026-05-30T16:07:20.238369+00:00,41710,ESCALATE_HUMAN,0.8333333333333334,0,0.3256578947368421,0.9166666666666666,-0.13892168599150323,2.0,1.0,-0.8815864042802062,-0.4720226814341626,0.9090909090909091,5.0,0.5026080740568922,333.60749593613605,1.0,0.0
evt_pay_004064_0,cust_048,pay_004064,2026-05-30T16:10:00.487612+00:00,157564,RETRY_LATER,0.8333333333333334,0,0.2715654952076677,0.8737866843628505,-0.5060524441061048,0.0,1.0,-0.887027206303325,-0.461717159392759,0.6818181818181819,10.0,-0.4506859321563252,340.6792437633373,0.0,1.0
evt_pay_002148_1,cust_049,pay_002148,2026-05-30T16:18:21.782791+00:00,319582,WHATSAPP_NUDGE,0.8333333333333334,1,0.3286219081272085,0.08333333333333333,-0.13349501003801562,1.0,1.0,-0.90326611963901,-0.4290807815694914,0.6818181818181819,2.0,0.2100296838614713,332.5603336386575,1.0,0.0
evt_pay_006099_0,cust_051,pay_006099,2026-05-30T16:20:40.917391+00:00,575160,RETRY_LATER,0.03333333333333333,1,0.4541984732824427,1.2517164691752214,-0.15924081986059668,0.0,1.0,-0.9075613143687042,-0.41991958832775356,0.9090909090909091,4.0,-1.013594580420746,338.4759392019527,0.0,0.0
evt_pay_000384_2,cust_031,pay_000384,2026-05-30T16:20:40.938563+00:00,55770,PAYMENT_LINK,0.03333333333333333,0,0.31868131868131866,0.19861004510789826,0.1057752819525245,2.0,1.0,-0.9075619609073068,-0.419918190977819,0.8571428571428572,11.0,-0.07508066613848166,353.0165230968237,0.0,0.0
evt_pay_001419_0,cust_026,pay_001419,2026-05-30T16:36:09.864210+00:00,189880,WHATSAPP_NUDGE,0.8333333333333334,0,0.40789473684210525,0.5984118917086789,-0.4732096962412877,0.0,1.0,-0.9338372599532786,-0.3576981575615855,0.8148148148148149,8.0,1.9048100532514713,347.245017898711,0.0,0.0
evt_pay_005507_2,cust_056,pay_005507,2026-05-30T16:56:16.497488+00:00,203794,ESCALATE_HUMAN,0.8333333333333334,0,0.2727272727272727,0.847565913354174,0.7970649604039236,2.0,1.0,-0.9615916947817829,-0.2744839021266977,1.0,7.0,-0.26273729270347856,341.6611931672367,1.0,0.0
evt_pay_008081_1,cust_009,pay_008081,2026-05-30T16:59:15.474925+00:00,114094,WHATSAPP_NUDGE,0.8333333333333334,1,0.3079710144927536,0.08333333333333333,-0.11652203261748555,1.0,1.0,-0.9650827198368996,-0.26194530702460067,0.8333333333333334,13.0,-0.8984355580750027,332.3246892604523,0.0,0.0
evt_pay_007116_0,cust_044,pay_007116,2026-05-30T17:06:33.867076+00:00,176170,RETRY_LATER,0.8333333333333334,0,0.4028776978417266,0.3392785210948735,-0.6393598140817036,0.0,1.0,-0.9729419194065949,-0.23104982462969093,0.8214285714285714,10.0,-0.8459251821363672,350.5568165974521,0.0,1.0
evt_pay_003453_2,cust_048,pay_003453,2026-05-30T17:11:45.318083+00:00,214103,ESCALATE_HUMAN,0.8333333333333334,0,0.27070063694267515,0.04287998230381618,0.3375907302141287,2.0,1.0,-0.977925056113969,-0.20895593943339044,0.6521739130434783,10.0,-0.4506859321563252,340.7221237456411,0.0,1.0
evt_pay_006350_0,cust_037,pay_006350,2026-05-30T17:13:06.700888+00:00,150863,WHATSAPP_NUDGE,0.8333333333333334,0,0.41025641025641024,0.31526632053146386,-0.1561180350416901,0.0,1.0,-0.9791445913304968,-0.20316463587010983,0.8275862068965517,5.0,-0.33341852366871827,337.3473021919662,0.0,0.0
evt_pay_007102_2,cust_021,pay_007102,2026-05-30T17:31:01.502184+00:00,185338,ESCALATE_HUMAN,0.8333333333333334,0,0.3244047619047619,0.742107559378951,-0.39473876742955605,2.0,1.0,-0.9920187299766319,-0.12609059986989674,0.8461538461538461,13.0,-0.0711177391970671,346.17872486320476,0.0,0.0
evt_pay_008468_2,cust_025,pay_008468,2026-05-30T17:41:02.418871+00:00,210130,ESCALATE_HUMAN,0.8333333333333334,0,0.4961832061068702,0.4596703962890274,-0.07989385794938654,2.0,1.0,-0.9965800534796726,-0.08263290510718353,1.0,7.0,0.10753773716001852,336.4206457231295,0.0,0.0
evt_pay_004064_1,cust_048,pay_004064,2026-05-30T18:10:00.487612+00:00,213091,WHATSAPP_NUDGE,0.8333333333333334,0,0.2698412698412698,0.04045335102951716,0.3225020057837275,1.0,1.0,-0.9990466742029991,0.043654813754344664,0.6363636363636364,10.0,-0.4506859321563252,340.76257709667067,0.0,1.0
evt_pay_001558_0,cust_022,pay_001558,2026-05-30T18:25:32.306927+00:00,124511,RETRY_LATER,0.8333333333333334,0,0.3971119133574007,1.6694229774088853,0.31047900734948325,0.0,1.0,-0.9937978202919936,0.11120203407709021,0.75,4.0,-0.6143468879245073,338.7741059401174,0.0,1.0
evt_pay_003329_2,cust_020,pay_003329,2026-05-30T19:00:25.972739+00:00,60363,ESCALATE_HUMAN,0.8333333333333334,0,0.33653846153846156,0.9166666666666666,-0.042898276395340024,2.0,1.0,-0.9654352485497368,0.2606430142123666,0.8275862068965517,4.0,0.06752823759169156,345.0303875588616,0.0,0.0
evt_pay_002781_2,cust_007,pay_002781,2026-05-30T19:16:12.277433+00:00,311784,DO_NOTHING,0.03333333333333333,0,0.42727272727272725,0.7836868913414037,-0.02595675287509454,2.0,1.0,-0.9452275184576746,0.32641222150885574,0.8275862068965517,6.0,-0.46533070623945577,358.90122645822885,1.0,0.0
evt_pay_003606_0,cust_024,pay_003606,2026-05-30T19:18:51.988509+00:00,99855,WHATSAPP_NUDGE,0.8333333333333334,0,0.23297491039426524,0.20162616885284024,0.12399816589558646,0.0,1.0,-0.941372729874623,0.3373683201612152,0.8333333333333334,7.0,-1.1653357768016162,345.4626277796737,0.0,0.0
evt_pay_008546_0,cust_050,pay_008546,2026-05-30T19:31:50.645858+00:00,115594,ESCALATE_HUMAN,0.03333333333333333,0,0.4103448275862069,0.6417545049068659,-0.02523550358949232,0.0,1.0,-0.9207704362320681,0.3901048625190501,0.9,5.0,-0.900782201038446,357.52863096328457,0.0,1.0
evt_pay_007478_2,cust_019,pay_007478,2026-05-30T19:39:26.590379+00:00,104264,ESCALATE_HUMAN,0.8333333333333334,0,0.4444444444444444,0.5734590178010232,-0.367933709025199,2.0,1.0,-0.9073319112246059,0.42041503645029626,0.7692307692307692,9.0,-0.5137657855739247,336.2283105038539,1.0,0.0
evt_pay_001372_0,cust_042,pay_001372,2026-05-30T19:44:27.300634+00:00,233286,WHATSAPP_NUDGE,0.8333333333333334,0,0.381294964028777,1.1703510470560634,0.011049193682988238,0.0,1.0,-0.8979219517918648,0.4401547097218067,0.9090909090909091,4.0,0.21388002896855346,356.75212336755493,0.0,0.0
evt_pay_003185_0,cust_002,pay_003185,2026-05-30T19:58:08.067320+00:00,311768,WHATSAPP_NUDGE,0.8333333333333334,0,0.2979452054794521,1.0525214696973346,0.04106907333050562,0.0,1.0,-0.87006665502198,0.492934088716598,0.65,8.0,-0.38277421977533765,338.9145832208349,0.0,0.0
evt_pay_008208_0,cust_000,pay_008208,2026-05-30T20:08:11.896352+00:00,108250,RETRY_LATER,0.8333333333333334,0,0.3595505617977528,0.4655932668079383,-0.42764232779329897,0.0,1.0,-0.8475893313228857,0.5306527352493563,0.9166666666666666,6.0,0.8132490481077264,349.49423511900153,0.0,1.0
evt_pay_001558_1,cust_022,pay_001558,2026-05-30T20:25:32.306927+00:00,106490,WHATSAPP_NUDGE,0.8333333333333334,0,0.39568345323741005,0.08333333333333333,-0.14798220195545841,1.0,1.0,-0.805053141559924,0.5932026966092593,0.7692307692307692,4.0,-0.6143468879245073,338.8574392734507,1.0,0.0
evt_pay_005937_2,cust_015,pay_005937,2026-05-30T20:53:23.712746+00:00,137906,ESCALATE_HUMAN,0.8333333333333334,0,0.37318840579710144,0.5683015886599302,0.48413001150897433,2.0,1.0,-0.7271883308345722,0.6864380026615868,1.0,10.0,1.245182551392603,347.28655670456175,0.0,1.0
evt_pay_000923_0,cust_002,pay_000923,2026-05-30T20:58:14.637121+00:00,311169,RETRY_NOW,0.8333333333333334,0,0.29692832764505117,0.041742706022963226,0.03550106181002763,0.0,1.0,-0.7125039683565637,0.7016680804170508,0.6666666666666667,9.0,-0.38277421977533765,338.9563259268579,1.0,0.0
evt_pay_002884_0,cust_005,pay_002884,2026-05-30T21:09:04.961087+00:00,158447,RETRY_LATER,0.8333333333333334,1,0.2903225806451613,0.8446303521541646,0.6013544052890941,0.0,1.0,-0.6785357721663965,0.7345673596686365,0.6818181818181819,3.0,-0.6412832630166057,350.5584253768782,0.0,1.0
evt_pay_001372_1,cust_042,pay_001372,2026-05-30T21:44:27.300634+00:00,201941,WHATSAPP_NUDGE,0.8333333333333334,0,0.37992831541218636,0.08333333333333333,-0.37432845888293204,1.0,1.0,-0.5575458660065582,0.8301461361103821,0.9166666666666666,5.0,0.21388002896855346,356.83545670088824,1.0,0.0
evt_pay_000772_2,cust_006,pay_000772,2026-05-30T21:50:08.406556+00:00,121799,ESCALATE_HUMAN,0.8333333333333334,0,0.45364238410596025,0.5910742224918598,-0.18298439251290588,2.0,1.0,-0.5367839073750152,0.8437197619963699,1.0,9.0,-0.3286363658753921,352.55822016494176,0.0,0.0
evt_pay_003185_1,cust_002,pay_003185,2026-05-30T21:58:08.067320+00:00,274580,WHATSAPP_NUDGE,0.8333333333333334,0,0.29591836734693877,0.04159062731037011,-0.30463476675618023,1.0,1.0,-0.5070327818764876,0.8619267707308957,0.6363636363636364,9.0,-0.38277421977533765,338.9979165541683,0.0,0.0
evt_pay_008208_1,cust_000,pay_008208,2026-05-30T22:08:11.896352+00:00,135687,RETRY_NOW,0.03333333333333333,0,0.3582089552238806,0.08333333333333333,0.1881312746398009,1.0,1.0,-0.4687075252776069,0.8833534149750831,0.9166666666666666,6.0,0.8132490481077264,349.57756845233484,0.0,1.0
evt_pay_004669_0,cust_017,pay_004669,2026-05-30T22:37:10.958867+00:00,551214,RETRY_NOW,0.8333333333333334,0,0.299625468164794,2.151556957825638,0.22007340075395945,0.0,1.0,-0.3535456683788073,0.9354172653797782,0.6818181818181819,11.0,0.5027156808516637,353.50409650296024,1.0,0.0
evt_pay_000549_2,cust_059,pay_000549,2026-05-30T22:54:42.323389+00:00,161817,WHATSAPP_NUDGE,0.03333333333333333,0,0.36470588235294116,0.9166666666666666,-0.06146562974324614,2.0,1.0,-0.2810629068529298,0.9596893468156148,0.9166666666666666,4.0,-0.38878117849020055,342.57524848034217,0.0,0.0
evt_pay_000923_1,cust_002,pay_000923,2026-05-30T22:58:14.637121+00:00,357623,WHATSAPP_NUDGE,0.8333333333333334,1,0.29491525423728815,0.041742706022963226,0.4673397142999339,1.0,1.0,-0.26621249668548147,0.9639143668441106,0.6956521739130435,10.0,-0.38277421977533765,339.03965926019123,0.0,1.0
evt_pay_007487_0,cust_032,pay_007487,2026-05-30T23:44:16.975969+00:00,327592,WHATSAPP_NUDGE,0.8333333333333334,0,0.2899022801302932,0.4678027439125951,0.025547014545373357,0.0,1.0,-0.0685249008450762,0.9976494063368015,0.6666666666666667,6.0,0.2905055503479753,355.45244134736066,0.0,0.0
evt_pay_004620_0,cust_043,pay_004620,2026-05-30T23:57:01.734161+00:00,146533,WHATSAPP_NUDGE,0.8333333333333334,0,0.24372759856630824,0.6272772537066847,0.04498099388127602,0.0,1.0,-0.012963494541970573,0.9999159703741411,0.6799999999999999,7.0,-0.05414349663535748,345.64019224954427,0.0,0.0
