event_id,customer_id,transaction_id,event_created_at,amount_paise,action,propensity,outcome,prior_success_rate,days_since_last_failure,amount_zscore,retry_count_so_far,is_recurring_subscription,hour_sin,hour_cos,bank_recent_fail_rate,contacts_last_7d,ltv_zscore,customer_tenure_days,is_soft_decline,is_insufficient_funds
evt_pay_008091_0,cust_023,pay_008091,2026-05-31T00:00:37.779392+00:00,88719,RETRY_LATER,0.8333333333333334,0,0.40148698884758366,1.4725722278483697,0.15632540140114232,0.0,1.0,0.002747391449317497,0.9999962259129902,0.9,6.0,0.9385908116339667,354.2527022887464,0.0,1.0
evt_pay_001019_2,cust_036,pay_001019,2026-05-31T00:00:39.035784+00:00,304002,DO_NOTHING,0.03333333333333333,0,0.4416961130742049,0.4303936350955648,-0.29528060316081245,2.0,1.0,0.002838758532286104,0.9999959707168802,1.0,9.0,-0.5882553306323993,341.44183448487973,0.0,0.0
evt_pay_004767_0,cust_029,pay_004767,2026-05-31T00:18:20.625765+00:00,46672,RETRY_LATER,0.8333333333333334,0,0.40066225165562913,0.7410541992908861,0.12333947562472274,0.0,1.0,0.07995433105508402,0.9967985277605169,0.9032258064516129,6.0,-0.8256115037842402,334.02602569325046,0.0,1.0
evt_pay_001915_0,cust_056,pay_001915,2026-05-31T00:28:57.131227+00:00,120165,WHATSAPP_NUDGE,0.8333333333333334,0,0.2711267605633803,0.16192510014868353,-0.7024832452333936,0.0,1.0,0.12599201125071083,0.9920312561109155,0.8,5.0,-0.26273729270347856,341.9755523540313,0.0,0.0
evt_pay_006131_2,cust_027,pay_006131,2026-05-31T00:34:12.138862+00:00,65648,ESCALATE_HUMAN,0.8333333333333334,0,0.3148148148148148,0.9166666666666666,-0.5014151711637171,2.0,1.0,0.1486824200184641,0.9888849973467355,0.935483870967742,3.0,-0.8172299270627982,333.1656651226023,0.0,0.0
evt_pay_004669_1,cust_017,pay_004669,2026-05-31T00:37:10.958867+00:00,566132,PAYMENT_LINK,0.8333333333333334,0,0.30656934306569344,0.08333333333333333,0.30335689268132804,1.0,1.0,0.16152910247589328,0.9868679491468615,0.935483870967742,4.0,0.5027156808516637,353.58742983629355,0.0,0.0
evt_pay_001416_2,cust_005,pay_001416,2026-05-31T00:52:48.898661+00:00,133010,ESCALATE_HUMAN,0.8333333333333334,0,0.2837370242214533,0.07203631451250203,0.04612400288123362,2.0,1.0,0.22841449541071504,0.9735639775003327,0.9375,6.0,-0.6412832630166057,350.713795024724,0.0,0.0
evt_pay_000871_0,cust_030,pay_000871,2026-05-31T01:00:31.106735+00:00,188810,WHATSAPP_NUDGE,0.8333333333333334,0,0.37012987012987014,4.727288418905137,0.26215621116032306,0.0,1.0,0.2610034458851682,0.9653378689536986,0.8518518518518519,2.0,1.7722569671050512,330.98622127161116,0.0,0.0
evt_pay_003793_2,cust_049,pay_003793,2026-05-31T01:27:49.900426+00:00,418616,ESCALATE_HUMAN,0.8333333333333334,0,0.34814814814814815,0.46490876892354055,0.7105241823251073,2.0,1.0,0.37392551139537444,0.9274587386658815,0.9375,2.0,0.2100296838614713,332.9419090742477,0.0,0.0
evt_pay_007724_2,cust_029,pay_007724,2026-05-31T01:40:37.401889+00:00,58742,ESCALATE_HUMAN,0.8333333333333334,0,0.39933993399339934,0.057138612547134926,0.8941477308883655,2.0,1.0,0.42508180017662417,0.9051549387583324,0.9375,6.0,-0.8256115037842402,334.08316430579765,1.0,0.0
evt_pay_001187_2,cust_006,pay_001187,2026-05-31T01:53:56.918911+00:00,153474,ESCALATE_HUMAN,0.8333333333333334,0,0.39144736842105265,0.9166666666666666,0.5124462284562088,2.0,1.0,0.4769618377947509,0.8789240042730962,0.8125,8.0,-0.3286363658753921,352.7275316505374,0.0,0.0
evt_pay_008091_1,cust_023,pay_008091,2026-05-31T02:00:37.779392+00:00,109673,WHATSAPP_NUDGE,0.8333333333333334,0,0.4,0.08333333333333333,0.868055762761508,1.0,1.0,0.5023774237457442,0.8646484396045533,0.8888888888888888,6.0,0.9385908116339667,354.3360356220797,0.0,0.0
evt_pay_001915_1,cust_056,pay_001915,2026-05-31T02:28:57.131227+00:00,185237,WHATSAPP_NUDGE,0.8333333333333334,0,0.27017543859649124,0.08333333333333333,0.464319960773232,1.0,1.0,0.6051279104724682,0.796128263514884,0.8125,6.0,-0.26273729270347856,342.05888568736464,0.0,1.0
evt_pay_002724_0,cust_050,pay_002724,2026-05-31T02:49:57.462006+00:00,105181,WHATSAPP_NUDGE,0.8333333333333334,0,0.4684014869888476,0.2209122239293985,-0.2803399624522216,0.0,1.0,0.6754541182005785,0.7374020166814563,0.9,9.0,-0.900782201038446,357.83287652054736,0.0,0.0
evt_pay_001311_0,cust_006,pay_001311,2026-05-31T02:54:14.497962+00:00,110608,RETRY_NOW,0.8333333333333334,0,0.3901639344262295,0.041870127902313925,-0.42869154826415473,0.0,1.0,0.6891189707934671,0.7246482209269216,0.8235294117647058,8.0,-0.3286363658753921,352.7694017784397,1.0,0.0
evt_pay_001988_0,cust_058,pay_001988,2026-05-31T02:57:51.053012+00:00,266228,RETRY_NOW,0.03333333333333333,1,0.3501683501683502,2.9433153375967436,0.27917891348920065,0.0,1.0,0.700445044345312,0.7137063400671833,0.8333333333333334,3.0,4.286983765334936,349.08762015357365,0.0,1.0
evt_pay_007796_0,cust_045,pay_007796,2026-05-31T03:00:00.737633+00:00,82257,WHATSAPP_NUDGE,0.8333333333333334,0,0.25,0.8804845939871484,-0.16508301701054223,0.0,1.0,0.7071447109262547,0.7070688494121514,0.7894736842105263,5.0,1.000889969158722,333.96151991709803,0.0,0.0
evt_pay_000871_1,cust_030,pay_000871,2026-05-31T03:00:31.106735+00:00,179177,WHATSAPP_NUDGE,0.8333333333333334,1,0.36893203883495146,0.08333333333333333,0.10299800689835442,1.0,1.0,0.708704549088682,0.7055053948064522,0.8461538461538461,3.0,1.7722569671050512,331.06955460494447,1.0,0.0
evt_pay_000079_0,cust_044,pay_000079,2026-05-31T03:27:47.274018+00:00,215962,ESCALATE_HUMAN,0.03333333333333333,0,0.40425531914893614,0.34807183960678384,-0.13842334239291004,0.0,1.0,0.7874406464715709,0.6163904836095659,0.8076923076923077,8.0,-0.8459251821363672,350.9882217703923,0.0,0.0
evt_pay_007047_2,cust_009,pay_007047,2026-05-31T03:41:45.882530+00:00,103348,ESCALATE_HUMAN,0.8333333333333334,0,0.2883895131086142,0.4461852732060076,-0.3746508249416387,2.0,1.0,0.8235442526719527,0.5672520285472717,1.0,12.0,-0.8984355580750027,332.77087453365834,0.0,0.0
evt_pay_005974_0,cust_047,pay_005974,2026-05-31T03:42:57.899975+00:00,111211,WHATSAPP_NUDGE,0.8333333333333334,0,0.4426877470355731,0.5315860039519104,0.003992248162734521,0.0,1.0,0.8265037889799094,0.5629311563609297,0.7777777777777778,3.0,1.898235005697721,333.17107144301144,0.0,0.0
evt_pay_001117_0,cust_048,pay_001117,2026-05-31T03:55:53.643570+00:00,248004,PAYMENT_LINK,0.03333333333333333,0,0.26791277258566976,0.40686523098692834,0.8434480606033798,0.0,1.0,0.856929131408816,0.5154342477396434,0.9285714285714286,2.0,-0.4506859321563252,341.1694423276576,1.0,0.0
evt_pay_007367_0,cust_007,pay_007367,2026-05-31T04:05:41.901813+00:00,279149,RETRY_LATER,0.8333333333333334,0,0.3577981651376147,0.8611165704875816,-0.3223009476689477,0.0,1.0,0.8781883452604099,0.47831499061683524,0.8148148148148149,6.0,-0.46533070623945577,359.26893044411054,0.0,1.0
evt_pay_003875_0,cust_036,pay_003875,2026-05-31T04:18:32.976029+00:00,360754,ESCALATE_HUMAN,0.03333333333333333,0,0.44014084507042256,0.17909653061186268,0.18297827685638937,0.0,1.0,0.9036150900588428,0.4283453851951126,1.0,9.0,-0.5882553306323993,341.6209310154916,0.0,0.0
evt_pay_006555_0,cust_028,pay_006555,2026-05-31T04:48:03.197934+00:00,208405,RETRY_NOW,0.8333333333333334,1,0.41365461847389556,1.2657148151060749,-0.2538968890987024,0.0,1.0,0.9511283556704739,0.30879580800195516,0.9285714285714286,4.0,0.3910481863531735,331.5273135676853,1.0,0.0
evt_pay_007796_1,cust_045,pay_007796,2026-05-31T05:00:00.737633+00:00,68056,WHATSAPP_NUDGE,0.8333333333333334,0,0.24919093851132687,0.08333333333333333,-0.6298518344927775,1.0,1.0,0.9659397085200156,0.25876723035242943,0.7647058823529411,6.0,1.000889969158722,334.04485325043134,0.0,0.0
evt_pay_006908_0,cust_057,pay_006908,2026-05-31T05:33:54.404254+00:00,72466,RETRY_LATER,0.8333333333333334,0,0.34146341463414637,0.6307556609473295,-0.32817236684521317,0.0,1.0,0.9935257071620978,0.1136075226736922,1.0,5.0,-0.5990323654313375,351.49664318515016,0.0,1.0
evt_pay_005974_1,cust_047,pay_005974,2026-05-31T05:42:57.899975+00:00,91086,WHATSAPP_NUDGE,0.8333333333333334,0,0.4409448818897638,0.08333333333333333,-0.5137651865722357,1.0,1.0,0.9972388557611593,0.07426078750036048,0.8235294117647058,4.0,1.898235005697721,333.25440477634476,0.0,0.0
evt_pay_001117_1,cust_048,pay_001117,2026-05-31T05:55:53.643570+00:00,159383,WHATSAPP_NUDGE,0.8333333333333334,0,0.2670807453416149,0.08333333333333333,-0.47891287426667767,1.0,1.0,0.9998395209127899,0.017914586818644784,0.896551724137931,3.0,-0.4506859321563252,341.2527756609909,0.0,0.0
evt_pay_004112_0,cust_020,pay_004112,2026-05-31T06:13:24.893775+00:00,57139,RETRY_NOW,0.8333333333333334,1,0.28994082840236685,1.3840152897772668,-0.1931857732001436,0.0,1.0,0.9982874021565269,-0.05850010850906724,0.8518518518518519,4.0,0.06752823759169156,345.49773618197224,1.0,0.0
evt_pay_005370_2,cust_044,pay_005370,2026-05-31T06:34:30.817662+00:00,196418,RETRY_LATER,0.03333333333333333,0,0.4028268551236749,0.12967064402035552,-0.3844608642807642,2.0,1.0,0.9886821207471346,-0.1500255448746928,0.8518518518518519,8.0,-0.8459251821363672,351.11789241441255,0.0,0.0
evt_pay_003716_0,cust_051,pay_003716,2026-05-31T06:41:06.246832+00:00,855126,ESCALATE_HUMAN,0.03333333333333333,1,0.49224806201550386,0.597515387040365,1.1539925501116208,0.0,1.0,0.9839597594869244,-0.17839055947676724,1.0,3.0,-1.013594580420746,339.073454588993,0.0,0.0
evt_pay_004003_0,cust_050,pay_004003,2026-05-31T07:08:46.592028+00:00,121054,WHATSAPP_NUDGE,0.8333333333333334,0,0.4666666666666667,0.17973530118367384,0.10850639712512297,0.0,1.0,0.9553086348407405,-0.2956102369653675,0.9,10.0,-0.900782201038446,358.012611821731,0.0,0.0
evt_pay_001774_0,cust_039,pay_001774,2026-05-31T07:14:20.166798+00:00,297739,WHATSAPP_NUDGE,0.8333333333333334,0,0.6283185840707964,1.9807361506138932,0.5215356232759654,0.0,1.0,0.9478572857364261,-0.31869509860739154,0.9,4.0,-0.6642333856639545,331.70338168675715,0.0,0.0
evt_pay_006908_1,cust_057,pay_006908,2026-05-31T07:33:54.404254+00:00,73617,WHATSAPP_NUDGE,0.8333333333333334,0,0.340080971659919,0.08333333333333333,-0.28799233626857546,1.0,1.0,0.9172222630521217,-0.3983758528846149,1.0,5.0,-0.5990323654313375,351.57997651848353,0.0,0.0
evt_pay_007729_2,cust_008,pay_007729,2026-05-31T08:14:08.831244+00:00,211040,ESCALATE_HUMAN,0.8333333333333334,0,0.35424354243542433,0.9166666666666666,-0.028842157426944393,2.0,1.0,0.8335311817437493,-0.5524724147510615,0.8461538461538461,6.0,0.4190160498383978,346.8074170204947,0.0,0.0
evt_pay_001703_0,cust_026,pay_001703,2026-05-31T08:49:43.639730+00:00,218727,WHATSAPP_NUDGE,0.8333333333333334,1,0.4377880184331797,0.6760853648107172,-0.11103781129354887,0.0,1.0,0.7380805998808084,-0.6747125521876601,0.84,3.0,1.9048100532514713,347.92110326352173,0.0,0.0
evt_pay_004333_0,cust_059,pay_004333,2026-05-31T08:57:41.254037+00:00,152829,WHATSAPP_NUDGE,0.03333333333333333,1,0.3724696356275304,0.4187376232445672,-0.21674600712495554,0.0,1.0,0.714205297075584,-0.6999362782633693,0.9090909090909091,2.0,-0.38878117849020055,342.9939861035867,0.0,1.0
evt_pay_006993_2,cust_044,pay_006993,2026-05-31T08:58:00.202854+00:00,256033,ESCALATE_HUMAN,0.8333333333333334,0,0.4014084507042254,0.09964566194465381,0.36602678933140714,2.0,1.0,0.713240109304103,-0.700919786052492,0.8076923076923077,8.0,-0.8459251821363672,351.21753807635724,0.0,0.0
evt_pay_001354_0,cust_039,pay_001354,2026-05-31T09:04:54.696006+00:00,292462,WHATSAPP_NUDGE,0.8333333333333334,0,0.6255506607929515,0.07678853249478834,0.4616562336561776,0.0,1.0,0.6917916326371969,-0.7220971797571027,0.9,5.0,-0.6642333856639545,331.78017021925194,0.0,0.0
evt_pay_004003_1,cust_050,pay_004003,2026-05-31T09:08:46.592028+00:00,111159,WHATSAPP_NUDGE,0.8333333333333334,0,0.46494464944649444,0.08333333333333333,-0.13390795451675838,1.0,1.0,0.6795164277440293,-0.7336602922511163,0.8181818181818181,11.0,-0.900782201038446,358.0959451550643,1.0,0.0
evt_pay_000460_0,cust_038,pay_000460,2026-05-31T09:28:41.767658+00:00,59307,WHATSAPP_NUDGE,0.8333333333333334,0,0.5469387755102041,3.7128936244797806,0.9441074027115633,0.0,1.0,0.6132651116330468,-0.789877144151992,0.8571428571428572,8.0,2.4957647172129915,358.35183502051586,0.0,0.0
evt_pay_002538_2,cust_037,pay_002538,2026-05-31T09:39:07.690794+00:00,145863,ESCALATE_HUMAN,0.8333333333333334,1,0.39655172413793105,0.6014003461352028,-0.24564411376530054,2.0,1.0,0.5766883600924286,-0.8169642191270713,0.84,5.0,-0.33341852366871827,338.03203587143474,0.0,1.0
evt_pay_001262_2,cust_031,pay_001262,2026-05-31T09:41:55.128708+00:00,57327,ESCALATE_HUMAN,0.8333333333333334,0,0.30434782608695654,0.7230809044510048,0.18845003185241915,2.0,1.0,0.5666981483772776,-0.8239254873019557,1.0,10.0,-0.07508066613848166,353.7396040012747,0.0,1.0
evt_pay_002601_0,cust_056,pay_002601,2026-05-31T09:41:58.085692+00:00,159811,RETRY_LATER,0.8333333333333334,1,0.2692307692307692,0.30070549149322306,0.008409410365298476,0.0,1.0,0.5665209600517724,-0.8240473298433884,0.8666666666666667,7.0,-0.26273729270347856,342.3595911788578,0.0,1.0
evt_pay_006947_0,cust_055,pay_006947,2026-05-31T10:08:39.900852+00:00,305803,WHATSAPP_NUDGE,0.8333333333333334,0,0.3377049180327869,3.309389025506088,-0.059930256554227096,0.0,1.0,0.4669075658167126,-0.8843061262838294,0.9230769230769231,6.0,-1.0480965437343166,357.3716977792864,0.0,0.0
evt_pay_002166_0,cust_040,pay_002166,2026-05-31T10:50:59.675167+00:00,245090,WHATSAPP_NUDGE,0.8333333333333334,0,0.47509578544061304,1.6567218209951686,0.36338566198256356,0.0,1.0,0.2965641348767731,-0.9550129391295131,0.9230769230769231,1.0,-0.492492512121923,349.58132368573973,0.0,0.0
evt_pay_006486_0,cust_022,pay_006486,2026-05-31T10:54:16.695849+00:00,121839,RETRY_LATER,0.8333333333333334,0,0.3620689655172414,0.686624871786781,0.24248923115061088,0.0,1.0,0.2828509785014629,-0.9591638671054936,0.9090909090909091,5.0,-0.6143468879245073,339.46073081190417,0.0,1.0
evt_pay_001354_1,cust_039,pay_001354,2026-05-31T11:04:54.696006+00:00,230930,WHATSAPP_NUDGE,0.8333333333333334,1,0.6228070175438597,0.08333333333333333,-0.23659922760320987,1.0,1.0,0.2380605381107737,-0.9712503179893476,0.9166666666666666,6.0,-0.6642333856639545,331.86350355258526,1.0,0.0
evt_pay_004477_0,cust_053,pay_004477,2026-05-31T11:05:07.785959+00:00,331635,RETRY_LATER,0.8333333333333334,0,0.3485915492957746,2.4807317379349834,0.10340474836233773,0.0,1.0,0.23713586974605877,-0.97147649445562,1.0,7.0,-0.06914381847567465,331.44625424603214,0.0,1.0
evt_pay_003705_0,cust_035,pay_003705,2026-05-31T11:13:03.779679+00:00,42365,RETRY_LATER,0.8333333333333334,0,0.2912621359223301,1.7956428392384016,-0.09619838432602666,0.0,1.0,0.2033726371347663,-0.9791014096940371,0.8461538461538461,7.0,0.5026080740568922,334.40313877537443,0.0,1.0
evt_pay_006371_0,cust_055,pay_006371,2026-05-31T11:22:49.165921+00:00,276541,WHATSAPP_NUDGE,0.8333333333333334,0,0.3366013071895425,0.05149612348136164,-0.3275903433716731,0.0,1.0,0.1615201468561656,-0.9868694149478758,0.9230769230769231,7.0,-1.0480965437343166,357.4231939027677,0.0,0.0
evt_pay_000460_1,cust_038,pay_000460,2026-05-31T11:28:41.767658+00:00,41226,WHATSAPP_NUDGE,0.8333333333333334,1,0.5447154471544715,0.08333333333333333,-0.21478076300874543,1.0,1.0,0.13616459385292232,-0.9906862285208514,0.8125,9.0,2.4957647172129915,358.4351683538492,0.0,0.0
evt_pay_008017_0,cust_033,pay_008017,2026-05-31T11:45:13.234164+00:00,94750,RETRY_NOW,0.8333333333333334,1,0.6176470588235294,4.549833935382291,0.5360554460253976,0.0,1.0,0.06444274413969867,-0.9979214060875462,0.8125,3.0,-0.3958893149650273,335.2332725656587,1.0,0.0
evt_pay_008327_0,cust_049,pay_008327,2026-05-31T11:47:53.538645+00:00,348516,WHATSAPP_NUDGE,0.8333333333333334,0,0.34686346863468637,0.4305976645718677,0.11309288461075023,0.0,1.0,0.05280518945224324,-0.9986048327376114,0.9259259259259259,2.0,0.2100296838614713,333.3725067388196,0.0,0.0
evt_pay_006812_0,cust_027,pay_006812,2026-05-31T12:40:02.163032+00:00,64586,ESCALATE_HUMAN,0.03333333333333333,0,0.31365313653136534,0.5040512056625062,-0.5395206840573957,0.0,1.0,-0.17380308587436155,-0.9847804259531915,0.9259259259259259,3.0,-0.8172299270627982,333.66971632826477,0.0,0.0
evt_pay_004223_0,cust_019,pay_004223,2026-05-31T12:40:51.553556+00:00,115017,WHATSAPP_NUDGE,0.8333333333333334,0,0.42911877394636017,1.1994423879104186,-0.1112014369297338,0.0,1.0,-0.17733907210972072,-0.984149812530218,0.8571428571428572,7.0,-0.5137657855739247,336.9376272072966,0.0,0.0
evt_pay_002166_1,cust_040,pay_002166,2026-05-31T12:50:59.675167+00:00,200265,WHATSAPP_NUDGE,0.8333333333333334,1,0.4732824427480916,0.08333333333333333,-0.22562196374031845,1.0,1.0,-0.22067439491011628,-0.9753475336673867,0.9285714285714286,2.0,-0.492492512121923,349.66465701907305,1.0,0.0
evt_pay_006486_1,cust_022,pay_006486,2026-05-31T12:54:16.695849+00:00,122928,WHATSAPP_NUDGE,0.8333333333333334,0,0.36082474226804123,0.08333333333333333,0.27019248566268483,1.0,1.0,-0.23462580068519365,-0.9720857645562102,0.8666666666666667,5.0,-0.6143468879245073,339.54406414523754,0.0,0.0
evt_pay_001022_0,cust_024,pay_001022,2026-05-31T12:59:29.874875+00:00,96719,RETRY_LATER,0.8333333333333334,0,0.2553191489361702,0.7365496107253762,0.03035255712429905,0.0,1.0,-0.25670231318660414,-0.9664905185280643,1.0,6.0,-1.1653357768016162,346.19917739039903,0.0,1.0
evt_pay_001971_0,cust_055,pay_001971,2026-05-31T13:03:21.552796+00:00,307845,RETRY_LATER,0.8333333333333334,0,0.3355048859934853,0.06981929253900414,-0.041251648995283,0.0,1.0,-0.2729486330990776,-0.9620286085607564,0.896551724137931,7.0,-1.0480965437343166,357.49301319530673,0.0,1.0
evt_pay_004477_1,cust_053,pay_004477,2026-05-31T13:05:07.785959+00:00,343096,WHATSAPP_NUDGE,0.8333333333333334,0,0.3473684210526316,0.08333333333333333,0.20570983782614974,1.0,1.0,-0.28037255987920523,-0.9598912582510487,1.0,7.0,-0.06914381847567465,331.52958757936545,0.0,0.0
evt_pay_003705_1,cust_035,pay_003705,2026-05-31T13:13:03.779679+00:00,37708,WHATSAPP_NUDGE,0.8333333333333334,0,0.2903225806451613,0.08333333333333333,-0.3996845242253109,1.0,1.0,-0.31342483465367627,-0.9496130122435748,0.875,7.0,0.5026080740568922,334.4864721087078,0.0,0.0
evt_pay_004167_0,cust_050,pay_004167,2026-05-31T13:22:32.956009+00:00,143691,RETRY_NOW,0.8333333333333334,0,0.4632352941176471,0.1762310645992026,0.663082681358111,0.0,1.0,-0.3524512287418664,-0.9358301829703659,0.8333333333333334,12.0,-0.900782201038446,358.27217621966355,1.0,0.0
evt_pay_008308_0,cust_058,pay_008308,2026-05-31T13:42:15.768803+00:00,266181,RETRY_LATER,0.8333333333333334,0,0.3523489932885906,3.3908236222068617,0.27863086182880326,0.0,1.0,-0.43154584388807493,-0.9020910068407341,0.75,1.0,4.286983765334936,349.5351284381838,0.0,1.0
evt_pay_002129_0,cust_006,pay_002129,2026-05-31T13:46:48.399664+00:00,150568,RETRY_LATER,0.8333333333333334,0,0.3888888888888889,0.45317015858313425,0.44865212604646726,0.0,1.0,-0.44934496368566257,-0.8933583287854491,0.7647058823529411,8.0,-0.3286363658753921,353.22257193702285,0.0,1.0
evt_pay_008327_1,cust_049,pay_008327,2026-05-31T13:47:53.538645+00:00,371833,WHATSAPP_NUDGE,0.8333333333333334,1,0.34558823529411764,0.08333333333333333,0.31181065633104427,1.0,1.0,-0.4535717808515128,-0.8912197482188033,0.9,3.0,0.2100296838614713,333.4558400721529,0.0,0.0
evt_pay_004189_0,cust_012,pay_004189,2026-05-31T14:16:43.938687+00:00,426225,RETRY_NOW,0.8333333333333334,0,0.5965665236051502,4.3897668783440436,-0.6086241975378437,0.0,1.0,-0.5618390775536397,-0.8272465478523771,0.8461538461538461,3.0,-0.5006574979571285,340.80103992943395,1.0,0.0
evt_pay_001221_0,cust_059,pay_001221,2026-05-31T14:18:59.987239+00:00,131957,PAYMENT_LINK,0.03333333333333333,0,0.375,0.6418711093779544,-0.5773419786055022,0.0,1.0,-0.5699960000943141,-0.8216474669080911,0.8571428571428572,3.0,-0.38878117849020055,343.2171195897201,0.0,0.0
evt_pay_000398_2,cust_026,pay_000398,2026-05-31T14:30:10.992838+00:00,253413,ESCALATE_HUMAN,0.8333333333333334,0,0.44036697247706424,0.9125130628245112,0.3244361134592914,2.0,1.0,-0.6093954583532584,-0.79286642969571,0.75,4.0,1.9048100532514713,348.1575309615355,0.0,1.0
evt_pay_008435_0,cust_024,pay_008435,2026-05-31T14:37:13.697914+00:00,77255,RETRY_LATER,0.8333333333333334,0,0.254416961130742,0.06786832220393535,-0.5507348170229288,0.0,1.0,-0.6334764183198865,-0.7737619966324323,1.0,6.0,-1.1653357768016162,346.267045712603,0.0,1.0
evt_pay_000454_0,cust_014,pay_000454,2026-05-31T14:44:09.436187+00:00,74840,WHATSAPP_NUDGE,0.8333333333333334,0,0.2550335570469799,0.9890887059999803,0.3423301297535792,0.0,1.0,-0.6565767704438628,-0.7542592024718738,0.7777777777777778,5.0,-0.8122776257059364,355.37102084920485,0.0,0.0
evt_pay_004718_0,cust_006,pay_004718,2026-05-31T15:27:24.947875+00:00,129742,RETRY_NOW,0.8333333333333334,0,0.38762214983713356,0.06986745615125756,-0.008589355032129094,0.0,1.0,-0.7864388356139483,-0.6176681615869294,0.7647058823529411,8.0,-0.3286363658753921,353.2924393931741,1.0,0.0
evt_pay_004064_2,cust_048,pay_004064,2026-05-31T16:10:00.487612+00:00,200418,RETRY_LATER,0.03333333333333333,0,0.26625386996904027,0.426468102346405,0.13339147659099243,2.0,1.0,-0.887027206303325,-0.461717159392759,0.8620689655172413,4.0,-0.4506859321563252,341.6792437633373,1.0,0.0
evt_pay_008435_1,cust_024,pay_008435,2026-05-31T16:37:13.697914+00:00,82034,PAYMENT_LINK,0.03333333333333333,0,0.2535211267605634,0.08333333333333333,-0.4080537973748467,1.0,1.0,-0.9354876692796158,-0.35335933640671247,1.0,6.0,-1.1653357768016162,346.35037904593634,0.0,1.0
evt_pay_003678_0,cust_007,pay_003678,2026-05-31T16:41:32.217698+00:00,355369,RETRY_NOW,0.8333333333333334,0,0.3561643835616438,0.5248879153316656,0.36982422572956963,0.0,1.0,-0.9419651489278957,-0.33571067633491675,0.7058823529411764,4.0,-0.46533070623945577,359.79381835944224,1.0,0.0
evt_pay_004209_0,cust_035,pay_004209,2026-05-31T16:42:49.876972+00:00,37611,ESCALATE_HUMAN,0.03333333333333333,1,0.28938906752411575,0.14567242236991737,-0.40601475485041033,0.0,1.0,-0.9438460570893727,-0.330385563420747,0.8571428571428572,8.0,0.5026080740568922,334.6321445310777,0.0,1.0
evt_pay_006350_2,cust_037,pay_006350,2026-05-31T17:13:06.700888+00:00,221963,ESCALATE_HUMAN,0.8333333333333334,0,0.39914163090128757,0.9166666666666666,1.1168264593534245,2.0,1.0,-0.9791445913304968,-0.20316463587010983,0.7058823529411764,5.0,-0.33341852366871827,338.3473021919662,0.0,0.0
evt_pay_007436_0,cust_026,pay_007436,2026-05-31T17:27:42.300065+00:00,247094,RETRY_LATER,0.8333333333333334,0,0.4383561643835616,0.12327901883012753,0.24510081818611512,0.0,1.0,-0.990088108227562,-0.1404476341786058,0.7058823529411764,4.0,1.9048100532514713,348.28080998036563,0.0,1.0
evt_pay_002716_0,cust_056,pay_002716,2026-05-31T18:25:52.639112+00:00,168930,RETRY_NOW,0.8333333333333334,0,0.27177700348432055,0.6645313412644214,0.17191853403142654,0.0,1.0,-0.9936323108775617,0.11267133965706021,0.7777777777777778,7.0,-0.26273729270347856,342.72341702862906,1.0,0.0
evt_pay_002353_0,cust_009,pay_002353,2026-05-31T18:31:28.084466+00:00,113891,WHATSAPP_NUDGE,0.8333333333333334,0,0.2873134328358209,0.6178495594365927,-0.12138602514180272,0.0,1.0,-0.9905884168683825,0.13687435247770707,0.7692307692307692,10.0,-0.8984355580750027,333.38872409309494,0.0,0.0
evt_pay_006981_0,cust_050,pay_006981,2026-05-31T18:58:12.164388+00:00,117904,WHATSAPP_NUDGE,0.8333333333333334,1,0.46153846153846156,0.2330926895705261,0.03134828095182255,0.0,1.0,-0.9679257706137958,0.2512363480503759,0.8666666666666667,12.0,-0.900782201038446,358.505268909234,0.0,0.0
evt_pay_002524_0,cust_045,pay_002524,2026-05-31T19:15:45.854632+00:00,84934,WHATSAPP_NUDGE,0.8333333333333334,0,0.24838709677419354,0.5942721874929285,-0.07747653988164144,0.0,1.0,-0.9458529807743518,0.3245953461777813,0.7894736842105263,7.0,1.000889969158722,334.6391254379243,0.0,0.0
evt_pay_001926_0,cust_002,pay_001926,2026-05-31T19:22:40.720884+00:00,258841,RETRY_NOW,0.8333333333333334,0,0.36764705882352944,0.8503018954048116,-0.45094137868230927,0.0,1.0,-0.9356310124762778,0.35297961484002927,0.8571428571428572,7.0,-0.38277421977533765,339.88996115559604,1.0,0.0
evt_pay_007436_1,cust_026,pay_007436,2026-05-31T19:27:42.300065+00:00,248818,WHATSAPP_NUDGE,0.8333333333333334,1,0.43636363636363634,0.08333333333333333,0.2667425180940837,1.0,1.0,-0.9276652707992485,0.3734128350136842,0.6666666666666667,4.0,1.9048100532514713,348.364143313699,0.0,0.0
evt_pay_004550_0,cust_056,pay_004550,2026-05-31T19:44:11.645611+00:00,126897,RETRY_LATER,0.8333333333333334,0,0.2708333333333333,0.054386649297119526,-0.5817706812869321,0.0,1.0,-0.8984224706840401,0.4391321716408228,0.8,7.0,-0.26273729270347856,342.77780367792616,0.0,1.0
evt_pay_000652_0,cust_041,pay_000652,2026-05-31T19:54:14.372089+00:00,309747,WHATSAPP_NUDGE,0.8333333333333334,0,0.4222222222222222,2.5841432363606978,0.5060349451424379,0.0,1.0,-0.8783179217814056,0.47807701082314413,0.8620689655172413,5.0,0.3693318557794774,360.1191660771104,0.0,0.0
evt_pay_002716_1,cust_056,pay_002716,2026-05-31T20:25:52.639112+00:00,142507,WHATSAPP_NUDGE,0.8333333333333334,0,0.2698961937716263,0.02894668403621381,-0.30187051390701836,1.0,1.0,-0.8041751534124744,0.594392397860221,0.8095238095238095,7.0,-0.26273729270347856,342.80675036196243,0.0,1.0
evt_pay_000923_2,cust_002,pay_000923,2026-05-31T20:58:14.637121+00:00,281215,PAYMENT_LINK,0.03333333333333333,1,0.3663003663003663,0.06636477126185507,-0.24294817760125617,2.0,1.0,-0.7125039683565637,0.7016680804170508,0.8620689655172413,7.0,-0.38277421977533765,339.9563259268579,0.0,0.0
evt_pay_002884_2,cust_005,pay_002884,2026-05-31T21:09:04.961087+00:00,141821,ESCALATE_HUMAN,0.8333333333333334,0,0.2827586206896552,0.8446303521541646,0.23844760143005625,2.0,1.0,-0.6785357721663965,0.7345673596686365,0.8275862068965517,5.0,-0.6412832630166057,351.5584253768782,1.0,0.0
evt_pay_007090_0,cust_044,pay_007090,2026-05-31T21:12:57.381237+00:00,189880,RETRY_LATER,0.8333333333333334,0,0.4,0.5103840090676499,-0.466768964992457,0.0,1.0,-0.6660237344378421,0.7459305498271744,0.6666666666666667,8.0,-0.8459251821363672,351.72792208542484,0.0,1.0
evt_pay_001926_1,cust_002,pay_001926,2026-05-31T21:22:40.720884+00:00,318322,WHATSAPP_NUDGE,0.8333333333333334,0,0.3686131386861314,0.08333333333333333,0.10199795404293206,1.0,1.0,-0.6337904179529967,0.7735048197076511,0.8275862068965517,8.0,-0.38277421977533765,339.9732944889294,0.0,0.0
evt_pay_004550_1,cust_056,pay_004550,2026-05-31T21:44:11.645611+00:00,188010,PAYMENT_LINK,0.03333333333333333,0,0.2689655172413793,0.054386649297119526,0.5140464538574218,1.0,1.0,-0.5584905971227472,0.8295108516020012,0.8095238095238095,8.0,-0.26273729270347856,342.8611370112595,0.0,0.0
evt_pay_006198_0,cust_003,pay_006198,2026-05-31T21:55:06.830164+00:00,195483,RETRY_LATER,0.8333333333333334,0,0.4979757085020243,3.6156666785081484,-0.3212264703363577,0.0,1.0,-0.518348556450448,0.8551694417048219,0.8333333333333334,2.0,2.053947620637407,336.9439354527755,0.0,1.0
evt_pay_007022_0,cust_044,pay_007022,2026-05-31T22:01:41.533370+00:00,249258,RETRY_LATER,0.8333333333333334,0,0.3986013986013986,0.03384435339256697,0.2807303772255289,0.0,1.0,-0.49359194354328534,0.8696936203452122,0.6875,8.0,-0.8459251821363672,351.76176643881746,0.0,1.0
evt_pay_007833_0,cust_005,pay_007833,2026-05-31T22:05:18.563541+00:00,141534,RETRY_LATER,0.8333333333333334,0,0.281786941580756,0.03904632469751353,0.2321801138653637,0.0,1.0,-0.4798047684620263,0.8773752812571718,0.8275862068965517,5.0,-0.6412832630166057,351.59747170157567,0.0,1.0
evt_pay_004669_2,cust_017,pay_004669,2026-05-31T22:37:10.958867+00:00,519857,DO_NOTHING,0.03333333333333333,0,0.3054545454545455,0.9166666666666666,0.045021318854853304,2.0,1.0,-0.3535456683788073,0.9354172653797782,0.8333333333333334,3.0,0.5027156808516637,354.50409650296024,0.0,1.0
evt_pay_004679_0,cust_007,pay_004679,2026-05-31T23:10:01.277587+00:00,302408,RETRY_LATER,0.8333333333333334,0,0.35454545454545455,0.26978078575312264,-0.11109493995153763,0.0,1.0,-0.21634890656267422,0.9763161120401196,0.7058823529411764,4.0,-0.46533070623945577,360.0635991451954,0.0,1.0
evt_pay_004690_0,cust_007,pay_004690,2026-05-31T23:24:41.083009+00:00,405625,RETRY_LATER,0.8333333333333334,1,0.35294117647058826,0.010182933126808772,0.8261777431223072,0.0,1.0,-0.15348291334271374,0.9881513018317757,0.7222222222222222,4.0,-0.46533070623945577,360.07378207832215,0.0,1.0
evt_pay_000296_0,cust_007,pay_000296,2026-05-31T23:47:48.278929+00:00,362165,WHATSAPP_NUDGE,0.8333333333333334,0,0.35585585585585583,0.02623844145862601,0.4315380431096469,0.0,1.0,-0.05318714930343054,0.9985845618418976,0.6842105263157895,4.0,-0.46533070623945577,360.0898375866539,0.0,0.0
evt_pay_006198_1,cust_003,pay_006198,2026-05-31T23:55:06.830164+00:00,207242,WHATSAPP_NUDGE,0.8333333333333334,0,0.4959677419354839,0.08333333333333333,-0.1686810879937252,1.0,1.0,-0.021318297048669718,0.9997727392817554,0.8518518518518519,2.0,2.053947620637407,337.02726878610883,0.0,1.0
evt_pay_002827_0,cust_021,pay_002827,2026-05-31T23:55:30.378966+00:00,235619,WHATSAPP_NUDGE,0.8333333333333334,0,0.2964071856287425,1.0091084480561865,0.2732907426673286,0.0,1.0,-0.019606138596636815,0.9998077811906294,0.8,11.0,-0.0711177391970671,347.44572575188204,0.0,0.0
evt_pay_008091_2,cust_023,pay_008091,2026-06-01T00:00:37.779392+00:00,96054,ESCALATE_HUMAN,0.8333333333333334,0,0.3985239852398524,0.9166666666666666,0.4054806754018113,2.0,1.0,0.002747391449317497,0.9999962259129902,0.8181818181818181,7.0,0.9385908116339667,355.2527022887464,0.0,0.0
evt_pay_007833_1,cust_005,pay_007833,2026-06-01T00:05:18.563541+00:00,169350,WHATSAPP_NUDGE,0.8333333333333334,0,0.2808219178082192,0.08333333333333333,0.8393415290045646,1.0,1.0,0.02316452228356061,0.9997316664522408,0.8518518518518519,5.0,-0.6412832630166057,351.68080503490904,1.0,0.0
evt_pay_001915_2,cust_056,pay_001915,2026-06-01T00:28:57.131227+00:00,146343,DO_NOTHING,0.03333333333333333,0,0.26804123711340205,0.11441534277179244,-0.2330936069193218,2.0,1.0,0.12599201125071083,0.9920312561109155,0.8181818181818181,9.0,-0.26273729270347856,342.9755523540313,1.0,0.0
evt_pay_003180_0,cust_037,pay_003180,2026-06-01T00:36:11.303085+00:00,130051,WHATSAPP_NUDGE,0.8333333333333334,1,0.3974358974358974,0.30769215506508846,-0.5287438300019144,0.0,1.0,0.15724627567454205,0.987559420382635,0.7,5.0,-0.33341852366871827,338.6549943470313,0.0,0.0
evt_pay_005687_0,cust_022,pay_005687,2026-06-01T00:39:13.125024+00:00,139907,WHATSAPP_NUDGE,0.8333333333333334,1,0.3595890410958904,0.4895420043350214,0.7021615490773057,0.0,1.0,0.1702901188043075,0.9853939696576263,0.7692307692307692,5.0,-0.6143468879245073,340.0336061495725,0.0,0.0
evt_pay_006905_0,cust_055,pay_006905,2026-06-01T01:37:13.019494+00:00,289752,RETRY_NOW,0.03333333333333333,0,0.3344155844155844,0.5235123460413244,-0.20674371534619776,0.0,1.0,0.41158192863835324,0.9113727645800775,0.8260869565217391,7.0,-1.0480965437343166,358.0165255413481,0.0,0.0
evt_pay_000296_1,cust_007,pay_000296,2026-06-01T01:47:48.278929+00:00,296233,ESCALATE_HUMAN,0.03333333333333333,0,0.3542600896860987,0.08333333333333333,-0.16716159958356738,1.0,1.0,0.45323085846930256,0.8913931730337512,0.65,5.0,-0.46533070623945577,360.1731709199873,0.0,1.0
evt_pay_002461_0,cust_049,pay_002461,2026-06-01T01:53:41.408161+00:00,374050,WHATSAPP_NUDGE,0.8333333333333334,0,0.34798534798534797,0.5873596008686945,0.3307058070015447,0.0,1.0,0.4759701314900511,0.8794614453910663,0.8260869565217391,4.0,0.2100296838614713,333.9598663396883,0.0,0.0
evt_pay_006859_0,cust_010,pay_006859,2026-06-01T02:23:06.538057+00:00,79779,WHATSAPP_NUDGE,0.8333333333333334,0,0.3488372093023256,3.915691679607581,0.02658943764802387,0.0,1.0,0.5846354713108107,0.8112961023480799,0.8095238095238095,1.0,-0.045395759303349575,361.04498088955347,0.0,0.0
evt_pay_000362_0,cust_027,pay_000362,2026-06-01T02:26:47.973690+00:00,80929,RETRY_NOW,0.03333333333333333,0,0.3125,0.574141327062686,0.04692341913714758,0.0,1.0,0.5976236129137634,0.801776787695865,0.8333333333333334,3.0,-0.8172299270627982,334.2438576553275,0.0,1.0
evt_pay_003282_0,cust_047,pay_003282,2026-06-01T02:36:57.040042+00:00,107285,WHATSAPP_NUDGE,0.8333333333333334,0,0.4392156862745098,0.8708233804039954,-0.09701226452219686,0.0,1.0,0.6325386226245584,0.7745288186298986,0.8095238095238095,5.0,1.898235005697721,334.12522815674873,0.0,0.0
evt_pay_002194_0,cust_048,pay_002194,2026-06-01T02:38:14.127997+00:00,145160,RETRY_NOW,0.8333333333333334,0,0.2654320987654321,0.4362689859283364,-0.691131379631625,0.0,1.0,0.6368706645572182,0.7709706587325145,0.84,4.0,-0.4506859321563252,342.1155127492657,1.0,0.0
evt_pay_007796_2,cust_045,pay_007796,2026-06-01T03:00:00.737633+00:00,65239,ESCALATE_HUMAN,0.8333333333333334,0,0.24758842443729903,0.3223944791737381,-0.7220654587937724,2.0,1.0,0.7071447109262547,0.7070688494121514,0.85,8.0,1.000889969158722,334.96151991709803,0.0,0.0
evt_pay_003484_0,cust_028,pay_003484,2026-06-01T03:12:29.316815+00:00,215504,WHATSAPP_NUDGE,0.8333333333333334,0,0.416,2.1993504503026884,-0.16521768412245727,0.0,1.0,0.7445697078487327,0.6675447177186355,0.8461538461538461,2.0,0.3910481863531735,332.4609492028819,0.0,0.0
evt_pay_006905_1,cust_055,pay_006905,2026-06-01T03:37:13.019494+00:00,249250,WHATSAPP_NUDGE,0.8333333333333334,0,0.3333333333333333,0.08333333333333333,-0.5772279131655593,1.0,1.0,0.8121267882294466,0.5834810021244252,0.8518518518518519,7.0,-1.0480965437343166,358.0998588746814,0.0,0.0
evt_pay_008473_0,cust_015,pay_008473,2026-06-01T03:39:20.548779+00:00,119405,WHATSAPP_NUDGE,0.8333333333333334,0,0.4232209737827715,1.850209413108966,0.0358672650790776,0.0,1.0,0.8175030995667152,0.5759241983098239,0.85,7.0,1.245182551392603,348.5684645290109,0.0,0.0
evt_pay_005974_2,cust_047,pay_005974,2026-06-01T03:42:57.899975+00:00,105902,ESCALATE_HUMAN,0.8333333333333334,0,0.4375,0.04584328626267128,-0.13258769908604223,2.0,1.0,0.8265037889799094,0.5629311563609297,0.8571428571428572,6.0,1.898235005697721,334.17107144301144,0.0,1.0
evt_pay_002461_1,cust_049,pay_002461,2026-06-01T03:53:41.408161+00:00,267783,WHATSAPP_NUDGE,0.8333333333333334,0,0.3467153284671533,0.08333333333333333,-0.5749518465830837,1.0,1.0,0.8519329480085369,0.5236508876126187,0.8571428571428572,5.0,0.2100296838614713,334.0431996730216,0.0,1.0
evt_pay_001117_2,cust_048,pay_001117,2026-06-01T03:55:53.643570+00:00,178389,ESCALATE_HUMAN,0.8333333333333334,0,0.26461538461538464,0.05392957839192528,-0.19531532574841445,2.0,1.0,0.856929131408816,0.5154342477396434,0.8620689655172413,4.0,-0.4506859321563252,342.1694423276576,0.0,0.0
evt_pay_001882_0,cust_007,pay_001882,2026-06-01T04:27:04.666852+00:00,326270,PAYMENT_LINK,0.03333333333333333,0,0.35267857142857145,0.11060634169723471,0.10559364939794054,0.0,1.0,0.9189251265994466,0.3944320115104643,0.6666666666666667,5.0,-0.46533070623945577,360.2837772616845,1.0,0.0
evt_pay_000311_0,cust_018,pay_000311,2026-06-01T04:37:21.790866+00:00,118347,RETRY_NOW,0.8333333333333334,0,0.28679245283018867,3.221957079147425,-0.5240166623220227,0.0,1.0,0.9356954719703158,0.35280870699891753,0.8620689655172413,1.0,-0.4554811204429685,336.81483211089045,1.0,0.0
evt_pay_002194_1,cust_048,pay_002194,2026-06-01T04:38:14.127997+00:00,252201,WHATSAPP_NUDGE,0.8333333333333334,0,0.26380368098159507,0.02940375494140805,0.9060766377505773,1.0,1.0,0.9370315037978859,0.34924484375617143,0.8666666666666667,4.0,-0.4506859321563252,342.198846082599,0.0,1.0
evt_pay_005900_0,cust_010,pay_005900,2026-06-01T05:05:29.721328+00:00,103732,RETRY_LATER,0.8333333333333334,0,0.347682119205298,0.11276832489350379,0.8924239974416301,0.0,1.0,0.971853533866447,0.2355858839389547,0.85,2.0,-0.045395759303349575,361.157749214447,0.0,1.0
evt_pay_001382_0,cust_014,pay_001382,2026-06-01T05:30:50.574321+00:00,63237,RETRY_LATER,0.8333333333333334,0,0.25418060200668896,0.6157539135903297,-0.15372586580328187,0.0,1.0,0.9919182129629047,0.12687891390013373,0.8571428571428572,6.0,-0.8122776257059364,355.9867747627952,0.0,1.0
evt_pay_006908_2,cust_057,pay_006908,2026-06-01T05:33:54.404254+00:00,79016,ESCALATE_HUMAN,0.8333333333333334,0,0.3387096774193548,0.9166666666666666,-0.09957415436751593,2.0,1.0,0.9935257071620978,0.1136075226736922,1.0,5.0,-0.5990323654313375,352.49664318515016,0.0,0.0
evt_pay_008473_1,cust_015,pay_008473,2026-06-01T05:39:20.548779+00:00,99755,DO_NOTHING,0.03333333333333333,0,0.4216417910447761,0.08333333333333333,-0.4402096555309215,1.0,1.0,0.9959405510522066,0.09001343660713683,0.8636363636363636,8.0,1.245182551392603,348.6517978623442,0.0,0.0
evt_pay_005195_0,cust_021,pay_005195,2026-06-01T05:54:44.870531+00:00,169805,WHATSAPP_NUDGE,0.8333333333333334,0,0.2955223880597015,0.2494732820008115,-0.6011049192062861,0.0,1.0,0.9997374202168525,0.022914855839659295,0.7777777777777778,12.0,-0.0711177391970671,347.69519903388283,0.0,0.0
evt_pay_001337_0,cust_056,pay_001337,2026-06-01T05:59:18.666400+00:00,149095,RETRY_LATER,0.8333333333333334,0,0.2671232876712329,0.22941591636057032,-0.18373408041584852,0.0,1.0,0.9999954823935834,0.0030058596814187544,0.8636363636363636,8.0,-0.26273729270347856,343.2049682703919,0.0,1.0
evt_pay_001882_1,cust_007,pay_001882,2026-06-01T06:27:04.666852+00:00,413152,WHATSAPP_NUDGE,0.8333333333333334,0,0.3511111111111111,0.08333333333333333,0.8945299046050696,1.0,1.0,0.9930285095661843,-0.11787442126586493,0.7222222222222222,6.0,-0.46533070623945577,360.3671105950179,0.0,0.0
evt_pay_006020_0,cust_009,pay_006020,2026-06-01T06:36:52.970124+00:00,128555,RETRY_LATER,0.8333333333333334,0,0.2862453531598513,0.5037602506790032,0.230842466381111,0.0,1.0,0.9870784135155323,-0.16023796545032631,0.6666666666666667,11.0,-0.8984355580750027,333.8924843437739,0.0,1.0
evt_pay_000311_1,cust_018,pay_000311,2026-06-01T06:37:21.790866+00:00,129204,WHATSAPP_NUDGE,0.8333333333333334,0,0.2857142857142857,0.08333333333333333,-0.3099803952901055,1.0,1.0,0.9867404024318224,-0.16230643304775444,0.896551724137931,1.0,-0.4554811204429685,336.89816544422376,1.0,0.0
evt_pay_002981_0,cust_013,pay_002981,2026-06-01T06:52:33.467610+00:00,177561,WHATSAPP_NUDGE,0.8333333333333334,0,0.2684563758389262,2.0454014970138323,0.09351311438742463,0.0,1.0,0.9738196861095318,-0.227321840010002,1.0,5.0,-0.5595801808996762,332.88876898680024,0.0,0.0
evt_pay_000340_0,cust_043,pay_000340,2026-06-01T06:53:21.710683+00:00,140381,WHATSAPP_NUDGE,0.8333333333333334,0,0.25,1.2891200986384395,-0.07684851352379751,0.0,1.0,0.9730161734240306,-0.23073692000903717,0.9,9.0,-0.05414349663535748,346.9293123481827,0.0,0.0
evt_pay_004003_2,cust_050,pay_004003,2026-06-01T07:08:46.592028+00:00,102072,ESCALATE_HUMAN,0.8333333333333334,1,0.4635036496350365,0.7404356020674641,-0.3565138723561324,2.0,1.0,0.9553086348407405,-0.2956102369653675,0.8,13.0,-0.900782201038446,359.012611821731,0.0,0.0
evt_pay_008524_0,cust_019,pay_008524,2026-06-01T07:18:21.861030+00:00,109526,WHATSAPP_NUDGE,0.8333333333333334,0,0.42748091603053434,0.7760452253943034,-0.2423038506727699,0.0,1.0,0.9421096209692488,-0.3353050284102201,0.7272727272727273,8.0,-0.5137657855739247,337.7136724326909,0.0,0.0
evt_pay_007577_0,cust_039,pay_007577,2026-06-01T07:20:40.138177+00:00,223326,WHATSAPP_NUDGE,0.8333333333333334,0,0.6244541484716157,0.9276092843876048,-0.32288694446397687,0.0,1.0,0.9386902859801298,-0.34476157994553586,0.75,6.0,-0.6642333856639545,332.70777950363953,0.0,0.0
evt_pay_001020_0,cust_019,pay_001020,2026-06-01T07:38:52.631699+00:00,98693,RETRY_LATER,0.03333333333333333,0,0.42585551330798477,0.014245030885983093,-0.5009329716041089,0.0,1.0,0.9083673772263374,-0.4181730598579311,0.7692307692307692,9.0,-0.5137657855739247,337.7279174635769,0.0,0.0
evt_pay_005195_1,cust_021,pay_005195,2026-06-01T07:54:44.870531+00:00,204818,WHATSAPP_NUDGE,0.8333333333333334,0,0.29464285714285715,0.08333333333333333,-0.1359319510292313,1.0,1.0,0.8772554309415423,-0.4800238628272232,0.7,12.0,-0.0711177391970671,347.7785323672162,0.0,0.0
evt_pay_005401_0,cust_013,pay_005401,2026-06-01T08:10:02.786637+00:00,158246,ESCALATE_HUMAN,0.03333333333333333,0,0.26755852842809363,0.053811562813962155,-0.22745767696259656,0.0,1.0,0.8432825447627412,-0.5374705105384624,1.0,6.0,-0.5595801808996762,332.9425805496142,0.0,1.0
evt_pay_000022_0,cust_056,pay_000022,2026-06-01T08:12:48.868837+00:00,158349,RETRY_NOW,0.03333333333333333,1,0.26621160409556316,0.09271067635525772,-0.01781527870124464,0.0,1.0,0.8367297147598683,-0.5476160922013427,0.8695652173913043,8.0,-0.26273729270347856,343.2976789467471,0.0,0.0
evt_pay_006020_1,cust_009,pay_006020,2026-06-01T08:36:52.970124+00:00,132296,WHATSAPP_NUDGE,0.8333333333333334,0,0.2851851851851852,0.08333333333333333,0.3207173870844974,1.0,1.0,0.7747159989065286,-0.632309355488482,0.7857142857142857,11.0,-0.8984355580750027,333.9758176771073,0.0,1.0
evt_pay_005077_0,cust_056,pay_005077,2026-06-01T08:41:07.820827+00:00,161060,DO_NOTHING,0.03333333333333333,0,0.2687074829931973,0.11237447253408088,0.03081003994211648,0.0,1.0,0.7628648655480843,-0.6465579609843987,0.8333333333333334,8.0,-0.26273729270347856,343.317342742926,1.0,0.0
evt_pay_002981_1,cust_013,pay_002981,2026-06-01T08:52:33.467610+00:00,194840,WHATSAPP_NUDGE,0.8333333333333334,0,0.26666666666666666,0.029521770519371177,0.3806525877566755,1.0,1.0,0.7296916668712415,-0.6837763313384495,1.0,6.0,-0.5595801808996762,332.9721023201336,0.0,0.0
evt_pay_001554_0,cust_016,pay_001554,2026-06-01T08:55:08.404601+00:00,103036,WHATSAPP_NUDGE,0.8333333333333334,0,0.3250883392226148,2.7107760554562597,-0.3278610955245181,0.0,1.0,0.7219411745159061,-0.6919544353052403,0.75,2.0,-0.5381138706705891,354.15127029953646,0.0,0.0
evt_pay_005391_0,cust_027,pay_005391,2026-06-01T08:59:45.216779+00:00,96973,ESCALATE_HUMAN,0.03333333333333333,0,0.31135531135531136,0.2728847579767641,0.6226623339314432,0.0,1.0,0.7078665589913847,-0.7063461861309202,0.9032258064516129,3.0,-0.8172299270627982,334.51674241330426,0.0,0.0
evt_pay_001610_0,cust_025,pay_001610,2026-06-01T09:03:50.209499+00:00,238549,RETRY_LATER,0.8333333333333334,0,0.48507462686567165,2.557497576711588,0.2957159398849393,0.0,1.0,0.6951703537281887,-0.718845031489698,0.84,3.0,0.10753773716001852,338.06147663317444,0.0,1.0
evt_pay_001020_1,cust_019,pay_001020,2026-06-01T09:38:52.631699+00:00,119298,WHATSAPP_NUDGE,0.8333333333333334,0,0.42424242424242425,0.08333333333333333,-0.009011812846109107,1.0,1.0,0.577582694718085,-0.8163321816284076,0.7857142857142857,9.0,-0.5137657855739247,337.8112507969102,1.0,0.0
evt_pay_003481_0,cust_031,pay_003481,2026-06-01T10:49:36.334697+00:00,56566,ESCALATE_HUMAN,0.03333333333333333,0,0.30333333333333334,1.0470046989497253,0.148034486030447,0.0,1.0,0.30234669013089577,-0.9531980271522241,1.0,10.0,-0.07508066613848166,354.7866087002244,0.0,1.0
evt_pay_006486_2,cust_022,pay_006486,2026-06-01T10:54:16.695849+00:00,99307,ESCALATE_HUMAN,0.8333333333333334,1,0.36177474402730375,0.9166666666666666,-0.33072369031651366,2.0,1.0,0.2828509785014629,-0.9591638671054936,0.8,6.0,-0.6143468879245073,340.46073081190417,0.0,0.0
evt_pay_001554_1,cust_016,pay_001554,2026-06-01T10:55:08.404601+00:00,102094,WHATSAPP_NUDGE,0.8333333333333334,0,0.323943661971831,0.08333333333333333,-0.35099476918344447,1.0,1.0,0.2792421795161295,-0.960220706493607,0.8,3.0,-0.5381138706705891,354.2346036328698,0.0,1.0
evt_pay_001610_1,cust_025,pay_001610,2026-06-01T11:03:50.209499+00:00,230696,DO_NOTHING,0.03333333333333333,0,0.483271375464684,0.08333333333333333,0.19191955015102305,1.0,1.0,0.24261267054157634,-0.9701232355183977,0.875,3.0,0.10753773716001852,338.14480996650775,0.0,1.0
evt_pay_007283_0,cust_016,pay_007283,2026-06-01T11:04:24.023095+00:00,121085,RETRY_LATER,0.8333333333333334,0,0.32280701754385965,0.006430769605742626,0.11519092172464054,0.0,1.0,0.24022641217390683,-0.9707168850360296,0.8125,4.0,-0.5381138706705891,354.2410344024756,0.0,1.0
evt_pay_004477_2,cust_053,pay_004477,2026-06-01T11:05:07.785959+00:00,268847,ESCALATE_HUMAN,0.8333333333333334,0,0.34615384615384615,0.9166666666666666,-0.45711232425679643,2.0,1.0,0.23713586974605877,-0.97147649445562,1.0,7.0,-0.06914381847567465,332.44625424603214,0.0,0.0
evt_pay_003705_2,cust_035,pay_003705,2026-06-01T11:13:03.779679+00:00,46846,ESCALATE_HUMAN,0.8333333333333334,0,0.2916666666666667,0.9166666666666666,0.1958273260607247,2.0,1.0,0.2033726371347663,-0.9791014096940371,0.7857142857142857,7.0,0.5026080740568922,335.40313877537443,0.0,0.0
evt_pay_002863_0,cust_009,pay_002863,2026-06-01T11:38:28.370120+00:00,122381,RETRY_NOW,0.8333333333333334,0,0.28413284132841327,0.12610416661883997,0.08254426782784956,0.0,1.0,0.09379191488155103,-0.9955918223362684,0.7857142857142857,12.0,-0.8984355580750027,334.1019218437261,1.0,0.0
evt_pay_000172_0,cust_029,pay_000172,2026-06-01T11:44:59.388169+00:00,46086,WHATSAPP_NUDGE,0.8333333333333334,0,0.3980263157894737,1.4196989152774222,0.08589545138878601,0.0,1.0,0.0654475274750454,-0.9978560122319268,0.896551724137931,5.0,-0.8256115037842402,335.5028632210751,0.0,0.0
evt_pay_006567_0,cust_025,pay_006567,2026-06-01T11:53:56.392333+00:00,254085,RETRY_LATER,0.8333333333333334,0,0.48148148148148145,0.034793782799852124,0.5010482252769713,0.0,1.0,0.026439214456013934,-0.9996504228673886,0.9565217391304348,3.0,0.10753773716001852,338.1796037493076,0.0,1.0
evt_pay_003158_0,cust_011,pay_003158,2026-06-01T11:58:34.628871+00:00,58400,WHATSAPP_NUDGE,0.8333333333333334,1,0.5161290322580645,1.9810367984943393,-0.042259407183331245,0.0,1.0,0.00620832381402024,-0.9999807281720084,0.8235294117647058,4.0,-0.306212897974724,336.21838041595834,0.0,0.0
evt_pay_001956_0,cust_023,pay_001956,2026-06-01T13:22:28.365175+00:00,63639,RETRY_NOW,0.8333333333333334,0,0.39705882352941174,0.5568354836001959,-0.6955562960578897,0.0,1.0,-0.35213877760268103,-0.9359477983886119,0.7777777777777778,7.0,0.9385908116339667,355.8095377723466,1.0,0.0
evt_pay_002863_1,cust_009,pay_002863,2026-06-01T13:38:28.370120+00:00,147951,WHATSAPP_NUDGE,0.8333333333333334,0,0.28308823529411764,0.08333333333333333,0.6967556389826186,1.0,1.0,-0.41656973021112315,-0.9091037673840275,0.75,12.0,-0.8984355580750027,334.18525517705945,1.0,0.0
evt_pay_004850_0,cust_044,pay_004850,2026-06-01T13:41:10.972641+00:00,194554,WHATSAPP_NUDGE,0.8333333333333334,0,0.397212543554007,0.6524240656356142,-0.4079203781132482,0.0,1.0,-0.42729031670676126,-0.9041144757433296,0.7777777777777778,6.0,-0.8459251821363672,352.414190504453,0.0,0.0
evt_pay_000172_1,cust_029,pay_000172,2026-06-01T13:44:59.388169+00:00,39737,WHATSAPP_NUDGE,0.8333333333333334,0,0.39672131147540984,0.08333333333333333,-0.3194973584353994,1.0,1.0,-0.4422487847076939,-0.8968924196494069,0.9230769230769231,6.0,-0.8256115037842402,335.5861965544084,0.0,0.0
evt_pay_000632_0,cust_019,pay_000632,2026-06-01T13:52:19.715632+00:00,140789,WHATSAPP_NUDGE,0.8333333333333334,1,0.4226415094339623,0.17600791589626397,0.5040708376877855,0.0,1.0,-0.4707370158526782,-0.8822735754323119,0.7692307692307692,10.0,-0.5137657855739247,337.9872587128065,0.0,0.0
evt_pay_006567_1,cust_025,pay_006567,2026-06-01T13:53:56.392333+00:00,215089,WHATSAPP_NUDGE,0.8333333333333334,0,0.4797047970479705,0.08333333333333333,-0.01435172669693825,1.0,1.0,-0.4769281800586813,-0.8789422683350221,0.9545454545454546,3.0,0.10753773716001852,338.2629370826409,1.0,0.0
evt_pay_002720_0,cust_040,pay_002720,2026-06-01T13:55:40.405522+00:00,234157,RETRY_LATER,0.8333333333333334,0,0.4752851711026616,1.1282491939211923,0.21972175233272462,0.0,1.0,-0.4835628385307735,-0.8753096487484079,0.9615384615384616,3.0,-0.492492512121923,350.7095728796609,0.0,1.0
evt_pay_004967_0,cust_055,pay_004967,2026-06-01T14:22:23.040734+00:00,375333,WHATSAPP_NUDGE,0.8333333333333334,0,0.33225806451612905,0.44803265324359626,0.5760683125705949,0.0,1.0,-0.5820662470177392,-0.8131413678338375,0.962962962962963,5.0,-1.0480965437343166,358.547891527925,0.0,0.0
evt_pay_008284_0,cust_005,pay_008284,2026-06-01T14:28:25.494393+00:00,125650,RETRY_NOW,0.8333333333333334,0,0.27986348122866894,0.5993857737484518,-0.11452998779580462,0.0,1.0,-0.6032946618673821,-0.7975183702977137,0.9642857142857143,6.0,-0.6412832630166057,352.28019080865744,1.0,0.0
evt_pay_001956_1,cust_023,pay_001956,2026-06-01T15:22:28.365175+00:00,109836,WHATSAPP_NUDGE,0.8333333333333334,0,0.3956043956043956,0.08333333333333333,0.8735966370137895,1.0,1.0,-0.7729350262558263,-0.6344851812193135,0.7142857142857143,7.0,0.9385908116339667,355.8928711056799,0.0,0.0
evt_pay_005962_0,cust_054,pay_005962,2026-06-01T15:24:00.770821+00:00,98248,RETRY_NOW,0.03333333333333333,1,0.4470198675496689,2.482202739125796,-0.0179954399985575,0.0,1.0,-0.7771812372268667,-0.6292768266053635,1.0,2.0,-0.6956354929968003,348.0982569342362,0.0,0.0
evt_pay_007226_0,cust_019,pay_007226,2026-06-01T15:24:17.304163+00:00,113654,RETRY_NOW,0.8333333333333334,0,0.424812030075188,0.23986889426205002,-0.14374768418576278,0.0,1.0,-0.7779372790864334,-0.6283419370116853,0.7142857142857143,11.0,-0.5137657855739247,338.0511196911723,1.0,0.0
evt_pay_007593_0,cust_019,pay_007593,2026-06-01T16:13:19.846870+00:00,109083,WHATSAPP_NUDGE,0.8333333333333334,1,0.4232209737827715,0.03405720726078698,-0.25287551379558576,0.0,1.0,-0.8936276424889263,-0.4488091315689595,0.7333333333333334,11.0,-0.5137657855739247,338.0851768984331,0.0,0.0
evt_pay_004967_1,cust_055,pay_004967,2026-06-01T16:22:23.040734+00:00,366675,WHATSAPP_NUDGE,0.8333333333333334,0,0.3311897106109325,0.08333333333333333,0.4968746092758803,1.0,1.0,-0.9106548405197491,-0.4131679579032604,0.9642857142857143,6.0,-1.0480965437343166,358.6312248612583,0.0,1.0
evt_pay_003269_0,cust_009,pay_003269,2026-06-01T16:59:25.297706+00:00,118283,RETRY_NOW,0.8333333333333334,0,0.28205128205128205,0.13954777298577406,-0.015906395178656167,0.0,1.0,-0.9652695897132475,-0.26125585002984875,0.7333333333333334,11.0,-0.8984355580750027,334.32480295004524,1.0,0.0
evt_pay_002991_0,cust_049,pay_002991,2026-06-01T17:56:25.833697+00:00,365779,WHATSAPP_NUDGE,0.8333333333333334,0,0.34545454545454546,0.5852364066774953,0.2602199958399099,0.0,1.0,-0.999878718166159,-0.015573983382513541,0.9655172413793104,6.0,0.2100296838614713,334.6284360796991,0.0,0.0
evt_pay_001075_0,cust_047,pay_001075,2026-06-01T18:16:04.298721+00:00,109604,WHATSAPP_NUDGE,0.8333333333333334,1,0.4357976653696498,0.6063240595596918,-0.03733489934739553,0.0,1.0,-0.997542194817849,0.07006832064484346,0.9523809523809523,6.0,1.898235005697721,334.7773955025711,0.0,0.0
evt_pay_002716_2,cust_056,pay_002716,2026-06-01T18:25:52.639112+00:00,147914,RETRY_LATER,0.03333333333333333,0,0.2677966101694915,0.4060742857031035,-0.20491636282755082,2.0,1.0,-0.9936323108775617,0.11267133965706021,0.9090909090909091,8.0,-0.26273729270347856,343.72341702862906,0.0,1.0
evt_pay_003725_0,cust_020,pay_003725,2026-06-01T18:48:57.694844+00:00,65802,RETRY_LATER,0.8333333333333334,0,0.2920353982300885,2.90870048733359,0.21068870935031245,0.0,1.0,-0.9772666612747225,0.21201385039887533,0.7333333333333334,4.0,0.06752823759169156,347.02242137952857,0.0,1.0
evt_pay_005891_0,cust_020,pay_005891,2026-06-01T19:16:09.556237+00:00,54647,DO_NOTHING,0.03333333333333333,0,0.2911764705882353,0.018887284639750607,-0.309388878445535,0.0,1.0,-0.9452920939757306,0.3262251631419297,0.75,4.0,0.06752823759169156,347.04130866416835,1.0,0.0
evt_pay_001926_2,cust_002,pay_001926,2026-06-01T19:22:40.720884+00:00,459291,ESCALATE_HUMAN,0.8333333333333334,0,0.36727272727272725,0.9166666666666666,1.4124572340585428,2.0,1.0,-0.9356310124762778,0.35297961484002927,0.9666666666666667,7.0,-0.38277421977533765,340.88996115559604,0.0,0.0
evt_pay_004724_0,cust_015,pay_004724,2026-06-01T19:39:09.400036+00:00,171790,WHATSAPP_NUDGE,0.8333333333333334,0,0.4200743494423792,0.5832042969560121,1.3050978068451726,0.0,1.0,-0.9078567701027951,0.41928043715217694,0.9047619047619048,8.0,1.245182551392603,349.23500215930017,0.0,0.0
evt_pay_004550_2,cust_056,pay_004550,2026-06-01T19:44:11.645611+00:00,164618,ESCALATE_HUMAN,0.8333333333333334,0,0.2668918918918919,0.054386649297119526,0.09459295459299366,2.0,1.0,-0.8984224706840401,0.4391321716408228,0.9090909090909091,8.0,-0.26273729270347856,343.77780367792616,0.0,1.0
evt_pay_008236_0,cust_056,pay_008236,2026-06-01T19:48:07.529054+00:00,157287,DO_NOTHING,0.03333333333333333,1,0.265993265993266,0.002730132444848247,-0.03685215740412089,0.0,1.0,-0.8907578180072515,0.45447828293435566,0.9090909090909091,8.0,-0.26273729270347856,343.780533810371,0.0,0.0
evt_pay_002646_0,cust_044,pay_002646,2026-06-01T20:29:53.451005+00:00,226766,WHATSAPP_NUDGE,0.8333333333333334,0,0.3958333333333333,0.28382498105848225,-0.002413956255165544,0.0,1.0,-0.7936431768196215,0.6083835203945445,0.8125,6.0,-0.8459251821363672,352.6980154855116,0.0,0.0
evt_pay_007432_0,cust_038,pay_007432,2026-06-01T20:46:33.225314+00:00,51082,WHATSAPP_NUDGE,0.8333333333333334,1,0.5465587044534413,1.4707344636090056,0.41695102400495176,0.0,1.0,-0.7473525049481015,0.6644277487792016,0.8636363636363636,7.0,2.4957647172129915,359.82256948412487,0.0,0.0
evt_pay_006620_0,cust_023,pay_006620,2026-06-01T20:57:45.311016+00:00,94615,RETRY_LATER,0.8333333333333334,0,0.39416058394160586,0.2328350213053151,0.3566204051571939,0.0,1.0,-0.7139987625202256,0.7001469610871609,0.8571428571428572,7.0,0.9385908116339667,356.1257061269852,0.0,1.0
evt_pay_003942_0,cust_050,pay_003942,2026-06-01T21:09:24.274965+00:00,137699,RETRY_LATER,0.8333333333333334,0,0.46545454545454545,1.324205080506033,0.5163023752157107,0.0,1.0,-0.6775033704137229,0.7355196687227649,0.875,12.0,-0.900782201038446,359.5963813001695,0.0,1.0
evt_pay_005126_0,cust_037,pay_005126,2026-06-01T21:40:28.674094+00:00,182832,RETRY_NOW,0.8333333333333334,0,0.4,1.1856709861801846,0.4162352239717979,0.0,1.0,-0.5718670628381165,0.8203463064102292,0.8125,5.0,-0.33341852366871827,339.5329731781464,1.0,0.0
evt_pay_006198_2,cust_003,pay_006198,2026-06-01T21:55:06.830164+00:00,236681,ESCALATE_HUMAN,0.8333333333333334,0,0.4939759036144578,0.9166666666666666,0.21321336463542218,2.0,1.0,-0.518348556450448,0.8551694417048219,1.0,3.0,2.053947620637407,337.9439354527755,1.0,0.0
evt_pay_000442_0,cust_007,pay_000442,2026-06-01T21:57:03.423358+00:00,260777,WHATSAPP_NUDGE,0.8333333333333334,1,0.3495575221238938,0.6458189410465897,-0.4891305540336729,0.0,1.0,-0.5110791178916024,0.8595336731362777,0.8235294117647058,6.0,-0.46533070623945577,361.0129295360645,0.0,0.0
evt_pay_007833_2,cust_005,pay_007833,2026-06-01T22:05:18.563541+00:00,135229,ESCALATE_HUMAN,0.8333333333333334,0,0.2789115646258503,0.3172808929182149,0.0945664332642024,2.0,1.0,-0.4798047684620263,0.8773752812571718,1.0,6.0,-0.6412832630166057,352.59747170157567,1.0,0.0
evt_pay_008407_0,cust_029,pay_008407,2026-06-01T22:08:39.953031+00:00,32606,RETRY_LATER,0.8333333333333334,0,0.3954248366013072,0.3497750562672574,-0.7748916427584198,0.0,1.0,-0.4669042102556756,0.8843078979888871,1.0,6.0,-0.8256115037842402,335.9359716106756,0.0,1.0
evt_pay_006842_0,cust_045,pay_006842,2026-06-01T22:25:39.066844+00:00,116586,RETRY_LATER,0.8333333333333334,0,0.2467948717948718,0.8094714029024696,0.9583796068288183,0.0,1.0,-0.40014464880767614,0.9164519954861692,0.8181818181818181,8.0,1.000889969158722,335.7709913200005,0.0,1.0
evt_pay_002646_1,cust_044,pay_002646,2026-06-01T22:29:53.451005+00:00,230458,WHATSAPP_NUDGE,0.8333333333333334,1,0.3944636678200692,0.08333333333333333,0.04407064601776815,1.0,1.0,-0.3831233924687057,0.9236971723152941,0.7647058823529411,7.0,-0.8459251821363672,352.7813488188449,0.0,0.0
evt_pay_006620_1,cust_023,pay_006620,2026-06-01T22:57:45.311016+00:00,62691,DO_NOTHING,0.03333333333333333,1,0.3927272727272727,0.08333333333333333,-0.7277347734826441,1.0,1.0,-0.2682675860695872,0.963344435944069,0.8888888888888888,7.0,0.9385908116339667,356.20903946031854,0.0,0.0
evt_pay_003942_1,cust_050,pay_003942,2026-06-01T23:09:24.274965+00:00,102078,RETRY_NOW,0.03333333333333333,1,0.463768115942029,0.08333333333333333,-0.3563591580568589,1.0,1.0,-0.2189752955664806,0.9757304033038903,0.8,11.0,-0.900782201038446,359.6797146335029,0.0,1.0
evt_pay_003466_0,cust_019,pay_003466,2026-06-01T23:47:21.984496+00:00,122031,WHATSAPP_NUDGE,0.8333333333333334,0,0.4253731343283582,0.34935972607498417,0.056237216040295454,0.0,1.0,-0.05509652945016402,0.9984810325902777,0.7333333333333334,11.0,-0.5137657855739247,338.40047941724725,0.0,0.0
evt_pay_008407_1,cust_029,pay_008407,2026-06-02T00:08:39.953031+00:00,50015,WHATSAPP_NUDGE,0.8333333333333334,0,0.3941368078175896,0.08333333333333333,0.33680450094344017,1.0,1.0,0.03780304177911786,0.9992852095534319,1.0,6.0,-0.8256115037842402,336.019304944009,0.0,1.0
evt_pay_002769_0,cust_037,pay_002769,2026-06-02T00:22:17.203515+00:00,171242,WHATSAPP_NUDGE,0.8333333333333334,0,0.3983050847457627,0.1123672386755364,0.20873758680316887,0.0,1.0,0.0970909924133354,0.995275509189387,0.7333333333333334,5.0,-0.33341852366871827,339.6453404168219,0.0,0.0
evt_pay_006842_1,cust_045,pay_006842,2026-06-02T00:25:39.066844+00:00,95431,WHATSAPP_NUDGE,0.8333333333333334,0,0.24600638977635783,0.08333333333333333,0.266063513271345,1.0,1.0,0.11169056668723473,0.9937430338438022,0.8260869565217391,8.0,1.000889969158722,335.85432465333383,0.0,1.0
evt_pay_007445_0,cust_017,pay_007445,2026-06-02T01:27:28.000082+00:00,444348,RETRY_NOW,0.8333333333333334,0,0.30434782608695654,1.1182527918438154,-0.3765176756489953,0.0,1.0,0.37244793175649993,0.9280530901464127,1.0,2.0,0.5027156808516637,355.62234929480405,1.0,0.0
evt_pay_005750_0,cust_024,pay_005750,2026-06-02T01:35:35.070830+00:00,128330,WHATSAPP_NUDGE,0.8333333333333334,0,0.25263157894736843,1.3738584828252935,0.9740959193886806,0.0,1.0,0.4050798086589643,0.9142813290321622,0.8571428571428572,7.0,-1.1653357768016162,347.72423752876165,0.0,0.0
evt_pay_006905_2,cust_055,pay_006905,2026-06-02T01:37:13.019494+00:00,295752,ESCALATE_HUMAN,0.8333333333333334,0,0.3301282051282051,0.3853006800897371,-0.15186396398793764,2.0,1.0,0.41158192863835324,0.9113727645800775,1.0,7.0,-1.0480965437343166,359.0165255413481,0.0,0.0
evt_pay_008383_0,cust_041,pay_008383,2026-06-02T01:42:49.237415+00:00,227120,RETRY_LATER,0.8333333333333334,0,0.42066420664206644,1.2420702005289097,-0.3911208510736879,0.0,1.0,0.43374016834791024,0.901037993850163,1.0,5.0,0.3693318557794774,361.3612362776393,0.0,1.0
evt_pay_003031_0,cust_055,pay_003031,2026-06-02T01:43:39.228155+00:00,279721,WHATSAPP_NUDGE,0.8333333333333334,0,0.329073482428115,0.004470007646053394,-0.2984980801266534,0.0,1.0,0.4370129547427319,0.8994552114402512,1.0,7.0,-1.0480965437343166,359.0209955489941,0.0,0.0
evt_pay_003466_1,cust_019,pay_003466,2026-06-02T01:47:21.984496+00:00,140493,WHATSAPP_NUDGE,0.8333333333333334,0,0.42379182156133827,0.08333333333333333,0.4970107619682302,1.0,1.0,0.45152552213093927,0.8922582041451805,0.8,12.0,-0.5137657855739247,338.4838127505806,0.0,1.0
evt_pay_002235_0,cust_051,pay_002235,2026-06-02T01:51:38.982167+00:00,565835,PAYMENT_LINK,0.8333333333333334,1,0.4942084942084942,2.3965053793517277,-0.20298451795375072,0.0,1.0,0.46812146490866063,0.8836641296848988,0.8125,3.0,-1.013594580420746,340.87244458130436,0.0,0.0
evt_pay_002769_1,cust_037,pay_002769,2026-06-02T02:22:17.203515+00:00,160462,WHATSAPP_NUDGE,0.8333333333333334,0,0.39662447257383965,0.08333333333333333,0.015728612544006332,1.0,1.0,0.5817210205032841,0.813388378515834,0.7857142857142857,6.0,-0.33341852366871827,339.7286737501552,0.0,1.0
evt_pay_005715_0,cust_015,pay_005715,2026-06-02T02:34:07.481265+00:00,100811,RETRY_NOW,0.8333333333333334,0,0.4185185185185185,0.2881722364538935,-0.41463356815490376,0.0,1.0,0.6229403247696277,0.7822693601157537,0.8181818181818181,8.0,1.245182551392603,349.5231743957541,1.0,0.0
evt_pay_002194_2,cust_048,pay_002194,2026-06-02T02:38:14.127997+00:00,152189,ESCALATE_HUMAN,0.8333333333333334,0,0.26299694189602446,0.9166666666666666,-0.5862577710330295,2.0,1.0,0.6368706645572182,0.7709706587325145,1.0,5.0,-0.4506859321563252,343.1155127492657,1.0,0.0
evt_pay_006996_0,cust_043,pay_006996,2026-06-02T02:40:01.755007+00:00,195007,RETRY_LATER,0.8333333333333334,0,0.2490974729241877,0.8240745870833734,1.0050395400087013,0.0,1.0,0.642885372957093,0.7659623993629319,1.0,10.0,-0.05414349663535748,347.753386935266,0.0,1.0
evt_pay_007815_0,cust_033,pay_007815,2026-06-02T02:43:35.039805+00:00,102893,RETRY_NOW,0.8333333333333334,1,0.6192468619246861,6.173697426603913,0.8276831937569625,0.0,1.0,0.6546880328982441,0.7558991861219508,0.8181818181818181,2.0,-0.3958893149650273,336.85713605688034,1.0,0.0
evt_pay_004322_0,cust_058,pay_004322,2026-06-02T02:55:22.067218+00:00,239219,RETRY_LATER,0.8333333333333334,0,0.3511705685618729,1.5507673427694044,-0.03900030224196803,0.0,1.0,0.6926713953126468,0.7212533106444856,0.782608695652174,0.0,4.286983765334936,351.0858957809532,0.0,1.0
evt_pay_002929_0,cust_000,pay_002929,2026-06-02T03:02:34.488929+00:00,101741,WHATSAPP_NUDGE,0.8333333333333334,0,0.3546099290780142,2.2877614881628765,-0.5737170547538869,0.0,1.0,0.7150061584576005,0.6991181540824875,0.6666666666666667,5.0,0.8132490481077264,351.78199660716444,0.0,0.0
evt_pay_007445_1,cust_017,pay_007445,2026-06-02T03:27:28.000082+00:00,511717,ESCALATE_HUMAN,0.03333333333333333,0,0.30324909747292417,0.08333333333333333,-0.0004215791107717531,1.0,1.0,0.7865759155613082,0.6174935862491931,1.0,2.0,0.5027156808516637,355.70568262813737,0.0,0.0
evt_pay_005750_1,cust_024,pay_005750,2026-06-02T03:35:35.070830+00:00,92419,ESCALATE_HUMAN,0.03333333333333333,0,0.2517482517482518,0.08333333333333333,-0.09801325538323798,1.0,1.0,0.8079500693748838,0.5892509528181694,0.875,8.0,-1.1653357768016162,347.80757086209496,1.0,0.0
evt_pay_008383_1,cust_041,pay_008383,2026-06-02T03:42:49.237415+00:00,292458,WHATSAPP_NUDGE,0.8333333333333334,0,0.41911764705882354,0.08333333333333333,0.3183098423825845,1.0,1.0,0.8261490013561109,0.5634517082752529,1.0,5.0,0.3693318557794774,361.4445696109726,1.0,0.0
evt_pay_003031_1,cust_055,pay_003031,2026-06-02T03:43:39.228155+00:00,296420,WHATSAPP_NUDGE,0.8333333333333334,0,0.32802547770700635,0.08333333333333333,-0.14575320004473563,1.0,1.0,0.8281919263102306,0.5604445853021952,1.0,8.0,-1.0480965437343166,359.1043288823275,0.0,1.0
evt_pay_001882_2,cust_007,pay_001882,2026-06-02T04:27:04.666852+00:00,328170,ESCALATE_HUMAN,0.8333333333333334,0,0.3524229074889868,0.9166666666666666,0.12284562259717122,2.0,1.0,0.9189251265994466,0.3944320115104643,0.8,7.0,-0.46533070623945577,361.2837772616845,0.0,1.0
evt_pay_006996_1,cust_043,pay_006996,2026-06-02T04:40:01.755007+00:00,160075,WHATSAPP_NUDGE,0.8333333333333334,0,0.24820143884892087,0.08333333333333333,0.3132004567309801,1.0,1.0,0.9397362643837418,0.34190020971343404,1.0,10.0,-0.05414349663535748,347.8367202685993,0.0,0.0
evt_pay_002929_1,cust_000,pay_002929,2026-06-02T05:02:34.488929+00:00,107314,RETRY_NOW,0.03333333333333333,1,0.35335689045936397,0.08333333333333333,-0.4486518003142686,1.0,1.0,0.9687725741278476,0.24795100245351734,0.7,6.0,0.8132490481077264,351.86532994049776,1.0,0.0
evt_pay_005112_0,cust_010,pay_005112,2026-06-02T05:17:15.181730+00:00,79953,RETRY_LATER,0.8333333333333334,0,0.3465346534653465,1.0081650509435274,0.03287959628913241,0.0,1.0,0.9826557301343188,0.18543925160059518,0.75,1.0,-0.045395759303349575,362.16591426539054,0.0,1.0
evt_pay_004096_0,cust_030,pay_004096,2026-06-02T05:31:33.533809+00:00,170609,RETRY_LATER,0.8333333333333334,0,0.3709677419354839,2.1882225355733262,-0.03853587878494537,0.0,1.0,0.9923097544349193,0.1237794460050215,0.8,4.0,1.7722569671050512,333.17444380718445,0.0,1.0
evt_pay_004027_0,cust_006,pay_004027,2026-06-02T05:46:10.919148+00:00,132951,RETRY_LATER,0.03333333333333333,0,0.38636363636363635,1.5963654082545038,0.06185499593560985,0.0,1.0,0.9981829601149963,0.06025593859582418,0.736842105263158,7.0,-0.3286363658753921,354.88880480142853,1.0,0.0
evt_pay_000976_0,cust_047,pay_000976,2026-06-02T06:16:07.073560+00:00,109879,RETRY_LATER,0.8333333333333334,0,0.437984496124031,1.1063561757543805,-0.030276902572931294,0.0,1.0,0.9975280352812388,-0.07026961525404597,0.736842105263158,7.0,1.898235005697721,335.2774276187658,0.0,1.0
evt_pay_008034_0,cust_055,pay_008034,2026-06-02T06:21:42.974284+00:00,323060,RETRY_LATER,0.8333333333333334,0,0.326984126984127,0.10976558020522968,0.09792522310673976,0.0,1.0,0.9955141063015042,-0.0946132345642906,1.0,9.0,-1.0480965437343166,359.2140944625327,0.0,1.0
evt_pay_006020_2,cust_009,pay_006020,2026-06-02T06:36:52.970124+00:00,84447,ESCALATE_HUMAN,0.8333333333333334,0,0.28102189781021897,0.5676813937287193,-0.8286616978664324,2.0,1.0,0.9870784135155323,-0.16023796545032631,0.7647058823529411,11.0,-0.8984355580750027,334.8924843437739,1.0,0.0
evt_pay_006866_0,cust_013,pay_006866,2026-06-02T06:54:10.515139+00:00,198846,RETRY_NOW,0.8333333333333334,0,0.26578073089701,0.9177899019583341,0.4472165484157364,0.0,1.0,0.9721911245460949,-0.2341888497640298,0.8571428571428572,7.0,-0.5595801808996762,333.88989222209193,1.0,0.0
evt_pay_002633_0,cust_011,pay_002633,2026-06-02T07:09:58.210259+00:00,59341,RETRY_NOW,0.8333333333333334,0,0.5180722891566265,2.7806152867832075,0.0030982498309554602,0.0,1.0,0.9537560806204531,-0.3005816672378935,0.8,5.0,-0.306212897974724,337.0179589042472,1.0,0.0
evt_pay_005112_1,cust_010,pay_005112,2026-06-02T07:17:15.181730+00:00,77469,WHATSAPP_NUDGE,0.8333333333333334,0,0.34539473684210525,0.08333333333333333,-0.0568852569100005,1.0,1.0,0.9437244512709634,-0.3307327623222699,0.75,1.0,-0.045395759303349575,362.2492475987239,0.0,1.0
evt_pay_000555_0,cust_033,pay_000555,2026-06-02T07:26:22.629852+00:00,82278,RETRY_LATER,0.8333333333333334,1,0.6208333333333333,6.370081570665245,0.08942514764535045,0.0,1.0,0.929813161185461,-0.36803190797307234,0.7619047619047619,2.0,-0.3958893149650273,337.05352020094165,0.0,1.0
evt_pay_007286_0,cust_015,pay_007286,2026-06-02T07:29:10.998506+00:00,102648,RETRY_NOW,0.8333333333333334,0,0.41697416974169743,0.2049018199187458,-0.3701142006531729,0.0,1.0,0.9252373519841189,-0.37938877486480216,0.7272727272727273,6.0,1.245182551392603,349.72807621567284,1.0,0.0
evt_pay_004027_1,cust_006,pay_004027,2026-06-02T07:46:10.919148+00:00,112465,WHATSAPP_NUDGE,0.8333333333333334,0,0.3851132686084142,0.08333333333333333,-0.3879192565700398,1.0,1.0,0.8945797703822479,-0.4469083065046392,0.7391304347826086,7.0,-0.3286363658753921,354.9721381347619,0.0,0.0
evt_pay_001727_0,cust_029,pay_001727,2026-06-02T07:56:06.521404+00:00,36132,RETRY_LATER,0.8333333333333334,0,0.39285714285714285,0.3246130598737788,-0.5497543967712555,0.0,1.0,0.8743896878852837,-0.48522435400531594,1.0,7.0,-0.8256115037842402,336.3439180038827,0.0,1.0
evt_pay_000976_1,cust_047,pay_000976,2026-06-02T08:16:07.073560+00:00,95322,WHATSAPP_NUDGE,0.8333333333333334,0,0.4362934362934363,0.08333333333333333,-0.4047900567432535,1.0,1.0,0.8287498119137096,-0.5596192895647818,0.782608695652174,7.0,1.898235005697721,335.36076095209916,0.0,0.0
evt_pay_008034_1,cust_055,pay_008034,2026-06-02T08:21:42.974284+00:00,306417,WHATSAPP_NUDGE,0.8333333333333334,0,0.3259493670886076,0.08333333333333333,-0.054308196892042936,1.0,1.0,0.8148338886007194,-0.5796945178176437,1.0,9.0,-1.0480965437343166,359.29742779586604,0.0,1.0
evt_pay_004225_0,cust_050,pay_004225,2026-06-02T08:27:46.526855+00:00,133457,RETRY_LATER,0.8333333333333334,1,0.4657039711191336,0.4710908783551986,0.4123648065975704,0.0,1.0,0.7992247818065517,-0.601032235530067,0.625,11.0,-0.900782201038446,360.0674721785247,0.0,1.0
evt_pay_008247_0,cust_002,pay_008247,2026-06-02T08:36:36.712624+00:00,434287,RETRY_LATER,0.8333333333333334,0,0.36594202898550726,0.5513424969938873,1.1800151744127947,0.0,1.0,0.7754630232414644,-0.6313929834779667,1.0,7.0,-0.38277421977533765,341.44130365258997,0.0,1.0
evt_pay_005159_0,cust_030,pay_005159,2026-06-02T08:41:54.642522+00:00,233181,WHATSAPP_NUDGE,0.8333333333333334,0,0.36977491961414793,0.13218875825814771,0.9951962926640242,0.0,1.0,0.7606589372446897,-0.649151739726375,0.8125,3.0,1.7722569671050512,333.3066325654426,0.0,0.0
evt_pay_006866_1,cust_013,pay_006866,2026-06-02T08:54:10.515139+00:00,158879,WHATSAPP_NUDGE,0.8333333333333334,0,0.26490066225165565,0.08333333333333333,-0.21693900285005835,1.0,1.0,0.7248477863086646,-0.6889090554517545,0.8333333333333334,7.0,-0.5595801808996762,333.97322555542524,0.0,1.0
evt_pay_001554_2,cust_016,pay_001554,2026-06-02T08:55:08.404601+00:00,141329,ESCALATE_HUMAN,0.8333333333333334,0,0.32167832167832167,0.910235897060924,0.6121242832213488,2.0,1.0,0.7219411745159061,-0.6919544353052403,0.8235294117647058,4.0,-0.5381138706705891,355.15127029953646,0.0,0.0
evt_pay_002633_1,cust_011,pay_002633,2026-06-02T09:09:58.210259+00:00,46050,WHATSAPP_NUDGE,0.8333333333333334,0,0.516,0.08333333333333333,-0.6375062177071878,1.0,1.0,0.6756861612122449,-0.7371894000501229,0.8235294117647058,5.0,-0.306212897974724,337.10129223758054,0.0,0.0
evt_pay_003952_0,cust_004,pay_003952,2026-06-02T09:27:18.202974+00:00,523549,PAYMENT_LINK,0.8333333333333334,1,0.47844827586206895,3.0627404699420517,0.6927332605691557,0.0,1.0,0.6180538379075218,-0.786135772909351,0.8571428571428572,2.0,-0.2585165281110097,358.5579146026193,0.0,0.0
evt_pay_007286_1,cust_015,pay_007286,2026-06-02T09:29:10.998506+00:00,108534,PAYMENT_LINK,0.03333333333333333,0,0.41544117647058826,0.08333333333333333,-0.22751180997320178,1.0,1.0,0.6115846639160905,-0.7911789929356332,0.7727272727272727,6.0,1.245182551392603,349.81140954900616,0.0,1.0
evt_pay_000995_0,cust_015,pay_000995,2026-06-02T09:55:11.649052+00:00,109421,RETRY_LATER,0.8333333333333334,0,0.4139194139194139,0.01806308502381171,-0.20602372525385612,0.0,1.0,0.5180488395040213,-0.8553510389825553,0.782608695652174,7.0,1.245182551392603,349.82947263402997,0.0,1.0
evt_pay_001727_1,cust_029,pay_001727,2026-06-02T09:56:06.521404+00:00,54242,WHATSAPP_NUDGE,0.8333333333333334,0,0.39158576051779936,0.08333333333333333,0.6067966064411567,1.0,1.0,0.5146315055131443,-0.857411461046139,1.0,7.0,-0.8256115037842402,336.4272513372161,0.0,0.0
evt_pay_004358_0,cust_026,pay_004358,2026-06-02T10:28:05.108771+00:00,239750,RETRY_LATER,0.8333333333333334,0,0.43891402714932126,1.7085973229789981,0.15289772182367292,0.0,1.0,0.3903891152959181,-0.9206499544661209,0.8333333333333334,5.0,1.9048100532514713,349.98940730334465,0.0,1.0
evt_pay_008335_0,cust_005,pay_008335,2026-06-02T10:36:20.481949+00:00,107962,WHATSAPP_NUDGE,0.8333333333333334,0,0.27796610169491526,0.5215499815690426,-0.5006129438631131,0.0,1.0,0.3569769944413499,-0.9341131759265686,1.0,6.0,-0.6412832630166057,353.1190216831447,0.0,0.0
evt_pay_008247_1,cust_002,pay_008247,2026-06-02T10:36:36.712624+00:00,358295,WHATSAPP_NUDGE,0.8333333333333334,0,0.36462093862815886,0.08333333333333333,0.4735857770461949,1.0,1.0,0.35587418608360716,-0.9345338750838998,1.0,7.0,-0.38277421977533765,341.5246369859233,0.0,1.0
evt_pay_000647_0,cust_023,pay_000647,2026-06-02T11:08:15.816756+00:00,70448,WHATSAPP_NUDGE,0.8333333333333334,0,0.39492753623188404,0.5906308534754127,-0.46427147149748066,0.0,1.0,0.2238301590728452,-0.9746281649374928,0.5555555555555556,7.0,0.9385908116339667,356.71633698046065,0.0,0.0
evt_pay_005006_0,cust_037,pay_005006,2026-06-02T11:20:42.323880+00:00,174501,WHATSAPP_NUDGE,0.8333333333333334,0,0.3949579831932773,0.37390185607188187,0.2670901841878722,0.0,1.0,0.17061624045032955,-0.9853375556095461,0.8235294117647058,7.0,-0.33341852366871827,340.10257560622716,0.0,0.0
evt_pay_002407_0,cust_055,pay_002407,2026-06-02T11:30:01.504694+00:00,361810,RETRY_NOW,0.8333333333333334,0,0.3249211356466877,0.13077002788410633,0.4523735069681378,0.0,1.0,0.13041770317502802,-0.9914591381890382,1.0,10.0,-1.0480965437343166,359.42819782375017,1.0,0.0
evt_pay_002863_2,cust_009,pay_002863,2026-06-02T11:38:28.370120+00:00,86134,RETRY_NOW,0.03333333333333333,0,0.28,0.2094374999521733,-0.7881406360234433,2.0,1.0,0.09379191488155103,-0.9955918223362684,0.7,11.0,-0.8984355580750027,335.1019218437261,0.0,0.0
evt_pay_000172_2,cust_029,pay_000172,2026-06-02T11:44:59.388169+00:00,31149,ESCALATE_HUMAN,0.8333333333333334,0,0.3903225806451613,0.07561188385896382,-0.8679724377843209,2.0,1.0,0.0654475274750454,-0.9978560122319268,1.0,8.0,-0.8256115037842402,336.5028632210751,0.0,0.0
evt_pay_006197_0,cust_001,pay_006197,2026-06-02T12:10:26.085298+00:00,441017,RETRY_LATER,0.8333333333333334,0,0.30094043887147337,3.1840605729118465,-0.46774898501914103,0.0,1.0,-0.045514478622536804,-0.9989636791373941,0.6666666666666667,5.0,0.16534712408787333,345.0603484710511,0.0,1.0
evt_pay_008335_1,cust_005,pay_008335,2026-06-02T12:36:20.481949+00:00,131091,WHATSAPP_NUDGE,0.8333333333333334,0,0.27702702702702703,0.08333333333333333,0.004238575616424915,1.0,1.0,-0.15790544221045877,-0.9874542375828459,1.0,7.0,-0.6412832630166057,353.20235501647807,0.0,0.0
evt_pay_007097_0,cust_030,pay_007097,2026-06-02T12:47:15.783204+00:00,171280,WHATSAPP_NUDGE,0.8333333333333334,0,0.3685897435897436,0.17038357271072377,-0.027456920494739225,0.0,1.0,-0.20476535243204633,-0.9788110902740017,0.8823529411764706,3.0,1.7722569671050512,333.4770161381534,0.0,0.0
evt_pay_002984_0,cust_015,pay_002984,2026-06-02T13:02:28.264087+00:00,99141,RETRY_LATER,0.8333333333333334,0,0.4124087591240876,0.1300534147518609,-0.4550965380418837,0.0,1.0,-0.26921847778871555,-0.9630791302988175,0.7727272727272727,7.0,1.245182551392603,349.9595260487818,0.0,1.0
evt_pay_003989_0,cust_022,pay_003989,2026-06-02T13:03:34.678171+00:00,82485,WHATSAPP_NUDGE,0.03333333333333333,0,0.36394557823129253,2.0064581287250385,-0.7586974137102341,0.0,1.0,-0.27386676898268913,-0.9617676397378851,0.7,5.0,-0.6143468879245073,341.55052227396254,1.0,0.0
evt_pay_000647_1,cust_023,pay_000647,2026-06-02T13:08:15.816756+00:00,69883,WHATSAPP_NUDGE,0.8333333333333334,0,0.3935018050541516,0.08333333333333333,-0.4834721669473788,1.0,1.0,-0.2934714785785508,-0.9559678296161013,0.6,8.0,0.9385908116339667,356.79967031379397,0.0,0.0
evt_pay_001956_2,cust_023,pay_001956,2026-06-02T13:22:28.365175+00:00,94079,ESCALATE_HUMAN,0.8333333333333334,0,0.3920863309352518,0.009867458552605513,0.33840666022421845,2.0,1.0,-0.35213877760268103,-0.9359477983886119,0.6363636363636364,9.0,0.9385908116339667,356.8095377723466,1.0,0.0
evt_pay_006124_0,cust_011,pay_006124,2026-06-02T13:24:10.983543+00:00,59055,WHATSAPP_NUDGE,0.8333333333333334,0,0.5139442231075697,0.1765367278233422,-0.01065682325166116,0.0,1.0,-0.35911352858689227,-0.933293883825385,0.8888888888888888,6.0,-0.306212897974724,337.2778289654039,0.0,0.0
evt_pay_008442_0,cust_058,pay_008442,2026-06-02T13:40:17.624879+00:00,259056,RETRY_LATER,0.8333333333333334,0,0.35,0.4478652507122926,0.1946912209819648,0.0,1.0,-0.4237795447503322,-0.9057653655617448,0.782608695652174,0.0,4.286983765334936,351.5337610316655,0.0,1.0
evt_pay_006197_1,cust_001,pay_006197,2026-06-02T14:10:26.085298+00:00,624515,PAYMENT_LINK,0.8333333333333334,0,0.3,0.08333333333333333,0.5264288343136251,1.0,1.0,-0.5388985342958176,-0.8423706842796819,0.7142857142857143,5.0,0.16534712408787333,345.1436818043844,0.0,1.0
evt_pay_007097_1,cust_030,pay_007097,2026-06-02T14:47:15.783204+00:00,178494,WHATSAPP_NUDGE,0.8333333333333334,0,0.36741214057507987,0.08333333333333333,0.09172303537557763,1.0,1.0,-0.6667375421580265,-0.7452925934672059,0.8888888888888888,4.0,1.7722569671050512,333.5603494714867,0.0,0.0
evt_pay_005186_0,cust_055,pay_005186,2026-06-02T15:05:41.675781+00:00,269035,WHATSAPP_NUDGE,0.8333333333333334,0,0.3238993710691824,0.14977049869600023,-0.3962485011365539,0.0,1.0,-0.724456443267641,-0.6893205798523638,1.0,10.0,-1.0480965437343166,359.5779683224461,0.0,0.0
evt_pay_006228_0,cust_011,pay_006228,2026-06-02T15:33:56.521334+00:00,69270,RETRY_NOW,0.8333333333333334,1,0.5119047619047619,0.09011039110045733,0.48168682004487556,0.0,1.0,-0.8037063591756197,-0.5950261239816869,0.8947368421052632,7.0,-0.306212897974724,337.36793935650434,1.0,0.0
evt_pay_000745_0,cust_033,pay_000745,2026-06-02T15:45:31.910652+00:00,73397,RETRY_NOW,0.8333333333333334,1,0.6224066390041494,6.716716765111717,-0.22862478135799402,0.0,1.0,-0.8327566331241774,-0.553639223671593,0.782608695652174,1.0,-0.3958893149650273,337.40015539538814,1.0,0.0
evt_pay_000455_0,cust_018,pay_000455,2026-06-02T16:13:00.950356+00:00,139778,WHATSAPP_NUDGE,0.8333333333333334,0,0.2846441947565543,1.399758790401582,-0.10152768879750512,0.0,1.0,-0.8930100484252901,-0.4500367245141901,1.0,2.0,-0.4554811204429685,338.2979242346253,0.0,0.0
evt_pay_007522_0,cust_036,pay_007522,2026-06-02T16:23:10.861447+00:00,419893,RETRY_LATER,0.8333333333333334,0,0.43859649122807015,2.5032162664137445,0.6813462588035731,0.0,1.0,-0.9120861722855217,-0.40999855405299385,0.8571428571428572,6.0,-0.5882553306323993,344.1241472819053,0.0,1.0
evt_pay_005186_1,cust_055,pay_005186,2026-06-02T17:05:41.675781+00:00,282001,WHATSAPP_NUDGE,0.8333333333333334,0,0.322884012539185,0.08333333333333333,-0.2776432798498917,1.0,1.0,-0.9720579737312791,-0.23474091186974605,1.0,11.0,-1.0480965437343166,359.6613016557794,0.0,1.0
evt_pay_005248_0,cust_004,pay_005248,2026-06-02T17:20:33.722142+00:00,417485,RETRY_LATER,0.8333333333333334,0,0.48068669527896996,3.3913923121641574,-0.026425381423766166,0.0,1.0,-0.9852306362331203,-0.17123257116471968,0.8571428571428572,3.0,-0.2585165281110097,358.88656644484143,0.0,1.0
evt_pay_002966_0,cust_014,pay_002966,2026-06-02T17:38:32.999959+00:00,71466,RETRY_NOW,0.8333333333333334,0,0.25333333333333335,1.505352148581134,0.19808072198596988,0.0,1.0,-0.9956233448304611,-0.09345670242740607,0.75,6.0,-0.8122776257059364,357.4921269113764,1.0,0.0
evt_pay_002672_0,cust_020,pay_002672,2026-06-02T17:43:45.723884+00:00,67371,RETRY_NOW,0.8333333333333334,0,0.2903225806451613,0.9358352736959432,0.28386947994765477,0.0,1.0,-0.9974910923049252,-0.07079209540850785,0.85,4.0,0.06752823759169156,347.97714393786424,1.0,0.0
evt_pay_000284_0,cust_022,pay_000284,2026-06-02T17:43:49.194804+00:00,131426,RETRY_NOW,0.8333333333333334,0,0.36271186440677966,0.1946124610281951,0.48639680408957614,0.0,1.0,-0.9975089293309034,-0.07054031404179274,0.8571428571428572,6.0,-0.6143468879245073,341.7451347349907,1.0,0.0
evt_pay_001925_0,cust_037,pay_001925,2026-06-02T17:50:16.865695+00:00,151283,RETRY_NOW,0.03333333333333333,0,0.39330543933054396,0.2705386784205075,-0.14860023379225532,0.0,1.0,-0.9991009696499392,-0.04239401425379803,0.8571428571428572,8.0,-0.33341852366871827,340.37311428464767,0.0,0.0
evt_pay_000455_1,cust_018,pay_000455,2026-06-02T18:13:00.950356+00:00,127464,ESCALATE_HUMAN,0.03333333333333333,0,0.2835820895522388,0.08333333333333333,-0.3442884338978961,1.0,1.0,-0.998387750028168,0.0567617881474177,1.0,3.0,-0.4554811204429685,338.3812575679587,0.0,1.0
evt_pay_001240_0,cust_005,pay_001240,2026-06-02T18:16:33.897651+00:00,132751,RETRY_NOW,0.8333333333333334,0,0.2760942760942761,0.2362663854436088,0.040478491770345966,0.0,1.0,-0.9973890623079951,0.07221536116629379,1.0,8.0,-0.6412832630166057,353.4386214019217,1.0,0.0
evt_pay_007522_1,cust_036,pay_007522,2026-06-02T18:23:10.861447+00:00,421231,WHATSAPP_NUDGE,0.8333333333333334,0,0.4370629370629371,0.08333333333333333,0.6926212937527488,1.0,1.0,-0.9948890726662689,0.10097392281798022,0.875,6.0,-0.5882553306323993,344.20748061523864,1.0,0.0
evt_pay_005344_0,cust_056,pay_005344,2026-06-02T19:11:51.542030+00:00,157152,WHATSAPP_NUDGE,0.8333333333333334,0,0.2684563758389262,0.9775450974391902,-0.03926613473367379,0.0,1.0,-0.951246406845334,0.30843195921279193,0.782608695652174,8.0,-0.26273729270347856,344.75534877536535,0.0,0.0
evt_pay_005248_1,cust_004,pay_005248,2026-06-02T19:20:33.722142+00:00,392015,ESCALATE_HUMAN,0.03333333333333333,1,0.47863247863247865,0.08333333333333333,-0.19912481093757584,1.0,1.0,-0.9388510451469473,0.3443235615325865,0.875,3.0,-0.2585165281110097,358.96989977817475,1.0,0.0
evt_pay_002966_1,cust_014,pay_002966,2026-06-02T19:38:32.999959+00:00,76126,WHATSAPP_NUDGE,0.8333333333333334,0,0.25249169435215946,0.08333333333333333,0.39731526023569963,1.0,1.0,-0.9089634604377168,0.4168757939591735,0.7916666666666666,6.0,-0.8122776257059364,357.57546024470975,1.0,0.0
evt_pay_000284_1,cust_022,pay_000284,2026-06-02T19:43:49.194804+00:00,134169,RETRY_NOW,0.03333333333333333,0,0.3614864864864865,0.08333333333333333,0.5561814008389028,1.0,1.0,-0.899138230323275,0.4376647607143273,0.8888888888888888,6.0,-0.6143468879245073,341.82846806832407,0.0,0.0
evt_pay_001925_1,cust_037,pay_001925,2026-06-02T19:50:16.865695+00:00,118202,WHATSAPP_NUDGE,0.8333333333333334,0,0.39166666666666666,0.08333333333333333,-0.7408742223308487,1.0,1.0,-0.8864438277894117,0.46283619151278116,0.85,8.0,-0.33341852366871827,340.456447617981,0.0,1.0
evt_pay_008451_0,cust_045,pay_008451,2026-06-02T20:11:06.297483+00:00,89015,WHATSAPP_NUDGE,0.8333333333333334,0,0.24522292993630573,0.8232318360988984,0.05605886268030446,0.0,1.0,-0.8407911769306612,0.5413595817897321,0.8181818181818181,8.0,1.000889969158722,336.67755648943273,0.0,0.0
evt_pay_000353_0,cust_002,pay_000353,2026-06-02T20:13:55.213043+00:00,281368,DO_NOTHING,0.03333333333333333,1,0.36330935251798563,0.40090856966874827,-0.24152668789937326,0.0,1.0,-0.8340779103620549,0.5516466617737008,1.0,7.0,-0.38277421977533765,341.925545555592,1.0,0.0
evt_pay_001240_1,cust_005,pay_001240,2026-06-02T20:16:33.897651+00:00,136965,WHATSAPP_NUDGE,0.8333333333333334,0,0.2751677852348993,0.08333333333333333,0.1324601843604763,1.0,1.0,-0.8276565848323171,0.5612348684674764,0.9666666666666667,8.0,-0.6412832630166057,353.52195473525506,0.0,1.0
evt_pay_002614_0,cust_009,pay_002614,2026-06-02T20:56:06.135063+00:00,101305,RETRY_NOW,0.8333333333333334,0,0.27898550724637683,0.387242649795913,-0.4237180964661486,0.0,1.0,-0.7190298039039034,0.6949792378898195,0.9,11.0,-0.8984355580750027,335.48916449352197,1.0,0.0
evt_pay_003068_0,cust_033,pay_003068,2026-06-02T21:03:16.303645+00:00,82918,WHATSAPP_NUDGE,0.8333333333333334,1,0.6239669421487604,6.937369461787057,0.11234256400824506,0.0,1.0,-0.6969406972639275,0.7171287642378253,0.8636363636363636,1.0,-0.3958893149650273,337.62080809206344,0.0,0.0
evt_pay_005187_0,cust_027,pay_005187,2026-06-02T21:08:33.727892+00:00,65252,RETRY_LATER,0.8333333333333334,0,0.3102189781021898,1.5061170267750679,-0.5156151601034142,0.0,1.0,-0.6802024741587968,0.7330242793715986,0.967741935483871,3.0,-0.8172299270627982,336.02285944007934,0.0,1.0
evt_pay_001161_0,cust_008,pay_001161,2026-06-02T21:14:34.778986+00:00,191899,RETRY_NOW,0.8333333333333334,0,0.35294117647058826,2.5419669877568936,-0.28536867143435146,0.0,1.0,-0.6607236726605421,0.7506292216440583,0.85,4.0,0.4190160498383978,349.34938400825166,1.0,0.0
evt_pay_008501_0,cust_050,pay_008501,2026-06-02T21:17:03.463159+00:00,111649,RETRY_NOW,0.03333333333333333,1,0.4676258992805755,1.0053146781687967,-0.12189856220933062,0.0,1.0,-0.6525689405148414,0.7577293566144427,0.5,9.0,-0.900782201038446,360.60169597833834,0.0,1.0
evt_pay_001028_0,cust_024,pay_001028,2026-06-02T21:17:59.301681+00:00,110685,WHATSAPP_NUDGE,0.8333333333333334,0,0.2508710801393728,0.7377804496605526,0.44730375443076853,0.0,1.0,-0.6494866633567382,0.7603729835559198,0.7777777777777778,7.0,-1.1653357768016162,348.5453513117555,0.0,0.0
evt_pay_008203_0,cust_008,pay_008203,2026-06-02T21:52:44.904446+00:00,198477,RETRY_NOW,0.8333333333333334,0,0.3516483516483517,0.02650608171844245,-0.19721113324097791,0.0,1.0,-0.5271471057403909,0.8497740457966042,0.85,4.0,0.4190160498383978,349.37589008997,1.0,0.0
evt_pay_008407_2,cust_029,pay_008407,2026-06-02T22:08:39.953031+00:00,45276,ESCALATE_HUMAN,0.8333333333333334,0,0.3890675241157556,0.4331083896005907,0.034219213304988255,2.0,1.0,-0.4669042102556756,0.8843078979888871,0.9666666666666667,8.0,-0.8256115037842402,336.9359716106756,1.0,0.0
evt_pay_008451_1,cust_045,pay_008451,2026-06-02T22:11:06.297483+00:00,85631,WHATSAPP_NUDGE,0.8333333333333334,0,0.24444444444444444,0.08333333333333333,-0.05468082860759826,1.0,1.0,-0.4574667276049037,0.8892267388773579,0.8260869565217391,9.0,1.000889969158722,336.76088982276605,0.0,1.0
evt_pay_006842_2,cust_045,pay_006842,2026-06-02T22:25:39.066844+00:00,59579,ESCALATE_HUMAN,0.8333333333333334,0,0.24367088607594936,0.01010149723443495,-0.9072934312829161,2.0,1.0,-0.40014464880767614,0.9164519954861692,0.8333333333333334,10.0,1.000889969158722,336.7709913200005,0.0,1.0
evt_pay_002614_1,cust_009,pay_002614,2026-06-02T22:56:06.135063+00:00,103434,WHATSAPP_NUDGE,0.8333333333333334,0,0.2779783393501805,0.08333333333333333,-0.37257654610419444,1.0,1.0,-0.2752084573140127,0.9613845770672843,0.9090909090909091,11.0,-0.8984355580750027,335.57249782685534,0.0,0.0
evt_pay_007802_0,cust_014,pay_007802,2026-06-02T23:03:40.263153+00:00,71457,WHATSAPP_NUDGE,0.8333333333333334,0,0.25165562913907286,0.1424451758563805,0.1976813098135018,0.0,1.0,-0.24331431531613398,0.9699474954667603,0.8333333333333334,7.0,-0.8122776257059364,357.71790542056607,0.0,0.0
evt_pay_004217_0,cust_021,pay_004217,2026-06-02T23:04:42.238453+00:00,229755,RETRY_LATER,0.8333333333333334,0,0.29376854599406527,1.6319139805788343,0.19538479244541632,0.0,1.0,-0.2389403336827418,0.9710342511670637,0.5,11.0,-0.0711177391970671,349.410446347795,0.0,1.0
evt_pay_004118_0,cust_014,pay_004118,2026-06-02T23:06:17.752667+00:00,66734,WHATSAPP_NUDGE,0.8333333333333334,0,0.2508250825082508,0.0018227953078167047,-0.004204338590796987,0.0,1.0,-0.232189829996025,0.972670490375038,0.84,8.0,-0.8122776257059364,357.7197282158739,0.0,0.0
evt_pay_005187_1,cust_027,pay_005187,2026-06-02T23:08:33.727892+00:00,83275,WHATSAPP_NUDGE,0.8333333333333334,0,0.3090909090909091,0.08333333333333333,0.1311291157513564,1.0,1.0,-0.22256048265274653,0.9749188846059843,0.9666666666666667,3.0,-0.8172299270627982,336.10619277341266,0.0,0.0
evt_pay_006070_0,cust_018,pay_006070,2026-06-02T23:12:36.854172+00:00,135889,RETRY_LATER,0.8333333333333334,1,0.2825278810408922,0.2080544423045012,-0.17819694912424336,0.0,1.0,-0.20528940310826335,0.9787013134615958,0.967741935483871,3.0,-0.4554811204429685,338.5893120102632,0.0,1.0
evt_pay_007506_0,cust_032,pay_007506,2026-06-02T23:13:42.501549+00:00,320384,WHATSAPP_NUDGE,0.8333333333333334,0,0.2694805194805195,3.4465704010880622,-0.037884781350541775,0.0,1.0,-0.2006147496509906,0.9796702109498229,0.9375,3.0,0.2905055503479753,358.43120900453613,0.0,0.0
evt_pay_007574_0,cust_038,pay_007574,2026-06-02T23:16:52.067932+00:00,38971,RETRY_LATER,0.8333333333333334,0,0.5483870967741935,2.5751192161326344,-0.35929766921414386,0.0,1.0,-0.18709071798834911,0.98234264044813,0.8461538461538461,7.0,2.4957647172129915,360.9269542366485,0.0,1.0
evt_pay_003466_2,cust_019,pay_003466,2026-06-02T23:47:21.984496+00:00,79986,ESCALATE_HUMAN,0.8333333333333334,0,0.4222222222222222,0.9166666666666666,-0.9475362757195517,2.0,1.0,-0.05509652945016402,0.9984810325902777,0.9166666666666666,12.0,-0.5137657855739247,339.40047941724725,0.0,0.0
evt_pay_008203_1,cust_008,pay_008203,2026-06-02T23:52:44.904446+00:00,204345,WHATSAPP_NUDGE,0.8333333333333334,1,0.35036496350364965,0.08333333333333333,-0.11856033465997252,1.0,1.0,-0.03163576220431694,0.9994994640067357,0.9473684210526316,4.0,0.4190160498383978,349.4592234233034,0.0,0.0
evt_pay_006011_0,cust_042,pay_006011,2026-06-02T23:56:34.453617+00:00,234523,WHATSAPP_NUDGE,0.8333333333333334,0,0.42424242424242425,5.345433836216633,0.02626508732594454,0.0,1.0,-0.014947198127344892,0.9998882843938827,0.625,3.0,0.21388002896855346,359.9272061567155,0.0,0.0
evt_pay_002167_0,cust_043,pay_002167,2026-06-03T00:04:35.434104+00:00,119016,WHATSAPP_NUDGE,0.8333333333333334,0,0.24731182795698925,0.808723137689924,-0.49998861822443214,0.0,1.0,0.02002879390408274,0.9997994035879136,0.9393939393939394,9.0,-0.05414349663535748,348.6454434062893,0.0,0.0
evt_decoy_a_011,cust_019,pay_decoy_a_011,2026-06-03T00:08:39.802029+00:00,152474,RETRY_LATER,0.03333333333333333,0,0.39308176100628933,0.0,0.7830476239941477,0.0,1.0,0.03779206843867613,0.9992856246154682,0.9166666666666666,12.0,-0.5137657855739247,339.4152689720242,0.0,0.0
evt_decoy_a_010,cust_034,pay_decoy_a_010,2026-06-03T00:08:43.913109+00:00,57534,RETRY_LATER,0.03333333333333333,1,0.37542662116040953,0.0,0.18176384987497363,0.0,1.0,0.03809081938812933,0.9992742814054312,0.8518518518518519,9.0,-0.5369784473169031,347.11891890143556,0.0,0.0
evt_pay_004974_0,cust_022,pay_004974,2026-06-03T00:11:49.330617+00:00,109687,RETRY_LATER,0.8333333333333334,0,0.3602693602693603,0.18611268302383147,-0.06665456390529015,0.0,1.0,0.051561104504533474,0.998669841590439,0.9166666666666666,6.0,-0.6143468879245073,342.0145807513479,0.0,1.0
evt_pay_005242_0,cust_023,pay_005242,2026-06-03T00:17:36.736613+00:00,79645,RETRY_LATER,0.03333333333333333,1,0.3906810035842294,0.4549580027601223,-0.15186168838731884,0.0,1.0,0.07677243817588449,0.9970486411086121,0.6666666666666667,9.0,0.9385908116339667,357.2644957751067,1.0,0.0
evt_pay_002769_2,cust_037,pay_002769,2026-06-03T00:22:17.203515+00:00,158296,WHATSAPP_NUDGE,0.03333333333333333,0,0.3900414937759336,0.18889279884094398,-0.023038306151170727,2.0,1.0,0.0970909924133354,0.995275509189387,0.9,9.0,-0.33341852366871827,340.6453404168219,0.0,0.0
evt_pay_004155_0,cust_022,pay_004155,2026-06-03T00:22:49.566410+00:00,124080,WHATSAPP_NUDGE,0.8333333333333334,0,0.35906040268456374,0.007641617974854853,0.299502567809333,0.0,1.0,0.09943309843941389,0.9950442497370344,0.9230769230769231,6.0,-0.6143468879245073,342.0222223693227,0.0,0.0
evt_decoy_a_001,cust_046,pay_decoy_a_001,2026-06-03T00:27:08.179074+00:00,114435,WHATSAPP_NUDGE,0.8333333333333334,0,0.37857142857142856,0.0,0.21503940712202765,0.0,1.0,0.11812805277469512,0.9929983701636468,0.8461538461538461,7.0,-0.9687765812058661,357.0392134938126,0.0,0.0
evt_decoy_a_009,cust_003,pay_decoy_a_009,2026-06-03T00:27:14.813331+00:00,172682,WHATSAPP_NUDGE,0.8333333333333334,0,0.47601476014760147,0.0,-0.6170080506778051,0.0,1.0,0.11860711780580215,0.9929412629183061,0.9393939393939394,2.0,2.053947620637407,339.0495834060965,0.0,0.0
evt_decoy_a_003,cust_029,pay_decoy_a_003,2026-06-03T00:29:34.875625+00:00,44546,RETRY_NOW,0.03333333333333333,0,0.3657142857142857,0.0,-0.01240689014271401,0.0,1.0,0.12871451031357808,0.9916816902790612,0.9393939393939394,8.0,-0.8256115037842402,337.0338295110701,0.0,0.0
evt_pay_007057_0,cust_001,pay_007057,2026-06-03T00:31:39.680668+00:00,520873,RETRY_LATER,0.8333333333333334,0,0.29906542056074764,0.43140735382151735,-0.035097589945055026,0.0,1.0,0.13770966653802014,0.9904726385630183,0.8,5.0,0.16534712408787333,345.5750891582059,0.0,1.0
evt_decoy_a_000,cust_052,pay_decoy_a_000,2026-06-03T00:31:43.134319+00:00,147198,WHATSAPP_NUDGE,0.8333333333333334,0,0.4468864468864469,0.0,0.028140602484171495,0.0,1.0,0.1379584259544251,0.9904380206293463,0.6,3.0,-1.0656726581061444,362.89681943907743,0.0,0.0
evt_pay_007206_0,cust_014,pay_007206,2026-06-03T00:37:58.623939+00:00,80726,DO_NOTHING,0.03333333333333333,0,0.25,0.06366749157670408,0.5939652285953058,0.0,1.0,0.16494890748043414,0.9863021129050729,0.8461538461538461,9.0,-0.8122776257059364,357.7833957074506,1.0,0.0
evt_decoy_a_002,cust_047,pay_decoy_a_002,2026-06-03T00:46:01.736663+00:00,103283,WHATSAPP_NUDGE,0.8333333333333334,1,0.3933333333333333,0.0,-0.19996630490787437,0.0,1.0,0.19949169110586717,0.9798995178995249,0.8620689655172413,8.0,1.898235005697721,336.0481991824484,0.0,0.0
evt_pay_007802_1,cust_014,pay_007802,2026-06-03T01:03:40.263153+00:00,67123,WHATSAPP_NUDGE,0.8333333333333334,0,0.24918032786885247,0.017843046448812554,0.012393560555298952,1.0,1.0,0.27425736956519087,0.961656329069373,0.8518518518518519,9.0,-0.8122776257059364,357.80123875389944,0.0,0.0
evt_pay_004217_1,cust_021,pay_004217,2026-06-03T01:04:42.238453+00:00,201197,WHATSAPP_NUDGE,0.8333333333333334,0,0.29289940828402367,0.08333333333333333,-0.18403117385292417,1.0,1.0,0.2785887266255476,0.9604104962968469,0.6,11.0,-0.0711177391970671,349.4937796811284,0.0,1.0
evt_pay_004118_1,cust_014,pay_004118,2026-06-03T01:06:17.752667+00:00,66214,WHATSAPP_NUDGE,0.8333333333333334,0,0.24836601307189543,0.0018227953078167047,-0.026444184621170506,1.0,1.0,0.2852529539105714,0.9584522691742627,0.8571428571428572,10.0,-0.8122776257059364,357.80306154920726,0.0,0.0
evt_decoy_a_004,cust_006,pay_decoy_a_004,2026-06-03T01:07:20.963326+00:00,115800,RETRY_NOW,0.03333333333333333,0,0.3649425287356322,0.0,-0.3146934042561951,0.0,1.0,0.2896557464371383,0.957130894160221,0.8484848484848485,8.0,-0.3286363658753921,355.6951710534822,0.0,0.0
evt_pay_004447_0,cust_008,pay_004447,2026-06-03T01:07:45.078815+00:00,181744,RETRY_LATER,0.8333333333333334,0,0.3527272727272727,0.13541868482119904,-0.42146081222438325,0.0,1.0,0.29133384728352446,0.9566214452054586,0.9,5.0,0.4190160498383978,349.5113087747913,0.0,1.0
evt_decoy_a_006,cust_007,pay_decoy_a_006,2026-06-03T01:07:47.218093+00:00,248657,WHATSAPP_NUDGE,0.8333333333333334,0,0.3076923076923077,0.0,-0.5991798542730293,0.0,1.0,0.2914826679040729,0.9565761100464113,0.9047619047619048,7.0,-0.46533070623945577,362.14538086401143,0.0,0.0
evt_pay_007506_1,cust_032,pay_007506,2026-06-03T01:13:42.501549+00:00,378832,PAYMENT_LINK,0.03333333333333333,0,0.2686084142394822,0.08333333333333333,0.4764425196874144,1.0,1.0,0.31609763590329837,0.9487266648389018,0.9393939393939394,4.0,0.2905055503479753,358.51454233786944,1.0,0.0
evt_pay_007574_1,cust_038,pay_007574,2026-06-03T01:16:52.067932+00:00,42415,WHATSAPP_NUDGE,0.8333333333333334,0,0.5461847389558233,0.08333333333333333,-0.1385602970301722,1.0,1.0,0.32914600563388513,0.9442790408429377,0.8620689655172413,7.0,2.4957647172129915,361.0102875699818,0.0,0.0
evt_pay_007104_0,cust_021,pay_007104,2026-06-03T01:20:47.483007+00:00,226102,RETRY_LATER,0.8333333333333334,0,0.2920353982300885,0.011171811976642706,0.14685265131502245,0.0,1.0,0.3452629144574993,0.9385060041898046,0.6363636363636364,12.0,-0.0711177391970671,349.504951493105,0.0,1.0
evt_decoy_a_005,cust_022,pay_decoy_a_005,2026-06-03T01:30:53.801574+00:00,83379,WHATSAPP_NUDGE,0.8333333333333334,0,0.34662576687116564,0.0,-0.7359437365001356,0.0,1.0,0.3862952289740548,0.9223751926802252,0.9285714285714286,7.0,-0.6143468879245073,342.06949360964376,0.0,0.0
evt_pay_008383_2,cust_041,pay_008383,2026-06-03T01:42:49.237415+00:00,258593,ESCALATE_HUMAN,0.8333333333333334,0,0.4175824175824176,0.9166666666666666,-0.04939039926271766,2.0,1.0,0.43374016834791024,0.901037993850163,0.9375,3.0,0.3693318557794774,362.3612362776393,0.0,1.0
evt_pay_003031_2,cust_055,pay_003031,2026-06-03T01:43:39.228155+00:00,322546,ESCALATE_HUMAN,0.8333333333333334,0,0.321875,0.3596938932146638,0.09322596476643132,2.0,1.0,0.4370129547427319,0.8994552114402512,0.9375,12.0,-1.0480965437343166,360.0209955489941,0.0,1.0
evt_decoy_a_007,cust_000,pay_decoy_a_007,2026-06-03T01:44:11.501114+00:00,110901,WHATSAPP_NUDGE,0.8333333333333334,0,0.3644859813084112,0.0,-0.36813438120512,0.0,1.0,0.4391227308667576,0.8984270850971274,0.6666666666666667,5.0,0.8132490481077264,352.7275638778183,0.0,0.0
evt_decoy_a_008,cust_016,pay_decoy_a_008,2026-06-03T01:48:47.246058+00:00,130708,WHATSAPP_NUDGE,0.8333333333333334,0,0.2845303867403315,0.0,0.35141092379523486,0.0,1.0,0.45704916128677886,0.889441433803852,0.9047619047619048,3.0,-0.5381138706705891,355.85519207566745,0.0,0.0
evt_pay_006011_1,cust_042,pay_006011,2026-06-03T01:56:34.453617+00:00,225210,WHATSAPP_NUDGE,0.8333333333333334,0,0.4228187919463087,0.08333333333333333,-0.08823707027396614,1.0,1.0,0.4869994889032618,0.873402254295214,0.6666666666666667,4.0,0.21388002896855346,360.0105394900488,1.0,0.0
evt_pay_002167_1,cust_043,pay_002167,2026-06-03T02:04:35.434104+00:00,180835,RETRY_LATER,0.03333333333333333,0,0.24642857142857144,0.08333333333333333,0.724350918899643,1.0,1.0,0.5172451461220553,0.8558372852436225,0.9375,10.0,-0.05414349663535748,348.7287767396226,1.0,0.0
evt_pay_003127_0,cust_037,pay_003127,2026-06-03T02:04:47.790334+00:00,140979,WHATSAPP_NUDGE,0.8333333333333334,0,0.3884297520661157,0.07118734744191595,-0.3330847425854692,0.0,1.0,0.5180139672906392,0.855372158590524,0.9047619047619048,10.0,-0.33341852366871827,340.71652776426384,0.0,0.0
evt_pay_004974_1,cust_022,pay_004974,2026-06-03T02:11:49.330617+00:00,105507,WHATSAPP_NUDGE,0.8333333333333334,0,0.35785953177257523,0.07569171535847848,-0.17299224543496877,1.0,1.0,0.5439881471433298,0.8390929005584346,1.0,7.0,-0.6143468879245073,342.09791408468124,0.0,0.0
evt_pay_004155_1,cust_022,pay_004155,2026-06-03T02:22:49.566410+00:00,118512,WHATSAPP_NUDGE,0.8333333333333334,0,0.3566666666666667,0.007641617974854853,0.15785390872168192,1.0,1.0,0.5836337140940484,0.8120170489421922,1.0,8.0,-0.6143468879245073,342.1055557026561,1.0,0.0
evt_pay_000691_0,cust_028,pay_000691,2026-06-03T02:31:12.580510+00:00,264557,RETRY_LATER,0.8333333333333334,0,0.41434262948207173,1.9713340705388116,0.4475234342765312,0.0,1.0,0.6129404101748328,0.7901291372773869,0.9393939393939394,3.0,0.3910481863531735,334.43228327342075,0.0,1.0
evt_pay_001911_0,cust_014,pay_001911,2026-06-03T02:32:38.261497+00:00,87703,RETRY_LATER,0.8333333333333334,0,0.247557003257329,0.05995959293765433,0.8922129553605008,0.0,1.0,0.6178516933842885,0.7862946553183273,0.8666666666666667,11.0,-0.8122776257059364,357.8630211421449,0.0,1.0
evt_pay_002865_0,cust_012,pay_002865,2026-06-03T02:35:02.905448+00:00,415005,RETRY_LATER,0.8333333333333334,1,0.594017094017094,2.5127195226951735,-0.6678174496852243,0.0,1.0,0.6260882400988498,0.7797522142385522,0.6923076923076923,2.0,-0.5006574979571285,343.3137594521291,0.0,1.0
evt_pay_006996_2,cust_043,pay_006996,2026-06-03T02:40:01.755007+00:00,152014,ESCALATE_HUMAN,0.8333333333333334,0,0.24555160142348753,0.024610195643409345,0.15354688993271842,2.0,1.0,0.642885372957093,0.7659623993629319,0.9393939393939394,10.0,-0.05414349663535748,348.753386935266,0.0,0.0
evt_pay_005274_0,cust_025,pay_005274,2026-06-03T02:50:30.538988+00:00,190964,DO_NOTHING,0.03333333333333333,0,0.47794117647058826,1.5392841048071848,-0.3332039023941354,0.0,1.0,0.6772259283888707,0.7357751299940982,0.896551724137931,4.0,0.10753773716001852,339.80222118744814,1.0,0.0
evt_pay_004447_1,cust_008,pay_004447,2026-06-03T03:07:45.078815+00:00,208741,WHATSAPP_NUDGE,0.8333333333333334,0,0.35144927536231885,0.08333333333333333,-0.059648657211549376,1.0,1.0,0.7306132353325175,0.6827915497111482,0.9047619047619048,5.0,0.4190160498383978,349.5946421081246,0.0,0.0
evt_pay_006489_0,cust_028,pay_006489,2026-06-03T03:08:54.199268+00:00,243217,PAYMENT_LINK,0.03333333333333333,1,0.4126984126984127,0.02617614303441466,0.180954208027305,0.0,1.0,0.7340360980222399,0.6791104525776971,0.9393939393939394,3.0,0.3910481863531735,334.4584594164551,0.0,0.0
evt_pay_007104_1,cust_021,pay_007104,2026-06-03T03:20:47.483007+00:00,201481,WHATSAPP_NUDGE,0.8333333333333334,0,0.2911764705882353,0.08333333333333333,-0.18025664377958808,1.0,1.0,0.7682594569997502,0.640138584003846,0.6153846153846154,12.0,-0.0711177391970671,349.5882848264384,0.0,1.0
evt_pay_003127_1,cust_037,pay_003127,2026-06-03T04:04:47.790334+00:00,144636,DO_NOTHING,0.03333333333333333,0,0.3868312757201646,0.08333333333333333,-0.26760976971432787,1.0,1.0,0.8762993344841169,0.4817670353840058,0.9090909090909091,11.0,-0.33341852366871827,340.79986109759716,1.0,0.0
evt_pay_000691_1,cust_028,pay_000691,2026-06-03T04:31:12.580510+00:00,220801,WHATSAPP_NUDGE,0.8333333333333334,0,0.4150197628458498,0.08333333333333333,-0.09904882968802436,1.0,1.0,0.9258865348561525,0.3778017000650828,0.9032258064516129,4.0,0.3910481863531735,334.51561660675407,0.0,0.0
evt_pay_001911_1,cust_014,pay_001911,2026-06-03T04:32:38.261497+00:00,70061,WHATSAPP_NUDGE,0.8333333333333334,0,0.24675324675324675,0.08333333333333333,0.13801436792048055,1.0,1.0,0.9282225899011912,0.3720252996734562,0.896551724137931,11.0,-0.8122776257059364,357.94635447547824,0.0,1.0
evt_pay_001569_0,cust_031,pay_001569,2026-06-03T05:40:54.398287+00:00,68700,WHATSAPP_NUDGE,0.8333333333333334,0,0.3023255813953488,1.7856257359910803,0.7926655891001564,0.0,1.0,0.9965316863886295,0.08321416960730924,0.7777777777777778,4.0,-0.07508066613848166,356.5722344362155,0.0,0.0
evt_pay_004027_2,cust_006,pay_004027,2026-06-03T05:46:10.919148+00:00,141219,ESCALATE_HUMAN,0.8333333333333334,1,0.38387096774193546,0.9166666666666666,0.24338386804276976,2.0,1.0,0.9981829601149963,0.06025593859582418,0.896551724137931,8.0,-0.3286363658753921,355.88880480142853,0.0,1.0
evt_pay_008034_2,cust_055,pay_008034,2026-06-03T06:21:42.974284+00:00,342471,ESCALATE_HUMAN,0.8333333333333334,0,0.32087227414330216,0.193098913538563,0.2754827776341914,2.0,1.0,0.9955141063015042,-0.0946132345642906,0.9032258064516129,10.0,-1.0480965437343166,360.2140944625327,0.0,1.0
evt_pay_005329_0,cust_021,pay_005329,2026-06-03T06:46:32.181583+00:00,183979,WHATSAPP_NUDGE,0.8333333333333334,0,0.2903225806451613,0.14287845573450872,-0.41279068281057063,0.0,1.0,0.9794554385773045,-0.20166071467030966,0.6923076923076923,13.0,-0.0711177391970671,349.7311632821729,0.0,0.0
evt_pay_006866_2,cust_013,pay_006866,2026-06-03T06:54:10.515139+00:00,163298,ESCALATE_HUMAN,0.8333333333333334,0,0.264026402640264,0.9166666666666666,-0.1435091511428958,2.0,1.0,0.9721911245460949,-0.2341888497640298,0.8,7.0,-0.5595801808996762,334.88989222209193,0.0,0.0
evt_pay_002633_2,cust_011,pay_002633,2026-06-03T07:09:58.210259+00:00,68088,ESCALATE_HUMAN,0.8333333333333334,0,0.5138339920948617,0.7401299388433245,0.4247074226074196,2.0,1.0,0.9537560806204531,-0.3005816672378935,0.9047619047619048,4.0,-0.306212897974724,338.0179589042472,0.0,1.0
evt_pay_007286_2,cust_015,pay_007286,2026-06-03T07:29:10.998506+00:00,151269,ESCALATE_HUMAN,0.8333333333333334,0,0.4109090909090909,0.7685501668909941,0.8078901229419521,2.0,1.0,0.9252373519841189,-0.37938877486480216,0.8846153846153846,7.0,1.245182551392603,350.72807621567284,0.0,1.0
evt_pay_001569_1,cust_031,pay_001569,2026-06-03T07:40:54.398287+00:00,57556,WHATSAPP_NUDGE,0.8333333333333334,0,0.30132450331125826,0.08333333333333333,0.2006442905210448,1.0,1.0,0.9046288408923551,-0.4262002583595581,0.8,5.0,-0.07508066613848166,356.6555677695489,1.0,0.0
evt_pay_001727_2,cust_029,pay_001727,2026-06-03T07:56:06.521404+00:00,44905,PAYMENT_LINK,0.03333333333333333,0,0.38782051282051283,0.4079463932071121,0.010522979225281557,2.0,1.0,0.8743896878852837,-0.48522435400531594,0.9032258064516129,8.0,-0.8256115037842402,337.3439180038827,1.0,0.0
evt_pay_005957_0,cust_014,pay_005957,2026-06-03T08:03:46.682588+00:00,83872,WHATSAPP_NUDGE,0.8333333333333334,0,0.2459546925566343,0.1466252441092782,0.7284484279745735,0.0,1.0,0.857665697324002,-0.5142076930907717,0.88,12.0,-0.8122776257059364,358.0929797195875,0.0,0.0
evt_pay_007317_0,cust_012,pay_007317,2026-06-03T08:10:39.143158+00:00,507388,RETRY_NOW,0.8333333333333334,1,0.5957446808510638,2.7457778295273747,-0.18045395086048863,0.0,1.0,0.8418585695290893,-0.5396982016927937,0.7142857142857143,1.0,-0.5006574979571285,343.54681775896125,1.0,0.0
evt_pay_001820_0,cust_028,pay_001820,2026-06-03T08:31:22.573036+00:00,233117,RETRY_NOW,0.8333333333333334,0,0.41338582677165353,0.1667823209028446,0.054796715241725524,0.0,1.0,0.7896835190021226,-0.6135144169589042,0.9,5.0,0.3910481863531735,334.68239892765695,1.0,0.0
evt_pay_005329_1,cust_021,pay_005329,2026-06-03T08:46:32.181583+00:00,156015,WHATSAPP_NUDGE,0.8333333333333334,0,0.2894736842105263,0.08333333333333333,-0.7843194087251475,1.0,1.0,0.7474029343476198,-0.6643710211384655,0.7142857142857143,14.0,-0.0711177391970671,349.8144966155062,0.0,1.0
evt_pay_003925_0,cust_029,pay_003925,2026-06-03T09:21:08.912016+00:00,33716,WHATSAPP_NUDGE,0.03333333333333333,1,0.3865814696485623,0.05905544689647968,-0.704054131982931,0.0,1.0,0.6389405812666115,-0.7692560910455534,0.9,9.0,-0.8256115037842402,337.40297345077926,0.0,1.0
evt_pay_001253_0,cust_027,pay_001253,2026-06-03T09:39:13.010244+00:00,84903,RETRY_NOW,0.8333333333333334,0,0.3079710144927536,0.43795465684254015,0.189559715079632,0.0,1.0,0.5763722814405552,-0.8171872448753771,0.8709677419354839,4.0,-0.8172299270627982,336.5441474302552,1.0,0.0
evt_pay_008027_0,cust_057,pay_008027,2026-06-03T09:40:03.950590+00:00,87585,RETRY_LATER,0.8333333333333334,0,0.3373493975903614,2.1709438233352976,0.19946959140732773,0.0,1.0,0.5733410743673741,-0.8193167961437536,0.8888888888888888,3.0,-0.5990323654313375,354.6675870084855,0.0,1.0
evt_pay_002681_0,cust_008,pay_002681,2026-06-03T09:59:08.532324+00:00,174286,RETRY_NOW,0.8333333333333334,0,0.35018050541516244,0.2856881193124347,-0.5214060785122371,0.0,1.0,0.5032378804647663,-0.8641479246433041,0.8888888888888888,6.0,0.4190160498383978,349.880330227437,1.0,0.0
evt_pay_005957_1,cust_014,pay_005957,2026-06-03T10:03:46.682588+00:00,54885,WHATSAPP_NUDGE,0.8333333333333334,0,0.24516129032258063,0.08333333333333333,-0.5107893591447402,1.0,1.0,0.4856564352916949,-0.8741497737000015,0.8695652173913043,13.0,-0.8122776257059364,358.1763130529209,0.0,1.0
evt_pay_008477_0,cust_035,pay_008477,2026-06-03T10:32:25.405573+00:00,46946,RETRY_LATER,0.8333333333333334,0,0.29073482428115016,1.9717780774758087,0.20232973206095875,0.0,1.0,0.3728929407903812,-0.9278743744218294,1.0,6.0,0.5026080740568922,337.3749168528502,0.0,1.0
evt_pay_008335_2,cust_005,pay_008335,2026-06-03T10:36:20.481949+00:00,133355,ESCALATE_HUMAN,0.8333333333333334,0,0.27424749163879597,0.5970669478897245,0.05365862504966707,2.0,1.0,0.3569769944413499,-0.9341131759265686,0.8709677419354839,9.0,-0.6412832630166057,354.1190216831447,0.0,0.0
evt_pay_002437_0,cust_022,pay_002437,2026-06-03T10:54:04.458500+00:00,127122,RETRY_NOW,0.8333333333333334,0,0.3554817275747508,0.35503347326141466,0.37690598743066217,0.0,1.0,0.28370445043318965,-0.9589117711262084,1.0,9.0,-0.6143468879245073,342.4605891759175,1.0,0.0
evt_pay_002120_0,cust_006,pay_002120,2026-06-03T10:55:26.353084+00:00,140172,RETRY_NOW,0.03333333333333333,0,0.3858520900321543,1.1314286335175439,0.22040374418920933,0.0,1.0,0.27798861339691167,-0.9605843694447992,0.875,8.0,-0.3286363658753921,356.1035667682795,0.0,0.0
evt_pay_000647_2,cust_023,pay_000647,2026-06-03T11:08:15.816756+00:00,74624,ESCALATE_HUMAN,0.8333333333333334,1,0.39285714285714285,0.9067992081140611,-0.32242999564308283,2.0,1.0,0.2238301590728452,-0.9746281649374928,0.7333333333333334,9.0,0.9385908116339667,357.71633698046065,0.0,0.0
evt_pay_002896_0,cust_052,pay_002896,2026-06-03T11:32:49.779611+00:00,144659,RETRY_NOW,0.8333333333333334,0,0.47619047619047616,4.621065194687276,-0.02163353288842422,0.0,1.0,0.11827546073087118,-0.9929808232734911,0.6666666666666667,3.0,-1.0656726581061444,363.35592412995396,1.0,0.0
evt_pay_008544_0,cust_007,pay_008544,2026-06-03T11:38:13.596522+00:00,418537,RETRY_LATER,0.8333333333333334,0,0.3508771929824561,1.2994089082156393,0.9434325927223505,0.0,1.0,0.09486149096828733,-0.9954904808843094,0.8823529411764706,7.0,-0.46533070623945577,362.5831861699002,0.0,1.0
evt_pay_001253_1,cust_027,pay_001253,2026-06-03T11:39:13.010244+00:00,71705,WHATSAPP_NUDGE,0.8333333333333334,0,0.30685920577617326,0.08333333333333333,-0.284058575254036,1.0,1.0,0.09055941532702656,-0.9958910544309689,0.8620689655172413,4.0,-0.8172299270627982,336.6274807635885,0.0,0.0
evt_pay_008404_0,cust_040,pay_008404,2026-06-03T11:46:34.709019+00:00,240226,WHATSAPP_NUDGE,0.8333333333333334,1,0.4734848484848485,1.910350734922967,0.29947722810388344,0.0,1.0,0.05852894461582289,-0.9982857119292843,0.8620689655172413,2.0,-0.492492512121923,352.6199236145839,0.0,0.0
evt_pay_003122_0,cust_044,pay_003122,2026-06-03T11:51:51.105047+00:00,277646,WHATSAPP_NUDGE,0.8333333333333334,0,0.39655172413793105,1.640250625489898,0.6381106841242075,0.0,1.0,0.03554595454165385,-0.9993680428729561,0.8888888888888888,7.0,-0.8459251821363672,354.3382661110015,0.0,0.0
evt_pay_002681_1,cust_008,pay_002681,2026-06-03T11:59:08.532324+00:00,202190,WHATSAPP_NUDGE,0.8333333333333334,0,0.3489208633093525,0.08333333333333333,-0.14745098953903912,1.0,1.0,0.00374282630747197,-0.9999929956010852,0.8947368421052632,6.0,0.4190160498383978,349.9636635607703,1.0,0.0
evt_pay_007852_0,cust_004,pay_007852,2026-06-03T11:59:33.505278+00:00,448369,RETRY_LATER,0.8333333333333334,0,0.4808510638297872,0.7770808233329186,0.18297684858105784,0.0,1.0,0.0019267493652364892,-0.999998143816719,0.9,3.0,-0.2585165281110097,359.6636472681743,0.0,1.0
evt_pay_006197_2,cust_001,pay_006197,2026-06-03T12:10:26.085298+00:00,570740,WHATSAPP_NUDGE,0.03333333333333333,0,0.2981366459627329,0.4852593128451493,0.23507646359736278,2.0,1.0,-0.045514478622536804,-0.9989636791373941,0.9090909090909091,5.0,0.16534712408787333,346.0603484710511,0.0,1.0
evt_pay_002940_0,cust_057,pay_002940,2026-06-03T12:19:41.559473+00:00,89601,WHATSAPP_NUDGE,0.8333333333333334,0,0.336,0.11085195465691793,0.2698182866269837,0.0,1.0,-0.0858197348248794,-0.9963106810200257,0.9090909090909091,3.0,-0.5990323654313375,354.77843896314243,0.0,0.0
evt_pay_004730_0,cust_052,pay_004730,2026-06-03T12:25:24.792001+00:00,133385,RETRY_LATER,0.8333333333333334,0,0.47413793103448276,0.03651634710221666,-0.24260916035810265,0.0,1.0,-0.11065890613194532,-0.9938584438911214,0.6875,3.0,-1.0656726581061444,363.39244047705614,0.0,1.0
evt_pay_008477_1,cust_035,pay_008477,2026-06-03T12:32:25.405573+00:00,47938,WHATSAPP_NUDGE,0.8333333333333334,0,0.2898089171974522,0.08333333333333333,0.26699124624754617,1.0,1.0,-0.1410024275945579,-0.9900092501650889,1.0,6.0,0.5026080740568922,337.45825018618353,1.0,0.0
evt_pay_007097_2,cust_030,pay_007097,2026-06-03T12:47:15.783204+00:00,146883,RETRY_LATER,0.03333333333333333,1,0.3662420382165605,0.9166666666666666,-0.43051790306620497,2.0,1.0,-0.20476535243204633,-0.9788110902740017,0.9,5.0,1.7722569671050512,334.4770161381534,0.0,0.0
evt_pay_005453_0,cust_000,pay_005453,2026-06-03T12:52:10.572358+00:00,131984,DO_NOTHING,0.03333333333333333,0,0.35563380281690143,1.409445410053138,0.10502233600743677,0.0,1.0,-0.22570012593201416,-0.9741968246480138,0.7058823529411764,4.0,0.8132490481077264,353.1914420172175,0.0,0.0
evt_pay_002437_1,cust_022,pay_002437,2026-06-03T12:54:04.458500+00:00,106072,WHATSAPP_NUDGE,0.8333333333333334,0,0.3543046357615894,0.08333333333333333,-0.15861069435423186,1.0,1.0,-0.2337606243212591,-0.9722941789998206,1.0,9.0,-0.6143468879245073,342.5439225092509,0.0,0.0
evt_pay_002120_1,cust_006,pay_002120,2026-06-03T12:55:26.353084+00:00,140375,WHATSAPP_NUDGE,0.8333333333333334,0,0.38461538461538464,0.08333333333333333,0.2248689750516902,1.0,1.0,-0.23954698355786275,-0.9708847731159085,0.88,8.0,-0.3286363658753921,356.1869001016128,0.0,0.0
evt_pay_008544_1,cust_007,pay_008544,2026-06-03T13:38:13.596522+00:00,398382,PAYMENT_LINK,0.03333333333333333,0,0.34934497816593885,0.08333333333333333,0.7604087862889146,1.0,1.0,-0.41559277942275,-0.9095507911555426,0.8421052631578947,7.0,-0.46533070623945577,362.66651950323353,1.0,0.0
evt_pay_007852_1,cust_004,pay_007852,2026-06-03T13:59:33.505278+00:00,446743,WHATSAPP_NUDGE,0.8333333333333334,1,0.4788135593220339,0.08333333333333333,0.17195124064641198,1.0,1.0,-0.4983304580113391,-0.8669871709651816,0.9166666666666666,3.0,-0.2585165281110097,359.74698060150763,0.0,0.0
evt_pay_002940_1,cust_057,pay_002940,2026-06-03T14:19:41.559473+00:00,87255,WHATSAPP_NUDGE,0.8333333333333334,0,0.3346613545816733,0.08333333333333333,0.18795291241980314,1.0,1.0,-0.5724774110144027,-0.819920492412677,0.8333333333333334,4.0,-0.5990323654313375,354.86177229647575,1.0,0.0
evt_pay_004730_1,cust_052,pay_004730,2026-06-03T14:25:24.792001+00:00,155184,WHATSAPP_NUDGE,0.8333333333333334,0,0.4721030042918455,0.08333333333333333,0.1846739252894805,1.0,1.0,-0.5927626458108228,-0.8053772071094097,0.6875,3.0,-1.0656726581061444,363.47577381038946,1.0,0.0
evt_pay_006389_0,cust_005,pay_006389,2026-06-03T14:49:15.864847+00:00,125447,RETRY_NOW,0.8333333333333334,0,0.2733333333333333,0.1756410057654989,-0.11895734795028713,0.0,1.0,-0.6732203673314215,-0.7394419091518588,0.8275862068965517,9.0,-0.6412832630166057,354.2946626889102,1.0,0.0
evt_pay_004612_0,cust_000,pay_004612,2026-06-03T14:51:48.816163+00:00,117759,WHATSAPP_NUDGE,0.8333333333333334,1,0.3543859649122807,0.08308152552111399,-0.21421478152582765,0.0,1.0,-0.6814033161258074,-0.7319081368401044,0.7058823529411764,4.0,0.8132490481077264,353.2745235427387,0.0,0.0
evt_pay_007091_0,cust_012,pay_007091,2026-06-03T15:03:59.563291+00:00,517061,RETRY_LATER,0.8333333333333334,0,0.597457627118644,3.0328197292107006,-0.12942797741488207,0.0,1.0,-0.719317738739056,-0.6946812151881834,0.6666666666666667,1.0,-0.5006574979571285,343.8338596586446,0.0,1.0
evt_pay_005186_2,cust_055,pay_005186,2026-06-03T15:05:41.675781+00:00,329777,ESCALATE_HUMAN,0.8333333333333334,0,0.3198757763975155,0.3638738599134399,0.15936988154156786,2.0,1.0,-0.724456443267641,-0.6893205798523638,0.8333333333333334,10.0,-1.0480965437343166,360.5779683224461,1.0,0.0
evt_pay_007975_0,cust_015,pay_007975,2026-06-03T15:16:07.371152+00:00,123869,RETRY_NOW,0.8333333333333334,0,0.40942028985507245,0.3242635722863649,0.1440320885623963,0.0,1.0,-0.7550611491213237,-0.655654376243754,0.875,7.0,1.245182551392603,351.0523397879592,1.0,0.0
evt_pay_007886_0,cust_043,pay_007886,2026-06-03T15:39:48.603413+00:00,150643,RETRY_LATER,0.8333333333333334,0,0.24468085106382978,0.5415144491393752,0.1263841714406634,0.0,1.0,-0.8186763924927243,-0.5742551387450519,0.8333333333333334,9.0,-0.05414349663535748,349.2949013844054,0.0,1.0
evt_pay_007154_0,cust_036,pay_007154,2026-06-03T16:02:27.322805+00:00,318084,RETRY_NOW,0.8333333333333334,0,0.4355400696864111,0.9022738583023321,-0.17661282383584154,0.0,1.0,-0.8713324082434468,-0.4906932181563908,1.0,5.0,-0.5882553306323993,345.109754473541,1.0,0.0
evt_pay_000210_0,cust_031,pay_000210,2026-06-03T16:17:24.458743+00:00,68065,RETRY_LATER,0.8333333333333334,0,0.30033003300330036,0.3586812552853568,0.7589504244234052,0.0,1.0,-0.9014695575702342,-0.43284250804897423,0.8461538461538461,6.0,-0.07508066613848166,357.0142490248342,0.0,1.0
evt_pay_007522_2,cust_036,pay_007522,2026-06-03T16:23:10.861447+00:00,327509,ESCALATE_HUMAN,0.8333333333333334,0,0.4340277777777778,0.014392808364334542,-0.09718678468799713,2.0,1.0,-0.9120861722855217,-0.40999855405299385,1.0,5.0,-0.5882553306323993,345.1241472819053,0.0,1.0
evt_pay_002778_0,cust_000,pay_002778,2026-06-03T16:34:15.676943+00:00,100529,RETRY_NOW,0.8333333333333334,1,0.35664335664335667,0.1542257475100731,-0.6009348497849252,0.0,1.0,-0.9308347964288202,-0.36544025743932057,0.6842105263157895,5.0,0.8132490481077264,353.3456677647276,1.0,0.0
evt_pay_006389_1,cust_005,pay_006389,2026-06-03T16:49:15.864847+00:00,130640,WHATSAPP_NUDGE,0.8333333333333334,0,0.2724252491694352,0.08333333333333333,-0.005600869503329101,1.0,1.0,-0.9527468950300318,-0.3037652942826642,0.8333333333333334,9.0,-0.6412832630166057,354.3779960222435,0.0,0.0
evt_pay_007975_1,cust_015,pay_007975,2026-06-03T17:16:07.371152+00:00,164021,WHATSAPP_NUDGE,0.8333333333333334,0,0.40794223826714804,0.08333333333333333,1.1168574078844427,1.0,1.0,-0.9817293246716136,-0.1902827713688696,0.9166666666666666,7.0,1.245182551392603,351.13567312129254,0.0,1.0
evt_pay_007886_1,cust_043,pay_007886,2026-06-03T17:39:48.603413+00:00,107255,WHATSAPP_NUDGE,0.8333333333333334,0,0.24381625441696114,0.08333333333333333,-0.7329197477511932,1.0,1.0,-0.9961221227498251,-0.08798134216060999,0.8333333333333334,9.0,-0.05414349663535748,349.37823471773874,1.0,0.0
evt_pay_000284_2,cust_022,pay_000284,2026-06-03T17:43:49.194804+00:00,84855,ESCALATE_HUMAN,0.8333333333333334,0,0.35313531353135313,0.20121222573989903,-0.6983885384778011,2.0,1.0,-0.9975089293309034,-0.07054031404179274,1.0,10.0,-0.6143468879245073,342.7451347349907,0.0,0.0
evt_pay_007219_0,cust_056,pay_007219,2026-06-03T17:45:31.967700+00:00,163884,WHATSAPP_NUDGE,0.03333333333333333,0,0.26755852842809363,0.9400512230386084,0.0814428693995518,0.0,1.0,-0.9980082730091738,-0.06308317529457688,0.9166666666666666,9.0,-0.26273729270347856,345.69539999840396,0.0,1.0
evt_pay_001925_2,cust_037,pay_001925,2026-06-03T17:50:16.865695+00:00,171001,ESCALATE_HUMAN,0.8333333333333334,0,0.38524590163934425,0.5732531870504735,0.20442656759157637,2.0,1.0,-0.9991009696499392,-0.04239401425379803,0.8823529411764706,11.0,-0.33341852366871827,341.37311428464767,0.0,1.0
evt_pay_007154_1,cust_036,pay_007154,2026-06-03T18:02:27.322805+00:00,320126,RETRY_NOW,0.03333333333333333,0,0.43252595155709345,0.06894052496899879,-0.15940386638694926,1.0,1.0,-0.9999426097576938,0.010713411733548802,1.0,5.0,-0.5882553306323993,345.1930878068743,0.0,0.0
evt_pay_001240_2,cust_005,pay_001240,2026-06-03T18:16:33.897651+00:00,158480,ESCALATE_HUMAN,0.8333333333333334,0,0.271523178807947,0.060625379678109916,0.6020730831805094,2.0,1.0,-0.9973890623079951,0.07221536116629379,0.8333333333333334,10.0,-0.6412832630166057,354.4386214019217,0.0,0.0
evt_pay_000210_1,cust_031,pay_000210,2026-06-03T18:17:24.458743+00:00,73692,WHATSAPP_NUDGE,0.8333333333333334,1,0.2993421052631579,0.08333333333333333,1.0578763968977902,1.0,1.0,-0.9971167916186284,0.07588217097693441,0.8461538461538461,6.0,-0.07508066613848166,357.09758235816753,0.0,0.0
evt_pay_004700_0,cust_059,pay_004700,2026-06-03T18:27:35.564199+00:00,198399,RETRY_LATER,0.8333333333333334,0,0.37349397590361444,3.172633992592504,0.5705658825441369,0.0,1.0,-0.9927611488500797,0.12010537595740611,0.65,4.0,-0.38878117849020055,346.3897535823126,0.0,1.0
evt_pay_005246_0,cust_027,pay_005246,2026-06-03T18:33:10.752556+00:00,70552,WHATSAPP_NUDGE,0.8333333333333334,0,0.3057553956834532,0.2874738693619558,-0.325451043388808,0.0,1.0,-0.9895388805088284,0.14426643393851024,0.8333333333333334,5.0,-0.8172299270627982,336.91495463295047,0.0,0.0
evt_pay_007610_0,cust_000,pay_007610,2026-06-03T18:42:32.240419+00:00,119564,WHATSAPP_NUDGE,0.8333333333333334,0,0.3588850174216028,0.2433063432993663,-0.17371232956329563,0.0,1.0,-0.9828249379454187,0.18454035155646567,0.6666666666666667,5.0,0.8132490481077264,353.43474836051683,0.0,0.0
evt_pay_007922_0,cust_049,pay_007922,2026-06-03T18:43:04.649255+00:00,324443,RETRY_LATER,0.8333333333333334,0,0.3442028985507246,2.0323936985862665,-0.09206942580071177,0.0,1.0,-0.9823872771646561,0.18685619514753352,0.8387096774193549,7.0,0.2100296838614713,336.6608297782854,0.0,1.0
evt_pay_005048_0,cust_028,pay_005048,2026-06-03T19:09:44.479479+00:00,235213,RETRY_NOW,0.8333333333333334,1,0.4117647058823529,0.44330910235362353,0.08097294123689223,0.0,1.0,-0.9540557450587274,0.29962916300059417,0.84375,5.0,0.3910481863531735,335.12570803001057,1.0,0.0
evt_pay_001773_0,cust_056,pay_001773,2026-06-03T19:11:38.456827+00:00,167802,RETRY_LATER,0.8333333333333334,0,0.26666666666666666,0.05979732784896896,0.15168749831817857,0.0,1.0,-0.9515394746786192,0.30752662994989133,0.92,10.0,-0.26273729270347856,345.7551973262529,0.0,1.0
evt_pay_007219_1,cust_056,pay_007219,2026-06-03T19:45:31.967700+00:00,163426,WHATSAPP_NUDGE,0.8333333333333334,0,0.26578073089701,0.02353600548436437,0.07323241237888806,1.0,1.0,-0.8958421052602684,0.4443725041480967,0.9166666666666666,10.0,-0.26273729270347856,345.7787333317373,0.0,0.0
evt_pay_002939_0,cust_031,pay_002939,2026-06-03T20:08:10.161010+00:00,41425,ESCALATE_HUMAN,0.03333333333333333,0,0.3016393442622951,0.16025118363982452,-0.6563434960010938,0.0,1.0,-0.8476562916949899,0.530545767252834,0.8461538461538461,7.0,-0.07508066613848166,357.174500208474,0.0,0.0
evt_pay_008451_2,cust_045,pay_008451,2026-06-03T20:11:06.297483+00:00,85461,ESCALATE_HUMAN,0.8333333333333334,0,0.24290220820189273,0.9065651694322318,-0.060245997916310294,2.0,1.0,-0.8407911769306612,0.5413595817897321,0.92,9.0,1.000889969158722,337.67755648943273,0.0,0.0
evt_pay_005170_0,cust_056,pay_005170,2026-06-03T20:22:56.173081+00:00,174240,RETRY_NOW,0.8333333333333334,0,0.26490066225165565,0.025974599318715264,0.26713181235552247,0.0,1.0,-0.8117365480151006,0.584023780865581,0.92,11.0,-0.26273729270347856,345.80470793105604,1.0,0.0
evt_pay_004700_1,cust_059,pay_004700,2026-06-03T20:27:35.564199+00:00,175201,WHATSAPP_NUDGE,0.8333333333333334,0,0.372,0.08333333333333333,0.169774980432979,1.0,1.0,-0.7997036868156903,0.6003948811352345,0.6818181818181819,4.0,-0.38878117849020055,346.473086915646,0.0,1.0
evt_pay_005246_1,cust_027,pay_005246,2026-06-03T20:33:10.752556+00:00,84123,WHATSAPP_NUDGE,0.8333333333333334,0,0.3046594982078853,0.08333333333333333,0.1615366660084138,1.0,1.0,-0.7848325915838043,0.6197078369585538,0.8387096774193549,6.0,-0.8172299270627982,336.99828796628384,0.0,0.0
evt_pay_005187_2,cust_027,pay_005187,2026-06-03T21:08:33.727892+00:00,73611,ESCALATE_HUMAN,0.8333333333333334,1,0.30357142857142855,0.024571473795504062,-0.2156629862100234,2.0,1.0,-0.6802024741587968,0.7330242793715986,0.84375,7.0,-0.8172299270627982,337.02285944007934,1.0,0.0
evt_pay_001773_1,cust_056,pay_001773,2026-06-03T21:11:38.456827+00:00,165220,WHATSAPP_NUDGE,0.8333333333333334,0,0.264026402640264,0.0338227285302537,0.10539128396884673,1.0,1.0,-0.6702940428004379,0.7420956112161321,0.96,11.0,-0.26273729270347856,345.83853065958624,1.0,0.0
evt_pay_004413_0,cust_012,pay_004413,2026-06-03T21:32:00.038773+00:00,485511,RETRY_NOW,0.8333333333333334,0,0.5949367088607594,0.2694499477152779,-0.29586803081535906,0.0,1.0,-0.6018127712589261,0.7986372069654979,0.7272727272727273,0.0,-0.5006574979571285,344.1033096063599,1.0,0.0
evt_pay_005755_0,cust_059,pay_005755,2026-06-03T21:54:01.880795+00:00,194486,WHATSAPP_NUDGE,0.8333333333333334,0,0.3705179282868526,0.06002681246112237,0.5029585414409896,0.0,1.0,-0.5223819397079212,0.8527116212806002,0.7391304347826086,5.0,-0.38878117849020055,346.5331137281071,0.0,0.0
evt_pay_006461_0,cust_038,pay_006461,2026-06-03T21:56:51.196383+00:00,38890,RETRY_LATER,0.03333333333333333,0,0.544,0.8611010237411089,-0.36454634138595193,0.0,1.0,-0.5118431879408246,0.8590788968183153,0.9615384615384616,4.0,2.4957647172129915,361.87138859372294,1.0,0.0
evt_pay_003051_0,cust_032,pay_003051,2026-06-03T22:20:51.726510+00:00,310589,WHATSAPP_NUDGE,0.8333333333333334,0,0.267741935483871,0.8799678814971799,-0.12406967587353589,0.0,1.0,-0.41920605982543524,0.9078911164922993,0.8064516129032258,5.0,0.2905055503479753,359.39451021936657,0.0,0.0
evt_pay_005170_1,cust_056,pay_005170,2026-06-03T22:22:56.173081+00:00,154826,DO_NOTHING,0.03333333333333333,1,0.2631578947368421,0.04951060480307964,-0.08098654173554802,1.0,1.0,-0.4109725813285723,0.9116477046513801,0.9615384615384616,12.0,-0.26273729270347856,345.88804126438936,0.0,0.0
evt_pay_008116_0,cust_007,pay_008116,2026-06-03T22:41:31.728023+00:00,261594,RETRY_LATER,0.8333333333333334,0,0.34782608695652173,0.3772931886735478,-0.4817102322143324,0.0,1.0,-0.3357442196645938,0.9419531936151674,0.8571428571428572,8.0,-0.46533070623945577,363.0438126919071,0.0,1.0
evt_pay_006577_0,cust_010,pay_006577,2026-06-03T22:52:37.713666+00:00,65970,RETRY_LATER,0.8333333333333334,0,0.3442622950819672,1.649566341862491,-0.4725563759781947,0.0,1.0,-0.2897478324326551,0.9571030214144024,0.9230769230769231,2.0,-0.045395759303349575,363.8988139405863,0.0,1.0
evt_pay_007863_0,cust_051,pay_007863,2026-06-03T22:53:38.477995+00:00,759111,RETRY_LATER,0.8333333333333334,0,0.49615384615384617,4.2728884329150105,0.7036168613813264,0.0,1.0,-0.28551566835266823,0.9583740413456163,1.0,3.0,-1.013594580420746,342.74882763486767,0.0,1.0
evt_pay_007802_2,cust_014,pay_007802,2026-06-03T23:03:40.263153+00:00,71350,ESCALATE_HUMAN,0.8333333333333334,0,0.24437299035369775,0.5415923676452508,0.19311177762498424,2.0,1.0,-0.24331431531613398,0.9699474954667603,0.9259259259259259,12.0,-0.8122776257059364,358.71790542056607,0.0,1.0
evt_pay_004118_2,cust_014,pay_004118,2026-06-03T23:06:17.752667+00:00,83503,ESCALATE_HUMAN,0.8333333333333334,0,0.24358974358974358,0.0018227953078167047,0.7126809315967984,2.0,1.0,-0.232189829996025,0.972670490375038,0.9259259259259259,12.0,-0.8122776257059364,358.7197282158739,0.0,0.0
evt_pay_004149_0,cust_003,pay_004149,2026-06-03T23:11:55.601340+00:00,181208,WHATSAPP_NUDGE,0.8333333333333334,1,0.492,2.053342258983946,-0.5064083963935688,0.0,1.0,-0.20822456963073024,0.9780810439846471,0.8064516129032258,2.0,2.053947620637407,339.9972777117594,0.0,0.0
evt_pay_007574_2,cust_038,pay_007574,2026-06-03T23:16:52.067932+00:00,48952,ESCALATE_HUMAN,0.8333333333333334,0,0.5418326693227091,0.05556564292555777,0.2804154691679189,2.0,1.0,-0.18709071798834911,0.98234264044813,0.9259259259259259,4.0,2.4957647172129915,361.9269542366485,0.0,1.0
evt_pay_000716_0,cust_031,pay_000716,2026-06-03T23:27:55.631018+00:00,45889,ESCALATE_HUMAN,0.03333333333333333,0,0.3006535947712418,0.1387207176899589,-0.4191723501096082,0.0,1.0,-0.13948772320224642,0.9902238004995908,0.8461538461538461,6.0,-0.07508066613848166,357.313220926164,1.0,0.0
evt_pay_002377_0,cust_005,pay_002377,2026-06-03T23:41:04.636808+00:00,104868,WHATSAPP_NUDGE,0.8333333333333334,0,0.2706270627062706,0.22535577728355824,-0.5681457974996813,0.0,1.0,-0.08247216271141895,0.9965933686201716,0.8,10.0,-0.6412832630166057,354.66397717920523,0.0,0.0
evt_pay_003762_0,cust_024,pay_003762,2026-06-03T23:48:01.155742+00:00,86590,RETRY_NOW,0.8333333333333334,1,0.25,1.1041881257104553,-0.27204706705047693,0.0,1.0,-0.05225202331506944,0.9986339299560583,0.8571428571428572,6.0,-1.1653357768016162,349.649539437466,1.0,0.0
evt_pay_005755_1,cust_059,pay_005755,2026-06-03T23:54:01.880795+00:00,222325,WHATSAPP_NUDGE,0.8333333333333334,1,0.36904761904761907,0.08333333333333333,0.9839268285524508,1.0,1.0,-0.02604021962495036,0.9996608959851757,0.7391304347826086,6.0,-0.38878117849020055,346.6164470614404,0.0,0.0
evt_pay_006011_2,cust_042,pay_006011,2026-06-03T23:56:34.453617+00:00,223869,ESCALATE_HUMAN,0.8333333333333334,0,0.4214046822742475,0.9166666666666666,-0.10472847331340542,2.0,1.0,-0.014947198127344892,0.9998882843938827,0.7083333333333333,5.0,0.21388002896855346,360.9272061567155,0.0,0.0
evt_pay_002517_0,cust_036,pay_002517,2026-06-03T23:57:34.908797+00:00,357178,DO_NOTHING,0.03333333333333333,0,0.43103448275862066,0.24661557861704372,0.15284325876844929,0.0,1.0,-0.010551134240177585,0.9999443352338397,1.0,5.0,-0.5882553306323993,345.4397033854914,0.0,0.0
evt_pay_002167_2,cust_043,pay_002167,2026-06-04T00:04:35.434104+00:00,125670,ESCALATE_HUMAN,0.8333333333333334,0,0.24295774647887325,0.26720868855054886,-0.36820970543200876,2.0,1.0,0.02002879390408274,0.9997994035879136,0.8064516129032258,10.0,-0.05414349663535748,349.6454434062893,0.0,0.0
evt_pay_004974_2,cust_022,pay_004974,2026-06-04T00:11:49.330617+00:00,119938,ESCALATE_HUMAN,0.8333333333333334,0,0.3519736842105263,0.2694460163571648,0.19412787527989725,2.0,1.0,0.051561104504533474,0.998669841590439,1.0,10.0,-0.6143468879245073,343.0145807513479,0.0,0.0
evt_pay_003051_1,cust_032,pay_003051,2026-06-04T00:20:51.726510+00:00,281664,WHATSAPP_NUDGE,0.8333333333333334,0,0.26688102893890675,0.08333333333333333,-0.3785997428905956,1.0,1.0,0.09090246101694373,0.9958598006652658,0.8064516129032258,6.0,0.2905055503479753,359.4778435526999,0.0,1.0
evt_pay_007863_1,cust_051,pay_007863,2026-06-04T00:53:38.477995+00:00,682948,PAYMENT_LINK,0.8333333333333334,0,0.4942528735632184,0.08333333333333333,0.3463574501406117,1.0,1.0,0.23192319870090497,0.9727341003091958,1.0,3.0,-1.013594580420746,342.832160968201,0.0,1.0
evt_pay_006298_0,cust_007,pay_006298,2026-06-04T01:02:02.431969+00:00,279466,WHATSAPP_NUDGE,0.8333333333333334,0,0.3463203463203463,0.09757759197390214,-0.31941781019826493,0.0,1.0,0.26740879746912327,0.9635831749444972,0.9230769230769231,8.0,-0.46533070623945577,363.141390283881,0.0,0.0
evt_pay_004447_2,cust_008,pay_004447,2026-06-04T01:07:45.078815+00:00,266278,ESCALATE_HUMAN,0.8333333333333334,0,0.34767025089605735,0.5476452140208986,0.7114427764900064,2.0,1.0,0.29133384728352446,0.9566214452054586,0.9285714285714286,7.0,0.4190160498383978,350.5113087747913,0.0,1.0
evt_pay_003059_0,cust_052,pay_003059,2026-06-04T01:12:34.168956+00:00,183673,WHATSAPP_NUDGE,0.8333333333333334,1,0.4700854700854701,0.449414085132787,0.7430865897517297,0.0,1.0,0.3113792579954023,0.9502857242378382,0.7272727272727273,4.0,-1.0656726581061444,363.92518789552224,0.0,0.0
evt_pay_007104_2,cust_021,pay_007104,2026-06-04T01:20:47.483007+00:00,225727,ESCALATE_HUMAN,0.8333333333333334,0,0.2886297376093295,0.6904548775988246,0.14187369158129876,2.0,1.0,0.3452629144574993,0.9385060041898046,0.6956521739130435,14.0,-0.0711177391970671,350.504951493105,0.0,1.0
evt_pay_002377_1,cust_005,pay_002377,2026-06-04T01:41:04.636808+00:00,125268,ESCALATE_HUMAN,0.03333333333333333,0,0.26973684210526316,0.08333333333333333,-0.12286474773890997,1.0,1.0,0.4268736962969534,0.9043112558238875,0.8064516129032258,11.0,-0.6412832630166057,354.7473105125386,0.0,1.0
evt_pay_002541_0,cust_048,pay_002541,2026-06-04T01:47:43.161255+00:00,213283,WHATSAPP_NUDGE,0.8333333333333334,0,0.2621951219512195,1.9649193664214788,0.32536682998131783,0.0,1.0,0.4528990793099756,0.8915617891992548,0.8,5.0,-0.4506859321563252,345.0804321156872,0.0,0.0
evt_pay_006441_0,cust_036,pay_006441,2026-06-04T02:00:16.688699+00:00,383111,RETRY_LATER,0.8333333333333334,0,0.42955326460481097,0.08520578590400874,0.3713838246253948,0.0,1.0,0.5010506715193734,0.8654179479130213,1.0,5.0,-0.5882553306323993,345.5249091713954,0.0,1.0
evt_pay_000691_2,cust_028,pay_000691,2026-06-04T02:31:12.580510+00:00,233480,ESCALATE_HUMAN,0.8333333333333334,0,0.4140625,0.7498843457638221,0.05933070809587604,2.0,1.0,0.6129404101748328,0.7901291372773869,0.8,3.0,0.3910481863531735,335.43228327342075,0.0,0.0
evt_pay_001911_2,cust_014,pay_001911,2026-06-04T02:32:38.261497+00:00,54641,ESCALATE_HUMAN,0.8333333333333334,0,0.24281150159744408,0.14329292627098766,-0.5212220808579334,2.0,1.0,0.6178516933842885,0.7862946553183273,0.9130434782608696,12.0,-0.8122776257059364,358.8630211421449,0.0,1.0
evt_pay_000648_0,cust_043,pay_000648,2026-06-04T02:37:23.975454+00:00,136492,RETRY_LATER,0.8333333333333334,0,0.24210526315789474,0.10611737674040948,-0.15386746782731067,0.0,1.0,0.6340545539946099,0.7732883178728982,0.8,10.0,-0.05414349663535748,349.7515607830297,0.0,1.0
evt_pay_007768_0,cust_025,pay_007768,2026-06-04T03:00:33.185150+00:00,208631,PAYMENT_LINK,0.03333333333333333,0,0.47619047619047616,1.006975071311274,-0.09970314794748295,0.0,1.0,0.7088111757058321,0.7053982684941295,0.9090909090909091,4.0,0.10753773716001852,340.8091962587594,0.0,0.0
evt_pay_002311_0,cust_007,pay_002311,2026-06-04T03:49:37.974686+00:00,444388,WHATSAPP_NUDGE,0.03333333333333333,0,0.3448275862068966,0.11638359625506685,1.1781776424079426,0.0,1.0,0.8425297575348557,0.5386498005831406,0.9166666666666666,9.0,-0.46533070623945577,363.257773880136,1.0,0.0
evt_pay_000648_1,cust_043,pay_000648,2026-06-04T04:37:23.975454+00:00,140757,WHATSAPP_NUDGE,0.8333333333333334,0,0.24125874125874125,0.08333333333333333,-0.0694134380242437,1.0,1.0,0.9357515100809932,0.3526600507303611,0.8214285714285714,10.0,-0.05414349663535748,349.83489411636305,0.0,0.0
evt_pay_001109_0,cust_025,pay_001109,2026-06-04T04:56:58.515192+00:00,246614,RETRY_LATER,0.8333333333333334,1,0.4744525547445255,0.08084872734760513,0.4023077706592632,0.0,1.0,0.9624259211759295,0.2715443725225464,0.9090909090909091,5.0,0.10753773716001852,340.890044986107,0.0,1.0
evt_pay_007768_1,cust_025,pay_007768,2026-06-04T05:00:33.185150+00:00,262038,RETRY_NOW,0.03333333333333333,0,0.4763636363636364,0.08333333333333333,0.6061575509920593,1.0,1.0,0.9665476188946307,0.25648723244855637,0.8695652173913043,5.0,0.10753773716001852,340.8925295920927,0.0,1.0
evt_pay_004886_0,cust_038,pay_004886,2026-06-04T05:24:00.895138+00:00,40037,RETRY_NOW,0.8333333333333334,0,0.5396825396825397,0.2549632778521982,-0.29102202072640154,0.0,1.0,0.9876985218035578,0.156370169876057,0.875,4.0,2.4957647172129915,362.18191751450075,1.0,0.0
evt_pay_001569_2,cust_031,pay_001569,2026-06-04T05:40:54.398287+00:00,54145,ESCALATE_HUMAN,0.8333333333333334,0,0.2996742671009772,0.25901351005152645,0.019412325413205204,2.0,1.0,0.9965316863886295,0.08321416960730924,0.7857142857142857,6.0,-0.07508066613848166,357.5722344362155,0.0,1.0
evt_pay_002311_1,cust_007,pay_002311,2026-06-04T05:49:37.974686+00:00,288788,WHATSAPP_NUDGE,0.8333333333333334,0,0.34334763948497854,0.08333333333333333,-0.23477010720686578,1.0,1.0,0.9989770737610989,0.04521953228099401,0.9166666666666666,10.0,-0.46533070623945577,363.34110721346934,0.0,0.0
evt_pay_003905_0,cust_038,pay_003905,2026-06-04T06:07:59.775010+00:00,47788,RETRY_NOW,0.8333333333333334,0,0.5375494071146245,0.030542591112597012,0.20579827305035703,0.0,1.0,0.999391397901172,-0.03488314494338582,0.9166666666666666,4.0,2.4957647172129915,362.2124601056133,1.0,0.0
evt_pay_003719_0,cust_014,pay_003719,2026-06-04T06:16:43.724890+00:00,62350,WHATSAPP_NUDGE,0.8333333333333334,0,0.24203821656050956,0.15561878927267495,-0.1916223704601961,0.0,1.0,0.9973371983981385,-0.07292813374379052,0.92,12.0,-0.8122776257059364,359.0186399314175,0.0,0.0
evt_pay_005329_2,cust_021,pay_005329,2026-06-04T06:46:32.181583+00:00,194548,ESCALATE_HUMAN,0.8333333333333334,0,0.2877906976744186,0.22621178906784203,-0.2723775696446434,2.0,1.0,0.9794554385773045,-0.20166071467030966,0.7,13.0,-0.0711177391970671,350.7311632821729,0.0,0.0
evt_pay_006409_0,cust_006,pay_006409,2026-06-04T06:56:24.448683+00:00,130571,WHATSAPP_NUDGE,0.8333333333333334,0,0.38338658146964855,0.7506724027601308,0.00961387119977868,0.0,1.0,0.9698640658257908,-0.24364665772356928,0.9230769230769231,9.0,-0.3286363658753921,356.9375725043729,0.0,0.0
evt_pay_005524_0,cust_045,pay_005524,2026-06-04T07:05:53.268806+00:00,84455,WHATSAPP_NUDGE,0.8333333333333334,0,0.24213836477987422,0.4547103162455907,-0.09316659310072416,0.0,1.0,0.9589586472634938,-0.28354596247975417,0.9259259259259259,9.0,1.000889969158722,338.1322668056783,0.0,0.0
evt_pay_007637_0,cust_029,pay_007637,2026-06-04T07:08:01.020456+00:00,47309,WHATSAPP_NUDGE,0.8333333333333334,0,0.3885350318471338,0.9666029982891283,0.1640467986058581,0.0,1.0,0.9562830565222408,-0.2924426709775453,0.8214285714285714,9.0,-0.8256115037842402,338.3105210021719,0.0,0.0
evt_pay_007032_0,cust_032,pay_007032,2026-06-04T08:02:33.309679+00:00,450644,RETRY_LATER,0.8333333333333334,0,0.266025641025641,0.320620175563685,1.108361368293656,0.0,1.0,0.860397199076818,-0.5096240377187543,0.8214285714285714,7.0,0.2905055503479753,359.7984637282636,0.0,1.0
evt_pay_005957_2,cust_014,pay_005957,2026-06-04T08:03:46.682588+00:00,57484,ESCALATE_HUMAN,0.8333333333333334,0,0.24126984126984127,0.07433978816993658,-0.39965206105387097,2.0,1.0,0.857665697324002,-0.5142076930907717,0.9259259259259259,13.0,-0.8122776257059364,359.0929797195875,0.0,0.0
evt_pay_001085_0,cust_013,pay_001085,2026-06-04T08:16:05.686278+00:00,167768,RETRY_LATER,0.03333333333333333,1,0.2631578947368421,1.056888554855372,-0.06922016830464403,0.0,1.0,0.8288062654466519,-0.5595356774651408,0.75,5.0,-0.5595801808996762,335.94678077694726,0.0,0.0
evt_pay_003719_1,cust_014,pay_003719,2026-06-04T08:16:43.724890+00:00,84387,ESCALATE_HUMAN,0.03333333333333333,0,0.24050632911392406,0.008993545163396751,0.7504428188987556,1.0,1.0,0.8272552830800933,-0.561826215671781,0.9259259259259259,13.0,-0.8122776257059364,359.1019732647508,0.0,0.0
evt_pay_008168_0,cust_050,pay_008168,2026-06-04T08:37:10.293983+00:00,136643,RETRY_NOW,0.8333333333333334,0,0.46953405017921146,2.477615960850187,0.4904177419746631,0.0,1.0,0.773918784220149,-0.6332848612048186,0.736842105263158,9.0,-0.900782201038446,362.07399726101977,1.0,0.0
evt_pay_007159_0,cust_045,pay_007159,2026-06-04T08:42:11.136197+00:00,75583,WHATSAPP_NUDGE,0.8333333333333334,0,0.2413793103448276,0.06687346516925648,-0.3835114558662963,0.0,1.0,0.7598797626807455,-0.6500636478593875,0.9285714285714286,10.0,1.000889969158722,338.1991402708476,0.0,0.0
evt_pay_002889_0,cust_027,pay_002889,2026-06-04T08:43:42.038721+00:00,63259,WHATSAPP_NUDGE,0.8333333333333334,0,0.30604982206405695,0.5073065528306605,-0.587126050617767,0.0,1.0,0.7555658680526925,-0.6550726822527262,0.8214285714285714,7.0,-0.8172299270627982,337.5055945191145,0.0,0.0
evt_pay_005524_1,cust_045,pay_005524,2026-06-04T09:05:53.268806+00:00,99699,WHATSAPP_NUDGE,0.8333333333333334,0,0.240625,0.016459868164076852,0.4057195310740515,1.0,1.0,0.6887095684690692,-0.7250373302797233,0.9310344827586207,11.0,1.000889969158722,338.21560013901166,0.0,1.0
evt_pay_007637_1,cust_029,pay_007637,2026-06-04T09:08:01.020456+00:00,69680,WHATSAPP_NUDGE,0.8333333333333334,0,0.3873015873015873,0.08333333333333333,1.5926163393576462,1.0,1.0,0.6819440846681181,-0.7314043104782488,0.8275862068965517,10.0,-0.8256115037842402,338.39385433550524,0.0,0.0
evt_pay_004435_0,cust_059,pay_004435,2026-06-04T09:26:22.514836+00:00,161943,ESCALATE_HUMAN,0.03333333333333333,0,0.3715415019762846,0.4807943754697324,-0.059279137942060925,0.0,1.0,0.621232418815313,-0.7836263662057802,0.736842105263158,7.0,-0.38878117849020055,347.0139081035768,0.0,1.0
evt_pay_001253_2,cust_027,pay_001253,2026-06-04T09:39:13.010244+00:00,90397,ESCALATE_HUMAN,0.8333333333333334,0,0.3049645390070922,0.03855291114071709,0.3866989194447511,2.0,1.0,0.5763722814405552,-0.8171872448753771,0.8620689655172413,8.0,-0.8172299270627982,337.5441474302552,0.0,0.0
evt_pay_007148_0,cust_021,pay_007148,2026-06-04T09:49:09.391917+00:00,192578,RETRY_LATER,0.8333333333333334,0,0.28695652173913044,0.12681956405486972,-0.29854440176177816,0.0,1.0,0.5403999160119856,-0.8414083020592552,0.75,13.0,-0.0711177391970671,350.85798284622774,0.0,1.0
evt_pay_002681_2,cust_008,pay_002681,2026-06-04T09:59:08.532324+00:00,247574,ESCALATE_HUMAN,0.8333333333333334,0,0.3464285714285714,0.369021452645768,0.46078076047525884,2.0,1.0,0.5032378804647663,-0.8641479246433041,0.9166666666666666,6.0,0.4190160498383978,350.880330227437,0.0,0.0
evt_pay_007032_1,cust_032,pay_007032,2026-06-04T10:02:33.309679+00:00,332039,WHATSAPP_NUDGE,0.8333333333333334,0,0.26517571884984026,0.08333333333333333,0.06468195920240946,1.0,1.0,0.49031381288612436,-0.8715459625820492,0.8620689655172413,7.0,0.2905055503479753,359.8817970615969,0.0,0.0
evt_pay_001325_0,cust_018,pay_001325,2026-06-04T10:14:25.365247+00:00,188759,RETRY_LATER,0.8333333333333334,0,0.2851851851851852,1.6676436908657213,0.8640879998718617,0.0,1.0,0.44454624751946414,-0.8957559007990756,0.8666666666666667,3.0,-0.4554811204429685,340.0489012588244,0.0,1.0
evt_pay_005185_0,cust_014,pay_005185,2026-06-04T10:20:35.141821+00:00,72730,WHATSAPP_NUDGE,0.8333333333333334,0,0.23974763406940064,0.08601177002973752,0.25212372640621267,0.0,1.0,0.42030073732620754,-0.9073848633314566,0.9310344827586207,13.0,-0.8122776257059364,359.18798503478064,0.0,0.0
evt_pay_000727_0,cust_025,pay_000727,2026-06-04T10:30:26.669449+00:00,225177,ESCALATE_HUMAN,0.03333333333333333,0,0.4746376811594203,0.2290912534656968,0.1189800887686802,0.0,1.0,0.3808908890768502,-0.924619992547342,0.9333333333333333,5.0,0.10753773716001852,341.1216208455584,0.0,1.0
evt_pay_008477_2,cust_035,pay_008477,2026-06-04T10:32:25.405573+00:00,38095,ESCALATE_HUMAN,0.8333333333333334,0,0.28888888888888886,0.9166666666666666,-0.37449962989171254,2.0,1.0,0.3728929407903812,-0.9278743744218294,1.0,3.0,0.5026080740568922,338.3749168528502,0.0,0.0
evt_pay_008168_1,cust_050,pay_008168,2026-06-04T10:37:10.293983+00:00,134324,WHATSAPP_NUDGE,0.8333333333333334,0,0.46785714285714286,0.08333333333333333,0.43361003080718785,1.0,1.0,0.3535908969982069,-0.9354001697455498,0.7619047619047619,9.0,-0.900782201038446,362.15733059435314,0.0,1.0
evt_pay_002889_1,cust_027,pay_002889,2026-06-04T10:43:42.038721+00:00,73032,WHATSAPP_NUDGE,0.8333333333333334,0,0.303886925795053,0.04478042219261624,-0.23644790988942657,1.0,1.0,0.32680289483970965,-0.9450925181824188,0.8666666666666667,8.0,-0.8172299270627982,337.5889278524478,0.0,1.0
evt_pay_007957_0,cust_021,pay_007957,2026-06-04T10:50:56.903425+00:00,252347,WHATSAPP_NUDGE,0.8333333333333334,0,0.2861271676300578,0.04291101282488322,0.495550289248995,0.0,1.0,0.29675662769534505,-0.9549531422634758,0.7727272727272727,13.0,-0.0711177391970671,350.9008938590526,0.0,0.0
evt_pay_002437_2,cust_022,pay_002437,2026-06-04T10:54:04.458500+00:00,102869,ESCALATE_HUMAN,0.8333333333333334,0,0.35081967213114756,0.4460084245696028,-0.24010704784849504,2.0,1.0,0.28370445043318965,-0.9589117711262084,1.0,9.0,-0.6143468879245073,343.4605891759175,1.0,0.0
evt_pay_002120_2,cust_006,pay_002120,2026-06-04T10:55:26.353084+00:00,97237,ESCALATE_HUMAN,0.8333333333333334,0,0.3821656050955414,0.16599426390653585,-0.7222652502347232,2.0,1.0,0.27798861339691167,-0.9605843694447992,0.935483870967742,9.0,-0.3286363658753921,357.1035667682795,0.0,0.0
evt_pay_003084_0,cust_052,pay_003084,2026-06-04T11:38:04.336241+00:00,141716,ESCALATE_HUMAN,0.03333333333333333,0,0.4723404255319149,0.883791021296588,-0.07932619449538744,0.0,1.0,0.09553185920198798,-0.9954263729063098,0.8095238095238095,5.0,-1.0656726581061444,364.3595648316861,0.0,0.0
evt_pay_001150_0,cust_028,pay_001150,2026-06-04T12:06:46.284919+00:00,256675,ESCALATE_HUMAN,0.03333333333333333,0,0.41245136186770426,0.39969565288159475,0.3490615580729149,0.0,1.0,-0.02954157451336423,-0.9995635524444013,0.896551724137931,3.0,0.3910481863531735,335.8319789263023,0.0,0.0
evt_pay_001325_1,cust_018,pay_001325,2026-06-04T12:14:25.365247+00:00,158345,DO_NOTHING,0.03333333333333333,1,0.28413284132841327,0.08333333333333333,0.2645080835645048,1.0,1.0,-0.06288960689063668,-0.9980204894415451,0.9,3.0,-0.4554811204429685,340.1322345921578,0.0,1.0
evt_pay_002940_2,cust_057,pay_002940,2026-06-04T12:19:41.559473+00:00,110338,DO_NOTHING,0.03333333333333333,0,0.3333333333333333,0.9166666666666666,0.9935161776213941,2.0,1.0,-0.0858197348248794,-0.9963106810200257,0.6,4.0,-0.5990323654313375,355.77843896314243,0.0,0.0
evt_pay_003497_0,cust_022,pay_003497,2026-06-04T12:24:20.812149+00:00,118887,WHATSAPP_NUDGE,0.8333333333333334,0,0.34967320261437906,0.06268927834793203,0.1674067999853593,0.0,1.0,-0.10603355406059485,-0.994362552298345,1.0,9.0,-0.6143468879245073,343.52327845426544,0.0,0.0
evt_pay_004730_2,cust_052,pay_004730,2026-06-04T12:25:24.792001+00:00,148598,RETRY_LATER,0.03333333333333333,0,0.4703389830508475,0.03287564537007862,0.05558539451240811,2.0,1.0,-0.11065890613194532,-0.9938584438911214,0.8181818181818181,5.0,-1.0656726581061444,364.39244047705614,0.0,0.0
evt_pay_003402_0,cust_017,pay_003402,2026-06-04T12:35:10.506857+00:00,587814,RETRY_LATER,0.8333333333333334,0,0.302158273381295,2.3803530876795853,0.424399625085012,0.0,1.0,-0.1528785291991769,-0.9882449874954572,0.8709677419354839,1.0,0.5027156808516637,358.08603571581693,0.0,1.0
evt_pay_008469_0,cust_000,pay_008469,2026-06-04T12:44:28.020434+00:00,130880,WHATSAPP_NUDGE,0.8333333333333334,0,0.3576388888888889,0.7513400464763436,0.08025761668664777,0.0,1.0,-0.1928088629953306,-0.981236333586587,0.8181818181818181,6.0,0.8132490481077264,354.1860884069932,0.0,0.0
evt_pay_007957_1,cust_021,pay_007957,2026-06-04T12:50:56.903425+00:00,198039,WHATSAPP_NUDGE,0.8333333333333334,0,0.28530259365994237,0.08333333333333333,-0.22599647605294526,1.0,1.0,-0.22047779280616825,-0.9753919944716177,0.8260869565217391,14.0,-0.0711177391970671,350.98422719238596,1.0,0.0
evt_pay_004412_0,cust_012,pay_004412,2026-06-04T13:43:39.456746+00:00,568867,PAYMENT_LINK,0.8333333333333334,1,0.592436974789916,0.6747617820934693,0.14387184479419565,0.0,1.0,-0.4370279069047102,-0.8994479465686094,0.8260869565217391,0.0,-0.5006574979571285,344.7780713884534,0.0,0.0
evt_pay_003497_1,cust_022,pay_003497,2026-06-04T14:24:20.812149+00:00,101146,WHATSAPP_NUDGE,0.8333333333333334,1,0.3485342019543974,0.08333333333333333,-0.2839492435022221,1.0,1.0,-0.5890090276191985,-0.8081264538320017,1.0,10.0,-0.6143468879245073,343.60661178759875,0.0,0.0
evt_pay_003402_1,cust_017,pay_003402,2026-06-04T14:35:10.506857+00:00,526548,PAYMENT_LINK,0.8333333333333334,0,0.3010752688172043,0.08333333333333333,0.08237209309804365,1.0,1.0,-0.6265191837274168,-0.7794059997341125,0.875,1.0,0.5027156808516637,358.16936904915025,0.0,0.0
evt_pay_003209_0,cust_008,pay_003209,2026-06-04T14:39:18.455895+00:00,225630,WHATSAPP_NUDGE,0.8333333333333334,0,0.34519572953736655,0.19455930059566148,0.16668826855371344,0.0,1.0,-0.6404703272380444,-0.7679829164295208,1.0,6.0,0.4190160498383978,351.07488952803266,0.0,0.0
evt_pay_008469_1,cust_000,pay_008469,2026-06-04T14:44:28.020434+00:00,160156,WHATSAPP_NUDGE,0.8333333333333334,0,0.356401384083045,0.08333333333333333,0.7372990974061873,1.0,1.0,-0.657595540222043,-0.7533711605046209,0.782608695652174,7.0,0.8132490481077264,354.26942174032655,1.0,0.0
evt_pay_006389_2,cust_005,pay_006389,2026-06-04T14:49:15.864847+00:00,118870,ESCALATE_HUMAN,0.8333333333333334,0,0.26885245901639343,0.5473521763716652,-0.2625232030119104,2.0,1.0,-0.6732203673314215,-0.7394419091518588,0.8787878787878788,11.0,-0.6412832630166057,355.2946626889102,0.0,0.0
evt_pay_002204_0,cust_056,pay_002204,2026-06-04T15:13:47.592337+00:00,171213,RETRY_LATER,0.8333333333333334,0,0.26557377049180325,0.75149462396674,0.21284558508066093,0.0,1.0,-0.7483575268243662,-0.6632955691434386,0.9333333333333333,12.0,-0.26273729270347856,346.59002528355296,0.0,1.0
evt_pay_007975_2,cust_015,pay_007975,2026-06-04T15:16:07.371152+00:00,117356,ESCALATE_HUMAN,0.8333333333333334,0,0.4064748201438849,0.9166666666666666,-0.013757810287859901,2.0,1.0,-0.7550611491213237,-0.655654376243754,0.935483870967742,6.0,1.245182551392603,352.0523397879592,0.0,0.0
evt_pay_002674_0,cust_015,pay_002674,2026-06-04T16:04:03.971960+00:00,109386,WHATSAPP_NUDGE,0.8333333333333334,0,0.4050179211469534,0.03329399083329084,-0.2068682413109057,0.0,1.0,-0.8747597074552373,-0.48455696694282246,0.935483870967742,6.0,1.245182551392603,352.0856337787925,0.0,0.0
evt_pay_006753_0,cust_009,pay_006753,2026-06-04T16:41:48.779717+00:00,170233,RETRY_NOW,0.8333333333333334,0,0.27697841726618705,1.7400769057212908,1.2319922257752631,0.0,1.0,-0.9423688036049834,-0.33457590766836787,0.9090909090909091,11.0,-0.8984355580750027,337.31257473257665,1.0,0.0
evt_pay_005315_0,cust_057,pay_005315,2026-06-04T16:43:47.563966+00:00,77809,RETRY_LATER,0.8333333333333334,1,0.33201581027667987,0.18340282978177433,-0.14170264630868018,0.0,1.0,-0.9452237536234039,-0.3264231235468507,0.5714285714285714,4.0,-0.5990323654313375,355.96184179292413,0.0,1.0
evt_pay_007219_2,cust_056,pay_007219,2026-06-04T17:45:31.967700+00:00,173366,ESCALATE_HUMAN,0.8333333333333334,0,0.2647058823529412,0.10537471485095769,0.25145840687107024,2.0,1.0,-0.9980082730091738,-0.06308317529457688,0.935483870967742,12.0,-0.26273729270347856,346.69539999840396,0.0,0.0
evt_pay_006667_0,cust_013,pay_006667,2026-06-04T17:58:23.291764+00:00,154737,WHATSAPP_NUDGE,0.8333333333333334,1,0.26557377049180325,1.4612589887133443,-0.2857760614191447,0.0,1.0,-0.9999752698134251,-0.007032763437483134,0.5,5.0,-0.5595801808996762,336.35115121080526,0.0,0.0
evt_pay_006468_0,cust_002,pay_006468,2026-06-04T18:01:44.091429+00:00,295934,RETRY_LATER,0.8333333333333334,0,0.3655913978494624,2.3091131806148915,-0.10612665991901192,0.0,1.0,-0.9999713496373809,0.007569670032107164,0.8620689655172413,7.0,-0.38277421977533765,343.8337501665381,0.0,1.0
evt_pay_002674_1,cust_015,pay_002674,2026-06-04T18:04:03.971960+00:00,116112,WHATSAPP_NUDGE,0.8333333333333334,1,0.4035714285714286,0.08333333333333333,-0.04391096401342253,1.0,1.0,-0.9998426123346906,0.017741210774398265,0.935483870967742,7.0,1.245182551392603,352.1689671121258,0.0,0.0
evt_pay_001248_0,cust_013,pay_001248,2026-06-04T18:06:03.850215+00:00,196422,WHATSAPP_NUDGE,0.8333333333333334,1,0.2679738562091503,1.4665895263454065,0.40693395154687906,0.0,1.0,-0.9996499563616285,0.026456846867952903,0.4444444444444444,6.0,-0.5595801808996762,336.3564817484373,0.0,0.0
evt_pay_004207_0,cust_008,pay_004207,2026-06-04T18:14:08.920496+00:00,187584,WHATSAPP_NUDGE,0.8333333333333334,0,0.34397163120567376,0.14919519213456547,-0.3431962004483426,0.0,1.0,-0.9980949851908505,0.06169603339661232,1.0,7.0,0.4190160498383978,351.22408472016724,0.0,0.0
evt_pay_005246_2,cust_027,pay_005246,2026-06-04T18:33:10.752556+00:00,84435,ESCALATE_HUMAN,0.8333333333333334,0,0.3028169014084507,0.32602678050267286,0.1727359517726318,2.0,1.0,-0.9895388805088284,0.14426643393851024,0.8620689655172413,9.0,-0.8172299270627982,337.91495463295047,0.0,1.0
evt_pay_006753_1,cust_009,pay_006753,2026-06-04T18:41:48.779717+00:00,117798,WHATSAPP_NUDGE,0.8333333333333334,0,0.27598566308243727,0.08333333333333333,-0.0275352599769645,1.0,1.0,-0.983403277490048,0.1814331662674486,0.9,11.0,-0.8984355580750027,337.39590806590996,0.0,0.0
evt_pay_004085_0,cust_031,pay_004085,2026-06-04T18:52:18.938502+00:00,66712,WHATSAPP_NUDGE,0.8333333333333334,1,0.2987012987012987,0.54958958582381,0.6870582980980727,0.0,1.0,-0.9740593276834102,0.22629278855708818,0.4444444444444444,6.0,-0.07508066613848166,358.12182402203933,0.0,0.0
evt_pay_003019_0,cust_025,pay_003019,2026-06-04T19:00:52.470865+00:00,211399,RETRY_LATER,0.03333333333333333,0,0.4729241877256318,0.3544652941672363,-0.06312287092647802,0.0,1.0,-0.9649311977746946,0.26250292105249634,0.90625,5.0,0.10753773716001852,341.4760861397256,0.0,0.0
evt_pay_003695_0,cust_022,pay_003695,2026-06-04T19:29:42.533516+00:00,119064,WHATSAPP_NUDGE,0.03333333333333333,0,0.35064935064935066,0.29539029359475916,0.17190529346436276,0.0,1.0,-0.9243648710311922,0.3815096135138501,0.9090909090909091,10.0,-0.6143468879245073,343.81866874786016,0.0,1.0
evt_pay_004816_0,cust_006,pay_004816,2026-06-04T19:46:22.141692+00:00,123829,RETRY_NOW,0.8333333333333334,0,0.38095238095238093,0.36870125703160284,-0.13842469456518602,0.0,1.0,-0.8942147388370095,0.44763824774773087,0.9032258064516129,8.0,-0.3286363658753921,357.47226802531105,1.0,0.0
evt_pay_004341_0,cust_058,pay_004341,2026-06-04T19:54:57.738513+00:00,241020,RETRY_NOW,0.8333333333333334,0,0.3488372093023256,2.260186500382209,-0.01778605624687229,0.0,1.0,-0.8768058472686052,0.480844575924054,0.90625,0.0,4.286983765334936,353.7939475320477,1.0,0.0
evt_pay_006468_1,cust_002,pay_006468,2026-06-04T20:01:44.091429+00:00,332602,RETRY_LATER,0.03333333333333333,0,0.36428571428571427,0.08333333333333333,0.23474365432971916,1.0,1.0,-0.8622157568265292,0.5065412013647612,0.8888888888888888,7.0,-0.38277421977533765,343.91708349987147,1.0,0.0
evt_pay_003019_1,cust_025,pay_003019,2026-06-04T21:00:52.470865+00:00,239397,PAYMENT_LINK,0.03333333333333333,0,0.4712230215827338,0.08333333333333333,0.3069161757958642,1.0,1.0,-0.7044034696507836,0.7097997970864303,0.9032258064516129,5.0,0.10753773716001852,341.559419473059,0.0,1.0
evt_pay_005072_0,cust_035,pay_005072,2026-06-04T21:29:38.394880+00:00,41674,RETRY_NOW,0.8333333333333334,0,0.2879746835443038,0.45640033920727774,-0.1412709526386358,0.0,1.0,-0.61000716900201,0.7923958945919352,0.9166666666666666,3.0,0.5026080740568922,338.8313171920575,1.0,0.0
evt_pay_004341_1,cust_058,pay_004341,2026-06-04T21:54:57.738513+00:00,296113,WHATSAPP_NUDGE,0.8333333333333334,0,0.347682119205298,0.08333333333333333,0.6312498640235811,1.0,1.0,-0.5189138499593242,0.8548265416564883,0.9032258064516129,0.0,4.286983765334936,353.877280865381,0.0,0.0
evt_pay_007360_0,cust_038,pay_007360,2026-06-04T22:05:14.353630+00:00,60082,WHATSAPP_NUDGE,0.8333333333333334,0,0.5354330708661418,0.6647520673593968,0.993759843105994,0.0,1.0,-0.4800733573653982,0.8772283462975388,0.9032258064516129,4.0,2.4957647172129915,362.87721217297275,0.0,0.0
evt_pay_002357_0,cust_004,pay_002357,2026-06-04T22:19:04.716970+00:00,340568,ESCALATE_HUMAN,0.03333333333333333,1,0.4810126582278481,1.4302223575416708,-0.547952807201321,0.0,1.0,-0.42625846163581077,0.9046014171356753,0.33333333333333337,4.0,-0.2585165281110097,361.09386962571597,0.0,0.0
evt_pay_003051_2,cust_032,pay_003051,2026-06-04T22:20:51.726510+00:00,370573,RETRY_LATER,0.03333333333333333,0,0.2643312101910828,0.5127131577696483,0.4037623974960695,2.0,1.0,-0.41920605982543524,0.9078911164922993,0.9230769230769231,8.0,0.2905055503479753,360.39451021936657,1.0,0.0
evt_pay_000637_0,cust_055,pay_000637,2026-06-04T22:46:24.943928+00:00,506478,RETRY_LATER,0.8333333333333334,1,0.3188854489164087,1.3199452331893629,1.775672847565611,0.0,1.0,-0.3155839011642183,0.9488976769525642,0.9230769230769231,10.0,-1.0480965437343166,361.8979135556355,0.0,1.0
evt_pay_004159_0,cust_041,pay_004159,2026-06-04T22:48:36.096684+00:00,225961,RETRY_NOW,0.8333333333333334,0,0.41605839416058393,1.879014574880955,-0.40370336589340894,0.0,1.0,-0.30651938546701935,0.9518644159400649,0.8888888888888888,3.0,0.3693318557794774,364.2402508525202,1.0,0.0
evt_pay_001884_0,cust_007,pay_001884,2026-06-04T22:57:32.891302+00:00,368301,RETRY_NOW,0.8333333333333334,0,0.3418803418803419,0.7138300534321805,0.48725830644381457,0.0,1.0,-0.2691375567376119,0.9631017472486013,1.0,11.0,-0.46533070623945577,364.05493726690156,1.0,0.0
evt_pay_003727_0,cust_029,pay_003727,2026-06-04T23:32:12.766885+00:00,42962,RETRY_NOW,0.8333333333333334,0,0.3860759493670886,0.6001359540379289,-0.11359924171803433,0.0,1.0,-0.12094777733622145,0.9926588714948493,0.9259259259259259,11.0,-0.8256115037842402,338.99399028954315,1.0,0.0
evt_pay_004308_0,cust_041,pay_004308,2026-06-04T23:35:03.710831+00:00,209638,RETRY_NOW,0.8333333333333334,1,0.41454545454545455,0.03226405262713191,-0.58093256698991,0.0,1.0,-0.10859861557405022,0.9940856807616734,0.9285714285714286,2.0,0.3693318557794774,364.2725149051474,1.0,0.0
evt_pay_007360_1,cust_038,pay_007360,2026-06-05T00:05:14.353630+00:00,44905,DO_NOTHING,0.03333333333333333,0,0.5333333333333333,0.08333333333333333,0.0210429914445788,1.0,1.0,0.02285844999024928,0.9997387114961805,0.9259259259259259,5.0,2.4957647172129915,362.96054550630606,1.0,0.0
evt_pay_003727_1,cust_029,pay_003727,2026-06-05T01:32:12.766885+00:00,40583,WHATSAPP_NUDGE,0.8333333333333334,0,0.38485804416403785,0.08333333333333333,-0.2655167853884119,1.0,1.0,0.39158558804299315,0.9201416886746427,0.8846153846153846,11.0,-0.8256115037842402,339.07732362287646,0.0,0.0
evt_pay_006239_0,cust_027,pay_006239,2026-06-05T01:42:04.890432+00:00,73664,WHATSAPP_NUDGE,0.8333333333333334,0,0.3017543859649123,0.2978488180085037,-0.2137788835311632,0.0,1.0,0.43083206706407645,0.9024321193249358,0.8846153846153846,8.0,-0.8172299270627982,338.212803450959,0.0,0.0
evt_pay_000648_2,cust_043,pay_000648,2026-06-05T02:37:23.975454+00:00,134633,ESCALATE_HUMAN,0.8333333333333334,0,0.24041811846689895,0.9166666666666666,-0.19069946233171123,2.0,1.0,0.6340545539946099,0.7732883178728982,0.88,9.0,-0.05414349663535748,350.7515607830297,0.0,0.0
evt_pay_003372_0,cust_016,pay_003372,2026-06-05T03:07:25.669579+00:00,153641,WHATSAPP_NUDGE,0.8333333333333334,0,0.3205574912891986,2.758533159468508,0.9143522818848934,0.0,1.0,0.7296487615889801,0.6838221148161763,1.0,3.0,-0.5381138706705891,357.909803459005,0.0,0.0
evt_pay_001508_0,cust_024,pay_001508,2026-06-05T03:40:11.593757+00:00,77138,RETRY_NOW,0.8333333333333334,0,0.25259515570934254,2.2654200471858417,-0.5542130015123884,0.0,1.0,0.8196353478995438,0.5728855875945856,0.25,5.0,-1.1653357768016162,350.81077135894134,1.0,0.0
evt_pay_006239_1,cust_027,pay_006239,2026-06-05T03:42:04.890432+00:00,94542,ESCALATE_HUMAN,0.03333333333333333,0,0.3006993006993007,0.08333333333333333,0.5354363260391314,1.0,1.0,0.824327574504919,0.5661131069943861,0.88,9.0,-0.8172299270627982,338.2961367842923,0.0,1.0
evt_pay_000622_0,cust_046,pay_000622,2026-06-05T03:42:47.081890+00:00,81522,WHATSAPP_NUDGE,0.8333333333333334,0,0.42016806722689076,5.76377241928725,-0.6685466983727263,0.0,1.0,0.8260606678045261,0.5635812036488977,0.9230769230769231,3.0,-0.9687765812058661,359.1750804245593,0.0,0.0
evt_pay_001861_0,cust_046,pay_001861,2026-06-05T03:46:48.800979+00:00,124952,WHATSAPP_NUDGE,0.8333333333333334,0,0.41841004184100417,0.002797674639187638,0.49738840939733014,0.0,1.0,0.8358393398891104,0.5489741322628381,0.9259259259259259,4.0,-0.9687765812058661,359.17787809919855,0.0,0.0
evt_pay_002311_2,cust_007,pay_002311,2026-06-05T03:49:37.974686+00:00,349080,DO_NOTHING,0.03333333333333333,0,0.3404255319148936,0.20283661323448618,0.31271776210854063,2.0,1.0,0.8425297575348557,0.5386498005831406,1.0,11.0,-0.46533070623945577,364.257773880136,0.0,0.0
evt_pay_008509_0,cust_056,pay_008509,2026-06-05T04:08:58.481314+00:00,140456,WHATSAPP_NUDGE,0.8333333333333334,0,0.26384364820846906,0.4329457594195105,-0.33864024799063913,0.0,1.0,0.8849362086910788,0.46571225724416937,0.9285714285714286,12.0,-0.26273729270347856,347.1283457578235,0.0,0.0
evt_pay_002660_0,cust_041,pay_002660,2026-06-05T05:09:24.299601+00:00,338604,RETRY_LATER,0.8333333333333334,1,0.4166666666666667,0.264446793014334,0.8193605142873568,0.0,1.0,0.9757307956072768,0.21897354749738732,0.88,2.0,0.3693318557794774,364.5046976455346,0.0,1.0
evt_pay_001508_1,cust_024,pay_001508,2026-06-05T05:40:11.593757+00:00,97589,WHATSAPP_NUDGE,0.8333333333333334,0,0.2517241379310345,0.08333333333333333,0.0563213235148703,1.0,1.0,0.9962678269179942,0.08631579836911443,0.33333333333333337,5.0,-1.1653357768016162,350.89410469227465,0.0,0.0
evt_pay_000622_1,cust_046,pay_000622,2026-06-05T05:42:47.081890+00:00,97180,WHATSAPP_NUDGE,0.8333333333333334,0,0.4166666666666667,0.0805356586941457,-0.2481900332766628,1.0,1.0,0.9971801252103066,0.0750453055530935,0.9615384615384616,5.0,-0.9687765812058661,359.25841375789264,0.0,1.0
evt_pay_008298_0,cust_028,pay_008298,2026-06-05T05:42:58.362327+00:00,183436,ESCALATE_HUMAN,0.03333333333333333,1,0.4108527131782946,0.7334731181505845,-0.5657881470864561,0.0,1.0,0.997241352080009,0.07422725713399099,0.8461538461538461,3.0,0.3910481863531735,336.5654520444529,1.0,0.0
evt_pay_008509_1,cust_056,pay_008509,2026-06-05T06:08:58.481314+00:00,190175,WHATSAPP_NUDGE,0.8333333333333334,0,0.262987012987013,0.08333333333333333,0.5528629376206369,1.0,1.0,0.9992333660772464,-0.03914945871829533,0.9615384615384616,12.0,-0.26273729270347856,347.21167909115684,1.0,0.0
evt_pay_003125_0,cust_058,pay_003125,2026-06-05T06:39:42.005166+00:00,238108,WHATSAPP_NUDGE,0.8333333333333334,0,0.3465346534653465,0.36440123441282896,-0.052093192150782744,0.0,1.0,0.9850341494100942,-0.17235928897489797,0.9615384615384616,1.0,4.286983765334936,354.2416820997939,0.0,0.0
evt_pay_003090_0,cust_058,pay_003090,2026-06-05T06:43:57.262046+00:00,235154,RETRY_LATER,0.03333333333333333,0,0.34539473684210525,0.002954362038963154,-0.0868837557307641,0.0,1.0,0.9816651558990388,-0.19061354016364082,0.962962962962963,2.0,4.286983765334936,354.24463646183284,0.0,0.0
evt_pay_005524_2,cust_045,pay_005524,2026-06-05T07:05:53.268806+00:00,86879,ESCALATE_HUMAN,0.8333333333333334,0,0.2398753894080997,0.9166666666666666,-0.0138488733324405,2.0,1.0,0.9589586472634938,-0.28354596247975417,0.962962962962963,11.0,1.000889969158722,339.1322668056783,0.0,1.0
evt_pay_007637_2,cust_029,pay_007637,2026-06-05T07:08:01.020456+00:00,52923,ESCALATE_HUMAN,0.8333333333333334,0,0.3836477987421384,0.23319737929540452,0.522516603152522,2.0,1.0,0.9562830565222408,-0.2924426709775453,0.8148148148148149,12.0,-0.8256115037842402,339.3105210021719,1.0,0.0
evt_pay_006522_0,cust_039,pay_006522,2026-06-05T07:14:42.717543+00:00,241119,RETRY_NOW,0.8333333333333334,1,0.6217391304347826,3.995863187108474,-0.12097784043943167,0.0,1.0,0.9473333716856734,-0.3202490950660966,0.875,4.0,-0.6642333856639545,336.703642690748,1.0,0.0
evt_pay_007912_0,cust_014,pay_007912,2026-06-05T07:15:14.569826+00:00,84186,RETRY_LATER,0.8333333333333334,0,0.2389937106918239,0.871289675982401,0.7418689458598893,0.0,1.0,0.9465890176088774,-0.3224426022445863,0.962962962962963,12.0,-0.8122776257059364,360.059274710763,0.0,1.0
evt_pay_007873_0,cust_021,pay_007873,2026-06-05T07:17:25.842863+00:00,216400,RETRY_NOW,0.8333333333333334,0,0.28448275862068967,0.7683905027462856,0.017955860458183644,0.0,1.0,0.9434677507286083,-0.3314643319198923,0.9090909090909091,12.0,-0.0711177391970671,351.7526176951322,1.0,0.0
evt_pay_006081_0,cust_049,pay_006081,2026-06-05T07:22:04.907837+00:00,376869,WHATSAPP_NUDGE,0.8333333333333334,0,0.34296028880866425,1.5270863261770085,0.35473074537917404,0.0,1.0,0.9365471377846547,-0.3505416647238542,0.8148148148148149,6.0,0.2100296838614713,338.1879161044624,0.0,0.0
evt_pay_002004_0,cust_015,pay_002004,2026-06-05T07:36:02.640909+00:00,122162,RETRY_LATER,0.8333333333333334,0,0.40569395017793597,0.647206816538926,0.10266856636027873,0.0,1.0,0.9134673260878967,-0.40691208407938473,0.9642857142857143,8.0,1.245182551392603,352.7328405953314,0.0,1.0
evt_pay_000744_0,cust_003,pay_000744,2026-06-05T07:43:16.543102+00:00,213489,RETRY_NOW,0.8333333333333334,1,0.4940239043824701,3.4084457516049915,-0.08763802670622897,0.0,1.0,0.9001749289969612,-0.4355285262819371,0.8214285714285714,2.0,2.053947620637407,341.35238120438044,1.0,0.0
evt_pay_006907_0,cust_051,pay_006907,2026-06-05T07:43:48.767289+00:00,598009,RETRY_LATER,0.03333333333333333,1,0.49236641221374045,1.2848413112689059,-0.05206522288785315,0.0,1.0,0.8991518367936125,-0.4376368064853238,0.7777777777777778,4.0,-1.013594580420746,344.11700227946994,1.0,0.0
evt_pay_002675_0,cust_006,pay_002675,2026-06-05T07:56:38.456715+00:00,126965,ESCALATE_HUMAN,0.03333333333333333,0,0.379746835443038,0.507133275738795,-0.06956708366523426,0.0,1.0,0.8732604451569227,-0.48725372746068674,0.9655172413793104,7.0,-0.3286363658753921,357.97940130104985,0.0,0.0
evt_pay_004751_0,cust_007,pay_004751,2026-06-05T07:57:41.062519+00:00,261174,RETRY_NOW,0.8333333333333334,0,0.3389830508474576,0.1722579610300651,-0.48552401721290167,0.0,1.0,0.8710330225455785,-0.49122446359593464,1.0,11.0,-0.46533070623945577,364.43003184116606,1.0,0.0
evt_pay_005594_0,cust_014,pay_005594,2026-06-05T08:05:46.643811+00:00,76247,RETRY_LATER,0.8333333333333334,0,0.23824451410658307,0.035093448899942814,0.4024607550604425,0.0,1.0,0.8531472594566603,-0.5216701579365932,0.9655172413793104,12.0,-0.8122776257059364,360.09436815966296,0.0,1.0
evt_pay_008168_2,cust_050,pay_008168,2026-06-05T08:37:10.293983+00:00,147455,ESCALATE_HUMAN,0.8333333333333334,0,0.46619217081850534,0.9166666666666666,0.7553031100438315,2.0,1.0,0.773918784220149,-0.6332848612048186,0.9166666666666666,8.0,-0.900782201038446,363.07399726101977,0.0,1.0
evt_pay_003125_1,cust_058,pay_003125,2026-06-05T08:39:42.005166+00:00,276389,RETRY_LATER,0.03333333333333333,0,0.3442622950819672,0.08037897129437017,0.3988859877656177,1.0,1.0,0.7668849524968888,-0.6417845975355319,0.9655172413793104,2.0,4.286983765334936,354.3250154331272,0.0,1.0
evt_pay_002889_2,cust_027,pay_002889,2026-06-05T08:43:42.038721+00:00,60301,ESCALATE_HUMAN,0.8333333333333334,0,0.29965156794425085,0.20945773482215677,-0.6932940014372317,2.0,1.0,0.7555658680526925,-0.6550726822527262,0.7857142857142857,8.0,-0.8172299270627982,338.5055945191145,0.0,0.0
evt_pay_003090_1,cust_058,pay_003090,2026-06-05T08:43:57.262046+00:00,249954,WHATSAPP_NUDGE,0.8333333333333334,0,0.3431372549019608,0.002954362038963154,0.08745928035116111,1.0,1.0,0.7548401929367586,-0.6559087460365176,0.9655172413793104,2.0,4.286983765334936,354.32796979516615,1.0,0.0
evt_pay_007532_0,cust_049,pay_007532,2026-06-05T09:05:37.864762+00:00,360230,WHATSAPP_NUDGE,0.8333333333333334,0,0.34172661870503596,0.07190922367162027,0.2129229116703882,0.0,1.0,0.6895213329301714,-0.7242653736264075,0.7857142857142857,7.0,0.2100296838614713,338.259825328134,0.0,0.0
evt_pay_007912_1,cust_014,pay_007912,2026-06-05T09:15:14.569826+00:00,65790,WHATSAPP_NUDGE,0.8333333333333334,0,0.2375,0.04823988443339052,-0.04456437603242676,1.0,1.0,0.6585488350703499,-0.7525379936106118,0.9655172413793104,12.0,-0.8122776257059364,360.14260804409633,1.0,0.0
evt_pay_007873_1,cust_021,pay_007873,2026-06-05T09:17:25.842863+00:00,177193,WHATSAPP_NUDGE,0.8333333333333334,0,0.2836676217765043,0.08333333333333333,-0.5029506898296464,1.0,1.0,0.6513348738223932,-0.758790407255368,0.9166666666666666,12.0,-0.0711177391970671,351.83595102846556,1.0,0.0
evt_pay_006081_1,cust_049,pay_006081,2026-06-05T09:22:04.907837+00:00,284741,WHATSAPP_NUDGE,0.8333333333333334,0,0.34050179211469533,0.01142410966171307,-0.43043199156788026,1.0,1.0,0.6358027808011888,-0.7718515556280725,0.7857142857142857,8.0,0.2100296838614713,338.2712494377957,1.0,0.0
evt_pay_004751_1,cust_007,pay_004751,2026-06-05T09:57:41.062519+00:00,440010,WHATSAPP_NUDGE,0.8333333333333334,0,0.33755274261603374,0.08333333333333333,1.1384230488019607,1.0,1.0,0.5087244932616475,-0.8609293757072527,1.0,11.0,-0.46533070623945577,364.51336517449937,0.0,0.0
evt_pay_005594_1,cust_014,pay_005594,2026-06-05T10:05:46.643811+00:00,75974,WHATSAPP_NUDGE,0.8333333333333334,0,0.2367601246105919,0.035093448899942814,0.3908036665322567,1.0,1.0,0.478012120890245,-0.87835323889766,0.9666666666666667,13.0,-0.8122776257059364,360.1777014929963,0.0,0.0
evt_pay_007957_2,cust_021,pay_007957,2026-06-05T10:50:56.903425+00:00,234771,ESCALATE_HUMAN,0.8333333333333334,0,0.28285714285714286,0.06494283058704771,0.2620269639633159,2.0,1.0,0.29675662769534505,-0.9549531422634758,0.9,13.0,-0.0711177391970671,351.9008938590526,0.0,1.0
evt_pay_006022_0,cust_035,pay_006022,2026-06-05T11:07:24.857898+00:00,48300,RETRY_NOW,0.8333333333333334,0,0.2870662460567823,0.5678988775215809,0.2905367001331497,0.0,1.0,0.22744042279666746,-0.9737919973372513,0.625,3.0,0.5026080740568922,339.3992160695791,1.0,0.0
evt_pay_006253_0,cust_051,pay_006253,2026-06-05T11:10:26.346750+00:00,695289,PAYMENT_LINK,0.8333333333333334,0,0.49429657794676807,1.4283318142868022,0.4042452759721957,0.0,1.0,0.2145686447204218,-0.9767089109365397,0.6666666666666667,3.0,-1.013594580420746,344.2604927824878,0.0,0.0
evt_pay_000711_0,cust_050,pay_000711,2026-06-05T12:03:58.437776+00:00,121455,WHATSAPP_NUDGE,0.8333333333333334,0,0.4645390070921986,0.14361277538754771,0.1183395515121357,0.0,1.0,-0.017338815504050867,-0.9998496714391202,0.8888888888888888,8.0,-0.900782201038446,363.2176100364073,0.0,0.0
evt_pay_002345_0,cust_015,pay_002345,2026-06-05T12:10:04.344852+00:00,148396,WHATSAPP_NUDGE,0.8333333333333334,0,0.40425531914893614,0.1902974993471768,0.7382991914736915,0.0,1.0,-0.04393505102699972,-0.9990343894437543,0.9642857142857143,7.0,1.245182551392603,352.92313809467856,0.0,0.0
evt_pay_003402_2,cust_017,pay_003402,2026-06-05T12:35:10.506857+00:00,530449,PAYMENT_LINK,0.8333333333333334,0,0.3,0.9166666666666666,0.10415244411800706,2.0,1.0,-0.1528785291991769,-0.9882449874954572,0.782608695652174,2.0,0.5027156808516637,359.08603571581693,0.0,0.0
evt_pay_000939_0,cust_027,pay_000939,2026-06-05T12:49:50.990148+00:00,62430,WHATSAPP_NUDGE,0.8333333333333334,0,0.2986111111111111,0.17093693781250371,-0.6168830333194285,0.0,1.0,-0.21579988380951748,-0.9764376120100038,0.782608695652174,8.0,-0.8172299270627982,338.67653145692697,0.0,0.0
evt_pay_006022_1,cust_035,pay_006022,2026-06-05T13:07:24.857898+00:00,47733,WHATSAPP_NUDGE,0.8333333333333334,0,0.2861635220125786,0.08333333333333333,0.25361820965167753,1.0,1.0,-0.2899268146792381,-0.9570488190943818,0.6666666666666667,3.0,0.5026080740568922,339.4825494029124,0.0,0.0
evt_pay_006253_1,cust_051,pay_006253,2026-06-05T13:10:26.346750+00:00,519201,RETRY_NOW,0.03333333333333333,1,0.49242424242424243,0.08333333333333333,-0.42173004388628527,1.0,1.0,-0.30253255828478665,-0.9531390513338871,0.7,4.0,-1.013594580420746,344.3438261158212,0.0,1.0
evt_pay_005438_0,cust_009,pay_005438,2026-06-05T13:45:02.136275+00:00,129167,RETRY_LATER,0.03333333333333333,1,0.275,0.7939045897908272,0.24554840372004588,0.0,1.0,-0.4424280179136498,-0.8968040192622908,0.6363636363636364,9.0,-0.8984355580750027,338.1898126557008,1.0,0.0
evt_pay_005560_0,cust_031,pay_005560,2026-06-05T13:53:57.930313+00:00,43467,RETRY_NOW,0.8333333333333334,0,0.30097087378640774,1.3424019910464533,-0.5478716831309426,0.0,1.0,-0.4770264824458513,-0.8788889207660647,0.2857142857142857,6.0,-0.07508066613848166,358.91463642726194,1.0,0.0
evt_pay_000711_1,cust_050,pay_000711,2026-06-05T14:03:58.437776+00:00,148787,WHATSAPP_NUDGE,0.8333333333333334,0,0.4628975265017668,0.08333333333333333,0.7879432001910494,1.0,1.0,-0.5149406904175998,-0.8572258076797767,1.0,9.0,-0.900782201038446,363.30094336974065,0.0,0.0
evt_pay_004864_0,cust_058,pay_004864,2026-06-05T14:05:33.495349+00:00,199288,WHATSAPP_NUDGE,0.8333333333333334,0,0.34201954397394135,0.22333603360131823,-0.5094115727880655,0.0,1.0,-0.5208541545950294,-0.8536456815571067,0.9655172413793104,3.0,4.286983765334936,354.55130582876745,0.0,0.0
evt_pay_007542_0,cust_019,pay_007542,2026-06-05T14:05:46.400543+00:00,119215,RETRY_NOW,0.8333333333333334,0,0.42066420664206644,2.596115926464942,-0.01098679209905519,0.0,1.0,-0.5216550648771748,-0.8531564881591128,0.5833333333333333,9.0,-0.5137657855739247,341.9965953437122,1.0,0.0
evt_pay_002345_1,cust_015,pay_002345,2026-06-05T14:10:04.344852+00:00,99442,WHATSAPP_NUDGE,0.8333333333333334,0,0.4028268551236749,0.08333333333333333,-0.4477996203251308,1.0,1.0,-0.5375660650278247,-0.8432216349990674,0.9666666666666667,8.0,1.245182551392603,353.00647142801193,1.0,0.0
evt_pay_003562_0,cust_021,pay_003562,2026-06-05T14:34:31.409552+00:00,223531,WHATSAPP_NUDGE,0.8333333333333334,0,0.28205128205128205,0.1552604875762237,0.11269317407787847,0.0,1.0,-0.624300618905731,-0.7811841890578184,1.0,13.0,-0.0711177391970671,352.05615434662883,0.0,0.0
evt_pay_002325_0,cust_042,pay_002325,2026-06-05T14:34:31.454143+00:00,265182,RETRY_LATER,0.8333333333333334,0,0.42,1.6096875060789178,0.40320565113751095,0.0,1.0,-0.6243031520663308,-0.7811821646197792,1.0,3.0,0.21388002896855346,362.5368936627944,0.0,1.0
evt_pay_005759_0,cust_004,pay_005759,2026-06-05T15:07:54.931354+00:00,412504,PAYMENT_LINK,0.03333333333333333,1,0.4831932773109244,2.1308035425492826,-0.060199238486927535,0.0,1.0,-0.7311022657620736,-0.6822678923982589,0.375,2.0,-0.2585165281110097,361.7944508107236,0.0,1.0
evt_pay_005692_0,cust_000,pay_005692,2026-06-05T15:18:29.671104+00:00,171216,WHATSAPP_NUDGE,0.8333333333333334,0,0.35517241379310344,1.0236302160812254,0.9855342113634763,0.0,1.0,-0.7618055366895133,-0.6478057766562464,1.0,7.0,0.8132490481077264,355.29305195640774,0.0,0.0
evt_pay_005480_0,cust_048,pay_005480,2026-06-05T15:19:16.087379+00:00,215365,WHATSAPP_NUDGE,0.8333333333333334,0,0.2613981762917933,1.563575533833614,0.3564242604584285,0.0,1.0,-0.7639878523825313,-0.6452306265297142,0.7727272727272727,6.0,-0.4506859321563252,346.64400764952074,0.0,0.0
evt_pay_007119_0,cust_033,pay_007119,2026-06-05T15:30:24.959195+00:00,84685,RETRY_NOW,0.8333333333333334,1,0.6255144032921811,9.706219641757363,0.17563059770218797,0.0,1.0,-0.7944569858642367,-0.607320424167928,0.9655172413793104,1.0,-0.3958893149650273,340.3896582720338,1.0,0.0
evt_pay_000139_0,cust_014,pay_000139,2026-06-05T15:38:38.625641+00:00,64295,RETRY_LATER,0.8333333333333334,0,0.2360248447204969,0.2311571971088521,-0.10848512676955929,0.0,1.0,-0.8157434618345317,-0.5784138695382519,0.9333333333333333,14.0,-0.8122776257059364,360.4088586901051,0.0,1.0
evt_pay_003053_0,cust_036,pay_003053,2026-06-05T15:40:33.342659+00:00,338663,WHATSAPP_NUDGE,0.8333333333333334,0,0.4280821917808219,1.5696371986092192,-0.0031871922926673306,0.0,1.0,-0.8205404123795524,-0.5715885160252907,0.6666666666666667,2.0,-0.5882553306323993,347.0945463700046,0.0,0.0
evt_pay_005560_1,cust_031,pay_005560,2026-06-05T15:53:57.930313+00:00,46502,DO_NOTHING,0.03333333333333333,0,0.3,0.08333333333333333,-0.38663760429376265,1.0,1.0,-0.8525615124590713,-0.5226268912651748,0.33333333333333337,6.0,-0.07508066613848166,358.99796976059525,0.0,0.0
evt_pay_004864_1,cust_058,pay_004864,2026-06-05T16:05:33.495349+00:00,274885,WHATSAPP_NUDGE,0.8333333333333334,0,0.3409090909090909,0.08333333333333333,0.3811651576218525,1.0,1.0,-0.877895770324516,-0.4788517687618212,0.9333333333333333,4.0,4.286983765334936,354.63463916210077,0.0,0.0
evt_pay_007542_1,cust_019,pay_007542,2026-06-05T16:05:46.400543+00:00,118201,WHATSAPP_NUDGE,0.8333333333333334,0,0.41911764705882354,0.08333333333333333,-0.03520543634225213,1.0,1.0,-0.8783447822760093,-0.47802765971072203,0.6923076923076923,9.0,-0.5137657855739247,342.07992867704553,0.0,0.0
evt_pay_007366_0,cust_055,pay_007366,2026-06-05T16:13:11.103397+00:00,365432,RETRY_LATER,0.8333333333333334,0,0.32098765432098764,2.046868375189509,0.48550547063542177,0.0,1.0,-0.8933420895767484,-0.44937724796728273,0.782608695652174,10.0,-1.0480965437343166,362.6248366976356,0.0,1.0
evt_pay_005692_1,cust_000,pay_005692,2026-06-05T17:18:29.671104+00:00,128450,WHATSAPP_NUDGE,0.8333333333333334,0,0.3539518900343643,0.08333333333333333,0.025723755573912196,1.0,1.0,-0.9836458358448799,-0.18011349095786164,1.0,8.0,0.8132490481077264,355.3763852897411,1.0,0.0
evt_pay_007626_0,cust_029,pay_007626,2026-06-05T17:18:47.110714+00:00,45982,RETRY_NOW,0.8333333333333334,0,0.3824451410658307,0.4241445631664836,0.07927795287000233,0.0,1.0,-0.9838734726084596,-0.17886584329427127,0.7916666666666666,12.0,-0.8256115037842402,339.7346655653384,1.0,0.0
evt_pay_000048_0,cust_056,pay_000048,2026-06-05T17:20:08.774463+00:00,173623,RETRY_LATER,0.8333333333333334,0,0.2621359223300971,0.46609135588806794,0.25606591858812844,0.0,1.0,-0.9849183568863669,-0.17301973953355534,0.935483870967742,13.0,-0.26273729270347856,347.67777044704485,0.0,1.0
evt_pay_001895_0,cust_012,pay_001895,2026-06-05T17:23:55.030340+00:00,592853,PAYMENT_LINK,0.8333333333333334,0,0.5941422594142259,1.827719809796425,0.2704097778973289,0.0,1.0,-0.9876317400688703,-0.15679140923065693,1.0,1.0,-0.5006574979571285,345.9310294161564,0.0,0.0
evt_pay_006024_0,cust_028,pay_006024,2026-06-05T17:26:13.393151+00:00,159472,RETRY_NOW,0.8333333333333334,0,0.41312741312741313,1.2218415304678085,-0.8651250025412258,0.0,1.0,-0.9891593572633121,-0.146846062046047,0.8,3.0,0.3910481863531735,337.05382045677015,1.0,0.0
evt_pay_000139_1,cust_014,pay_000139,2026-06-05T17:38:38.625641+00:00,56169,RETRY_LATER,0.03333333333333333,0,0.23529411764705882,0.08333333333333333,-0.4558886101388205,1.0,1.0,-0.9956614956888921,-0.09304937400411896,0.9375,14.0,-0.8122776257059364,360.49219202343846,0.0,0.0
evt_pay_003748_0,cust_035,pay_003748,2026-06-05T17:48:54.835379+00:00,49102,RETRY_NOW,0.8333333333333334,0,0.2852664576802508,0.19548585047143283,0.34286060206591534,0.0,1.0,-0.9988302963216231,-0.048353274450223485,0.6923076923076923,3.0,0.5026080740568922,339.6780352533838,1.0,0.0
evt_pay_006468_2,cust_002,pay_006468,2026-06-05T18:01:44.091429+00:00,275119,PAYMENT_LINK,0.03333333333333333,0,0.36298932384341637,0.9166666666666666,-0.2996175773239917,2.0,1.0,-0.9999713496373809,0.007569670032107164,0.8076923076923077,5.0,-0.38277421977533765,344.8337501665381,0.0,0.0
evt_pay_006176_0,cust_030,pay_006176,2026-06-05T18:08:38.707307+00:00,233807,WHATSAPP_NUDGE,0.8333333333333334,0,0.3682539682539683,3.139848658594796,1.0055352941668176,0.0,1.0,-0.9992886300910457,0.03771251477641357,1.0,5.0,1.7722569671050512,336.70019813008145,0.0,0.0
evt_pay_007366_1,cust_055,pay_007366,2026-06-05T18:13:11.103397+00:00,344202,WHATSAPP_NUDGE,0.8333333333333334,0,0.32,0.08333333333333333,0.29131092634580347,1.0,1.0,-0.9983455678269791,0.05749893216596868,0.8076923076923077,10.0,-1.0480965437343166,362.7081700309689,0.0,0.0
evt_pay_007392_0,cust_020,pay_007392,2026-06-05T19:08:51.387513+00:00,72007,RETRY_NOW,0.8333333333333334,0,0.2894736842105263,3.0590933290326157,0.5000073021845148,0.0,1.0,-0.9552054863784998,0.29594337092155615,1.0,0.0,0.06752823759169156,351.0362372668969,1.0,0.0
evt_pay_000048_1,cust_056,pay_000048,2026-06-05T19:20:08.774463+00:00,125284,WHATSAPP_NUDGE,0.8333333333333334,0,0.26129032258064516,0.08333333333333333,-0.6106930542750093,1.0,1.0,-0.9394741874839992,0.342619688650958,0.9666666666666667,12.0,-0.26273729270347856,347.76110378037816,0.0,0.0
evt_pay_007455_0,cust_030,pay_007455,2026-06-05T19:40:27.254646+00:00,222489,WHATSAPP_NUDGE,0.8333333333333334,0,0.3670886075949367,0.06375633494152073,0.818549313173815,0.0,1.0,-0.9054683722056818,0.4244137449885346,1.0,6.0,1.7722569671050512,336.763954465023,0.0,0.0
evt_pay_007642_0,cust_004,pay_007642,2026-06-05T19:45:15.838822+00:00,386581,RETRY_LATER,0.03333333333333333,0,0.48535564853556484,2.3234066382366145,-0.23597131116323872,0.0,1.0,-0.8963627046027024,0.4433214429703671,0.6666666666666667,3.0,-0.2585165281110097,361.9870539064109,1.0,0.0
evt_pay_006176_1,cust_030,pay_006176,2026-06-05T20:08:38.707307+00:00,240078,WHATSAPP_NUDGE,0.8333333333333334,0,0.3659305993690852,0.019576998391812594,1.1091339191123801,1.0,1.0,-0.8465530819835899,0.5323043108824925,1.0,7.0,1.7722569671050512,336.7835314634148,0.0,0.0
evt_pay_003293_0,cust_021,pay_003293,2026-06-05T20:30:42.708175+00:00,210663,ESCALATE_HUMAN,0.03333333333333333,0,0.28125,0.24735299332568653,-0.05827056544386743,0.0,1.0,-0.7914588097651847,0.6112225064942204,1.0,13.0,-0.0711177391970671,352.3035073399545,1.0,0.0
evt_pay_005015_0,cust_026,pay_005015,2026-06-05T20:46:20.514842+00:00,193817,RETRY_LATER,0.8333333333333334,0,0.4369369369369369,3.429344977674816,-0.4237881931542801,0.0,1.0,-0.7479663371499679,0.6637366635123153,1.0,5.0,1.9048100532514713,353.4187522810195,0.0,1.0
evt_pay_006568_0,cust_054,pay_006568,2026-06-05T21:19:24.681551+00:00,90744,RETRY_LATER,0.03333333333333333,0,0.44884488448844884,6.72900726146194,-0.23483450717552606,0.0,1.0,-0.6447530189438954,0.7643909631613477,0.7142857142857143,1.0,-0.6956354929968003,352.3450614565724,0.0,0.0
evt_pay_007455_1,cust_030,pay_007455,2026-06-05T21:40:27.254646+00:00,164241,WHATSAPP_NUDGE,0.8333333333333334,0,0.36477987421383645,0.06375633494152073,-0.1437431463417236,1.0,1.0,-0.5719517401591971,0.820287270978202,1.0,8.0,1.7722569671050512,336.8472877983563,1.0,0.0
evt_pay_005148_0,cust_026,pay_005148,2026-06-05T21:42:35.603460+00:00,249358,RETRY_LATER,0.03333333333333333,0,0.4349775784753363,0.03906352566959489,0.27353435296920986,0.0,1.0,-0.5642705489846671,0.8255899391032708,1.0,5.0,1.9048100532514713,353.45781580668904,0.0,0.0
evt_pay_000233_0,cust_044,pay_000233,2026-06-05T21:44:08.419630+00:00,210813,WHATSAPP_NUDGE,0.8333333333333334,0,0.3951890034364261,2.4113115113817494,-0.20324543855932165,0.0,1.0,-0.5586851849434805,0.8293798069188019,1.0,8.0,-0.8459251821363672,356.7495776223832,0.0,0.0
evt_pay_000282_0,cust_047,pay_000282,2026-06-05T21:48:29.726374+00:00,88838,RETRY_LATER,0.8333333333333334,0,0.4346153846153846,3.5641510742373157,-0.5716014726577411,0.0,1.0,-0.5428247568556551,0.8398459878719424,0.9642857142857143,6.0,1.898235005697721,338.9249120263365,0.0,1.0
evt_pay_000843_0,cust_050,pay_000843,2026-06-05T22:34:24.383805+00:00,130663,WHATSAPP_NUDGE,0.8333333333333334,0,0.4612676056338028,0.35446696792412996,0.3439292222264624,0.0,1.0,-0.3648507974289258,0.9310659996023252,1.0,10.0,-0.900782201038446,363.65541033766476,0.0,0.0
evt_pay_006568_1,cust_054,pay_006568,2026-06-05T23:19:24.681551+00:00,123140,WHATSAPP_NUDGE,0.8333333333333334,0,0.4473684210526316,0.08333333333333333,0.7013244652463062,1.0,1.0,-0.1761770119914478,0.9843585019929301,0.8571428571428572,1.0,-0.6956354929968003,352.4283947899057,0.0,0.0
evt_pay_004203_0,cust_005,pay_004203,2026-06-05T23:20:18.613714+00:00,138022,WHATSAPP_NUDGE,0.8333333333333334,0,0.2679738562091503,1.354892926700207,0.1555306603675224,0.0,1.0,-0.17231495617806547,0.9850419056453138,0.8181818181818181,9.0,-0.6412832630166057,356.6495556156104,0.0,0.0
evt_pay_003727_2,cust_029,pay_003727,2026-06-05T23:32:12.766885+00:00,48755,ESCALATE_HUMAN,0.8333333333333334,0,0.38125,0.25932472420477853,0.25637470449073196,2.0,1.0,-0.12094777733622145,0.9926588714948493,0.8260869565217391,12.0,-0.8256115037842402,339.99399028954315,0.0,1.0
evt_pay_005148_1,cust_026,pay_005148,2026-06-05T23:42:35.603460+00:00,204369,WHATSAPP_NUDGE,0.8333333333333334,0,0.4330357142857143,0.08333333333333333,-0.29130783332281884,1.0,1.0,-0.07587766047647747,0.9971171348646138,1.0,5.0,1.9048100532514713,353.54114914002236,1.0,0.0
evt_pay_000233_1,cust_044,pay_000233,2026-06-05T23:44:08.419630+00:00,242976,WHATSAPP_NUDGE,0.8333333333333334,0,0.3938356164383562,0.08333333333333333,0.201654802686721,1.0,1.0,-0.06914565941966028,0.9976065746492554,1.0,9.0,-0.8459251821363672,356.8329109557165,0.0,0.0
evt_pay_003440_0,cust_039,pay_003440,2026-06-06T00:14:20.267841+00:00,291666,WHATSAPP_NUDGE,0.8333333333333334,0,0.6233766233766234,4.703936685931599,0.4526172380870559,0.0,1.0,0.06251964255946532,0.9980437336581182,0.6363636363636364,4.0,-0.6642333856639545,337.4117161895711,0.0,0.0
evt_pay_005257_0,cust_033,pay_005257,2026-06-06T01:49:05.386909+00:00,83672,RETRY_NOW,0.03333333333333333,1,0.6270491803278688,10.135854221790074,0.139327552076728,0.0,1.0,0.45822214987280124,0.8888377024890135,0.9615384615384616,1.0,-0.3958893149650273,340.81929285206644,0.0,0.0
evt_pay_004997_0,cust_026,pay_004997,2026-06-06T01:49:40.427427+00:00,267613,WHATSAPP_NUDGE,0.8333333333333334,0,0.4311111111111111,0.0882502774020774,0.5027240017812955,0.0,1.0,0.46048561226372414,0.8876671678608503,1.0,6.0,1.9048100532514713,353.6293994174245,0.0,0.0
evt_pay_003440_1,cust_039,pay_003440,2026-06-06T02:14:20.267841+00:00,245543,WHATSAPP_NUDGE,0.8333333333333334,0,0.6206896551724138,0.08333333333333333,-0.07077809005826317,1.0,1.0,0.5531654655210787,0.8330714061560679,0.6666666666666667,5.0,-0.6642333856639545,337.4950495229045,0.0,1.0
evt_pay_003527_0,cust_059,pay_003527,2026-06-06T02:31:16.172440+00:00,138314,RETRY_NOW,0.8333333333333334,0,0.3700787401574803,1.711732148196366,-0.46751934723123667,0.0,1.0,0.6131467809191583,0.7899690025871102,1.0,5.0,-0.38878117849020055,348.7256402517732,1.0,0.0
evt_pay_006542_0,cust_016,pay_006542,2026-06-06T02:57:22.206482+00:00,88985,RETRY_NOW,0.8333333333333334,0,0.3194444444444444,0.9930154734148005,-0.6727931959088523,0.0,1.0,0.698946306123838,0.7151741474325272,1.0,3.0,-0.5381138706705891,358.90281893241973,1.0,0.0
evt_pay_000622_2,cust_046,pay_000622,2026-06-06T03:42:47.081890+00:00,112248,ESCALATE_HUMAN,0.8333333333333334,0,0.4149377593360996,0.9166666666666666,0.15633813507336594,2.0,1.0,0.8260606678045261,0.5635812036488977,0.9259259259259259,4.0,-0.9687765812058661,360.1750804245593,0.0,1.0
evt_pay_001919_0,cust_023,pay_001919,2026-06-06T03:59:13.774318+00:00,90348,RETRY_NOW,0.8333333333333334,0,0.39501779359430605,3.608858902123169,0.21167743815216447,0.0,1.0,0.864339700464825,0.5029084232744334,1.0,4.0,0.9385908116339667,360.4183966744697,1.0,0.0
evt_pay_008509_2,cust_056,pay_008509,2026-06-06T04:08:58.481314+00:00,182717,ESCALATE_HUMAN,0.8333333333333334,0,0.2604501607717042,0.3672419774452654,0.4191371046767026,2.0,1.0,0.8849362086910788,0.46571225724416937,0.9230769230769231,11.0,-0.26273729270347856,348.1283457578235,0.0,1.0
evt_pay_001168_0,cust_052,pay_001168,2026-06-06T04:14:03.747611+00:00,134956,WHATSAPP_NUDGE,0.8333333333333334,1,0.46835443037974683,1.6587842084495417,-0.21182980639025606,0.0,1.0,0.8950559324138538,0.4459538965529583,1.0,2.0,-1.0656726581061444,366.0512246855057,0.0,0.0
evt_pay_003165_0,cust_031,pay_003165,2026-06-06T04:29:59.201272+00:00,58679,RETRY_LATER,0.8333333333333334,0,0.2990353697749196,0.5250147101693301,0.26031514502062025,0.0,1.0,0.9238573027270285,0.38273709540354145,0.8571428571428572,5.0,-0.07508066613848166,359.52298447076464,0.0,1.0
evt_pay_003527_1,cust_059,pay_003527,2026-06-06T04:31:16.172440+00:00,167872,WHATSAPP_NUDGE,0.8333333333333334,1,0.3686274509803922,0.08333333333333333,0.04315060787049664,1.0,1.0,0.9259851898181978,0.3775598339831134,0.9375,5.0,-0.38878117849020055,348.8089735851065,0.0,0.0
evt_pay_002419_0,cust_002,pay_002419,2026-06-06T04:40:33.803777+00:00,323924,WHATSAPP_NUDGE,0.8333333333333334,0,0.3617021276595745,0.4436309299590941,0.1540752707382956,0.0,1.0,0.940530561892441,0.3397090845801583,0.8333333333333334,6.0,-0.38277421977533765,345.27738109649727,0.0,0.0
evt_pay_006542_1,cust_016,pay_006542,2026-06-06T04:57:22.206482+00:00,80486,WHATSAPP_NUDGE,0.8333333333333334,1,0.31833910034602075,0.08333333333333333,-0.8814072960319526,1.0,1.0,0.9628923307008023,0.269885826744527,1.0,3.0,-0.5381138706705891,358.9861522657531,1.0,0.0
evt_pay_000565_0,cust_025,pay_000565,2026-06-06T04:58:12.756604+00:00,192874,RETRY_LATER,0.03333333333333333,1,0.46953405017921146,1.3314847886445402,-0.3079716782448265,0.0,1.0,0.9638779519328872,0.26634431433327593,0.9230769230769231,3.0,0.10753773716001852,342.89090426170355,0.0,0.0
evt_pay_002982_0,cust_050,pay_002982,2026-06-06T05:02:51.243229+00:00,112381,DO_NOTHING,0.03333333333333333,0,0.45964912280701753,0.26975531740449316,-0.10395808375364772,0.0,1.0,0.9690739602178663,0.24677045939022213,0.8823529411764706,10.0,-0.900782201038446,363.9251656550693,0.0,0.0
evt_pay_000653_0,cust_027,pay_000653,2026-06-06T05:47:05.832351+00:00,74293,WHATSAPP_NUDGE,0.8333333333333334,0,0.2975778546712803,0.7064217847592621,-0.19117475414359547,0.0,1.0,0.9984156264638235,0.05626932408382809,0.9411764705882353,8.0,-0.8172299270627982,339.38295324168627,0.0,0.0
evt_pay_001919_1,cust_023,pay_001919,2026-06-06T05:59:13.774318+00:00,63159,WHATSAPP_NUDGE,0.8333333333333334,0,0.39361702127659576,0.08333333333333333,-0.7118396155913566,1.0,1.0,0.9999943497391874,0.00336162010042404,0.8888888888888888,4.0,0.9385908116339667,360.501730007803,0.0,1.0
evt_pay_003125_2,cust_058,pay_003125,2026-06-06T06:39:42.005166+00:00,213175,RETRY_NOW,0.03333333333333333,0,0.33980582524271846,0.607042937693052,-0.3458176301983577,2.0,1.0,0.9850341494100942,-0.17235928897489797,0.88,5.0,4.286983765334936,355.2416820997939,1.0,0.0
evt_pay_002419_1,cust_002,pay_002419,2026-06-06T06:40:33.803777+00:00,313108,WHATSAPP_NUDGE,0.8333333333333334,0,0.36042402826855124,0.08333333333333333,0.05353093206284984,1.0,1.0,0.9843779019245853,-0.17606858380344695,0.9444444444444444,7.0,-0.38277421977533765,345.3607144298306,0.0,0.0
evt_pay_003090_2,cust_058,pay_003090,2026-06-06T06:43:57.262046+00:00,295284,ESCALATE_HUMAN,0.8333333333333334,1,0.3387096774193548,0.002954362038963154,0.6214741194872447,2.0,1.0,0.9816651558990388,-0.19061354016364082,0.88,5.0,4.286983765334936,355.24463646183284,0.0,1.0
evt_pay_008178_0,cust_030,pay_008178,2026-06-06T07:08:06.174945+00:00,144034,WHATSAPP_NUDGE,0.8333333333333334,0,0.36363636363636365,0.39420046642476336,-0.47758010045367283,0.0,1.0,0.9561733686671606,-0.29280110835120515,0.9333333333333333,9.0,1.7722569671050512,337.2414882647811,0.0,0.0
evt_pay_007912_2,cust_014,pay_007912,2026-06-06T07:15:14.569826+00:00,65066,ESCALATE_HUMAN,0.8333333333333334,0,0.2345679012345679,0.5670826873245384,-0.07553852469510954,2.0,1.0,0.9465890176088774,-0.3224426022445863,0.8333333333333334,14.0,-0.8122776257059364,361.059274710763,1.0,0.0
evt_pay_000198_0,cust_055,pay_000198,2026-06-06T07:28:48.769560+00:00,327316,RETRY_NOW,0.8333333333333334,1,0.31901840490797545,0.5525192842899287,0.1368527603699605,0.0,1.0,0.925849437886749,-0.3778926016274875,0.9411764705882353,11.0,-1.0480965437343166,363.26068931525896,1.0,0.0
evt_pay_005793_0,cust_052,pay_005793,2026-06-06T07:37:13.337029+00:00,161992,WHATSAPP_NUDGE,0.8333333333333334,1,0.47058823529411764,1.7998674193102413,0.3181262614331358,0.0,1.0,0.9113632601696264,-0.4116029737659701,0.8888888888888888,3.0,-1.0656726581061444,366.1923078963664,0.0,0.0
evt_pay_000653_1,cust_027,pay_000653,2026-06-06T07:47:05.832351+00:00,66334,WHATSAPP_NUDGE,0.8333333333333334,0,0.296551724137931,0.08333333333333333,-0.47680163177158263,1.0,1.0,0.89278795809494,-0.45047714912153713,0.9411764705882353,9.0,-0.8172299270627982,339.4662865750196,0.0,0.0
evt_pay_004833_0,cust_044,pay_004833,2026-06-06T07:55:49.874094+00:00,223130,WHATSAPP_NUDGE,0.8333333333333334,0,0.3924914675767918,0.34145201925442353,-0.0481881339246315,0.0,1.0,0.8749764724672452,-0.48416543931674433,0.9375,10.0,-0.8459251821363672,357.17436297497096,0.0,0.0
evt_pay_005594_2,cust_014,pay_005594,2026-06-06T08:05:46.643811+00:00,55726,PAYMENT_LINK,0.03333333333333333,0,0.23384615384615384,0.035093448899942814,-0.4748371971234118,2.0,1.0,0.8531472594566603,-0.5216701579365932,0.8181818181818181,14.0,-0.8122776257059364,361.09436815966296,0.0,1.0
evt_pay_003703_0,cust_037,pay_003703,2026-06-06T08:51:59.183133+00:00,159243,WHATSAPP_NUDGE,0.8333333333333334,1,0.3836734693877551,2.6261842296069062,-0.006099198043371041,0.0,1.0,0.7313942139091738,-0.6819549133631795,0.9375,10.0,-0.33341852366871827,343.9992985142546,0.0,0.0
evt_pay_004459_0,cust_010,pay_004459,2026-06-06T09:02:12.525479+00:00,88122,RETRY_NOW,0.8333333333333334,0,0.3431372549019608,2.4233195811613277,0.3281944617439691,0.0,1.0,0.7002592891026048,-0.7138885963688695,0.8,2.0,-0.045395759303349575,366.3221335217477,1.0,0.0
evt_pay_005915_0,cust_016,pay_005915,2026-06-06T09:16:55.594378+00:00,109370,RETRY_LATER,0.8333333333333334,1,0.32068965517241377,0.263580878430389,-0.17239225280704365,0.0,1.0,0.6530024320680912,-0.7573558105099333,0.8823529411764706,4.0,-0.5381138706705891,359.1663998108502,0.0,1.0
evt_pay_001883_0,cust_048,pay_001883,2026-06-06T09:36:56.896430+00:00,227708,WHATSAPP_NUDGE,0.8333333333333334,0,0.2606060606060606,0.7622778825362199,0.5406028633830305,0.0,1.0,0.5844328213824519,-0.8114420973125236,0.9333333333333333,7.0,-0.4506859321563252,347.406285532057,0.0,0.0
evt_pay_007049_0,cust_034,pay_007049,2026-06-06T09:54:23.309860+00:00,59381,RETRY_LATER,0.8333333333333334,0,0.38996138996138996,7.261726290118493,0.2793296598482245,0.0,1.0,0.5210524695428076,-0.8535246475546805,0.8,0.0,-0.5369784473169031,350.5256248823436,0.0,1.0
evt_pay_006405_0,cust_031,pay_006405,2026-06-06T10:15:51.699669+00:00,50234,WHATSAPP_NUDGE,0.8333333333333334,0,0.2980769230769231,0.24019095367157206,-0.18837731976419997,0.0,1.0,0.4389135943521284,-0.898529274254821,0.8571428571428572,5.0,-0.07508066613848166,359.7631754244362,0.0,0.0
evt_pay_006034_0,cust_033,pay_006034,2026-06-06T10:21:59.919229+00:00,71859,RETRY_LATER,0.8333333333333334,0,0.6285714285714286,10.492040938454048,-0.283718889347812,0.0,1.0,0.41469858759226663,-0.9099588350299035,0.8,1.0,-0.3958893149650273,341.17547956873045,0.0,1.0
evt_pay_001617_0,cust_054,pay_001617,2026-06-06T10:58:34.387288+00:00,147915,RETRY_LATER,0.8333333333333334,1,0.4459016393442623,0.4855290015842873,1.4172719412014243,0.0,1.0,0.2648277786928602,-0.9642957262337137,0.875,1.0,-0.6956354929968003,352.91392379148994,0.0,1.0
evt_pay_000281_0,cust_036,pay_000281,2026-06-06T11:08:01.020482+00:00,346463,WHATSAPP_NUDGE,0.8333333333333334,0,0.42662116040955633,0.8107370118436089,0.06254314852461387,0.0,1.0,0.22487874418689596,-0.9743867560742626,0.8,2.0,-0.5882553306323993,347.9052833818482,0.0,0.0
evt_pay_001883_1,cust_048,pay_001883,2026-06-06T11:36:56.896430+00:00,120898,WHATSAPP_NUDGE,0.8333333333333334,0,0.2598187311178248,0.08333333333333333,-1.0531607659306754,1.0,1.0,0.10041262146635499,-0.9949458806639959,0.9375,8.0,-0.4506859321563252,347.48961886539036,0.0,0.0
evt_pay_001892_0,cust_045,pay_001892,2026-06-06T11:52:03.462766+00:00,73280,WHATSAPP_NUDGE,0.8333333333333334,0,0.2391304347826087,1.1987290967505828,-0.45887869788782165,0.0,1.0,0.03464782957493576,-0.9993995837030083,0.8095238095238095,9.0,1.000889969158722,340.3309959024289,0.0,0.0
evt_pay_007049_1,cust_034,pay_007049,2026-06-06T11:54:23.309860+00:00,58834,WHATSAPP_NUDGE,0.8333333333333334,0,0.38846153846153847,0.08333333333333333,0.25047481827194557,1.0,1.0,0.02448235155134874,-0.9997002623099167,0.8181818181818181,0.0,-0.5369784473169031,350.6089582156769,0.0,0.0
evt_pay_000711_2,cust_050,pay_000711,2026-06-06T12:03:58.437776+00:00,133596,ESCALATE_HUMAN,0.8333333333333334,0,0.458041958041958,0.2924443813380435,0.4157681363193025,2.0,1.0,-0.017338815504050867,-0.9998496714391202,0.8125,10.0,-0.900782201038446,364.2176100364073,0.0,0.0
evt_pay_002345_2,cust_015,pay_002345,2026-06-06T12:10:04.344852+00:00,108020,ESCALATE_HUMAN,0.8333333333333334,0,0.4014084507042254,0.9166666666666666,-0.23997299440141862,2.0,1.0,-0.04393505102699972,-0.9990343894437543,0.8260869565217391,8.0,1.245182551392603,353.92313809467856,0.0,0.0
evt_pay_006405_1,cust_031,pay_006405,2026-06-06T12:15:51.699669+00:00,65838,RETRY_LATER,0.03333333333333333,0,0.2971246006389776,0.08333333333333333,0.6406590019169072,1.0,1.0,-0.06915431435212903,-0.9976059747247341,0.7777777777777778,5.0,-0.07508066613848166,359.8465087577695,0.0,0.0
evt_pay_000281_1,cust_036,pay_000281,2026-06-06T13:08:01.020482+00:00,309816,WHATSAPP_NUDGE,0.8333333333333334,0,0.42517006802721086,0.08333333333333333,-0.24628111704021652,1.0,1.0,-0.2924426728001371,-0.9562830559648706,0.7777777777777778,3.0,-0.5882553306323993,347.98861671518154,0.0,0.0
evt_pay_001892_1,cust_045,pay_001892,2026-06-06T13:52:03.462766+00:00,112134,WHATSAPP_NUDGE,0.8333333333333334,0,0.23839009287925697,0.08333333333333333,0.8126902433238022,1.0,1.0,-0.4696938912536162,-0.8828293428058653,0.8260869565217391,10.0,1.000889969158722,340.41432923576224,0.0,1.0
evt_pay_005320_0,cust_038,pay_005320,2026-06-06T14:27:53.545006+00:00,44788,RETRY_NOW,0.8333333333333334,0,0.53125,1.5990647149963593,0.013514445986842972,0.0,1.0,-0.6014400610337666,-0.7989179263126465,0.8181818181818181,5.0,2.4957647172129915,364.55961022130236,1.0,0.0
evt_pay_005692_2,cust_000,pay_005692,2026-06-06T15:18:29.671104+00:00,132084,PAYMENT_LINK,0.03333333333333333,1,0.3527397260273973,0.9166666666666666,0.10726780341520799,2.0,1.0,-0.7618055366895133,-0.6478057766562464,0.7692307692307692,8.0,0.8132490481077264,356.29305195640774,0.0,1.0
evt_pay_005982_0,cust_056,pay_005982,2026-06-06T15:32:40.972926+00:00,222356,WHATSAPP_NUDGE,0.8333333333333334,0,0.25961538461538464,0.4747973566229196,1.1298886636212069,0.0,1.0,-0.800425151445431,-0.5994327125988027,0.8636363636363636,11.0,-0.26273729270347856,348.60314311444637,0.0,0.0
evt_pay_003264_0,cust_014,pay_003264,2026-06-06T15:39:24.999537+00:00,52224,WHATSAPP_NUDGE,0.8333333333333334,1,0.2331288343558282,0.31502726535120473,-0.6245252794936256,0.0,1.0,-0.8176894651339408,-0.5756595683292077,0.8636363636363636,14.0,-0.8122776257059364,361.4093954250141,0.0,0.0
evt_pay_004469_0,cust_019,pay_004469,2026-06-06T16:23:27.845061+00:00,138972,WHATSAPP_NUDGE,0.8333333333333334,1,0.4175824175824176,1.0122852374807962,0.46069054985106117,0.0,1.0,-0.9125918588350747,-0.40887173928744835,1.0,8.0,-0.5137657855739247,343.0922139145264,0.0,0.0
evt_pay_002877_0,cust_015,pay_002877,2026-06-06T16:36:03.370109+00:00,122146,RETRY_NOW,0.8333333333333334,0,0.4,0.18471094046981307,0.10227999681286785,0.0,1.0,-0.9336682277177689,-0.358139135742466,0.8181818181818181,8.0,1.245182551392603,354.1078490351484,1.0,0.0
evt_pay_007962_0,cust_021,pay_007962,2026-06-06T16:49:05.423359+00:00,274106,RETRY_LATER,0.8333333333333334,0,0.2804532577903683,0.846096240552375,0.7846297792721993,0.0,1.0,-0.952515963374533,-0.3044886525253205,0.6923076923076923,11.0,-0.0711177391970671,353.1496035805069,0.0,1.0
evt_pay_006308_0,cust_019,pay_006308,2026-06-06T17:13:30.840876+00:00,89809,RETRY_LATER,0.8333333333333334,0,0.4197080291970803,1.0470421334850357,-0.7130305419129336,0.0,1.0,-0.979499739820111,-0.20144542608938756,0.8333333333333334,9.0,-0.5137657855739247,343.12697081053057,0.0,1.0
evt_pay_000048_2,cust_056,pay_000048,2026-06-06T17:20:08.774463+00:00,141459,ESCALATE_HUMAN,0.8333333333333334,0,0.25878594249201275,0.07462733259848164,-0.32066035071973026,2.0,1.0,-0.9849183568863669,-0.17301973953355534,0.8260869565217391,12.0,-0.26273729270347856,348.67777044704485,1.0,0.0
evt_pay_006619_0,cust_013,pay_006619,2026-06-06T17:27:01.657314+00:00,156498,ESCALATE_HUMAN,0.03333333333333333,0,0.2703583061889251,3.4394808122188656,-0.2565103609125557,0.0,1.0,-0.9896686738376688,-0.14337334488805822,0.8571428571428572,5.0,-0.5595801808996762,338.3293730343108,1.0,0.0
evt_pay_005982_1,cust_056,pay_005982,2026-06-06T17:32:40.972926+00:00,182330,RETRY_LATER,0.03333333333333333,0,0.25796178343949044,0.00870600073485169,0.4121926814566459,1.0,1.0,-0.9929048712791513,-0.11891138124726366,0.8260869565217391,12.0,-0.26273729270347856,348.68647644777974,0.0,0.0
evt_pay_001950_0,cust_013,pay_001950,2026-06-06T17:50:12.181208+00:00,150705,RETRY_NOW,0.8333333333333334,0,0.2694805194805195,0.016094026544711443,-0.35278100200568274,0.0,1.0,-0.9990864694963789,-0.04273437105259909,0.875,5.0,-0.5595801808996762,338.34546706085547,1.0,0.0
evt_pay_000005_0,cust_014,pay_000005,2026-06-06T18:00:19.599041+00:00,65133,WHATSAPP_NUDGE,0.8333333333333334,0,0.23547400611620795,0.4128814262732021,-0.07268039342646664,0.0,1.0,-0.999998984285145,0.001425281964508231,0.8260869565217391,15.0,-0.8122776257059364,361.5072495859361,0.0,0.0
evt_pay_006176_2,cust_030,pay_006176,2026-06-06T18:08:38.707307+00:00,179090,ESCALATE_HUMAN,0.8333333333333334,0,0.3625,0.45870986530038255,0.10156807632122496,2.0,1.0,-0.9992886300910457,0.03771251477641357,0.8235294117647058,10.0,1.7722569671050512,337.70019813008145,0.0,1.0
evt_pay_005840_0,cust_056,pay_005840,2026-06-06T18:24:45.136728+00:00,162843,RETRY_LATER,0.8333333333333334,0,0.2571428571428571,0.0361593032648481,0.06276522547937179,0.0,1.0,-0.9941734303681746,0.1077923482904807,0.8333333333333334,12.0,-0.26273729270347856,348.7226357510446,0.0,1.0
evt_pay_007962_1,cust_021,pay_007962,2026-06-06T18:49:05.423359+00:00,136494,WHATSAPP_NUDGE,0.8333333333333334,0,0.2796610169491525,0.08333333333333333,-1.0436776291776144,1.0,1.0,-0.9771473480552136,0.21256307343624647,0.6666666666666667,11.0,-0.0711177391970671,353.2329369138402,0.0,1.0
evt_pay_007145_0,cust_057,pay_007145,2026-06-06T19:08:52.740318+00:00,93594,RETRY_NOW,0.8333333333333334,0,0.3346456692913386,2.2841571857050362,0.40915027637530443,0.0,1.0,-0.9551763672217674,0.2960373413963642,0.8888888888888888,3.0,-0.5990323654313375,358.06259614884743,1.0,0.0
evt_pay_008505_0,cust_034,pay_008505,2026-06-06T19:09:12.804244+00:00,50364,RETRY_LATER,0.8333333333333334,0,0.38697318007662834,0.3019617405534139,-0.1969200230744607,0.0,1.0,-0.9547434055296701,0.29743071394462256,0.84,1.0,-0.5369784473169031,350.9109199562304,0.0,1.0
evt_pay_006308_1,cust_019,pay_006308,2026-06-06T19:13:30.840876+00:00,123351,WHATSAPP_NUDGE,0.8333333333333334,0,0.41818181818181815,0.08333333333333333,0.08775994208213711,1.0,1.0,-0.9489943707291579,0.31529301344046556,0.8333333333333334,9.0,-0.5137657855739247,343.2103041438639,0.0,1.0
evt_pay_006473_0,cust_053,pay_006473,2026-06-06T19:22:30.155481+00:00,496342,WHATSAPP_NUDGE,0.8333333333333334,1,0.34494773519163763,5.345397795384088,1.573755290946432,0.0,1.0,-0.9359019438540056,0.3522606300600363,0.9,1.0,-0.06914381847567465,337.7916520414162,0.0,0.0
evt_pay_006447_0,cust_034,pay_006447,2026-06-06T19:28:44.409288+00:00,54160,WHATSAPP_NUDGE,0.8333333333333334,0,0.38549618320610685,0.013560243563991511,0.0035720506566367665,0.0,1.0,-0.9259692165326596,0.3775990069291662,0.84,1.0,-0.5369784473169031,350.9244801997943,0.0,0.0
evt_pay_004787_0,cust_019,pay_004787,2026-06-06T19:49:24.929155+00:00,112038,WHATSAPP_NUDGE,0.8333333333333334,0,0.4166666666666667,0.02493157731064836,-0.18232806577591892,0.0,1.0,-0.8881856017001881,0.45948486039528513,0.8571428571428572,10.0,-0.5137657855739247,343.23523572117455,0.0,0.0
evt_pay_005093_0,cust_059,pay_005093,2026-06-06T20:03:42.968523+00:00,147491,WHATSAPP_NUDGE,0.8333333333333334,0,0.37109375,0.7308656954043045,-0.3089664273478179,0.0,1.0,-0.8578045506647896,0.5139760236224823,0.6923076923076923,6.0,-0.38878117849020055,349.45650594717745,0.0,0.0
evt_pay_008550_0,cust_024,pay_008550,2026-06-06T20:07:47.982565+00:00,94294,PAYMENT_LINK,0.03333333333333333,0,0.2508591065292096,1.6025045000834741,-0.042049360011925774,0.0,1.0,-0.8485108859448567,0.5291779251188341,0.8,4.0,-1.1653357768016162,352.49660919235816,0.0,0.0
evt_pay_005904_0,cust_036,pay_005904,2026-06-06T20:38:56.485906+00:00,314077,RETRY_LATER,0.03333333333333333,0,0.423728813559322,0.31314196091593277,-0.21037534147275092,0.0,1.0,-0.7690052169843247,0.6392425019121395,0.875,4.0,-0.5882553306323993,348.3017586760975,0.0,0.0
evt_pay_006877_0,cust_016,pay_006877,2026-06-06T20:43:40.975595+00:00,148812,WHATSAPP_NUDGE,0.8333333333333334,0,0.3230240549828179,0.740495012882036,0.7958069163020631,0.0,1.0,-0.7556165112483813,0.6550142654391772,0.7857142857142857,4.0,-0.5381138706705891,359.6433139453018,0.0,0.0
evt_pay_007831_0,cust_001,pay_007831,2026-06-06T21:01:50.228869+00:00,367990,WHATSAPP_NUDGE,0.8333333333333334,1,0.29721362229102166,3.3690294394845446,-0.8634058129241662,0.0,1.0,-0.7014159064484092,0.7127522193449533,0.8181818181818181,2.0,0.16534712408787333,349.4293779105356,0.0,0.0
evt_pay_008430_0,cust_016,pay_008430,2026-06-06T21:42:22.531971+00:00,110276,RETRY_NOW,0.8333333333333334,0,0.3219178082191781,0.04075875435112645,-0.1501376710243264,0.0,1.0,-0.5650550877577664,0.8250531787703523,0.7692307692307692,5.0,-0.5381138706705891,359.6840726996529,1.0,0.0
evt_pay_005148_2,cust_026,pay_005148,2026-06-06T21:42:35.603460+00:00,267679,ESCALATE_HUMAN,0.8333333333333334,0,0.42920353982300885,0.8284163892645893,0.5035495727356053,2.0,1.0,-0.5642705489846671,0.8255899391032708,0.7857142857142857,4.0,1.9048100532514713,354.45781580668904,0.0,1.0
evt_pay_000233_2,cust_044,pay_000233,2026-06-06T21:44:08.419630+00:00,214292,ESCALATE_HUMAN,0.8333333333333334,0,0.391156462585034,0.5752146474122432,-0.15944424343809546,2.0,1.0,-0.5586851849434805,0.8293798069188019,0.7857142857142857,7.0,-0.8459251821363672,357.7495776223832,0.0,1.0
evt_pay_004787_1,cust_019,pay_004787,2026-06-06T21:49:24.929155+00:00,102574,WHATSAPP_NUDGE,0.8333333333333334,0,0.4151624548736462,0.08333333333333333,-0.40826385616549116,1.0,1.0,-0.5394488641502873,0.8420183626067574,0.8888888888888888,11.0,-0.5137657855739247,343.31856905450786,0.0,1.0
evt_pay_001164_0,cust_036,pay_001164,2026-06-06T21:53:59.493140+00:00,358608,WHATSAPP_NUDGE,0.8333333333333334,1,0.4222972972972973,0.05211813929103452,0.16489344691013608,0.0,1.0,-0.5225299925731922,0.8526209045416725,0.9,4.0,-0.5882553306323993,348.3538768153885,0.0,0.0
evt_pay_004600_0,cust_037,pay_004600,2026-06-06T21:56:11.874585+00:00,148603,RETRY_NOW,0.8333333333333334,1,0.3861788617886179,3.1707755658483734,-0.1965934682028587,0.0,1.0,-0.5142976811503595,0.8576117391706828,0.7857142857142857,8.0,-0.33341852366871827,344.543889850496,1.0,0.0
evt_pay_008550_1,cust_024,pay_008550,2026-06-06T22:07:47.982565+00:00,104216,WHATSAPP_NUDGE,0.8333333333333334,0,0.25,0.08333333333333333,0.25418010310815986,1.0,1.0,-0.470243020056469,0.8825369692472782,0.7272727272727273,5.0,-1.1653357768016162,352.5799425256915,1.0,0.0
evt_pay_007739_0,cust_005,pay_007739,2026-06-06T22:14:04.167295+00:00,116784,WHATSAPP_NUDGE,0.8333333333333334,0,0.2671009771986971,0.953999462746007,-0.3080464142736561,0.0,1.0,-0.44592657897801424,0.8950695426395453,0.8888888888888888,8.0,-0.6412832630166057,357.60355507835646,0.0,0.0
evt_pay_002901_0,cust_018,pay_002901,2026-06-06T22:17:40.691533+00:00,123855,WHATSAPP_NUDGE,0.8333333333333334,1,0.2867647058823529,2.502260720896743,-0.41544726831441153,0.0,1.0,-0.43177803834108697,0.9019798920188425,0.9,2.0,-0.4554811204429685,342.55116197972114,0.0,0.0
evt_pay_007679_0,cust_026,pay_007679,2026-06-06T22:19:29.765684+00:00,271570,WHATSAPP_NUDGE,0.8333333333333334,1,0.42731277533039647,0.025626877589786545,0.5523924428274446,0.0,1.0,-0.42460993893469084,0.9053763856860185,0.7333333333333334,4.0,1.9048100532514713,354.4834426842788,0.0,0.0
evt_pay_006877_1,cust_016,pay_006877,2026-06-06T22:43:40.975595+00:00,96120,WHATSAPP_NUDGE,0.8333333333333334,0,0.32081911262798635,0.04257457898220688,-0.4976505288809533,1.0,1.0,-0.32687596154047854,0.945067249335722,0.6875,5.0,-0.5381138706705891,359.7266472786352,0.0,0.0
evt_pay_001380_0,cust_055,pay_001380,2026-06-06T23:15:27.740883+00:00,283433,WHATSAPP_NUDGE,0.03333333333333333,0,0.3211009174311927,1.2099147857142611,-0.264545984739046,0.0,1.0,-0.19311131570346474,0.9811768544698131,0.8181818181818181,11.0,-1.0480965437343166,363.91808481668323,0.0,1.0
evt_pay_008380_0,cust_024,pay_008380,2026-06-06T23:24:13.892866+00:00,78161,RETRY_LATER,0.8333333333333334,0,0.24914675767918087,0.05307766552971316,-0.5236714902068776,0.0,1.0,-0.1554365063017113,0.9878458849986257,0.7272727272727273,6.0,-1.1653357768016162,352.6330201912212,0.0,1.0
evt_pay_006617_0,cust_002,pay_006617,2026-06-06T23:32:31.079963+00:00,362170,WHATSAPP_NUDGE,0.8333333333333334,1,0.3591549295774648,0.7027462521529438,0.5096086184394086,0.0,1.0,-0.119625682489248,0.9928190651316994,0.8,6.0,-0.38277421977533765,346.06346068198354,0.0,0.0
evt_pay_008430_1,cust_016,pay_008430,2026-06-06T23:42:22.531971+00:00,99276,WHATSAPP_NUDGE,0.8333333333333334,0,0.3197278911564626,0.04075875435112645,-0.4201618224706913,1.0,1.0,-0.07682547115069552,0.9970445561671122,0.7058823529411764,6.0,-0.5381138706705891,359.76740603298623,0.0,0.0
evt_pay_005743_0,cust_016,pay_005743,2026-06-06T23:46:11.093880+00:00,101559,RETRY_LATER,0.8333333333333334,0,0.31864406779661014,0.002645392465619049,-0.36411476745991894,0.0,1.0,-0.06024325484288048,0.9981837256967956,0.6875,7.0,-0.5381138706705891,359.77005142545187,0.0,1.0
evt_pay_004760_0,cust_025,pay_004760,2026-06-07T00:01:09.673790+00:00,226898,RETRY_LATER,0.8333333333333334,0,0.4714285714285714,2.1251991079293666,0.14172513875167936,0.0,1.0,0.005066799319604409,0.999987163689942,0.84,3.0,0.10753773716001852,343.68461858098834,0.0,1.0
evt_pay_007739_1,cust_005,pay_007739,2026-06-07T00:14:04.167295+00:00,145968,WHATSAPP_NUDGE,0.8333333333333334,0,0.2662337662337662,0.08333333333333333,0.3289608673192036,1.0,1.0,0.061351025702124286,0.9981162515685722,0.7272727272727273,8.0,-0.6412832630166057,357.6868884116898,0.0,0.0
evt_pay_003440_2,cust_039,pay_003440,2026-06-07T00:14:20.267841+00:00,226425,ESCALATE_HUMAN,0.8333333333333334,0,0.6180257510729614,0.9166666666666666,-0.2877245315969318,2.0,1.0,0.06251964255946532,0.9980437336581182,0.8181818181818181,6.0,-0.6642333856639545,338.4117161895711,0.0,0.0
evt_pay_007382_0,cust_056,pay_007382,2026-06-07T00:18:41.217379+00:00,156009,RETRY_LATER,0.8333333333333334,0,0.2563291139240506,0.24578797048862575,-0.059767186949545276,0.0,1.0,0.0814469111396097,0.9966776814325765,0.8461538461538461,12.0,-0.26273729270347856,348.96842372153316,0.0,1.0
evt_pay_005271_0,cust_048,pay_005271,2026-06-07T00:26:00.982331+00:00,182211,ESCALATE_HUMAN,0.03333333333333333,0,0.25903614457831325,0.5340750682973218,-0.13828060239892015,0.0,1.0,0.11327419136527099,0.9935637662327185,0.75,7.0,-0.4506859321563252,348.02369393368764,0.0,0.0
evt_pay_003595_0,cust_052,pay_003595,2026-06-07T01:07:00.687647+00:00,145081,RETRY_LATER,0.8333333333333334,0,0.47280334728033474,2.528887681097482,-0.013364824271756766,0.0,1.0,0.28824415317602226,0.9575569477372288,0.6666666666666667,4.0,-1.0656726581061444,366.9213281581536,0.0,1.0
evt_pay_003717_0,cust_057,pay_003717,2026-06-07T01:27:12.527254+00:00,71882,WHATSAPP_NUDGE,0.8333333333333334,0,0.3333333333333333,0.26272901546773636,-0.3485581170933689,0.0,1.0,0.37140343620344546,0.9284715868438157,0.75,3.0,-0.5990323654313375,358.3253251643152,0.0,0.0
evt_pay_000535_0,cust_010,pay_000535,2026-06-07T01:30:19.373640+00:00,86116,RETRY_NOW,0.8333333333333334,0,0.34201954397394135,0.6861903722387032,0.25566680811490944,0.0,1.0,0.383984697568707,0.923339456555967,0.8518518518518519,2.0,-0.045395759303349575,367.0083238939864,1.0,0.0
evt_pay_000472_0,cust_051,pay_000472,2026-06-07T01:31:04.014203+00:00,497824,WHATSAPP_NUDGE,0.8333333333333334,1,0.49433962264150944,1.5976581881225986,-0.5220027237688374,0.0,1.0,0.38698015507890304,0.9220880432882254,0.8181818181818181,3.0,-1.013594580420746,345.85815097061044,0.0,0.0
evt_pay_005305_0,cust_010,pay_005305,2026-06-07T01:42:47.278253+00:00,66302,RETRY_LATER,0.8333333333333334,0,0.3409090909090909,0.008656303384536082,-0.4605372224746598,0.0,1.0,0.43361178920638316,0.9010997815232445,0.8571428571428572,2.0,-0.045395759303349575,367.0169801973709,0.0,1.0
evt_pay_005743_1,cust_016,pay_005743,2026-06-07T01:46:11.093880+00:00,119851,WHATSAPP_NUDGE,0.8333333333333334,0,0.31756756756756754,0.08333333333333333,0.08488698283208228,1.0,1.0,0.4469196737478041,0.8945740915190626,0.7058823529411764,7.0,-0.5381138706705891,359.85338475878524,1.0,0.0
evt_pay_002967_0,cust_020,pay_002967,2026-06-07T02:00:35.619949+00:00,60757,RETRY_LATER,0.8333333333333334,0,0.2886297376093295,1.2859286161614705,-0.024527394466906292,0.0,1.0,0.5022416339399256,0.864727321840448,0.7058823529411764,0.0,0.06752823759169156,352.3221658830583,0.0,1.0
evt_pay_000654_0,cust_005,pay_000654,2026-06-07T02:20:47.485585+00:00,129885,RETRY_LATER,0.8333333333333334,0,0.26537216828478966,0.08800136910478311,-0.02208296246432442,0.0,1.0,0.5764017469651288,0.8171664616805732,0.7692307692307692,9.0,-0.6412832630166057,357.7748897807946,0.0,1.0
evt_pay_006147_0,cust_040,pay_006147,2026-06-07T02:22:32.790367+00:00,165524,RETRY_LATER,0.8333333333333334,0,0.47547169811320755,5.518661861636512,-0.6821209136595592,0.0,1.0,0.5826426287184115,0.8127284707699732,0.7857142857142857,3.0,-0.492492512121923,356.22823474129746,0.0,1.0
evt_pay_000842_0,cust_058,pay_000842,2026-06-07T02:55:40.674274+00:00,216447,RETRY_LATER,0.8333333333333334,1,0.3408360128617363,0.8444290406077167,-0.30726613201652214,0.0,1.0,0.6936467199759869,0.720315366951556,0.8928571428571429,5.0,4.286983765334936,356.08611114040156,0.0,1.0
evt_pay_003717_1,cust_057,pay_003717,2026-06-07T03:27:12.527254+00:00,102834,WHATSAPP_NUDGE,0.8333333333333334,0,0.33203125,0.08333333333333333,0.7316391136615795,1.0,1.0,0.7858806042269247,0.6183782627970713,0.7692307692307692,4.0,-0.5990323654313375,358.4086584976485,0.0,0.0
evt_pay_000535_1,cust_010,pay_000535,2026-06-07T03:30:19.373640+00:00,78003,WHATSAPP_NUDGE,0.8333333333333334,0,0.33980582524271846,0.07467702994879725,-0.037572832762644066,1.0,1.0,0.7942102310369685,0.6076430769096322,0.8620689655172413,2.0,-0.045395759303349575,367.09165722731973,0.0,0.0
evt_pay_006858_0,cust_043,pay_006858,2026-06-07T03:56:28.340079+00:00,128751,RETRY_NOW,0.8333333333333334,0,0.23958333333333334,2.054911627600783,-0.30718629584229395,0.0,1.0,0.8582269465767808,0.5132704045330254,0.8,5.0,-0.05414349663535748,352.8064724106305,1.0,0.0
evt_pay_005104_0,cust_039,pay_005104,2026-06-07T03:57:35.566840+00:00,324515,RETRY_NOW,0.8333333333333334,0,0.6153846153846154,0.15503818285393814,0.8253780323963303,0.0,1.0,0.8607259916299165,0.5090685291124339,0.7272727272727273,6.0,-0.6642333856639545,338.56675437242507,1.0,0.0
evt_pay_002900_0,cust_018,pay_002900,2026-06-07T04:03:56.499180+00:00,149818,RETRY_LATER,0.8333333333333334,0,0.2893772893772894,2.742721457549313,0.09640735794003474,0.0,1.0,0.8744962526438426,0.4850322712066453,0.8125,3.0,-0.4554811204429685,342.7916227163737,0.0,1.0
evt_pay_000654_1,cust_005,pay_000654,2026-06-07T04:20:47.485585+00:00,132007,WHATSAPP_NUDGE,0.8333333333333334,0,0.2645161290322581,0.08333333333333333,0.024240171108098542,1.0,1.0,0.9077617864978181,0.41948604145345486,0.8235294117647058,9.0,-0.6412832630166057,357.8582231141279,0.0,0.0
evt_pay_002419_2,cust_002,pay_002419,2026-06-07T04:40:33.803777+00:00,310209,ESCALATE_HUMAN,0.8333333333333334,1,0.36140350877192984,0.9166666666666666,0.026577975994317948,2.0,1.0,0.940530561892441,0.3397090845801583,0.8333333333333334,7.0,-0.38277421977533765,346.27738109649727,0.0,0.0
evt_pay_007077_0,cust_046,pay_007077,2026-06-07T04:57:11.045419+00:00,112280,RETRY_LATER,0.8333333333333334,0,0.4132231404958678,1.0516662445459322,0.15718673477751335,0.0,1.0,0.9626729592684231,0.27066727451499734,0.8571428571428572,3.0,-0.9687765812058661,361.22674666910524,0.0,1.0
evt_pay_001984_0,cust_006,pay_001984,2026-06-07T05:09:04.098724+00:00,153865,WHATSAPP_NUDGE,0.8333333333333334,0,0.3785488958990536,1.8836301158423983,0.5210392133759744,0.0,1.0,0.9754080599437922,0.22040670724069952,0.8928571428571429,3.0,-0.3286363658753921,359.8630314168922,0.0,0.0
evt_pay_008088_0,cust_050,pay_008088,2026-06-07T05:38:40.392831+00:00,111920,ESCALATE_HUMAN,0.03333333333333333,0,0.4564459930313589,0.7324300353602666,-0.11524958731990642,0.0,1.0,0.9956734455883948,0.09292141706912338,0.75,7.0,-0.900782201038446,364.95004007176755,1.0,0.0
evt_pay_006858_1,cust_043,pay_006858,2026-06-07T05:56:28.340079+00:00,133134,WHATSAPP_NUDGE,0.8333333333333334,1,0.23875432525951557,0.08333333333333333,-0.22038628274198643,1.0,1.0,0.999881540214355,0.015391736047925037,0.7647058823529411,5.0,-0.05414349663535748,352.8898057439638,0.0,1.0
evt_pay_005104_1,cust_039,pay_005104,2026-06-07T05:57:35.566840+00:00,253733,RETRY_NOW,0.03333333333333333,1,0.6127659574468085,0.08333333333333333,0.022161503938855295,1.0,1.0,0.9999448390052768,0.010503282663587582,0.75,6.0,-0.6642333856639545,338.6500877057584,0.0,0.0
evt_pay_008097_0,cust_037,pay_008097,2026-06-07T06:33:05.813445+00:00,169417,ESCALATE_HUMAN,0.03333333333333333,0,0.38866396761133604,3.529733191549989,0.17605631687702458,0.0,1.0,0.9895906346268595,-0.1439109997839273,0.75,8.0,-0.33341852366871827,344.9028474761976,0.0,0.0
evt_pay_001766_0,cust_002,pay_001766,2026-06-07T06:47:38.698826+00:00,429942,PAYMENT_LINK,0.03333333333333333,0,0.36363636363636365,1.00491776676904,1.1396243095791845,0.0,1.0,0.9784684957603349,-0.20639622768962468,0.7058823529411764,7.0,-0.38277421977533765,346.3656321965996,0.0,0.0
evt_pay_007663_0,cust_049,pay_007663,2026-06-07T06:51:26.028642+00:00,367952,WHATSAPP_NUDGE,0.8333333333333334,0,0.3392857142857143,1.8953833426473732,0.27873852819705625,0.0,1.0,0.9749228249618735,-0.22254322134893273,0.7222222222222222,8.0,0.2100296838614713,340.1666327804431,0.0,0.0
evt_pay_003858_0,cust_006,pay_003858,2026-06-07T06:52:25.383441+00:00,100538,WHATSAPP_NUDGE,0.8333333333333334,1,0.37735849056603776,0.07177412867019939,-0.6497767922694783,0.0,1.0,0.9739531597113893,-0.22674929479096756,0.9259259259259259,4.0,-0.3286363658753921,359.9348055455625,0.0,0.0
evt_pay_006634_0,cust_047,pay_006634,2026-06-07T06:55:38.279080+00:00,132245,RETRY_LATER,0.8333333333333334,0,0.4329501915708812,1.3799601007545637,0.5451502289292988,0.0,1.0,0.9706766530067038,-0.24038892509369705,0.8928571428571429,3.0,1.898235005697721,340.304872127091,0.0,1.0
evt_pay_001984_1,cust_006,pay_001984,2026-06-07T07:09:04.098724+00:00,150037,DO_NOTHING,0.03333333333333333,0,0.3793103448275862,0.08333333333333333,0.436994845040147,1.0,1.0,0.9549315125877683,-0.2968262223369708,0.896551724137931,5.0,-0.3286363658753921,359.94636475022554,0.0,1.0
evt_pay_001557_0,cust_041,pay_001557,2026-06-07T07:34:59.476847+00:00,203517,RETRY_NOW,0.8333333333333334,0,0.4187725631768953,2.365548381510962,-0.6473956000062311,0.0,1.0,0.9153268008613176,-0.402711866754614,0.7777777777777778,2.0,0.3693318557794774,366.60579923403117,1.0,0.0
evt_pay_006353_0,cust_034,pay_006353,2026-06-07T07:59:38.822043+00:00,51227,RETRY_LATER,0.8333333333333334,0,0.3840304182509506,0.5214631105921512,-0.15134083463506467,0.0,1.0,0.8667944286652814,-0.4986656379126482,0.896551724137931,2.0,-0.5369784473169031,351.44594331038644,0.0,1.0
evt_pay_003541_0,cust_023,pay_003541,2026-06-07T08:29:06.017443+00:00,62712,WHATSAPP_NUDGE,0.8333333333333334,1,0.392226148409894,1.1040768880188618,-0.7270463376439443,0.0,1.0,0.7957370491841385,-0.605642261203526,0.8571428571428572,4.0,0.9385908116339667,361.6058068958219,0.0,0.0
evt_pay_005993_0,cust_007,pay_005993,2026-06-07T08:40:46.774202+00:00,343817,RETRY_NOW,0.8333333333333334,0,0.33613445378151263,1.946593885216032,0.2649301392048968,0.0,1.0,0.7638535633624012,-0.6453895984121236,0.7333333333333334,9.0,-0.46533070623945577,366.45995905971546,1.0,0.0
evt_pay_008038_0,cust_035,pay_008038,2026-06-07T08:43:55.867748+00:00,39591,WHATSAPP_NUDGE,0.8333333333333334,0,0.284375,1.6215397264947455,-0.2769668942710479,0.0,1.0,0.7549066957153883,-0.6558322047323342,0.6923076923076923,3.0,0.5026080740568922,341.2995749798786,0.0,0.0
evt_pay_001766_1,cust_002,pay_001766,2026-06-07T08:47:38.698826+00:00,348013,RETRY_NOW,0.03333333333333333,0,0.3623693379790941,0.08333333333333333,0.3780106869218067,1.0,1.0,0.7441804602863842,-0.6679786243046595,0.7777777777777778,8.0,-0.38277421977533765,346.448965529933,1.0,0.0
evt_pay_007663_1,cust_049,pay_007663,2026-06-07T08:51:26.028642+00:00,333115,WHATSAPP_NUDGE,0.8333333333333334,0,0.33807829181494664,0.08333333333333333,-0.018164454641857657,1.0,1.0,0.7330363224718057,-0.680189495609136,0.7894736842105263,9.0,0.2100296838614713,340.24996611377645,0.0,1.0
evt_pay_004551_0,cust_059,pay_004551,2026-06-07T09:11:08.511568+00:00,165639,RETRY_NOW,0.8333333333333334,1,0.36964980544747084,0.5468234148734533,0.00457468230770189,0.0,1.0,0.6719084993989365,-0.740634166397601,0.75,6.0,-0.38878117849020055,350.0033293620509,1.0,0.0
evt_pay_002348_0,cust_057,pay_002348,2026-06-07T09:16:05.720826+00:00,84096,RETRY_LATER,0.8333333333333334,0,0.33073929961089493,0.24228233301056434,0.0776999291479184,0.0,1.0,0.6557449902343072,-0.7549824552813187,0.7692307692307692,4.0,-0.5990323654313375,358.65094083065907,0.0,1.0
evt_pay_005771_0,cust_052,pay_005771,2026-06-07T09:25:43.468208+00:00,156548,WHATSAPP_NUDGE,0.8333333333333334,0,0.4708333333333333,0.3463284787109539,0.21141500507394187,0.0,1.0,0.6234550582781845,-0.7818591882860657,0.6666666666666667,4.0,-1.0656726581061444,367.26765663686456,0.0,0.0
evt_pay_004633_0,cust_041,pay_004633,2026-06-07T09:27:22.810630+00:00,267148,RETRY_LATER,0.8333333333333334,1,0.4172661870503597,0.07804784471450905,0.04349982308725436,0.0,1.0,0.6177903862442912,-0.7863428251495206,0.8,2.0,0.3693318557794774,366.6838470787457,0.0,1.0
evt_pay_000541_0,cust_055,pay_000541,2026-06-07T09:46:37.348955+00:00,315218,RETRY_LATER,0.8333333333333334,0,0.3201219512195122,0.4383056489786175,0.026188926132566737,0.0,1.0,0.549670041094306,-0.8353818563527604,0.75,12.0,-1.0480965437343166,364.35639046566183,0.0,1.0
evt_pay_007049_2,cust_034,pay_007049,2026-06-07T09:54:23.309860+00:00,58093,ESCALATE_HUMAN,0.8333333333333334,1,0.38257575757575757,0.07968157195711001,0.2112848048760829,2.0,1.0,0.5210524695428076,-0.8535246475546805,0.8928571428571429,2.0,-0.5369784473169031,351.5256248823436,1.0,0.0
evt_pay_008038_1,cust_035,pay_008038,2026-06-07T10:43:55.867748+00:00,51286,WHATSAPP_NUDGE,0.8333333333333334,0,0.2834890965732087,0.08333333333333333,0.48515574427143604,1.0,1.0,0.32585227361032815,-0.9454206977758525,0.7142857142857143,4.0,0.5026080740568922,341.382908313212,1.0,0.0
evt_pay_007369_0,cust_003,pay_007369,2026-06-07T10:57:36.023706+00:00,242120,WHATSAPP_NUDGE,0.8333333333333334,0,0.49603174603174605,5.543393443777878,0.28378138285499854,0.0,1.0,0.26891816016763104,-0.963163030401425,0.7619047619047619,2.0,2.053947620637407,343.4873288965534,0.0,0.0
evt_pay_002348_1,cust_057,pay_002348,2026-06-07T11:16:05.720826+00:00,85622,WHATSAPP_NUDGE,0.8333333333333334,1,0.32945736434108525,0.08333333333333333,0.1309584264043076,1.0,1.0,0.19040059230662948,-0.9817064808023245,0.8333333333333334,4.0,-0.5990323654313375,358.73427416399244,1.0,0.0
evt_pay_005771_1,cust_052,pay_005771,2026-06-07T11:25:43.468208+00:00,124742,WHATSAPP_NUDGE,0.8333333333333334,0,0.46887966804979253,0.08333333333333333,-0.4120417213615053,1.0,1.0,0.1489983244437827,-0.9888374483771057,0.7,5.0,-1.0656726581061444,367.3509899701979,0.0,0.0
evt_pay_001218_0,cust_043,pay_001218,2026-06-07T11:34:00.871587+00:00,166048,ESCALATE_HUMAN,0.03333333333333333,0,0.2413793103448276,0.31773763319951814,0.43148711540540496,0.0,1.0,0.11314023737979045,-0.9935790289079398,0.7727272727272727,6.0,-0.05414349663535748,353.12421004383003,0.0,1.0
evt_pay_002117_0,cust_059,pay_002117,2026-06-07T11:40:55.443878+00:00,140514,RETRY_LATER,0.8333333333333334,0,0.37209302325581395,0.6508388351260427,-0.4295148649282247,0.0,1.0,0.08313839554386732,-0.9965380109089625,0.7272727272727273,6.0,-0.38878117849020055,350.1073447823035,0.0,1.0
evt_pay_000541_1,cust_055,pay_000541,2026-06-07T11:46:37.348955+00:00,317837,PAYMENT_LINK,0.03333333333333333,0,0.3191489361702128,0.08333333333333333,0.05014991442589469,1.0,1.0,0.05833729111052478,-0.9982969300092462,0.7727272727272727,10.0,-1.0480965437343166,364.43972379899515,0.0,1.0
evt_pay_001892_2,cust_045,pay_001892,2026-06-07T11:52:03.462766+00:00,73980,ESCALATE_HUMAN,0.8333333333333334,0,0.23765432098765432,0.9166666666666666,-0.4359793754757712,2.0,1.0,0.03464782957493576,-0.9993995837030083,0.8518518518518519,9.0,1.000889969158722,341.3309959024289,1.0,0.0
evt_pay_002950_0,cust_031,pay_002950,2026-06-07T12:33:10.570504+00:00,52130,ESCALATE_HUMAN,0.03333333333333333,0,0.2961783439490446,1.012023967994537,-0.08765415179529334,0.0,1.0,-0.14425333317721012,-0.9895407904009136,0.75,5.0,-0.07508066613848166,360.85853272576406,0.0,0.0
evt_pay_004990_0,cust_012,pay_004990,2026-06-07T12:41:04.371698+00:00,504669,RETRY_NOW,0.8333333333333334,0,0.5916666666666667,1.8035803397986758,-0.194798398362168,0.0,1.0,-0.1782563815843615,-0.9839840763063448,0.7272727272727273,2.0,-0.5006574979571285,347.73460975595503,1.0,0.0
evt_pay_008402_0,cust_047,pay_008402,2026-06-07T13:33:29.081798+00:00,98242,RETRY_NOW,0.8333333333333334,0,0.4312977099236641,0.27628243886905085,-0.32966342912887975,0.0,1.0,-0.3966861126685908,-0.9179543169547612,0.84,3.0,1.898235005697721,340.58115456596005,1.0,0.0
evt_pay_002117_1,cust_059,pay_002117,2026-06-07T13:40:55.443878+00:00,162089,WHATSAPP_NUDGE,0.8333333333333334,0,0.37065637065637064,0.08333333333333333,-0.056769450210137566,1.0,1.0,-0.42626904288361345,-0.9045964310559091,0.75,6.0,-0.38878117849020055,350.1906781156369,0.0,0.0
evt_pay_007391_0,cust_054,pay_007391,2026-06-07T13:47:02.190818+00:00,102875,RETRY_LATER,0.8333333333333334,1,0.4477124183006536,1.6025174683629,0.11572610422763088,0.0,1.0,-0.45024070539537275,-0.8929072220589758,0.7692307692307692,1.0,-0.6956354929968003,354.03091225826864,0.0,1.0
evt_pay_006509_0,cust_025,pay_006509,2026-06-07T13:47:12.201789+00:00,135175,WHATSAPP_NUDGE,0.8333333333333334,0,0.4697508896797153,0.573640370357244,-1.0705582912257874,0.0,1.0,-0.4508906388993346,-0.8925792019495804,0.8461538461538461,3.0,0.10753773716001852,344.2582589513456,0.0,0.0
evt_pay_002570_0,cust_043,pay_002570,2026-06-07T14:24:10.355811+00:00,141368,RETRY_LATER,0.8333333333333334,0,0.24054982817869416,0.11816532667067274,-0.05731131686255119,0.0,1.0,-0.5883943528996828,-0.8085741063599325,0.782608695652174,6.0,-0.05414349663535748,353.24237537050067,0.0,1.0
evt_pay_004990_1,cust_012,pay_004990,2026-06-07T14:41:04.371698+00:00,707665,ESCALATE_HUMAN,0.03333333333333333,1,0.5892116182572614,0.08333333333333333,0.8760871894965917,1.0,1.0,-0.6463665929919219,-0.7630270162084795,0.7692307692307692,2.0,-0.5006574979571285,347.81794308928835,1.0,0.0
evt_pay_002448_0,cust_054,pay_002448,2026-06-07T14:54:25.050971+00:00,113361,RETRY_NOW,0.8333333333333334,0,0.4495114006514658,1.6493098312558914,0.4187429679044391,0.0,1.0,-0.6896748893092125,-0.7241191525269342,0.7142857142857143,1.0,-0.6956354929968003,354.07770462116156,1.0,0.0
evt_pay_005982_2,cust_056,pay_005982,2026-06-07T15:32:40.972926+00:00,131366,ESCALATE_HUMAN,0.8333333333333334,0,0.2555205047318612,0.6347193929131928,-0.5016337127884268,2.0,1.0,-0.800425151445431,-0.5994327125988027,0.84,10.0,-0.26273729270347856,349.60314311444637,0.0,0.0
evt_pay_008402_1,cust_047,pay_008402,2026-06-07T15:33:29.081798+00:00,112806,WHATSAPP_NUDGE,0.8333333333333334,0,0.4296577946768061,0.08333333333333333,0.04504070856795518,1.0,1.0,-0.8025174093768761,-0.5966287016621203,0.84,3.0,1.898235005697721,340.6644878992934,0.0,0.0
evt_pay_006509_1,cust_025,pay_006509,2026-06-07T15:47:12.201789+00:00,205722,WHATSAPP_NUDGE,0.8333333333333334,1,0.46808510638297873,0.08333333333333333,-0.13815007974321308,1.0,1.0,-0.8367723485902099,-0.5475509443283102,0.88,4.0,0.10753773716001852,344.34159228467894,0.0,1.0
evt_pay_002321_0,cust_007,pay_002321,2026-06-07T15:52:25.041765+00:00,394254,RETRY_LATER,0.03333333333333333,0,0.33472803347280333,0.29974846716805814,0.722925031179017,0.0,1.0,-0.8490117193003512,-0.528374015722444,0.8571428571428572,9.0,-0.46533070623945577,366.75970752688346,0.0,0.0
evt_pay_007547_0,cust_050,pay_007547,2026-06-07T16:05:03.293483+00:00,120284,RETRY_LATER,0.8333333333333334,1,0.4548611111111111,0.43498727605860193,0.08965671950680143,0.0,1.0,-0.8768419316143428,-0.4807787713312935,0.7692307692307692,5.0,-0.900782201038446,365.3850273478262,0.0,1.0
evt_pay_004428_0,cust_005,pay_004428,2026-06-07T16:20:53.271065+00:00,105355,WHATSAPP_NUDGE,0.03333333333333333,0,0.26366559485530544,0.5000669615649068,-0.5575052859563341,0.0,1.0,-0.9079381973166839,-0.41910407997695553,0.7916666666666666,10.0,-0.6412832630166057,358.3582900756928,0.0,1.0
evt_pay_002570_1,cust_043,pay_002570,2026-06-07T16:24:10.355811+00:00,132334,WHATSAPP_NUDGE,0.8333333333333334,0,0.23972602739726026,0.08333333333333333,-0.2362220523783211,1.0,1.0,-0.9138515102343977,-0.4060485405001606,0.8,6.0,-0.05414349663535748,353.325708703834,0.0,0.0
evt_pay_007962_2,cust_021,pay_007962,2026-06-07T16:49:05.423359+00:00,217011,ESCALATE_HUMAN,0.8333333333333334,0,0.27887323943661974,0.9166666666666666,0.026067942798677406,2.0,1.0,-0.952515963374533,-0.3044886525253205,0.7142857142857143,12.0,-0.0711177391970671,354.1496035805069,0.0,0.0
evt_pay_002448_1,cust_054,pay_002448,2026-06-07T16:54:25.050971+00:00,107487,DO_NOTHING,0.03333333333333333,0,0.44805194805194803,0.08333333333333333,0.24897653543981363,1.0,1.0,-0.9593355507574659,-0.2822681368005776,0.7333333333333334,1.0,-0.6956354929968003,354.16103795449493,0.0,0.0
evt_pay_004583_0,cust_006,pay_004583,2026-06-07T16:57:24.252492+00:00,118340,RETRY_NOW,0.8333333333333334,0,0.378125,0.4085665945337193,-0.2589308017520794,0.0,1.0,-0.9629324763706403,-0.26974255494954147,0.84,5.0,-0.3286363658753921,360.3549313447593,1.0,0.0
evt_pay_000249_0,cust_037,pay_000249,2026-06-07T17:10:49.598946+00:00,159441,WHATSAPP_NUDGE,0.8333333333333334,0,0.3870967741935484,0.4428678877411774,-0.0025502726584114162,0.0,1.0,-0.9770703387133886,-0.21291677530552688,0.8666666666666667,8.0,-0.33341852366871827,345.3457153639388,0.0,0.0
evt_pay_006308_2,cust_019,pay_006308,2026-06-07T17:13:30.840876+00:00,119730,ESCALATE_HUMAN,0.8333333333333334,1,0.4136690647482014,0.8084017560226849,0.0013155775525657,2.0,1.0,-0.979499739820111,-0.20144542608938756,0.75,11.0,-0.5137657855739247,344.12697081053057,0.0,1.0
evt_pay_004171_0,cust_057,pay_004171,2026-06-07T17:31:11.762641+00:00,75777,RETRY_LATER,0.8333333333333334,0,0.33204633204633205,0.34381992841688697,-0.2126272436067537,0.0,1.0,-0.9921125377635832,-0.12535035864449195,0.7333333333333334,5.0,-0.5990323654313375,358.994760759076,0.0,1.0
evt_pay_003005_0,cust_017,pay_003005,2026-06-07T17:35:14.220191+00:00,437037,RETRY_LATER,0.8333333333333334,0,0.298932384341637,2.2083763117349804,-0.4173320099638269,0.0,1.0,-0.9941683882516547,-0.1078388418015844,0.8076923076923077,2.0,0.5027156808516637,361.29441202755197,0.0,1.0
evt_pay_002924_0,cust_023,pay_002924,2026-06-07T17:37:06.674521+00:00,78596,RETRY_LATER,0.8333333333333334,1,0.39436619718309857,1.4846400486359623,-0.18749612531503018,0.0,1.0,-0.9950170308075843,-0.09970510720549282,0.7142857142857143,5.0,0.9385908116339667,361.986370056439,0.0,1.0
evt_pay_004936_0,cust_004,pay_004936,2026-06-07T18:02:19.386312+00:00,471231,RETRY_LATER,0.8333333333333334,0,0.48333333333333334,1.9285132811390326,0.33799409535504304,0.0,1.0,-0.9999486265428492,0.01013628507243025,0.7333333333333334,3.0,-0.2585165281110097,363.9155671875499,0.0,1.0
evt_pay_007357_0,cust_004,pay_007357,2026-06-07T18:09:52.099586+00:00,432168,WHATSAPP_NUDGE,0.8333333333333334,1,0.48132780082987553,0.005239736967951103,0.07312793069810664,0.0,1.0,-0.9990731175275569,0.043045392712443904,0.75,3.0,-0.2585165281110097,363.9208069245179,0.0,0.0
evt_pay_004583_1,cust_006,pay_004583,2026-06-07T18:57:24.252492+00:00,127498,WHATSAPP_NUDGE,0.8333333333333334,1,0.37694704049844235,0.08333333333333333,-0.05786982973156844,1.0,1.0,-0.9687952641408037,0.24786233311729763,0.8181818181818181,5.0,-0.3286363658753921,360.4382646780926,1.0,0.0
evt_pay_000249_1,cust_037,pay_000249,2026-06-07T19:10:49.598946+00:00,143004,WHATSAPP_NUDGE,0.8333333333333334,0,0.3855421686746988,0.08333333333333333,-0.29683388826527995,1.0,1.0,-0.9526261222628238,0.304143833050245,0.8666666666666667,9.0,-0.33341852366871827,345.4290486972721,0.0,1.0
evt_pay_003970_0,cust_025,pay_003970,2026-06-07T19:23:13.765733+00:00,196180,RETRY_LATER,0.8333333333333334,0,0.46996466431095407,0.23335143454090712,-0.26427173702676243,0.0,1.0,-0.9347800702030309,0.3552269983422104,0.7727272727272727,5.0,0.10753773716001852,344.49161038588653,0.0,1.0
evt_pay_001487_0,cust_026,pay_001487,2026-06-07T19:23:45.459278+00:00,247117,RETRY_NOW,0.8333333333333334,1,0.4298245614035088,0.9035862941954443,0.2453874054890013,0.0,1.0,-0.9339588539049573,0.357380552370353,0.875,4.0,1.9048100532514713,355.3614021008845,1.0,0.0
evt_pay_000328_0,cust_001,pay_000328,2026-06-07T19:24:59.473438+00:00,600574,RETRY_LATER,0.8333333333333334,0,0.2993827160493827,4.301775325696023,0.3967175988790707,0.0,1.0,-0.9320217473246244,0.3624023489354809,0.7333333333333334,3.0,0.16534712408787333,350.3621237967471,0.0,1.0
evt_pay_004171_1,cust_057,pay_004171,2026-06-07T19:31:11.762641+00:00,88373,WHATSAPP_NUDGE,0.8333333333333334,0,0.33076923076923076,0.08333333333333333,0.2269604248710286,1.0,1.0,-0.9218698404385575,0.38749967392217066,0.75,5.0,-0.5990323654313375,359.07809409240934,0.0,0.0
evt_pay_006581_0,cust_037,pay_006581,2026-06-07T19:32:44.675242+00:00,155319,WHATSAPP_NUDGE,0.8333333333333334,1,0.384,0.015220790458689256,-0.07635050931260769,0.0,1.0,-0.919230560942441,0.39371966655152635,0.8235294117647058,10.0,-0.33341852366871827,345.4442694877309,0.0,0.0
evt_pay_003005_1,cust_017,pay_003005,2026-06-07T19:35:14.220191+00:00,439163,PAYMENT_LINK,0.03333333333333333,0,0.2978723404255319,0.08333333333333333,-0.4054659983106681,1.0,1.0,-0.914894500766156,0.40369301761096427,0.8148148148148149,2.0,0.5027156808516637,361.3777453608853,0.0,1.0
evt_pay_004479_0,cust_004,pay_004479,2026-06-07T19:36:04.974007+00:00,449159,RETRY_NOW,0.8333333333333334,0,0.4834710743801653,0.065110968692674,0.1883378173462353,0.0,1.0,-0.9133982731016711,0.4070670641244328,0.7647058823529411,4.0,-0.2585165281110097,363.9806781562426,1.0,0.0
evt_pay_006487_0,cust_032,pay_006487,2026-06-07T19:37:27.756137+00:00,264917,RETRY_LATER,0.8333333333333334,0,0.2634920634920635,2.886528120684621,-0.5259685858202274,0.0,1.0,-0.9109311576211729,0.4125583911096098,0.8214285714285714,5.0,0.2905055503479753,363.2810383400512,0.0,1.0
evt_pay_004787_2,cust_019,pay_004787,2026-06-07T19:49:24.929155+00:00,122613,ESCALATE_HUMAN,0.8333333333333334,0,0.4157706093189964,0.9166666666666666,0.07014081828261323,2.0,1.0,-0.8881856017001881,0.45948486039528513,0.6363636363636364,11.0,-0.5137657855739247,344.23523572117455,1.0,0.0
evt_pay_004936_1,cust_004,pay_004936,2026-06-07T20:02:19.386312+00:00,389876,WHATSAPP_NUDGE,0.8333333333333334,0,0.48148148148148145,0.018222364640659332,-0.2136264252892361,1.0,1.0,-0.860912770529251,0.5087525936441496,0.7777777777777778,4.0,-0.2585165281110097,363.9989005208833,0.0,0.0
evt_pay_008550_2,cust_024,pay_008550,2026-06-07T20:07:47.982565+00:00,94655,ESCALATE_HUMAN,0.8333333333333334,1,0.24829931972789115,0.8635890011369535,-0.031273308781793206,2.0,1.0,-0.8485108859448567,0.5291779251188341,0.7894736842105263,5.0,-1.1653357768016162,353.49660919235816,0.0,0.0
evt_pay_006877_2,cust_016,pay_006877,2026-06-07T20:43:40.975595+00:00,120311,ESCALATE_HUMAN,0.8333333333333334,1,0.3164983164983165,0.7899291865165878,0.09618648650583254,2.0,1.0,-0.7556165112483813,0.6550142654391772,0.7777777777777778,8.0,-0.5381138706705891,360.6433139453018,0.0,1.0
evt_pay_004156_0,cust_003,pay_004156,2026-06-07T20:53:41.443496+00:00,275909,WHATSAPP_NUDGE,0.8333333333333334,0,0.49407114624505927,0.4139516179390057,0.7221051835019726,0.0,1.0,-0.7263026220753342,0.687375080408429,0.8275862068965517,3.0,2.053947620637407,343.9012805144924,0.0,0.0
evt_pay_003970_1,cust_025,pay_003970,2026-06-07T21:23:13.765733+00:00,204399,WHATSAPP_NUDGE,0.8333333333333334,0,0.46830985915492956,0.08333333333333333,-0.1556437607229796,1.0,1.0,-0.6319297885761196,0.7750256397759631,0.7727272727272727,5.0,0.10753773716001852,344.57494371921985,0.0,0.0
evt_pay_000328_1,cust_001,pay_000328,2026-06-07T21:24:59.473438+00:00,424983,WHATSAPP_NUDGE,0.8333333333333334,0,0.29846153846153844,0.08333333333333333,-0.5546221053395795,1.0,1.0,-0.6259533355949451,0.7798605142315912,0.7777777777777778,3.0,0.16534712408787333,350.44545713008046,0.0,1.0
evt_pay_004479_1,cust_004,pay_004479,2026-06-07T21:36:04.974007+00:00,429497,WHATSAPP_NUDGE,0.8333333333333334,1,0.47950819672131145,0.065110968692674,0.05501761042120265,1.0,1.0,-0.5874925762166678,0.809229555126543,0.7894736842105263,5.0,-0.2585165281110097,364.06401148957593,1.0,0.0
evt_pay_006487_1,cust_032,pay_006487,2026-06-07T21:37:27.756137+00:00,350785,WHATSAPP_NUDGE,0.8333333333333334,0,0.2626582278481013,0.08333333333333333,0.22963261461466883,1.0,1.0,-0.5826103280438973,0.8127516260559448,0.8333333333333334,5.0,0.2905055503479753,363.36437167338454,0.0,0.0
evt_pay_001404_0,cust_058,pay_001404,2026-06-07T21:53:05.469164+00:00,240329,WHATSAPP_NUDGE,0.8333333333333334,0,0.34294871794871795,1.6342993518359588,-0.025927133510377173,0.0,1.0,-0.5258756724192548,0.8505614481961881,0.782608695652174,5.0,4.286983765334936,356.8759814516298,0.0,0.0
evt_pay_008323_0,cust_011,pay_008323,2026-06-07T22:01:01.664067+00:00,67561,RETRY_NOW,0.8333333333333334,0,0.5118110236220472,4.618789974627002,0.3993045974368728,0.0,1.0,-0.4961114355159253,0.868258857455729,0.7142857142857143,3.0,-0.306212897974724,342.6367488788742,1.0,0.0
evt_pay_006053_0,cust_038,pay_006053,2026-06-07T22:22:40.512482+00:00,43583,WHATSAPP_NUDGE,0.8333333333333334,1,0.5291828793774319,1.3297102717195344,-0.06371514282165291,0.0,1.0,-0.41201056363593774,0.9111790688181972,0.7916666666666666,3.0,2.4957647172129915,365.8893204930219,0.0,0.0
evt_pay_004079_0,cust_031,pay_004079,2026-06-07T22:32:02.582373+00:00,53267,ESCALATE_HUMAN,0.03333333333333333,0,0.29523809523809524,0.4158797670067618,-0.027200073945218953,0.0,1.0,-0.37443246587919166,0.9272541876398445,0.736842105263158,5.0,-0.07508066613848166,361.2744124927708,0.0,1.0
evt_pay_006203_0,cust_048,pay_006203,2026-06-07T22:32:07.169981+00:00,231409,WHATSAPP_NUDGE,0.8333333333333334,0,0.25825825825825827,0.9209049496620499,0.5958217030252884,0.0,1.0,-0.374123094241982,0.9273790543002387,0.8620689655172413,5.0,-0.4506859321563252,348.94459888334967,0.0,0.0
evt_pay_004156_1,cust_003,pay_004156,2026-06-07T22:53:41.443496+00:00,212429,RETRY_LATER,0.03333333333333333,0,0.4921259842519685,0.08333333333333333,-0.10139573052509056,1.0,1.0,-0.2853089813482739,0.9584355925997377,0.8666666666666667,4.0,2.053947620637407,343.98461384782576,0.0,1.0
evt_pay_007814_0,cust_018,pay_007814,2026-06-07T23:01:27.115204+00:00,178302,RETRY_NOW,0.8333333333333334,0,0.28832116788321166,0.7899376854669905,0.6579472996075867,0.0,1.0,-0.2526945624191374,0.9675461012911998,0.8709677419354839,3.0,-0.4554811204429685,343.5815604018407,1.0,0.0
evt_pay_002698_0,cust_009,pay_002698,2026-06-07T23:30:36.983868+00:00,120588,WHATSAPP_NUDGE,0.8333333333333334,0,0.2775800711743772,3.200557918410766,0.039477580328295014,0.0,1.0,-0.1278591900026459,0.9917923308494916,0.625,4.0,-0.8984355580750027,340.59646598432073,0.0,0.0
evt_pay_005743_2,cust_016,pay_005743,2026-06-07T23:46:11.093880+00:00,120671,ESCALATE_HUMAN,0.8333333333333334,0,0.3187919463087248,0.9166666666666666,0.10503300531710207,2.0,1.0,-0.06024325484288048,0.9981837256967956,0.75,8.0,-0.5381138706705891,360.77005142545187,0.0,1.0
evt_pay_002055_0,cust_018,pay_002055,2026-06-07T23:48:48.793002+00:00,163341,ESCALATE_HUMAN,0.03333333333333333,0,0.2872727272727273,0.032889789332386954,0.3630070397013846,0.0,1.0,-0.04879216981461219,0.9988089527856576,0.9,3.0,-0.4554811204429685,343.6144501911731,0.0,0.0
evt_pay_001404_1,cust_058,pay_001404,2026-06-07T23:53:05.469164+00:00,203935,WHATSAPP_NUDGE,0.8333333333333334,0,0.34185303514376997,0.08333333333333333,-0.45466295314357025,1.0,1.0,-0.030140967449204897,0.999545657827208,0.76,6.0,4.286983765334936,356.95931478496317,0.0,0.0
evt_pay_008323_1,cust_011,pay_008323,2026-06-08T00:01:01.664067+00:00,45283,WHATSAPP_NUDGE,0.8333333333333334,0,0.5098039215686274,0.08333333333333333,-0.6744636733049064,1.0,1.0,0.004484322463107718,0.9999899453754757,0.75,3.0,-0.306212897974724,342.7200822122075,1.0,0.0
evt_pay_000158_0,cust_021,pay_000158,2026-06-08T01:00:28.601812+00:00,165375,RETRY_NOW,0.03333333333333333,0,0.27808988764044945,0.3412404913598266,-0.6599690723996834,0.0,1.0,0.26082759259819244,0.9653853981387078,0.6153846153846154,11.0,-0.0711177391970671,354.49084407186666,0.0,1.0
evt_pay_007814_1,cust_018,pay_007814,2026-06-08T01:01:27.115204+00:00,141723,PAYMENT_LINK,0.03333333333333333,0,0.286231884057971,0.05044354400094638,-0.06318717074976575,1.0,1.0,0.2649331401924344,0.9642667842603394,0.896551724137931,3.0,-0.4554811204429685,343.664893735174,0.0,1.0
evt_pay_008503_0,cust_003,pay_008503,2026-06-08T01:18:23.429099+00:00,249751,RETRY_LATER,0.03333333333333333,1,0.49019607843137253,0.10048594448384544,0.38277097062639565,0.0,1.0,0.335412458001876,0.9420713789395896,0.9,3.0,2.053947620637407,344.08509979230956,1.0,0.0
evt_pay_003717_2,cust_057,pay_003717,2026-06-08T01:27:12.527254+00:00,77866,RETRY_NOW,0.03333333333333333,0,0.32950191570881227,0.24723107190588203,-0.13973686316913153,2.0,1.0,0.37140343620344546,0.9284715868438157,0.736842105263158,6.0,-0.5990323654313375,359.3253251643152,0.0,0.0
evt_pay_000535_2,cust_010,pay_000535,2026-06-08T01:30:19.373640+00:00,102715,ESCALATE_HUMAN,0.8333333333333334,1,0.3387096774193548,0.9166666666666666,0.8556669330367357,2.0,1.0,0.383984697568707,0.923339456555967,0.75,3.0,-0.045395759303349575,368.0083238939864,1.0,0.0
evt_pay_002698_1,cust_009,pay_002698,2026-06-08T01:30:36.983868+00:00,115124,WHATSAPP_NUDGE,0.8333333333333334,0,0.2765957446808511,0.08333333333333333,-0.0917805664774174,1.0,1.0,0.3851668587751534,0.9228469487955633,0.625,5.0,-0.8984355580750027,340.67979931765404,0.0,1.0
evt_pay_002635_0,cust_020,pay_002635,2026-06-08T01:48:53.307417+00:00,62045,RETRY_LATER,0.8333333333333334,0,0.2877906976744186,0.9918713827324078,0.03552403210046456,0.0,1.0,0.45744117773152676,0.8892398826613626,0.75,0.0,0.06752823759169156,353.3140372657908,0.0,1.0
evt_pay_008243_0,cust_040,pay_008243,2026-06-08T01:51:35.034954+00:00,173343,RETRY_NOW,0.8333333333333334,0,0.47368421052631576,0.9784982012347806,-0.5793818370747095,0.0,1.0,0.46786779031345044,0.8837984672917288,0.8709677419354839,1.0,-0.492492512121923,357.2067329425322,1.0,0.0
evt_pay_005789_0,cust_019,pay_005789,2026-06-08T02:01:05.290046+00:00,125399,RETRY_NOW,0.8333333333333334,0,0.4142857142857143,0.2581060288241777,0.13665580944347516,0.0,1.0,0.5041062598559167,0.863641637934438,0.75,11.0,-0.5137657855739247,344.49334174999876,1.0,0.0
evt_pay_006352_0,cust_052,pay_006352,2026-06-08T02:11:21.795693+00:00,185869,RETRY_LATER,0.8333333333333334,1,0.4669421487603306,0.6150269384828562,0.7861300204274612,0.0,1.0,0.5423068612478361,0.8401804974191678,0.6153846153846154,6.0,-1.0656726581061444,367.9660169086808,0.0,1.0
evt_pay_000654_2,cust_005,pay_000654,2026-06-08T02:20:47.485585+00:00,143134,RETRY_NOW,0.03333333333333333,0,0.26282051282051283,0.4165997051017598,0.26709946769919035,2.0,1.0,0.5764017469651288,0.8171664616805732,0.875,10.0,-0.6412832630166057,358.7748897807946,0.0,0.0
evt_pay_001002_0,cust_047,pay_001002,2026-06-08T02:35:00.581845+00:00,119691,RETRY_LATER,0.8333333333333334,0,0.42803030303030304,0.4593923616552236,0.22216488724920777,0.0,1.0,0.6259564708425636,0.779857997721587,0.6956521739130435,4.0,1.898235005697721,341.1238802609486,0.0,1.0
evt_pay_006669_0,cust_023,pay_006669,2026-06-08T02:52:05.064679+00:00,106122,WHATSAPP_NUDGE,0.8333333333333334,1,0.39649122807017545,1.870038082874051,0.747468430700006,0.0,1.0,0.6822676814788002,0.7311024625929955,0.5714285714285714,5.0,0.9385908116339667,362.3717680906771,0.0,0.0
evt_pay_000158_1,cust_021,pay_000158,2026-06-08T03:00:28.601812+00:00,177024,WHATSAPP_NUDGE,0.8333333333333334,0,0.2773109243697479,0.08333333333333333,-0.5052011617217774,1.0,1.0,0.7085760202673266,0.7056344829315793,0.5333333333333333,11.0,-0.0711177391970671,354.57417740520003,0.0,1.0
evt_pay_005742_0,cust_011,pay_005742,2026-06-08T03:33:31.886039+00:00,73010,WHATSAPP_NUDGE,0.8333333333333334,0,0.5078125,0.1475720135625238,0.6619951420511597,0.0,1.0,0.8026390632676665,0.5964650317636423,0.75,4.0,-0.306212897974724,342.8676542257701,0.0,0.0
evt_pay_002635_1,cust_020,pay_002635,2026-06-08T03:48:53.307417+00:00,56705,WHATSAPP_NUDGE,0.8333333333333334,0,0.28695652173913044,0.08333333333333333,-0.213420787892887,1.0,1.0,0.8407756219832558,0.5413837395772699,0.7692307692307692,0.0,0.06752823759169156,353.3973705991241,1.0,0.0
evt_pay_004443_0,cust_008,pay_004443,2026-06-08T03:49:19.908392+00:00,187037,WHATSAPP_NUDGE,0.03333333333333333,0,0.34275618374558303,3.3994327302804286,-0.3505222745726206,0.0,1.0,0.8418213427899318,0.5397562661269955,0.7857142857142857,5.0,0.4190160498383978,354.6235174504477,0.0,1.0
evt_pay_008243_1,cust_040,pay_008243,2026-06-08T03:51:35.034954+00:00,251692,WHATSAPP_NUDGE,0.8333333333333334,0,0.47191011235955055,0.08333333333333333,0.4501386643277788,1.0,1.0,0.8470846256698034,0.5314580293436624,0.8709677419354839,1.0,-0.492492512121923,357.2900662758655,0.0,0.0
evt_pay_005789_1,cust_019,pay_005789,2026-06-08T04:01:05.290046+00:00,118512,WHATSAPP_NUDGE,0.8333333333333334,0,0.4128113879003559,0.08333333333333333,-0.02777668039222618,1.0,1.0,0.8683896462092024,0.49588246828926724,0.75,11.0,-0.5137657855739247,344.5766750833321,0.0,0.0
evt_pay_006064_0,cust_040,pay_006064,2026-06-08T04:25:02.240574+00:00,179206,WHATSAPP_NUDGE,0.8333333333333334,1,0.4701492537313433,0.023231546526536324,-0.5023359559798194,0.0,1.0,0.9153770901591984,0.40259754446801926,0.8620689655172413,2.0,-0.492492512121923,357.3132978223921,0.0,0.0
evt_pay_007259_0,cust_020,pay_007259,2026-06-08T04:36:08.565242+00:00,53828,RETRY_LATER,0.8333333333333334,0,0.2861271676300578,0.03281548408057233,-0.34753281784848183,0.0,1.0,0.9338034663098992,0.35778636965040594,0.8,1.0,0.06752823759169156,353.43018608320466,0.0,1.0
evt_pay_007454_0,cust_009,pay_007454,2026-06-08T05:12:43.151770+00:00,124622,PAYMENT_LINK,0.03333333333333333,0,0.2756183745583039,0.1542380544203373,0.13636274209969287,0.0,1.0,0.9787952280819847,0.20484116159584584,0.7777777777777778,6.0,-0.8984355580750027,340.8340373720744,0.0,0.0
evt_pay_002057_0,cust_002,pay_002057,2026-06-08T05:13:01.260569+00:00,390553,RETRY_NOW,0.8333333333333334,0,0.3611111111111111,0.8509555757286572,0.7734561401208246,0.0,1.0,0.9790641364500926,0.20355200003250867,0.8620689655172413,6.0,-0.38277421977533765,347.29992110566155,1.0,0.0
evt_pay_004097_0,cust_006,pay_004097,2026-06-08T05:21:37.530875+00:00,117597,RETRY_NOW,0.8333333333333334,0,0.37888198757763975,0.5168203516565578,-0.27524247891949816,0.0,1.0,0.9860145970541433,0.1666589763443765,0.7,6.0,-0.3286363658753921,360.87175169641586,1.0,0.0
evt_pay_004364_0,cust_028,pay_004364,2026-06-08T05:31:33.692585+00:00,236637,RETRY_NOW,0.8333333333333334,0,0.4115384615384615,2.5037071693790836,0.0987660492331094,0.0,1.0,0.9923111835965588,0.1237679882247288,0.8666666666666667,2.0,0.3910481863531735,339.55752762614924,1.0,0.0
evt_pay_005742_1,cust_011,pay_005742,2026-06-08T05:33:31.886039+00:00,62023,WHATSAPP_NUDGE,0.8333333333333334,0,0.5058365758754864,0.08333333333333333,0.13238857113323738,1.0,1.0,0.9933383347413657,0.11523433834257298,0.8125,5.0,-0.306212897974724,342.9509875591034,1.0,0.0
evt_pay_001127_0,cust_046,pay_001127,2026-06-08T05:55:29.904881+00:00,117058,PAYMENT_LINK,0.03333333333333333,1,0.411522633744856,1.040496058589137,0.28547445634336854,0.0,1.0,0.9998071046470121,0.019640608375471918,0.7142857142857143,3.0,-0.9687765812058661,362.2672427276944,0.0,1.0
evt_pay_001064_0,cust_032,pay_001064,2026-06-08T06:24:01.572518+00:00,278486,WHATSAPP_NUDGE,0.8333333333333334,0,0.2618296529968454,0.36566917106603114,-0.4065664395982649,0.0,1.0,0.9945099353348916,-0.10464219282961185,0.9,6.0,0.2905055503479753,363.73004084445057,0.0,0.0
evt_pay_004117_0,cust_035,pay_004117,2026-06-08T06:32:32.750725+00:00,47472,WHATSAPP_NUDGE,0.8333333333333334,0,0.2826086956521739,0.8254268863104622,0.2366146932148691,0.0,1.0,0.9899337918435342,-0.14153122541079835,0.8888888888888888,4.0,0.5026080740568922,342.2083351995224,0.0,0.0
evt_pay_007259_1,cust_020,pay_007259,2026-06-08T06:36:08.565242+00:00,52366,ESCALATE_HUMAN,0.03333333333333333,0,0.28530259365994237,0.08333333333333333,-0.41572234447159323,1.0,1.0,0.9875907087915419,-0.1570496479098882,0.8125,1.0,0.06752823759169156,353.513519416538,0.0,0.0
evt_pay_001766_2,cust_002,pay_001766,2026-06-08T06:47:38.698826+00:00,317220,ESCALATE_HUMAN,0.8333333333333334,0,0.35986159169550175,0.06571109093800942,0.0917489814369034,2.0,1.0,0.9784684957603349,-0.20639622768962468,0.9032258064516129,6.0,-0.38277421977533765,347.3656321965996,0.0,1.0
evt_pay_007454_1,cust_009,pay_007454,2026-06-08T07:12:43.151770+00:00,124254,WHATSAPP_NUDGE,0.8333333333333334,0,0.2746478873239437,0.08333333333333333,0.1275394098367177,1.0,1.0,0.9500821134199054,-0.3119999643582766,0.9,7.0,-0.8984355580750027,340.91737070540773,1.0,0.0
evt_pay_002057_1,cust_002,pay_002057,2026-06-08T07:13:01.260569+00:00,379785,WHATSAPP_NUDGE,0.8333333333333334,0,0.3586206896551724,0.017622242395323912,0.6733580308561404,1.0,1.0,0.9496704141163085,-0.31325086520576295,0.9,6.0,-0.38277421977533765,347.3832544389949,0.0,1.0
evt_pay_004097_1,cust_006,pay_004097,2026-06-08T07:21:37.530875+00:00,147659,WHATSAPP_NUDGE,0.8333333333333334,1,0.37770897832817335,0.08333333333333333,0.3847800469830595,1.0,1.0,0.9372431777233532,-0.3486763912441318,0.6842105263157895,6.0,-0.3286363658753921,360.95508502974917,0.0,1.0
evt_pay_008405_0,cust_029,pay_008405,2026-06-08T07:35:39.739872+00:00,40762,WHATSAPP_NUDGE,0.8333333333333334,0,0.38006230529595014,2.335728854012416,-0.25406086981134707,0.0,1.0,0.9141437345998399,-0.40539022249168444,0.9,9.0,-0.8256115037842402,342.32971914355556,0.0,0.0
evt_pay_005563_0,cust_023,pay_005563,2026-06-08T07:51:59.477550+00:00,76826,RETRY_NOW,0.8333333333333334,0,0.3986013986013986,2.078306750362439,-0.24761189633598912,0.0,1.0,0.8829654291645542,-0.4694380160364673,0.5333333333333333,6.0,0.9385908116339667,362.58003675816553,1.0,0.0
evt_pay_002413_0,cust_020,pay_002413,2026-06-08T08:22:42.815082+00:00,63116,WHATSAPP_NUDGE,0.8333333333333334,0,0.28448275862068967,0.07400752129423911,0.08548442902866507,0.0,1.0,0.8123034979815753,-0.583234967373268,0.8235294117647058,1.0,0.06752823759169156,353.58752693783225,0.0,0.0
evt_pay_004117_1,cust_035,pay_004117,2026-06-08T08:32:32.750725+00:00,42189,WHATSAPP_NUDGE,0.8333333333333334,1,0.28173374613003094,0.08333333333333333,-0.10769960373148853,1.0,1.0,0.786542199095758,-0.6175365325562602,0.9090909090909091,5.0,0.5026080740568922,342.29166853285574,0.0,0.0
evt_pay_008038_2,cust_035,pay_008038,2026-06-08T08:43:55.867748+00:00,43149,ESCALATE_HUMAN,0.8333333333333334,0,0.2839506172839506,0.09123978035620439,-0.04514909926372574,2.0,1.0,0.7549066957153883,-0.6558322047323342,0.8333333333333334,6.0,0.5026080740568922,342.2995749798786,0.0,0.0
evt_pay_000728_0,cust_050,pay_000728,2026-06-08T08:51:01.487946+00:00,89331,WHATSAPP_NUDGE,0.8333333333333334,0,0.45674740484429066,1.1335774897479307,-0.6686440154654909,0.0,1.0,0.7342490545175716,-0.6788801999911708,0.6,4.0,-0.900782201038446,366.0836175615155,0.0,0.0
evt_pay_008405_1,cust_029,pay_008405,2026-06-08T09:35:39.739872+00:00,41219,WHATSAPP_NUDGE,0.8333333333333334,1,0.37888198757763975,0.08333333333333333,-0.2248557156585978,1.0,1.0,0.5889765856279988,-0.8081500984235445,0.9285714285714286,10.0,-0.8256115037842402,342.4130524768889,0.0,1.0
evt_pay_003296_0,cust_013,pay_003296,2026-06-08T10:12:23.936442+00:00,167834,WHATSAPP_NUDGE,0.8333333333333334,0,0.2686084142394822,1.6820805003921275,-0.06812422357998911,0.0,1.0,0.4524388312671819,-0.8917954384059085,0.7058823529411764,3.0,-0.5595801808996762,340.0275475612476,0.0,0.0
evt_pay_002413_1,cust_020,pay_002413,2026-06-08T10:22:42.815082+00:00,71721,WHATSAPP_NUDGE,0.8333333333333334,0,0.2836676217765043,0.08333333333333333,0.4866566868590344,1.0,1.0,0.41185798114837147,-0.911248047111426,0.8235294117647058,2.0,0.06752823759169156,353.67086027116557,0.0,1.0
evt_pay_006663_0,cust_031,pay_006663,2026-06-08T10:24:33.763596+00:00,46214,RETRY_LATER,0.8333333333333334,0,0.29430379746835444,0.49480533822350026,-0.4019061501263939,0.0,1.0,0.4044923381512884,-0.9145413869130822,0.7222222222222222,5.0,-0.07508066613848166,361.76921783099436,0.0,1.0
evt_pay_007609_0,cust_006,pay_007609,2026-06-08T10:41:51.466432+00:00,161393,RETRY_NOW,0.8333333333333334,0,0.37962962962962965,0.22238351338804327,0.6863201065919703,0.0,1.0,0.33439177804784087,-0.9424341562008476,0.6666666666666667,7.0,-0.3286363658753921,361.0941352098039,1.0,0.0
evt_pay_000728_1,cust_050,pay_000728,2026-06-08T10:51:01.487946+00:00,115389,WHATSAPP_NUDGE,0.8333333333333334,0,0.45517241379310347,0.08333333333333333,-0.030280182397216773,1.0,1.0,0.29643823392133706,-0.9550520265774,0.6428571428571428,5.0,-0.900782201038446,366.16695089484887,0.0,1.0
evt_pay_002933_0,cust_011,pay_002933,2026-06-08T10:53:58.665612+00:00,61023,RETRY_LATER,0.8333333333333334,0,0.5038759689922481,0.22253217098432287,0.08417970947495572,0.0,1.0,0.2841083867057231,-0.9587921696611166,0.8333333333333334,6.0,-0.306212897974724,343.1735197300877,0.0,1.0
evt_pay_001393_0,cust_020,pay_001393,2026-06-08T10:56:26.291648+00:00,74263,WHATSAPP_NUDGE,0.8333333333333334,0,0.28285714285714286,0.02341986766439656,0.6051747969848055,0.0,1.0,0.27379893748859213,-0.9617869524120807,0.8421052631578947,3.0,0.06752823759169156,353.69428013883,0.0,0.0
evt_pay_007602_0,cust_007,pay_007602,2026-06-08T11:12:31.811227+00:00,248775,RETRY_LATER,0.8333333333333334,1,0.3333333333333333,0.8056339058101306,-0.5981123229096014,0.0,1.0,0.20564831164730202,-0.9786259611907985,0.85,6.0,-0.46533070623945577,367.56534143269363,0.0,1.0
evt_pay_006117_0,cust_025,pay_006117,2026-06-08T11:14:42.695014+00:00,183183,WHATSAPP_NUDGE,0.03333333333333333,0,0.4666666666666667,0.5774181629761111,-0.4360495963823835,0.0,1.0,0.19632444042732633,-0.9805389916219024,0.6842105263157895,6.0,0.10753773716001852,345.152361882196,1.0,0.0
evt_pay_007422_0,cust_039,pay_007422,2026-06-08T11:18:19.733047+00:00,269024,RETRY_LATER,0.8333333333333334,0,0.614406779661017,1.3060667385036784,0.19568237469664881,0.0,1.0,0.18082434035080983,-0.9835154080830124,0.8181818181818181,2.0,-0.6642333856639545,339.8728211109287,0.0,1.0
evt_pay_002117_2,cust_059,pay_002117,2026-06-08T11:40:55.443878+00:00,145161,ESCALATE_HUMAN,0.8333333333333334,0,0.36923076923076925,0.9166666666666666,-0.34923223784064356,2.0,1.0,0.08313839554386732,-0.9965380109089625,0.6428571428571428,6.0,-0.38878117849020055,351.1073447823035,0.0,1.0
evt_pay_006663_1,cust_031,pay_006663,2026-06-08T12:24:33.763596+00:00,47566,WHATSAPP_NUDGE,0.8333333333333334,0,0.29337539432176657,0.08333333333333333,-0.3301144260378015,1.0,1.0,-0.10697005298135968,-0.9942622429546267,0.7777777777777778,5.0,-0.07508066613848166,361.8525511643277,0.0,1.0
evt_pay_007609_1,cust_006,pay_007609,2026-06-08T12:41:51.466432+00:00,153176,ESCALATE_HUMAN,0.03333333333333333,0,0.37846153846153846,0.08333333333333333,0.5059119041016265,1.0,1.0,-0.18162530349434625,-0.9833678096880061,0.6842105263157895,7.0,-0.3286363658753921,361.1774685431372,0.0,1.0
evt_pay_002933_1,cust_011,pay_002933,2026-06-08T12:53:58.665612+00:00,62204,WHATSAPP_NUDGE,0.8333333333333334,0,0.5019305019305019,0.08333333333333333,0.14109777423551056,1.0,1.0,-0.2333510045151888,-0.9723925692289881,0.8095238095238095,5.0,-0.306212897974724,343.25685306342103,0.0,0.0
evt_pay_001393_1,cust_020,pay_001393,2026-06-08T12:56:26.291648+00:00,52546,WHATSAPP_NUDGE,0.8333333333333334,0,0.28205128205128205,0.08333333333333333,-0.407337574127824,1.0,1.0,-0.24377664081173192,-0.969831402561573,0.8181818181818181,4.0,0.06752823759169156,353.7776134721633,0.0,0.0
evt_pay_001208_0,cust_001,pay_001208,2026-06-08T13:03:26.776147+00:00,500092,RETRY_NOW,0.8333333333333334,0,0.29754601226993865,0.6517048924655645,-0.14768773850661895,0.0,1.0,-0.2733140426461473,-0.9619248588597864,0.7777777777777778,4.0,0.16534712408787333,351.097162022546,1.0,0.0
evt_pay_001891_0,cust_034,pay_001891,2026-06-08T13:11:16.918572+00:00,43723,WHATSAPP_NUDGE,0.8333333333333334,0,0.3849056603773585,1.216413154268518,-0.5476952078832001,0.0,1.0,-0.3060358512431816,-0.9520199881062693,0.7,2.0,-0.5369784473169031,352.662356464655,0.0,0.0
evt_pay_003853_0,cust_054,pay_003853,2026-06-08T14:18:12.308616+00:00,138123,RETRY_NOW,0.8333333333333334,0,0.44660194174757284,0.8915191857023691,1.1342879485352053,0.0,1.0,-0.5671436917199069,-0.8236188638820235,0.8333333333333334,1.0,-0.6956354929968003,355.0525571401973,1.0,0.0
evt_pay_006274_0,cust_003,pay_006274,2026-06-08T14:24:02.601184+00:00,225502,RETRY_LATER,0.8333333333333334,0,0.4921875,0.6460782139836662,0.06819322261115913,0.0,1.0,-0.5879382782222055,-0.8089057924141158,0.88,3.0,2.053947620637407,344.6306920618094,0.0,1.0
evt_pay_001208_1,cust_001,pay_001208,2026-06-08T15:03:26.776147+00:00,465651,WHATSAPP_NUDGE,0.8333333333333334,0,0.2966360856269113,0.08333333333333333,-0.33428586672640836,1.0,1.0,-0.7176593335724804,-0.6963943429812618,0.8333333333333334,4.0,0.16534712408787333,351.1804953558794,0.0,1.0
evt_pay_000763_0,cust_019,pay_000763,2026-06-08T15:58:05.386420+00:00,116538,RETRY_LATER,0.8333333333333334,0,0.41134751773049644,0.497917782108478,-0.07489093137085032,0.0,1.0,-0.8618279029527472,-0.5072008139702361,0.8333333333333334,9.0,-0.5137657855739247,345.07459286544054,0.0,1.0
evt_pay_006274_1,cust_003,pay_006274,2026-06-08T16:24:02.601184+00:00,232267,WHATSAPP_NUDGE,0.8333333333333334,0,0.490272373540856,0.08333333333333333,0.15596394859509174,1.0,1.0,-0.9136223810047711,-0.40656382638790295,0.875,3.0,2.053947620637407,344.7140253951427,0.0,0.0
evt_pay_007481_0,cust_026,pay_007481,2026-06-08T16:47:09.209185+00:00,197257,RETRY_LATER,0.8333333333333334,0,0.43231441048034935,1.7948333995979624,-0.38059873403571653,0.0,1.0,-0.949908642403802,-0.31252771250973216,0.8181818181818181,3.0,1.9048100532514713,356.25264920628706,0.0,1.0
evt_pay_000918_0,cust_028,pay_000918,2026-06-08T17:08:46.121331+00:00,201224,RETRY_LATER,0.8333333333333334,0,0.4099616858237548,0.48417162900401917,-0.34359070158313815,0.0,1.0,-0.9751190771073903,-0.22168172108054215,0.875,2.0,0.3910481863531735,340.0416992551532,0.0,1.0
evt_pay_003005_2,cust_017,pay_003005,2026-06-08T17:35:14.220191+00:00,521013,PAYMENT_LINK,0.8333333333333334,0,0.2968197879858657,0.9166666666666666,0.05147190056247488,2.0,1.0,-0.9941683882516547,-0.1078388418015844,0.88,3.0,0.5027156808516637,362.29441202755197,0.0,1.0
evt_pay_005950_0,cust_046,pay_005950,2026-06-08T17:36:50.582553+00:00,95152,PAYMENT_LINK,0.03333333333333333,0,0.4139344262295082,1.527540939054802,-0.30264508770829934,0.0,1.0,-0.9948996705217124,-0.10086944827740553,0.6666666666666667,4.0,-0.9687765812058661,362.75428760816004,0.0,1.0
evt_pay_006909_0,cust_035,pay_006909,2026-06-08T17:39:29.807286+00:00,35624,RETRY_LATER,0.8333333333333334,0,0.28307692307692306,0.3719205964986827,-0.5354981061790098,0.0,1.0,-0.9960009311358359,-0.08934285184919942,0.9166666666666666,6.0,0.5026080740568922,342.6714955763773,0.0,1.0
evt_pay_005466_0,cust_049,pay_005466,2026-06-08T17:45:05.439647+00:00,402875,WHATSAPP_NUDGE,0.8333333333333334,0,0.33687943262411346,1.3705950347850642,0.5763658419579382,0.0,1.0,-0.9978847174833246,-0.06500838879118075,0.88,6.0,0.2100296838614713,341.6205611485614,0.0,0.0
evt_pay_006846_0,cust_017,pay_006846,2026-06-08T18:22:20.661732+00:00,461552,RETRY_LATER,0.03333333333333333,0,0.29577464788732394,0.03271344375580535,-0.28047314325113726,0.0,1.0,-0.9952510604372792,0.09734128979251912,0.8846153846153846,4.0,0.5027156808516637,362.32712547130774,0.0,0.0
evt_pay_007481_1,cust_026,pay_007481,2026-06-08T18:47:09.209185+00:00,188129,WHATSAPP_NUDGE,0.8333333333333334,0,0.43043478260869567,0.08333333333333333,-0.49519915886578103,1.0,1.0,-0.9789088718509465,0.20429738278183351,0.8181818181818181,3.0,1.9048100532514713,356.3359825396204,1.0,0.0
evt_pay_000918_1,cust_028,pay_000918,2026-06-08T19:08:46.121331+00:00,225313,WHATSAPP_NUDGE,0.8333333333333334,0,0.4083969465648855,0.08333333333333333,-0.04268868483593374,1.0,1.0,-0.9553187530301079,0.2955775365432896,0.8888888888888888,2.0,0.3910481863531735,340.1250325884866,0.0,1.0
evt_pay_000944_0,cust_044,pay_000944,2026-06-08T19:16:29.910659+00:00,179880,RETRY_LATER,0.8333333333333334,0,0.3898305084745763,1.8974709609823321,-0.5926610943676968,0.0,1.0,-0.9448081750736339,0.32762404111119425,0.8181818181818181,6.0,-0.8459251821363672,359.64704858336546,0.0,1.0
evt_pay_000328_2,cust_001,pay_000328,2026-06-08T19:24:59.473438+00:00,477362,ESCALATE_HUMAN,0.8333333333333334,0,0.29573170731707316,0.18162844086776886,-0.2708383467468647,2.0,1.0,-0.9320217473246244,0.3624023489354809,0.8666666666666667,5.0,0.16534712408787333,351.3621237967471,1.0,0.0
evt_pay_000562_0,cust_005,pay_000562,2026-06-08T19:30:04.239258+00:00,82740,RETRY_LATER,0.8333333333333334,1,0.26198083067092653,0.714777241582586,-1.0511352875945585,0.0,1.0,-0.9237615120690472,0.38296823474004676,0.8928571428571429,10.0,-0.6412832630166057,359.4896670223772,0.0,1.0
evt_pay_005950_1,cust_046,pay_005950,2026-06-08T19:36:50.582553+00:00,106346,WHATSAPP_NUDGE,0.8333333333333334,0,0.4122448979591837,0.08333333333333333,-0.0021063388644564115,1.0,1.0,-0.9120431130272736,0.41009433058690276,0.7142857142857143,5.0,-0.9687765812058661,362.8376209414934,0.0,1.0
evt_pay_006909_1,cust_035,pay_006909,2026-06-08T19:39:29.807286+00:00,46575,ESCALATE_HUMAN,0.03333333333333333,0,0.2822085889570552,0.08333333333333333,0.17817666397920492,1.0,1.0,-0.9072335344811887,0.420627286219962,0.9230769230769231,6.0,0.5026080740568922,342.7548289097106,0.0,0.0
evt_pay_006213_0,cust_006,pay_006213,2026-06-08T19:54:56.539992+00:00,136630,RETRY_LATER,0.8333333333333334,0,0.3773006134969325,0.300753166210787,0.14264478855134652,0.0,1.0,-0.8768477537945455,0.48076815271548523,0.7333333333333334,7.0,-0.3286363658753921,361.478221709348,0.0,1.0
evt_pay_004094_0,cust_047,pay_004094,2026-06-08T20:08:26.684049+00:00,137241,RETRY_LATER,0.8333333333333334,0,0.42641509433962266,0.7315521088474762,0.6736694743196951,0.0,1.0,-0.8470181817816345,0.5315639187636177,0.75,2.0,1.898235005697721,341.8554323697961,0.0,1.0
evt_pay_002187_0,cust_010,pay_002187,2026-06-08T20:11:29.480766+00:00,80038,RETRY_LATER,0.03333333333333333,0,0.3408360128617363,1.6952558695081923,0.03596961786523123,0.0,1.0,-0.8398772848799037,0.5427763317820344,0.7647058823529411,2.0,-0.045395759303349575,368.7869130968279,1.0,0.0
evt_pay_000448_0,cust_049,pay_000448,2026-06-08T20:47:49.899973+00:00,409533,WHATSAPP_NUDGE,0.8333333333333334,0,0.33568904593639576,0.12690347599580795,0.6331124254886606,0.0,1.0,-0.7436360978446847,0.6685845899976536,0.8518518518518519,6.0,0.2100296838614713,341.7474646245573,0.0,0.0
evt_pay_002100_0,cust_028,pay_002100,2026-06-08T20:49:10.123949+00:00,216955,WHATSAPP_NUDGE,0.8333333333333334,0,0.4068441064638783,0.06972225252261903,-0.14708557555488885,0.0,1.0,-0.7397229073652052,0.6729115991860803,0.8571428571428572,3.0,0.3910481863531735,340.1947548410092,0.0,0.0
evt_pay_001908_0,cust_014,pay_001908,2026-06-08T20:53:29.387606+00:00,81371,RETRY_NOW,0.8333333333333334,0,0.2347560975609756,2.120252182475042,0.6215128252017307,0.0,1.0,-0.7269049845509497,0.6867380457168393,0.7777777777777778,15.0,-0.8122776257059364,363.62750176841126,1.0,0.0
evt_pay_000944_1,cust_044,pay_000944,2026-06-08T21:16:29.910659+00:00,232771,WHATSAPP_NUDGE,0.8333333333333334,0,0.3885135135135135,0.08333333333333333,0.07318543756418977,1.0,1.0,-0.6544158607613857,0.7561348300296281,0.95,5.0,-0.8459251821363672,359.73038191669883,0.0,0.0
evt_pay_002114_0,cust_033,pay_002114,2026-06-08T21:30:45.169489+00:00,69299,WHATSAPP_NUDGE,0.8333333333333334,0,0.6260162601626016,2.4644126187491033,-0.3753814233625393,0.0,1.0,-0.6061521281295978,0.795348727014735,0.7777777777777778,1.0,-0.3958893149650273,343.6398921874796,0.0,0.0
evt_pay_001404_2,cust_058,pay_001404,2026-06-08T21:53:05.469164+00:00,286370,ESCALATE_HUMAN,0.8333333333333334,0,0.34076433121019106,0.9166666666666666,0.5164666366300185,2.0,1.0,-0.5258756724192548,0.8505614481961881,0.7894736842105263,7.0,4.286983765334936,357.8759814516298,0.0,0.0
evt_pay_006213_1,cust_006,pay_006213,2026-06-08T21:54:56.539992+00:00,117559,WHATSAPP_NUDGE,0.8333333333333334,0,0.3761467889908257,0.08333333333333333,-0.27607450557911506,1.0,1.0,-0.5189883536796565,0.8547813104793996,0.7894736842105263,7.0,-0.3286363658753921,361.5615550426814,1.0,0.0
evt_pay_008323_2,cust_011,pay_008323,2026-06-08T22:01:01.664067+00:00,68758,ESCALATE_HUMAN,0.8333333333333334,0,0.5,0.3798958154531533,0.45703245462096326,2.0,1.0,-0.4961114355159253,0.868258857455729,0.9523809523809523,6.0,-0.306212897974724,343.6367488788742,0.0,1.0
evt_pay_005061_0,cust_014,pay_005061,2026-06-08T22:17:07.204911+00:00,58278,WHATSAPP_NUDGE,0.8333333333333334,0,0.23404255319148937,0.05807658917245817,-0.3657049856346193,0.0,1.0,-0.4339732716320127,0.9009257458353642,0.8,15.0,-0.8122776257059364,363.68557835758367,0.0,0.0
evt_pay_005737_0,cust_016,pay_005737,2026-06-08T22:39:48.371184+00:00,122859,WHATSAPP_NUDGE,0.03333333333333333,0,0.3177257525083612,0.9539036725047177,0.15873539823226757,0.0,1.0,-0.3428146920626677,0.9394030481672807,0.9523809523809523,6.0,-0.5381138706705891,361.7239550979566,1.0,0.0
evt_pay_000576_0,cust_028,pay_000576,2026-06-08T22:41:28.258699+00:00,212486,PAYMENT_LINK,0.03333333333333333,0,0.4053030303030303,0.0779876707088647,-0.2029191700842485,0.0,1.0,-0.335981860364589,0.9418684565829508,0.8461538461538461,4.0,0.3910481863531735,340.27274251171804,0.0,0.0
evt_pay_001908_1,cust_014,pay_001908,2026-06-08T22:53:29.387606+00:00,70627,WHATSAPP_NUDGE,0.8333333333333334,0,0.23333333333333334,0.02525674416087516,0.16219292912004774,1.0,1.0,-0.28614915990023826,0.9581850856115367,0.85,16.0,-0.8122776257059364,363.7108351017446,1.0,0.0
evt_pay_004729_0,cust_043,pay_004729,2026-06-08T23:04:47.583985+00:00,148399,PAYMENT_LINK,0.03333333333333333,1,0.23890784982935154,1.2782086594202535,0.08194713260280641,0.0,1.0,-0.23856283762354602,0.9711270630072059,0.84,6.0,-0.05414349663535748,354.6039173632543,1.0,0.0
evt_pay_000028_0,cust_058,pay_000028,2026-06-08T23:16:27.515423+00:00,314306,PAYMENT_LINK,0.03333333333333333,0,0.3396825396825397,0.05789405392291277,0.8455678381958142,0.0,1.0,-0.18884440024604252,0.9820070226305474,0.8571428571428572,7.0,4.286983765334936,357.93387550555275,0.0,0.0
evt_pay_002698_2,cust_009,pay_002698,2026-06-08T23:30:36.983868+00:00,130959,ESCALATE_HUMAN,0.8333333333333334,0,0.2736842105263158,0.679095278912996,0.2885852892970376,2.0,1.0,-0.1278591900026459,0.9917923308494916,0.9230769230769231,6.0,-0.8984355580750027,341.59646598432073,0.0,0.0
evt_pay_002114_1,cust_033,pay_002114,2026-06-08T23:30:45.169489+00:00,70251,WHATSAPP_NUDGE,0.8333333333333334,1,0.6234817813765182,0.08333333333333333,-0.3412986018262394,1.0,1.0,-0.12726877801086486,0.9918682665271741,0.8636363636363636,2.0,-0.3958893149650273,343.72322552081295,0.0,1.0
evt_pay_006925_0,cust_028,pay_006925,2026-06-09T00:35:16.659386+00:00,287311,WHATSAPP_NUDGE,0.8333333333333334,0,0.4037735849056604,0.07903241536176135,0.7317541379592422,0.0,1.0,0.15332067889591203,0.9881764869813978,0.8,5.0,0.3910481863531735,340.3517749270798,0.0,0.0
evt_pay_005737_1,cust_016,pay_005737,2026-06-09T00:39:48.371184+00:00,84137,RETRY_NOW,0.03333333333333333,1,0.31666666666666665,0.08333333333333333,-0.7917882189507687,1.0,1.0,0.17281529196683132,0.9849542501367354,0.95,7.0,-0.5381138706705891,361.8072884312899,0.0,0.0
evt_pay_000028_1,cust_058,pay_000028,2026-06-09T01:16:27.515423+00:00,245419,WHATSAPP_NUDGE,0.8333333333333334,0,0.33860759493670883,0.08333333333333333,0.03403959765927131,1.0,1.0,0.32745946333976556,0.9448652284157951,0.8181818181818181,8.0,4.286983765334936,358.01720883888606,0.0,1.0
evt_pay_002635_2,cust_020,pay_002635,2026-06-09T01:48:53.307417+00:00,69130,ESCALATE_HUMAN,0.8333333333333334,0,0.28125,0.5364237936274586,0.3658832091023317,2.0,1.0,0.45744117773152676,0.8892398826613626,0.9047619047619048,5.0,0.06752823759169156,354.3140372657908,0.0,1.0
evt_pay_008243_2,cust_040,pay_008243,2026-06-09T01:51:35.034954+00:00,204252,ESCALATE_HUMAN,0.8333333333333334,0,0.4721189591078067,0.9166666666666666,-0.1732285137553515,2.0,1.0,0.46786779031345044,0.8837984672917288,0.8333333333333334,3.0,-0.492492512121923,358.2067329425322,0.0,0.0
evt_pay_005789_2,cust_019,pay_005789,2026-06-09T02:01:05.290046+00:00,117958,ESCALATE_HUMAN,0.8333333333333334,1,0.4098939929328622,0.41874888455818865,-0.041006571480778346,2.0,1.0,0.5041062598559167,0.863641637934438,0.9166666666666666,6.0,-0.5137657855739247,345.49334174999876,0.0,1.0
evt_pay_002759_0,cust_053,pay_002759,2026-06-09T02:08:54.184226+00:00,370523,RETRY_LATER,0.8333333333333334,0,0.3472222222222222,7.627620350311759,0.45055469615338056,0.0,1.0,0.5332567803062159,0.8459534303124777,1.0,1.0,-0.06914381847567465,340.0738745963439,0.0,1.0
evt_pay_006155_0,cust_055,pay_006155,2026-06-09T02:22:09.110461+00:00,377085,WHATSAPP_NUDGE,0.8333333333333334,1,0.3181818181818182,1.6080064989102236,0.592099058986358,0.0,1.0,0.5812422053086987,0.813730605770657,0.8260869565217391,7.0,-1.0480965437343166,366.0477302979054,0.0,0.0
evt_pay_002152_0,cust_001,pay_002152,2026-06-09T03:16:46.910612+00:00,620285,PAYMENT_LINK,0.8333333333333334,0,0.2948328267477204,0.3276323746971457,0.5035111284226789,0.0,1.0,0.7569432876249053,0.6534805730238659,1.0,5.0,0.16534712408787333,351.6897561714443,0.0,0.0
evt_pay_005742_2,cust_011,pay_005742,2026-06-09T03:33:31.886039+00:00,56671,ESCALATE_HUMAN,0.8333333333333334,0,0.49808429118773945,0.23090534689585715,-0.1255910781325289,2.0,1.0,0.8026390632676665,0.5964650317636423,0.9047619047619048,6.0,-0.306212897974724,343.8676542257701,0.0,0.0
evt_pay_001853_0,cust_044,pay_001853,2026-06-09T04:00:24.240421+00:00,235620,WHATSAPP_NUDGE,0.8333333333333334,0,0.3872053872053872,0.2804899277947281,0.10904708240489762,0.0,1.0,0.8669054643076436,0.49847258295070634,0.8947368421052632,5.0,-0.8459251821363672,360.0108718444936,0.0,0.0
evt_pay_002468_0,cust_058,pay_002468,2026-06-09T04:00:53.006669+00:00,260880,ESCALATE_HUMAN,0.03333333333333333,0,0.33753943217665616,0.11418392644861797,0.21618436310367373,0.0,1.0,0.8679463416853952,0.49665797884956936,0.8571428571428572,9.0,4.286983765334936,358.13139276533474,1.0,0.0
evt_pay_002759_1,cust_053,pay_002759,2026-06-09T04:08:54.184226+00:00,291933,WHATSAPP_NUDGE,0.8333333333333334,1,0.3460207612456747,0.08333333333333333,-0.2510249551613574,1.0,1.0,0.8847906336417192,0.46598877091608654,1.0,1.0,-0.06914381847567465,340.1572079296772,1.0,0.0
evt_pay_006362_0,cust_010,pay_006362,2026-06-09T04:31:35.054401+00:00,82122,WHATSAPP_NUDGE,0.8333333333333334,0,0.33974358974358976,0.34728673188467,0.11128252515606187,0.0,1.0,0.9265027572691431,0.37628797585449814,0.8636363636363636,2.0,-0.045395759303349575,369.13419982871255,0.0,0.0
evt_pay_000247_0,cust_004,pay_000247,2026-06-09T04:40:48.506566+00:00,284577,DO_NOTHING,0.03333333333333333,0,0.4816326530612245,1.3600592621997407,-0.927596501176304,0.0,1.0,0.9408932469212716,0.3387032593553641,0.9,6.0,-0.2585165281110097,365.35895978308304,0.0,0.0
evt_pay_003192_0,cust_027,pay_003192,2026-06-09T05:08:33.369266+00:00,85761,WHATSAPP_NUDGE,0.8333333333333334,0,0.29553264604810997,2.8899020476249575,0.22032765854389122,0.0,1.0,0.9749130798869681,0.22258590850569646,0.8181818181818181,10.0,-0.8172299270627982,342.35618862264454,0.0,0.0
evt_pay_002152_1,cust_001,pay_002152,2026-06-09T05:16:46.910612+00:00,586517,PAYMENT_LINK,0.8333333333333334,0,0.29393939393939394,0.08333333333333333,0.3205588116923643,1.0,1.0,0.9822724028192119,0.1874591333058272,0.9090909090909091,6.0,0.16534712408787333,351.7730895047776,0.0,0.0
evt_pay_001853_1,cust_044,pay_001853,2026-06-09T06:00:24.240421+00:00,242882,WHATSAPP_NUDGE,0.8333333333333334,0,0.3859060402684564,0.08333333333333333,0.20047386248044932,1.0,1.0,0.9999984462453165,-0.001762812228464106,0.8888888888888888,6.0,-0.8459251821363672,360.09420517782695,0.0,0.0
evt_pay_003109_0,cust_057,pay_003109,2026-06-09T06:13:28.163413+00:00,67496,RETRY_NOW,0.8333333333333334,0,0.3282442748091603,1.1987920851681035,-0.5016117707104257,0.0,1.0,0.998273464089609,-0.05873747436289675,0.9166666666666666,6.0,-0.5990323654313375,360.52411724948325,1.0,0.0
evt_pay_006362_1,cust_010,pay_006362,2026-06-09T06:31:35.054401+00:00,64201,WHATSAPP_NUDGE,0.8333333333333334,1,0.33865814696485624,0.08333333333333333,-0.5364773518684088,1.0,1.0,0.9905189123986544,-0.13737643240595052,0.9047619047619048,3.0,-0.045395759303349575,369.21753316204587,0.0,0.0
evt_pay_001980_0,cust_054,pay_001980,2026-06-09T06:36:19.827118+00:00,89805,WHATSAPP_NUDGE,0.8333333333333334,0,0.44516129032258067,0.6792536863658825,-0.26196932487793917,0.0,1.0,0.9874617560165397,-0.15785841885921587,0.9230769230769231,1.0,-0.6956354929968003,355.73181082656316,0.0,0.0
evt_pay_003192_1,cust_027,pay_003192,2026-06-09T07:08:33.369266+00:00,89941,WHATSAPP_NUDGE,0.8333333333333334,0,0.2945205479452055,0.08333333333333333,0.37033373766727806,1.0,1.0,0.9555924479166904,-0.2946914886531122,0.7894736842105263,11.0,-0.8172299270627982,342.43952195597785,1.0,0.0
evt_pay_003203_0,cust_052,pay_003203,2026-06-09T07:57:42.052848+00:00,121491,PAYMENT_LINK,0.03333333333333333,0,0.4691358024691358,1.8555391740749958,-0.47574951013745304,0.0,1.0,0.8709976429002025,-0.49128719305747365,1.0,6.0,-1.0656726581061444,369.2065291442729,1.0,0.0
evt_pay_003109_1,cust_057,pay_003109,2026-06-09T08:13:28.163413+00:00,96729,WHATSAPP_NUDGE,0.8333333333333334,0,0.3269961977186312,0.08333333333333333,0.5185697693084631,1.0,1.0,0.8351614426440457,-0.5500048769972101,0.9285714285714286,6.0,-0.5990323654313375,360.6074505828166,1.0,0.0
evt_pay_002413_2,cust_020,pay_002413,2026-06-09T08:22:42.815082+00:00,55200,WHATSAPP_NUDGE,0.03333333333333333,0,0.2804532577903683,0.2734896720414781,-0.2835973229181917,2.0,1.0,0.8123034979815753,-0.583234967373268,0.8888888888888888,5.0,0.06752823759169156,354.58752693783225,0.0,0.0
evt_pay_001980_1,cust_054,pay_001980,2026-06-09T08:36:19.827118+00:00,84269,WHATSAPP_NUDGE,0.8333333333333334,0,0.4437299035369775,0.08333333333333333,-0.4219526914195127,1.0,1.0,0.7762377565463069,-0.6304402789415953,0.9333333333333333,2.0,-0.6956354929968003,355.81514415989653,0.0,0.0
evt_pay_000512_0,cust_017,pay_000512,2026-06-09T08:48:17.523163+00:00,505484,PAYMENT_LINK,0.8333333333333334,1,0.29473684210526313,0.6013525628578881,-0.03521726956483928,0.0,1.0,0.7422915355657579,-0.6700770673791405,0.7777777777777778,4.0,0.5027156808516637,362.9284780341656,0.0,0.0
evt_pay_002732_0,cust_027,pay_002732,2026-06-09T08:49:14.220637+00:00,95745,WHATSAPP_NUDGE,0.8333333333333334,0,0.2935153583617747,0.06991726124120608,0.5786076999219167,0.0,1.0,0.7395224010154855,-0.6731319472408746,0.736842105263158,12.0,-0.8172299270627982,342.5094392172191,0.0,0.0
evt_pay_000728_2,cust_050,pay_000728,2026-06-09T08:51:01.487946+00:00,94824,ESCALATE_HUMAN,0.8333333333333334,0,0.4536082474226804,0.9166666666666666,-0.5340720231628998,2.0,1.0,0.7342490545175716,-0.6788801999911708,1.0,6.0,-0.900782201038446,367.0836175615155,0.0,0.0
evt_pay_005556_0,cust_036,pay_005556,2026-06-09T09:14:43.610197+00:00,380729,WHATSAPP_NUDGE,0.8333333333333334,0,0.42424242424242425,2.524850975594537,0.3513079474318899,0.0,1.0,0.6602414644987544,-0.7510533992710106,0.8333333333333334,5.0,-0.5882553306323993,350.826609651692,0.0,0.0
evt_pay_001718_0,cust_014,pay_001718,2026-06-09T09:29:53.611637+00:00,71595,WHATSAPP_NUDGE,0.8333333333333334,0,0.2326283987915408,0.4419470373957021,0.20360010142961227,0.0,1.0,0.6091299353035688,-0.7930704394422162,0.9047619047619048,17.0,-0.8122776257059364,364.15278213914024,0.0,0.0
evt_pay_006254_0,cust_022,pay_006254,2026-06-09T09:39:12.133475+00:00,138860,RETRY_LATER,0.8333333333333334,0,0.34951456310679613,4.589925925454547,0.6755288895243108,0.0,1.0,0.5764243844500023,-0.817150493490297,0.8571428571428572,8.0,-0.6143468879245073,348.4085946733148,0.0,1.0
evt_pay_005798_0,cust_012,pay_005798,2026-06-09T09:44:55.212355+00:00,579901,DO_NOTHING,0.03333333333333333,0,0.5909090909090909,1.87767176686134,0.20207982564262908,0.0,1.0,0.5558596899209861,-0.8312761304891084,1.0,2.0,-0.5006574979571285,349.6122815228164,0.0,1.0
evt_pay_007147_0,cust_041,pay_007147,2026-06-09T10:08:26.374081+00:00,269241,RETRY_NOW,0.8333333333333334,0,0.41935483870967744,2.1065613105762395,0.06622542083539963,0.0,1.0,0.4677772269023152,-0.8838464040723252,0.7894736842105263,0.0,0.3693318557794774,368.71236054460746,1.0,0.0
evt_pay_004002_0,cust_002,pay_004002,2026-06-09T10:15:10.141883+00:00,325009,RETRY_NOW,0.8333333333333334,0,0.35738831615120276,1.1264916818775912,0.16416326094728137,0.0,1.0,0.44162709174116416,-0.8971987025404358,0.8,7.0,-0.38277421977533765,348.50974612087253,1.0,0.0
evt_pay_006663_2,cust_031,pay_006663,2026-06-09T10:24:33.763596+00:00,53569,ESCALATE_HUMAN,0.8333333333333334,0,0.29245283018867924,0.9166666666666666,-0.01118318622368078,2.0,1.0,0.4044923381512884,-0.9145413869130822,0.9333333333333333,6.0,-0.07508066613848166,362.76921783099436,0.0,0.0
evt_pay_001066_0,cust_050,pay_001066,2026-06-09T10:29:03.448628+00:00,123310,RETRY_LATER,0.8333333333333334,0,0.4520547945205479,0.06807824864326524,0.16377379331807093,0.0,1.0,0.3864796694735505,-0.9222979264227016,1.0,6.0,-0.900782201038446,367.1516958101588,0.0,1.0
evt_pay_001480_0,cust_035,pay_001480,2026-06-09T10:29:08.817671+00:00,38474,WHATSAPP_NUDGE,0.8333333333333334,0,0.28134556574923547,0.6178126201987387,-0.3497686926229881,0.0,1.0,0.3861195308442874,-0.922448756246431,0.875,6.0,0.5026080740568922,343.37264152990934,0.0,0.0
evt_pay_005899_0,cust_034,pay_005899,2026-06-09T10:31:00.948226+00:00,49982,RETRY_LATER,0.8333333333333334,0,0.38345864661654133,0.888704046924147,-0.21710357455798857,0.0,1.0,0.3785847940269826,-0.925566612260591,0.9090909090909091,3.0,-0.5369784473169031,353.5510605115792,0.0,1.0
evt_pay_002732_1,cust_027,pay_002732,2026-06-09T10:49:14.220637+00:00,77428,DO_NOTHING,0.03333333333333333,0,0.2925170068027211,0.08333333333333333,-0.07869390600610694,1.0,1.0,0.3038792123266362,-0.9527105669172266,0.8095238095238095,13.0,-0.8172299270627982,342.5927725505524,1.0,0.0
evt_pay_001393_2,cust_020,pay_001393,2026-06-09T10:56:26.291648+00:00,60423,ESCALATE_HUMAN,0.8333333333333334,0,0.2796610169491525,0.10675320099772989,-0.04007345916805405,2.0,1.0,0.27379893748859213,-0.9617869524120807,0.875,6.0,0.06752823759169156,354.69428013883,1.0,0.0
evt_pay_005131_0,cust_056,pay_005131,2026-06-09T11:03:01.940920+00:00,179888,RETRY_LATER,0.8333333333333334,0,0.25471698113207547,1.8127426851077264,0.3684049679669462,0.0,1.0,0.24601648589732603,-0.9692656440144419,0.9090909090909091,8.0,-0.26273729270347856,351.41588579955413,0.0,1.0
evt_pay_005556_1,cust_036,pay_005556,2026-06-09T11:14:43.610197+00:00,291174,WHATSAPP_NUDGE,0.8333333333333334,1,0.4228187919463087,0.08333333333333333,-0.40337977718363605,1.0,1.0,0.19625918125225777,-0.9805520556167293,0.8888888888888888,6.0,-0.5882553306323993,350.90994298502534,1.0,0.0
evt_pay_001718_1,cust_014,pay_001718,2026-06-09T11:29:53.611637+00:00,49450,WHATSAPP_NUDGE,0.8333333333333334,0,0.2319277108433735,0.08333333333333333,-0.743134455097212,1.0,1.0,0.13098677845735382,-0.991384115199232,0.9090909090909091,18.0,-0.8122776257059364,364.23611547247356,0.0,1.0
evt_pay_001656_0,cust_035,pay_001656,2026-06-09T11:37:14.608428+00:00,44685,WHATSAPP_NUDGE,0.8333333333333334,0,0.2804878048780488,0.047289244873809366,0.055005655817743845,0.0,1.0,0.09913099564706224,-0.9950743920441437,0.7777777777777778,7.0,0.5026080740568922,343.41993077478315,0.0,0.0
evt_pay_003677_0,cust_042,pay_003677,2026-06-09T11:38:35.219442+00:00,264627,RETRY_LATER,0.8333333333333334,0,0.4186046511627907,3.877821357627681,0.39638561241567966,0.0,1.0,0.09329600226662453,-0.9956384162742346,1.0,2.0,0.21388002896855346,366.4147150204221,0.0,1.0
evt_pay_006254_1,cust_022,pay_006254,2026-06-09T11:39:12.133475+00:00,125293,WHATSAPP_NUDGE,0.8333333333333334,0,0.34838709677419355,0.08333333333333333,0.33035856361031596,1.0,1.0,0.09062291354936104,-0.995885278302589,0.8,8.0,-0.6143468879245073,348.4919280066481,0.0,0.0
evt_pay_003679_0,cust_011,pay_003679,2026-06-09T11:53:34.866333+00:00,76790,WHATSAPP_NUDGE,0.8333333333333334,1,0.4961832061068702,0.3472567163669093,0.8441781967807762,0.0,1.0,0.028004049087829667,-0.9996078097107317,0.9333333333333333,5.0,-0.306212897974724,344.214910942137,0.0,0.0
evt_pay_007147_1,cust_041,pay_007147,2026-06-09T12:08:26.374081+00:00,267461,WHATSAPP_NUDGE,0.8333333333333334,0,0.41785714285714287,0.08333333333333333,0.04690149473700777,1.0,1.0,-0.03681624022692037,-0.9993220524213171,0.8181818181818181,0.0,0.3693318557794774,368.7956938779408,0.0,1.0
evt_pay_004002_1,cust_002,pay_004002,2026-06-09T12:15:10.141883+00:00,321470,PAYMENT_LINK,0.03333333333333333,0,0.3561643835616438,0.08333333333333333,0.1312563195538931,1.0,1.0,-0.06613907082292872,-0.9978104145130374,0.8260869565217391,6.0,-0.38277421977533765,348.5930794542059,0.0,0.0
evt_pay_001480_1,cust_035,pay_001480,2026-06-09T12:29:08.817671+00:00,45155,WHATSAPP_NUDGE,0.8333333333333334,0,0.2796352583586626,0.03604408845952397,0.08560850984152656,1.0,1.0,-0.1268350555147333,-0.9919238220209123,0.8181818181818181,8.0,0.5026080740568922,343.4559748632427,0.0,0.0
evt_pay_005899_1,cust_034,pay_005899,2026-06-09T12:31:00.948226+00:00,65910,WHATSAPP_NUDGE,0.8333333333333334,0,0.38202247191011235,0.08333333333333333,0.6241876755275383,1.0,1.0,-0.13491925701642965,-0.9908565961258645,0.9130434782608696,3.0,-0.5369784473169031,353.6343938449125,1.0,0.0
evt_pay_002455_0,cust_012,pay_002455,2026-06-09T12:41:09.978723+00:00,417360,RETRY_LATER,0.8333333333333334,0,0.588477366255144,0.12239312925682573,-0.6553948079737102,0.0,1.0,-0.1786575905282885,-0.9839113096954554,1.0,2.0,-0.5006574979571285,349.7346746520732,0.0,1.0
evt_pay_005131_1,cust_056,pay_005131,2026-06-09T13:03:01.940920+00:00,167888,WHATSAPP_NUDGE,0.8333333333333334,0,0.25391849529780564,0.08333333333333333,0.1532420368077422,1.0,1.0,-0.2715762954703604,-0.9624169136806541,0.9130434782608696,8.0,-0.26273729270347856,351.49921913288745,1.0,0.0
evt_pay_001208_2,cust_001,pay_001208,2026-06-09T13:03:26.776147+00:00,625965,PAYMENT_LINK,0.8333333333333334,0,0.2930513595166163,0.3240725177684188,0.5342840570781479,2.0,1.0,-0.2733140426461473,-0.9619248588597864,0.9285714285714286,7.0,0.16534712408787333,352.097162022546,0.0,1.0
evt_pay_006631_0,cust_044,pay_006631,2026-06-09T13:32:22.283003+00:00,169386,WHATSAPP_NUDGE,0.8333333333333334,0,0.38461538461538464,0.3138662335896356,-0.7247604093304293,0.0,1.0,-0.3922222613642724,-0.9198704787579045,0.8571428571428572,7.0,-0.8459251821363672,360.4080714114166,0.0,0.0
evt_pay_001656_1,cust_035,pay_001656,2026-06-09T13:37:14.608428+00:00,49974,WHATSAPP_NUDGE,0.8333333333333334,0,0.2787878787878788,0.047289244873809366,0.39969099511724804,1.0,1.0,-0.41168723548927116,-0.9113251999891155,0.8333333333333334,9.0,0.5026080740568922,343.5032641081165,0.0,1.0
evt_pay_003677_1,cust_042,pay_003677,2026-06-09T13:38:35.219442+00:00,229014,PAYMENT_LINK,0.03333333333333333,1,0.41721854304635764,0.08333333333333333,-0.04146484139145796,1.0,1.0,-0.4170225001026897,-0.9088961626105053,1.0,2.0,0.21388002896855346,366.4980483537554,0.0,0.0
evt_pay_006274_2,cust_003,pay_006274,2026-06-09T14:24:02.601184+00:00,258060,ESCALATE_HUMAN,0.8333333333333334,0,0.4883720930232558,0.9166666666666666,0.4905570803978216,2.0,1.0,-0.5879382782222055,-0.8089057924141158,0.8333333333333334,4.0,2.053947620637407,345.6306920618094,0.0,0.0
evt_pay_002455_1,cust_012,pay_002455,2026-06-09T14:41:09.978723+00:00,499200,DO_NOTHING,0.03333333333333333,0,0.5860655737704918,0.08333333333333333,-0.2236500497373491,1.0,1.0,-0.6466776668241438,-0.7627633940029382,0.8571428571428572,2.0,-0.5006574979571285,349.8180079854065,0.0,1.0
evt_pay_003388_0,cust_037,pay_003388,2026-06-09T14:44:58.126353+00:00,165859,WHATSAPP_NUDGE,0.8333333333333334,0,0.38645418326693226,1.8153764746202228,0.11235662563867924,0.0,1.0,-0.6592433667184748,-0.7519296399515651,0.8666666666666667,7.0,-0.33341852366871827,347.2444251718924,0.0,0.0
evt_pay_002150_0,cust_005,pay_002150,2026-06-09T15:03:43.137759+00:00,127270,RETRY_LATER,0.8333333333333334,0,0.2643312101910828,1.5298107890500887,-0.07916999318750417,0.0,1.0,-0.7184874302063139,-0.6955399432351295,0.8333333333333334,8.0,-0.6412832630166057,360.30470056984467,0.0,1.0
evt_pay_006899_0,cust_029,pay_006899,2026-06-09T15:43:27.642649+00:00,38682,RETRY_LATER,0.8333333333333334,1,0.38080495356037153,1.338748874735889,-0.3868801752818698,0.0,1.0,-0.827719445669506,-0.5611421560180323,0.84,7.0,-0.8256115037842402,343.66846801829143,0.0,1.0
evt_pay_000827_0,cust_047,pay_000827,2026-06-09T15:44:22.847000+00:00,90891,WHATSAPP_NUDGE,0.8333333333333334,0,0.424812030075188,0.8166222563776273,-0.5187889016309858,0.0,1.0,-0.8299655160876824,-0.5578147023029305,0.9130434782608696,1.0,1.898235005697721,342.67205462617375,0.0,0.0
evt_pay_003246_0,cust_005,pay_003246,2026-06-09T16:00:17.868004+00:00,117095,RETRY_NOW,0.8333333333333334,0,0.2634920634920635,0.03929085930976347,-0.3012508055453743,0.0,1.0,-0.8666743714395069,-0.49887426661428,0.8076923076923077,8.0,-0.6412832630166057,360.3439914291544,1.0,0.0
evt_pay_007330_0,cust_016,pay_007330,2026-06-09T16:18:38.979935+00:00,132575,WHATSAPP_NUDGE,0.8333333333333334,0,0.31893687707641194,0.7353079716494335,0.39723401070701847,0.0,1.0,-0.9038020265107816,-0.42795081127975976,0.875,7.0,-0.5381138706705891,362.45926306960604,0.0,0.0
evt_pay_007277_0,cust_048,pay_007277,2026-06-09T16:34:49.045822+00:00,228331,WHATSAPP_NUDGE,0.8333333333333334,0,0.25748502994011974,1.7518735629699524,0.5499065299950682,0.0,1.0,-0.9317188517160903,-0.3631803702801823,0.8076923076923077,5.0,-0.4506859321563252,350.6964724463196,0.0,0.0
evt_pay_007481_2,cust_026,pay_007481,2026-06-09T16:47:09.209185+00:00,233501,ESCALATE_HUMAN,0.8333333333333334,0,0.42857142857142855,0.9166666666666666,0.07444934800151976,2.0,1.0,-0.949908642403802,-0.31252771250973216,0.8823529411764706,4.0,1.9048100532514713,357.25264920628706,1.0,0.0
evt_pay_003283_0,cust_041,pay_003283,2026-06-09T16:49:42.863850+00:00,235535,WHATSAPP_NUDGE,0.8333333333333334,1,0.41637010676156583,0.19532974270540157,-0.29974855520313143,0.0,1.0,-0.9533414779663767,-0.30189406484540987,0.8148148148148149,1.0,0.3693318557794774,368.9910236206462,0.0,0.0
evt_pay_002175_0,cust_024,pay_002175,2026-06-09T17:10:03.491986+00:00,104098,WHATSAPP_NUDGE,0.8333333333333334,0,0.25084745762711863,2.740157397213219,0.25066849272710384,0.0,1.0,-0.9763509392595167,-0.21619168209498643,0.9166666666666666,4.0,-1.1653357768016162,355.37317758843443,0.0,0.0
evt_pay_001261_0,cust_050,pay_001261,2026-06-09T17:25:10.864947+00:00,127576,RETRY_LATER,0.8333333333333334,0,0.45051194539249145,0.28897472590843637,0.2683036615511894,0.0,1.0,-0.9884813978587766,-0.1513424133782693,0.875,6.0,-0.900782201038446,367.4406705360672,0.0,1.0
evt_pay_000827_1,cust_047,pay_000827,2026-06-09T17:44:22.847000+00:00,117297,DO_NOTHING,0.03333333333333333,1,0.4232209737827715,0.08333333333333333,0.1605724883562876,1.0,1.0,-0.9976785723484605,-0.06809894475495033,0.9130434782608696,2.0,1.898235005697721,342.75538795950706,0.0,1.0
evt_pay_004356_0,cust_031,pay_004356,2026-06-09T17:57:56.086849+00:00,64426,RETRY_NOW,0.8333333333333334,0,0.29153605015673983,0.31484170431588154,0.5656124007367439,0.0,1.0,-0.9999593992438355,-0.00901109670947682,0.9230769230769231,6.0,-0.07508066613848166,363.0840595353102,1.0,0.0
evt_pay_003246_1,cust_005,pay_003246,2026-06-09T18:00:17.868004+00:00,134445,ESCALATE_HUMAN,0.03333333333333333,0,0.2626582278481013,0.08333333333333333,0.07744495651640698,1.0,1.0,-0.9999991557826635,0.0012993975374561133,0.76,8.0,-0.6412832630166057,360.4273247624878,1.0,0.0
evt_pay_007277_1,cust_048,pay_007277,2026-06-09T18:34:49.045822+00:00,148191,RETRY_LATER,0.03333333333333333,0,0.25671641791044775,0.08333333333333333,-0.6459162159390471,1.0,1.0,-0.9884823799110917,0.15133599903956857,0.76,6.0,-0.4506859321563252,350.7798057796529,0.0,0.0
evt_pay_002362_0,cust_044,pay_002362,2026-06-09T18:51:29.493502+00:00,241769,RETRY_NOW,0.8333333333333334,0,0.38333333333333336,0.22161123262806845,0.18645474168511786,0.0,1.0,-0.9748667194096168,0.22278886728813788,0.875,8.0,-0.8459251821363672,360.62968264404464,1.0,0.0
evt_pay_002175_1,cust_024,pay_002175,2026-06-09T19:10:03.491986+00:00,102013,WHATSAPP_NUDGE,0.8333333333333334,0,0.25,0.08333333333333333,0.1884066962424719,1.0,1.0,-0.953640557455032,0.30094798084861096,0.9285714285714286,5.0,-1.1653357768016162,355.4565109217678,1.0,0.0
evt_pay_007131_0,cust_034,pay_007131,2026-06-09T19:12:43.289612+00:00,50518,WHATSAPP_NUDGE,0.8333333333333334,0,0.3805970149253731,0.2789622845653715,-0.18879272553082924,0.0,1.0,-0.9500789858226708,0.31200948815407076,0.875,4.0,-0.5369784473169031,353.9133561294778,0.0,0.0
evt_pay_000944_2,cust_044,pay_000944,2026-06-09T19:16:29.910659+00:00,301253,ESCALATE_HUMAN,0.8333333333333334,0,0.38205980066445183,0.01736593932090121,0.935293874276744,2.0,1.0,-0.9448081750736339,0.32762404111119425,0.8823529411764706,8.0,-0.8459251821363672,360.64704858336546,0.0,0.0
evt_pay_003136_0,cust_056,pay_003136,2026-06-09T19:24:45.041678+00:00,170847,WHATSAPP_NUDGE,0.8333333333333334,0,0.253125,0.26508218470178235,0.20629878102464388,0.0,1.0,-0.9324015778317197,0.3614239860010947,0.88,8.0,-0.26273729270347856,351.7643013175892,0.0,0.0
evt_pay_001261_1,cust_050,pay_001261,2026-06-09T19:25:10.864947+00:00,109931,WHATSAPP_NUDGE,0.8333333333333334,0,0.4489795918367347,0.08333333333333333,-0.16397498272353325,1.0,1.0,-0.9317212084031883,0.3631743242737606,0.8888888888888888,6.0,-0.900782201038446,367.52400386940053,0.0,0.0
evt_pay_004356_1,cust_031,pay_004356,2026-06-09T19:57:56.086849+00:00,46699,PAYMENT_LINK,0.03333333333333333,0,0.290625,0.08333333333333333,-0.37616334847619803,1.0,1.0,-0.8704957908529256,0.4921758609555527,0.9285714285714286,6.0,-0.07508066613848166,363.1673928686435,0.0,0.0
evt_pay_002824_0,cust_046,pay_002824,2026-06-09T20:12:51.868601+00:00,106847,RETRY_NOW,0.8333333333333334,1,0.4105691056910569,1.0250148848170966,0.0113288671933351,0.0,1.0,-0.836610232942231,0.5477986109295513,0.8636363636363636,6.0,-0.9687765812058661,363.86263582631045,1.0,0.0
evt_pay_007920_0,cust_045,pay_007920,2026-06-09T20:12:59.901111+00:00,76986,RETRY_LATER,0.8333333333333334,0,0.23692307692307693,2.3478754438075193,-0.33761929069372687,0.0,1.0,-0.836290098842703,0.548287215405997,0.8260869565217391,6.0,1.000889969158722,343.67887134623646,0.0,1.0
evt_pay_004899_0,cust_058,pay_004899,2026-06-09T20:13:35.928338+00:00,206820,WHATSAPP_NUDGE,0.8333333333333334,0,0.33647798742138363,0.6754967785865537,-0.4206846119551327,0.0,1.0,-0.8348507320157915,0.5504763893689693,0.8333333333333334,9.0,4.286983765334936,358.8068895439212,0.0,0.0
evt_pay_005062_0,cust_059,pay_005062,2026-06-09T20:23:00.003212+00:00,161500,WHATSAPP_NUDGE,0.8333333333333334,1,0.367816091954023,1.362552770066903,-0.0669449455176783,0.0,1.0,-0.8115738455005815,0.5842498551984401,0.9,6.0,-0.38878117849020055,352.4698975523704,0.0,0.0
evt_pay_003171_0,cust_038,pay_003171,2026-06-09T20:37:26.777860+00:00,38321,RETRY_NOW,0.03333333333333333,0,0.5310077519379846,3.2566346395229098,-0.40096156172544,0.0,1.0,-0.7731590835530577,0.6342121344782011,0.84,3.0,2.4957647172129915,367.8162448608253,0.0,0.0
evt_pay_008344_0,cust_036,pay_008344,2026-06-09T20:51:52.346545+00:00,283072,WHATSAPP_NUDGE,0.8333333333333334,0,0.42474916387959866,0.4841288929171507,-0.4716602948600381,0.0,1.0,-0.731733171529382,0.6815912012955802,0.8,6.0,-0.5882553306323993,351.3107385446092,0.0,0.0
evt_pay_001908_2,cust_014,pay_001908,2026-06-09T20:53:29.387606+00:00,64248,DO_NOTHING,0.03333333333333333,0,0.23123123123123124,0.39138629593763125,-0.11047762233902711,2.0,1.0,-0.7269049845509497,0.6867380457168393,0.8461538461538461,18.0,-0.8122776257059364,364.62750176841126,0.0,1.0
evt_pay_005729_0,cust_052,pay_005729,2026-06-09T21:07:14.885054+00:00,116465,WHATSAPP_NUDGE,0.8333333333333334,0,0.4672131147540984,0.5482966690503682,-0.574279281306713,0.0,1.0,-0.6843941480996801,0.7291122341909461,0.8181818181818181,7.0,-1.0656726581061444,369.7548258133233,0.0,0.0
evt_pay_003136_1,cust_056,pay_003136,2026-06-09T21:24:45.041678+00:00,157885,WHATSAPP_NUDGE,0.8333333333333334,0,0.2523364485981308,0.08333333333333333,-0.02612859453854706,1.0,1.0,-0.6267714599304152,0.7792031423298393,0.8461538461538461,9.0,-0.26273729270347856,351.84763465092254,0.0,0.0
evt_pay_004629_0,cust_016,pay_004629,2026-06-09T21:32:44.190142+00:00,84290,WHATSAPP_NUDGE,0.8333333333333334,0,0.31788079470198677,0.2181158588837396,-0.7880477946829793,0.0,1.0,-0.599245426697938,0.8005653743334183,0.875,8.0,-0.5381138706705891,362.6773789284898,0.0,0.0
evt_pay_001711_0,cust_039,pay_001711,2026-06-09T21:37:10.663564+00:00,234947,RETRY_LATER,0.8333333333333334,0,0.6118143459915611,1.4297561402473775,-0.19101147708180874,0.0,1.0,-0.5836201336641673,0.8120268096447429,0.8181818181818181,2.0,-0.6642333856639545,341.30257725117616,0.0,1.0
evt_pay_007727_0,cust_014,pay_007727,2026-06-09T21:41:22.203612+00:00,65437,DO_NOTHING,0.03333333333333333,0,0.23053892215568864,0.03325018524611778,-0.05967096745754162,0.0,1.0,-0.5686693132120088,0.8225662357591529,0.8461538461538461,18.0,-0.8122776257059364,364.6607519536573,1.0,0.0
evt_pay_000355_0,cust_011,pay_000355,2026-06-09T21:52:42.791190+00:00,63609,WHATSAPP_NUDGE,0.8333333333333334,0,0.49809885931558934,0.7633206614690948,0.2088251956987641,0.0,1.0,-0.5272776931063601,0.849693023598779,0.8823529411764706,5.0,-0.306212897974724,344.63097488723923,0.0,0.0
evt_pay_007920_1,cust_045,pay_007920,2026-06-09T22:12:59.901111+00:00,96385,WHATSAPP_NUDGE,0.8333333333333334,0,0.2361963190184049,0.08333333333333333,0.29726626518355737,1.0,1.0,-0.450104862828182,0.8929757065331753,0.84,5.0,1.000889969158722,343.7622046795698,0.0,0.0
evt_pay_004899_1,cust_058,pay_004899,2026-06-09T22:13:35.928338+00:00,190553,WHATSAPP_NUDGE,0.8333333333333334,1,0.335423197492163,0.08333333333333333,-0.6123124378720797,1.0,1.0,-0.44776374760922594,0.894151903384957,0.8461538461538461,10.0,4.286983765334936,358.89022287725453,0.0,1.0
evt_pay_005816_0,cust_012,pay_005816,2026-06-09T22:21:59.836367+00:00,598307,RETRY_LATER,0.8333333333333334,0,0.5836734693877551,0.3200215005046516,0.299177609772422,0.0,1.0,-0.41470407095046885,0.9099563360607521,0.8333333333333334,2.0,-0.5006574979571285,350.13802948591115,0.0,1.0
evt_pay_004914_0,cust_019,pay_004914,2026-06-09T22:23:38.032533+00:00,112766,WHATSAPP_NUDGE,0.8333333333333334,0,0.4119718309859155,1.267738959636991,-0.16494739728894106,0.0,1.0,-0.4081955299561373,0.9128945225620692,0.8333333333333334,6.0,-0.5137657855739247,346.3423318250775,0.0,0.0
evt_pay_006611_0,cust_016,pay_006611,2026-06-09T22:28:57.881446+00:00,131441,RETRY_LATER,0.8333333333333334,1,0.31683168316831684,0.039047353048507226,0.3694109347731169,0.0,1.0,-0.3868530365153748,0.9221413818600888,0.8823529411764706,9.0,-0.5381138706705891,362.7164262815383,0.0,1.0
evt_pay_008352_0,cust_037,pay_008352,2026-06-09T22:34:42.560802+00:00,207430,WHATSAPP_NUDGE,0.8333333333333334,0,0.38492063492063494,0.3262087320430851,0.856629238616903,0.0,1.0,-0.3636197321921104,0.9315474708035753,0.8333333333333334,7.0,-0.33341852366871827,347.57063390393546,0.0,0.0
evt_pay_003171_1,cust_038,pay_003171,2026-06-09T22:37:26.777860+00:00,44563,WHATSAPP_NUDGE,0.8333333333333334,1,0.528957528957529,0.08333333333333333,-0.0009337090956624088,1.0,1.0,-0.35246934028454174,0.9358233616230042,0.8076923076923077,3.0,2.4957647172129915,367.89957819415866,0.0,0.0
evt_pay_002549_0,cust_004,pay_002549,2026-06-09T23:07:03.343461+00:00,558428,PAYMENT_LINK,0.8333333333333334,0,0.4796747967479675,0.768227278880147,0.9292217688803271,0.0,1.0,-0.22896371343716795,0.973434958242749,0.9333333333333333,5.0,-0.2585165281110097,366.1271870619632,0.0,0.0
evt_pay_001249_0,cust_047,pay_001249,2026-06-09T23:07:50.888027+00:00,127006,RETRY_NOW,0.8333333333333334,0,0.4253731343283582,0.3079634378043276,0.41036203566408297,0.0,1.0,-0.22559666285286703,0.9742207889947996,0.7692307692307692,2.0,1.898235005697721,342.9800180639781,1.0,0.0
evt_pay_000028_2,cust_058,pay_000028,2026-06-09T23:16:27.515423+00:00,285372,ESCALATE_HUMAN,0.8333333333333334,0,0.3375,0.1269859616314951,0.5047068382702303,2.0,1.0,-0.18884440024604252,0.9820070226305474,0.7777777777777778,11.0,4.286983765334936,358.93387550555275,0.0,1.0
evt_pay_001711_1,cust_039,pay_001711,2026-06-09T23:37:10.663564+00:00,238677,RETRY_NOW,0.03333333333333333,0,0.6092436974789915,0.08333333333333333,-0.14868415386977002,1.0,1.0,-0.09941645709086769,0.9950459125384615,0.8333333333333334,2.0,-0.6642333856639545,341.3859105845095,1.0,0.0
evt_pay_000355_1,cust_011,pay_000355,2026-06-09T23:52:42.791190+00:00,69628,WHATSAPP_NUDGE,0.8333333333333334,0,0.4962121212121212,0.08333333333333333,0.49894673459519967,1.0,1.0,-0.031789365279573975,0.9994945904081332,0.8333333333333334,6.0,-0.306212897974724,344.71430822057255,1.0,0.0
evt_pay_002678_0,cust_011,pay_002678,2026-06-09T23:58:10.263028+00:00,49394,WHATSAPP_NUDGE,0.8333333333333334,1,0.49433962264150944,0.0037901833087706414,-0.4763062327935332,0.0,1.0,-0.007980213131220498,0.9999681575922207,0.8421052631578947,7.0,-0.306212897974724,344.71809840388124,0.0,0.0
evt_decoy_b_020,cust_009,pay_decoy_b_020,2026-06-10T00:00:22.864518+00:00,107200,WHATSAPP_NUDGE,0.8333333333333334,0,0.25076452599388377,0.0,-0.28210731742406653,0.0,1.0,0.0016627539044600207,0.9999986176237711,0.8461538461538461,5.0,-0.8984355580750027,342.6171358992551,0.0,0.0
evt_decoy_b_000,cust_020,pay_decoy_b_000,2026-06-10T00:01:31.164627+00:00,73488,WHATSAPP_NUDGE,0.8333333333333334,0,0.2692307692307692,0.0,0.5690612038504628,0.0,1.0,0.006629630210023802,0.9999780237601616,0.8,6.0,0.06752823759169156,355.2394754279422,0.0,0.0
evt_decoy_b_027,cust_032,pay_decoy_b_027,2026-06-10T00:06:19.138905+00:00,258359,WHATSAPP_NUDGE,0.8333333333333334,0,0.23676880222841226,0.0,-0.5836758706072565,0.0,1.0,0.027568265996450982,0.9996199231257593,0.8,6.0,0.2905055503479753,365.46774415911796,0.0,0.0
evt_decoy_b_004,cust_031,pay_decoy_b_004,2026-06-10T00:06:27.207371+00:00,56025,WHATSAPP_NUDGE,0.8333333333333334,0,0.2823529411764706,0.0,0.11929893668512666,0.0,1.0,0.028154793615485618,0.9996035752219323,0.9375,7.0,-0.07508066613848166,363.33997528209653,0.0,0.0
evt_decoy_b_003,cust_053,pay_decoy_b_003,2026-06-10T00:13:54.308114+00:00,276565,WHATSAPP_NUDGE,0.8333333333333334,1,0.31901840490797545,0.0,-0.38821921098540174,0.0,1.0,0.060635380750394645,0.998159982468369,0.9375,2.0,-0.06914381847567465,340.99401491911976,0.0,0.0
evt_decoy_b_010,cust_042,pay_decoy_b_010,2026-06-10T00:15:04.701410+00:00,250674,WHATSAPP_NUDGE,0.8333333333333334,0,0.40588235294117647,0.0,0.22484081755134688,0.0,1.0,0.06574428955890563,0.9978365038373745,0.8666666666666667,2.0,0.21388002896855346,366.9400562469086,0.0,0.0
evt_decoy_b_032,cust_046,pay_decoy_b_032,2026-06-10T00:15:06.328121+00:00,99341,WHATSAPP_NUDGE,0.8333333333333334,0,0.37722419928825623,6.991645243608086,-0.19016293334389148,0.0,1.0,0.06586233094913609,0.9978287194513628,0.8076923076923077,6.0,-0.9687765812058661,364.03085873742066,0.0,0.0
evt_decoy_b_001,cust_037,pay_decoy_b_001,2026-06-10T00:18:37.997486+00:00,193249,WHATSAPP_NUDGE,0.8333333333333334,0,0.3546099290780142,0.0,0.6027380945578212,0.0,1.0,0.0812135296536893,0.9966967254893483,0.8,8.0,-0.33341852366871827,347.6428033100039,0.0,0.0
evt_pay_005816_1,cust_012,pay_005816,2026-06-10T00:21:59.836367+00:00,559131,PAYMENT_LINK,0.8333333333333334,1,0.5813008130081301,0.08333333333333333,0.09251126484311716,1.0,1.0,0.095833907534446,0.9953973388384556,0.8461538461538461,2.0,-0.5006574979571285,350.22136281924446,0.0,0.0
evt_pay_001046_0,cust_016,pay_001046,2026-06-10T00:22:10.659647+00:00,114489,RETRY_NOW,0.8333333333333334,0,0.3190789473684211,0.11766747112384716,-0.046724433999260094,0.0,1.0,0.09661734624426072,0.9953216004913772,0.8,9.0,-0.5381138706705891,362.7950463996137,1.0,0.0
evt_decoy_b_028,cust_017,pay_decoy_b_028,2026-06-10T00:22:59.120000+00:00,555760,PAYMENT_LINK,0.8333333333333334,0,0.2630057803468208,0.0,0.2454503469643916,0.0,1.0,0.10012438798812597,0.9949749277896419,0.7727272727272727,5.0,0.5027156808516637,363.5775705901524,0.0,0.0
evt_pay_004914_1,cust_019,pay_004914,2026-06-10T00:23:38.032533+00:00,108374,WHATSAPP_NUDGE,0.8333333333333334,0,0.4105263157894737,0.08333333333333333,-0.2698075086461943,1.0,1.0,0.10293956262776786,0.9946876124924869,0.8461538461538461,7.0,-0.5137657855739247,346.4256651584108,1.0,0.0
evt_decoy_b_019,cust_031,pay_decoy_b_019,2026-06-10T00:25:18.000390+00:00,58738,ESCALATE_HUMAN,0.03333333333333333,0,0.28152492668621704,0.013087882171172774,0.2634360641951056,0.0,1.0,0.11016802613739934,0.9939129770845078,0.9411764705882353,7.0,-0.07508066613848166,363.3530631642677,0.0,0.0
evt_decoy_b_012,cust_025,pay_decoy_b_012,2026-06-10T00:26:34.270111+00:00,280963,WHATSAPP_NUDGE,0.8333333333333334,0,0.43670886075949367,0.0,0.8562936826067192,0.0,1.0,0.11567903230938756,0.9932866461822406,0.8076923076923077,6.0,0.10753773716001852,346.7022643717448,0.0,0.0
evt_pay_008352_1,cust_037,pay_008352,2026-06-10T00:34:42.560802+00:00,184940,WHATSAPP_NUDGE,0.8333333333333334,0,0.383399209486166,0.08333333333333333,0.4539889525834496,1.0,1.0,0.15086981000612526,0.9885536406430941,0.8095238095238095,7.0,-0.33341852366871827,347.6539672372688,0.0,0.0
evt_decoy_b_034,cust_005,pay_decoy_b_034,2026-06-10T00:38:38.861537+00:00,114694,WHATSAPP_NUDGE,0.8333333333333334,0,0.25219941348973607,0.0,-0.35366559772755235,0.0,1.0,0.1678342756604778,0.9858152240219882,0.7727272727272727,7.0,-0.6412832630166057,360.70395663208893,0.0,0.0
evt_decoy_b_030,cust_016,pay_decoy_b_030,2026-06-10T00:40:43.364764+00:00,111890,WHATSAPP_NUDGE,0.8333333333333334,0,0.2837465564738292,6.952732855394629,-0.11053446076407086,0.0,1.0,0.17675297382825333,0.984255244457894,0.8636363636363636,9.0,-0.5381138706705891,362.807924931062,0.0,0.0
evt_decoy_b_021,cust_000,pay_decoy_b_021,2026-06-10T00:47:17.153935+00:00,118863,WHATSAPP_NUDGE,0.8333333333333334,1,0.36335403726708076,6.960482092841384,-0.1894398128588975,0.0,1.0,0.2048629216149837,0.9787906739172442,0.8333333333333334,7.0,0.8132490481077264,359.6880459706597,0.0,0.0
evt_decoy_b_006,cust_026,pay_decoy_b_006,2026-06-10T00:47:32.954607+00:00,187515,WHATSAPP_NUDGE,0.8333333333333334,0,0.40234375,0.0,-0.5029112527029557,0.0,1.0,0.20598747267638554,0.978554628572363,0.8636363636363636,4.0,1.9048100532514713,357.58625737089466,0.0,0.0
evt_decoy_b_031,cust_031,pay_decoy_b_031,2026-06-10T00:50:49.157840+00:00,48543,WHATSAPP_NUDGE,0.8333333333333334,0,0.2807017543859649,0.017721729744171928,-0.2781951440879216,0.0,1.0,0.21992834409702156,0.9755160293212727,0.9473684210526316,7.0,-0.07508066613848166,363.3707848940119,0.0,0.0
evt_decoy_b_018,cust_053,pay_decoy_b_018,2026-06-10T00:51:16.007121+00:00,307101,WHATSAPP_NUDGE,0.8333333333333334,0,0.3211009174311927,0.0,-0.11561910363760504,0.0,1.0,0.2218326526262611,0.9750847523311994,0.9444444444444444,2.0,-0.06914381847567465,341.0199605094744,0.0,0.0
evt_pay_002382_0,cust_000,pay_002382,2026-06-10T00:51:21.121688+00:00,139984,WHATSAPP_NUDGE,0.8333333333333334,0,0.35494880546075086,4.314484381756226,0.28457544681711344,0.0,1.0,0.2221953120492812,0.9750021760505576,0.7857142857142857,7.0,0.8132490481077264,359.6908696714974,0.0,0.0
evt_decoy_b_029,cust_022,pay_decoy_b_029,2026-06-10T00:53:37.629003+00:00,136154,RETRY_LATER,0.03333333333333333,0,0.3475609756097561,6.97411837301604,0.6066745335574245,0.0,1.0,0.23186314119297569,0.9727484175037893,0.8571428571428572,7.0,-0.6143468879245073,349.04361198265974,0.0,0.0
evt_decoy_b_002,cust_025,pay_decoy_b_002,2026-06-10T01:06:01.235389+00:00,213728,WHATSAPP_NUDGE,0.8333333333333334,0,0.4380952380952381,0.0,-0.03233926620301372,0.0,1.0,0.2841014839665866,0.9587942150472036,0.8076923076923077,6.0,0.10753773716001852,346.72965980320123,0.0,0.0
evt_pay_002549_1,cust_004,pay_002549,2026-06-10T01:07:03.343461+00:00,434864,WHATSAPP_NUDGE,0.8333333333333334,0,0.4777327935222672,0.08333333333333333,0.09141168149392474,1.0,1.0,0.2884290867399676,0.9575012594886485,0.9375,6.0,-0.2585165281110097,366.2105203952965,1.0,0.0
evt_pay_001249_1,cust_047,pay_001249,2026-06-10T01:07:50.888027+00:00,99777,RETRY_NOW,0.03333333333333333,0,0.42379182156133827,0.08333333333333333,-0.2901555856547131,1.0,1.0,0.29173795345782405,0.9564982835908492,0.8076923076923077,2.0,1.898235005697721,343.0633513973114,0.0,0.0
evt_decoy_b_033,cust_016,pay_decoy_b_033,2026-06-10T01:09:41.465863+00:00,110768,WHATSAPP_NUDGE,0.8333333333333334,1,0.28296703296703296,0.020116910861645465,-0.13806994550555746,0.0,1.0,0.2994200684329381,0.9541213877802,0.8333333333333334,9.0,-0.5381138706705891,362.8280418419237,0.0,0.0
evt_decoy_b_025,cust_049,pay_decoy_b_025,2026-06-10T01:15:04.934977+00:00,504953,WHATSAPP_NUDGE,0.03333333333333333,0,0.29141104294478526,0.0,1.4463294175982695,0.0,1.0,0.3217792804799058,0.9468147097789694,0.7619047619047619,7.0,0.2100296838614713,342.93305530747716,0.0,0.0
evt_pay_007606_0,cust_011,pay_007606,2026-06-10T01:16:49.177701+00:00,57403,RETRY_NOW,0.03333333333333333,0,0.49624060150375937,0.05840725128905433,-0.09027651757199243,0.0,1.0,0.32894752649234393,0.944348201043751,0.8571428571428572,8.0,-0.306212897974724,344.77271547186155,0.0,1.0
evt_decoy_b_011,cust_030,pay_decoy_b_011,2026-06-10T01:20:07.433809+00:00,166451,WHATSAPP_NUDGE,0.8333333333333334,0,0.3388888888888889,0.0,-0.10724350392416111,0.0,1.0,0.3425280928658374,0.9395075867696292,0.8695652173913043,5.0,1.7722569671050512,340.99983616829536,0.0,0.0
evt_decoy_b_008,cust_017,pay_decoy_b_008,2026-06-10T01:22:39.165083+00:00,636575,PAYMENT_LINK,0.8333333333333334,0,0.263768115942029,0.0,0.6966140795781599,0.0,1.0,0.35287375437110186,0.9356709429473822,0.75,5.0,0.5027156808516637,363.61900629713654,0.0,0.0
evt_decoy_b_009,cust_049,pay_decoy_b_009,2026-06-10T01:23:13.671159+00:00,387096,WHATSAPP_NUDGE,0.8333333333333334,0,0.2923076923076923,0.0,0.4418925983915721,0.0,1.0,0.3552205692311457,0.9347825133126426,0.75,7.0,0.2100296838614713,342.93871197624094,0.0,0.0
evt_decoy_b_026,cust_013,pay_decoy_b_026,2026-06-10T01:24:50.898605+00:00,194747,WHATSAPP_NUDGE,0.8333333333333334,0,0.24709302325581395,0.0,0.3791068264545174,0.0,1.0,0.36182108891151304,0.9322475527556439,0.9523809523809523,3.0,-0.5595801808996762,341.6611929566541,0.0,0.0
evt_decoy_b_016,cust_047,pay_decoy_b_016,2026-06-10T01:27:04.724211+00:00,92640,WHATSAPP_NUDGE,0.8333333333333334,1,0.3953488372093023,0.0,-0.47377156004156507,0.0,1.0,0.3708765121788361,0.9286821914487547,0.8076923076923077,2.0,1.898235005697721,343.0767059827799,0.0,0.0
evt_decoy_b_022,cust_008,pay_decoy_b_022,2026-06-10T01:28:25.134808+00:00,199740,WHATSAPP_NUDGE,0.8333333333333334,0,0.3186119873817035,0.0,-0.1802846474095599,0.0,1.0,0.3763007241519601,0.9264975795989487,0.84,5.0,0.4190160498383978,356.52566127470874,0.0,0.0
evt_decoy_b_017,cust_022,pay_decoy_b_017,2026-06-10T01:36:25.331785+00:00,94313,WHATSAPP_NUDGE,0.8333333333333334,1,0.345565749235474,7.003837155221447,-0.45776960593203525,0.0,1.0,0.4084188665948119,0.9127946260848654,0.8571428571428572,7.0,-0.6143468879245073,349.0733307648652,0.0,0.0
evt_decoy_b_023,cust_024,pay_decoy_b_023,2026-06-10T01:40:15.998246+00:00,103675,WHATSAPP_NUDGE,0.8333333333333334,0,0.21306818181818182,0.0,0.23801893082107273,0.0,1.0,0.42367239686878516,0.9058154890105703,0.9545454545454546,5.0,-1.1653357768016162,355.72748900348375,0.0,0.0
evt_decoy_b_007,cust_051,pay_decoy_b_007,2026-06-10T01:46:02.474547+00:00,519956,PAYMENT_LINK,0.8333333333333334,0,0.486013986013986,0.0,-0.41818454213963435,0.0,1.0,0.4463588530064468,0.8948540519787398,0.8571428571428572,3.0,-1.013594580420746,348.868549817178,0.0,0.0
evt_decoy_b_005,cust_045,pay_decoy_b_005,2026-06-10T01:48:16.666967+00:00,88288,PAYMENT_LINK,0.03333333333333333,0,0.22284122562674094,0.0,0.03227280899885264,0.0,1.0,0.45507011582530804,0.8904556079236857,0.8076923076923077,6.0,1.000889969158722,343.9117042843855,0.0,0.0
evt_pay_007464_0,cust_037,pay_007464,2026-06-10T01:51:06.195759+00:00,166847,ESCALATE_HUMAN,0.03333333333333333,0,0.38188976377952755,0.053051330523260276,0.13004713572260784,0.0,1.0,0.4660132204312667,0.8847777564921485,0.8571428571428572,8.0,-0.33341852366871827,347.707018567792,0.0,1.0
evt_decoy_b_024,cust_026,pay_decoy_b_024,2026-06-10T01:51:50.544985+00:00,226757,WHATSAPP_NUDGE,0.8333333333333334,0,0.40077821011673154,0.04464803678439466,-0.010227866304503683,0.0,1.0,0.46886434762169127,0.8832701871620517,0.8148148148148149,4.0,1.9048100532514713,357.6309054076791,0.0,0.0
evt_decoy_b_015,cust_018,pay_decoy_b_015,2026-06-10T01:53:54.380566+00:00,185761,WHATSAPP_NUDGE,0.8333333333333334,0,0.27702702702702703,0.0,0.8049831607847222,0.0,1.0,0.47679958585390675,0.8790120334384183,0.7619047619047619,2.0,-0.4554811204429685,345.70132041760434,0.0,0.0
evt_decoy_b_014,cust_011,pay_decoy_b_014,2026-06-10T01:56:04.141117+00:00,70561,WHATSAPP_NUDGE,0.8333333333333334,0,0.48013245033112584,0.0,0.5439500746218503,0.0,1.0,0.4850729904676295,0.8744736667955136,0.88,8.0,-0.306212897974724,344.79997199288397,0.0,0.0
evt_decoy_b_013,cust_054,pay_decoy_b_013,2026-06-10T01:59:53.715385+00:00,82647,WHATSAPP_NUDGE,0.8333333333333334,1,0.4310850439882698,0.0,-0.46884383257306983,0.0,1.0,0.49960414814684423,0.8662538283635266,0.95,3.0,-0.6956354929968003,356.53984194076793,0.0,0.0
evt_pay_006383_0,cust_031,pay_006383,2026-06-10T02:32:55.307863+00:00,53841,RETRY_LATER,0.8333333333333334,1,0.2897196261682243,0.2742965395229741,0.0032488992956027003,0.0,1.0,0.6188259460112425,0.7855281335148289,0.9375,7.0,-0.07508066613848166,363.4416894081665,0.0,1.0
evt_pay_006693_0,cust_053,pay_006693,2026-06-10T02:59:54.534462+00:00,308008,RETRY_NOW,0.8333333333333334,0,0.3482758620689655,1.035420720317423,-0.10752221532542548,0.0,1.0,0.7068256750302947,0.7073877756350955,0.8823529411764706,2.0,-0.06914381847567465,341.1092953166613,1.0,0.0
evt_pay_002152_2,cust_001,pay_002152,2026-06-10T03:16:46.910612+00:00,441119,PAYMENT_LINK,0.03333333333333333,0,0.2921686746987952,0.5925941488982479,-0.46719970940043554,2.0,1.0,0.7569432876249053,0.6534805730238659,0.8888888888888888,7.0,0.16534712408787333,352.6897561714443,0.0,0.0
evt_pay_005912_0,cust_032,pay_005912,2026-06-10T03:46:10.462225+00:00,342571,WHATSAPP_NUDGE,0.8333333333333334,0,0.2610062893081761,1.8903806679078912,0.15735669007479922,0.0,1.0,0.8343055133480816,0.5513023765566352,0.8235294117647058,5.0,0.2905055503479753,365.62042151235846,0.0,0.0
evt_pay_001853_2,cust_044,pay_001853,2026-06-10T04:00:24.240421+00:00,287704,ESCALATE_HUMAN,0.8333333333333334,0,0.38079470198675497,0.3638232611280614,0.764734397258369,2.0,1.0,0.8669054643076436,0.49847258295070634,0.8571428571428572,8.0,-0.8459251821363672,361.0108718444936,0.0,0.0
evt_pay_004259_0,cust_043,pay_004259,2026-06-10T04:05:22.517110+00:00,170862,WHATSAPP_NUDGE,0.8333333333333334,0,0.24149659863945577,2.4869463113293477,0.5268265172402438,0.0,1.0,0.8775131944630793,0.4795524930007163,0.8333333333333334,5.0,-0.05414349663535748,355.81265501516333,0.0,0.0
evt_pay_001141_0,cust_035,pay_001141,2026-06-10T04:14:49.046115+00:00,40373,WHATSAPP_NUDGE,0.8333333333333334,0,0.27794561933534745,0.6094263621212122,-0.22606679473880767,0.0,1.0,0.8965201347105948,0.4430029887692598,0.9230769230769231,10.0,0.5026080740568922,344.11269047023774,0.0,0.0
evt_pay_003336_0,cust_021,pay_003336,2026-06-10T04:31:47.710707+00:00,207117,WHATSAPP_NUDGE,0.8333333333333334,0,0.276536312849162,2.063415612208189,-0.10538076305904548,0.0,1.0,0.9268486974559604,0.37543507031734474,0.8,8.0,-0.0711177391970671,356.6375930174083,0.0,0.0
evt_pay_006023_0,cust_005,pay_006023,2026-06-10T04:37:22.759865+00:00,114378,RETRY_LATER,0.8333333333333334,1,0.2618296529968454,0.44241772987804023,-0.3605530900934806,0.0,1.0,0.935720331240081,0.35274276988189707,0.8421052631578947,7.0,-0.6412832630166057,360.8697424923658,0.0,1.0
evt_pay_005912_1,cust_032,pay_005912,2026-06-10T05:46:10.462225+00:00,265328,ESCALATE_HUMAN,0.03333333333333333,0,0.2601880877742947,0.08333333333333333,-0.522351107275589,1.0,1.0,0.9981809573551733,0.060289106590740146,0.7894736842105263,6.0,0.2905055503479753,365.7037548456918,0.0,1.0
evt_pay_003864_0,cust_050,pay_003864,2026-06-10T06:01:04.321595+00:00,120594,RETRY_NOW,0.03333333333333333,0,0.44745762711864406,0.4415909334290973,0.09725616684943526,0.0,1.0,0.9999890600565968,-0.004677581332705878,0.8125,7.0,-0.900782201038446,367.9655948028296,0.0,1.0
evt_pay_004259_1,cust_043,pay_004259,2026-06-10T06:05:22.517110+00:00,153359,WHATSAPP_NUDGE,0.8333333333333334,0,0.24067796610169492,0.08333333333333333,0.1801767698817721,1.0,1.0,0.999724965061419,-0.02345195584476017,0.8,6.0,-0.05414349663535748,355.8959883484967,0.0,0.0
evt_pay_003109_2,cust_057,pay_003109,2026-06-10T06:13:28.163413+00:00,69844,WHATSAPP_NUDGE,0.03333333333333333,0,0.32575757575757575,0.9166666666666666,-0.4196785250910417,2.0,1.0,0.998273464089609,-0.05873747436289675,0.9333333333333333,7.0,-0.5990323654313375,361.52411724948325,0.0,1.0
evt_pay_001141_1,cust_035,pay_001141,2026-06-10T06:14:49.046115+00:00,34802,WHATSAPP_NUDGE,0.8333333333333334,0,0.27710843373493976,0.08333333333333333,-0.5891200605770281,1.0,1.0,0.9979107060482522,-0.0646082251286859,0.9285714285714286,11.0,0.5026080740568922,344.19602380357105,1.0,0.0
evt_pay_003336_1,cust_021,pay_003336,2026-06-10T06:31:47.710707+00:00,190019,WHATSAPP_NUDGE,0.8333333333333334,0,0.2757660167130919,0.08333333333333333,-0.33254126712361015,1.0,1.0,0.9903920526200515,-0.13828804036156267,0.8235294117647058,9.0,-0.0711177391970671,356.7209263507416,0.0,1.0
evt_pay_005091_0,cust_041,pay_005091,2026-06-10T06:59:56.412603+00:00,294155,RETRY_NOW,0.8333333333333334,0,0.41843971631205673,0.7857643347523814,0.33674180144005167,0.0,1.0,0.9659933148683504,-0.2585670428141531,0.8095238095238095,2.0,0.3693318557794774,369.5814582126932,1.0,0.0
evt_pay_004464_0,cust_021,pay_004464,2026-06-10T07:04:19.285427+00:00,246505,WHATSAPP_NUDGE,0.8333333333333334,0,0.275,0.022587670364904017,0.41792626010394357,0.0,1.0,0.9608741759697252,-0.27698523057105673,0.8333333333333334,9.0,-0.0711177391970671,356.7435140211065,0.0,0.0
evt_pay_007031_0,cust_032,pay_007031,2026-06-10T07:24:37.932293+00:00,341474,WHATSAPP_NUDGE,0.8333333333333334,0,0.259375,0.06837349616146564,0.14770573089613537,0.0,1.0,0.9325883126814258,-0.36094187766177965,0.8095238095238095,6.0,0.2905055503479753,365.77212834185326,0.0,0.0
evt_pay_000607_0,cust_015,pay_000607,2026-06-10T08:06:09.964919+00:00,103974,RETRY_LATER,0.8333333333333334,0,0.3986013986013986,3.6459096621532012,-0.33800239038590396,0.0,1.0,0.8522613018102694,-0.523116309664175,0.8260869565217391,5.0,1.245182551392603,357.75375869730163,0.0,1.0
evt_pay_002657_0,cust_052,pay_002657,2026-06-10T08:37:10.070933+00:00,165262,WHATSAPP_NUDGE,0.8333333333333334,1,0.46530612244897956,0.47911094767151025,0.3822170984826484,0.0,1.0,0.7739290563989226,-0.6332723076698311,0.8333333333333334,8.0,-1.0656726581061444,370.23393676099477,0.0,0.0
evt_pay_005091_1,cust_041,pay_005091,2026-06-10T08:59:56.412603+00:00,195495,PAYMENT_LINK,0.03333333333333333,0,0.4169611307420495,0.08333333333333333,-0.7344913942686168,1.0,1.0,0.7072912291548551,-0.7069222850926502,0.85,2.0,0.3693318557794774,369.6647915460265,1.0,0.0
evt_pay_004464_1,cust_021,pay_004464,2026-06-10T09:04:19.285427+00:00,192313,DO_NOTHING,0.03333333333333333,0,0.2742382271468144,0.08333333333333333,-0.30206814374179614,1.0,1.0,0.6936488309446927,-0.7203133341324879,0.7777777777777778,9.0,-0.0711177391970671,356.82684735443985,0.0,1.0
evt_pay_001718_2,cust_014,pay_001718,2026-06-10T09:29:53.611637+00:00,75670,ESCALATE_HUMAN,0.8333333333333334,0,0.2298507462686567,0.49203018548291766,0.3777845586530687,2.0,1.0,0.6091299353035688,-0.7930704394422162,0.8333333333333334,12.0,-0.8122776257059364,365.15278213914024,0.0,0.0
evt_pay_006688_0,cust_012,pay_006688,2026-06-10T09:33:07.408517+00:00,533155,RETRY_LATER,0.8333333333333334,0,0.582995951417004,0.4660598628578896,-0.044524723906901514,0.0,1.0,0.5978928281748305,-0.8015760512996273,0.7894736842105263,3.0,-0.5006574979571285,350.60408934876904,0.0,1.0
evt_pay_006254_2,cust_022,pay_006254,2026-06-10T09:39:12.133475+00:00,103628,ESCALATE_HUMAN,0.8333333333333334,0,0.34726688102893893,0.9166666666666666,-0.22079312096672024,2.0,1.0,0.5764243844500023,-0.817150493490297,0.9285714285714286,5.0,-0.6143468879245073,349.4085946733148,1.0,0.0
evt_pay_000147_0,cust_041,pay_000147,2026-06-10T09:43:02.511195+00:00,210153,RETRY_NOW,0.8333333333333334,0,0.4154929577464789,0.029931696660563983,-0.5753424306123464,0.0,1.0,0.5626539671227258,-0.8266925143492341,0.8571428571428572,3.0,0.3693318557794774,369.6947232426871,1.0,0.0
evt_pay_004002_2,cust_002,pay_004002,2026-06-10T10:15:10.141883+00:00,370328,ESCALATE_HUMAN,0.8333333333333334,0,0.35494880546075086,0.9166666666666666,0.5854507662944298,2.0,1.0,0.44162709174116416,-0.8971987025404358,0.8571428571428572,7.0,-0.38277421977533765,349.50974612087253,0.0,1.0
evt_pay_001480_2,cust_035,pay_001480,2026-06-10T10:29:08.817671+00:00,45676,ESCALATE_HUMAN,0.8333333333333334,0,0.27627627627627627,0.17661772633831183,0.11955437807346084,2.0,1.0,0.3861195308442874,-0.922448756246431,0.9285714285714286,12.0,0.5026080740568922,344.37264152990934,0.0,0.0
evt_pay_005899_2,cust_034,pay_005899,2026-06-10T10:31:00.948226+00:00,47797,ESCALATE_HUMAN,0.8333333333333334,1,0.379182156133829,0.6377043821012952,-0.33249670215975297,2.0,1.0,0.3785847940269826,-0.925566612260591,0.8333333333333334,5.0,-0.5369784473169031,354.5510605115792,0.0,0.0
evt_pay_006702_0,cust_002,pay_006702,2026-06-10T10:56:37.336844+00:00,214298,PAYMENT_LINK,0.03333333333333333,0,0.35374149659863946,0.028786978705928352,-0.8650165290568445,0.0,1.0,0.2730263137888907,-0.9620065654551689,0.85,7.0,-0.38277421977533765,349.53853309957844,0.0,1.0
evt_pay_002376_0,cust_012,pay_002376,2026-06-10T11:01:21.342165+00:00,591772,ESCALATE_HUMAN,0.03333333333333333,0,0.5806451612903226,0.061272380185888174,0.26470267370461387,0.0,1.0,0.25310074230832974,-0.9674399279763951,0.7777777777777778,3.0,-0.5006574979571285,350.6653617289549,1.0,0.0
evt_pay_003976_0,cust_050,pay_003976,2026-06-10T11:01:50.050079+00:00,116228,RETRY_LATER,0.8333333333333334,0,0.44594594594594594,0.2088625981958785,-0.009720565600242601,0.0,1.0,0.25108046942207723,-0.967966217321033,0.7894736842105263,7.0,-0.900782201038446,368.17445740102556,0.0,1.0
evt_pay_002103_0,cust_028,pay_002103,2026-06-10T11:02:28.836189+00:00,268621,RETRY_LATER,0.8333333333333334,0,0.40225563909774437,1.4355576018855725,0.4982863984715452,0.0,1.0,0.24834922344961957,-0.9686705648526598,0.8571428571428572,4.0,0.3910481863531735,341.7873325289654,0.0,1.0
evt_pay_006561_0,cust_007,pay_006561,2026-06-10T11:08:40.609779+00:00,284013,WHATSAPP_NUDGE,0.8333333333333334,0,0.3360995850622407,2.8029579631271986,-0.2781282044189111,0.0,1.0,0.22207254209824845,-0.9750301462242189,0.8333333333333334,5.0,-0.46533070623945577,369.5626654900107,0.0,0.0
evt_pay_006688_1,cust_012,pay_006688,2026-06-10T11:33:07.408517+00:00,602757,PAYMENT_LINK,0.8333333333333334,0,0.5783132530120482,0.02206095314744516,0.32265546986580707,1.0,1.0,0.1170023522901136,-0.9931316375781108,0.8,3.0,-0.5006574979571285,350.68742268210235,0.0,0.0
evt_pay_006211_0,cust_016,pay_006211,2026-06-10T11:38:22.321736+00:00,82058,RETRY_LATER,0.8333333333333334,0,0.3180327868852459,0.4695794223205591,-0.8428203085570699,0.0,1.0,0.09422981778645191,-0.995550471568334,0.8421052631578947,9.0,-0.5381138706705891,363.2646258219342,0.0,1.0
evt_pay_005317_0,cust_030,pay_005317,2026-06-10T12:09:52.763958+00:00,217954,ESCALATE_HUMAN,0.03333333333333333,0,0.3613707165109034,3.7508571371666712,0.7436260511850561,0.0,1.0,-0.04309366238483469,-0.9990710366446732,0.8947368421052632,5.0,1.7722569671050512,341.45105526724814,0.0,1.0
evt_pay_003201_0,cust_054,pay_003201,2026-06-10T12:34:20.106470+00:00,85539,RETRY_NOW,0.8333333333333334,0,0.4423076923076923,1.1652810110209846,-0.38525870937572154,0.0,1.0,-0.14925537556865145,-0.9887986816657174,0.9090909090909091,3.0,-0.6956354929968003,356.98042517091744,1.0,0.0
evt_pay_003976_1,cust_050,pay_003976,2026-06-10T13:01:50.050079+00:00,113238,ESCALATE_HUMAN,0.03333333333333333,0,0.4444444444444444,0.08333333333333333,-0.0829670386411724,1.0,1.0,-0.26654104374687554,-0.9638235689161819,0.7894736842105263,7.0,-0.900782201038446,368.2577907343589,0.0,0.0
evt_pay_002103_1,cust_028,pay_002103,2026-06-10T13:02:28.836189+00:00,242719,WHATSAPP_NUDGE,0.8333333333333334,0,0.40074906367041196,0.08333333333333333,0.17472973657989763,1.0,1.0,-0.26925854590882115,-0.9630679287854348,0.85,4.0,0.3910481863531735,341.8706658622987,1.0,0.0
evt_pay_006561_1,cust_007,pay_006561,2026-06-10T13:08:40.609779+00:00,321884,WHATSAPP_NUDGE,0.8333333333333334,0,0.3347107438016529,0.08333333333333333,0.06575986246409693,1.0,1.0,-0.29519461017203735,-0.9554371471349535,0.9,6.0,-0.46533070623945577,369.6459988233441,1.0,0.0
evt_pay_000099_0,cust_019,pay_000099,2026-06-10T13:15:21.911317+00:00,102860,RETRY_LATER,0.8333333333333334,0,0.4090909090909091,0.5359245229679269,-0.40143891530986053,0.0,1.0,-0.32294792909077713,-0.946416734370213,1.0,8.0,-0.5137657855739247,346.9615896813788,0.0,1.0
evt_pay_006211_1,cust_016,pay_006211,2026-06-10T13:38:22.321736+00:00,112842,WHATSAPP_NUDGE,0.8333333333333334,0,0.31699346405228757,0.08333333333333333,-0.08716837861227555,1.0,1.0,-0.41616981978712114,-0.9092869080209806,0.9,9.0,-0.5381138706705891,363.3479591552675,1.0,0.0
evt_pay_008053_0,cust_046,pay_008053,2026-06-10T14:41:27.688779+00:00,97959,RETRY_LATER,0.8333333333333334,0,0.41295546558704455,1.794873914654488,-0.22727428311276052,0.0,1.0,-0.6476595020871893,-0.7619298979277386,0.75,6.0,-0.9687765812058661,364.63249485614784,0.0,1.0
evt_pay_006401_0,cust_016,pay_006401,2026-06-10T16:06:31.461051+00:00,155095,WHATSAPP_NUDGE,0.8333333333333334,0,0.31596091205211724,0.10288355689275856,0.9500390011989174,0.0,1.0,-0.8799065089643526,-0.47514685675290497,0.9,10.0,-0.5381138706705891,363.4508427121603,0.0,0.0
evt_pay_005660_0,cust_013,pay_005660,2026-06-10T16:10:09.575764+00:00,225845,RETRY_LATER,0.8333333333333334,0,0.267741935483871,2.2484448995620596,0.8958759315474245,0.0,1.0,-0.8873321655993687,-0.4611308142953956,0.9090909090909091,3.0,-0.5595801808996762,342.2759924608097,0.0,1.0
evt_pay_005457_0,cust_011,pay_005457,2026-06-10T16:51:25.909655+00:00,75520,WHATSAPP_NUDGE,0.8333333333333334,1,0.4943820224719101,0.6490362494720898,0.7829692436928427,0.0,1.0,-0.9555769934788833,-0.29474159790205773,0.8947368421052632,8.0,-0.306212897974724,345.4217517213337,0.0,0.0
evt_pay_002175_2,cust_024,pay_002175,2026-06-10T17:10:03.491986+00:00,88043,ESCALATE_HUMAN,0.8333333333333334,0,0.24915824915824916,0.9166666666666666,-0.22865070735012855,2.0,1.0,-0.9763509392595167,-0.21619168209498643,0.9166666666666666,5.0,-1.1653357768016162,356.37317758843443,0.0,0.0
evt_pay_001261_2,cust_050,pay_001261,2026-06-10T17:25:10.864947+00:00,104196,DO_NOTHING,0.03333333333333333,0,0.4429530201342282,0.18287980170835758,-0.3044757944038341,2.0,1.0,-0.9884813978587766,-0.1513424133782693,0.8333333333333334,7.0,-0.900782201038446,368.4406705360672,0.0,0.0
evt_pay_004356_2,cust_031,pay_004356,2026-06-10T17:57:56.086849+00:00,52969,ESCALATE_HUMAN,0.8333333333333334,0,0.2919254658385093,0.9166666666666666,-0.04303065018577043,2.0,1.0,-0.9999593992438355,-0.00901109670947682,0.9166666666666666,5.0,-0.07508066613848166,364.0840595353102,0.0,1.0
evt_pay_003859_0,cust_033,pay_003859,2026-06-10T18:17:10.809303+00:00,61413,PAYMENT_LINK,0.03333333333333333,0,0.625,1.8655745348854869,-0.6577962433234137,0.0,1.0,-0.9971916221878356,0.07489238037606318,0.7894736842105263,2.0,-0.3958893149650273,345.50546672236504,0.0,0.0
evt_pay_005134_0,cust_029,pay_005134,2026-06-10T18:31:07.858219+00:00,53665,WHATSAPP_NUDGE,0.8333333333333334,0,0.38271604938271603,2.455186554941046,0.5699407716610974,0.0,1.0,-0.9907886729029081,0.13541715418400344,0.9285714285714286,5.0,-0.8256115037842402,344.78490569849663,0.0,0.0
evt_pay_004505_0,cust_015,pay_004505,2026-06-10T18:55:24.971492+00:00,137319,RETRY_LATER,0.8333333333333334,0,0.397212543554007,0.4508681316325654,0.4698962553881063,0.0,1.0,-0.9709088360313699,0.23944943540591282,0.8,4.0,1.245182551392603,358.2046268289341,0.0,1.0
evt_pay_001153_0,cust_016,pay_001153,2026-06-10T18:56:27.485313+00:00,146668,WHATSAPP_NUDGE,0.8333333333333334,0,0.31493506493506496,0.11800954006639586,0.7431956559702745,0.0,1.0,-0.9698102376862543,0.24386082686428137,0.8421052631578947,11.0,-0.5381138706705891,363.5688522522267,0.0,0.0
evt_pay_004242_0,cust_008,pay_004242,2026-06-10T19:13:24.851692+00:00,190899,RETRY_LATER,0.8333333333333334,0,0.3415492957746479,2.6417238807920476,-0.29876188157875727,0.0,1.0,-0.9491316052346057,0.31487965311334504,0.85,3.0,0.4190160498383978,357.2652413312397,0.0,1.0
evt_pay_003136_2,cust_056,pay_003136,2026-06-10T19:24:45.041678+00:00,209491,ESCALATE_HUMAN,0.8333333333333334,0,0.2515527950310559,0.9166666666666666,0.8992156242982091,2.0,1.0,-0.9324015778317197,0.3614239860010947,0.8,9.0,-0.26273729270347856,352.7643013175892,0.0,1.0
evt_pay_005294_0,cust_041,pay_005294,2026-06-10T19:43:54.186864+00:00,262650,RETRY_LATER,0.8333333333333334,0,0.41403508771929826,0.41726476469392537,-0.005335321409333443,0.0,1.0,-0.8989792843835787,0.4379911485968509,0.9285714285714286,3.0,0.3693318557794774,370.11198800738094,0.0,1.0
evt_pay_002607_0,cust_035,pay_002607,2026-06-10T20:03:22.118238+00:00,44303,RETRY_NOW,0.8333333333333334,0,0.2754491017964072,0.3987650528567694,0.030057491902996853,0.0,1.0,-0.8585828935649683,0.5126747652046142,1.0,11.0,0.5026080740568922,344.77140658276613,1.0,0.0
evt_pay_007920_2,cust_045,pay_007920,2026-06-10T20:12:59.901111+00:00,100609,ESCALATE_HUMAN,0.8333333333333334,0,0.23547400611620795,0.9166666666666666,0.43552643127731355,2.0,1.0,-0.836290098842703,0.548287215405997,0.8421052631578947,6.0,1.000889969158722,344.67887134623646,0.0,0.0
evt_pay_003859_1,cust_033,pay_003859,2026-06-10T20:17:10.809303+00:00,82728,WHATSAPP_NUDGE,0.8333333333333334,1,0.6224899598393574,0.08333333333333333,0.10553946649327252,1.0,1.0,-0.8261470870676485,0.5634545150494752,0.8333333333333334,3.0,-0.3958893149650273,345.58880005569836,0.0,0.0
evt_pay_007893_0,cust_036,pay_007893,2026-06-10T20:22:08.429656+00:00,319360,RETRY_LATER,0.03333333333333333,0,0.42333333333333334,0.9793528137864769,-0.1658610539104049,0.0,1.0,-0.8137593817836173,0.5812019172018835,1.0,7.0,-0.5882553306323993,352.2900913583956,0.0,0.0
evt_pay_000799_0,cust_032,pay_000799,2026-06-10T20:23:23.735250+00:00,367347,WHATSAPP_NUDGE,0.8333333333333334,0,0.2585669781931464,0.540807904588083,0.37537719980924805,0.0,1.0,-0.8105643141303469,0.585649633021656,0.9333333333333333,7.0,0.2905055503479753,366.3129362464413,0.0,0.0
evt_pay_005134_1,cust_029,pay_005134,2026-06-10T20:31:07.858219+00:00,42243,WHATSAPP_NUDGE,0.8333333333333334,0,0.38153846153846155,0.08333333333333333,-0.15948195397286444,1.0,1.0,-0.7903395834237877,0.6126690320829947,0.9375,6.0,-0.8256115037842402,344.86823903182994,1.0,0.0
evt_pay_008149_0,cust_011,pay_008149,2026-06-10T20:37:54.938796+00:00,52477,RETRY_NOW,0.03333333333333333,1,0.4962686567164179,0.8063166793417054,-0.3277228157750133,0.0,1.0,-0.7718586467848659,0.6357941721842342,0.85,9.0,-0.306212897974724,345.5790321512033,0.0,1.0
evt_pay_003818_0,cust_018,pay_003818,2026-06-10T20:38:29.768583+00:00,166623,RETRY_NOW,0.8333333333333334,0,0.2851985559566787,2.817391821518887,0.42769136420676745,0.0,1.0,-0.7702457735795932,0.6377471664247314,0.9411764705882353,2.0,-0.4554811204429685,346.48228555669294,1.0,0.0
evt_pay_000468_0,cust_032,pay_000468,2026-06-10T20:55:43.603928+00:00,337072,WHATSAPP_NUDGE,0.8333333333333334,0,0.2577639751552795,0.022452183778890838,0.10896853900156017,0.0,1.0,-0.7201675688706701,0.6938001677334105,0.9444444444444444,8.0,0.2905055503479753,366.33538843022023,0.0,0.0
evt_pay_004242_1,cust_008,pay_004242,2026-06-10T21:13:24.851692+00:00,188533,WHATSAPP_NUDGE,0.8333333333333334,0,0.34035087719298246,0.08333333333333333,-0.3304732027972017,1.0,1.0,-0.6645322551111985,0.7472595813482923,0.8095238095238095,3.0,0.4190160498383978,357.34857466457305,0.0,1.0
evt_pay_001711_2,cust_039,pay_001711,2026-06-10T21:37:10.663564+00:00,231390,ESCALATE_HUMAN,0.8333333333333334,1,0.606694560669456,0.9166666666666666,-0.23138088972007087,2.0,1.0,-0.5836201336641673,0.8120268096447429,1.0,2.0,-0.6642333856639545,342.30257725117616,0.0,1.0
evt_pay_005294_1,cust_041,pay_005294,2026-06-10T21:43:54.186864+00:00,293236,WHATSAPP_NUDGE,0.8333333333333334,0,0.4125874125874126,0.08333333333333333,0.32675839562968456,1.0,1.0,-0.5595433234537095,0.8288011035093868,0.9473684210526316,3.0,0.3693318557794774,370.1953213407143,0.0,1.0
evt_pay_000355_2,cust_011,pay_000355,2026-06-10T21:52:42.791190+00:00,66109,ESCALATE_HUMAN,0.8333333333333334,1,0.49814126394052044,0.8582594153776123,0.32935518555856363,2.0,1.0,-0.5272776931063601,0.849693023598779,0.8095238095238095,9.0,-0.306212897974724,345.63097488723923,0.0,0.0
evt_pay_004017_0,cust_029,pay_004017,2026-06-10T22:08:37.663150+00:00,44179,RETRY_NOW,0.8333333333333334,0,0.3803680981595092,0.0677060755950265,-0.0358561049270454,0.0,1.0,-0.46705146300825845,0.8842301345814026,0.95,7.0,-0.8256115037842402,344.93594510742497,1.0,0.0
evt_pay_007893_1,cust_036,pay_007893,2026-06-10T22:22:08.429656+00:00,268996,RETRY_LATER,0.03333333333333333,0,0.4219269102990033,0.08333333333333333,-0.5902826287766378,1.0,1.0,-0.41413533859159113,0.9102153159168594,0.9090909090909091,7.0,-0.5882553306323993,352.373424691729,0.0,0.0
evt_pay_000799_1,cust_032,pay_000799,2026-06-10T22:23:23.735250+00:00,314453,WHATSAPP_NUDGE,0.8333333333333334,0,0.25696594427244585,0.060881149554442494,-0.09007061248827623,1.0,1.0,-0.4091444709271629,0.9124696169789611,0.9523809523809523,8.0,0.2905055503479753,366.3962695797747,0.0,0.0
evt_pay_004914_2,cust_019,pay_004914,2026-06-10T22:23:38.032533+00:00,121951,ESCALATE_HUMAN,0.8333333333333334,0,0.4076655052264808,0.3807421436987397,0.054331538181778244,2.0,1.0,-0.4081955299561373,0.9128945225620692,0.9166666666666666,8.0,-0.5137657855739247,347.3423318250775,0.0,0.0
evt_pay_002534_0,cust_020,pay_002534,2026-06-10T22:27:18.717679+00:00,87787,RETRY_LATER,0.8333333333333334,0,0.27887323943661974,1.4797734494310362,1.2357175615961447,0.0,1.0,-0.3934928434939922,0.9193276794043637,0.7619047619047619,6.0,0.06752823759169156,356.17405358826096,0.0,1.0
evt_pay_008352_2,cust_037,pay_008352,2026-06-10T22:34:42.560802+00:00,231131,ESCALATE_HUMAN,0.8333333333333334,0,0.3803921568627451,0.8636153361434064,1.2809668380475219,2.0,1.0,-0.3636197321921104,0.9315474708035753,0.8095238095238095,7.0,-0.33341852366871827,348.57063390393546,0.0,1.0
evt_pay_000468_1,cust_032,pay_000468,2026-06-10T22:55:43.603928+00:00,355667,WHATSAPP_NUDGE,0.8333333333333334,0,0.25617283950617287,0.022452183778890838,0.2725994976604477,1.0,1.0,-0.2767833257569733,0.9609323548423735,0.9545454545454546,9.0,0.2905055503479753,366.41872176355355,1.0,0.0
evt_pay_002549_2,cust_004,pay_002549,2026-06-10T23:07:03.343461+00:00,419789,ESCALATE_HUMAN,0.8333333333333334,0,0.47580645161290325,0.9166666666666666,-0.01080604704780888,2.0,1.0,-0.22896371343716795,0.973434958242749,0.9,6.0,-0.2585165281110097,367.1271870619632,0.0,0.0
evt_pay_001249_2,cust_047,pay_001249,2026-06-10T23:07:50.888027+00:00,135523,ESCALATE_HUMAN,0.8333333333333334,0,0.4222222222222222,0.9166666666666666,0.629473977305008,2.0,1.0,-0.22559666285286703,0.9742207889947996,0.8333333333333334,2.0,1.898235005697721,343.9800180639781,1.0,0.0
evt_pay_006019_0,cust_016,pay_006019,2026-06-10T23:34:42.780337+00:00,103935,DO_NOTHING,0.03333333333333333,0,0.313915857605178,0.19323258129757429,-0.3057989641757275,0.0,1.0,-0.11011159544053144,0.9939192303952775,0.8095238095238095,12.0,-0.5381138706705891,363.7620848335243,0.0,0.0
evt_pay_000112_0,cust_052,pay_000112,2026-06-10T23:44:07.545369+00:00,187046,WHATSAPP_NUDGE,0.8333333333333334,0,0.46747967479674796,1.1089428277224063,0.809213606278394,0.0,1.0,-0.0692090851667955,0.9976021764863864,0.8571428571428572,8.0,-1.0656726581061444,370.8637686410457,0.0,0.0
evt_pay_005875_0,cust_039,pay_005875,2026-06-10T23:50:08.449180+00:00,238696,RETRY_LATER,0.8333333333333334,0,0.6083333333333333,1.0090021483262983,-0.14847763063764854,0.0,1.0,-0.04300552230673846,0.9990748345600167,0.9090909090909091,2.0,-0.6642333856639545,342.39491273283573,0.0,1.0
evt_pay_004133_0,cust_024,pay_004133,2026-06-11T00:12:09.172640+00:00,97112,RETRY_LATER,0.8333333333333334,0,0.2483221476510067,0.2931213038682661,0.04209764462810458,0.0,1.0,0.05300208357130176,0.9985944017152814,0.9,5.0,-1.1653357768016162,356.6662988923027,0.0,1.0
evt_pay_000232_0,cust_040,pay_000232,2026-06-11T00:24:06.905232+00:00,263469,PAYMENT_LINK,0.03333333333333333,1,0.4703703703703704,1.9392577578514836,0.604893876298917,0.0,1.0,0.10502786182273775,0.9944692796868809,0.9565217391304348,2.0,-0.492492512121923,360.14599070038366,0.0,0.0
evt_pay_002534_1,cust_020,pay_002534,2026-06-11T00:27:18.717679+00:00,49430,WHATSAPP_NUDGE,0.8333333333333334,0,0.27808988764044945,0.08333333333333333,-0.5525946726567768,1.0,1.0,0.11888904102901068,0.9929075465133711,0.8421052631578947,6.0,0.06752823759169156,356.25738692159433,0.0,0.0
evt_pay_004397_0,cust_059,pay_004397,2026-06-11T00:53:21.320079+00:00,199246,RETRY_LATER,0.8333333333333334,0,0.3702290076335878,2.5502994930700047,0.5851957137368122,0.0,1.0,0.23070928089427667,0.9730227272316129,0.9230769230769231,4.0,-0.38878117849020055,353.6576442753735,0.0,1.0
evt_pay_000112_1,cust_052,pay_000112,2026-06-11T01:44:07.545369+00:00,150165,WHATSAPP_NUDGE,0.8333333333333334,0,0.46558704453441296,0.08333333333333333,0.08628715965084373,1.0,1.0,0.43886426231606857,0.8985533702912548,0.9285714285714286,8.0,-1.0656726581061444,370.947101974379,1.0,0.0
evt_pay_003120_0,cust_042,pay_003120,2026-06-11T01:44:58.272522+00:00,289412,WHATSAPP_NUDGE,0.8333333333333334,0,0.41914191419141916,1.587766818062562,0.7011163327645243,0.0,1.0,0.44217601643405213,0.8969282972961177,0.9333333333333333,1.0,0.21388002896855346,368.0024818384847,0.0,0.0
evt_pay_005875_1,cust_039,pay_005875,2026-06-11T01:50:08.449180+00:00,244422,WHATSAPP_NUDGE,0.8333333333333334,1,0.6058091286307054,0.08333333333333333,-0.08349017467270692,1.0,1.0,0.4622935424593549,0.8867269481640787,0.9090909090909091,2.0,-0.6642333856639545,342.47824606616905,0.0,0.0
evt_pay_007672_0,cust_047,pay_007672,2026-06-11T01:56:38.133426+00:00,96655,RETRY_NOW,0.8333333333333334,0,0.42066420664206644,0.11721348841880778,-0.37048132503963627,0.0,1.0,0.48723319673883553,0.8732719003813504,0.8,2.0,1.898235005697721,344.09723155239686,1.0,0.0
evt_pay_004133_1,cust_024,pay_004133,2026-06-11T02:12:09.172640+00:00,93635,WHATSAPP_NUDGE,0.8333333333333334,0,0.24749163879598662,0.08333333333333333,-0.06170301585983259,1.0,1.0,0.5451983516838939,0.8383070781767056,0.9,5.0,-1.1653357768016162,356.74963222563605,0.0,1.0
evt_pay_004397_1,cust_059,pay_004397,2026-06-11T02:53:21.320079+00:00,124214,WHATSAPP_NUDGE,0.8333333333333334,0,0.3688212927756654,0.08333333333333333,-0.7111228160062761,1.0,1.0,0.6863114617590899,0.727307759795055,0.9375,4.0,-0.38878117849020055,353.7409776087068,0.0,1.0
evt_pay_002954_0,cust_034,pay_002954,2026-06-11T03:37:14.678116+00:00,62047,WHATSAPP_NUDGE,0.03333333333333333,0,0.3814814814814815,1.3503632928680342,0.42015024263516215,0.0,1.0,0.8121971608623936,0.5833830404520406,0.8181818181818181,5.0,-0.5369784473169031,355.2637194223459,1.0,0.0
evt_pay_007672_1,cust_047,pay_007672,2026-06-11T03:56:38.133426+00:00,152548,WHATSAPP_NUDGE,0.8333333333333334,0,0.41911764705882354,0.08333333333333333,1.067471234622172,1.0,1.0,0.858592276133608,0.5126590517719454,0.8333333333333334,2.0,1.898235005697721,344.18056488573023,1.0,0.0
evt_pay_004259_2,cust_043,pay_004259,2026-06-11T04:05:22.517110+00:00,168905,ESCALATE_HUMAN,0.8333333333333334,0,0.23986486486486486,0.9166666666666666,0.4880698083899239,2.0,1.0,0.8775131944630793,0.4795524930007163,0.9130434782608696,6.0,-0.05414349663535748,356.81265501516333,1.0,0.0
evt_pay_002861_0,cust_055,pay_002861,2026-06-11T04:13:09.852284+00:00,248414,WHATSAPP_NUDGE,0.8333333333333334,0,0.3202416918429003,3.685098418163932,-0.5848751920153906,0.0,1.0,0.8933011999566344,0.44945852551268517,0.9130434782608696,4.0,-1.0480965437343166,368.12482221715914,0.0,0.0
evt_pay_003336_2,cust_021,pay_003336,2026-06-11T04:31:47.710707+00:00,247392,ESCALATE_HUMAN,0.8333333333333334,0,0.27348066298342544,0.8107456629684293,0.4297162360374827,2.0,1.0,0.9268486974559604,0.37543507031734474,0.9411764705882353,9.0,-0.0711177391970671,357.6375930174083,0.0,0.0
evt_pay_002481_0,cust_014,pay_002481,2026-06-11T04:46:15.614367+00:00,69246,WHATSAPP_NUDGE,0.8333333333333334,0,0.22916666666666666,0.8030324390032509,0.103164794309085,0.0,1.0,0.9486833459925702,0.3162276221906325,0.8461538461538461,11.0,-0.8122776257059364,365.9558145781435,0.0,0.0
evt_pay_000743_0,cust_027,pay_000743,2026-06-11T04:53:57.922243+00:00,89717,RETRY_NOW,0.8333333333333334,0,0.29152542372881357,1.753283583400408,0.36229071891000625,0.0,1.0,0.9587768095599617,0.28416021792295443,0.9565217391304348,9.0,-0.8172299270627982,344.3460561339528,1.0,0.0
evt_pay_002954_1,cust_034,pay_002954,2026-06-11T05:37:14.678116+00:00,64503,WHATSAPP_NUDGE,0.8333333333333334,0,0.3800738007380074,0.08333333333333333,0.5498717053015328,1.0,1.0,0.9950748944144493,0.09912595273727524,0.8571428571428572,6.0,-0.5369784473169031,355.3470527556792,0.0,0.0
evt_pay_005633_0,cust_049,pay_005633,2026-06-11T05:46:10.095447+00:00,237100,RETRY_NOW,0.8333333333333334,0,0.3345070422535211,2.373844855020119,-0.836454324840788,0.0,1.0,0.9981793489184521,0.06031573088950396,0.9583333333333334,7.0,0.2100296838614713,344.1213094795774,1.0,0.0
evt_pay_001099_0,cust_043,pay_001099,2026-06-11T05:52:48.261109+00:00,206605,RETRY_NOW,0.8333333333333334,0,0.23905723905723905,0.07460351849869085,1.2347316458494468,0.0,1.0,0.9995071566240145,0.03139178009253015,0.9583333333333334,5.0,-0.05414349663535748,356.8872585336621,1.0,0.0
evt_pay_008202_0,cust_005,pay_008202,2026-06-11T06:21:04.748015+00:00,129341,RETRY_NOW,0.8333333333333334,0,0.2641509433962264,1.514431481607043,-0.033966649373432106,0.0,1.0,0.9957732740443322,-0.09184545007256012,0.9583333333333334,5.0,-0.6412832630166057,361.94175624409473,1.0,0.0
evt_pay_008463_0,cust_039,pay_008463,2026-06-11T06:22:53.268162+00:00,280094,RETRY_LATER,0.8333333333333334,1,0.6074380165289256,0.272740960448895,0.32130772855317785,0.0,1.0,0.9950174463919575,-0.09970095975279178,0.8,3.0,-0.6642333856639545,342.66765369328465,0.0,1.0
evt_pay_002481_1,cust_014,pay_002481,2026-06-11T06:46:15.614367+00:00,68193,WHATSAPP_NUDGE,0.8333333333333334,0,0.228486646884273,0.08333333333333333,0.05815931365721839,1.0,1.0,0.9796976888721042,-0.20048051880084952,0.8666666666666667,11.0,-0.8122776257059364,366.03914791147685,0.0,1.0
evt_pay_005091_2,cust_041,pay_005091,2026-06-11T06:59:56.412603+00:00,313924,ESCALATE_HUMAN,0.8333333333333334,0,0.41114982578397213,0.386136871978844,0.5513891142203527,2.0,1.0,0.9659933148683504,-0.2585670428141531,0.96,4.0,0.3693318557794774,370.5814582126932,0.0,1.0
evt_pay_007551_0,cust_025,pay_007551,2026-06-11T07:13:00.507498+00:00,222518,RETRY_LATER,0.8333333333333334,0,0.46503496503496505,2.832150607443964,0.0838386041948103,0.0,1.0,0.9496875678478368,-0.31319885612061293,0.875,5.0,0.10753773716001852,347.98451248963994,0.0,1.0
evt_pay_004376_0,cust_007,pay_004376,2026-06-11T07:14:50.466677+00:00,359758,WHATSAPP_NUDGE,0.8333333333333334,0,0.3333333333333333,0.7542807511290638,0.4096841459645216,0.0,1.0,0.9471527503760152,-0.3207828976974144,0.8125,3.0,-0.46533070623945577,370.40027957447313,0.0,0.0
evt_pay_003930_0,cust_010,pay_003930,2026-06-11T07:45:17.855682+00:00,68944,RETRY_LATER,0.03333333333333333,0,0.34076433121019106,2.134523162974953,-0.3650384440582601,0.0,1.0,0.8962976729184191,-0.4434529078955583,0.8823529411764706,3.0,-0.045395759303349575,371.2687229916875,0.0,0.0
evt_pay_005633_1,cust_049,pay_005633,2026-06-11T07:46:10.095447+00:00,312552,WHATSAPP_NUDGE,0.8333333333333334,0,0.3333333333333333,0.08333333333333333,-0.1934082746008506,1.0,1.0,0.8946065391411426,-0.4468547192610897,0.9583333333333334,7.0,0.2100296838614713,344.2046428129108,0.0,1.0
evt_pay_001099_1,cust_043,pay_001099,2026-06-11T07:52:48.261109+00:00,118235,WHATSAPP_NUDGE,0.8333333333333334,0,0.23825503355704697,0.08333333333333333,-0.5154648857138944,1.0,1.0,0.8812944789470134,-0.47256749928186137,0.96,5.0,-0.05414349663535748,356.9705918669954,0.0,0.0
evt_pay_006962_0,cust_019,pay_006962,2026-06-11T07:59:46.041661+00:00,124565,WHATSAPP_NUDGE,0.8333333333333334,0,0.40625,0.4000926982402575,0.11674813832725998,0.0,1.0,0.8665324970725669,-0.49912065827531316,0.7272727272727273,8.0,-0.5137657855739247,347.7424245233178,0.0,0.0
evt_pay_005011_0,cust_058,pay_005011,2026-06-11T08:32:18.284497+00:00,245198,PAYMENT_LINK,0.03333333333333333,0,0.3364485981308411,1.3860042716864502,0.03143864474102669,0.0,1.0,0.7871914206843224,-0.6167087377368656,0.8823529411764706,11.0,4.286983765334936,360.3198797772391,1.0,0.0
evt_pay_004570_0,cust_052,pay_004570,2026-06-11T08:49:08.233743+00:00,96245,WHATSAPP_NUDGE,0.8333333333333334,0,0.4637096774193548,0.2951468561760369,-0.9706095970552489,0.0,1.0,0.7398153985909582,-0.6728099107531798,1.0,9.0,-1.0656726581061444,371.24224883055507,0.0,0.0
evt_pay_000752_0,cust_002,pay_000752,2026-06-11T09:27:01.344943+00:00,343130,RETRY_NOW,0.03333333333333333,0,0.3525423728813559,0.937777871522845,0.3326154109769674,0.0,1.0,0.6190171368336725,-0.7853774788636623,0.96,8.0,-0.38277421977533765,350.4763109711013,0.0,0.0
evt_pay_003930_1,cust_010,pay_003930,2026-06-11T09:45:17.855682+00:00,67119,WHATSAPP_NUDGE,0.8333333333333334,0,0.3396825396825397,0.08333333333333333,-0.4310155246491311,1.0,1.0,0.5544901001524476,-0.8321903200788439,0.8823529411764706,3.0,-0.045395759303349575,371.35205632502084,0.0,1.0
evt_pay_008080_0,cust_057,pay_008080,2026-06-11T09:52:39.293345+00:00,82687,WHATSAPP_NUDGE,0.8333333333333334,0,0.32452830188679244,1.1522121519994546,0.028540225036882357,0.0,1.0,0.5274938128180193,-0.8495588722617806,1.0,6.0,-0.5990323654313375,362.6763294014827,0.0,0.0
evt_pay_006884_0,cust_043,pay_006884,2026-06-11T10:19:03.219310+00:00,145858,RETRY_NOW,0.8333333333333334,1,0.23745819397993312,0.10156201622089611,0.03161565183791966,0.0,1.0,0.4263569818486433,-0.9045549867359727,0.9583333333333334,6.0,-0.05414349663535748,357.0721538832163,1.0,0.0
evt_pay_007682_0,cust_030,pay_007682,2026-06-11T10:25:17.659773+00:00,214116,RETRY_LATER,0.8333333333333334,0,0.36024844720496896,0.9273714793327485,0.6802200913533974,0.0,1.0,0.40157086480290594,-0.9158279535706727,0.8235294117647058,5.0,1.7722569671050512,342.37842674658094,0.0,1.0
evt_pay_001806_0,cust_054,pay_001806,2026-06-11T10:26:02.596394+00:00,104603,PAYMENT_LINK,0.03333333333333333,1,0.44089456869009586,0.9109084481893698,0.1656352331838055,0.0,1.0,0.3985759070328049,-0.9171353478810949,1.0,3.0,-0.6956354929968003,357.8913336191069,1.0,0.0
evt_pay_003291_0,cust_031,pay_003291,2026-06-11T10:34:04.794201+00:00,58184,WHATSAPP_NUDGE,0.8333333333333334,0,0.29102167182662536,0.6917674462062374,0.23402643016339328,0.0,1.0,0.36617681984355943,-0.9305452899291132,0.8888888888888888,4.0,-0.07508066613848166,364.77582698151645,0.0,0.0
evt_pay_007666_0,cust_018,pay_007666,2026-06-11T10:43:45.171710+00:00,204275,RETRY_LATER,0.8333333333333334,0,0.2841726618705036,0.5869838324831372,1.169970669223206,0.0,1.0,0.32658755897210473,-0.9451669515618085,0.92,2.0,-0.4554811204429685,347.06926938917604,0.0,1.0
evt_pay_002103_2,cust_028,pay_002103,2026-06-11T11:02:28.836189+00:00,182734,ESCALATE_HUMAN,0.8333333333333334,1,0.39925373134328357,0.9166666666666666,-0.574552377960657,2.0,1.0,0.24834922344961957,-0.9686705648526598,0.92,5.0,0.3910481863531735,342.7873325289654,0.0,0.0
evt_pay_000752_1,cust_002,pay_000752,2026-06-11T11:27:01.344943+00:00,292153,WHATSAPP_NUDGE,0.8333333333333334,0,0.35135135135135137,0.08333333333333333,-0.1412721971209905,1.0,1.0,0.14339582644403787,-0.9896654166729437,0.88,8.0,-0.38277421977533765,350.55964430443464,0.0,1.0
evt_pay_000920_0,cust_019,pay_000920,2026-06-11T11:44:33.367950+00:00,107453,DO_NOTHING,0.03333333333333333,0,0.40484429065743943,0.15610331352987336,-0.2917827706030422,0.0,1.0,0.06733559602108859,-0.9977303831739739,0.7,9.0,-0.5137657855739247,347.8985278368477,0.0,0.0
evt_pay_008080_1,cust_057,pay_008080,2026-06-11T11:52:39.293345+00:00,89971,PAYMENT_LINK,0.03333333333333333,0,0.3233082706766917,0.08333333333333333,0.28273864302773505,1.0,1.0,0.032043606108628137,-0.9994864717981705,0.9,7.0,-0.5990323654313375,362.759662734816,0.0,0.0
evt_pay_005947_0,cust_040,pay_005947,2026-06-11T12:43:08.170715+00:00,183514,RETRY_NOW,0.8333333333333334,1,0.47232472324723246,2.4524668490877466,-0.4457292354957013,0.0,1.0,-0.18710776639055524,-0.9823393933648072,0.8846153846153846,3.0,-0.492492512121923,360.65919979162,1.0,0.0
evt_pay_003040_0,cust_010,pay_003040,2026-06-11T12:53:46.796400+00:00,58986,WHATSAPP_NUDGE,0.8333333333333334,0,0.33860759493670883,0.13089051756852163,-0.7249860287558572,0.0,1.0,-0.23251159366817434,-0.9725936247014402,0.9411764705882353,4.0,-0.045395759303349575,371.4829468425894,0.0,0.0
evt_pay_004168_0,cust_052,pay_004168,2026-06-11T13:14:23.494911+00:00,152799,WHATSAPP_NUDGE,0.8333333333333334,0,0.46184738955823296,0.18420441166275245,0.13792350534244494,0.0,1.0,-0.31892449647377963,-0.9477801251075832,1.0,10.0,-1.0656726581061444,371.4264532422178,0.0,0.0
evt_pay_004186_0,cust_021,pay_004186,2026-06-11T13:43:05.949243+00:00,170469,DO_NOTHING,0.03333333333333333,0,0.2727272727272727,0.38284998304872414,-0.5922880177676675,0.0,1.0,-0.43483489584063445,-0.9005101961439774,1.0,7.0,-0.0711177391970671,358.02044300045696,1.0,0.0
evt_pay_004577_0,cust_046,pay_004577,2026-06-11T13:54:11.931719+00:00,133753,WHATSAPP_NUDGE,0.03333333333333333,0,0.4112903225806452,0.9671787377257223,0.7336847045622357,0.0,1.0,-0.4779211293401502,-0.8784027516636291,0.9444444444444444,6.0,-0.9687765812058661,365.5996735938736,0.0,1.0
evt_pay_003495_0,cust_041,pay_003495,2026-06-11T14:15:45.172927+00:00,231177,RETRY_LATER,0.8333333333333334,0,0.4097222222222222,0.3026476889364176,-0.3470635449521564,0.0,1.0,-0.5582986645452097,-0.8296400431313784,0.8461538461538461,4.0,0.3693318557794774,370.88410590162954,0.0,1.0
evt_pay_001642_0,cust_024,pay_001642,2026-06-11T14:25:53.569353+00:00,95157,WHATSAPP_NUDGE,0.8333333333333334,0,0.24666666666666667,0.5095416286260198,-0.016285392761997145,0.0,1.0,-0.5944467981935809,-0.8041349414851963,0.9,6.0,-1.1653357768016162,357.2591738542621,0.0,0.0
evt_pay_004068_0,cust_020,pay_004068,2026-06-11T14:39:20.265391+00:00,66106,WHATSAPP_NUDGE,0.8333333333333334,0,0.2773109243697479,0.5916845800004656,0.22486599641656235,0.0,1.0,-0.6405713807493643,-0.7678986301360701,0.7692307692307692,7.0,0.06752823759169156,356.8490715015948,0.0,0.0
evt_pay_004168_1,cust_052,pay_004168,2026-06-11T15:14:23.494911+00:00,125318,WHATSAPP_NUDGE,0.8333333333333334,0,0.46,0.08333333333333333,-0.400749605356961,1.0,1.0,-0.7500867783892456,-0.6613394173082705,1.0,11.0,-1.0656726581061444,371.5097865755511,0.0,1.0
evt_pay_004815_0,cust_033,pay_004815,2026-06-11T15:26:23.744428+00:00,99257,RETRY_NOW,0.8333333333333334,0,0.624,0.881399712088637,0.6974702862603304,0.0,1.0,-0.7836819127001592,-0.621162345692831,0.9444444444444444,4.0,-0.3958893149650273,346.3868664344537,1.0,0.0
evt_pay_005356_0,cust_041,pay_005356,2026-06-11T15:26:44.164719+00:00,259180,RETRY_NOW,0.03333333333333333,0,0.4083044982698962,0.04929388647449665,-0.043012872526968775,0.0,1.0,-0.7846034777386406,-0.619997889287077,0.8518518518518519,4.0,0.3693318557794774,370.93339978810405,0.0,0.0
evt_pay_008239_0,cust_017,pay_008239,2026-06-11T15:41:53.121823+00:00,579132,PAYMENT_LINK,0.8333333333333334,1,0.2972027972027972,2.8885701399449695,0.37592812487182525,0.0,1.0,-0.8238427718871119,-0.5668183899710384,0.8571428571428572,4.0,0.5027156808516637,365.21569561125267,0.0,0.0
evt_pay_004577_1,cust_046,pay_004577,2026-06-11T15:54:11.931719+00:00,88025,ESCALATE_HUMAN,0.03333333333333333,0,0.40963855421686746,0.08333333333333333,-0.4939714041064549,1.0,1.0,-0.853093214845733,-0.5217585330247815,0.9473684210526316,7.0,-0.9687765812058661,365.6830069272069,0.0,0.0
evt_pay_003495_1,cust_041,pay_003495,2026-06-11T16:15:45.172927+00:00,301409,WHATSAPP_NUDGE,0.8333333333333334,0,0.4068965517241379,0.034039446858836676,0.4155025584913257,1.0,1.0,-0.8983208479607673,-0.4393400210759863,0.8275862068965517,4.0,0.3693318557794774,370.9674392349629,0.0,1.0
evt_pay_006654_0,cust_016,pay_006654,2026-06-11T16:16:48.928732+00:00,135142,RETRY_LATER,0.8333333333333334,1,0.31290322580645163,0.6959044953087717,0.46025014066498965,0.0,1.0,-0.9003481645465243,-0.435170291492543,0.7692307692307692,12.0,-0.5381138706705891,364.45798932883304,0.0,1.0
evt_pay_001642_1,cust_024,pay_001642,2026-06-11T16:25:53.569353+00:00,87520,WHATSAPP_NUDGE,0.8333333333333334,0,0.24584717607973422,0.08333333333333333,-0.24428056516872612,1.0,1.0,-0.9168734991765609,-0.39917788830010237,0.9,7.0,-1.1653357768016162,357.3425071875954,1.0,0.0
evt_pay_004068_1,cust_020,pay_004068,2026-06-11T16:39:20.265391+00:00,78883,WHATSAPP_NUDGE,0.8333333333333334,0,0.276536312849162,0.08333333333333333,0.8205929969154548,1.0,1.0,-0.9387004037342586,-0.34473403085442544,0.7142857142857143,8.0,0.06752823759169156,356.9324048349281,0.0,0.0
evt_pay_006351_0,cust_017,pay_006351,2026-06-11T17:16:23.475854+00:00,472445,RETRY_LATER,0.8333333333333334,0,0.29965156794425085,2.9541992375304367,-0.21966599581705445,0.0,1.0,-0.9819515042426035,-0.1891328721182234,0.8333333333333334,5.0,0.5027156808516637,365.28132470883816,0.0,1.0
evt_pay_004815_1,cust_033,pay_004815,2026-06-11T17:26:23.744428+00:00,74318,WHATSAPP_NUDGE,0.8333333333333334,1,0.6215139442231076,0.08333333333333333,-0.19562944049943692,1.0,1.0,-0.989269617731132,-0.1461014148942441,0.95,4.0,-0.3958893149650273,346.47019976778705,0.0,0.0
evt_pay_005356_1,cust_041,pay_005356,2026-06-11T17:26:44.164719+00:00,237084,WHATSAPP_NUDGE,0.8333333333333334,0,0.4054982817869416,0.04929388647449665,-0.28292482681543524,1.0,1.0,-0.9894854882628196,-0.14463218354601998,0.8387096774193549,5.0,0.3693318557794774,371.0167331214374,0.0,1.0
evt_pay_003641_0,cust_032,pay_003641,2026-06-11T18:17:16.830111+00:00,268027,WHATSAPP_NUDGE,0.8333333333333334,0,0.2553846153846154,0.806634562306518,-0.49860382774119155,0.0,1.0,-0.9971587353107302,0.07532898906466975,0.84375,8.0,0.2905055503479753,367.22535632586005,0.0,0.0
evt_pay_002558_0,cust_050,pay_002558,2026-06-11T18:18:35.202773+00:00,95286,WHATSAPP_NUDGE,0.8333333333333334,0,0.4414715719063545,1.0370872433590346,-0.5227650452207736,0.0,1.0,-0.996713210520917,0.08101096205505953,1.0,6.0,-0.900782201038446,369.4777577794262,0.0,0.0
evt_pay_003531_0,cust_017,pay_003531,2026-06-11T18:32:58.888262+00:00,427583,WHATSAPP_NUDGE,0.8333333333333334,1,0.2986111111111111,0.053187643610669966,-0.470109114545982,0.0,1.0,-0.9896629846543099,0.14341261034205868,0.84375,5.0,0.5027156808516637,365.3345123524488,0.0,0.0
evt_pay_006209_0,cust_014,pay_006209,2026-06-11T18:51:42.518542+00:00,59378,WHATSAPP_NUDGE,0.8333333333333334,0,0.22781065088757396,0.5037836131296558,-0.318688610950188,0.0,1.0,-0.9746552548031248,0.2237121683875422,0.9,11.0,-0.8122776257059364,366.5429315246065,0.0,0.0
evt_pay_002579_0,cust_036,pay_002579,2026-06-11T19:14:09.150049+00:00,314815,RETRY_LATER,0.8333333333333334,0,0.4205298013245033,0.8694527823273006,-0.20415930554172465,0.0,1.0,-0.9481123074727452,0.3179356104916632,0.7,7.0,-0.5882553306323993,353.2428774740563,0.0,1.0
evt_pay_006247_0,cust_002,pay_006247,2026-06-11T19:30:26.430143+00:00,262724,RETRY_LATER,0.8333333333333334,0,0.3501683501683502,0.33570700462847,-0.41484240280910223,0.0,1.0,-0.9231422881088738,0.3844584709758819,0.8181818181818181,9.0,-0.38277421977533765,350.8953513090631,0.0,1.0
evt_pay_003483_0,cust_051,pay_003483,2026-06-11T19:31:11.743569+00:00,602609,RETRY_NOW,0.8333333333333334,1,0.49624060150375937,6.347747648376905,-0.030488681435135785,0.0,1.0,-0.9218703778844626,0.3874983953246234,0.7272727272727273,2.0,-1.013594580420746,350.6082404308647,1.0,0.0
evt_pay_005572_0,cust_014,pay_005572,2026-06-11T19:41:19.020308+00:00,72389,WHATSAPP_NUDGE,0.8333333333333334,0,0.22713864306784662,0.034450251921725794,0.2375139138699862,0.0,1.0,-0.9038642523346809,0.4278193700049921,0.8947368421052632,12.0,-0.8122776257059364,366.5773817765282,0.0,0.0
evt_pay_005294_2,cust_041,pay_005294,2026-06-11T19:43:54.186864+00:00,236321,ESCALATE_HUMAN,0.8333333333333334,0,0.4041095890410959,0.09525488594357512,-0.29121707126064,2.0,1.0,-0.8989792843835787,0.4379911485968509,0.8235294117647058,6.0,0.3693318557794774,371.11198800738094,1.0,0.0
evt_pay_007144_0,cust_005,pay_007144,2026-06-11T19:53:09.364302+00:00,157440,WHATSAPP_NUDGE,0.8333333333333334,0,0.26332288401253917,0.563942318141244,0.579366837539472,0.0,1.0,-0.8805682074171578,0.4739194362823004,0.8235294117647058,5.0,-0.6412832630166057,362.5056985622361,0.0,0.0
evt_pay_003641_1,cust_032,pay_003641,2026-06-11T20:17:16.830111+00:00,331029,WHATSAPP_NUDGE,0.8333333333333334,0,0.254601226993865,0.08333333333333333,0.05579101251174748,1.0,1.0,-0.8259003018523208,0.5638161858267687,0.8285714285714285,9.0,0.2905055503479753,367.30868965919336,0.0,1.0
evt_pay_007893_2,cust_036,pay_007893,2026-06-11T20:22:08.429656+00:00,347405,ESCALATE_HUMAN,0.8333333333333334,0,0.41914191419141916,0.047213884339366054,0.07048121466829356,2.0,1.0,-0.8137593817836173,0.5812019172018835,0.6363636363636364,7.0,-0.5882553306323993,353.2900913583956,1.0,0.0
evt_pay_000799_2,cust_032,pay_000799,2026-06-11T20:23:23.735250+00:00,378622,ESCALATE_HUMAN,0.8333333333333334,0,0.25382262996941896,0.004246587247924556,0.47459447232051105,2.0,1.0,-0.8105643141303469,0.585649633021656,0.8333333333333334,10.0,0.2905055503479753,367.3129362464413,0.0,0.0
evt_pay_002579_1,cust_036,pay_002579,2026-06-11T21:14:09.150049+00:00,290175,WHATSAPP_NUDGE,0.8333333333333334,0,0.41776315789473684,0.036119448993967275,-0.4118061759682264,1.0,1.0,-0.6621215386662476,0.749396469189868,0.6363636363636364,7.0,-0.5882553306323993,353.3262108073896,0.0,0.0
evt_pay_006247_1,cust_002,pay_006247,2026-06-11T21:30:26.430143+00:00,357462,RETRY_NOW,0.03333333333333333,0,0.348993288590604,0.08333333333333333,0.4658479738647237,1.0,1.0,-0.6072354373220369,0.7945219466196731,0.8181818181818181,9.0,-0.38277421977533765,350.97868464239644,0.0,0.0
evt_pay_005572_1,cust_014,pay_005572,2026-06-11T21:41:19.020308+00:00,68426,WHATSAPP_NUDGE,0.8333333333333334,0,0.22647058823529412,0.08333333333333333,0.06811779537019345,1.0,1.0,-0.5688597190919654,0.822434568822718,0.9444444444444444,13.0,-0.8122776257059364,366.66071510986154,0.0,0.0
evt_pay_007144_1,cust_005,pay_007144,2026-06-11T21:53:09.364302+00:00,139161,WHATSAPP_NUDGE,0.8333333333333334,0,0.2625,0.08333333333333333,0.18039234837001636,1.0,1.0,-0.525634719247033,0.8507103748762518,0.8181818181818181,6.0,-0.6412832630166057,362.5890318955694,0.0,1.0
evt_pay_001754_0,cust_042,pay_001754,2026-06-11T22:12:16.118020+00:00,205592,RETRY_NOW,0.8333333333333334,0,0.41776315789473684,0.8522898784413732,-0.32944207062559056,0.0,1.0,-0.4529458077715012,0.8915380503501924,1.0,2.0,0.21388002896855346,368.854771716926,1.0,0.0
evt_pay_002534_2,cust_020,pay_002534,2026-06-11T22:27:18.717679+00:00,51775,ESCALATE_HUMAN,0.8333333333333334,0,0.2757660167130919,0.24164875333286773,-0.44328691573072826,2.0,1.0,-0.3934928434939922,0.9193276794043637,0.8888888888888888,9.0,0.06752823759169156,357.17405358826096,0.0,1.0
evt_pay_004144_0,cust_027,pay_004144,2026-06-11T23:09:09.818416+00:00,89902,RETRY_LATER,0.8333333333333334,0,0.2905405405405405,0.7605543538550137,0.36893501501209364,0.0,1.0,-0.22000096941452074,0.975499653232471,0.8064516129032258,7.0,-0.8172299270627982,345.1066104878078,0.0,1.0
evt_pay_004133_2,cust_024,pay_004133,2026-06-12T00:12:09.172640+00:00,86835,ESCALATE_HUMAN,0.8333333333333334,0,0.24503311258278146,0.3237917047073135,-0.2647218284770674,2.0,1.0,0.05300208357130176,0.9985944017152814,0.875,8.0,-1.1653357768016162,357.6662988923027,0.0,0.0
evt_pay_001754_1,cust_042,pay_001754,2026-06-12T00:12:16.118020+00:00,281978,WHATSAPP_NUDGE,0.8333333333333334,0,0.4163934426229508,0.08333333333333333,0.6097123034121179,1.0,1.0,0.053506449107313725,0.9985675039294671,1.0,2.0,0.21388002896855346,368.9381050502593,1.0,0.0
evt_pay_000492_0,cust_046,pay_000492,2026-06-12T00:30:51.084547+00:00,95429,WHATSAPP_NUDGE,0.8333333333333334,0,0.408,0.3587864910632561,-0.2951828624624779,0.0,1.0,0.13420847401564737,0.9909531197298848,0.9444444444444444,7.0,-0.9687765812058661,366.0417934182702,0.0,0.0
evt_pay_000513_0,cust_028,pay_000513,2026-06-12T00:47:30.419471+00:00,233298,PAYMENT_LINK,0.03333333333333333,0,0.40148698884758366,1.4896016583607927,0.05705800026080637,0.0,1.0,0.20580706255719194,0.9785925878533824,0.8387096774193549,5.0,0.3910481863531735,343.36026752065953,0.0,0.0
evt_pay_004397_2,cust_059,pay_004397,2026-06-12T00:53:21.320079+00:00,183813,ESCALATE_HUMAN,0.8333333333333334,0,0.36742424242424243,0.9166666666666666,0.3185645366543022,2.0,1.0,0.23070928089427667,0.9730227272316129,1.0,5.0,-0.38878117849020055,354.6576442753735,0.0,0.0
evt_pay_006219_0,cust_014,pay_006219,2026-06-12T01:03:43.811166+00:00,70410,RETRY_NOW,0.8333333333333334,0,0.22580645161290322,0.14056470900667742,0.15293735267804526,0.0,1.0,0.27450548585368756,0.9615855334998706,0.9473684210526316,14.0,-0.8122776257059364,366.8012798188682,1.0,0.0
evt_pay_005756_0,cust_026,pay_005756,2026-06-12T01:08:19.932501+00:00,212124,DO_NOTHING,0.03333333333333333,0,0.4267241379310345,2.3480407791242897,-0.19393675603630167,0.0,1.0,0.2937575918105805,0.9558799491848589,0.8333333333333334,4.0,1.9048100532514713,359.6006899854113,1.0,0.0
evt_pay_000492_1,cust_046,pay_000492,2026-06-12T02:30:51.084547+00:00,88101,WHATSAPP_NUDGE,0.8333333333333334,0,0.4063745019920319,0.08333333333333333,-0.49191879875888506,1.0,1.0,0.6117045077656367,0.791086338637699,0.9473684210526316,8.0,-0.9687765812058661,366.12512675160355,0.0,1.0
evt_pay_006219_1,cust_014,pay_006219,2026-06-12T03:03:43.811166+00:00,62209,PAYMENT_LINK,0.03333333333333333,0,0.22514619883040934,0.08333333333333333,-0.19765556187918262,1.0,1.0,0.7185214909774186,0.6955047569956566,0.95,14.0,-0.8122776257059364,366.88461315220155,1.0,0.0
evt_pay_007639_0,cust_057,pay_007639,2026-06-12T03:26:29.798092+00:00,76582,RETRY_NOW,0.03333333333333333,0,0.32209737827715357,0.6485012123490984,-0.18453725829837106,0.0,1.0,0.7839552940966171,0.6208172813782542,0.8571428571428572,8.0,-0.5990323654313375,363.4081639471651,0.0,0.0
evt_pay_003873_0,cust_016,pay_003873,2026-06-12T03:34:03.790037+00:00,110044,ESCALATE_HUMAN,0.03333333333333333,0,0.31511254019292606,1.1662153900414107,-0.155848275833563,0.0,1.0,0.8040207746928599,0.5946012057356538,0.8571428571428572,11.0,-0.5381138706705891,364.92830022356566,0.0,0.0
evt_pay_008228_0,cust_047,pay_008228,2026-06-12T04:14:43.017082+00:00,115974,RETRY_LATER,0.8333333333333334,1,0.4175824175824176,1.0125565237918674,0.126539604755042,0.0,1.0,0.896325816686032,0.44339601976350435,0.9473684210526316,3.0,1.898235005697721,345.19312140952206,0.0,1.0
evt_pay_001163_0,cust_011,pay_001163,2026-06-12T04:28:03.969924+00:00,74187,WHATSAPP_NUDGE,0.8333333333333334,0,0.5,2.1328100951780393,0.718691212448618,0.0,1.0,0.9206176195771337,0.39046536149078814,0.875,9.0,-0.306212897974724,346.9055255670396,0.0,0.0
evt_pay_002481_2,cust_014,pay_002481,2026-06-12T04:46:15.614367+00:00,61053,ESCALATE_HUMAN,0.8333333333333334,1,0.22448979591836735,0.07120142594194097,-0.24708189832509436,2.0,1.0,0.9486833459925702,0.3162276221906325,0.9,15.0,-0.8122776257059364,366.9558145781435,1.0,0.0
evt_pay_003863_0,cust_040,pay_003863,2026-06-12T05:20:50.479887+00:00,230530,RETRY_NOW,0.8333333333333334,0,0.4742647058823529,3.145317649691511,0.17206779875441883,0.0,1.0,0.9854385784626976,0.170031785491472,0.8275862068965517,3.0,-0.492492512121923,361.35205059222375,1.0,0.0
evt_pay_007639_1,cust_057,pay_007639,2026-06-12T05:26:29.798092+00:00,73941,WHATSAPP_NUDGE,0.8333333333333334,0,0.3208955223880597,0.08333333333333333,-0.2767026205616327,1.0,1.0,0.9893338408080984,0.14566588973365158,0.875,8.0,-0.5990323654313375,363.49149728049844,0.0,1.0
evt_pay_005633_2,cust_049,pay_005633,2026-06-12T05:46:10.095447+00:00,368720,PAYMENT_LINK,0.03333333333333333,0,0.3321678321678322,0.9166666666666666,0.28528345568302915,2.0,1.0,0.9981793489184521,0.06031573088950396,0.8333333333333334,8.0,0.2100296838614713,345.1213094795774,1.0,0.0
evt_pay_000272_0,cust_017,pay_000272,2026-06-12T05:50:29.010497+00:00,561315,RETRY_LATER,0.8333333333333334,1,0.30103806228373703,0.5236751694740368,0.2764646842332527,0.0,1.0,0.9991380221562349,0.04151159695467086,0.8333333333333334,6.0,0.5027156808516637,365.8049998783122,0.0,1.0
evt_pay_008222_0,cust_053,pay_008222,2026-06-12T06:02:05.395592+00:00,267178,WHATSAPP_NUDGE,0.8333333333333334,1,0.3470790378006873,2.126514596418095,-0.4720103279992669,0.0,1.0,0.9999584219814677,-0.009118898416641416,0.8888888888888888,2.0,-0.06914381847567465,343.23580991307944,0.0,0.0
evt_pay_000674_0,cust_012,pay_000674,2026-06-12T06:28:57.877725+00:00,541980,RETRY_NOW,0.8333333333333334,1,0.576,1.7887785787945063,0.0020290626311995665,0.0,1.0,0.992024414930971,-0.1260458653858369,1.0,3.0,-0.5006574979571285,352.4762012608969,1.0,0.0
evt_pay_007910_0,cust_007,pay_007910,2026-06-12T06:51:55.106433+00:00,304042,RETRY_LATER,0.8333333333333334,0,0.3319672131147541,0.9840814786626121,-0.09625716288584486,0.0,1.0,0.9744500564680776,-0.22460429080799077,0.8888888888888888,4.0,-0.46533070623945577,371.38436105313576,0.0,1.0
evt_pay_003915_0,cust_053,pay_003915,2026-06-12T07:18:17.622056+00:00,280113,RETRY_LATER,0.8333333333333334,0,0.3493150684931507,2.1794338841980334,-0.3565424712970932,0.0,1.0,0.9422129396403723,-0.33501459128558586,0.8,3.0,-0.06914381847567465,343.28872920085934,0.0,1.0
evt_pay_000816_0,cust_048,pay_000816,2026-06-12T07:19:14.929533+00:00,166976,RETRY_LATER,0.8333333333333334,0,0.25595238095238093,2.5308551355423483,-0.3656070442311019,0.0,1.0,0.9408085823213485,-0.33893835933764493,0.7857142857142857,5.0,-0.4506859321563252,353.3106609151953,0.0,1.0
evt_pay_004049_0,cust_042,pay_004049,2026-06-12T07:43:59.075466+00:00,212534,RETRY_LATER,0.8333333333333334,0,0.4150326797385621,0.3136916371153499,-0.24409162818012653,0.0,1.0,0.8988235177088928,-0.4383107162885841,0.8888888888888888,3.0,0.21388002896855346,369.25179668737474,0.0,1.0
evt_pay_003930_2,cust_010,pay_003930,2026-06-12T07:45:17.855682+00:00,82854,ESCALATE_HUMAN,0.8333333333333334,1,0.33753943217665616,0.7857761490981451,0.13777202073834488,2.0,1.0,0.8962976729184191,-0.4434529078955583,0.8235294117647058,5.0,-0.045395759303349575,372.2687229916875,1.0,0.0
evt_pay_000300_0,cust_043,pay_000300,2026-06-12T08:08:09.229410+00:00,124402,WHATSAPP_NUDGE,0.03333333333333333,0,0.24,1.0106593553410335,-0.3933309195715083,0.0,1.0,0.8476922330877492,-0.5304883391392361,0.7777777777777778,6.0,-0.05414349663535748,357.9812512223364,0.0,1.0
evt_pay_001933_0,cust_017,pay_001933,2026-06-12T08:35:11.422155+00:00,585817,RETRY_NOW,0.8333333333333334,0,0.30344827586206896,0.6380549340387537,0.4132473354761463,0.0,1.0,0.7793642954198675,-0.6265710614325349,0.7857142857142857,6.0,0.5027156808516637,365.91937964287695,1.0,0.0
evt_pay_005779_0,cust_042,pay_005779,2026-06-12T08:40:33.480130+00:00,246676,WHATSAPP_NUDGE,0.8333333333333334,0,0.41368078175895767,0.03928709101955974,0.17568452968877557,0.0,1.0,0.7644771509802979,-0.6446508245779623,0.9,3.0,0.21388002896855346,369.2910837783943,0.0,0.0
evt_pay_007910_1,cust_007,pay_007910,2026-06-12T08:51:55.106433+00:00,267986,WHATSAPP_NUDGE,0.8333333333333334,0,0.3306122448979592,0.08333333333333333,-0.4236620544031533,1.0,1.0,0.7315963582165407,-0.6817380498727463,0.8888888888888888,4.0,-0.46533070623945577,371.4676943864691,0.0,1.0
evt_pay_003613_0,cust_036,pay_003613,2026-06-12T08:55:25.587893+00:00,309260,RETRY_LATER,0.8333333333333334,0,0.4163934426229508,0.48699580837306183,-0.2509747499834387,0.0,1.0,0.7210759418736261,-0.6928560355882475,0.8,8.0,-0.5882553306323993,353.8132066157627,0.0,1.0
evt_pay_006720_0,cust_042,pay_006720,2026-06-12T09:11:56.772492+00:00,229146,RETRY_LATER,0.8333333333333334,1,0.41233766233766234,0.02179736529457917,-0.03984401146952843,0.0,1.0,0.6693050122051741,-0.7429877526830653,0.9,4.0,0.21388002896855346,369.31288114368886,0.0,1.0
evt_pay_003915_1,cust_053,pay_003915,2026-06-12T09:18:17.622056+00:00,326235,WHATSAPP_NUDGE,0.8333333333333334,0,0.34812286689419797,0.08333333333333333,0.05519842271853584,1.0,1.0,0.6484730458601835,-0.7612376165119642,0.8181818181818181,3.0,-0.06914381847567465,343.3720625341927,0.0,0.0
evt_pay_000816_1,cust_048,pay_000816,2026-06-12T09:19:14.929533+00:00,196550,WHATSAPP_NUDGE,0.8333333333333334,0,0.2551928783382789,0.08333333333333333,0.07567779454102233,1.0,1.0,0.6452949527198886,-0.7639335206640934,0.7931034482758621,5.0,-0.4506859321563252,353.3939942485286,1.0,0.0
evt_pay_002772_0,cust_017,pay_002772,2026-06-12T09:21:24.031688+00:00,530319,PAYMENT_LINK,0.8333333333333334,0,0.3024054982817869,0.03209038810579538,0.10342331707646078,0.0,1.0,0.6380943723166358,-0.7699581625113397,0.8,6.0,0.5027156808516637,365.95147003098276,0.0,0.0
evt_pay_002563_0,cust_030,pay_002563,2026-06-12T09:24:47.473167+00:00,203271,RETRY_NOW,0.8333333333333334,0,0.3591331269349845,0.9579839513299172,0.5010601917008405,0.0,1.0,0.6266336691693831,-0.7793139576982541,0.9,5.0,1.7722569671050512,343.3364106979108,1.0,0.0
evt_pay_000752_2,cust_002,pay_000752,2026-06-12T09:27:01.344943+00:00,300559,ESCALATE_HUMAN,0.8333333333333334,0,0.34782608695652173,0.4976263287048634,-0.0631281110311411,2.0,1.0,0.6190171368336725,-0.7853774788636623,0.8064516129032258,9.0,-0.38277421977533765,351.4763109711013,1.0,0.0
evt_pay_006373_0,cust_024,pay_006373,2026-06-12T09:32:12.912378+00:00,85299,WHATSAPP_NUDGE,0.8333333333333334,0,0.24422442244224424,0.388932172890937,-0.3105718240201591,0.0,1.0,0.601064827533232,-0.7992002709599428,0.8333333333333334,7.0,-1.1653357768016162,358.0552310651936,0.0,0.0
evt_pay_004049_1,cust_042,pay_004049,2026-06-12T09:43:59.075466+00:00,210394,WHATSAPP_NUDGE,0.8333333333333334,1,0.41423948220064727,0.0440462423137736,-0.2703952100670112,1.0,1.0,0.5592486417105015,-0.8289999739113139,0.8181818181818181,4.0,0.21388002896855346,369.33513002070805,0.0,0.0
evt_pay_000300_1,cust_043,pay_000300,2026-06-12T10:08:09.229410+00:00,141370,WHATSAPP_NUDGE,0.8333333333333334,0,0.23920265780730898,0.08333333333333333,-0.05727022652845783,1.0,1.0,0.46887883887513215,-0.8832624946498678,0.8064516129032258,7.0,-0.05414349663535748,358.0645845556698,0.0,1.0
evt_pay_000836_0,cust_026,pay_000836,2026-06-12T10:20:06.494382+00:00,246501,RETRY_LATER,0.8333333333333334,0,0.4248927038626609,0.3831777995436975,0.2376613933859779,0.0,1.0,0.4221901792487319,-0.9065072821251485,0.9090909090909091,4.0,1.9048100532514713,359.983867784955,0.0,1.0
evt_pay_005739_0,cust_027,pay_005739,2026-06-12T10:38:40.111921+00:00,75784,WHATSAPP_NUDGE,0.8333333333333334,0,0.2895622895622896,0.47882284148990567,-0.13768128015646064,0.0,1.0,0.3474736025407858,-0.9376897650808225,0.8387096774193549,6.0,-0.8172299270627982,345.58543332929776,0.0,0.0
evt_pay_005760_0,cust_006,pay_005760,2026-06-12T11:10:51.357428+00:00,142858,WHATSAPP_NUDGE,0.8333333333333334,0,0.375,3.5527177943965476,0.2793852041433313,0.0,1.0,0.21279182538478766,-0.9770975586139851,0.7333333333333334,5.0,-0.3286363658753921,365.114272837078,0.0,0.0
evt_pay_003728_0,cust_009,pay_003728,2026-06-12T11:13:39.381058+00:00,107676,WHATSAPP_NUDGE,0.8333333333333334,0,0.2727272727272727,3.4882221897001195,-0.2706824915146342,0.0,1.0,0.20083705959732373,-0.979624660516619,0.8333333333333334,4.0,-0.8984355580750027,345.0846881740208,0.0,0.0
evt_pay_002772_1,cust_017,pay_002772,2026-06-12T11:21:24.031688+00:00,584964,PAYMENT_LINK,0.8333333333333334,0,0.3013698630136986,0.08333333333333333,0.4084853389971105,1.0,1.0,0.1676268551824223,-0.9858505147443253,0.8666666666666667,7.0,0.5027156808516637,366.0348033643161,0.0,0.0
evt_pay_008427_0,cust_012,pay_008427,2026-06-12T11:22:05.852848+00:00,534791,PAYMENT_LINK,0.8333333333333334,0,0.5776892430278885,1.992343105677681,-0.035895697907719196,0.0,1.0,0.1646277970814981,-0.9863557615931957,0.75,3.0,-0.5006574979571285,352.67976578778007,0.0,0.0
evt_pay_006373_1,cust_024,pay_006373,2026-06-12T11:32:12.912378+00:00,97583,WHATSAPP_NUDGE,0.8333333333333334,0,0.24342105263157895,0.08333333333333333,0.0561586574505979,1.0,1.0,0.12093727448512001,-0.9926601511293333,0.9,8.0,-1.1653357768016162,358.13856439852697,0.0,1.0
evt_pay_001353_0,cust_030,pay_001353,2026-06-12T11:47:40.045396+00:00,159218,WHATSAPP_NUDGE,0.8333333333333334,0,0.35802469135802467,0.09921958597910437,-0.22672456041340588,0.0,1.0,0.05378505164344437,-0.9985525365346142,0.9090909090909091,5.0,1.7722569671050512,343.4356302838899,0.0,0.0
evt_pay_000836_1,cust_026,pay_000836,2026-06-12T12:20:06.494382+00:00,206635,WHATSAPP_NUDGE,0.8333333333333334,0,0.4230769230769231,0.08333333333333333,-0.2628589098493934,1.0,1.0,-0.08762622060486652,-0.9961534246603317,0.9166666666666666,4.0,1.9048100532514713,360.0672011182883,1.0,0.0
evt_pay_007956_0,cust_051,pay_007956,2026-06-12T12:28:34.023897+00:00,493109,RETRY_NOW,0.03333333333333333,0,0.49812734082397003,7.054255522542046,-0.5441192848671269,0.0,1.0,-0.12432481250891157,-0.992241573909612,0.8333333333333334,1.0,-1.013594580420746,351.3147483050299,0.0,0.0
evt_pay_000179_0,cust_053,pay_000179,2026-06-12T12:37:44.764947+00:00,301204,WHATSAPP_NUDGE,0.8333333333333334,0,0.3469387755102041,0.13850859827516615,-0.16826491651901454,0.0,1.0,-0.16395477501223188,-0.986467856420415,0.9,4.0,-0.06914381847567465,343.5105711324679,0.0,0.0
evt_pay_005739_1,cust_027,pay_005739,2026-06-12T12:38:40.111921+00:00,98627,WHATSAPP_NUDGE,0.8333333333333334,0,0.28859060402684567,0.08333333333333333,0.6820070539977642,1.0,1.0,-0.1679239155955935,-0.9857999586990476,0.8666666666666667,7.0,-0.8172299270627982,345.66876666263107,1.0,0.0
evt_pay_003078_0,cust_006,pay_003078,2026-06-12T12:39:39.027290+00:00,164326,WHATSAPP_NUDGE,0.8333333333333334,0,0.3738601823708207,0.061662845627173134,0.7507095487469594,0.0,1.0,-0.17214596869276966,-0.9850714519580942,0.75,6.0,-0.3286363658753921,365.17593568270513,0.0,0.0
evt_pay_007885_0,cust_050,pay_007885,2026-06-12T12:40:59.810887+00:00,121283,WHATSAPP_NUDGE,0.8333333333333334,1,0.44,0.765562593912307,0.11411976961016039,0.0,1.0,-0.17793001225587612,-0.9840431447546514,0.7692307692307692,6.0,-0.900782201038446,370.2433203733385,0.0,0.0
evt_pay_002180_0,cust_030,pay_002180,2026-06-12T12:43:13.694439+00:00,121146,RETRY_LATER,0.8333333333333334,0,0.3569230769230769,0.03858390096532579,-0.855705109118744,0.0,1.0,-0.18750235365611223,-0.9822641535622779,0.9230769230769231,6.0,1.7722569671050512,343.47421418485527,0.0,1.0
evt_pay_005760_1,cust_006,pay_005760,2026-06-12T13:10:51.357428+00:00,128589,WHATSAPP_NUDGE,0.8333333333333334,0,0.37272727272727274,0.021670487706160202,-0.03390347904108737,1.0,1.0,-0.3042656528061039,-0.9525872204278595,0.75,7.0,-0.3286363658753921,365.1976061704113,1.0,0.0
evt_pay_003728_1,cust_009,pay_003728,2026-06-12T13:13:39.381058+00:00,154907,WHATSAPP_NUDGE,0.8333333333333334,0,0.27177700348432055,0.08333333333333333,0.8638454323306686,1.0,1.0,-0.3158823346256581,-0.9487983719797604,0.8571428571428572,5.0,-0.8984355580750027,345.1680215073541,0.0,1.0
evt_pay_004168_2,cust_052,pay_004168,2026-06-12T13:14:23.494911+00:00,151023,ESCALATE_HUMAN,0.8333333333333334,0,0.4581673306772908,0.9166666666666666,0.1031003945170574,2.0,1.0,-0.31892449647377963,-0.9477801251075832,0.7142857142857143,12.0,-1.0656726581061444,372.4264532422178,0.0,1.0
evt_pay_008427_1,cust_012,pay_008427,2026-06-12T13:22:05.852848+00:00,457737,DO_NOTHING,0.03333333333333333,0,0.5753968253968254,0.08333333333333333,-0.442387945196705,1.0,1.0,-0.35060602635495064,-0.936523045249604,0.7142857142857143,4.0,-0.5006574979571285,352.7630991211134,0.0,0.0
evt_pay_002266_0,cust_025,pay_002266,2026-06-12T13:27:34.318911+00:00,227959,WHATSAPP_NUDGE,0.8333333333333334,0,0.4634146341463415,1.2601135580214684,0.15574733928138831,0.0,1.0,-0.37287434970399747,-0.9278818455669995,0.7647058823529411,4.0,0.10753773716001852,349.24462604766137,0.0,0.0
evt_pay_003535_0,cust_046,pay_003535,2026-06-12T13:33:10.899518+00:00,113416,RETRY_NOW,0.8333333333333334,0,0.40476190476190477,0.45995156216537225,0.18768972771687067,0.0,1.0,-0.3954719986560454,-0.9184780336398867,0.7777777777777778,6.0,-0.9687765812058661,366.5850783137689,1.0,0.0
evt_pay_001353_1,cust_030,pay_001353,2026-06-12T13:47:40.045396+00:00,176244,WHATSAPP_NUDGE,0.8333333333333334,1,0.3558282208588957,0.04474943236800755,0.05454749037723003,1.0,1.0,-0.45269704720022613,-0.891664389474087,0.9285714285714286,6.0,1.7722569671050512,343.5189636172233,0.0,0.0
evt_pay_003495_2,cust_041,pay_003495,2026-06-12T14:15:45.172927+00:00,276193,ESCALATE_HUMAN,0.8333333333333334,1,0.40273037542662116,0.7721178942485949,0.1417036429443968,2.0,1.0,-0.5582986645452097,-0.8296400431313784,0.9,6.0,0.3693318557794774,371.88410590162954,0.0,0.0
evt_pay_002867_0,cust_009,pay_002867,2026-06-12T14:25:03.776263+00:00,116057,RETRY_LATER,0.8333333333333334,0,0.2708333333333333,0.04958790746661634,-0.06936971487205727,0.0,1.0,-0.5915310899342452,-0.8062821898325697,0.875,6.0,-0.8984355580750027,345.2176094148208,0.0,1.0
evt_pay_001642_2,cust_024,pay_001642,2026-06-12T14:25:53.569353+00:00,98326,RETRY_NOW,0.03333333333333333,0,0.24262295081967214,0.12060945573508282,0.07834009364908727,2.0,1.0,-0.5944467981935809,-0.8041349414851963,0.9090909090909091,9.0,-1.1653357768016162,358.2591738542621,0.0,1.0
evt_pay_004068_2,cust_020,pay_004068,2026-06-12T14:39:20.265391+00:00,52588,ESCALATE_HUMAN,0.8333333333333334,0,0.275,0.6750179133337989,-0.40537855124547834,2.0,1.0,-0.6405713807493643,-0.7678986301360701,0.8666666666666667,9.0,0.06752823759169156,357.8490715015948,1.0,0.0
evt_pay_004598_0,cust_017,pay_004598,2026-06-12T14:48:38.114548+00:00,576753,DO_NOTHING,0.03333333333333333,0,0.3003412969283277,0.1439129960635531,0.36264905601525654,0.0,1.0,-0.6711878584919447,-0.7412872982946607,0.8666666666666667,7.0,0.5027156808516637,366.1787163603796,0.0,1.0
evt_pay_008332_0,cust_059,pay_008332,2026-06-12T14:54:26.698651+00:00,160361,WHATSAPP_NUDGE,0.8333333333333334,0,0.3660377358490566,0.5840900297660028,-0.08662134853498504,0.0,1.0,-0.6897616502294044,-0.7240365086601703,0.7142857142857143,5.0,-0.38878117849020055,355.2417343051395,0.0,0.0
evt_pay_005877_0,cust_035,pay_005877,2026-06-12T14:59:12.662578+00:00,64248,WHATSAPP_NUDGE,0.8333333333333334,0,0.2746268656716418,1.7887794483908313,1.3298961373489333,0.0,1.0,-0.7046683991489691,-0.7095367835713869,0.8888888888888888,10.0,0.5026080740568922,346.56018603115695,0.0,0.0
evt_pay_004528_0,cust_033,pay_004528,2026-06-12T15:03:51.281397+00:00,97087,RETRY_LATER,0.8333333333333334,1,0.623015873015873,0.9843464926977958,0.6197754250185296,0.0,1.0,-0.7188992182595921,-0.6951143172067076,0.7777777777777778,5.0,-0.3958893149650273,347.3712129271515,0.0,1.0
evt_pay_005356_2,cust_041,pay_005356,2026-06-12T15:26:44.164719+00:00,221901,ESCALATE_HUMAN,0.8333333333333334,0,0.40476190476190477,0.8214117807230915,-0.4477865591480953,2.0,1.0,-0.7846034777386406,-0.619997889287077,0.8709677419354839,6.0,0.3693318557794774,371.93339978810405,0.0,1.0
evt_pay_002266_1,cust_025,pay_002266,2026-06-12T15:27:34.318911+00:00,201963,WHATSAPP_NUDGE,0.8333333333333334,0,0.4618055555555556,0.08333333333333333,-0.18783800901033207,1.0,1.0,-0.7868595820467643,-0.6171320751194118,0.7222222222222222,5.0,0.10753773716001852,349.32795938099474,0.0,0.0
evt_pay_000934_0,cust_028,pay_000934,2026-06-12T15:29:35.370266+00:00,224898,RETRY_NOW,0.8333333333333334,0,0.4,0.6125573008648075,-0.04786749874459973,0.0,1.0,-0.792261700583,-0.6101814466118523,0.8709677419354839,6.0,0.3910481863531735,343.9728248215244,1.0,0.0
evt_pay_003535_1,cust_046,pay_003535,2026-06-12T15:33:10.899518+00:00,128776,WHATSAPP_NUDGE,0.8333333333333334,0,0.4031620553359684,0.08333333333333333,0.6000661959603208,1.0,1.0,-0.8017278141414842,-0.5976893106220972,0.736842105263158,6.0,-0.9687765812058661,366.66841164710223,0.0,1.0
evt_pay_006700_0,cust_016,pay_006700,2026-06-12T15:43:42.087117+00:00,93995,RETRY_LATER,0.8333333333333334,0,0.3141025641025641,0.5066932532456955,-0.5497919357510334,0.0,1.0,-0.8283084302312221,-0.560272384120339,0.8666666666666667,11.0,-0.5381138706705891,365.43499347681137,0.0,1.0
evt_pay_003761_0,cust_000,pay_003761,2026-06-12T16:04:20.279638+00:00,106256,RETRY_NOW,0.8333333333333334,1,0.35374149659863946,2.634018031838385,-0.4723887903191554,0.0,1.0,-0.8753337417874922,-0.48351922452815455,0.7142857142857143,3.0,0.8132490481077264,362.3248877033357,1.0,0.0
evt_pay_002867_1,cust_009,pay_002867,2026-06-12T16:25:03.776263+00:00,131386,WHATSAPP_NUDGE,0.8333333333333334,0,0.2698961937716263,0.08333333333333333,0.298846316864441,1.0,1.0,-0.9154220459276385,-0.40249531404683014,0.9,6.0,-0.8984355580750027,345.3009427481541,1.0,0.0
evt_pay_005409_0,cust_016,pay_005409,2026-06-12T16:35:49.609909+00:00,116372,WHATSAPP_NUDGE,0.8333333333333334,0,0.31309904153354634,0.03619818046479395,-0.0005092160536734789,0.0,1.0,-0.9333093812472344,-0.35907325001440094,0.9333333333333333,11.0,-0.5381138706705891,365.47119165727617,0.0,0.0
evt_pay_008332_1,cust_059,pay_008332,2026-06-12T16:54:26.698651+00:00,166031,WHATSAPP_NUDGE,0.8333333333333334,0,0.36466165413533835,0.08333333333333333,0.011336168627724305,1.0,1.0,-0.9593693659850258,-0.2821531846523972,0.6666666666666667,6.0,-0.38878117849020055,355.32506763847283,0.0,0.0
evt_pay_002936_0,cust_013,pay_002936,2026-06-12T17:24:37.336935+00:00,167890,RETRY_LATER,0.8333333333333334,0,0.26688102893890675,2.0517101987393667,-0.06719844365624698,0.0,1.0,-0.9881094530126717,-0.153752101992131,0.9,1.0,-0.5595801808996762,344.32770265954906,0.0,1.0
evt_pay_006700_1,cust_016,pay_006700,2026-06-12T17:43:42.087117+00:00,96482,WHATSAPP_NUDGE,0.8333333333333334,0,0.31210191082802546,0.047135152868539386,-0.48874772045430037,1.0,1.0,-0.9974723348092182,-0.07105590257147533,0.9333333333333333,12.0,-0.5381138706705891,365.51832681014474,0.0,0.0
evt_pay_008179_0,cust_045,pay_008179,2026-06-12T17:47:23.701498+00:00,70293,RETRY_NOW,0.8333333333333334,0,0.2347560975609756,1.8988865785534397,-0.556632687042821,0.0,1.0,-0.9984879043730751,-0.054971854804662525,0.7777777777777778,3.0,1.000889969158722,346.57775792478986,1.0,0.0
evt_pay_007474_0,cust_026,pay_007474,2026-06-12T17:51:02.859792+00:00,265115,WHATSAPP_NUDGE,0.8333333333333334,0,0.42127659574468085,0.2298190440980837,0.47135241562597013,0.0,1.0,-0.9992371794932291,-0.039052005305954575,0.9375,5.0,1.9048100532514713,360.29702016238645,0.0,0.0
evt_pay_006625_0,cust_021,pay_006625,2026-06-12T18:02:36.945342+00:00,209244,RETRY_NOW,0.8333333333333334,0,0.27197802197802196,1.1802198622606852,-0.07712169713244316,0.0,1.0,-0.9999348680016867,0.01141313955269611,0.6875,5.0,-0.0711177391970671,359.2006628627176,1.0,0.0
evt_pay_005409_1,cust_016,pay_005409,2026-06-12T18:35:49.609909+00:00,95775,WHATSAPP_NUDGE,0.8333333333333334,0,0.3111111111111111,0.03619818046479395,-0.5061042127097352,1.0,1.0,-0.9878062587576412,0.15568813429170522,0.9411764705882353,13.0,-0.5381138706705891,365.5545249906095,0.0,0.0
evt_pay_000018_0,cust_057,pay_000018,2026-06-12T18:59:14.516314+00:00,89461,WHATSAPP_NUDGE,0.8333333333333334,0,0.31970260223048325,0.5644064608964262,0.2649225523107568,0.0,1.0,-0.9667766280157921,0.2556226741163913,0.9090909090909091,9.0,-0.5990323654313375,364.05590374139496,0.0,0.0
evt_pay_002579_2,cust_036,pay_002579,2026-06-12T19:14:09.150049+00:00,349104,WHATSAPP_NUDGE,0.03333333333333333,0,0.4150326797385621,0.42967085829360485,0.08480174624679312,2.0,1.0,-0.9481123074727452,0.3179356104916632,0.9090909090909091,7.0,-0.5882553306323993,354.2428774740563,0.0,1.0
evt_pay_005572_2,cust_014,pay_005572,2026-06-12T19:41:19.020308+00:00,85050,ESCALATE_HUMAN,0.8333333333333334,0,0.22674418604651161,0.6927686243266559,0.7787963419938478,2.0,1.0,-0.9038642523346809,0.4278193700049921,0.7777777777777778,13.0,-0.8122776257059364,367.5773817765282,1.0,0.0
evt_pay_008179_1,cust_045,pay_008179,2026-06-12T19:47:23.701498+00:00,75406,WHATSAPP_NUDGE,0.8333333333333334,1,0.23404255319148937,0.08333333333333333,-0.3893103900572162,1.0,1.0,-0.8922018179609015,0.4516369294325504,0.7777777777777778,3.0,1.000889969158722,346.6610912581232,1.0,0.0
evt_pay_007144_2,cust_005,pay_007144,2026-06-12T19:53:09.364302+00:00,113615,ESCALATE_HUMAN,0.8333333333333334,0,0.2616822429906542,0.9166666666666666,-0.3772132285150611,2.0,1.0,-0.8805682074171578,0.4739194362823004,0.9166666666666666,7.0,-0.6412832630166057,363.5056985622361,0.0,0.0
evt_pay_006625_1,cust_021,pay_006625,2026-06-12T20:02:36.945342+00:00,222638,WHATSAPP_NUDGE,0.8333333333333334,0,0.27123287671232876,0.08333333333333333,0.1008265606652619,1.0,1.0,-0.8602624280429519,0.5098515027904154,0.6875,5.0,-0.0711177391970671,359.28399619605096,0.0,0.0
evt_pay_000677_0,cust_050,pay_000677,2026-06-12T21:04:55.002533+00:00,156564,WHATSAPP_NUDGE,0.8333333333333334,0,0.4418604651162791,1.1155069416643073,0.9784628451110073,0.0,1.0,-0.6917755360062853,0.7221126004877748,0.7058823529411764,6.0,-0.900782201038446,370.5932647210905,0.0,0.0
evt_pay_004316_0,cust_035,pay_004316,2026-06-12T21:10:10.756158+00:00,55242,WHATSAPP_NUDGE,0.8333333333333334,0,0.27380952380952384,0.2576168238358226,0.7429563705546386,0.0,1.0,-0.6750132953803074,0.7378055645356829,1.0,11.0,0.5026080740568922,346.8178028549928,0.0,0.0
evt_pay_001754_2,cust_042,pay_001754,2026-06-12T22:12:16.118020+00:00,217503,ESCALATE_HUMAN,0.8333333333333334,0,0.4161290322580645,0.563687938531757,-0.18299168658487058,2.0,1.0,-0.4529458077715012,0.8915380503501924,0.7222222222222222,5.0,0.21388002896855346,369.854771716926,0.0,1.0
evt_pay_007773_0,cust_015,pay_007773,2026-06-12T22:12:26.903758+00:00,119056,WHATSAPP_NUDGE,0.8333333333333334,0,0.3958333333333333,2.136827919747475,0.027413654083866257,0.0,1.0,-0.4522463807925571,0.8918930491152139,0.7222222222222222,0.0,1.245182551392603,360.34145474868166,0.0,0.0
evt_pay_002263_0,cust_038,pay_002263,2026-06-12T22:21:01.272642+00:00,44403,RETRY_NOW,0.8333333333333334,0,0.5307692307692308,3.071927022936942,-0.011187482343696476,0.0,1.0,-0.4185756878604335,0.9081819165410446,0.736842105263158,2.0,2.4957647172129915,370.88817188376225,1.0,0.0
evt_pay_003664_0,cust_007,pay_003664,2026-06-12T22:21:54.473037+00:00,228357,WHATSAPP_NUDGE,0.8333333333333334,0,0.32926829268292684,0.5624926690291167,-0.7835227299087538,0.0,1.0,-0.41505895177450325,0.9097945188622817,0.9444444444444444,4.0,-0.46533070623945577,372.0301870554982,0.0,0.0
evt_pay_000677_1,cust_050,pay_000677,2026-06-12T23:04:55.002533+00:00,122052,WHATSAPP_NUDGE,0.8333333333333334,0,0.44039735099337746,0.08333333333333333,0.13297043461486033,1.0,1.0,-0.23803888765415288,0.9712556244183987,0.7222222222222222,6.0,-0.900782201038446,370.6765980544239,0.0,0.0
evt_pay_000467_0,cust_008,pay_000467,2026-06-12T23:04:56.875277+00:00,253487,RETRY_NOW,0.8333333333333334,0,0.33916083916083917,2.077453976680848,0.5400268140456794,0.0,1.0,-0.23790661030703647,0.971288033887073,0.9444444444444444,2.0,0.4190160498383978,359.42602864125394,1.0,0.0
evt_pay_004316_1,cust_035,pay_004316,2026-06-12T23:10:10.756158+00:00,36084,DO_NOTHING,0.03333333333333333,0,0.27299703264094954,0.08333333333333333,-0.5055480437314601,1.0,1.0,-0.2156758794237544,0.9764650096315741,1.0,12.0,0.5026080740568922,346.9011361883261,1.0,0.0
evt_pay_006210_0,cust_046,pay_006210,2026-06-12T23:16:01.277380+00:00,97974,RETRY_NOW,0.8333333333333334,0,0.4015748031496063,0.32141641043786723,-0.22686116839918782,0.0,1.0,-0.19071780760067014,0.9816449041603557,0.75,7.0,-0.9687765812058661,366.9898280575401,1.0,0.0
evt_pay_002826_0,cust_009,pay_002826,2026-06-12T23:36:27.499903+00:00,113405,RETRY_NOW,0.03333333333333333,0,0.2689655172413793,0.2995801347257914,-0.13306719527724062,0.0,1.0,-0.10253936155848263,0.9947289476692527,1.0,7.0,-0.8984355580750027,345.6005228828799,0.0,1.0
evt_pay_008502_0,cust_037,pay_008502,2026-06-12T23:44:06.787230+00:00,142879,RETRY_LATER,0.8333333333333334,0,0.37890625,2.0481970651424035,-0.29907725309892974,0.0,1.0,-0.06926408630664672,0.9975983592348703,0.9473684210526316,7.0,-0.33341852366871827,350.61883096907786,0.0,1.0
evt_pay_004533_0,cust_001,pay_004533,2026-06-13T00:10:40.707549+00:00,433611,RETRY_NOW,0.8333333333333334,0,0.2912912912912913,2.870761538625724,-0.5078771516774446,0.0,1.0,0.046576710824583416,0.9989147160837922,0.9166666666666666,7.0,0.16534712408787333,355.56051771007,1.0,0.0
evt_pay_002303_0,cust_012,pay_002303,2026-06-13T00:15:20.497512+00:00,605512,RETRY_LATER,0.8333333333333334,0,0.5731225296442688,0.45364172065397196,0.33718943544807295,0.0,1.0,0.06689048565606058,0.9977603233886866,0.7222222222222222,3.0,-0.5006574979571285,353.2167408417674,0.0,1.0
evt_pay_002263_1,cust_038,pay_002263,2026-06-13T00:21:01.272642+00:00,47522,WHATSAPP_NUDGE,0.8333333333333334,0,0.5287356321839081,0.08333333333333333,0.18876335937896746,1.0,1.0,0.09159377917684093,0.9957964549124003,0.7619047619047619,2.0,2.4957647172129915,370.9715052170956,0.0,0.0
evt_pay_003664_1,cust_007,pay_003664,2026-06-13T00:21:54.473037+00:00,290412,WHATSAPP_NUDGE,0.8333333333333334,0,0.32793522267206476,0.08333333333333333,-0.22002095942289435,1.0,1.0,0.09544566312628104,0.9954346414458282,0.95,5.0,-0.46533070623945577,372.11352038883155,0.0,1.0
evt_pay_004067_0,cust_015,pay_004067,2026-06-13T00:38:08.851188+00:00,127447,WHATSAPP_NUDGE,0.8333333333333334,0,0.3944636678200692,0.10117994710625074,0.2307336891899608,0.0,1.0,0.1656824205535036,0.986179159949921,0.7619047619047619,1.0,1.245182551392603,360.44263469578783,0.0,0.0
evt_pay_007465_0,cust_050,pay_007465,2026-06-13T00:49:45.290287+00:00,96236,RETRY_LATER,0.03333333333333333,0,0.4389438943894389,0.07280425641511101,-0.4994801656773163,0.0,1.0,0.2153951264362805,0.9765269783818052,0.736842105263158,7.0,-0.900782201038446,370.749402310839,0.0,0.0
evt_pay_000051_0,cust_035,pay_000051,2026-06-13T00:53:36.227999+00:00,37249,RETRY_LATER,0.8333333333333334,0,0.27218934911242604,0.07182259075542181,-0.42961584167888556,0.0,1.0,0.23176403263744505,0.9727720355641548,1.0,12.0,0.5026080740568922,346.9729587790816,0.0,1.0
evt_pay_004437_0,cust_028,pay_004437,2026-06-13T00:56:41.989147+00:00,182253,RETRY_NOW,0.8333333333333334,1,0.3985239852398524,0.3938266074240649,-0.5805599962762668,0.0,1.0,0.244883597004307,0.9695524864174359,0.8888888888888888,6.0,0.3910481863531735,344.36665142894844,1.0,0.0
evt_pay_001332_0,cust_048,pay_001332,2026-06-13T01:23:30.147014+00:00,205436,WHATSAPP_NUDGE,0.8333333333333334,0,0.25443786982248523,0.6696205726966582,0.2082772952968682,0.0,1.0,0.3563403311340984,0.9343562320695683,0.8421052631578947,5.0,-0.4506859321563252,354.06361482122526,0.0,0.0
evt_pay_000781_0,cust_038,pay_000781,2026-06-13T01:26:45.526989+00:00,61125,WHATSAPP_NUDGE,0.8333333333333334,0,0.5267175572519084,0.04565109197693573,1.0606037217821411,0.0,1.0,0.3695796538349035,0.9291990526637837,0.7619047619047619,3.0,2.4957647172129915,371.0171563090725,0.0,0.0
evt_pay_002826_1,cust_009,pay_002826,2026-06-13T01:36:27.499903+00:00,126941,WHATSAPP_NUDGE,0.8333333333333334,0,0.26804123711340205,0.08333333333333333,0.1920727008894356,1.0,1.0,0.4085627818371431,0.9127302193405754,1.0,7.0,-0.8984355580750027,345.6838562162132,0.0,1.0
evt_pay_008502_1,cust_037,pay_008502,2026-06-13T01:44:06.787230+00:00,158744,WHATSAPP_NUDGE,0.8333333333333334,0,0.377431906614786,0.08333333333333333,-0.01502141094856324,1.0,1.0,0.4388147213059615,0.8985775650243952,0.95,7.0,-0.33341852366871827,350.7021643024112,0.0,0.0
evt_pay_006319_0,cust_014,pay_006319,2026-06-13T01:57:35.433900+00:00,74931,WHATSAPP_NUDGE,0.8333333333333334,0,0.22608695652173913,0.2613010832495964,0.34622545404560795,0.0,1.0,0.49086788713698815,0.8712340198693282,0.7727272727272727,13.0,-0.8122776257059364,367.83868285977786,0.0,0.0
evt_pay_003034_0,cust_035,pay_003034,2026-06-13T02:03:22.998539+00:00,50188,RETRY_NOW,0.8333333333333334,0,0.2713864306784661,0.048457992360548964,0.4136031842823624,0.0,1.0,0.5127297283462744,0.8585500717313789,1.0,12.0,0.5026080740568922,347.0214167714421,1.0,0.0
evt_pay_004533_1,cust_001,pay_004533,2026-06-13T02:10:40.707549+00:00,624606,PAYMENT_LINK,0.8333333333333334,0,0.2904191616766467,0.08333333333333333,0.5269212426420491,1.0,1.0,0.539793972840707,0.8417971649303924,0.9166666666666666,7.0,0.16534712408787333,355.64385104340334,0.0,1.0
evt_pay_002303_1,cust_012,pay_002303,2026-06-13T02:15:20.497512+00:00,659334,PAYMENT_LINK,0.8333333333333334,0,0.5708661417322834,0.08333333333333333,0.6211250203562714,1.0,1.0,0.5568090215439703,0.8306405441147491,0.736842105263158,3.0,-0.5006574979571285,353.3000741751007,0.0,0.0
evt_pay_007465_1,cust_050,pay_007465,2026-06-13T02:49:45.290287+00:00,129007,WHATSAPP_NUDGE,0.8333333333333334,0,0.4375,0.08333333333333333,0.30335685838087284,1.0,1.0,0.6748011405360826,0.7379996075413604,0.75,7.0,-0.900782201038446,370.8327356441723,0.0,1.0
evt_pay_001332_1,cust_048,pay_001332,2026-06-13T03:23:30.147014+00:00,190325,WHATSAPP_NUDGE,0.8333333333333334,0,0.2536873156342183,0.08333333333333333,-0.017209933105581433,1.0,1.0,0.7757778951898723,0.6310060675895054,0.85,6.0,-0.4506859321563252,354.14694815455863,1.0,0.0
evt_pay_000781_1,cust_038,pay_000781,2026-06-13T03:26:45.526989+00:00,43156,RETRY_NOW,0.03333333333333333,0,0.5247148288973384,0.08333333333333333,-0.09106859755752693,1.0,1.0,0.7846648952747771,0.6199201578618193,0.7619047619047619,4.0,2.4957647172129915,371.1004896424058,0.0,0.0
evt_pay_003450_0,cust_035,pay_003450,2026-06-13T03:50:19.593775+00:00,44063,ESCALATE_HUMAN,0.03333333333333333,0,0.27058823529411763,0.07426614856257174,0.014435884279253585,0.0,1.0,0.8441561873236164,0.5360973152360077,1.0,12.0,0.5026080740568922,347.09568292000466,1.0,0.0
evt_pay_006319_1,cust_014,pay_006319,2026-06-13T03:57:35.433900+00:00,54153,WHATSAPP_NUDGE,0.8333333333333334,0,0.2254335260115607,0.08333333333333333,-0.5420632920145043,1.0,1.0,0.8607210700972886,0.5090768502795804,0.7727272727272727,14.0,-0.8122776257059364,367.9220161931112,1.0,0.0
evt_pay_004158_0,cust_042,pay_004158,2026-06-13T03:59:12.322878+00:00,191453,WHATSAPP_NUDGE,0.8333333333333334,0,0.41479099678456594,0.24092829697258367,-0.503268305198698,0.0,1.0,0.8642866127980412,0.5029996530198493,0.7619047619047619,5.0,0.21388002896855346,370.0957000138986,0.0,0.0
evt_pay_000423_0,cust_008,pay_000423,2026-06-13T04:24:08.438836+00:00,201333,WHATSAPP_NUDGE,0.8333333333333334,1,0.33797909407665505,0.22166161526683936,-0.15893863628091814,0.0,1.0,0.9137948956087821,0.4061759332596343,0.95,2.0,0.4190160498383978,359.6476902565208,0.0,0.0
evt_pay_005977_0,cust_058,pay_005977,2026-06-13T04:57:04.534920+00:00,188942,RETRY_LATER,0.8333333333333334,0,0.33540372670807456,1.850535305818975,-0.6312892774968245,0.0,1.0,0.9625447021000467,0.2711230282715437,0.8571428571428572,7.0,4.286983765334936,362.1704150830581,0.0,1.0
evt_pay_007944_0,cust_000,pay_007944,2026-06-13T05:24:41.725825+00:00,145267,RETRY_NOW,0.8333333333333334,1,0.3559322033898305,3.189821807143877,0.4031412934088248,0.0,1.0,0.9881584755987666,0.15343672018888382,0.7727272727272727,2.0,0.8132490481077264,362.8806914786412,1.0,0.0
evt_pay_004643_0,cust_002,pay_004643,2026-06-13T05:25:48.512653+00:00,231547,RETRY_NOW,0.8333333333333334,0,0.3466666666666667,0.8324903670066988,-0.7046641559035307,0.0,1.0,0.9888920407360109,0.14863556697159577,0.85,7.0,-0.38277421977533765,352.30880133810797,1.0,0.0
evt_pay_002022_0,cust_053,pay_002022,2026-06-13T05:31:30.076577+00:00,351400,RETRY_LATER,0.8333333333333334,0,0.34576271186440677,0.703996662375971,0.279842800722278,0.0,1.0,0.992278602815372,0.12402892563742242,0.9090909090909091,5.0,-0.06914381847567465,344.2145677948438,0.0,1.0
evt_pay_006496_0,cust_016,pay_006496,2026-06-13T05:31:39.156516+00:00,122236,WHATSAPP_NUDGE,0.8333333333333334,0,0.310126582278481,0.45543456720861286,0.1434393774978266,0.0,1.0,0.9923602842539916,0.12337368534390583,0.9,13.0,-0.5381138706705891,366.0099595578181,0.0,0.0
evt_pay_004158_1,cust_042,pay_004158,2026-06-13T05:59:12.322878+00:00,234969,ESCALATE_HUMAN,0.03333333333333333,0,0.41346153846153844,0.08333333333333333,0.031745480704730746,1.0,1.0,0.9999939893438331,0.0034671712109267997,0.7391304347826086,6.0,0.21388002896855346,370.17903334723195,0.0,1.0
evt_pay_007651_0,cust_017,pay_007651,2026-06-13T06:58:45.412772+00:00,495011,RETRY_LATER,0.8333333333333334,0,0.29931972789115646,0.673695581297352,-0.09368665203693595,0.0,1.0,0.9673154798454255,-0.2535759500650922,0.8947368421052632,7.0,0.5027156808516637,366.85241194167696,0.0,1.0
evt_pay_003915_2,cust_053,pay_003915,2026-06-13T07:18:17.622056+00:00,276470,ESCALATE_HUMAN,0.8333333333333334,0,0.34459459459459457,0.0741614060155295,-0.3890600202842099,2.0,1.0,0.9422129396403723,-0.33501459128558586,1.0,5.0,-0.06914381847567465,344.28872920085934,0.0,0.0
evt_pay_000816_2,cust_048,pay_000816,2026-06-13T07:19:14.929533+00:00,216455,ESCALATE_HUMAN,0.8333333333333334,0,0.2529411764705882,0.16371276063667514,0.3726889998123316,2.0,1.0,0.9408085823213485,-0.33893835933764493,0.9,7.0,-0.4506859321563252,354.3106609151953,0.0,1.0
evt_pay_001789_0,cust_041,pay_001789,2026-06-13T07:43:55.346562+00:00,277759,RETRY_NOW,0.8333333333333334,1,0.4033898305084746,0.6786016417091029,0.15871176793142522,0.0,1.0,0.8989423429277241,-0.4380669630223375,0.9,6.0,0.3693318557794774,372.61200142981323,1.0,0.0
evt_pay_007651_1,cust_017,pay_007651,2026-06-13T08:58:45.412772+00:00,594418,PAYMENT_LINK,0.8333333333333334,0,0.2983050847457627,0.08333333333333333,0.4612667418271841,1.0,1.0,0.7109318039875268,-0.7032609544678567,0.8421052631578947,7.0,0.5027156808516637,366.9357452750103,0.0,0.0
evt_pay_002772_2,cust_017,pay_002772,2026-06-13T09:21:24.031688+00:00,551880,PAYMENT_LINK,0.8333333333333334,0,0.2972972972972973,0.015724755972428284,0.2237891905667369,2.0,1.0,0.6380943723166358,-0.7699581625113397,0.8421052631578947,8.0,0.5027156808516637,366.95147003098276,1.0,0.0
evt_pay_003267_0,cust_001,pay_003267,2026-06-13T09:24:13.376398+00:00,554487,RETRY_NOW,0.8333333333333334,0,0.28955223880597014,0.30107255612381323,0.14701923187889487,0.0,1.0,0.6285641176026565,-0.7777577708145345,1.0,8.0,0.16534712408787333,355.9449235995271,1.0,0.0
evt_pay_000517_0,cust_038,pay_000517,2026-06-13T09:24:17.745588+00:00,35944,RETRY_NOW,0.8333333333333334,1,0.5227272727272727,0.24828956711185887,-0.5533470015643137,0.0,1.0,0.6283169639017198,-0.7779574492691261,0.9047619047619048,4.0,2.4957647172129915,371.3487792095177,1.0,0.0
evt_pay_007276_0,cust_054,pay_007276,2026-06-13T09:59:16.768927+00:00,95340,WHATSAPP_NUDGE,0.03333333333333333,0,0.4426751592356688,2.8923224821360614,-0.10203570377866422,0.0,1.0,0.502720180566587,-0.864449200387795,1.0,3.0,-0.6956354929968003,359.8727476530535,1.0,0.0
evt_pay_007412_0,cust_035,pay_007412,2026-06-13T10:01:34.184068+00:00,43934,WHATSAPP_NUDGE,0.8333333333333334,0,0.2697947214076246,0.2578077580178804,0.006060860236801866,0.0,1.0,0.4940566863221451,-0.8694296927873936,1.0,12.0,0.5026080740568922,347.3534906780225,0.0,0.0
evt_pay_000655_0,cust_048,pay_000655,2026-06-13T10:25:31.129861+00:00,198530,WHATSAPP_NUDGE,0.8333333333333334,0,0.25219941348973607,0.1293541704677068,0.10521988525548767,0.0,1.0,0.4006735524087344,-0.9162208818839294,0.8235294117647058,6.0,-0.4506859321563252,354.440015085663,0.0,0.0
evt_pay_005739_2,cust_027,pay_005739,2026-06-13T10:38:40.111921+00:00,84843,ESCALATE_HUMAN,0.8333333333333334,0,0.28762541806020064,0.9166666666666666,0.1873838043840645,2.0,1.0,0.3474736025407858,-0.9376897650808225,0.8333333333333334,5.0,-0.8172299270627982,346.58543332929776,0.0,1.0
evt_pay_005990_0,cust_013,pay_005990,2026-06-13T10:43:05.243495+00:00,166541,RETRY_LATER,0.8333333333333334,0,0.266025641025641,0.7211563259201436,-0.08962311536263634,0.0,1.0,0.32933062346214437,-0.9442146686268093,1.0,1.0,-0.5595801808996762,345.04885898546917,0.0,1.0
evt_pay_007401_0,cust_048,pay_007401,2026-06-13T11:11:29.479338+00:00,188090,RETRY_LATER,0.8333333333333334,0,0.25146198830409355,0.03192534116148712,-0.050563538295220964,0.0,1.0,0.2100822001718524,-0.9776837265552464,0.8333333333333334,7.0,-0.4506859321563252,354.47194042682446,0.0,1.0
evt_pay_003728_2,cust_009,pay_003728,2026-06-13T11:13:39.381058+00:00,118048,ESCALATE_HUMAN,0.8333333333333334,0,0.2671232876712329,0.40083195780759223,-0.021532258363391992,2.0,1.0,0.20083705959732373,-0.979624660516619,1.0,8.0,-0.8984355580750027,346.0846881740208,0.0,0.0
evt_pay_003267_1,cust_001,pay_003267,2026-06-13T11:24:13.376398+00:00,552085,PAYMENT_LINK,0.8333333333333334,0,0.28869047619047616,0.08333333333333333,0.13400781062279016,1.0,1.0,0.1554736083439825,-0.9878400463174704,1.0,8.0,0.16534712408787333,356.0282569328604,0.0,1.0
evt_pay_001306_0,cust_021,pay_001306,2026-06-13T12:24:33.677267+00:00,230292,WHATSAPP_NUDGE,0.8333333333333334,0,0.27049180327868855,0.6819066195034414,0.20252525853439102,0.0,1.0,-0.10696381100862859,-0.9942629144921933,0.8333333333333334,6.0,-0.0711177391970671,359.96590281555444,0.0,0.0
evt_pay_007473_0,cust_059,pay_007473,2026-06-13T12:39:57.623915+00:00,159893,WHATSAPP_NUDGE,0.8333333333333334,0,0.36329588014981273,0.8232745979624193,-0.09469545037512031,0.0,1.0,-0.17347800642743266,-0.9848377436339265,0.8421052631578947,6.0,-0.38878117849020055,356.1483422364352,0.0,0.0
evt_pay_005990_1,cust_013,pay_005990,2026-06-13T12:43:05.243495+00:00,164817,WHATSAPP_NUDGE,0.8333333333333334,0,0.26517571884984026,0.08333333333333333,-0.11826911410223885,1.0,1.0,-0.18689864815101995,-0.9823792013877947,1.0,1.0,-0.5595801808996762,345.1321923188025,0.0,1.0
evt_pay_004545_0,cust_031,pay_004545,2026-06-13T12:47:22.392671+00:00,58673,RETRY_NOW,0.8333333333333334,0,0.29012345679012347,2.092564797107362,0.2599743513658329,0.0,1.0,-0.20523579819098045,-0.9787125559330028,1.0,3.0,-0.07508066613848166,366.86839177862385,1.0,0.0
evt_pay_004436_0,cust_036,pay_004436,2026-06-13T13:08:00.395253+00:00,363905,RETRY_LATER,0.8333333333333334,0,0.41368078175895767,0.7457320046724286,0.2095300410819077,0.0,1.0,-0.2923991922445839,-0.9562963517522771,1.0,7.0,-0.5882553306323993,354.98860947872873,0.0,1.0
evt_pay_007401_1,cust_048,pay_007401,2026-06-13T13:11:29.479338+00:00,161570,RETRY_LATER,0.03333333333333333,0,0.25072886297376096,0.08333333333333333,-0.4462707125283776,1.0,1.0,-0.3069053410458713,-0.9517400441494082,0.8235294117647058,6.0,-0.4506859321563252,354.55527376015783,0.0,0.0
evt_pay_006539_0,cust_025,pay_006539,2026-06-13T13:22:33.934903+00:00,175292,RETRY_LATER,0.8333333333333334,1,0.4602076124567474,0.9131899999103249,-0.5403495728556057,0.0,1.0,-0.3525178469216751,-0.9358050906047191,0.8421052631578947,6.0,0.10753773716001852,350.24114938090503,0.0,1.0
evt_pay_003535_2,cust_046,pay_003535,2026-06-13T13:33:10.899518+00:00,96118,ESCALATE_HUMAN,0.8333333333333334,1,0.4,0.5952502562287995,-0.27671064144715624,2.0,1.0,-0.3954719986560454,-0.9184780336398867,0.7894736842105263,7.0,-0.9687765812058661,367.5850783137689,1.0,0.0
evt_pay_002980_0,cust_011,pay_002980,2026-06-13T13:43:28.664804+00:00,50611,RETRY_NOW,0.8333333333333334,0,0.4981549815498155,1.3857024870344883,-0.4176764488976785,0.0,1.0,-0.43632187469697487,-0.8997906543529541,0.8571428571428572,10.0,-0.306212897974724,348.29122805407405,1.0,0.0
evt_pay_004874_0,cust_008,pay_004874,2026-06-13T13:46:41.823706+00:00,263844,RETRY_LATER,0.8333333333333334,0,0.3402777777777778,0.6123257919920965,0.6788210776349951,0.0,1.0,-0.44891769303813983,-0.8935731110979753,0.8666666666666667,3.0,0.4190160498383978,360.038354433246,0.0,1.0
evt_pay_000992_0,cust_012,pay_000992,2026-06-13T13:54:16.926377+00:00,572156,PAYMENT_LINK,0.8333333333333334,0,0.5686274509803921,0.4853753340805535,0.16122327907368877,0.0,1.0,-0.4782401528280035,-0.8782291023548741,0.8823529411764706,4.0,-0.5006574979571285,353.78544950918126,0.0,0.0
evt_pay_005709_0,cust_002,pay_005709,2026-06-13T14:02:42.279623+00:00,325912,WHATSAPP_NUDGE,0.8333333333333334,0,0.34551495016611294,0.3589556362296662,0.17255706891589936,0.0,1.0,-0.5101851772914543,-0.8600645818030687,0.8333333333333334,6.0,-0.38277421977533765,352.6677569743377,0.0,0.0
evt_pay_001306_1,cust_021,pay_001306,2026-06-13T14:24:33.677267+00:00,232315,WHATSAPP_NUDGE,0.8333333333333334,1,0.26975476839237056,0.08333333333333333,0.22940169866013083,1.0,1.0,-0.5897648348651664,-0.8075750364866803,0.8888888888888888,7.0,-0.0711177391970671,360.04923614888776,0.0,0.0
evt_pay_002867_2,cust_009,pay_002867,2026-06-13T14:25:03.776263+00:00,156392,ESCALATE_HUMAN,0.8333333333333334,0,0.26621160409556316,0.13292124079994969,0.8995016035344603,2.0,1.0,-0.5915310899342452,-0.8062821898325697,1.0,8.0,-0.8984355580750027,346.2176094148208,0.0,1.0
evt_pay_005397_0,cust_007,pay_005397,2026-06-13T14:26:59.203064+00:00,283667,WHATSAPP_NUDGE,0.8333333333333334,0,0.32661290322580644,0.5868603012377397,-0.28126761637885134,0.0,1.0,-0.5982781630514458,-0.8012884871354309,0.9333333333333333,6.0,-0.46533070623945577,372.70038069006927,0.0,0.0
evt_pay_007849_0,cust_011,pay_007849,2026-06-13T14:27:40.102694+00:00,60257,WHATSAPP_NUDGE,0.8333333333333334,0,0.4963235294117647,0.030687938534356363,0.04728960450771209,0.0,1.0,-0.6006587895514353,-0.7995054837426724,0.9375,10.0,-0.306212897974724,348.3219159926084,0.0,0.0
evt_pay_007473_1,cust_059,pay_007473,2026-06-13T14:39:57.623915+00:00,170400,WHATSAPP_NUDGE,0.8333333333333334,0,0.3619402985074627,0.08333333333333333,0.08683069394442458,1.0,1.0,-0.642655232381,-0.7661555013790105,0.8421052631578947,7.0,-0.38878117849020055,356.2316755697686,1.0,0.0
evt_pay_007775_0,cust_041,pay_007775,2026-06-13T14:41:11.681026+00:00,308327,PAYMENT_LINK,0.03333333333333333,0,0.40540540540540543,0.9683740313315828,0.4906176948474148,0.0,1.0,-0.6467720881341643,-0.7626833327211057,0.8888888888888888,6.0,0.3693318557794774,372.9017738194357,0.0,0.0
evt_pay_004545_1,cust_031,pay_004545,2026-06-13T14:47:22.392671+00:00,62847,WHATSAPP_NUDGE,0.8333333333333334,0,0.28923076923076924,0.08333333333333333,0.48174584530578995,1.0,1.0,-0.6670956929658667,-0.7449720373452886,1.0,3.0,-0.07508066613848166,366.95172511195716,1.0,0.0
evt_pay_006841_0,cust_028,pay_006841,2026-06-13T14:48:50.924270+00:00,294716,RETRY_NOW,0.8333333333333334,0,0.4007352941176471,0.9717078009768633,0.8242491898111677,0.0,1.0,-0.671878112845914,-0.7406617321548435,0.8888888888888888,6.0,0.3910481863531735,344.9445326225012,1.0,0.0
evt_pay_004436_1,cust_036,pay_004436,2026-06-13T15:08:00.395253+00:00,320173,WHATSAPP_NUDGE,0.8333333333333334,0,0.41233766233766234,0.08333333333333333,-0.15900696543267898,1.0,1.0,-0.7313733044059979,-0.6819773380415595,1.0,6.0,-0.5882553306323993,355.0719428120621,0.0,0.0
evt_pay_004025_0,cust_056,pay_004025,2026-06-13T15:23:53.751714+00:00,196838,RETRY_LATER,0.8333333333333334,0,0.25077399380804954,2.832739699495164,0.6723307416089344,0.0,1.0,-0.776859925506825,-0.6296734519904188,0.7777777777777778,4.0,-0.26273729270347856,355.5970410170844,0.0,1.0
evt_pay_002980_1,cust_011,pay_002980,2026-06-13T15:43:28.664804+00:00,60753,WHATSAPP_NUDGE,0.8333333333333334,0,0.4945054945054945,0.05264539479897697,0.07119768447036183,1.0,1.0,-0.8277611548909078,-0.5610806274089941,0.9375,11.0,-0.306212897974724,348.37456138740737,0.0,1.0
evt_pay_006700_2,cust_016,pay_006700,2026-06-13T15:43:42.087117+00:00,108446,ESCALATE_HUMAN,0.8333333333333334,0,0.30914826498422715,0.4250339189932599,-0.19506359344921745,2.0,1.0,-0.8283084302312221,-0.560272384120339,0.9411764705882353,14.0,-0.5381138706705891,366.43499347681137,0.0,1.0
evt_pay_004874_1,cust_008,pay_004874,2026-06-13T15:46:41.823706+00:00,221063,WHATSAPP_NUDGE,0.8333333333333334,0,0.3391003460207612,0.08333333333333333,0.10548246497337883,1.0,1.0,-0.8355606819283212,-0.5493981678304714,0.9411764705882353,3.0,0.4190160498383978,360.1216877665793,0.0,0.0
evt_pay_002995_0,cust_017,pay_002995,2026-06-13T16:06:27.850696+00:00,388094,RETRY_LATER,0.8333333333333334,0,0.2962962962962963,0.2812942014816902,-0.6905649273030051,0.0,1.0,-0.8797817276570311,-0.4753778620011765,0.8823529411764706,9.0,0.5027156808516637,367.23276423246443,0.0,1.0
evt_pay_005397_1,cust_007,pay_005397,2026-06-13T16:26:59.203064+00:00,350644,RETRY_NOW,0.03333333333333333,1,0.3253012048192771,0.08333333333333333,0.3269178009687677,1.0,1.0,-0.9187683312997561,-0.3947971040935604,0.9444444444444444,7.0,-0.46533070623945577,372.7837140234026,0.0,0.0
evt_pay_007849_1,cust_011,pay_007849,2026-06-13T16:27:40.102694+00:00,60186,WHATSAPP_NUDGE,0.8333333333333334,0,0.4927007299270073,0.030687938534356363,0.04387132887237977,1.0,1.0,-0.91993851262929,-0.3920626646104033,0.8947368421052632,12.0,-0.306212897974724,348.4052493259417,0.0,0.0
evt_pay_001280_0,cust_019,pay_001280,2026-06-13T16:30:33.333285+00:00,144898,RETRY_LATER,0.8333333333333334,0,0.40344827586206894,2.1986107099048886,0.6021637276601437,0.0,1.0,-0.9248044666851547,-0.380442766259508,1.0,7.0,-0.5137657855739247,350.09713854675255,0.0,1.0
evt_pay_001616_0,cust_025,pay_001616,2026-06-13T16:34:16.362638+00:00,310742,WHATSAPP_NUDGE,0.03333333333333333,0,0.46206896551724136,1.046319950549351,1.2498697445656468,0.0,1.0,-0.9308530180147304,-0.3653938407429278,0.7647058823529411,6.0,0.10753773716001852,350.3742793315441,1.0,0.0
evt_pay_005409_2,cust_016,pay_005409,2026-06-13T16:35:49.609909+00:00,120760,ESCALATE_HUMAN,0.8333333333333334,0,0.3081761006289308,0.03619818046479395,0.10720422829095667,2.0,1.0,-0.9333093812472344,-0.35907325001440094,0.9,14.0,-0.5381138706705891,366.47119165727617,0.0,0.0
evt_pay_007775_1,cust_041,pay_007775,2026-06-13T16:41:11.681026+00:00,268828,DO_NOTHING,0.03333333333333333,0,0.40404040404040403,0.08333333333333333,0.06173534583538045,1.0,1.0,-0.9414627251434471,-0.33711709711237453,0.8888888888888888,7.0,0.3693318557794774,372.985107152769,0.0,0.0
evt_pay_006841_1,cust_028,pay_006841,2026-06-13T16:48:50.924270+00:00,272488,WHATSAPP_NUDGE,0.8333333333333334,0,0.3992673992673993,0.08333333333333333,0.5465844342965713,1.0,1.0,-0.952194380048731,-0.3054928192341232,0.8947368421052632,6.0,0.3910481863531735,345.02786595583456,0.0,0.0
evt_pay_006625_2,cust_021,pay_006625,2026-06-13T18:02:36.945342+00:00,206142,ESCALATE_HUMAN,0.8333333333333334,1,0.2717391304347826,0.23476004716322527,-0.11833815589616503,2.0,1.0,-0.9999348680016867,0.01141313955269611,0.8823529411764706,8.0,-0.0711177391970671,360.2006628627176,0.0,0.0
evt_pay_002995_1,cust_017,pay_002995,2026-06-13T18:06:27.850696+00:00,459673,WHATSAPP_NUDGE,0.8333333333333334,0,0.2953020134228188,0.08333333333333333,-0.29096573704683537,1.0,1.0,-0.9996022569369396,0.0282015589387638,0.9,9.0,0.5027156808516637,367.31609756579775,0.0,1.0
evt_pay_001280_1,cust_019,pay_001280,2026-06-13T18:30:33.333285+00:00,108963,WHATSAPP_NUDGE,0.8333333333333334,0,0.4020618556701031,0.08333333333333333,-0.2557474203257343,1.0,1.0,-0.9911255448124174,0.13292913307581838,1.0,7.0,-0.5137657855739247,350.18047188008586,1.0,0.0
evt_pay_001042_0,cust_033,pay_001042,2026-06-13T18:31:46.849834+00:00,85431,WHATSAPP_NUDGE,0.8333333333333334,0,0.6245059288537549,2.1287396459060233,0.2023437013289065,0.0,1.0,-0.9904007081281934,0.13822603712460685,0.7647058823529411,5.0,-0.3958893149650273,348.5156060803597,0.0,0.0
evt_pay_001616_1,cust_025,pay_001616,2026-06-13T18:34:16.362638+00:00,193504,PAYMENT_LINK,0.03333333333333333,1,0.46048109965635736,0.08333333333333333,-0.2996339235448019,1.0,1.0,-0.9888392811616342,0.14898616053762365,0.7777777777777778,7.0,0.10753773716001852,350.4576126648774,0.0,0.0
evt_pay_003365_0,cust_056,pay_003365,2026-06-13T18:47:36.379670+00:00,170765,WHATSAPP_NUDGE,0.8333333333333334,0,0.25,0.14146560133785138,0.20482615629510925,0.0,1.0,-0.9785032913536218,0.20623120231945802,0.736842105263158,3.0,-0.26273729270347856,355.73850661842226,0.0,0.0
evt_pay_003042_0,cust_036,pay_003042,2026-06-13T19:17:30.092736+00:00,338651,RETRY_NOW,0.8333333333333334,0,0.4110032362459547,0.17326038753990738,-0.003289823982673261,0.0,1.0,-0.9433652634571508,0.331755903794372,1.0,7.0,-0.5882553306323993,355.245203199602,1.0,0.0
evt_pay_002443_0,cust_048,pay_002443,2026-06-13T19:28:21.362115+00:00,179837,WHATSAPP_NUDGE,0.8333333333333334,0,0.25,0.2617116062162002,-0.17371122492776844,0.0,1.0,-0.9266007858398702,0.3760465179747514,0.9047619047619048,6.0,-0.4506859321563252,354.816985366374,0.0,0.0
evt_pay_005057_0,cust_039,pay_005057,2026-06-13T19:35:11.528738+00:00,268011,WHATSAPP_NUDGE,0.8333333333333334,1,0.6090534979423868,2.822952309705878,0.1841876234212368,0.0,1.0,-0.9149734972658883,0.40351393941353453,1.0,1.0,-0.6642333856639545,345.21786504254163,0.0,0.0
evt_pay_004572_0,cust_047,pay_004572,2026-06-13T20:18:17.052745+00:00,143967,ESCALATE_HUMAN,0.03333333333333333,0,0.4197080291970803,2.6817004550803367,0.8467167168467282,0.0,1.0,-0.8234231487161345,0.5674278087637286,0.7777777777777778,3.0,1.898235005697721,346.86226534081055,0.0,1.0
evt_pay_004300_0,cust_050,pay_004300,2026-06-13T20:30:38.898968+00:00,114693,PAYMENT_LINK,0.03333333333333333,1,0.4360655737704918,0.7367315819538666,-0.04731716738365793,0.0,1.0,-0.791628096206747,0.6110032383679167,0.8125,8.0,-0.900782201038446,371.56946722612616,1.0,0.0
evt_pay_003365_1,cust_056,pay_003365,2026-06-13T20:47:36.379670+00:00,138186,WHATSAPP_NUDGE,0.8333333333333334,0,0.24923076923076923,0.08333333333333333,-0.3793451270902103,1.0,1.0,-0.7442931068391934,0.66785310593847,0.7894736842105263,4.0,-0.26273729270347856,355.82183995175563,1.0,0.0
evt_pay_000677_2,cust_050,pay_000677,2026-06-13T21:04:55.002533+00:00,129839,ESCALATE_HUMAN,0.8333333333333334,1,0.43790849673202614,0.7605290769182224,0.32373309666871003,2.0,1.0,-0.6917755360062853,0.7221126004877748,0.7647058823529411,9.0,-0.900782201038446,371.5932647210905,1.0,0.0
evt_pay_003042_1,cust_036,pay_003042,2026-06-13T21:17:30.092736+00:00,440617,WHATSAPP_NUDGE,0.8333333333333334,0,0.4096774193548387,0.08333333333333333,0.8559921010754875,1.0,1.0,-0.6511003313045068,0.7589916722699673,0.9333333333333333,7.0,-0.5882553306323993,355.3285365329353,0.0,1.0
evt_pay_002443_1,cust_048,pay_002443,2026-06-13T21:28:21.362115+00:00,161410,WHATSAPP_NUDGE,0.8333333333333334,0,0.2492753623188406,0.08333333333333333,-0.4486625456057196,1.0,1.0,-0.6144365607165765,0.788966230490751,0.9047619047619048,7.0,-0.4506859321563252,354.9003186997074,0.0,1.0
evt_pay_006366_0,cust_048,pay_006366,2026-06-13T21:57:44.798313+00:00,191149,WHATSAPP_NUDGE,0.8333333333333334,0,0.24855491329479767,0.02041014118177979,-0.004914194415697041,0.0,1.0,-0.508490581849143,0.8610675514561678,0.9090909090909091,8.0,-0.4506859321563252,354.9207288408891,0.0,0.0
evt_pay_005313_0,cust_009,pay_005313,2026-06-13T22:17:40.771441+00:00,153037,RETRY_LATER,0.8333333333333334,0,0.2653061224489796,0.3282059627107401,0.8189098343151858,0.0,1.0,-0.43177279684142367,0.9019824011075463,0.9375,8.0,-0.8984355580750027,346.5458153775315,0.0,1.0
evt_pay_002263_2,cust_038,pay_002263,2026-06-13T22:21:01.272642+00:00,50341,ESCALATE_HUMAN,0.8333333333333334,0,0.5245283018867924,0.7876822413563976,0.36942750589461115,2.0,1.0,-0.4185756878604335,0.9081819165410446,0.7894736842105263,4.0,2.4957647172129915,371.88817188376225,0.0,0.0
evt_pay_004332_0,cust_054,pay_004332,2026-06-13T23:09:08.426228+00:00,119340,PAYMENT_LINK,0.03333333333333333,1,0.44126984126984126,0.5485145520926457,0.5915266749741818,0.0,1.0,-0.2200997306005984,0.9754773747194468,1.0,4.0,-0.6956354929968003,360.4212622051462,0.0,0.0
evt_pay_002719_0,cust_044,pay_002719,2026-06-13T23:17:43.806514+00:00,229129,WHATSAPP_NUDGE,0.8333333333333334,0,0.3795379537953795,3.803698681636812,0.027334712764846697,0.0,1.0,-0.1833933029700492,0.9830396209846965,0.8666666666666667,4.0,-0.8459251821363672,364.8145705261304,0.0,0.0
evt_pay_002826_2,cust_009,pay_002826,2026-06-13T23:36:27.499903+00:00,104404,ESCALATE_HUMAN,0.8333333333333334,0,0.26440677966101694,0.05470750534838468,-0.34927877691368964,2.0,1.0,-0.10253936155848263,0.9947289476692527,0.9375,8.0,-0.8984355580750027,346.6005228828799,0.0,1.0
evt_pay_008502_2,cust_037,pay_008502,2026-06-13T23:44:06.787230+00:00,164499,ESCALATE_HUMAN,0.8333333333333334,0,0.375968992248062,0.9166666666666666,0.08801818918682869,2.0,1.0,-0.06926408630664672,0.9975983592348703,0.875,7.0,-0.33341852366871827,351.61883096907786,1.0,0.0
evt_pay_001796_0,cust_018,pay_001796,2026-06-14T00:02:07.650327+00:00,113689,DO_NOTHING,0.03333333333333333,0,0.2831541218637993,2.5544268358519084,-0.6158609524446949,0.0,1.0,0.009282860434354551,0.9999569133228473,0.9130434782608696,1.0,-0.4554811204429685,349.62369622502797,1.0,0.0
evt_pay_002303_2,cust_012,pay_002303,2026-06-14T00:15:20.497512+00:00,711963,PAYMENT_LINK,0.8333333333333334,0,0.56640625,0.4312913325861132,0.8987633837034626,2.0,1.0,0.06689048565606058,0.9977603233886866,0.6666666666666667,5.0,-0.5006574979571285,354.2167408417674,0.0,0.0
evt_pay_002844_0,cust_025,pay_002844,2026-06-14T00:30:58.254541+00:00,244064,WHATSAPP_NUDGE,0.8333333333333334,0,0.4623287671232877,0.3310404155476476,0.3685954278705388,0.0,1.0,0.1347251552816801,0.9908830064817578,0.7647058823529411,8.0,0.10753773716001852,350.70531974709166,0.0,0.0
evt_pay_001427_0,cust_030,pay_001427,2026-06-14T00:55:54.968152+00:00,181839,RETRY_LATER,0.8333333333333334,0,0.3577981651376147,1.5088110383426472,0.1469782798652499,0.0,1.0,0.24156682269059684,0.970384186894639,0.8666666666666667,2.0,1.7722569671050512,344.9830252231979,0.0,1.0
evt_pay_002190_0,cust_046,pay_002190,2026-06-14T01:09:49.509093+00:00,132643,RETRY_NOW,0.8333333333333334,0,0.40234375,1.0790304596400802,0.7038782634987067,0.0,1.0,0.2999781020238888,0.9539460877356463,0.7647058823529411,7.0,-0.9687765812058661,368.06885851718016,1.0,0.0
evt_pay_002719_1,cust_044,pay_002719,2026-06-14T01:17:43.806514+00:00,204832,WHATSAPP_NUDGE,0.8333333333333334,0,0.3782894736842105,0.08333333333333333,-0.2785395451586987,1.0,1.0,0.3326965512363496,0.9430339361843979,0.875,5.0,-0.8459251821363672,364.8979038594637,0.0,1.0
evt_pay_001332_2,cust_048,pay_001332,2026-06-14T01:23:30.147014+00:00,199385,ESCALATE_HUMAN,0.8333333333333334,0,0.2478386167146974,0.14288598033615094,0.11798366641646722,2.0,1.0,0.3563403311340984,0.9343562320695683,0.9565217391304348,9.0,-0.4506859321563252,355.06361482122526,1.0,0.0
evt_pay_000781_2,cust_038,pay_000781,2026-06-14T01:26:45.526989+00:00,37508,ESCALATE_HUMAN,0.8333333333333334,1,0.5225563909774437,0.12898442531026907,-0.4530854574919053,2.0,1.0,0.3695796538349035,0.9291990526637837,0.7777777777777778,4.0,2.4957647172129915,372.0171563090725,0.0,0.0
evt_pay_004439_0,cust_011,pay_004439,2026-06-14T01:31:06.281217+00:00,60455,RETRY_LATER,0.8333333333333334,0,0.4909090909090909,0.3773863254992686,0.05681326644719702,0.0,1.0,0.3871321669765328,0.922024232486356,0.8823529411764706,13.0,-0.306212897974724,348.78263565144107,0.0,1.0
evt_pay_002221_0,cust_053,pay_002221,2026-06-14T01:32:25.188469+00:00,253902,RETRY_NOW,0.8333333333333334,0,0.3434343434343434,0.7598097964393938,-0.5905299593659619,0.0,1.0,0.39241661336904243,0.919787585017308,0.9090909090909091,4.0,-0.06914381847567465,345.04853899729875,1.0,0.0
evt_pay_001654_0,cust_038,pay_001654,2026-06-14T01:45:47.887335+00:00,58419,RETRY_NOW,0.8333333333333334,0,0.5243445692883895,0.142206188573482,0.8871845738999462,0.0,1.0,0.4454093301436489,0.895327051205863,0.7222222222222222,4.0,2.4957647172129915,372.0303780723357,1.0,0.0
evt_pay_001427_1,cust_030,pay_001427,2026-06-14T02:55:54.968152+00:00,135436,WHATSAPP_NUDGE,0.8333333333333334,0,0.3567073170731707,0.08333333333333333,-0.6196373746831637,1.0,1.0,0.6943950986088675,0.7195939459361655,0.8823529411764706,2.0,1.7722569671050512,345.0663585565312,0.0,0.0
evt_pay_007269_0,cust_035,pay_007269,2026-06-14T03:17:35.231138+00:00,49056,DO_NOTHING,0.03333333333333333,0,0.26900584795321636,0.7194565633174458,0.33984930342926223,0.0,1.0,0.7592349192779801,0.6508166695383263,0.9230769230769231,13.0,0.5026080740568922,348.07294724134,0.0,0.0
evt_pay_004368_0,cust_051,pay_004368,2026-06-14T03:20:20.380733+00:00,572102,RETRY_NOW,0.8333333333333334,0,0.4962686567164179,1.619286537454305,-0.17358703647804086,0.0,1.0,0.7669962953745186,0.6416515276080657,0.9285714285714286,0.0,-1.013594580420746,352.93403484248415,1.0,0.0
evt_pay_003048_0,cust_033,pay_003048,2026-06-14T03:21:54.701483+00:00,96964,WHATSAPP_NUDGE,0.8333333333333334,1,0.6220472440944882,0.36814643112279555,0.6153632179753447,0.0,1.0,0.7713794330710382,0.6363754946845485,0.7222222222222222,6.0,-0.3958893149650273,348.8837525114825,0.0,0.0
evt_pay_004439_1,cust_011,pay_004439,2026-06-14T03:31:06.281217+00:00,54611,WHATSAPP_NUDGE,0.8333333333333334,1,0.4891304347826087,0.08333333333333333,-0.22488963387726998,1.0,1.0,0.7962784074669745,0.6049303247497672,0.8888888888888888,13.0,-0.306212897974724,348.8659689847744,1.0,0.0
evt_pay_002221_1,cust_053,pay_002221,2026-06-14T03:32:25.188469+00:00,369206,WHATSAPP_NUDGE,0.8333333333333334,0,0.3422818791946309,0.08333333333333333,0.4388019098706936,1.0,1.0,0.7997365485533009,0.6003511080260066,0.9090909090909091,4.0,-0.06914381847567465,345.1318723306321,0.0,1.0
evt_pay_003740_0,cust_052,pay_003740,2026-06-14T03:37:49.735503+00:00,171309,RETRY_LATER,0.8333333333333334,0,0.45634920634920634,1.5996092661131531,0.5007342293438385,0.0,1.0,0.8136818227870675,0.5813104947151009,0.5833333333333333,10.0,-1.0656726581061444,374.026062508331,0.0,1.0
evt_pay_001654_1,cust_038,pay_001654,2026-06-14T03:45:47.887335+00:00,48718,DO_NOTHING,0.03333333333333333,0,0.5223880597014925,0.08333333333333333,0.2653838809256094,1.0,1.0,0.8333993205899415,0.5526713059678637,0.6666666666666667,4.0,2.4957647172129915,372.113711405669,0.0,0.0
evt_pay_007222_0,cust_029,pay_007222,2026-06-14T03:48:45.629222+00:00,40596,WHATSAPP_NUDGE,0.8333333333333334,0,0.37920489296636084,3.236203311020764,-0.2646754609476615,0.0,1.0,0.8404731962708086,0.5418531224883094,0.9545454545454546,4.0,-0.8256115037842402,348.1721484184457,0.0,0.0
evt_pay_004504_0,cust_058,pay_004504,2026-06-14T03:53:55.096845+00:00,170500,WHATSAPP_NUDGE,0.8333333333333334,0,0.33436532507739936,0.9561407630257955,-0.8485515998123377,0.0,1.0,0.8524538041615436,0.5228025552448196,0.6842105263157895,7.0,4.286983765334936,363.12655584608393,0.0,0.0
evt_pay_002358_0,cust_041,pay_002358,2026-06-14T04:05:59.882829+00:00,269204,WHATSAPP_NUDGE,0.8333333333333334,1,0.40268456375838924,0.4755578912389827,0.06582386636152765,0.0,1.0,0.8788130467964718,0.47716624857621937,0.9565217391304348,7.0,0.3693318557794774,373.46066504400795,0.0,0.0
evt_pay_003518_0,cust_029,pay_003518,2026-06-14T04:15:14.637781+00:00,38452,WHATSAPP_NUDGE,0.8333333333333334,0,0.3780487804878049,0.018391302762931144,-0.4016129806884976,0.0,1.0,0.897343044958102,0.44133372822085737,0.9166666666666666,5.0,-0.8256115037842402,348.1905397212087,0.0,0.0
evt_pay_001125_0,cust_032,pay_001125,2026-06-14T04:26:35.583238+00:00,294146,RETRY_NOW,0.8333333333333334,0,0.2530487804878049,2.3355537961676114,-0.26876210803973893,0.0,1.0,0.9180888402952183,0.39637467291109957,0.92,10.0,0.2905055503479753,369.64849004260896,1.0,0.0
evt_pay_004419_0,cust_048,pay_004419,2026-06-14T05:50:53.923138+00:00,183846,RETRY_LATER,0.8333333333333334,0,0.2471264367816092,0.1856918532903554,-0.1138869544501287,0.0,1.0,0.9992115888979871,0.0397013930732917,0.92,9.0,-0.4506859321563252,355.2493066745157,0.0,1.0
evt_pay_007984_0,cust_057,pay_007984,2026-06-14T06:10:08.773905+00:00,79647,RETRY_LATER,0.8333333333333334,0,0.31851851851851853,1.46590575915972,-0.07755392846549447,0.0,1.0,0.999020186590925,-0.04425682753918768,0.9090909090909091,8.0,-0.5990323654313375,365.52180950055464,0.0,1.0
evt_pay_001041_0,cust_032,pay_001041,2026-06-14T06:22:49.679695+00:00,328758,RETRY_NOW,0.8333333333333334,0,0.25227963525835867,0.08071870899118494,0.0358050083287991,0.0,1.0,0.9950434305421343,-0.09944129592347867,0.9230769230769231,10.0,0.2905055503479753,369.7292087516001,1.0,0.0
evt_pay_001125_1,cust_032,pay_001125,2026-06-14T06:26:35.583238+00:00,309767,WHATSAPP_NUDGE,0.8333333333333334,0,0.2515151515151515,0.0026146243421483937,-0.13130587936004567,1.0,1.0,0.9932755950822032,-0.11577388398984918,0.9259259259259259,10.0,0.2905055503479753,369.73182337594227,0.0,0.0
evt_pay_007625_0,cust_000,pay_007625,2026-06-14T06:33:28.701931+00:00,117566,ESCALATE_HUMAN,0.03333333333333333,1,0.3581081081081081,4.237587734300898,-0.21856005561646585,0.0,1.0,0.9893497243571195,-0.14555797097545556,0.6,1.0,0.8132490481077264,363.92845740579827,0.0,0.0
evt_pay_003147_0,cust_054,pay_003147,2026-06-14T06:55:28.353873+00:00,99298,WHATSAPP_NUDGE,0.8333333333333334,0,0.4430379746835443,0.8723563072471734,0.012350603380655027,0.0,1.0,0.9708499083977333,-0.2396882461951624,0.9166666666666666,5.0,-0.6956354929968003,360.7451039603007,0.0,0.0
evt_pay_007651_2,cust_017,pay_007651,2026-06-14T06:58:45.412772+00:00,450669,ESCALATE_HUMAN,0.8333333333333334,0,0.29431438127090304,0.5363143758792148,-0.34123207198975064,2.0,1.0,0.9673154798454255,-0.2535759500650922,0.9285714285714286,10.0,0.5027156808516637,367.85241194167696,0.0,1.0
evt_pay_002138_0,cust_018,pay_002138,2026-06-14T07:08:46.374616+00:00,135702,RETRY_NOW,0.8333333333333334,1,0.28214285714285714,0.296281531121205,-0.18187918265429073,0.0,1.0,0.9553133085098546,-0.2955951328827242,0.9285714285714286,1.0,-0.4554811204429685,349.9199777561492,1.0,0.0
evt_pay_001999_0,cust_020,pay_001999,2026-06-14T07:14:32.728862+00:00,62342,RETRY_LATER,0.03333333333333333,1,0.2742382271468144,1.6911164753635906,0.04940097802064561,0.0,1.0,0.947565749836382,-0.3195608701593724,0.8823529411764706,9.0,0.06752823759169156,359.54018797695835,0.0,0.0
evt_pay_004419_1,cust_048,pay_004419,2026-06-14T07:50:53.923138+00:00,176309,WHATSAPP_NUDGE,0.8333333333333334,0,0.24641833810888253,0.08333333333333333,-0.22635255506948723,1.0,1.0,0.8851933162781156,-0.4652233794818914,0.9259259259259259,9.0,-0.4506859321563252,355.332640007849,1.0,0.0
evt_pay_005910_0,cust_004,pay_005910,2026-06-14T08:07:48.461581+00:00,385502,WHATSAPP_NUDGE,0.8333333333333334,1,0.4738955823293173,3.375522200459102,-0.24328558871755457,0.0,1.0,0.8484924514898255,-0.5292074827180602,0.9166666666666666,5.0,-0.2585165281110097,370.5027092624223,0.0,0.0
evt_pay_001041_1,cust_032,pay_001041,2026-06-14T08:22:49.679695+00:00,313760,WHATSAPP_NUDGE,0.8333333333333334,1,0.25075528700906347,0.08071870899118494,-0.096168160852361,1.0,1.0,0.8120122407565656,-0.5836404037260454,0.9285714285714286,11.0,0.2905055503479753,369.81254208493345,0.0,0.0
evt_pay_001180_0,cust_018,pay_001180,2026-06-14T08:43:44.526741+00:00,151315,RETRY_LATER,0.8333333333333334,0,0.2846975088967972,0.3622323659010931,0.12592211817317567,0.0,1.0,0.7554473308127344,-0.6552093790292649,0.896551724137931,1.0,-0.4554811204429685,349.98592859092906,0.0,1.0
evt_pay_003147_1,cust_054,pay_003147,2026-06-14T08:55:28.353873+00:00,108325,WHATSAPP_NUDGE,0.8333333333333334,0,0.4416403785488959,0.08333333333333333,0.273215422648187,1.0,1.0,0.720936560836651,-0.6930010643924162,0.8461538461538461,6.0,-0.6956354929968003,360.82843729363407,0.0,1.0
evt_pay_003267_2,cust_001,pay_003267,2026-06-14T09:24:13.376398+00:00,539470,PAYMENT_LINK,0.8333333333333334,0,0.2878338278931751,0.9166666666666666,0.06565867717230389,2.0,1.0,0.6285641176026565,-0.7777577708145345,0.8571428571428572,8.0,0.16534712408787333,356.9449235995271,0.0,1.0
evt_pay_001114_0,cust_026,pay_001114,2026-06-14T09:59:46.007843+00:00,291823,WHATSAPP_NUDGE,0.8333333333333334,0,0.4194915254237288,1.6727216209648457,0.8066673977881759,0.0,1.0,0.5008809550580086,-0.8655161863652102,0.8333333333333334,3.0,1.9048100532514713,361.9697417833513,0.0,0.0
evt_pay_007559_0,cust_047,pay_007559,2026-06-14T10:01:19.941327+00:00,125630,RETRY_LATER,0.8333333333333334,0,0.41818181818181815,0.5715612104350877,0.37496885425870624,0.0,1.0,0.49495694282889025,-0.8689175016913163,0.7058823529411764,3.0,1.898235005697721,347.4338265512456,0.0,1.0
evt_pay_006994_0,cust_059,pay_006994,2026-06-14T10:25:03.597633+00:00,151815,RETRY_NOW,0.8333333333333334,0,0.36059479553903345,0.8229858069215462,-0.23426419631060236,0.0,1.0,0.4025072056434373,-0.9154168173051617,0.5454545454545454,7.0,-0.38878117849020055,357.05466137669015,1.0,0.0
evt_pay_001955_0,cust_041,pay_001955,2026-06-14T10:25:39.670234+00:00,298303,RETRY_LATER,0.8333333333333334,0,0.40468227424749165,0.7392128380557969,0.38177327181741183,0.0,1.0,0.40010443472936746,-0.9164695528548089,0.8888888888888888,8.0,0.3693318557794774,373.7243199908248,0.0,1.0
evt_pay_003547_0,cust_026,pay_003547,2026-06-14T10:32:15.621473+00:00,286174,DO_NOTHING,0.03333333333333333,0,0.4177215189873418,0.02256497256102345,0.735746921544213,0.0,1.0,0.37355304737121586,-0.9276088188453568,0.8421052631578947,4.0,1.9048100532514713,361.9923067559123,0.0,1.0
evt_pay_001180_1,cust_018,pay_001180,2026-06-14T10:43:44.526741+00:00,130412,WHATSAPP_NUDGE,0.8333333333333334,1,0.28368794326241137,0.08333333333333333,-0.2861756572545652,1.0,1.0,0.3266318901903425,-0.9451516324435376,0.8888888888888888,1.0,-0.4554811204429685,350.06926192426243,0.0,1.0
evt_pay_007401_2,cust_048,pay_007401,2026-06-14T11:11:29.479338+00:00,178715,ESCALATE_HUMAN,0.8333333333333334,0,0.24571428571428572,0.13930041897551368,-0.1904480943621699,2.0,1.0,0.2100822001718524,-0.9776837265552464,0.8571428571428572,10.0,-0.4506859321563252,355.47194042682446,1.0,0.0
evt_pay_008417_0,cust_050,pay_008417,2026-06-14T11:50:44.683870+00:00,110603,RETRY_NOW,0.8333333333333334,0,0.43973941368078173,1.3756874257260467,-0.14751507180395654,0.0,1.0,0.04037275288157715,-0.99918468804559,0.5833333333333333,9.0,-0.900782201038446,372.20842306989834,1.0,0.0
evt_pay_001114_1,cust_026,pay_001114,2026-06-14T11:59:46.007843+00:00,224773,WHATSAPP_NUDGE,0.8333333333333334,0,0.41596638655462187,0.06076836077230988,-0.03513980318592484,1.0,1.0,0.0010175381694417505,-0.9999994823079028,0.85,4.0,1.9048100532514713,362.0530751166846,1.0,0.0
evt_pay_007559_1,cust_047,pay_007559,2026-06-14T12:01:19.941327+00:00,99174,WHATSAPP_NUDGE,0.8333333333333334,0,0.4166666666666667,0.08333333333333333,-0.3056907726410721,1.0,1.0,-0.005813464576356978,-0.999983101672033,0.7222222222222222,3.0,1.898235005697721,347.5171598845789,0.0,1.0
evt_pay_006994_1,cust_059,pay_006994,2026-06-14T12:25:03.597633+00:00,224888,WHATSAPP_NUDGE,0.8333333333333334,0,0.3592592592592593,0.08333333333333333,1.0282058070137872,1.0,1.0,-0.10912694335907679,-0.994027821659487,0.5833333333333333,7.0,-0.38878117849020055,357.1379947100235,0.0,0.0
evt_pay_001955_1,cust_041,pay_001955,2026-06-14T12:25:39.670234+00:00,247324,WHATSAPP_NUDGE,0.8333333333333334,0,0.4033333333333333,0.08333333333333333,-0.17174956907021177,1.0,1.0,-0.11173417178495922,-0.9937381319319135,0.8571428571428572,8.0,0.3693318557794774,373.80765332415814,0.0,1.0
evt_pay_004545_2,cust_031,pay_004545,2026-06-14T12:47:22.392671+00:00,60085,ESCALATE_HUMAN,0.8333333333333334,0,0.2883435582822086,0.9166666666666666,0.33498856592799536,2.0,1.0,-0.20523579819098045,-0.9787125559330028,0.8,4.0,-0.07508066613848166,367.86839177862385,0.0,0.0
evt_pay_001386_0,cust_010,pay_001386,2026-06-14T13:01:17.266463+00:00,87484,WHATSAPP_NUDGE,0.8333333333333334,0,0.33962264150943394,3.0052137738880447,0.305118784410829,0.0,1.0,-0.26424244454863566,-0.9644562875003517,0.736842105263158,4.0,-0.045395759303349575,374.48816061647744,0.0,0.0
evt_pay_004436_2,cust_036,pay_004436,2026-06-14T13:08:00.395253+00:00,275347,ESCALATE_HUMAN,0.8333333333333334,1,0.40836012861736337,0.6600729457934259,-0.536755761211039,2.0,1.0,-0.2923991922445839,-0.9562963517522771,0.9166666666666666,7.0,-0.5882553306323993,355.98860947872873,0.0,1.0
evt_pay_002879_0,cust_028,pay_002879,2026-06-14T13:21:56.133821+00:00,238689,WHATSAPP_NUDGE,0.8333333333333334,0,0.3978102189781022,0.8563102957219257,0.12439224617900246,0.0,1.0,-0.34994401594527336,-0.9367706153077681,0.8571428571428572,7.0,0.3910481863531735,345.8841762515565,0.0,0.0
evt_pay_006739_0,cust_020,pay_006739,2026-06-14T13:22:47.014293+00:00,75140,RETRY_NOW,0.8333333333333334,0,0.27624309392265195,1.9468373715544278,0.6460416730393421,0.0,1.0,-0.35340778778359194,-0.9354693664326522,0.8571428571428572,9.0,0.06752823759169156,359.79590887314924,1.0,0.0
evt_pay_004046_0,cust_010,pay_004046,2026-06-14T13:40:04.453717+00:00,95730,RETRY_LATER,0.8333333333333334,0,0.3385579937304075,0.02693503765821485,0.6031803782673358,0.0,1.0,-0.4229117776602863,-0.9061708604431157,0.8333333333333334,5.0,-0.045395759303349575,374.5150956541356,0.0,1.0
evt_pay_004874_2,cust_008,pay_004874,2026-06-14T13:46:41.823706+00:00,238706,ESCALATE_HUMAN,0.8333333333333334,0,0.33793103448275863,0.9166666666666666,0.34192745502504035,2.0,1.0,-0.44891769303813983,-0.8935731110979753,0.8571428571428572,4.0,0.4190160498383978,361.038354433246,1.0,0.0
evt_pay_008417_1,cust_050,pay_008417,2026-06-14T13:50:44.683870+00:00,102926,PAYMENT_LINK,0.03333333333333333,0,0.4383116883116883,0.08333333333333333,-0.3355959018262719,1.0,1.0,-0.46462851440663766,-0.8855056993606991,0.5833333333333333,9.0,-0.900782201038446,372.29175640323166,0.0,0.0
evt_pay_008497_0,cust_030,pay_008497,2026-06-14T14:07:30.655969+00:00,216512,RETRY_LATER,0.8333333333333334,0,0.3556231003039514,0.46638527565283994,0.7198084685034019,0.0,1.0,-0.5281083598693461,-0.8491769899356136,0.8571428571428572,3.0,1.7722569671050512,345.53274383218405,0.0,1.0
evt_pay_001856_0,cust_037,pay_001856,2026-06-14T14:16:50.844264+00:00,175991,RETRY_LATER,0.03333333333333333,0,0.3745173745173745,0.6060654749345531,0.2937606854780221,0.0,1.0,-0.5622544397896999,-0.8269642948379154,0.8636363636363636,7.0,-0.33341852366871827,352.22489644401236,0.0,0.0
evt_pay_007849_2,cust_011,pay_007849,2026-06-14T14:27:40.102694+00:00,60258,ESCALATE_HUMAN,0.8333333333333334,0,0.49097472924187724,0.5392803411673981,0.047324530067978335,2.0,1.0,-0.6006587895514353,-0.7995054837426724,0.8636363636363636,14.0,-0.306212897974724,349.3219159926084,0.0,1.0
evt_pay_002081_0,cust_014,pay_002081,2026-06-14T14:52:10.780196+00:00,59647,RETRY_LATER,0.8333333333333334,0,0.22478386167146974,1.4545757673128985,-0.30717480039052397,0.0,1.0,-0.6825715010110602,-0.7308188188651878,0.8421052631578947,12.0,-0.8122776257059364,369.37659196042404,0.0,1.0
evt_pay_006861_0,cust_040,pay_006861,2026-06-14T14:58:10.322641+00:00,175697,RETRY_NOW,0.8333333333333334,1,0.4725274725274725,2.4009241059438295,-0.5484495945664668,0.0,1.0,-0.7014444921856104,-0.7127240871350365,0.8461538461538461,3.0,-0.492492512121923,363.7529746981675,1.0,0.0
evt_pay_001386_1,cust_010,pay_001386,2026-06-14T15:01:17.266463+00:00,82767,WHATSAPP_NUDGE,0.8333333333333334,0,0.3375,0.05639829567511848,0.13459890585024917,1.0,1.0,-0.711068813487395,-0.703122423540615,0.85,5.0,-0.045395759303349575,374.57149394981076,0.0,1.0
evt_pay_002879_1,cust_028,pay_002879,2026-06-14T15:21:56.133821+00:00,248747,WHATSAPP_NUDGE,0.8333333333333334,0,0.39636363636363636,0.08333333333333333,0.25002877524337386,1.0,1.0,-0.7714457153648373,-0.6362951424026703,0.8148148148148149,8.0,0.3910481863531735,345.9675095848898,0.0,1.0
evt_pay_003786_0,cust_045,pay_003786,2026-06-14T15:36:34.619524+00:00,86253,RETRY_LATER,0.8333333333333334,0,0.23636363636363636,1.9091541438229267,-0.03432224299461452,0.0,1.0,-0.8104942387198656,-0.5857466081864285,0.85,2.0,1.000889969158722,348.4869120686128,0.0,1.0
evt_pay_004001_0,cust_056,pay_004001,2026-06-14T15:48:49.742420+00:00,194137,RETRY_NOW,0.8333333333333334,0,0.24846625766871167,0.792515772574878,0.6239079390770238,0.0,1.0,-0.8406352378878948,-0.5416016957332781,0.8571428571428572,5.0,-0.26273729270347856,356.61435572433044,1.0,0.0
evt_pay_002995_2,cust_017,pay_002995,2026-06-14T16:06:27.850696+00:00,759349,PAYMENT_LINK,0.8333333333333334,1,0.29333333333333333,0.38035229078745186,1.3820088368290173,2.0,1.0,-0.8797817276570311,-0.4753778620011765,0.8214285714285714,10.0,0.5027156808516637,368.23276423246443,0.0,0.0
evt_pay_008497_1,cust_030,pay_008497,2026-06-14T16:07:30.655969+00:00,203190,ESCALATE_HUMAN,0.03333333333333333,1,0.35454545454545455,0.08333333333333333,0.4997198943926553,1.0,1.0,-0.8819437505655948,-0.47135466565877104,0.8421052631578947,3.0,1.7722569671050512,345.6160771655174,1.0,0.0
evt_pay_001856_1,cust_037,pay_001856,2026-06-14T16:16:50.844264+00:00,156362,RETRY_NOW,0.03333333333333333,0,0.3730769230769231,0.08333333333333333,-0.057679878748835164,1.0,1.0,-0.9004087756674258,-0.4350448674574695,0.8,7.0,-0.33341852366871827,352.30822977734573,0.0,0.0
evt_pay_002483_0,cust_024,pay_002483,2026-06-14T16:26:46.278608+00:00,77064,WHATSAPP_NUDGE,0.8333333333333334,0,0.24183006535947713,2.083943394156639,-0.5564302505579686,0.0,1.0,-0.9183968585195579,-0.3956604734635583,0.7777777777777778,7.0,-1.1653357768016162,360.34311724841865,0.0,0.0
evt_pay_001280_2,cust_019,pay_001280,2026-06-14T16:30:33.333285+00:00,127713,ESCALATE_HUMAN,0.8333333333333334,0,0.4006849315068493,0.9166666666666666,0.19190029307426698,2.0,1.0,-0.9248044666851547,-0.380442766259508,0.8,5.0,-0.5137657855739247,351.09713854675255,0.0,1.0
evt_pay_001405_0,cust_019,pay_001405,2026-06-14T16:49:25.486723+00:00,100330,WHATSAPP_NUDGE,0.8333333333333334,1,0.3993174061433447,0.013103627753613031,-0.46184150334701785,0.0,1.0,-0.9529592132182568,-0.3030985614324833,0.8,5.0,-0.5137657855739247,351.11024217450614,0.0,0.0
evt_pay_002081_1,cust_014,pay_002081,2026-06-14T16:52:10.780196+00:00,72757,WHATSAPP_NUDGE,0.8333333333333334,0,0.22413793103448276,0.08333333333333333,0.25324688172021215,1.0,1.0,-0.9565336692074476,-0.29162191219546085,0.8571428571428572,12.0,-0.8122776257059364,369.45992529375735,0.0,1.0
evt_pay_008191_0,cust_021,pay_008191,2026-06-14T17:05:10.153627+00:00,238378,RETRY_NOW,0.03333333333333333,0,0.27371273712737126,1.1948666245360944,0.30995123221850673,0.0,1.0,-0.9715173104999657,-0.23696859580736263,0.6,7.0,-0.0711177391970671,361.1607694400905,0.0,0.0
evt_pay_003786_1,cust_045,pay_003786,2026-06-14T17:36:34.619524+00:00,103396,WHATSAPP_NUDGE,0.8333333333333334,0,0.23564954682779457,0.08333333333333333,0.5267216508977156,1.0,1.0,-0.994781904445547,-0.10202432351008497,0.8636363636363636,2.0,1.000889969158722,348.5702454019461,0.0,0.0
evt_pay_000062_0,cust_050,pay_000062,2026-06-14T17:38:12.510602+00:00,122511,WHATSAPP_NUDGE,0.8333333333333334,1,0.4368932038834951,0.1579609575543183,0.14420013990203034,0.0,1.0,-0.9954829865435292,-0.09494010481548715,0.6363636363636364,10.0,-0.900782201038446,372.44971736078605,0.0,0.0
evt_pay_003365_2,cust_056,pay_003365,2026-06-14T18:47:36.379670+00:00,166630,ESCALATE_HUMAN,0.8333333333333334,0,0.24770642201834864,0.12415089409178866,0.13066888652951816,2.0,1.0,-0.9785032913536218,0.20623120231945802,0.9047619047619048,5.0,-0.26273729270347856,356.73850661842226,0.0,1.0
evt_pay_008191_1,cust_021,pay_008191,2026-06-14T19:05:10.153627+00:00,233703,WHATSAPP_NUDGE,0.8333333333333334,0,0.27297297297297296,0.08333333333333333,0.24784089192332026,1.0,1.0,-0.9598429690129859,0.2805378313816805,0.6363636363636364,7.0,-0.0711177391970671,361.2441027734239,0.0,1.0
evt_pay_001395_0,cust_023,pay_001395,2026-06-14T19:25:50.574725+00:00,65715,RETRY_NOW,0.03333333333333333,0,0.397212543554007,6.481841402495036,-0.6250459252184668,0.0,1.0,-0.9306685586251329,0.3658634089200744,0.6666666666666667,1.0,0.9385908116339667,369.06187816066057,0.0,1.0
evt_pay_002443_2,cust_048,pay_002443,2026-06-14T19:28:21.362115+00:00,182245,ESCALATE_HUMAN,0.8333333333333334,0,0.245014245014245,0.3450449395495336,-0.137770643725285,2.0,1.0,-0.9266007858398702,0.3760465179747514,0.76,10.0,-0.4506859321563252,355.816985366374,0.0,0.0
evt_pay_000201_0,cust_040,pay_000201,2026-06-14T19:39:45.539719+00:00,300815,WHATSAPP_NUDGE,0.8333333333333334,0,0.4744525547445255,2.596470599903777,1.0956302262065971,0.0,1.0,-0.9067517033163564,0.4216649719064728,0.76,3.0,-0.492492512121923,363.94852119212754,0.0,0.0
evt_pay_006531_0,cust_048,pay_006531,2026-06-14T20:08:30.238737+00:00,163595,WHATSAPP_NUDGE,0.8333333333333334,0,0.24431818181818182,0.02788051646130422,-0.416062401339587,0.0,1.0,-0.8468807419901417,0.531782858736747,0.7692307692307692,10.0,-0.4506859321563252,355.84486588283534,0.0,0.0
evt_pay_004475_0,cust_050,pay_004475,2026-06-14T20:27:20.846268+00:00,120432,RETRY_LATER,0.8333333333333334,0,0.43870967741935485,0.27541854627660695,0.09328974008176465,0.0,1.0,-0.8003458421563862,0.5995386000442215,0.6923076923076923,11.0,-0.900782201038446,372.56717494950834,0.0,1.0
evt_pay_001969_0,cust_032,pay_001969,2026-06-14T20:49:16.335663+00:00,280700,RETRY_LATER,0.8333333333333334,0,0.25301204819277107,0.5990827826944193,-0.38708735389290916,0.0,1.0,-0.7394188584973219,0.6732456845004782,0.7777777777777778,12.0,0.2905055503479753,370.3309061586367,0.0,1.0
evt_pay_001395_1,cust_023,pay_001395,2026-06-14T21:25:50.574725+00:00,95741,WHATSAPP_NUDGE,0.8333333333333334,0,0.3958333333333333,0.08333333333333333,0.3948587822284831,1.0,1.0,-0.6230509098127756,0.7821812857525247,0.8333333333333334,1.0,0.9385908116339667,369.1452114939939,0.0,0.0
evt_pay_000201_1,cust_040,pay_000201,2026-06-14T21:39:45.539719+00:00,251089,WHATSAPP_NUDGE,0.8333333333333334,0,0.4727272727272727,0.08333333333333333,0.44221558023053936,1.0,1.0,-0.5744375240435391,0.8185484292152349,0.7777777777777778,4.0,-0.492492512121923,364.03185452546086,0.0,1.0
evt_pay_000790_0,cust_013,pay_000790,2026-06-14T22:04:20.983800+00:00,152175,DO_NOTHING,0.03333333333333333,0,0.2643312101910828,1.3897655127990067,-0.32833668512154174,0.0,1.0,-0.48347439971524575,0.8753585007412579,0.8,2.0,-0.5595801808996762,346.5219578316016,0.0,0.0
evt_pay_006531_1,cust_048,pay_006531,2026-06-14T22:08:30.238737+00:00,238380,WHATSAPP_NUDGE,0.8333333333333334,0,0.24362606232294617,0.08333333333333333,0.6998415356012886,1.0,1.0,-0.4675288071709037,0.8839778359582054,0.7777777777777778,11.0,-0.4506859321563252,355.92819921616865,0.0,0.0
evt_pay_006077_0,cust_038,pay_006077,2026-06-14T22:18:57.726226+00:00,58936,WHATSAPP_NUDGE,0.8333333333333334,1,0.5204460966542751,0.7730305427157683,0.9203406791038251,0.0,1.0,-0.42671828892725827,0.9043845984397307,0.8947368421052632,4.0,2.4957647172129915,372.8867419483848,0.0,0.0
evt_pay_002560_0,cust_007,pay_002560,2026-06-14T22:23:11.935279+00:00,329250,ESCALATE_HUMAN,0.03333333333333333,0,0.328,1.3307029191519746,0.13264709255802287,0.0,1.0,-0.4099273268713688,0.9121181867960391,0.8333333333333334,7.0,-0.46533070623945577,374.03108360922124,0.0,1.0
evt_pay_004475_1,cust_050,pay_004475,2026-06-14T22:27:20.846268+00:00,86623,WHATSAPP_NUDGE,0.8333333333333334,0,0.43729903536977494,0.08333333333333333,-0.7350032569183089,1.0,1.0,-0.3933505310985699,0.9193885792658472,0.8461538461538461,11.0,-0.900782201038446,372.65050828284166,0.0,0.0
evt_pay_001969_1,cust_032,pay_001969,2026-06-14T22:49:16.335663+00:00,304129,WHATSAPP_NUDGE,0.8333333333333334,0,0.25225225225225223,0.08333333333333333,-0.18091881017060532,1.0,1.0,-0.30373267324573344,0.9527572950143182,0.7857142857142857,11.0,0.2905055503479753,370.41423949197,0.0,0.0
evt_pay_002719_2,cust_044,pay_002719,2026-06-14T23:17:43.806514+00:00,254558,ESCALATE_HUMAN,0.8333333333333334,0,0.3770491803278688,0.9166666666666666,0.34745228126700944,2.0,1.0,-0.1833933029700492,0.9830396209846965,0.8421052631578947,6.0,-0.8459251821363672,365.8145705261304,0.0,0.0
evt_pay_004571_0,cust_004,pay_004571,2026-06-14T23:25:37.998216+00:00,368319,RETRY_LATER,0.8333333333333334,1,0.476,4.0129010966998635,-0.35979266239067775,0.0,1.0,-0.14939166134224272,0.9887781002436313,0.9,3.0,-0.2585165281110097,371.14008815866305,0.0,1.0
evt_pay_003421_0,cust_049,pay_003421,2026-06-14T23:46:14.581059+00:00,447954,WHATSAPP_NUDGE,0.8333333333333334,0,0.3310104529616725,2.750051916807763,0.9605597868663154,0.0,1.0,-0.059990118664202834,0.9981989709785594,0.7931034482758621,4.0,0.2100296838614713,347.8713613963852,0.0,0.0
evt_pay_000416_0,cust_002,pay_000416,2026-06-14T23:53:53.317582+00:00,297051,WHATSAPP_NUDGE,0.8333333333333334,0,0.3443708609271523,1.4105444208183069,-0.09573732215873103,0.0,1.0,-0.02666273785828233,0.9996444860098517,0.8,5.0,-0.38277421977533765,354.07830139515596,0.0,0.0
evt_pay_008288_0,cust_046,pay_008288,2026-06-15T00:13:10.302058+00:00,106854,RETRY_NOW,0.8333333333333334,1,0.40077821011673154,0.9606573259870478,0.011531639735976136,0.0,1.0,0.05744075343273636,0.9983489168848132,0.8421052631578947,7.0,-0.9687765812058661,369.02951584316725,1.0,0.0
evt_pay_001759_0,cust_025,pay_001759,2026-06-15T00:18:37.076945+00:00,226197,WHATSAPP_NUDGE,0.8333333333333334,0,0.46075085324232085,0.991421555600482,0.13245668100359673,0.0,1.0,0.08114680699201719,0.9967021599831116,0.8,6.0,0.10753773716001852,351.69674130269215,0.0,0.0
evt_pay_007624_0,cust_013,pay_007624,2026-06-15T00:50:17.160170+00:00,153880,RETRY_NOW,0.8333333333333334,0,0.2634920634920635,0.11523352279895487,-0.30000798433955683,0.0,1.0,0.21765778713188835,0.9760251470637679,0.8181818181818181,2.0,-0.5595801808996762,346.6371913544005,1.0,0.0
evt_pay_008372_0,cust_009,pay_008372,2026-06-15T01:02:27.726283+00:00,138072,RETRY_LATER,0.03333333333333333,0,0.2635135135135135,1.0597248423580368,0.45943809513645295,0.0,1.0,0.26918081136308347,0.9630896587514124,0.6,7.0,-0.8984355580750027,347.660247725238,1.0,0.0
evt_pay_007235_0,cust_047,pay_007235,2026-06-15T01:27:10.235199+00:00,110967,RETRY_NOW,0.8333333333333334,1,0.4151624548736462,0.5596098827874508,-0.0022749624649639447,0.0,1.0,0.37124867069592044,0.9285334805522696,0.8333333333333334,3.0,1.898235005697721,348.0767697673664,1.0,0.0
evt_pay_002221_2,cust_053,pay_002221,2026-06-15T01:32:25.188469+00:00,286314,ESCALATE_HUMAN,0.8333333333333334,0,0.3411371237458194,0.9166666666666666,-0.30118188637880483,2.0,1.0,0.39241661336904243,0.919787585017308,0.8333333333333334,5.0,-0.06914381847567465,346.04853899729875,0.0,1.0
evt_pay_003421_1,cust_049,pay_003421,2026-06-15T01:46:14.581059+00:00,365790,WHATSAPP_NUDGE,0.8333333333333334,0,0.3298611111111111,0.08333333333333333,0.26031440727984495,1.0,1.0,0.44714651875003675,0.8944607262310196,0.7931034482758621,5.0,0.2100296838614713,347.95469472971854,1.0,0.0
evt_pay_000336_0,cust_030,pay_000336,2026-06-15T01:47:18.616355+00:00,133161,WHATSAPP_NUDGE,0.8333333333333334,0,0.3564954682779456,0.4859717637352408,-0.6572215371159293,0.0,1.0,0.4513069605581282,0.8923687731828048,0.8,3.0,1.7722569671050512,346.0187155959193,0.0,0.0
evt_pay_004605_0,cust_013,pay_004605,2026-06-15T01:48:24.176950+00:00,150563,WHATSAPP_NUDGE,0.03333333333333333,0,0.2626582278481013,0.04035899050321253,-0.3551272631963725,0.0,1.0,0.45555636258429516,0.8902069425189663,0.8333333333333334,2.0,-0.5595801808996762,346.6775503449037,0.0,1.0
evt_pay_002229_0,cust_024,pay_002229,2026-06-15T01:49:05.571338+00:00,116309,RETRY_LATER,0.8333333333333334,0,0.24104234527687296,0.390501073264564,0.6152049645681116,0.0,1.0,0.4582340709624057,0.8888315567132059,0.8461538461538461,8.0,-1.1653357768016162,360.73361832168325,0.0,1.0
evt_pay_006135_0,cust_001,pay_006135,2026-06-15T01:49:32.633626+00:00,575427,RETRY_NOW,0.8333333333333334,0,0.2869822485207101,0.6842506623614023,0.2604740990407714,0.0,1.0,0.4599824252449681,0.8879280198674651,0.8571428571428572,8.0,0.16534712408787333,357.6291742618885,1.0,0.0
evt_pay_000416_1,cust_002,pay_000416,2026-06-15T01:53:53.317582+00:00,320525,WHATSAPP_NUDGE,0.8333333333333334,0,0.3432343234323432,0.08333333333333333,0.12247243177190045,1.0,1.0,0.4767316346852083,0.8790488885667106,0.8,6.0,-0.38277421977533765,354.16163472848933,0.0,1.0
evt_pay_001759_1,cust_025,pay_001759,2026-06-15T02:18:37.076945+00:00,204887,WHATSAPP_NUDGE,0.8333333333333334,1,0.45918367346938777,0.08333333333333333,-0.1491872678417608,1.0,1.0,0.5686262762826353,0.822595987056188,0.7777777777777778,7.0,0.10753773716001852,351.7800746360255,0.0,0.0
evt_pay_006014_0,cust_015,pay_006014,2026-06-15T02:40:48.551233+00:00,148500,RETRY_LATER,0.03333333333333333,0,0.3931034482758621,2.0851817134780695,0.7408188419803525,0.0,1.0,0.6454883053197644,0.7637701537081811,0.736842105263158,2.0,1.245182551392603,362.527816409266,1.0,0.0
evt_pay_008372_1,cust_009,pay_008372,2026-06-15T03:02:27.726283+00:00,107462,WHATSAPP_NUDGE,0.8333333333333334,0,0.26262626262626265,0.08333333333333333,-0.27582315177893735,1.0,1.0,0.7146622502274433,0.6994697049192675,0.6666666666666667,6.0,-0.8984355580750027,347.74358105857135,1.0,0.0
evt_pay_003468_0,cust_014,pay_003468,2026-06-15T03:15:14.375837+00:00,69464,RETRY_NOW,0.8333333333333334,0,0.22349570200573066,0.4326805050953908,0.11247649468267834,0.0,1.0,0.7525287032018956,0.6585594512701745,0.75,13.0,-0.8122776257059364,369.8926057988528,1.0,0.0
evt_pay_008260_0,cust_044,pay_008260,2026-06-15T03:30:56.511223+00:00,201416,RETRY_LATER,0.8333333333333334,1,0.3758169934640523,0.17584148968211366,-0.32153590634186724,0.0,1.0,0.795848407146812,0.6054959230596701,0.8,6.0,-0.8459251821363672,365.9904120158125,0.0,1.0
evt_pay_000336_1,cust_030,pay_000336,2026-06-15T03:47:18.616355+00:00,167806,WHATSAPP_NUDGE,0.8333333333333334,0,0.35542168674698793,0.08333333333333333,-0.08485590269572316,1.0,1.0,0.8370276793394831,0.5471605468411985,0.8,4.0,1.7722569671050512,346.1020489292526,0.0,1.0
evt_pay_002229_1,cust_024,pay_002229,2026-06-15T03:49:05.571338+00:00,95582,RETRY_NOW,0.03333333333333333,0,0.24025974025974026,0.08333333333333333,-0.0035802532966908718,1.0,1.0,0.8412581246896075,0.5406336723177024,0.8571428571428572,8.0,-1.1653357768016162,360.81695165501657,0.0,1.0
evt_pay_006135_1,cust_001,pay_006135,2026-06-15T03:49:32.633626+00:00,553112,PAYMENT_LINK,0.8333333333333334,0,0.2861356932153392,0.08333333333333333,0.13957188550890845,1.0,1.0,0.8423204754902512,0.5389770093147546,0.8666666666666667,8.0,0.16534712408787333,357.7125075952219,0.0,1.0
evt_pay_003188_0,cust_008,pay_003188,2026-06-15T04:09:27.462191+00:00,203273,WHATSAPP_NUDGE,0.8333333333333334,1,0.33676975945017185,0.5991393343257414,-0.1329343185597657,0.0,1.0,0.885915753961188,0.46384617804114725,0.8125,3.0,0.4190160498383978,361.6374937675717,0.0,0.0
evt_pay_004071_0,cust_056,pay_004071,2026-06-15T04:20:08.609338+00:00,148316,RETRY_LATER,0.03333333333333333,0,0.24695121951219512,0.3975952507907626,-0.19771643942496026,0.0,1.0,0.906572205926182,0.422050749841931,0.7777777777777778,5.0,-0.26273729270347856,357.136101869213,0.0,0.0
evt_pay_007950_0,cust_050,pay_007950,2026-06-15T04:22:15.803511+00:00,119813,WHATSAPP_NUDGE,0.8333333333333334,0,0.4358974358974359,0.2464694125332585,0.07810326133980683,0.0,1.0,0.9104372617403989,0.41364718352074437,0.8333333333333334,12.0,-0.900782201038446,372.8969776953749,0.0,0.0
evt_pay_001125_2,cust_032,pay_001125,2026-06-15T04:26:35.583238+00:00,284334,ESCALATE_HUMAN,0.8333333333333334,0,0.25149700598802394,0.234250550638914,-0.3551114004933024,2.0,1.0,0.9180888402952183,0.39637467291109957,0.8214285714285714,12.0,0.2905055503479753,370.64849004260896,0.0,1.0
evt_pay_006014_1,cust_015,pay_006014,2026-06-15T04:40:48.551233+00:00,101104,WHATSAPP_NUDGE,0.8333333333333334,0,0.3917525773195876,0.08333333333333333,-0.4075349997636489,1.0,1.0,0.9408943471067726,0.33870020310374804,0.7894736842105263,2.0,1.245182551392603,362.6111497425993,0.0,0.0
evt_pay_002333_0,cust_009,pay_002333,2026-06-15T05:13:12.320352+00:00,90353,RETRY_LATER,0.8333333333333334,0,0.26174496644295303,0.09079391283929301,-0.6867875820947668,0.0,1.0,0.9792275346250723,0.20276448266918667,0.6,6.0,-0.8984355580750027,347.83437497141057,0.0,1.0
evt_pay_003468_1,cust_014,pay_003468,2026-06-15T05:15:14.375837+00:00,53768,WHATSAPP_NUDGE,0.8333333333333334,0,0.22285714285714286,0.08333333333333333,-0.5585267004441418,1.0,1.0,0.9809886996848889,0.19406486310136353,0.8,13.0,-0.8122776257059364,369.9759391321861,0.0,1.0
evt_pay_004419_2,cust_048,pay_004419,2026-06-15T05:50:53.923138+00:00,186936,ESCALATE_HUMAN,0.8333333333333334,1,0.24293785310734464,0.3211074583469819,-0.06777941206117531,2.0,1.0,0.9992115888979871,0.0397013930732917,0.8214285714285714,11.0,-0.4506859321563252,356.2493066745157,1.0,0.0
evt_pay_008520_0,cust_014,pay_008520,2026-06-15T05:52:57.150941+00:00,61730,WHATSAPP_NUDGE,0.8333333333333334,0,0.2222222222222222,0.02618952666991466,-0.218137497138786,0.0,1.0,0.9995272421258263,0.030745605350029015,0.8095238095238095,14.0,-0.8122776257059364,370.002128658856,0.0,0.0
evt_pay_004071_1,cust_056,pay_004071,2026-06-15T06:20:08.609338+00:00,188272,WHATSAPP_NUDGE,0.8333333333333334,0,0.24620060790273557,0.08333333333333333,0.5187388092963401,1.0,1.0,0.9961399356179366,-0.08777943191370764,0.8181818181818181,5.0,-0.26273729270347856,357.2194352025463,0.0,0.0
evt_pay_006835_0,cust_010,pay_006835,2026-06-15T06:21:25.000271+00:00,100468,ESCALATE_HUMAN,0.03333333333333333,1,0.3364485981308411,0.6389784005542651,0.7744493020645468,0.0,1.0,0.9956369254661451,-0.09331191053837558,0.8260869565217391,6.0,-0.045395759303349575,375.210472350365,0.0,1.0
evt_pay_006782_0,cust_014,pay_006782,2026-06-15T06:36:15.990167+00:00,78498,WHATSAPP_NUDGE,0.8333333333333334,0,0.2215909090909091,0.03007915770725352,0.4986873654458998,0.0,1.0,0.9875057649649597,-0.1575828802915148,0.7916666666666666,15.0,-0.8122776257059364,370.03220781656324,0.0,0.0
evt_pay_006128_0,cust_036,pay_006128,2026-06-15T06:41:48.919855+00:00,347634,WHATSAPP_NUDGE,0.8333333333333334,0,0.41025641025641024,1.3918845731316007,0.07241368778399147,0.0,1.0,0.9834014284321824,-0.18144318823682318,0.6666666666666667,7.0,-0.5882553306323993,356.7204211060669,0.0,0.0
evt_pay_002333_1,cust_009,pay_002333,2026-06-15T07:13:12.320352+00:00,82766,WHATSAPP_NUDGE,0.8333333333333334,1,0.2608695652173913,0.08333333333333333,-0.8690514713077894,1.0,1.0,0.9494181624051119,-0.314014574335811,0.7142857142857143,5.0,-0.8984355580750027,347.9177083047439,0.0,0.0
evt_pay_003115_0,cust_003,pay_003115,2026-06-15T07:48:19.650359+00:00,251790,WHATSAPP_NUDGE,0.8333333333333334,0,0.4864864864864865,5.725197328407584,0.40922645123549717,0.0,1.0,0.8903568556922505,-0.45526329691927614,0.7916666666666666,1.0,2.053947620637407,351.355889390217,0.0,0.0
evt_pay_008520_1,cust_014,pay_008520,2026-06-15T07:52:57.150941+00:00,63964,RETRY_LATER,0.03333333333333333,0,0.22096317280453256,0.053254175626079814,-0.12265754401710892,1.0,1.0,0.8809887861305797,-0.47313714577505717,0.8,16.0,-0.8122776257059364,370.0854619921893,0.0,1.0
evt_pay_002033_0,cust_046,pay_002033,2026-06-15T08:12:00.216475+00:00,109923,RETRY_NOW,0.8333333333333334,0,0.40310077519379844,1.2931794835877781,0.09391335209219205,0.0,1.0,0.8386619938755769,-0.5446522376972684,0.8076923076923077,6.0,-0.9687765812058661,369.362038000768,1.0,0.0
evt_pay_007645_0,cust_021,pay_007645,2026-06-15T08:19:31.597805+00:00,266160,RETRY_LATER,0.03333333333333333,1,0.2722371967654987,0.5516370853950813,0.6790644391567704,0.0,1.0,0.8203349987037445,-0.5718832834606442,0.9166666666666666,7.0,-0.0711177391970671,361.79573985881893,0.0,0.0
evt_pay_006782_1,cust_014,pay_006782,2026-06-15T08:36:15.990167+00:00,63415,WHATSAPP_NUDGE,0.8333333333333334,0,0.22033898305084745,0.03007915770725352,-0.14610846221089552,1.0,1.0,0.7764136386974828,-0.6302236600164537,0.8148148148148149,16.0,-0.8122776257059364,370.1155411498966,0.0,1.0
evt_pay_006128_1,cust_036,pay_006128,2026-06-15T08:41:48.919855+00:00,417873,DO_NOTHING,0.03333333333333333,0,0.40894568690095845,0.08333333333333333,0.6643232639161546,1.0,1.0,0.760929025021763,-0.6488351245728218,0.625,8.0,-0.5882553306323993,356.8037544394003,0.0,0.0
evt_pay_002727_0,cust_017,pay_002727,2026-06-15T08:57:39.052411+00:00,594520,RETRY_LATER,0.8333333333333334,0,0.2956810631229236,1.0825652736061404,0.46183633593748113,0.0,1.0,0.7143173524363247,-0.6998219202113918,0.8181818181818181,10.0,0.5027156808516637,368.93497721528314,0.0,1.0
evt_pay_005770_0,cust_022,pay_005770,2026-06-15T09:42:31.795465+00:00,103625,DO_NOTHING,0.03333333333333333,0,0.34615384615384615,5.002310902653885,-0.2208676220670746,0.0,1.0,0.5644991540268272,-0.8254336466991132,0.6666666666666667,1.0,-0.6143468879245073,354.4109055759686,0.0,0.0
evt_pay_007859_0,cust_023,pay_007859,2026-06-15T09:44:21.586808+00:00,83388,WHATSAPP_NUDGE,0.8333333333333334,0,0.3944636678200692,0.5128589361420192,-0.024725677454254098,0.0,1.0,0.5578907611392987,-0.8299143923534607,0.8461538461538461,1.0,0.9385908116339667,369.6580704301359,0.0,0.0
evt_pay_001114_2,cust_026,pay_001114,2026-06-15T09:59:46.007843+00:00,235126,WHATSAPP_NUDGE,0.03333333333333333,1,0.41422594142259417,0.9166666666666666,0.094849221095052,2.0,1.0,0.5008809550580086,-0.8655161863652102,0.8125,5.0,1.9048100532514713,362.9697417833513,1.0,0.0
evt_pay_006994_2,cust_059,pay_006994,2026-06-15T10:25:03.597633+00:00,173664,ESCALATE_HUMAN,0.8333333333333334,1,0.35793357933579334,0.9166666666666666,0.14322116763939255,2.0,1.0,0.4025072056434373,-0.9154168173051617,0.8571428571428572,7.0,-0.38878117849020055,358.05466137669015,0.0,0.0
evt_pay_001955_2,cust_041,pay_001955,2026-06-15T10:25:39.670234+00:00,295723,ESCALATE_HUMAN,0.8333333333333334,0,0.4019933554817276,0.9166666666666666,0.3537594659838899,2.0,1.0,0.40010443472936746,-0.9164695528548089,0.8260869565217391,9.0,0.3693318557794774,374.7243199908248,0.0,1.0
evt_pay_005987_0,cust_033,pay_005987,2026-06-15T10:28:26.876436+00:00,71369,WHATSAPP_NUDGE,0.8333333333333334,1,0.6235294117647059,1.664352159749588,-0.30127231081095235,0.0,1.0,0.3889312477359312,-0.9212667824981924,0.8148148148148149,7.0,-0.3958893149650273,350.1799582401093,0.0,0.0
evt_pay_002727_1,cust_017,pay_002727,2026-06-15T10:57:39.052411+00:00,603151,PAYMENT_LINK,0.8333333333333334,0,0.2947019867549669,0.08333333333333333,0.5100154675039806,1.0,1.0,0.2687060134682035,-0.9632222372464341,0.8636363636363636,10.0,0.5027156808516637,369.01831054861645,0.0,0.0
evt_pay_006376_0,cust_002,pay_006376,2026-06-15T10:58:25.068939+00:00,399341,RETRY_NOW,0.8333333333333334,0,0.34210526315789475,0.37814527034305456,0.8551526601246503,0.0,1.0,0.26548117229625573,-0.964116044444965,0.8695652173913043,6.0,-0.38277421977533765,354.53977999883233,1.0,0.0
evt_pay_003327_0,cust_035,pay_003327,2026-06-15T11:38:06.799657+00:00,55090,DO_NOTHING,0.03333333333333333,0,0.26822157434402333,1.3475875985968742,0.7330758496579884,0.0,1.0,0.09535353231820923,-0.9954434709587683,0.7,9.0,0.5026080740568922,349.42053483993686,0.0,0.0
evt_pay_003310_0,cust_012,pay_003310,2026-06-15T11:39:11.597375+00:00,540574,PAYMENT_LINK,0.8333333333333334,1,0.5642023346303502,1.4748969891457477,-0.005384369900686644,0.0,1.0,0.09066173939472591,-0.9958817444907416,0.7857142857142857,6.0,-0.5006574979571285,355.6916378309131,0.0,0.0
evt_pay_007859_1,cust_023,pay_007859,2026-06-15T11:44:21.586808+00:00,78189,WHATSAPP_NUDGE,0.8333333333333334,0,0.3931034482758621,0.08333333333333333,-0.20133640700723904,1.0,1.0,0.06819037550653839,-0.9976723273140722,0.7333333333333334,2.0,0.9385908116339667,369.74140376346924,0.0,1.0
evt_pay_006639_0,cust_057,pay_006639,2026-06-15T12:01:44.359096+00:00,102075,RETRY_NOW,0.8333333333333334,0,0.3173431734317343,1.2441618656347753,0.7051365930344793,0.0,1.0,-0.007589134768196737,-0.9999712021020756,0.9090909090909091,6.0,-0.5990323654313375,366.76597136618943,1.0,0.0
evt_pay_006376_1,cust_002,pay_006376,2026-06-15T12:58:25.068939+00:00,340847,WHATSAPP_NUDGE,0.8333333333333334,0,0.34098360655737703,0.08333333333333333,0.3113864298910881,1.0,1.0,-0.2521445827874518,-0.9676895728336344,0.8636363636363636,6.0,-0.38277421977533765,354.6231133321657,0.0,0.0
evt_pay_001386_2,cust_010,pay_001386,2026-06-15T13:01:17.266463+00:00,90983,ESCALATE_HUMAN,0.8333333333333334,0,0.3385093167701863,0.9166666666666666,0.43157911706406404,2.0,1.0,-0.26424244454863566,-0.9644562875003517,0.7777777777777778,6.0,-0.045395759303349575,375.48816061647744,0.0,1.0
evt_pay_000616_0,cust_048,pay_000616,2026-06-15T13:19:58.896307+00:00,200029,RETRY_LATER,0.8333333333333334,0,0.24507042253521127,0.6329705737317871,0.12759693344122772,0.0,1.0,-0.3419447198683325,-0.9397200692515658,0.8695652173913043,11.0,-0.4506859321563252,356.5611697899005,0.0,1.0
evt_pay_002879_2,cust_028,pay_002879,2026-06-15T13:21:56.133821+00:00,228597,ESCALATE_HUMAN,0.8333333333333334,0,0.39492753623188404,0.9166666666666666,-0.0016701939448458014,2.0,1.0,-0.34994401594527336,-0.9367706153077681,0.875,9.0,0.3910481863531735,346.8841762515565,0.0,0.0
evt_pay_007046_0,cust_012,pay_007046,2026-06-15T13:27:31.264628+00:00,526603,RETRY_NOW,0.8333333333333334,1,0.5658914728682171,1.5501246193919467,-0.07908886696292046,0.0,1.0,-0.3726682452317085,-0.9279646431820122,0.7142857142857143,7.0,-0.5006574979571285,355.76686546115934,1.0,0.0
evt_pay_007012_0,cust_036,pay_007012,2026-06-15T13:38:54.121603+00:00,419024,RETRY_NOW,0.03333333333333333,0,0.40764331210191085,0.2063102054207396,0.674027164911489,0.0,1.0,-0.41827147801011044,-0.9083220633031203,0.8,8.0,-0.5882553306323993,357.01006464482094,0.0,1.0
evt_pay_007946_0,cust_030,pay_007946,2026-06-15T13:44:14.527444+00:00,174926,WHATSAPP_NUDGE,0.8333333333333334,1,0.35435435435435436,0.4145360079746941,0.032779080671025626,0.0,1.0,-0.439320446938454,-0.8983304207816838,0.6923076923076923,5.0,1.7722569671050512,346.51658493722726,0.0,0.0
evt_pay_001856_2,cust_037,pay_001856,2026-06-15T14:16:50.844264+00:00,157686,ESCALATE_HUMAN,0.8333333333333334,0,0.3716475095785441,0.9166666666666666,-0.03397472595731374,2.0,1.0,-0.5622544397896999,-0.8269642948379154,0.5833333333333333,4.0,-0.33341852366871827,353.22489644401236,0.0,0.0
evt_pay_000191_0,cust_044,pay_000191,2026-06-15T14:44:27.165270+00:00,216657,RETRY_NOW,0.8333333333333334,0,0.3778501628664495,0.6435573930065553,-0.12967859934921896,0.0,1.0,-0.6575486873096682,-0.7534120544677608,0.5454545454545454,6.0,-0.8459251821363672,366.458127919137,1.0,0.0
evt_pay_002205_0,cust_053,pay_002205,2026-06-15T15:06:24.699861+00:00,348822,RETRY_LATER,0.8333333333333334,0,0.34,0.5652721225928682,0.25683247180170987,0.0,1.0,-0.7266096395651993,-0.6870505306678186,0.9090909090909091,5.0,-0.06914381847567465,346.6138111198916,0.0,1.0
evt_pay_000616_1,cust_048,pay_000616,2026-06-15T15:19:58.896307+00:00,170258,WHATSAPP_NUDGE,0.8333333333333334,0,0.2443820224719101,0.08333333333333333,-0.31663203088344,1.0,1.0,-0.7659928487217125,-0.6428490924837614,0.9130434782608696,11.0,-0.4506859321563252,356.6445031232338,0.0,0.0
evt_pay_003786_2,cust_045,pay_003786,2026-06-15T15:36:34.619524+00:00,88344,ESCALATE_HUMAN,0.8333333333333334,0,0.23493975903614459,0.9166666666666666,0.034112017319753545,2.0,1.0,-0.8104942387198656,-0.5857466081864285,0.75,3.0,1.000889969158722,349.4869120686128,0.0,0.0
evt_pay_007012_1,cust_036,pay_007012,2026-06-15T15:38:54.121603+00:00,276762,WHATSAPP_NUDGE,0.8333333333333334,0,0.40634920634920635,0.08333333333333333,-0.5248335603234506,1.0,1.0,-0.8163947572867801,-0.5774942426333437,0.8181818181818181,8.0,-0.5882553306323993,357.0933979781543,1.0,0.0
evt_pay_002943_0,cust_014,pay_002943,2026-06-15T15:53:35.480160+00:00,63727,WHATSAPP_NUDGE,0.8333333333333334,0,0.21971830985915494,0.3036978008526224,-0.13278713586484686,0.0,1.0,-0.851707124873483,-0.5240181041144907,0.7391304347826086,17.0,-0.8122776257059364,370.41923895074916,0.0,0.0
evt_pay_007749_0,cust_024,pay_007749,2026-06-15T15:58:22.947546+00:00,98673,RETRY_NOW,0.8333333333333334,0,0.23948220064724918,0.5064511135097973,0.08868280039778322,0.0,1.0,-0.8624749365547542,-0.5060997765410225,0.9166666666666666,8.0,-1.1653357768016162,361.32340276852636,1.0,0.0
evt_pay_001972_0,cust_043,pay_001972,2026-06-15T16:23:51.411512+00:00,140849,RETRY_NOW,0.03333333333333333,1,0.23841059602649006,3.2609048854369953,-0.06759433612630233,0.0,1.0,-0.913291242958744,-0.40730713906691174,0.9545454545454546,6.0,-0.05414349663535748,361.32548944110675,0.0,0.0
evt_pay_004939_0,cust_033,pay_004939,2026-06-15T16:42:04.428285+00:00,107266,RETRY_LATER,0.8333333333333334,0,0.625,1.923814565408615,0.9842952403587858,0.0,1.0,-0.942748939368665,-0.3335032793230932,0.75,8.0,-0.3958893149650273,350.4394206457683,0.0,1.0
evt_pay_000191_1,cust_044,pay_000191,2026-06-15T16:44:27.165270+00:00,187102,WHATSAPP_NUDGE,0.8333333333333334,1,0.37662337662337664,0.08333333333333333,-0.5017320056591164,1.0,1.0,-0.9461598946691634,-0.3236996350316721,0.6,6.0,-0.8459251821363672,366.5414612524703,0.0,0.0
evt_pay_000093_0,cust_055,pay_000093,2026-06-15T16:53:16.710553+00:00,321472,WHATSAPP_NUDGE,0.8333333333333334,0,0.3192771084337349,4.527857155890065,0.0833978818041691,0.0,1.0,-0.9579208771746851,-0.28703239028528094,0.9130434782608696,2.0,-1.0480965437343166,372.65267937304924,0.0,0.0
evt_pay_002804_0,cust_017,pay_002804,2026-06-15T17:06:24.321463+00:00,568976,PAYMENT_LINK,0.8333333333333334,0,0.29372937293729373,0.2560795029095478,0.3192316362544775,0.0,1.0,-0.9727812956119166,-0.23172516243947447,0.9166666666666666,11.0,0.5027156808516637,369.2743900515259,0.0,0.0
evt_pay_004030_0,cust_058,pay_004030,2026-06-15T17:51:02.393923+00:00,252315,WHATSAPP_NUDGE,0.8333333333333334,0,0.3333333333333333,1.5813344569129792,0.11528034104151942,0.0,1.0,-0.9992358558775373,-0.03908585842329193,0.7391304347826086,6.0,4.286983765334936,364.70789030299693,0.0,0.0
evt_pay_002943_1,cust_014,pay_002943,2026-06-15T17:53:35.480160+00:00,59757,WHATSAPP_NUDGE,0.8333333333333334,0,0.21910112359550563,0.08333333333333333,-0.30248913103909586,1.0,1.0,-0.9996090587818868,-0.027959427769366073,0.75,18.0,-0.8122776257059364,370.50257228408253,1.0,0.0
evt_pay_004416_0,cust_026,pay_004416,2026-06-15T17:56:24.256920+00:00,280218,RETRY_LATER,0.8333333333333334,0,0.4166666666666667,1.247664919871814,0.6609773990313325,0.0,1.0,-0.9998769257790509,-0.015688635843639855,0.5454545454545454,6.0,1.9048100532514713,363.3007400365564,0.0,1.0
evt_pay_007749_1,cust_024,pay_007749,2026-06-15T17:58:22.947546+00:00,93662,WHATSAPP_NUDGE,0.8333333333333334,0,0.23870967741935484,0.08333333333333333,-0.06091512084137776,1.0,1.0,-0.9999750934543002,-0.007057795056775745,0.9166666666666666,8.0,-1.1653357768016162,361.4067361018597,1.0,0.0
evt_pay_000946_0,cust_033,pay_000946,2026-06-15T18:00:28.678829+00:00,71570,RETRY_NOW,0.8333333333333334,1,0.622568093385214,0.054447344254015206,-0.29405908446289186,0.0,1.0,-0.9999978251719589,0.002085581777891371,0.76,8.0,-0.3958893149650273,350.49386799002235,1.0,0.0
evt_pay_004939_1,cust_033,pay_004939,2026-06-15T18:42:04.428285+00:00,91596,WHATSAPP_NUDGE,0.8333333333333334,0,0.624031007751938,0.08333333333333333,0.4231014840615536,1.0,1.0,-0.983196170545646,0.18255215754511656,0.7307692307692308,8.0,-0.3958893149650273,350.52275397910165,0.0,0.0
evt_pay_000093_1,cust_055,pay_000093,2026-06-15T18:53:16.710553+00:00,320683,WHATSAPP_NUDGE,0.8333333333333334,0,0.3183183183183183,0.08333333333333333,0.07618526719801264,1.0,1.0,-0.973100009591391,0.23038309689131894,0.92,3.0,-1.0480965437343166,372.73601270638255,0.0,1.0
evt_pay_002647_0,cust_028,pay_002647,2026-06-15T18:58:20.368998+00:00,213429,RETRY_LATER,0.8333333333333334,0,0.3935018050541516,0.23361383307150163,-0.19113631947124587,0.0,1.0,-0.9677756966468708,0.2518138220584085,0.9230769230769231,9.0,0.3910481863531735,347.117790084628,0.0,1.0
evt_pay_002804_1,cust_017,pay_002804,2026-06-15T19:06:24.321463+00:00,478200,WHATSAPP_NUDGE,0.8333333333333334,0,0.29276315789473684,0.08333333333333333,-0.18753694380211103,1.0,1.0,-0.9583158955459966,0.2857107704372981,0.9259259259259259,11.0,0.5027156808516637,369.3577233848593,1.0,0.0
evt_pay_002679_0,cust_035,pay_002679,2026-06-15T19:15:16.874907+00:00,32838,PAYMENT_LINK,0.03333333333333333,0,0.26744186046511625,0.3174777228029863,-0.7170961180458113,0.0,1.0,-0.9465349531692102,0.32260127468588995,0.9,9.0,0.5026080740568922,349.73801256273987,0.0,1.0
evt_pay_002618_0,cust_015,pay_002618,2026-06-15T19:16:19.851845+00:00,138694,RETRY_LATER,0.8333333333333334,0,0.3904109589041096,0.6080011644915922,0.5032323288437696,0.0,1.0,-0.9450475784862555,0.32693282857073974,0.7307692307692308,3.0,1.245182551392603,363.21915090709086,0.0,1.0
evt_pay_001395_2,cust_023,pay_001395,2026-06-15T19:25:50.574725+00:00,81963,WHATSAPP_NUDGE,0.03333333333333333,0,0.3917525773195876,0.32047439719131415,-0.07313925232996238,2.0,1.0,-0.9306685586251329,0.3658634089200744,0.6363636363636364,3.0,0.9385908116339667,370.06187816066057,1.0,0.0
evt_pay_000201_2,cust_040,pay_000201,2026-06-15T19:39:45.539719+00:00,214087,RETRY_LATER,0.03333333333333333,0,0.47101449275362317,0.9166666666666666,-0.044000923467462726,2.0,1.0,-0.9067517033163564,0.4216649719064728,0.9259259259259259,3.0,-0.492492512121923,364.94852119212754,0.0,0.0
evt_pay_005323_0,cust_027,pay_005323,2026-06-15T19:42:18.309048+00:00,75534,RETRY_LATER,0.8333333333333334,0,0.2866666666666667,2.3775254297179345,-0.14664181946220228,0.0,1.0,-0.9020112711700936,0.4317124814991014,0.9259259259259259,5.0,-0.8172299270627982,348.9629587590157,0.0,1.0
evt_pay_004416_1,cust_026,pay_004416,2026-06-15T19:56:24.256920+00:00,287997,WHATSAPP_NUDGE,0.8333333333333334,0,0.4149377593360996,0.08333333333333333,0.7586381435129176,1.0,1.0,-0.8737631363043655,0.48635170569821046,0.5833333333333333,5.0,1.9048100532514713,363.3840733698898,0.0,1.0
evt_pay_007288_0,cust_050,pay_007288,2026-06-15T20:18:48.912059+00:00,129135,WHATSAPP_NUDGE,0.03333333333333333,0,0.43450479233226835,0.6642720896764635,0.30647930314355043,0.0,1.0,-0.8221062807319286,0.5693340523639135,0.6363636363636364,11.0,-0.900782201038446,373.56124978505136,0.0,1.0
evt_pay_001865_0,cust_041,pay_001865,2026-06-15T20:34:24.993231+00:00,220450,DO_NOTHING,0.03333333333333333,1,0.40066225165562913,0.4227467939477947,-0.46354193901900903,0.0,1.0,-0.781475407686346,0.6239360441435158,0.9259259259259259,9.0,0.3693318557794774,375.14706678477256,1.0,0.0
evt_pay_007967_0,cust_029,pay_007967,2026-06-15T20:36:55.213767+00:00,50275,WHATSAPP_NUDGE,0.8333333333333334,1,0.3768996960486322,1.6817196294719754,0.35341397582677575,0.0,1.0,-0.7746128195340074,0.6324357515302051,0.8928571428571429,4.0,-0.8256115037842402,349.8722593506806,0.0,0.0
evt_pay_006566_0,cust_005,pay_006566,2026-06-15T20:49:51.186255+00:00,106748,ESCALATE_HUMAN,0.03333333333333333,0,0.2608695652173913,3.0393729392714968,-0.5270951344057564,0.0,1.0,-0.7377102073229971,0.6751175082987114,0.8571428571428572,2.0,-0.6412832630166057,366.5450715015075,0.0,1.0
evt_pay_003642_0,cust_021,pay_003642,2026-06-15T20:54:22.176919+00:00,206635,WHATSAPP_NUDGE,0.8333333333333334,0,0.27419354838709675,1.0758336029132163,-0.11178724053097062,0.0,1.0,-0.724263283600475,0.6895235282630013,0.6363636363636364,7.0,-0.0711177391970671,362.3199363763371,0.0,0.0
evt_pay_005323_1,cust_027,pay_005323,2026-06-15T21:42:18.309048+00:00,61999,PAYMENT_LINK,0.03333333333333333,0,0.2857142857142857,0.08333333333333333,-0.6323574845790624,1.0,1.0,-0.5653084345836441,0.8248796116940882,0.8571428571428572,5.0,-0.8172299270627982,349.046292092349,0.0,0.0
evt_pay_007315_0,cust_055,pay_007315,2026-06-15T21:57:03.650031+00:00,345565,RETRY_LATER,0.8333333333333334,0,0.31736526946107785,0.1276266143255119,0.3037798322611393,0.0,1.0,-0.5110649491842012,0.859542097698158,0.8620689655172413,4.0,-1.0480965437343166,372.863639320708,0.0,1.0
evt_pay_007288_1,cust_050,pay_007288,2026-06-15T22:18:48.912059+00:00,139278,RETRY_LATER,0.03333333333333333,0,0.43312101910828027,0.08333333333333333,0.5549762989120428,1.0,1.0,-0.4272978975426353,0.904110892952653,0.6363636363636364,12.0,-0.900782201038446,373.6445831183847,0.0,0.0
evt_pay_006875_0,cust_043,pay_006875,2026-06-15T22:42:01.205918+00:00,154119,WHATSAPP_NUDGE,0.8333333333333334,0,0.24092409240924093,3.5235182466222454,0.1952239298130857,0.0,1.0,-0.3337241912659615,0.9426707612755791,0.8620689655172413,6.0,-0.05414349663535748,361.588102802292,0.0,0.0
evt_pay_007880_0,cust_032,pay_007880,2026-06-15T23:40:48.685516+00:00,348622,WHATSAPP_NUDGE,0.8333333333333334,0,0.2507462686567164,0.8015405356224505,0.21059998789385195,0.0,1.0,-0.08362816592058961,0.996497029531327,0.8620689655172413,11.0,0.2905055503479753,371.4500305782314,0.0,0.0
evt_pay_003421_2,cust_049,pay_003421,2026-06-15T23:46:14.581059+00:00,309402,ESCALATE_HUMAN,0.8333333333333334,0,0.328719723183391,0.9166666666666666,-0.22025466254378648,2.0,1.0,-0.059990118664202834,0.9981989709785594,0.8666666666666667,4.0,0.2100296838614713,348.8713613963852,0.0,0.0
evt_pay_000416_2,cust_002,pay_000416,2026-06-15T23:53:53.317582+00:00,316935,RETRY_NOW,0.03333333333333333,0,0.33986928104575165,0.45518806299027875,0.0891051679264502,2.0,1.0,-0.02666273785828233,0.9996444860098517,0.8666666666666667,7.0,-0.38277421977533765,355.07830139515596,0.0,0.0
evt_pay_004151_0,cust_010,pay_004151,2026-06-16T00:12:18.703170+00:00,72545,RETRY_LATER,0.8333333333333334,0,0.33746130030959753,0.4659888507733285,-0.2348631726946722,0.0,1.0,0.05369417632266861,0.9985574272063826,0.7692307692307692,6.0,-0.045395759303349575,375.9541494672508,0.0,1.0
evt_pay_001491_0,cust_010,pay_001491,2026-06-16T00:20:01.702023+00:00,121000,ESCALATE_HUMAN,0.03333333333333333,0,0.33641975308641975,0.005358783020085411,1.516627117766905,0.0,1.0,0.08727904569936785,0.9961839027919532,0.8,6.0,-0.045395759303349575,375.95950825027086,0.0,0.0
evt_pay_006875_1,cust_043,pay_006875,2026-06-16T00:42:01.205918+00:00,134992,WHATSAPP_NUDGE,0.8333333333333334,0,0.24013157894736842,0.08333333333333333,-0.18359369367314443,1.0,1.0,0.1823217531440506,0.9832389223024482,0.8666666666666667,6.0,-0.05414349663535748,361.6714361356253,0.0,0.0
evt_pay_003713_0,cust_044,pay_003713,2026-06-16T00:53:27.211473+00:00,260986,WHATSAPP_NUDGE,0.8333333333333334,0,0.3786407766990291,0.4229172014203755,0.42837722532942335,0.0,1.0,0.23112613593401782,0.9729237941833934,0.5454545454545454,6.0,-0.8459251821363672,366.8810451205573,0.0,0.0
evt_pay_008372_2,cust_009,pay_008372,2026-06-16T01:02:27.726283+00:00,127834,ESCALATE_HUMAN,0.8333333333333334,1,0.2633333333333333,0.8258727538273737,0.21352349598468104,2.0,1.0,0.26918081136308347,0.9630896587514124,0.9090909090909091,6.0,-0.8984355580750027,348.660247725238,0.0,1.0
evt_pay_004903_0,cust_034,pay_004903,2026-06-16T01:05:01.509446+00:00,62605,RETRY_NOW,0.8333333333333334,0,0.3786764705882353,4.810958695950565,0.4496533255794772,0.0,1.0,0.2799343970369662,0.960019131765378,0.8076923076923077,4.0,-0.5369784473169031,360.15801145162976,1.0,0.0
evt_pay_008349_0,cust_016,pay_008349,2026-06-16T01:14:11.540689+00:00,128803,RETRY_LATER,0.8333333333333334,0,0.3072100313479624,2.3599760506878624,0.30464989050246566,0.0,1.0,0.3181004371118122,0.9480570193344249,0.5833333333333333,9.0,-0.5381138706705891,368.83116770796397,0.0,1.0
evt_pay_000737_0,cust_010,pay_000737,2026-06-16T01:17:55.045369+00:00,65904,WHATSAPP_NUDGE,0.8333333333333334,0,0.3353846153846154,0.04020073317472376,-0.4749290339610301,0.0,1.0,0.33346719357047144,0.9427617041502236,0.8148148148148149,6.0,-0.045395759303349575,375.99970898344554,0.0,0.0
evt_pay_000872_0,cust_013,pay_000872,2026-06-16T01:21:03.923986+00:00,231388,WHATSAPP_NUDGE,0.8333333333333334,1,0.2618296529968454,0.981015590696965,0.9879947823281585,0.0,1.0,0.34638476555158043,0.9380925296546053,1.0,2.0,-0.5595801808996762,347.6585659356006,0.0,0.0
evt_pay_007880_1,cust_032,pay_007880,2026-06-16T01:40:48.685516+00:00,342475,ESCALATE_HUMAN,0.03333333333333333,0,0.25,0.08333333333333333,0.15651186302532843,1.0,1.0,0.4258243986065333,0.9048058253301557,0.8709677419354839,12.0,0.2905055503479753,371.5333639115647,0.0,0.0
evt_pay_000336_2,cust_030,pay_000336,2026-06-16T01:47:18.616355+00:00,212484,ESCALATE_HUMAN,0.8333333333333334,0,0.3562874251497006,0.9166666666666666,0.6532619533026536,2.0,1.0,0.4513069605581282,0.8923687731828048,0.6153846153846154,6.0,1.7722569671050512,347.0187155959193,0.0,0.0
evt_pay_002229_2,cust_024,pay_002229,2026-06-16T01:49:05.571338+00:00,76605,ESCALATE_HUMAN,0.8333333333333334,0,0.2379421221864952,0.326882219823536,-0.5701293309816241,2.0,1.0,0.4582340709624057,0.8888315567132059,0.8888888888888888,9.0,-1.1653357768016162,361.73361832168325,0.0,0.0
evt_pay_006135_2,cust_001,pay_006135,2026-06-16T01:49:32.633626+00:00,530556,PAYMENT_LINK,0.8333333333333334,0,0.2852941176470588,0.9166666666666666,0.01736627280095352,2.0,1.0,0.4599824252449681,0.8879280198674651,0.8888888888888888,8.0,0.16534712408787333,358.6291742618885,0.0,0.0
evt_pay_006014_2,cust_015,pay_006014,2026-06-16T02:40:48.551233+00:00,123840,ESCALATE_HUMAN,0.8333333333333334,0,0.3890784982935154,0.3086655021750744,0.1433281659147238,2.0,1.0,0.6454883053197644,0.7637701537081811,0.8846153846153846,3.0,1.245182551392603,363.527816409266,0.0,0.0
evt_pay_001052_0,cust_021,pay_001052,2026-06-16T02:43:25.685520+00:00,206921,WHATSAPP_NUDGE,0.8333333333333334,1,0.2734584450402145,0.24240171992524515,-0.10798935816462811,0.0,1.0,0.6541736713489219,0.7563443711127047,0.6363636363636364,8.0,-0.0711177391970671,362.5623380962623,0.0,0.0
evt_pay_002743_0,cust_038,pay_002743,2026-06-16T03:00:19.494401+00:00,43895,RETRY_NOW,0.8333333333333334,0,0.5222222222222223,1.968421378084069,-0.04370941168315893,0.0,1.0,0.7081085163874056,0.7061036248452683,0.8846153846153846,4.0,2.4957647172129915,374.08213278375314,1.0,0.0
evt_pay_004903_1,cust_034,pay_004903,2026-06-16T03:05:01.509446+00:00,47179,ESCALATE_HUMAN,0.03333333333333333,0,0.3772893772893773,0.08333333333333333,-0.3651597413449247,1.0,1.0,0.722439865109781,0.6914337577094146,0.8888888888888888,4.0,-0.5369784473169031,360.2413447849631,0.0,1.0
evt_pay_008349_1,cust_016,pay_008349,2026-06-16T03:14:11.540689+00:00,117474,WHATSAPP_NUDGE,0.8333333333333334,0,0.30625,0.08333333333333333,0.026557435123604294,1.0,1.0,0.749511569160976,0.6619912444238605,0.6153846153846154,9.0,-0.5381138706705891,368.91450104129734,0.0,1.0
evt_pay_003468_2,cust_014,pay_003468,2026-06-16T03:15:14.375837+00:00,87305,ESCALATE_HUMAN,0.8333333333333334,0,0.2184873949579832,0.3900335147702094,0.8751896869075364,2.0,1.0,0.7525287032018956,0.6585594512701745,0.8928571428571429,17.0,-0.8122776257059364,370.8926057988528,0.0,1.0
evt_pay_004060_0,cust_021,pay_004060,2026-06-16T03:15:56.023220+00:00,213250,WHATSAPP_NUDGE,0.8333333333333334,0,0.27540106951871657,0.26497507293637074,-0.02390454386041422,0.0,1.0,0.7545198166729603,0.6562772632415375,0.5833333333333333,9.0,-0.0711177391970671,362.5849114492735,0.0,0.0
evt_pay_000737_1,cust_010,pay_000737,2026-06-16T03:17:55.045369+00:00,105804,WHATSAPP_NUDGE,0.8333333333333334,0,0.3343558282208589,0.08333333333333333,0.9673163388370309,1.0,1.0,0.7601719130358428,0.6497219887239672,0.8928571428571429,7.0,-0.045395759303349575,376.08304231677886,0.0,1.0
evt_pay_005784_0,cust_054,pay_005784,2026-06-16T04:03:54.276300+00:00,96749,WHATSAPP_NUDGE,0.8333333333333334,0,0.44025157232704404,1.7975222503098014,-0.06130625210246415,0.0,1.0,0.8744178346006777,0.48517362926303187,0.8571428571428572,7.0,-0.6956354929968003,362.6259595439439,0.0,0.0
evt_pay_004071_2,cust_056,pay_004071,2026-06-16T04:20:08.609338+00:00,102430,ESCALATE_HUMAN,0.8333333333333334,1,0.24545454545454545,0.9166666666666666,-1.020482013695877,2.0,1.0,0.906572205926182,0.422050749841931,0.896551724137931,6.0,-0.26273729270347856,358.136101869213,0.0,0.0
evt_pay_001527_0,cust_017,pay_001527,2026-06-16T05:11:46.247313+00:00,589175,PAYMENT_LINK,0.8333333333333334,0,0.29180327868852457,0.42039266030040306,0.4319972047333205,0.0,1.0,0.9779391741741005,0.20888985522441808,0.8620689655172413,12.0,0.5027156808516637,369.7781160451597,0.0,0.0
evt_pay_004060_1,cust_021,pay_004060,2026-06-16T05:15:56.023220+00:00,203808,WHATSAPP_NUDGE,0.8333333333333334,0,0.27466666666666667,0.08333333333333333,-0.14934775242883722,1.0,1.0,0.9815719605183298,0.19109287355681862,0.5833333333333333,10.0,-0.0711177391970671,362.6682447826068,0.0,1.0
evt_pay_002265_0,cust_042,pay_002265,2026-06-16T05:18:57.045754+00:00,238001,RETRY_LATER,0.8333333333333334,0,0.41214057507987223,2.97204540366342,0.06902327612330911,0.0,1.0,0.9840024457595586,0.1781549514866395,0.6153846153846154,6.0,0.21388002896855346,373.15107875089535,0.0,1.0
evt_pay_007096_0,cust_024,pay_007096,2026-06-16T05:43:52.974420+00:00,82170,RETRY_NOW,0.8333333333333334,0,0.23717948717948717,0.16304864677543188,-0.403990516376189,0.0,1.0,0.9975282804605761,0.07026613466931471,0.875,9.0,-1.1653357768016162,361.8966669684587,1.0,0.0
evt_pay_008520_2,cust_014,pay_008520,2026-06-16T05:52:57.150941+00:00,57942,ESCALATE_HUMAN,0.8333333333333334,0,0.21787709497206703,0.109522860003248,-0.38010467506324286,2.0,1.0,0.9995272421258263,0.030745605350029015,0.8518518518518519,17.0,-0.8122776257059364,371.002128658856,0.0,1.0
evt_pay_005784_1,cust_054,pay_005784,2026-06-16T06:03:54.276300+00:00,87074,WHATSAPP_NUDGE,0.8333333333333334,0,0.438871473354232,0.08333333333333333,-0.3409035848168614,1.0,1.0,0.9998548729178823,-0.017036229112260194,0.8888888888888888,8.0,-0.6956354929968003,362.7092928772772,1.0,0.0
evt_pay_006782_2,cust_014,pay_006782,2026-06-16T06:36:15.990167+00:00,69520,ESCALATE_HUMAN,0.8333333333333334,0,0.21727019498607242,0.03007915770725352,0.11486467799319451,2.0,1.0,0.9875057649649597,-0.1575828802915148,0.88,17.0,-0.8122776257059364,371.03220781656324,0.0,0.0
evt_pay_002265_1,cust_042,pay_002265,2026-06-16T07:18:57.045754+00:00,197979,WHATSAPP_NUDGE,0.8333333333333334,0,0.410828025477707,0.08333333333333333,-0.4230356250669876,1.0,1.0,0.9412485911571167,-0.3377145090823653,0.6428571428571428,6.0,0.21388002896855346,373.2344120842287,0.0,0.0
evt_pay_006510_0,cust_037,pay_006510,2026-06-16T07:32:03.200988+00:00,175729,WHATSAPP_NUDGE,0.8333333333333334,0,0.3702290076335878,0.7188930176303833,0.2890697511708793,0.0,1.0,0.9204138731859803,-0.3909453952239136,0.7272727272727273,4.0,-0.33341852366871827,353.9437894616428,0.0,0.0
evt_pay_007096_1,cust_024,pay_007096,2026-06-16T07:43:52.974420+00:00,118062,RETRY_NOW,0.03333333333333333,0,0.2364217252396166,0.08333333333333333,0.6675315730931733,1.0,1.0,0.8990178992069245,-0.4379118825809229,0.9,9.0,-1.1653357768016162,361.980000301792,0.0,1.0
evt_pay_002958_0,cust_009,pay_002958,2026-06-16T07:45:09.010413+00:00,102410,RETRY_LATER,0.8333333333333334,0,0.26578073089701,1.105517246068833,-0.39718527962710437,0.0,1.0,0.896582736830323,-0.442876276196691,0.8571428571428572,6.0,-0.8984355580750027,348.93989221747944,0.0,1.0
evt_pay_005677_0,cust_046,pay_005677,2026-06-16T08:10:01.760646+00:00,127035,DO_NOTHING,0.03333333333333333,0,0.4015444015444015,0.9986289834652666,0.5533112134250693,0.0,1.0,0.8433226442470274,-0.5374075899168169,0.875,4.0,-0.9687765812058661,370.3606669842332,0.0,0.0
evt_pay_002727_2,cust_017,pay_002727,2026-06-16T08:57:39.052411+00:00,370180,ESCALATE_HUMAN,0.8333333333333334,0,0.2908496732026144,0.1568611701233825,-0.7905712184293713,2.0,1.0,0.7143173524363247,-0.6998219202113918,0.8928571428571429,12.0,0.5027156808516637,369.93497721528314,0.0,1.0
evt_pay_000782_0,cust_048,pay_000782,2026-06-16T09:04:37.557237+00:00,185548,RETRY_NOW,0.8333333333333334,0,0.24369747899159663,0.7393363533535459,-0.08848802026822128,0.0,1.0,0.6926910927702045,-0.7212343932431535,0.8928571428571429,12.0,-0.4506859321563252,357.38383947658735,1.0,0.0
evt_pay_006652_0,cust_055,pay_006652,2026-06-16T09:09:14.707594+00:00,363540,WHATSAPP_NUDGE,0.8333333333333334,0,0.3164179104477612,0.4667946477179233,0.46819583759351674,0.0,1.0,0.678014950745072,-0.7350481117356588,0.896551724137931,3.0,-1.0480965437343166,373.33043396842595,0.0,0.0
evt_pay_001436_0,cust_039,pay_001436,2026-06-16T09:23:58.129479+00:00,246299,WHATSAPP_NUDGE,0.8333333333333334,0,0.610655737704918,5.398491670136461,-0.06219440195894564,0.0,1.0,0.6294260989168375,-0.7770603490092204,0.8571428571428572,2.0,-0.6642333856639545,347.79340440297227,0.0,0.0
evt_pay_007859_2,cust_023,pay_007859,2026-06-16T09:44:21.586808+00:00,91023,ESCALATE_HUMAN,0.8333333333333334,1,0.3904109589041096,0.5961922694753525,0.23459895578371603,2.0,1.0,0.5578907611392987,-0.8299143923534607,0.7142857142857143,4.0,0.9385908116339667,370.6580704301359,0.0,0.0
evt_pay_001129_0,cust_017,pay_001129,2026-06-16T10:07:58.065413+00:00,472807,WHATSAPP_NUDGE,0.8333333333333334,0,0.2899022801302932,0.04883116900276718,-0.21764344684171122,0.0,1.0,0.4695957775036181,-0.8828815355135549,0.9,12.0,0.5027156808516637,369.98380838428585,0.0,0.0
evt_pay_002734_0,cust_043,pay_002734,2026-06-16T10:37:15.866235+00:00,121278,DO_NOTHING,0.03333333333333333,0,0.23934426229508196,0.41336412403940886,-0.4551916170456487,0.0,1.0,0.3532118198470713,-0.9355433770383499,0.9,7.0,-0.05414349663535748,362.08480025966475,0.0,0.0
evt_pay_008268_0,cust_024,pay_008268,2026-06-16T10:50:56.354739+00:00,111021,ESCALATE_HUMAN,0.03333333333333333,0,0.2356687898089172,0.12990023518144275,0.4573468121365886,0.0,1.0,0.29679473158310027,-0.9549413004496745,0.9090909090909091,9.0,-1.1653357768016162,362.1099005369735,0.0,0.0
evt_pay_006652_1,cust_055,pay_006652,2026-06-16T11:09:14.707594+00:00,286684,WHATSAPP_NUDGE,0.8333333333333334,0,0.31547619047619047,0.08333333333333333,-0.23481396642081104,1.0,1.0,0.21965411562305762,-0.9755778131393992,0.896551724137931,4.0,-1.0480965437343166,373.41376730175926,0.0,1.0
evt_pay_001363_0,cust_024,pay_001363,2026-06-16T12:33:21.104450+00:00,76877,WHATSAPP_NUDGE,0.8333333333333334,0,0.23492063492063492,0.07111978832087591,-0.5620000763839074,0.0,1.0,-0.14501132870966965,-0.9894299947676218,0.9090909090909091,9.0,-1.1653357768016162,362.18102032529436,0.0,0.0
evt_pay_004424_0,cust_011,pay_004424,2026-06-16T12:57:31.685733+00:00,62827,RETRY_NOW,0.8333333333333334,1,0.4892086330935252,1.9374025814804934,0.17114005510009517,0.0,1.0,-0.2483859894074455,-0.9686611379972278,0.8181818181818181,9.0,-0.306212897974724,351.2593185740889,1.0,0.0
evt_pay_007037_0,cust_001,pay_007037,2026-06-16T13:02:12.750471+00:00,577324,RETRY_LATER,0.8333333333333334,0,0.2844574780058651,0.46713098199893466,0.2707516838124844,0.0,1.0,-0.26813177815224426,-0.9633822447735456,0.9166666666666666,7.0,0.16534712408787333,359.09630524388746,0.0,1.0
evt_pay_000616_2,cust_048,pay_000616,2026-06-16T13:19:58.896307+00:00,162793,ESCALATE_HUMAN,0.8333333333333334,0,0.2430167597765363,0.17733031331312077,-0.4280336062116629,2.0,1.0,-0.3419447198683325,-0.9397200692515658,0.896551724137931,12.0,-0.4506859321563252,357.5611697899005,0.0,1.0
evt_pay_003302_0,cust_017,pay_003302,2026-06-16T13:20:47.282116+00:00,439862,RETRY_NOW,0.8333333333333334,0,0.288961038961039,0.1339029711026948,-0.4015620709944358,0.0,1.0,-0.3452492035868204,-0.9385110481090067,0.896551724137931,13.0,0.5027156808516637,370.11771135538856,1.0,0.0
evt_pay_007012_2,cust_036,pay_007012,2026-06-16T13:38:54.121603+00:00,270253,ESCALATE_HUMAN,0.8333333333333334,1,0.4050632911392405,0.9166666666666666,-0.5796876776544553,2.0,1.0,-0.41827147801011044,-0.9083220633031203,0.8333333333333334,7.0,-0.5882553306323993,358.01006464482094,0.0,0.0
evt_pay_006257_0,cust_059,pay_006257,2026-06-16T14:27:26.823240+00:00,174016,RETRY_NOW,0.03333333333333333,0,0.3602941176470588,2.0849910371115357,0.1492955049581164,0.0,1.0,-0.5998864198238928,-0.8000851725353197,0.8,7.0,-0.38878117849020055,359.222985747135,0.0,1.0
evt_pay_001363_1,cust_024,pay_001363,2026-06-16T14:33:21.104450+00:00,85479,WHATSAPP_NUDGE,0.8333333333333334,0,0.23417721518987342,0.08333333333333333,-0.3052116241874144,1.0,1.0,-0.6202984918829207,-0.7843658463802297,0.9230769230769231,10.0,-1.1653357768016162,362.26435365862767,1.0,0.0
evt_pay_007082_0,cust_012,pay_007082,2026-06-16T14:39:09.309403+00:00,423621,WHATSAPP_NUDGE,0.8333333333333334,0,0.5675675675675675,2.599870507989541,-0.6223651261873819,0.0,1.0,-0.6399593604598592,-0.7684087564309818,0.8181818181818181,7.0,-0.5006574979571285,356.8166113497569,0.0,0.0
evt_pay_007037_1,cust_001,pay_007037,2026-06-16T15:02:12.750471+00:00,393317,PAYMENT_LINK,0.03333333333333333,0,0.28362573099415206,0.08333333333333333,-0.7261858649312966,1.0,1.0,-0.7139000538285099,-0.7002476084526463,0.9285714285714286,6.0,0.16534712408787333,359.1796385772208,0.0,1.0
evt_pay_007205_0,cust_033,pay_007205,2026-06-16T15:17:04.752422+00:00,94678,RETRY_LATER,0.8333333333333334,1,0.6216216216216216,0.8576426404752624,0.5334759965084782,0.0,1.0,-0.7577905367642896,-0.6524978945487026,0.9047619047619048,7.0,-0.3958893149650273,351.3803966195769,0.0,1.0
evt_pay_003302_1,cust_017,pay_003302,2026-06-16T15:20:47.282116+00:00,678274,PAYMENT_LINK,0.8333333333333334,0,0.28802588996763756,0.08333333333333333,0.9293998309688656,1.0,1.0,-0.7682501049970352,-0.6401498076013492,0.8928571428571429,13.0,0.5027156808516637,370.2010446887219,1.0,0.0
evt_pay_007490_0,cust_012,pay_007490,2026-06-16T15:35:42.645157+00:00,606022,PAYMENT_LINK,0.8333333333333334,0,0.5653846153846154,0.03927471937809438,0.33988044821191044,0.0,1.0,-0.8082745183621713,-0.5888058278977882,0.8333333333333334,8.0,-0.5006574979571285,356.855886069135,0.0,0.0
evt_pay_005152_0,cust_056,pay_005152,2026-06-16T15:41:31.252427+00:00,190629,WHATSAPP_NUDGE,0.8333333333333334,0,0.24773413897280966,1.3898454061247019,0.5609980321093286,0.0,1.0,-0.822940269597837,-0.56812790168609,0.8571428571428572,5.0,-0.26273729270347856,358.60928060867104,0.0,0.0
evt_pay_002943_2,cust_014,pay_002943,2026-06-16T15:53:35.480160+00:00,57692,ESCALATE_HUMAN,0.8333333333333334,0,0.21666666666666667,0.38703113418595575,-0.3907769073276774,2.0,1.0,-0.851707124873483,-0.5240181041144907,0.8636363636363636,15.0,-0.8122776257059364,371.41923895074916,0.0,0.0
evt_pay_007749_2,cust_024,pay_007749,2026-06-16T15:58:22.947546+00:00,95017,PAYMENT_LINK,0.03333333333333333,0,0.2334384858044164,0.059049109898713446,-0.020437641310344586,2.0,1.0,-0.8624749365547542,-0.5060997765410225,0.9285714285714286,11.0,-1.1653357768016162,362.32340276852636,1.0,0.0
evt_pay_002417_0,cust_009,pay_002417,2026-06-16T16:04:16.434302+00:00,96123,PAYMENT_LINK,0.03333333333333333,0,0.26490066225165565,0.3466137024184566,-0.5481968703125586,0.0,1.0,-0.875198495864814,-0.4837639846412372,0.6,6.0,-0.8984355580750027,349.2865059198978,0.0,0.0
evt_pay_005896_0,cust_014,pay_005896,2026-06-16T16:19:15.099061+00:00,69893,WHATSAPP_NUDGE,0.8333333333333334,0,0.21606648199445982,0.017819663207243746,0.13084166957447688,0.0,1.0,-0.9049229874121849,-0.4255753597813279,0.8636363636363636,15.0,-0.8122776257059364,371.4370586139565,0.0,0.0
evt_pay_006257_1,cust_059,pay_006257,2026-06-16T16:27:26.823240+00:00,161513,WHATSAPP_NUDGE,0.8333333333333334,0,0.358974358974359,0.08333333333333333,-0.06671165105547723,1.0,1.0,-0.9195594652204477,-0.39295087469489626,0.8461538461538461,7.0,-0.38878117849020055,359.3063190804683,0.0,1.0
evt_pay_004939_2,cust_033,pay_004939,2026-06-16T16:42:04.428285+00:00,92106,ESCALATE_HUMAN,0.8333333333333334,0,0.6230769230769231,0.9166666666666666,0.44138827835571903,2.0,1.0,-0.942748939368665,-0.3335032793230932,0.8695652173913043,7.0,-0.3958893149650273,351.4394206457683,0.0,1.0
evt_pay_005137_0,cust_047,pay_005137,2026-06-16T16:50:15.345253+00:00,117760,RETRY_NOW,0.8333333333333334,0,0.4172661870503597,2.2006412491533447,0.1724936514345269,0.0,1.0,-0.9540519259630771,-0.2996413231951548,0.8695652173913043,2.0,1.898235005697721,349.71780113373234,1.0,0.0
evt_pay_002904_0,cust_053,pay_002904,2026-06-16T16:51:32.972958+00:00,315886,RETRY_LATER,0.8333333333333334,1,0.3388704318936877,1.073012420104817,-0.037188368528668296,0.0,1.0,-0.955728263745537,-0.2942507194178822,0.9285714285714286,4.0,-0.06914381847567465,347.6868235399964,0.0,1.0
evt_pay_000093_2,cust_055,pay_000093,2026-06-16T16:53:16.710553+00:00,329982,ESCALATE_HUMAN,0.8333333333333334,1,0.314540059347181,0.23891207128989814,0.16123802300706297,2.0,1.0,-0.9579208771746851,-0.28703239028528094,0.9285714285714286,5.0,-1.0480965437343166,373.65267937304924,0.0,0.0
evt_pay_000991_0,cust_037,pay_000991,2026-06-16T17:03:37.982711+00:00,161279,WHATSAPP_NUDGE,0.8333333333333334,1,0.3688212927756654,0.3969303440242508,0.030355858964740915,0.0,1.0,-0.9699071312817211,-0.24347516647260378,0.875,4.0,-0.33341852366871827,354.34071980566705,0.0,0.0
evt_pay_002804_2,cust_017,pay_002804,2026-06-16T17:06:24.321463+00:00,458614,ESCALATE_HUMAN,0.8333333333333334,1,0.2870967741935484,0.07334536280408581,-0.29687827719389515,2.0,1.0,-0.9727812956119166,-0.23172516243947447,0.8928571428571429,14.0,0.5027156808516637,370.2743900515259,0.0,1.0
evt_pay_003141_0,cust_040,pay_003141,2026-06-16T17:10:33.759453+00:00,217077,RETRY_LATER,0.8333333333333334,1,0.4693140794223827,0.8963914321047733,-0.004704521124470236,0.0,1.0,-0.9768244358916289,-0.21404210203836277,0.8571428571428572,3.0,-0.492492512121923,365.8449126242322,0.0,1.0
evt_pay_004658_0,cust_054,pay_004658,2026-06-16T17:20:14.413013+00:00,95492,RETRY_NOW,0.8333333333333334,0,0.4375,0.4696775082557565,-0.09763840561862545,0.0,1.0,-0.9849892202984661,-0.17261586223699096,0.8666666666666667,7.0,-0.6956354929968003,363.1789703855329,1.0,0.0
evt_pay_007490_1,cust_012,pay_007490,2026-06-16T17:35:42.645157+00:00,658844,PAYMENT_LINK,0.8333333333333334,1,0.5632183908045977,0.08333333333333333,0.6185358291600485,1.0,1.0,-0.9943891800821664,-0.10578354567472682,0.8571428571428572,9.0,-0.5006574979571285,356.9392194024683,0.0,0.0
evt_pay_006245_0,cust_000,pay_006245,2026-06-16T17:41:27.074483+00:00,126382,RETRY_NOW,0.8333333333333334,0,0.3602693602693603,6.701457786988101,-0.020685700837150222,0.0,1.0,-0.9967266128159213,-0.08084589850141055,0.8,1.0,0.8132490481077264,366.39232745848545,1.0,0.0
evt_pay_005152_1,cust_056,pay_005152,2026-06-16T17:41:31.252427+00:00,128813,WHATSAPP_NUDGE,0.8333333333333334,0,0.2469879518072289,0.08333333333333333,-0.5474113999577616,1.0,1.0,-0.9967511301119865,-0.08054306065998323,0.875,6.0,-0.26273729270347856,358.69261394200436,1.0,0.0
evt_pay_004857_0,cust_008,pay_004857,2026-06-16T17:50:48.906012+00:00,240176,WHATSAPP_NUDGE,0.8333333333333334,0,0.339041095890411,2.1695264155871805,0.3616292972166666,0.0,1.0,-0.9991970371118768,-0.04006595845411411,0.7777777777777778,4.0,0.4190160498383978,363.20788084883316,0.0,0.0
evt_pay_004416_2,cust_026,pay_004416,2026-06-16T17:56:24.256920+00:00,206583,ESCALATE_HUMAN,0.8333333333333334,1,0.4132231404958678,0.9166666666666666,-0.2635110947886186,2.0,1.0,-0.9998769257790509,-0.015688635843639855,0.8,6.0,1.9048100532514713,364.3007400365564,0.0,1.0
evt_pay_002417_1,cust_009,pay_002417,2026-06-16T18:04:16.434302+00:00,117619,WHATSAPP_NUDGE,0.8333333333333334,0,0.264026402640264,0.08333333333333333,-0.031843471931670385,1.0,1.0,-0.9998261230934775,0.018647347797109956,0.6666666666666667,7.0,-0.8984355580750027,349.3698392532312,0.0,0.0
evt_pay_005896_1,cust_014,pay_005896,2026-06-16T18:19:15.099061+00:00,59233,WHATSAPP_NUDGE,0.8333333333333334,0,0.2154696132596685,0.08333333333333333,-0.3248765910518814,1.0,1.0,-0.9964739754581218,0.08390242091076049,0.9090909090909091,16.0,-0.8122776257059364,371.52039194728985,0.0,1.0
evt_pay_002881_0,cust_042,pay_002881,2026-06-16T18:21:12.625624+00:00,257627,RETRY_LATER,0.8333333333333334,0,0.4095238095238095,0.45990254478982706,0.3103194054425227,0.0,1.0,-0.9957204945986976,0.09241588952190483,0.8125,6.0,0.21388002896855346,373.6943146290185,0.0,1.0
evt_pay_005137_1,cust_047,pay_005137,2026-06-16T18:50:15.345253+00:00,117728,WHATSAPP_NUDGE,0.8333333333333334,1,0.4157706093189964,0.08333333333333333,0.17165244774951588,1.0,1.0,-0.9760538660110726,0.2175289650709514,0.9090909090909091,2.0,1.898235005697721,349.80113446706565,0.0,0.0
evt_pay_000488_0,cust_047,pay_000488,2026-06-16T19:04:03.072816+00:00,111820,WHATSAPP_NUDGE,0.8333333333333334,0,0.41785714285714287,0.0929135134569871,0.019667737112130736,0.0,1.0,-0.9612000776030784,0.27585215390827783,0.8695652173913043,3.0,1.898235005697721,349.8107146471893,0.0,0.0
evt_pay_006245_1,cust_000,pay_006245,2026-06-16T19:41:27.074483+00:00,125501,WHATSAPP_NUDGE,0.8333333333333334,1,0.35906040268456374,0.08333333333333333,-0.04046755412014699,1.0,1.0,-0.9036135165773093,0.4283487045139611,0.8125,1.0,0.8132490481077264,366.4756607918188,0.0,0.0
evt_pay_005323_2,cust_027,pay_005323,2026-06-16T19:42:18.309048+00:00,111426,ESCALATE_HUMAN,0.8333333333333334,0,0.2847682119205298,0.9166666666666666,1.1413026201406735,2.0,1.0,-0.9020112711700936,0.4317124814991014,0.8,3.0,-0.8172299270627982,349.9629587590157,1.0,0.0
evt_pay_004857_1,cust_008,pay_004857,2026-06-16T19:50:48.906012+00:00,216919,WHATSAPP_NUDGE,0.8333333333333334,0,0.3378839590443686,0.08333333333333333,0.04995243032570467,1.0,1.0,-0.8853629967520851,0.4649003807077031,0.7,5.0,0.4190160498383978,363.29121418216647,0.0,0.0
evt_pay_007659_0,cust_002,pay_007659,2026-06-16T20:15:59.210788+00:00,309428,WHATSAPP_NUDGE,0.8333333333333334,0,0.33876221498371334,0.8486793195226975,0.019318337006084606,0.0,1.0,-0.8290696650021777,0.5591453215159516,0.8,6.0,-0.38277421977533765,355.9269807146787,0.0,0.0
evt_pay_003827_0,cust_055,pay_003827,2026-06-16T20:18:09.359072+00:00,410868,RETRY_LATER,0.8333333333333334,0,0.3165680473372781,0.3811880958138545,0.9011184794159759,0.0,1.0,-0.8237404955048047,0.5669670149713288,0.8076923076923077,5.0,-1.0480965437343166,373.7949553975732,0.0,1.0
evt_pay_000166_0,cust_057,pay_000166,2026-06-16T20:19:25.910058+00:00,107720,WHATSAPP_NUDGE,0.8333333333333334,0,0.3161764705882353,1.3456198028007218,0.9021531615917726,0.0,1.0,-0.8205714735452009,0.5715439237747678,0.8666666666666667,5.0,-0.5990323654313375,368.1115911689901,0.0,0.0
evt_pay_000507_0,cust_019,pay_000507,2026-06-16T20:19:36.274063+00:00,95434,RETRY_LATER,0.8333333333333334,1,0.4013605442176871,2.1590618145589437,-0.5787448468115428,0.0,1.0,-0.8201404725931141,0.572162219317864,0.6666666666666667,5.0,-0.5137657855739247,353.2562003613115,0.0,1.0
evt_pay_002881_1,cust_042,pay_002881,2026-06-16T20:21:12.625624+00:00,248731,WHATSAPP_NUDGE,0.8333333333333334,0,0.40822784810126583,0.08333333333333333,0.20094913003989176,1.0,1.0,-0.816111298630326,0.577894755338654,0.75,6.0,0.21388002896855346,373.77764796235186,1.0,0.0
evt_pay_005693_0,cust_054,pay_005693,2026-06-16T20:21:55.034127+00:00,102018,WHATSAPP_NUDGE,0.8333333333333334,0,0.43613707165109034,0.12616459622726475,0.09094472558970372,0.0,1.0,-0.8143251736308601,0.5804089175668045,0.875,7.0,-0.6956354929968003,363.3051349817602,0.0,0.0
evt_pay_004199_0,cust_051,pay_004199,2026-06-16T20:29:04.941235+00:00,587290,RETRY_NOW,0.8333333333333334,0,0.4944237918215613,2.714404635438863,-0.10234463638924056,0.0,1.0,-0.7957844467696056,0.6055799817361806,0.5714285714285714,0.0,-1.013594580420746,355.648439477923,1.0,0.0
evt_pay_002776_0,cust_002,pay_002776,2026-06-16T20:46:28.695322+00:00,340939,WHATSAPP_NUDGE,0.8333333333333334,0,0.33766233766233766,0.021174589512914583,0.3122458598127718,0.0,1.0,-0.7475713470043841,0.6641815121923003,0.88,7.0,-0.38277421977533765,355.94815530419163,0.0,0.0
evt_pay_000604_0,cust_020,pay_000604,2026-06-16T20:47:07.790338+00:00,55792,RETRY_NOW,0.8333333333333334,0,0.27548209366391185,2.308573796812842,-0.25598315188343307,0.0,1.0,-0.7456800138513947,0.6663042225159493,0.7,3.0,0.06752823759169156,362.104482669962,1.0,0.0
evt_pay_000293_0,cust_058,pay_000293,2026-06-16T20:56:11.868778+00:00,208442,WHATSAPP_NUDGE,0.8333333333333334,0,0.3323076923076923,1.1285818849064146,-0.4015687878629897,0.0,1.0,-0.7187399575960782,0.6952789895824465,0.8695652173913043,4.0,4.286983765334936,365.8364721879034,0.0,0.0
evt_pay_001671_0,cust_039,pay_001671,2026-06-16T21:04:54.631748+00:00,232632,RETRY_NOW,0.8333333333333334,0,0.6081632653061224,0.4867650725521078,-0.21728442839170062,0.0,1.0,-0.691795006974124,0.7220939470219037,0.625,3.0,-0.6642333856639545,348.28016947552436,1.0,0.0
evt_pay_006286_0,cust_042,pay_006286,2026-06-16T22:15:29.257881+00:00,223421,RETRY_LATER,0.8333333333333334,0,0.4069400630914827,0.07935916963367617,-0.11023110600825571,0.0,1.0,-0.4403794205572028,0.8978117653214968,0.75,7.0,0.21388002896855346,373.8570071319855,0.0,1.0
evt_pay_007659_1,cust_002,pay_007659,2026-06-16T22:15:59.210788+00:00,312360,WHATSAPP_NUDGE,0.8333333333333334,0,0.3365695792880259,0.06215874382041875,0.04657160385496629,1.0,1.0,-0.43842273064096493,0.8987688853411203,0.8695652173913043,8.0,-0.38277421977533765,356.01031404801205,0.0,0.0
evt_pay_000814_0,cust_020,pay_000814,2026-06-16T22:16:48.754823+00:00,77610,WHATSAPP_NUDGE,0.8333333333333334,0,0.27472527472527475,0.06227968153831398,0.7612226411938376,0.0,1.0,-0.43518167819282455,0.9003426608604509,0.7272727272727273,3.0,0.06752823759169156,362.1667623515004,0.0,0.0
evt_pay_000166_1,cust_057,pay_000166,2026-06-16T22:19:25.910058+00:00,93120,WHATSAPP_NUDGE,0.8333333333333334,0,0.315018315018315,0.08333333333333333,0.3926362847181478,1.0,1.0,-0.4248637798235911,0.905257294140186,0.8823529411764706,6.0,-0.5990323654313375,368.19492450232343,0.0,1.0
evt_pay_005693_1,cust_054,pay_005693,2026-06-16T22:21:55.034127+00:00,99490,WHATSAPP_NUDGE,0.8333333333333334,0,0.43478260869565216,0.08333333333333333,0.01788159143977778,1.0,1.0,-0.41502182852209624,0.9098114540113109,0.8888888888888888,8.0,-0.6956354929968003,363.3884683150936,1.0,0.0
evt_pay_004199_1,cust_051,pay_004199,2026-06-16T22:29:04.941235+00:00,619118,PAYMENT_LINK,0.8333333333333334,1,0.4925925925925926,0.08333333333333333,0.046950947021782645,1.0,1.0,-0.38637955597093415,0.9223398715916513,0.6666666666666667,0.0,-1.013594580420746,355.73177281125635,1.0,0.0
evt_pay_002776_1,cust_002,pay_002776,2026-06-16T22:46:28.695322+00:00,258886,WHATSAPP_NUDGE,0.8333333333333334,0,0.33548387096774196,0.021174589512914583,-0.45052685474527704,1.0,1.0,-0.3153250215509989,0.9489837357846878,0.8695652173913043,9.0,-0.38277421977533765,356.03148863752494,0.0,0.0
evt_pay_006078_0,cust_034,pay_006078,2026-06-16T22:51:59.102664+00:00,55692,WHATSAPP_NUDGE,0.8333333333333334,1,0.3759124087591241,0.8242776992813674,0.08447295415887085,0.0,1.0,-0.29243410883074217,0.956285674886103,0.875,2.0,-0.5369784473169031,361.06562248424444,0.0,0.0
evt_pay_001597_0,cust_033,pay_001597,2026-06-16T22:52:25.287270+00:00,76126,RETRY_LATER,0.8333333333333334,0,0.6206896551724138,0.25718586787655795,-0.13088182595543263,0.0,1.0,-0.29061262222412404,0.9568407933423504,0.84,7.0,-0.3958893149650273,351.69660651364484,0.0,1.0
evt_pay_001671_1,cust_039,pay_001671,2026-06-16T23:04:54.631748+00:00,295889,WHATSAPP_NUDGE,0.8333333333333334,1,0.6056910569105691,0.08333333333333333,0.5005455754710864,1.0,1.0,-0.23806507673987137,0.9712492055270054,0.6,3.0,-0.6642333856639545,348.3635028088577,0.0,1.0
evt_pay_006063_0,cust_050,pay_006063,2026-06-16T23:31:03.319902+00:00,127658,WHATSAPP_NUDGE,0.8333333333333334,0,0.43174603174603177,1.050166757438376,0.2702985021658063,0.0,1.0,-0.12595946564267047,0.9920353889932622,0.75,11.0,-0.900782201038446,374.6947498758231,0.0,0.0
evt_pay_007816_0,cust_045,pay_007816,2026-06-16T23:50:23.634058+00:00,82806,WHATSAPP_NUDGE,0.8333333333333334,0,0.23423423423423423,1.3429284089617302,-0.14714338918639114,0.0,1.0,-0.04190224240645688,0.9991217153486909,0.8461538461538461,2.0,1.000889969158722,350.82984047757446,0.0,0.0
evt_pay_004350_0,cust_051,pay_004350,2026-06-17T00:13:18.011713+00:00,594960,PAYMENT_LINK,0.8333333333333334,0,0.4944649446494465,0.1557068342308412,-0.06636794583312923,0.0,1.0,0.0580004805939572,0.9983165551321234,0.5454545454545454,1.0,-1.013594580420746,355.8041463121538,0.0,0.0
evt_pay_000317_0,cust_021,pay_000317,2026-06-17T00:15:25.658162+00:00,191825,WHATSAPP_NUDGE,0.8333333333333334,0,0.27393617021276595,0.7913152192262108,-0.3085488017935714,0.0,1.0,0.06726493339099592,0.9977351495942722,0.7647058823529411,11.0,-0.0711177391970671,363.45956000183304,0.0,0.0
evt_pay_006286_1,cust_042,pay_006286,2026-06-17T00:15:29.257881+00:00,228671,WHATSAPP_NUDGE,0.8333333333333334,1,0.4056603773584906,0.08333333333333333,-0.04568468976604024,1.0,1.0,0.06752611715434026,0.9977175068635702,0.7777777777777778,7.0,0.21388002896855346,373.9403404653188,0.0,0.0
evt_pay_000105_0,cust_010,pay_000105,2026-06-17T00:23:28.086886+00:00,84870,RETRY_LATER,0.8333333333333334,0,0.3333333333333333,0.8788546471764865,0.2106452277440529,0.0,1.0,0.10222011018200391,0.9947618051947807,0.84,6.0,-0.045395759303349575,376.9618969639553,0.0,1.0
evt_pay_002508_0,cust_008,pay_002508,2026-06-17T00:33:51.912760+00:00,241211,RETRY_NOW,0.8333333333333334,0,0.336734693877551,0.19656257810180477,0.37550032305826603,0.0,1.0,0.14722772492730105,0.9891026220836395,0.75,6.0,0.4190160498383978,363.48777676026833,1.0,0.0
evt_pay_004915_0,cust_054,pay_004915,2026-06-17T00:35:11.432517+00:00,93921,RETRY_LATER,0.8333333333333334,0,0.43343653250773995,0.09255090728894781,-0.14304694389190167,0.0,1.0,0.15294505341954825,0.9882346941058544,0.8947368421052632,9.0,-0.6956354929968003,363.4810192223825,0.0,1.0
evt_pay_007013_0,cust_012,pay_007013,2026-06-17T00:38:48.155143+00:00,473904,WHATSAPP_NUDGE,0.8333333333333334,1,0.5648854961832062,0.3771471063227902,-0.3570964669255646,0.0,1.0,0.16850050059798946,0.9857015680713037,0.736842105263158,9.0,-0.5006574979571285,357.2330331754578,0.0,0.0
evt_pay_000676_0,cust_042,pay_000676,2026-06-17T01:06:16.577939+00:00,236301,WHATSAPP_NUDGE,0.03333333333333333,1,0.40752351097178685,0.1186032414183084,0.04812246663366055,0.0,1.0,0.28517107360835925,0.9584766344450217,0.7,8.0,0.21388002896855346,373.97561037340387,1.0,0.0
evt_pay_001976_0,cust_023,pay_001976,2026-06-17T01:07:32.233318+00:00,67893,RETRY_LATER,0.8333333333333334,0,0.3924914675767918,1.2372877151889459,-0.5510498287620873,0.0,1.0,0.29044009148010574,0.9568931775600805,0.6666666666666667,4.0,0.9385908116339667,371.2991658758495,0.0,1.0
evt_pay_008349_2,cust_016,pay_008349,2026-06-17T01:14:11.540689+00:00,116496,PAYMENT_LINK,0.03333333333333333,0,0.3052959501557632,0.9166666666666666,0.002529954845430986,2.0,1.0,0.3181004371118122,0.9480570193344249,0.75,8.0,-0.5381138706705891,369.83116770796397,0.0,1.0
evt_pay_000737_2,cust_010,pay_000737,2026-06-17T01:17:55.045369+00:00,80201,ESCALATE_HUMAN,0.8333333333333334,0,0.3323170731707317,0.03781201949018017,0.041850301618841665,2.0,1.0,0.33346719357047144,0.9427617041502236,0.84,6.0,-0.045395759303349575,376.99970898344554,0.0,0.0
evt_pay_006063_1,cust_050,pay_006063,2026-06-17T01:31:03.319902+00:00,86906,WHATSAPP_NUDGE,0.8333333333333334,0,0.43037974683544306,0.08333333333333333,-0.7280713867222955,1.0,1.0,0.3869335974029647,0.922107581142678,0.6818181818181819,12.0,-0.900782201038446,374.7780832091564,0.0,0.0
evt_pay_006979_0,cust_027,pay_006979,2026-06-17T01:33:18.994469+00:00,61646,ESCALATE_HUMAN,0.03333333333333333,0,0.2838283828382838,0.24375793311340507,-0.6450065241450399,0.0,1.0,0.3960126211234928,0.918245067457975,0.85,3.0,-0.8172299270627982,350.2067166921291,0.0,1.0
evt_pay_001286_0,cust_033,pay_001286,2026-06-17T01:43:17.977936+00:00,67652,RETRY_LATER,0.8333333333333334,0,0.6183206106870229,0.11866540122834597,-0.4343801771407482,0.0,1.0,0.435622451808011,0.9001294792866064,0.84,7.0,-0.3958893149650273,351.8152719148732,0.0,1.0
evt_pay_007816_1,cust_045,pay_007816,2026-06-17T01:50:23.634058+00:00,89869,WHATSAPP_NUDGE,0.8333333333333334,0,0.23353293413173654,0.08333333333333333,0.08402600193071348,1.0,1.0,0.4632724512748204,0.8862159081678793,0.8461538461538461,3.0,1.000889969158722,350.91317381090784,0.0,1.0
evt_pay_000317_1,cust_021,pay_000317,2026-06-17T02:15:25.658162+00:00,183095,WHATSAPP_NUDGE,0.8333333333333334,0,0.27320954907161804,0.08333333333333333,-0.42454339542483266,1.0,1.0,0.5571207158976067,0.830431519101809,0.6956521739130435,12.0,-0.0711177391970671,363.54289333516635,0.0,0.0
evt_pay_008549_0,cust_057,pay_008549,2026-06-17T02:20:25.837210+00:00,65988,RETRY_LATER,0.8333333333333334,0,0.31386861313868614,0.16736026796079764,-0.5542444151704025,0.0,1.0,0.5751145563460235,0.8180728861653566,0.9411764705882353,7.0,-0.5990323654313375,368.36228477028425,0.0,1.0
evt_pay_000105_1,cust_010,pay_000105,2026-06-17T02:23:28.086886+00:00,86841,WHATSAPP_NUDGE,0.8333333333333334,0,0.331306990881459,0.045521313843153166,0.28187547950313924,1.0,1.0,0.5859061147926501,0.8103789389221452,0.8518518518518519,6.0,-0.045395759303349575,377.0452302972887,0.0,1.0
evt_pay_001498_0,cust_001,pay_001498,2026-06-17T02:25:09.988493+00:00,629066,RETRY_LATER,0.8333333333333334,0,0.282798833819242,0.4742735882201335,0.5510821238114954,0.0,1.0,0.5918952805344431,0.8060148738584499,0.9444444444444444,7.0,0.16534712408787333,359.65391216544094,0.0,1.0
evt_pay_002508_1,cust_008,pay_002508,2026-06-17T02:33:51.912760+00:00,205644,WHATSAPP_NUDGE,0.8333333333333334,0,0.33559322033898303,0.08333333333333333,-0.10115625010282563,1.0,1.0,0.6220542609702499,0.7829741352105805,0.7272727272727273,6.0,0.4190160498383978,363.57111009360165,0.0,1.0
evt_pay_003596_0,cust_038,pay_003596,2026-06-17T02:49:05.169518+00:00,51670,RETRY_NOW,0.8333333333333334,1,0.5202952029520295,0.992195313847238,0.454592590954835,0.0,1.0,0.6726450359991019,0.7399653069879473,0.8518518518518519,3.0,2.4957647172129915,375.07432809760036,1.0,0.0
evt_pay_000065_0,cust_005,pay_000065,2026-06-17T02:56:36.387494+00:00,112075,WHATSAPP_NUDGE,0.8333333333333334,0,0.26006191950464397,1.2546898291576742,-0.41082725348525934,0.0,1.0,0.6965594339034048,0.7174990975883999,0.85,2.0,-0.6412832630166057,367.7997613306652,0.0,0.0
evt_pay_001976_1,cust_023,pay_001976,2026-06-17T03:07:32.233318+00:00,73842,WHATSAPP_NUDGE,0.8333333333333334,1,0.391156462585034,0.08333333333333333,-0.34898327706364146,1.0,1.0,0.7299750862792882,0.6834737547349904,0.7391304347826086,4.0,0.9385908116339667,371.38249920918287,1.0,0.0
evt_pay_004060_2,cust_021,pay_004060,2026-06-17T03:15:56.023220+00:00,210280,ESCALATE_HUMAN,0.8333333333333334,0,0.2724867724867725,0.04201811410712253,-0.06335701145169796,2.0,1.0,0.7545198166729603,0.6562772632415375,0.7083333333333333,13.0,-0.0711177391970671,363.5849114492735,1.0,0.0
evt_pay_006695_0,cust_006,pay_006695,2026-06-17T03:29:51.418911+00:00,151181,WHATSAPP_NUDGE,0.8333333333333334,0,0.3716012084592145,4.596528489381778,0.46210524513904705,0.0,1.0,0.7929732977620183,0.6092563902302786,0.7916666666666666,3.0,-0.3286363658753921,369.794134659793,0.0,0.0
evt_pay_001286_1,cust_033,pay_001286,2026-06-17T03:43:17.977936+00:00,77368,WHATSAPP_NUDGE,0.8333333333333334,1,0.6159695817490495,0.08333333333333333,-0.08643534111856474,1.0,1.0,0.8273248493679031,0.5617237698534543,0.8,7.0,-0.3958893149650273,351.8986052482066,0.0,1.0
evt_pay_002310_0,cust_053,pay_002310,2026-06-17T03:47:48.890653+00:00,311643,RETRY_LATER,0.8333333333333334,0,0.34105960264900664,1.5287522082421674,-0.07506841784538758,0.0,1.0,0.8382302834061246,0.545316414552953,0.9473684210526316,4.0,-0.06914381847567465,348.14256332813375,0.0,1.0
evt_pay_002805_0,cust_032,pay_002805,2026-06-17T04:11:04.503345+00:00,257619,RETRY_NOW,0.8333333333333334,1,0.24925816023738873,1.104349743387786,-0.5901874669972572,0.0,1.0,0.8891670440749659,0.45758274413595146,0.8571428571428572,11.0,0.2905055503479753,372.6377136549525,1.0,0.0
evt_pay_008549_1,cust_057,pay_008549,2026-06-17T04:20:25.837210+00:00,84252,WHATSAPP_NUDGE,0.8333333333333334,0,0.31272727272727274,0.08333333333333333,0.08314981400183548,1.0,1.0,0.9071002589645517,0.42091462339344227,0.9473684210526316,7.0,-0.5990323654313375,368.44561810361756,0.0,0.0
evt_pay_001498_1,cust_001,pay_001498,2026-06-17T04:25:09.988493+00:00,540016,PAYMENT_LINK,0.8333333333333334,0,0.2819767441860465,0.08333333333333333,0.06862060899862989,1.0,1.0,0.9156037862521695,0.402081716322306,0.95,6.0,0.16534712408787333,359.73724549877426,0.0,0.0
evt_pay_003420_0,cust_059,pay_003420,2026-06-17T04:54:38.276041+00:00,182557,RETRY_NOW,0.03333333333333333,0,0.35766423357664234,0.5188825555747106,0.2968612614938401,0.0,1.0,0.9596065796052302,0.281345361394765,0.7083333333333333,7.0,-0.38878117849020055,359.8252016360431,0.0,0.0
evt_pay_000065_1,cust_005,pay_000065,2026-06-17T04:56:36.387494+00:00,135792,WHATSAPP_NUDGE,0.8333333333333334,0,0.25925925925925924,0.08333333333333333,0.1068589751432067,1.0,1.0,0.961987713800256,0.2730927287522621,0.8181818181818181,3.0,-0.6412832630166057,367.8830946639985,0.0,0.0
evt_pay_008100_0,cust_037,pay_008100,2026-06-17T05:02:53.030314+00:00,143541,WHATSAPP_NUDGE,0.8333333333333334,0,0.3712121212121212,0.8964100616416696,-0.2872198868256147,0.0,1.0,0.9691060224431447,0.24664451598287573,0.7272727272727273,3.0,-0.33341852366871827,354.8401995232844,0.0,0.0
evt_pay_004526_0,cust_043,pay_004526,2026-06-17T05:04:39.986927+00:00,171674,WHATSAPP_NUDGE,0.8333333333333334,0,0.238562091503268,0.7690291746711372,0.5429037329058083,0.0,1.0,0.9709951151159824,0.23909932333844042,0.8260869565217391,6.0,-0.05414349663535748,362.85382943433586,0.0,0.0
evt_pay_006946_0,cust_013,pay_006946,2026-06-17T05:12:32.985592+00:00,184549,WHATSAPP_NUDGE,0.8333333333333334,0,0.2641509433962264,2.141768618541581,0.2096362897824915,0.0,1.0,0.9786435204444472,0.20556473406715184,0.9523809523809523,3.0,-0.5595801808996762,348.8193189634453,0.0,0.0
evt_pay_001688_0,cust_049,pay_001688,2026-06-17T05:12:40.441408+00:00,292219,RETRY_LATER,0.03333333333333333,0,0.3275862068965517,1.2266881984821605,-0.36670276960553366,0.0,1.0,0.9787548342499598,0.20503408114831476,0.8260869565217391,4.0,0.2100296838614713,350.0980495948673,0.0,0.0
evt_pay_002265_2,cust_042,pay_002265,2026-06-17T05:18:57.045754+00:00,242878,ESCALATE_HUMAN,0.8333333333333334,0,0.409375,0.2940716189098301,0.12898043867564327,2.0,1.0,0.9840024457595586,0.1781549514866395,0.7083333333333333,9.0,0.21388002896855346,374.15107875089535,0.0,0.0
evt_pay_007354_0,cust_038,pay_007354,2026-06-17T05:22:41.343700+00:00,37316,WHATSAPP_NUDGE,0.8333333333333334,1,0.5220588235294118,1.0988639965095974,-0.4654203774299457,0.0,1.0,0.9867773748788995,0.16208149933631463,0.8,3.0,2.4957647172129915,375.18099678026266,0.0,0.0
evt_pay_002673_0,cust_017,pay_002673,2026-06-17T05:29:20.910438+00:00,507091,RETRY_NOW,0.8333333333333334,0,0.28938906752411575,0.5892781055785387,-0.02624732787858505,0.0,1.0,0.9910698127459848,0.13334401472746524,0.8333333333333334,14.0,0.5027156808516637,370.79032279430044,1.0,0.0
evt_pay_006695_1,cust_006,pay_006695,2026-06-17T05:29:51.418911+00:00,120993,RETRY_LATER,0.03333333333333333,0,0.3704819277108434,0.08333333333333333,-0.20066982006992867,1.0,1.0,0.991363215499769,0.1311448624764175,0.7692307692307692,4.0,-0.3286363658753921,369.87746799312634,0.0,0.0
evt_pay_008201_0,cust_020,pay_008201,2026-06-17T05:36:51.517747+00:00,73410,RETRY_LATER,0.8333333333333334,0,0.273972602739726,0.3055875338486847,0.5654265259929608,0.0,1.0,0.9949065282734945,0.10080178569242913,0.75,4.0,0.06752823759169156,362.4723498853491,0.0,1.0
evt_pay_002310_1,cust_053,pay_002310,2026-06-17T05:47:48.890653+00:00,295198,WHATSAPP_NUDGE,0.8333333333333334,0,0.33993399339933994,0.08333333333333333,-0.2218746298867748,1.0,1.0,0.99858692692761,0.05314272640044095,0.9523809523809523,4.0,-0.06914381847567465,348.22589666146706,0.0,0.0
evt_pay_007304_0,cust_057,pay_007304,2026-06-17T06:38:25.184688+00:00,89049,WHATSAPP_NUDGE,0.8333333333333334,0,0.3115942028985507,0.09582578099322821,0.2505431861576542,0.0,1.0,0.9859816657984637,-0.16685369252517776,0.9523809523809523,7.0,-0.5990323654313375,368.5414438846108,0.0,0.0
evt_pay_008100_1,cust_037,pay_008100,2026-06-17T07:02:53.030314+00:00,152752,RETRY_LATER,0.03333333333333333,0,0.36981132075471695,0.08333333333333333,-0.12231274727201853,1.0,1.0,0.9625926923876935,-0.270952594676285,0.7692307692307692,4.0,-0.33341852366871827,354.9235328566178,0.0,1.0
evt_pay_003745_0,cust_051,pay_003745,2026-06-17T07:05:35.516368+00:00,583341,RETRY_LATER,0.8333333333333334,0,0.49264705882352944,0.2863137112898168,-0.12086612677192615,0.0,1.0,0.9593239040948582,-0.2823077169193208,0.6363636363636364,2.0,-1.013594580420746,356.0904600234437,0.0,1.0
evt_pay_006946_1,cust_013,pay_006946,2026-06-17T07:12:32.985592+00:00,155819,WHATSAPP_NUDGE,0.8333333333333334,0,0.26332288401253917,0.08333333333333333,-0.26778812102948024,1.0,1.0,0.9503125169875029,-0.31129747839787775,0.9545454545454546,4.0,-0.5595801808996762,348.9026522967786,0.0,0.0
evt_pay_002673_1,cust_017,pay_002673,2026-06-17T07:29:20.910438+00:00,598286,PAYMENT_LINK,0.8333333333333334,0,0.28846153846153844,0.08333333333333333,0.4828589126569872,1.0,1.0,0.9249636421256422,-0.38005560217640105,0.84,14.0,0.5027156808516637,370.87365612763375,1.0,0.0
evt_pay_008201_1,cust_020,pay_008201,2026-06-17T07:36:51.517747+00:00,78087,WHATSAPP_NUDGE,0.8333333333333334,0,0.273224043715847,0.08333333333333333,0.783436231596453,1.0,1.0,0.9120152207220416,-0.41015635698026887,0.7692307692307692,4.0,0.06752823759169156,362.5556832186824,0.0,0.0
evt_pay_007304_1,cust_057,pay_007304,2026-06-17T08:38:25.184688+00:00,81166,WHATSAPP_NUDGE,0.8333333333333334,0,0.3104693140794224,0.08333333333333333,-0.02454281248039864,1.0,1.0,0.7704583239845793,-0.6374903693412733,0.9545454545454546,8.0,-0.5990323654313375,368.6247772179442,0.0,0.0
evt_pay_003745_1,cust_051,pay_003745,2026-06-17T09:05:35.516368+00:00,560648,PAYMENT_LINK,0.8333333333333334,0,0.4908424908424908,0.08333333333333333,-0.22731317806589635,1.0,1.0,0.6896450129441533,-0.724147606583947,0.6363636363636364,2.0,-1.013594580420746,356.173793356777,0.0,1.0
evt_pay_007540_0,cust_044,pay_007540,2026-06-17T09:35:15.934985+00:00,186159,RETRY_NOW,0.8333333333333334,0,0.3774193548387097,1.362369485091411,-0.5136103085070499,0.0,1.0,0.5903747235564549,-0.8071292869086336,0.7857142857142857,4.0,-0.8459251821363672,368.24341460564875,1.0,0.0
evt_pay_008075_0,cust_014,pay_008075,2026-06-17T09:41:09.303986+00:00,63195,PAYMENT_LINK,0.03333333333333333,0,0.21487603305785125,0.6402107051411955,-0.1554933588259811,0.0,1.0,0.5694407017980097,-0.8220324124605977,0.75,17.0,-0.8122776257059364,372.16060265243095,0.0,1.0
evt_pay_005080_0,cust_056,pay_005080,2026-06-17T10:37:16.818964+00:00,175543,RETRY_LATER,0.8333333333333334,0,0.24624624624624625,0.7053885015851241,0.29049447755714525,0.0,1.0,0.35314700041673447,-0.9355678468698371,0.76,5.0,-0.26273729270347856,359.3980024435895,0.0,1.0
evt_pay_002285_0,cust_011,pay_002285,2026-06-17T10:45:55.943063+00:00,54503,RETRY_LATER,0.8333333333333334,0,0.4910394265232975,2.846016670941689,-0.23005622567830497,0.0,1.0,0.3175844253710436,-0.9482299999270979,0.8,6.0,-0.306212897974724,352.1679326635501,0.0,1.0
evt_pay_007540_1,cust_044,pay_007540,2026-06-17T11:35:15.934985+00:00,234454,WHATSAPP_NUDGE,0.8333333333333334,0,0.3762057877813505,0.08333333333333333,0.0943723798389328,1.0,1.0,0.10771486489778855,-0.994181828379523,0.8125,4.0,-0.8459251821363672,368.3267479389821,0.0,1.0
evt_pay_008075_1,cust_014,pay_008075,2026-06-17T11:41:09.303986+00:00,73558,WHATSAPP_NUDGE,0.8333333333333334,0,0.21428571428571427,0.08333333333333333,0.2874953768984258,1.0,1.0,0.08213390747561722,-0.9966213028240901,0.7692307692307692,18.0,-0.8122776257059364,372.24393598576427,0.0,1.0
evt_pay_001363_2,cust_024,pay_001363,2026-06-17T12:33:21.104450+00:00,84543,WHATSAPP_NUDGE,0.03333333333333333,0,0.23270440251572327,0.8576175567679533,-0.3331464519938225,2.0,1.0,-0.14501132870966965,-0.9894299947676218,0.9545454545454546,10.0,-1.1653357768016162,363.18102032529436,0.0,0.0
evt_pay_007037_2,cust_001,pay_007037,2026-06-17T13:02:12.750471+00:00,436974,ESCALATE_HUMAN,0.8333333333333334,0,0.2811594202898551,0.3590597451131998,-0.4896548601601822,2.0,1.0,-0.26813177815224426,-0.9633822447735456,0.9545454545454546,7.0,0.16534712408787333,360.09630524388746,0.0,1.0
evt_pay_005162_0,cust_003,pay_005162,2026-06-17T13:21:04.668502+00:00,217399,RETRY_LATER,0.8333333333333334,0,0.4846153846153846,2.231076598880179,-0.03692232800179401,0.0,1.0,-0.34643555592962183,-0.9380737740645636,0.7777777777777778,1.0,2.053947620637407,353.5869659890971,0.0,1.0
evt_pay_001190_0,cust_014,pay_001190,2026-06-17T13:37:57.829218+00:00,70609,RETRY_NOW,0.8333333333333334,0,0.2136986301369863,0.0811171901912265,0.16144277367894933,0.0,1.0,-0.4145495876294653,-0.9100267245505707,0.7777777777777778,19.0,-0.8122776257059364,372.3250531759556,1.0,0.0
evt_pay_005304_0,cust_001,pay_005304,2026-06-17T13:57:18.770529+00:00,467495,RETRY_LATER,0.8333333333333334,0,0.28034682080924855,0.03826412104592691,-0.3242941996316517,0.0,1.0,-0.48981177034322093,-0.8718282110790174,0.9545454545454546,7.0,0.16534712408787333,360.1345693649334,0.0,1.0
evt_pay_002010_0,cust_001,pay_002010,2026-06-17T14:20:17.699766+00:00,521603,RETRY_NOW,0.8333333333333334,0,0.27953890489913547,0.01595982913304776,-0.031143345973061554,0.0,1.0,-0.5746303433774537,-0.8184130793614613,0.9565217391304348,7.0,0.16534712408787333,360.15052919406645,1.0,0.0
evt_pay_001601_0,cust_043,pay_001601,2026-06-17T14:23:09.654303+00:00,131640,RETRY_LATER,0.8333333333333334,0,0.23778501628664495,0.3878433724117751,-0.24997154858603537,0.0,1.0,-0.5848193120565751,-0.8111635915434532,0.7894736842105263,6.0,-0.05414349663535748,363.24167280674766,0.0,1.0
evt_pay_006257_2,cust_059,pay_006257,2026-06-17T14:27:26.823240+00:00,183953,ESCALATE_HUMAN,0.8333333333333334,0,0.3563636363636364,0.39778411109195605,0.32097670559745567,2.0,1.0,-0.5998864198238928,-0.8000851725353197,0.7272727272727273,7.0,-0.38878117849020055,360.222985747135,0.0,1.0
evt_pay_000246_0,cust_006,pay_000246,2026-06-17T14:33:56.779787+00:00,110072,WHATSAPP_NUDGE,0.8333333333333334,0,0.36936936936936937,0.377839824951612,-0.4404598145203529,0.0,1.0,-0.6223313479837765,-0.7827539161937778,0.7857142857142857,4.0,-0.3286363658753921,370.25530781807794,0.0,0.0
evt_pay_005165_0,cust_024,pay_005165,2026-06-17T14:49:44.028037+00:00,96459,RETRY_NOW,0.8333333333333334,0,0.23197492163009403,0.09470976373218794,0.02259312833138529,0.0,1.0,-0.6747333941789736,-0.7380615467423579,0.9565217391304348,11.0,-1.1653357768016162,363.27573008902647,1.0,0.0
evt_pay_006057_0,cust_051,pay_006057,2026-06-17T15:08:30.915831+00:00,588768,ESCALATE_HUMAN,0.03333333333333333,0,0.48905109489051096,0.2520300863733193,-0.09540970163685324,0.0,1.0,-0.7328851633913401,-0.6803523625893046,0.7,3.0,-1.013594580420746,356.42582344315036,0.0,1.0
evt_pay_005162_1,cust_003,pay_005162,2026-06-17T15:21:04.668502+00:00,230216,WHATSAPP_NUDGE,0.8333333333333334,0,0.4827586206896552,0.08333333333333333,0.12935368473543074,1.0,1.0,-0.7690588792415188,-0.6391779409990451,0.7894736842105263,1.0,2.053947620637407,353.6702993224305,0.0,1.0
evt_pay_001190_1,cust_014,pay_001190,2026-06-17T15:37:57.829218+00:00,65842,PAYMENT_LINK,0.03333333333333333,0,0.21311475409836064,0.08333333333333333,-0.04233594545082427,1.0,1.0,-0.8140238362907655,-0.5808314677688056,0.8214285714285714,19.0,-0.8122776257059364,372.4083865092889,1.0,0.0
evt_pay_005152_2,cust_056,pay_005152,2026-06-17T15:41:31.252427+00:00,252281,ESCALATE_HUMAN,0.8333333333333334,0,0.24550898203592814,0.2112781650815426,1.6664755211265994,2.0,1.0,-0.822940269597837,-0.56812790168609,0.8275862068965517,5.0,-0.26273729270347856,359.60928060867104,0.0,1.0
evt_pay_008139_0,cust_020,pay_008139,2026-06-17T15:56:52.690523+00:00,66454,RETRY_LATER,0.8333333333333334,0,0.2724795640326976,0.34723579601897353,0.24108562315962934,0.0,1.0,-0.8591345070677202,-0.5117498400248948,0.875,5.0,0.06752823759169156,362.90291901470135,0.0,1.0
evt_pay_008230_0,cust_002,pay_008230,2026-06-17T16:02:34.094645+00:00,315279,RETRY_NOW,0.8333333333333334,0,0.33440514469453375,0.7195069366120871,0.07370941220932707,0.0,1.0,-0.8715739504181433,-0.4902640604332648,0.8,9.0,-0.38277421977533765,356.75099557413705,1.0,0.0
evt_pay_005896_2,cust_014,pay_005896,2026-06-17T16:19:15.099061+00:00,70262,ESCALATE_HUMAN,0.8333333333333334,0,0.2125340599455041,0.02867210466757797,0.14661207426462658,2.0,1.0,-0.9049229874121849,-0.4255753597813279,0.8214285714285714,20.0,-0.8122776257059364,372.4370586139565,1.0,0.0
evt_pay_002010_1,cust_001,pay_002010,2026-06-17T16:20:17.699766+00:00,477093,WHATSAPP_NUDGE,0.8333333333333334,0,0.27873563218390807,0.08333333333333333,-0.2722921945538268,1.0,1.0,-0.9068510148309806,-0.42145134582774874,0.9545454545454546,7.0,0.16534712408787333,360.2338625273998,1.0,0.0
evt_pay_001601_1,cust_043,pay_001601,2026-06-17T16:23:09.654303+00:00,154237,WHATSAPP_NUDGE,0.8333333333333334,0,0.237012987012987,0.08333333333333333,0.19757502376703515,1.0,1.0,-0.9120501766364596,-0.4100786208733671,0.8095238095238095,6.0,-0.05414349663535748,363.32500614008103,0.0,1.0
evt_pay_000246_1,cust_006,pay_000246,2026-06-17T16:33:56.779787+00:00,125031,WHATSAPP_NUDGE,0.8333333333333334,0,0.36826347305389223,0.08333333333333333,-0.11202858519159486,1.0,1.0,-0.9303317150222529,-0.3667191023436789,0.8214285714285714,5.0,-0.3286363658753921,370.3386411514113,0.0,0.0
evt_pay_008084_0,cust_052,pay_008084,2026-06-17T16:44:40.029384+00:00,164566,WHATSAPP_NUDGE,0.8333333333333334,0,0.45454545454545453,3.546415438435664,0.3685726934497398,0.0,1.0,-0.9464623031462086,-0.32281435643907513,0.6842105263157895,5.0,-1.0656726581061444,377.57247794676664,0.0,0.0
evt_pay_002185_0,cust_056,pay_002185,2026-06-17T16:53:12.093099+00:00,267364,RETRY_NOW,0.8333333333333334,0,0.24477611940298508,0.0497782485172138,1.9369195613070658,0.0,1.0,-0.9578244403612994,-0.2873540350274616,0.8148148148148149,5.0,-0.26273729270347856,359.65905885718826,1.0,0.0
evt_pay_004197_0,cust_041,pay_004197,2026-06-17T16:59:15.494061+00:00,276440,WHATSAPP_NUDGE,0.8333333333333334,0,0.40264026402640263,2.273331294296478,0.14439564575035785,0.0,1.0,-0.9650830843544987,-0.2619439640320186,0.8571428571428572,6.0,0.3693318557794774,376.99765128512126,0.0,0.0
evt_pay_000108_0,cust_019,pay_000108,2026-06-17T17:19:43.554812+00:00,105959,RETRY_NOW,0.8333333333333334,0,0.4033898305084746,3.034146082490546,-0.32745074839829197,0.0,1.0,-0.9845993781240779,-0.17482581216078774,0.7,3.0,-0.5137657855739247,354.1312846292431,1.0,0.0
evt_pay_005290_0,cust_038,pay_005290,2026-06-17T17:37:54.113324+00:00,40796,WHATSAPP_NUDGE,0.8333333333333334,0,0.5238095238095238,1.6094284597514086,-0.2423274245564817,0.0,1.0,-0.9953550764398328,-0.09627186403853702,0.8214285714285714,4.0,2.4957647172129915,375.69156124350457,0.0,0.0
evt_pay_000501_0,cust_059,pay_000501,2026-06-17T17:38:06.222305+00:00,181579,ESCALATE_HUMAN,0.03333333333333333,0,0.35507246376811596,0.1324004521514818,0.2799691389083723,0.0,1.0,-0.9954394665491284,-0.09539532712028781,0.736842105263158,7.0,-0.38878117849020055,360.35538619928656,0.0,1.0
evt_pay_001739_0,cust_044,pay_001739,2026-06-17T17:45:52.132726+00:00,201028,RETRY_LATER,0.8333333333333334,1,0.375,0.25736339978273765,-0.3264254144732872,0.0,1.0,-0.9980997077113345,-0.061619586711926175,0.9375,5.0,-0.8459251821363672,368.5841113387648,0.0,1.0
evt_pay_002091_0,cust_018,pay_002091,2026-06-17T17:59:19.349698+00:00,130352,WHATSAPP_NUDGE,0.8333333333333334,0,0.2862190812720848,3.3858197101516034,-0.2873628581477381,0.0,1.0,-0.9999956305226971,-0.002956169060364516,0.95,1.0,-0.4554811204429685,353.3717483010807,0.0,0.0
evt_pay_008036_0,cust_006,pay_008036,2026-06-17T18:01:31.067121+00:00,122897,RETRY_NOW,0.8333333333333334,0,0.36716417910447763,0.06081351081887002,-0.1588813693928301,0.0,1.0,-0.9999780707445368,0.006622539545682421,0.8214285714285714,6.0,-0.3286363658753921,370.3994546622302,1.0,0.0
evt_pay_008230_1,cust_002,pay_008230,2026-06-17T18:02:34.094645+00:00,281964,WHATSAPP_NUDGE,0.8333333333333334,0,0.3333333333333333,0.08333333333333333,-0.23598767563604262,1.0,1.0,-0.9999372125555033,0.011205844311355321,0.9523809523809523,9.0,-0.38277421977533765,356.83432890747036,0.0,1.0
evt_pay_000357_0,cust_021,pay_000357,2026-06-17T18:04:42.563996+00:00,188766,RETRY_NOW,0.8333333333333334,1,0.2717678100263852,0.6172053330466459,-0.3491993061695317,0.0,1.0,-0.9997888842567006,0.02054718756281588,0.736842105263158,10.0,-0.0711177391970671,364.20211678232005,1.0,0.0
evt_pay_006575_0,cust_042,pay_006575,2026-06-17T18:32:33.050539+00:00,211121,WHATSAPP_NUDGE,0.8333333333333334,0,0.40809968847352024,0.5511111664888896,-0.2614603681925161,0.0,1.0,-0.9899307057917992,0.1415528089814904,0.6842105263157895,9.0,0.21388002896855346,374.7021899173842,0.0,0.0
evt_pay_008398_0,cust_008,pay_008398,2026-06-17T18:34:47.761684+00:00,239707,RETRY_NOW,0.8333333333333334,0,0.3344594594594595,0.6673130662451475,0.35534567628478814,0.0,1.0,-0.9884965081374524,0.15124368879415598,0.9333333333333333,7.0,0.4190160498383978,364.23842315984683,1.0,0.0
evt_pay_002214_0,cust_029,pay_002214,2026-06-17T18:50:41.088660+00:00,52353,RETRY_LATER,0.8333333333333334,0,0.3787878787878788,3.6079450333172836,0.4861163831404226,0.0,1.0,-0.975644916934377,0.21935586625415904,0.9545454545454546,4.0,-0.8256115037842402,351.798484754526,0.0,1.0
evt_pay_002185_1,cust_056,pay_002185,2026-06-17T18:53:12.093099+00:00,158373,PAYMENT_LINK,0.03333333333333333,0,0.24404761904761904,0.08333333333333333,-0.017372457312758518,1.0,1.0,-0.9731773152322291,0.23005632596690478,0.8518518518518519,5.0,-0.26273729270347856,359.74239219052157,0.0,0.0
evt_pay_000255_0,cust_044,pay_000255,2026-06-17T18:54:39.209887+00:00,301229,PAYMENT_LINK,0.03333333333333333,0,0.3769968051118211,0.30513049655572405,0.9349904797412066,0.0,1.0,-0.9717003167357497,0.2362170494601176,0.9375,5.0,-0.8459251821363672,368.63187843553777,0.0,1.0
evt_pay_004197_1,cust_041,pay_004197,2026-06-17T18:59:15.494061+00:00,294094,WHATSAPP_NUDGE,0.8333333333333334,0,0.40131578947368424,0.08333333333333333,0.33607851144234097,1.0,1.0,-0.9667584498296454,0.25569141495752423,0.9565217391304348,7.0,0.3693318557794774,377.0809846184546,0.0,0.0
evt_pay_002837_0,cust_036,pay_002837,2026-06-17T19:07:08.169813+00:00,320982,RETRY_NOW,0.8333333333333334,0,0.4069400630914827,2.144607039464612,-0.15218828740196902,0.0,1.0,-0.9573999670393138,0.2887651348641675,0.7,6.0,-0.5882553306323993,359.2380050176189,1.0,0.0
evt_pay_000205_0,cust_017,pay_000205,2026-06-17T19:08:45.245498+00:00,476138,RETRY_LATER,0.8333333333333334,0,0.28753993610223644,0.4856983224461449,-0.19904612001603067,0.0,1.0,-0.9553375771414054,0.29551668937910963,0.9583333333333334,15.0,0.5027156808516637,371.35935445007993,0.0,1.0
evt_pay_003023_0,cust_035,pay_003023,2026-06-17T19:12:18.249271+00:00,39811,PAYMENT_LINK,0.03333333333333333,0,0.26666666666666666,1.9979325736587914,-0.26266042202163997,0.0,1.0,-0.9506455748742482,0.3102788922437526,0.7272727272727273,4.0,0.5026080740568922,351.73594513639864,0.0,0.0
evt_pay_000108_1,cust_019,pay_000108,2026-06-17T19:19:43.554812+00:00,83618,PAYMENT_LINK,0.03333333333333333,0,0.40202702702702703,0.08333333333333333,-0.8608422707277981,1.0,1.0,-0.9401009800862056,0.34089609449355057,0.75,3.0,-0.5137657855739247,354.2146179625765,0.0,1.0
evt_pay_005290_1,cust_038,pay_005290,2026-06-17T19:37:54.113324+00:00,47133,WHATSAPP_NUDGE,0.8333333333333334,1,0.5218978102189781,0.08333333333333333,0.16384003015347368,1.0,1.0,-0.9101387140019658,0.41430365829286125,0.8518518518518519,5.0,2.4957647172129915,375.7748945768379,0.0,0.0
evt_pay_002091_1,cust_018,pay_002091,2026-06-17T19:59:19.349698+00:00,161361,WHATSAPP_NUDGE,0.8333333333333334,0,0.2852112676056338,0.08333333333333333,0.32395425154228424,1.0,1.0,-0.8674997042362756,0.49743769775719077,0.9583333333333334,2.0,-0.4554811204429685,353.455081634414,0.0,1.0
evt_pay_007659_2,cust_002,pay_007659,2026-06-17T20:15:59.210788+00:00,338475,ESCALATE_HUMAN,0.8333333333333334,0,0.33226837060702874,0.09265180720833162,0.2893418002470686,2.0,1.0,-0.8290696650021777,0.5591453215159516,0.96,10.0,-0.38277421977533765,356.9269807146787,0.0,1.0
evt_pay_000166_2,cust_057,pay_000166,2026-06-17T20:19:25.910058+00:00,87369,ESCALATE_HUMAN,0.8333333333333334,0,0.30935251798561153,0.48681395104597414,0.19190994143420634,2.0,1.0,-0.8205714735452009,0.5715439237747678,1.0,9.0,-0.5990323654313375,369.1115911689901,1.0,0.0
evt_pay_006575_1,cust_042,pay_006575,2026-06-17T20:32:33.050539+00:00,427617,WHATSAPP_NUDGE,0.8333333333333334,0,0.40683229813664595,0.08333333333333333,2.4003159330511354,1.0,1.0,-0.7865287347112119,0.6175536814509166,0.7222222222222222,10.0,0.21388002896855346,374.7855232507175,0.0,0.0
evt_pay_008398_1,cust_008,pay_008398,2026-06-17T20:34:47.761684+00:00,264421,WHATSAPP_NUDGE,0.8333333333333334,0,0.3333333333333333,0.08333333333333333,0.6865500349562943,1.0,1.0,-0.7804412432021667,0.6252291307265333,0.9375,7.0,0.4190160498383978,364.32175649318015,0.0,0.0
evt_pay_002776_2,cust_002,pay_002776,2026-06-17T20:46:28.695322+00:00,294383,ESCALATE_HUMAN,0.8333333333333334,0,0.33121019108280253,0.021174589512914583,-0.12054096266092765,2.0,1.0,-0.7475713470043841,0.6641815121923003,0.9583333333333334,10.0,-0.38277421977533765,356.94815530419163,1.0,0.0
evt_pay_000994_0,cust_019,pay_000994,2026-06-17T20:47:00.705729+00:00,146287,RETRY_NOW,0.8333333333333334,1,0.4006734006734007,0.06061517264972357,0.6353387796090508,0.0,1.0,-0.7460231996392546,0.6659199543488759,0.8181818181818181,4.0,-0.5137657855739247,354.2752331352262,1.0,0.0
evt_pay_002214_1,cust_029,pay_002214,2026-06-17T20:50:41.088660+00:00,34194,RETRY_LATER,0.03333333333333333,1,0.3776435045317221,0.08333333333333333,-0.6735263567587564,1.0,1.0,-0.7352553500112486,0.6777902111124328,0.9583333333333334,3.0,-0.8256115037842402,351.8818180878593,0.0,0.0
evt_pay_000255_1,cust_044,pay_000255,2026-06-17T20:54:39.209887+00:00,244410,WHATSAPP_NUDGE,0.8333333333333334,0,0.37579617834394907,0.08333333333333333,0.21970191975245132,1.0,1.0,-0.723408634428485,0.6904201240073428,0.9375,6.0,-0.8459251821363672,368.7152117688711,0.0,0.0
evt_pay_000499_0,cust_045,pay_000499,2026-06-17T20:59:31.522893+00:00,98385,RETRY_NOW,0.8333333333333334,0,0.23283582089552238,0.7980079726290796,0.3627360621783342,0.0,1.0,-0.7085696209342278,0.7056409088829281,0.8148148148148149,4.0,1.000889969158722,351.7111817835369,1.0,0.0
evt_pay_007785_0,cust_038,pay_007785,2026-06-17T21:04:38.846577+00:00,38951,RETRY_LATER,0.8333333333333334,0,0.5236363636363637,0.1435733015422329,-0.3606198237965159,0.0,1.0,-0.6926234642928314,0.72129933918658,0.8214285714285714,6.0,2.4957647172129915,375.83513454504674,0.0,1.0
evt_pay_002837_1,cust_036,pay_002837,2026-06-17T21:07:08.169813+00:00,343134,WHATSAPP_NUDGE,0.8333333333333334,1,0.4056603773584906,0.08333333333333333,0.034486094202455346,1.0,1.0,-0.6847501256063466,0.7287779260392651,0.7272727272727273,6.0,-0.5882553306323993,359.3213383509522,0.0,1.0
evt_pay_000205_1,cust_017,pay_000205,2026-06-17T21:08:45.245498+00:00,419331,WHATSAPP_NUDGE,0.8333333333333334,0,0.28662420382165604,0.08333333333333333,-0.51617672962708,1.0,1.0,-0.6795882663047779,0.7335937488152869,0.92,15.0,0.5027156808516637,371.44268778341325,0.0,1.0
evt_pay_003023_1,cust_035,pay_003023,2026-06-17T21:12:18.249271+00:00,42078,WHATSAPP_NUDGE,0.8333333333333334,0,0.2658959537572254,0.08333333333333333,-0.11488745225592417,1.0,1.0,-0.6681437717144847,0.7440321903783078,0.6666666666666667,5.0,0.5026080740568922,351.81927846973196,0.0,1.0
evt_pay_004831_0,cust_013,pay_004831,2026-06-17T21:44:30.860193+00:00,169777,RETRY_NOW,0.8333333333333334,0,0.2625,0.6055309560315626,-0.035847371696638194,0.0,1.0,-0.557330957000012,0.8302904337455965,1.0,5.0,-0.5595801808996762,349.50818325281017,1.0,0.0
evt_pay_003715_0,cust_046,pay_003715,2026-06-17T22:13:36.227071+00:00,78182,WHATSAPP_NUDGE,0.8333333333333334,0,0.4,1.5858155836274175,-0.758221840644524,0.0,1.0,-0.4477443225231865,0.8941616306061521,0.8275862068965517,4.0,-0.9687765812058661,371.94648256786064,0.0,0.0
evt_pay_000499_1,cust_045,pay_000499,2026-06-17T22:59:31.522893+00:00,77207,WHATSAPP_NUDGE,0.8333333333333334,0,0.23214285714285715,0.08333333333333333,-0.3303561030690492,1.0,1.0,-0.2608188376374878,0.9653877635092698,0.8571428571428572,4.0,1.000889969158722,351.7945151168703,0.0,1.0
evt_pay_007785_1,cust_038,pay_007785,2026-06-17T23:04:38.846577+00:00,47755,WHATSAPP_NUDGE,0.8333333333333334,1,0.5217391304347826,0.08333333333333333,0.2036544871007314,1.0,1.0,-0.23917984574148488,0.9709752836149227,0.8620689655172413,6.0,2.4957647172129915,375.9184678783801,1.0,0.0
evt_pay_001044_0,cust_045,pay_001044,2026-06-17T23:47:32.726816+00:00,104965,WHATSAPP_NUDGE,0.8333333333333334,0,0.2314540059347181,0.03334726761949014,0.5780693471084468,0.0,1.0,-0.05431649580803318,0.9985237695133431,0.8333333333333334,5.0,1.000889969158722,351.8278623844897,0.0,0.0
evt_pay_007816_2,cust_045,pay_007816,2026-06-17T23:50:23.634058+00:00,85891,RETRY_NOW,0.03333333333333333,0,0.23076923076923078,0.0019780930847635623,-0.046173275651179575,2.0,1.0,-0.04190224240645688,0.9991217153486909,0.8387096774193549,6.0,1.000889969158722,351.82984047757446,0.0,0.0
evt_pay_001397_0,cust_012,pay_001397,2026-06-17T23:54:51.546351+00:00,551562,PAYMENT_LINK,0.8333333333333334,0,0.5665399239543726,1.3466308008509411,0.05258005257711415,0.0,1.0,-0.022429501310357924,0.9997484270910201,0.7058823529411764,9.0,-0.5006574979571285,358.2025168699859,0.0,0.0
evt_pay_001281_0,cust_054,pay_001281,2026-06-18T00:02:57.316341+00:00,142830,WHATSAPP_NUDGE,0.8333333333333334,1,0.43209876543209874,0.9776143961079432,1.2703206503745634,0.0,1.0,0.01289445083023041,0.9999168631130224,1.0,9.0,-0.6956354929968003,364.4586336184904,0.0,0.0
evt_pay_007669_0,cust_039,pay_007669,2026-06-18T00:09:55.418362+00:00,266890,DO_NOTHING,0.03333333333333333,0,0.6072874493927125,1.1284813265562548,0.1714690447958791,0.0,1.0,0.043286515973593356,0.9990626995013215,0.8181818181818181,4.0,-0.6642333856639545,349.40865080208056,1.0,0.0
evt_pay_000317_2,cust_021,pay_000317,2026-06-18T00:15:25.658162+00:00,170204,ESCALATE_HUMAN,0.8333333333333334,0,0.2736842105263158,0.8746485525595441,-0.5958060581826836,2.0,1.0,0.06726493339099592,0.9977351495942722,0.7222222222222222,10.0,-0.0711177391970671,364.45956000183304,1.0,0.0
evt_pay_000105_2,cust_010,pay_000105,2026-06-18T00:23:28.086886+00:00,74751,ESCALATE_HUMAN,0.8333333333333334,0,0.3303030303030303,0.9166666666666666,-0.15512788407106615,2.0,1.0,0.10222011018200391,0.9947618051947807,0.8387096774193549,7.0,-0.045395759303349575,377.9618969639553,0.0,1.0
evt_pay_002508_2,cust_008,pay_002508,2026-06-18T00:33:51.912760+00:00,211779,ESCALATE_HUMAN,0.8333333333333334,1,0.33221476510067116,0.16602026708818585,-0.01893427862607464,2.0,1.0,0.14722772492730105,0.9891026220836395,0.9375,7.0,0.4190160498383978,364.48777676026833,0.0,0.0
evt_pay_002886_0,cust_040,pay_002886,2026-06-18T01:05:16.750015+00:00,214279,RETRY_NOW,0.8333333333333334,0,0.4712230215827338,2.226055674726524,-0.041478660941296215,0.0,1.0,0.2809982385314447,0.959708283772848,0.9166666666666666,2.0,-0.492492512121923,367.174576866854,1.0,0.0
evt_pay_000480_0,cust_046,pay_000480,2026-06-18T01:05:38.433621+00:00,109694,WHATSAPP_NUDGE,0.8333333333333334,0,0.39846743295019155,0.11946998321345366,0.08777847195008041,0.0,1.0,0.2825112298064039,0.9592639913148379,0.8387096774193549,5.0,-0.9687765812058661,372.06595255107413,0.0,0.0
evt_pay_000100_0,cust_013,pay_000100,2026-06-18T01:13:33.431129+00:00,193001,WHATSAPP_NUDGE,0.8333333333333334,0,0.2616822429906542,0.1451686450960968,0.35008260344938963,0.0,1.0,0.31547176853337777,0.94893496260725,0.9473684210526316,5.0,-0.5595801808996762,349.6533518979063,0.0,0.0
evt_pay_001044_1,cust_045,pay_001044,2026-06-18T01:47:32.726816+00:00,91917,WHATSAPP_NUDGE,0.8333333333333334,1,0.23008849557522124,0.08135524024856977,0.15104923943485998,1.0,1.0,0.4522224195423635,0.8919051985851695,0.8333333333333334,6.0,1.000889969158722,351.9111957178231,0.0,1.0
evt_pay_001397_1,cust_012,pay_001397,2026-06-18T01:54:51.546351+00:00,632551,PAYMENT_LINK,0.8333333333333334,1,0.5643939393939394,0.08333333333333333,0.47983282204126854,1.0,1.0,0.48044969561652395,0.8770222859095369,0.8461538461538461,10.0,-0.5006574979571285,358.2858502033193,0.0,0.0
evt_pay_005435_0,cust_014,pay_005435,2026-06-18T02:10:17.844058+00:00,50980,RETRY_LATER,0.8333333333333334,0,0.21195652173913043,0.4104484374554431,-0.6777206536069829,0.0,1.0,0.5383935880397249,0.8426935055865276,0.8,20.0,-0.8122776257059364,372.84750705141187,0.0,1.0
evt_pay_007755_0,cust_028,pay_007755,2026-06-18T02:16:35.857751+00:00,298467,RETRY_NOW,0.8333333333333334,0,0.3920863309352518,2.304345934643152,0.8711032152152927,0.0,1.0,0.5613528390146482,0.827576576595903,0.9166666666666666,4.0,0.3910481863531735,349.42213601927114,1.0,0.0
evt_pay_008549_2,cust_057,pay_008549,2026-06-18T02:20:25.837210+00:00,92742,ESCALATE_HUMAN,0.8333333333333334,0,0.30824372759856633,0.250693601294131,0.37941405467020994,2.0,1.0,0.5751145563460235,0.8180728861653566,0.95,9.0,-0.5990323654313375,369.36228477028425,0.0,0.0
evt_pay_005575_0,cust_054,pay_005575,2026-06-18T02:22:11.696154+00:00,99994,RETRY_NOW,0.8333333333333334,0,0.4338461538461538,1.074308606915622,0.03246655428596613,0.0,1.0,0.5813952064651866,0.8136212963653932,0.95,10.0,-0.6956354929968003,364.55532782929805,1.0,0.0
evt_pay_000065_2,cust_005,pay_000065,2026-06-18T02:56:36.387494+00:00,129224,ESCALATE_HUMAN,0.8333333333333334,0,0.25846153846153846,0.9166666666666666,-0.03650882918549701,2.0,1.0,0.6965594339034048,0.7174990975883999,0.92,4.0,-0.6412832630166057,368.7997613306652,0.0,1.0
evt_pay_002886_1,cust_040,pay_002886,2026-06-18T03:05:16.750015+00:00,190273,WHATSAPP_NUDGE,0.8333333333333334,0,0.46953405017921146,0.08333333333333333,-0.35691789479115205,1.0,1.0,0.7232057548733345,0.6906326347039289,0.92,2.0,-0.492492512121923,367.2579102001873,1.0,0.0
evt_pay_006025_0,cust_021,pay_006025,2026-06-18T03:21:25.318781+00:00,197830,WHATSAPP_NUDGE,0.8333333333333334,0,0.27296587926509186,0.12916273865531971,-0.22876850421102526,0.0,1.0,0.770017884831346,0.6380223013656027,0.8181818181818181,10.0,-0.0711177391970671,364.58872274048827,0.0,0.0
evt_pay_000015_0,cust_049,pay_000015,2026-06-18T03:52:00.490608+00:00,298085,RETRY_LATER,0.8333333333333334,0,0.32646048109965636,0.9439820509257402,-0.31670979152411805,0.0,1.0,0.8480670020856312,0.5298890072208424,0.9230769230769231,4.0,0.2100296838614713,351.04203164579303,0.0,1.0
evt_pay_005435_1,cust_014,pay_005435,2026-06-18T04:10:17.844058+00:00,57914,WHATSAPP_NUDGE,0.8333333333333334,0,0.21138211382113822,0.08333333333333333,-0.38128501146243754,1.0,1.0,0.8876092772703192,0.46059718942223415,0.8518518518518519,20.0,-0.8122776257059364,372.9308403847452,1.0,0.0
evt_pay_007755_1,cust_028,pay_007755,2026-06-18T04:16:35.857751+00:00,224306,WHATSAPP_NUDGE,0.8333333333333334,0,0.3906810035842294,0.08333333333333333,-0.055266359753640325,1.0,1.0,0.8999341073711531,0.4360259194016863,0.9615384615384616,4.0,0.3910481863531735,349.50546935260445,0.0,1.0
evt_pay_005575_1,cust_054,pay_005575,2026-06-18T04:22:11.696154+00:00,90837,WHATSAPP_NUDGE,0.8333333333333334,0,0.4325153374233129,0.08333333333333333,-0.23216578486962183,1.0,1.0,0.910313666620047,0.4139191084798647,0.9444444444444444,10.0,-0.6956354929968003,364.6386611626314,0.0,0.0
evt_pay_008100_2,cust_037,pay_008100,2026-06-18T05:02:53.030314+00:00,140654,ESCALATE_HUMAN,0.8333333333333334,0,0.3684210526315789,0.9166666666666666,-0.3388968178790449,2.0,1.0,0.9691060224431447,0.24664451598287573,0.8571428571428572,4.0,-0.33341852366871827,355.8401995232844,0.0,0.0
evt_pay_006946_2,cust_013,pay_006946,2026-06-18T05:12:32.985592+00:00,238314,ESCALATE_HUMAN,0.8333333333333334,0,0.2608695652173913,0.1659670655390073,1.1030792272330534,2.0,1.0,0.9786435204444472,0.20556473406715184,0.9444444444444444,6.0,-0.5595801808996762,349.8193189634453,0.0,0.0
evt_pay_006025_1,cust_021,pay_006025,2026-06-18T05:21:25.318781+00:00,229001,WHATSAPP_NUDGE,0.8333333333333334,0,0.27225130890052357,0.08333333333333333,0.1853669383766495,1.0,1.0,0.9858662003151072,0.16753457874794964,0.8,11.0,-0.0711177391970671,364.6720560738216,0.0,1.0
evt_pay_002673_2,cust_017,pay_002673,2026-06-18T05:29:20.910438+00:00,359223,ESCALATE_HUMAN,0.8333333333333334,0,0.2857142857142857,0.3476350108871884,-0.8517406794607537,2.0,1.0,0.9910698127459848,0.13334401472746524,0.9583333333333334,16.0,0.5027156808516637,371.79032279430044,1.0,0.0
evt_pay_005680_0,cust_009,pay_005680,2026-06-18T05:37:33.511707+00:00,113759,RETRY_LATER,0.8333333333333334,0,0.2631578947368421,1.481447655153545,-0.12457640235103287,0.0,1.0,0.9952097256925772,0.0977629883284326,0.8181818181818181,8.0,-0.8984355580750027,350.85128690838474,0.0,1.0
evt_pay_007702_0,cust_043,pay_007702,2026-06-18T05:39:32.081250+00:00,127559,RETRY_NOW,0.8333333333333334,0,0.23624595469255663,0.5530373489200997,-0.3308075051680027,0.0,1.0,0.9960156919081748,0.08917814459092421,0.9583333333333334,7.0,-0.05414349663535748,363.8780434890011,1.0,0.0
evt_pay_000015_1,cust_049,pay_000015,2026-06-18T05:52:00.490608+00:00,304754,WHATSAPP_NUDGE,0.8333333333333334,0,0.3253424657534247,0.08333333333333333,-0.2598676908129527,1.0,1.0,0.9993920715278883,0.03486384039654975,0.96,4.0,0.2100296838614713,351.12536497912635,1.0,0.0
evt_pay_002644_0,cust_020,pay_002644,2026-06-18T05:56:04.745425+00:00,52415,WHATSAPP_NUDGE,0.8333333333333334,0,0.2717391304347826,0.5827784132123005,-0.4134354910620428,0.0,1.0,0.9998536583929127,0.017107360939334508,0.8461538461538461,4.0,0.06752823759169156,363.4856974279137,0.0,0.0
evt_pay_007869_0,cust_037,pay_007869,2026-06-18T06:32:41.008927+00:00,187127,RETRY_LATER,0.8333333333333334,0,0.36704119850187267,0.06236086358705961,0.4931380337721946,0.0,1.0,0.9898486162714853,-0.14212570796807203,0.8571428571428572,4.0,-0.33341852366871827,355.9025603868715,0.0,1.0
evt_pay_007304_2,cust_057,pay_007304,2026-06-18T06:38:25.184688+00:00,79080,ESCALATE_HUMAN,0.8333333333333334,0,0.30714285714285716,0.17915911432656154,-0.09736582361147629,2.0,1.0,0.9859816657984637,-0.16685369252517776,0.9411764705882353,9.0,-0.5990323654313375,369.5414438846108,0.0,1.0
evt_pay_003745_2,cust_051,pay_003745,2026-06-18T07:05:35.516368+00:00,557706,RETRY_NOW,0.03333333333333333,1,0.48727272727272725,0.6646365802933474,-0.24111449642824753,2.0,1.0,0.9593239040948582,-0.2823077169193208,0.8333333333333334,3.0,-1.013594580420746,357.0904600234437,1.0,0.0
evt_pay_002644_1,cust_020,pay_002644,2026-06-18T07:56:04.745425+00:00,57644,DO_NOTHING,0.03333333333333333,0,0.27100271002710025,0.08333333333333333,-0.16962744553040945,1.0,1.0,0.8744523487047376,-0.4851114200312831,0.8461538461538461,5.0,0.06752823759169156,363.569030761247,0.0,1.0
evt_pay_005064_0,cust_028,pay_005064,2026-06-18T07:56:13.884959+00:00,250957,RETRY_NOW,0.8333333333333334,0,0.3892857142857143,0.15252346305690404,0.2776354162328817,0.0,1.0,0.874129728360493,-0.4856925138360799,0.96,5.0,0.3910481863531735,349.6579928156614,1.0,0.0
evt_pay_001476_0,cust_021,pay_001476,2026-06-18T08:08:51.494724+00:00,185447,RETRY_NOW,0.8333333333333334,0,0.27154046997389036,0.11627518452530694,-0.3932855950292895,0.0,1.0,0.8460577117460366,-0.5330913133742291,0.8181818181818181,12.0,-0.0711177391970671,364.78833125834694,1.0,0.0
evt_pay_002505_0,cust_028,pay_002505,2026-06-18T08:17:30.951008+00:00,253036,RETRY_NOW,0.8333333333333334,0,0.3879003558718861,0.014780857049440025,0.3036045264957548,0.0,1.0,0.8253208833047749,-0.5646640059194725,0.9615384615384616,5.0,0.3910481863531735,349.6727736727108,1.0,0.0
evt_pay_001946_0,cust_029,pay_001946,2026-06-18T08:21:57.616791+00:00,43416,RETRY_LATER,0.8333333333333334,0,0.3795180722891566,0.5633857422610239,-0.08461471168572843,0.0,1.0,0.8142161488341989,-0.5805618511214853,0.962962962962963,3.0,-0.8256115037842402,352.36187049678693,0.0,1.0
evt_pay_001054_0,cust_012,pay_001054,2026-06-18T08:31:59.955047+00:00,479286,DO_NOTHING,0.03333333333333333,1,0.5660377358490566,0.35912510065865416,-0.3287048572547498,0.0,1.0,0.7880127662241991,-0.6156588992840806,0.8333333333333334,11.0,-0.5006574979571285,358.5616419706446,0.0,1.0
evt_pay_000952_0,cust_022,pay_000952,2026-06-18T09:22:30.779582+00:00,103375,RETRY_LATER,0.8333333333333334,0,0.3450479233226837,2.986099353206517,-0.22724524528203108,0.0,1.0,0.6343494590391915,-0.7730464176339511,0.7272727272727273,0.0,-0.6143468879245073,357.3970049291752,0.0,1.0
evt_pay_002695_0,cust_035,pay_002695,2026-06-18T09:25:21.446856+00:00,37345,WHATSAPP_NUDGE,0.8333333333333334,1,0.26512968299711814,0.5090647868545943,-0.423344114644725,0.0,1.0,0.6247063572594763,-0.7808597615446679,0.75,6.0,0.5026080740568922,352.32834325658655,0.0,0.0
evt_pay_003412_0,cust_033,pay_003412,2026-06-18T09:27:25.332695+00:00,57048,RETRY_LATER,0.8333333333333334,0,0.6174242424242424,1.3223073467491417,-0.8141368114866594,0.0,1.0,0.6176461529248686,-0.7864561206940346,0.8846153846153846,6.0,-0.3958893149650273,353.1375792616224,0.0,1.0
evt_pay_008075_2,cust_014,pay_008075,2026-06-18T09:41:09.303986+00:00,47550,ESCALATE_HUMAN,0.8333333333333334,0,0.21081081081081082,0.2297622676857524,-0.8243549203303854,2.0,1.0,0.5694407017980097,-0.8220324124605977,0.8888888888888888,19.0,-0.8122776257059364,373.16060265243095,0.0,0.0
evt_pay_005064_1,cust_028,pay_005064,2026-06-18T09:56:13.884959+00:00,276110,WHATSAPP_NUDGE,0.8333333333333334,1,0.38652482269503546,0.06855247628389331,0.5918317956930897,1.0,1.0,0.5141722940453374,-0.8576869195902168,0.9642857142857143,5.0,0.3910481863531735,349.7413261489947,0.0,0.0
evt_pay_001990_0,cust_041,pay_001990,2026-06-18T10:05:47.392871+00:00,230665,RETRY_LATER,0.8333333333333334,0,0.4,0.6295358658563638,-0.35262998593112194,0.0,1.0,0.47796427345175035,-0.8783792764539362,0.9310344827586207,7.0,0.3693318557794774,377.71052048431096,0.0,1.0
evt_pay_001476_1,cust_021,pay_001476,2026-06-18T10:08:51.494724+00:00,217845,WHATSAPP_NUDGE,0.8333333333333334,0,0.2708333333333333,0.08333333333333333,0.037151420082620325,1.0,1.0,0.46616181475268514,-0.8846994757919117,0.7692307692307692,12.0,-0.0711177391970671,364.87166459168026,0.0,0.0
evt_pay_005123_0,cust_010,pay_005123,2026-06-18T10:11:59.994214+00:00,86495,WHATSAPP_NUDGE,0.8333333333333334,0,0.3293051359516616,0.4087026311134423,0.26937913599123076,0.0,1.0,0.45399087466504257,-0.8910063331541868,0.8888888888888888,6.0,-0.045395759303349575,378.3705995950688,0.0,0.0
evt_pay_002505_1,cust_028,pay_002505,2026-06-18T10:17:30.951008+00:00,216595,WHATSAPP_NUDGE,0.8333333333333334,0,0.38869257950530034,0.08333333333333333,-0.15158757824487135,1.0,1.0,0.4324168482560108,-0.9016738153813374,0.9333333333333333,6.0,0.3910481863531735,349.75610700604415,0.0,0.0
evt_pay_007782_0,cust_021,pay_007782,2026-06-18T10:18:09.264174+00:00,196732,WHATSAPP_NUDGE,0.8333333333333334,0,0.2701298701298701,0.0064556649284857786,-0.2433539807198234,0.0,1.0,0.4299029186407561,-0.9028751190193245,0.7857142857142857,13.0,-0.0711177391970671,364.8781202566088,0.0,0.0
evt_pay_001946_1,cust_029,pay_001946,2026-06-18T10:21:57.616791+00:00,44678,WHATSAPP_NUDGE,0.8333333333333334,0,0.3783783783783784,0.08333333333333333,-0.004000404211522184,1.0,1.0,0.41485094350120516,-0.9098893859564249,0.935483870967742,3.0,-0.8256115037842402,352.4452038301203,0.0,0.0
evt_pay_006784_0,cust_021,pay_006784,2026-06-18T10:51:35.224902+00:00,253799,PAYMENT_LINK,0.03333333333333333,0,0.2694300518134715,0.02321713804872161,0.5148340094664752,0.0,1.0,0.2940941997094957,-0.9557764391829457,0.8,14.0,-0.0711177391970671,364.9013373946575,1.0,0.0
evt_pay_005395_0,cust_038,pay_005395,2026-06-18T11:17:48.753605+00:00,51104,WHATSAPP_NUDGE,0.8333333333333334,0,0.5234657039711191,0.5924757757888793,0.41835440789127104,0.0,1.0,0.18303963019345,-0.9831055354226448,0.8888888888888888,7.0,2.4957647172129915,376.42761032083564,0.0,0.0
evt_pay_000952_1,cust_022,pay_000952,2026-06-18T11:22:30.779582+00:00,117843,DO_NOTHING,0.03333333333333333,0,0.34394904458598724,0.08333333333333333,0.1408440138896006,1.0,1.0,0.16283953758788017,-0.9866525654951521,0.6923076923076923,0.0,-0.6143468879245073,357.4803382625085,0.0,0.0
evt_pay_003412_1,cust_033,pay_003412,2026-06-18T11:27:25.332695+00:00,92235,WHATSAPP_NUDGE,0.8333333333333334,0,0.6150943396226415,0.08333333333333333,0.44600285878202023,1.0,1.0,0.14166919863564686,-0.9899140559452289,0.8928571428571429,6.0,-0.3958893149650273,353.22091259495573,0.0,0.0
evt_pay_002418_0,cust_032,pay_002418,2026-06-18T11:46:52.695342+00:00,298490,RETRY_LATER,0.8333333333333334,0,0.2514792899408284,2.420879743355272,-0.23053949342652946,0.0,1.0,0.05722313489110995,-0.9983614139344699,0.9375,6.0,0.2905055503479753,373.95424365492,0.0,1.0
evt_pay_000888_0,cust_016,pay_000888,2026-06-18T12:17:08.626330+00:00,130654,DO_NOTHING,0.03333333333333333,0,0.30434782608695654,1.460382935658193,0.3500919473542658,0.0,1.0,-0.07473407494013024,-0.9972034988119742,0.8181818181818181,6.0,-0.5381138706705891,371.2915506436222,0.0,0.0
evt_pay_007782_1,cust_021,pay_007782,2026-06-18T12:18:09.264174+00:00,232461,WHATSAPP_NUDGE,0.8333333333333334,0,0.268733850129199,0.06011619528461173,0.23133462705931218,1.0,1.0,-0.07913071080569264,-0.9968642488360117,0.8125,15.0,-0.0711177391970671,364.9614535899421,0.0,0.0
evt_pay_004009_0,cust_020,pay_004009,2026-06-18T12:18:40.643722+00:00,59149,RETRY_LATER,0.8333333333333334,0,0.2702702702702703,0.1823599339932116,-0.09949272154220046,0.0,1.0,-0.08140533215610012,-0.9966810783277442,0.8333333333333334,5.0,0.06752823759169156,363.7513906952402,0.0,1.0
evt_pay_007266_0,cust_043,pay_007266,2026-06-18T12:21:10.440687+00:00,126769,WHATSAPP_NUDGE,0.8333333333333334,0,0.23548387096774193,0.2789161971933254,-0.34643526332953456,0.0,1.0,-0.09225767524058479,-0.9957351662762558,0.9393939393939394,6.0,-0.05414349663535748,364.1569596861944,0.0,0.0
evt_pay_003914_0,cust_031,pay_003914,2026-06-18T13:05:44.330291+00:00,53962,WHATSAPP_NUDGE,0.8333333333333334,0,0.2874617737003058,4.012753907636579,0.009717622860758595,0.0,1.0,-0.2829225534055185,-0.9591427572444582,0.9230769230769231,1.0,-0.07508066613848166,371.8811456862604,0.0,0.0
evt_pay_006728_0,cust_016,pay_006728,2026-06-18T13:20:01.076740+00:00,109898,WHATSAPP_NUDGE,0.8333333333333334,0,0.30340557275541796,0.043662620487017044,-0.1594171642930927,0.0,1.0,-0.3420937227669219,-0.9396658367970331,0.8461538461538461,6.0,-0.5381138706705891,371.3352132641092,0.0,0.0
evt_pay_005162_2,cust_003,pay_005162,2026-06-18T13:21:04.668502+00:00,232349,ESCALATE_HUMAN,0.8333333333333334,0,0.48091603053435117,0.9166666666666666,0.1570166331351468,2.0,1.0,-0.34643555592962183,-0.9380737740645636,0.9411764705882353,2.0,2.053947620637407,354.5869659890971,0.0,0.0
evt_pay_001190_2,cust_014,pay_001190,2026-06-18T13:37:57.829218+00:00,65834,ESCALATE_HUMAN,0.8333333333333334,1,0.21024258760107817,0.16445052352455983,-0.04268085612850331,2.0,1.0,-0.4145495876294653,-0.9100267245505707,0.8928571428571429,19.0,-0.8122776257059364,373.3250531759556,0.0,0.0
evt_pay_000297_0,cust_048,pay_000297,2026-06-18T13:45:40.284958+00:00,174431,RETRY_LATER,0.8333333333333334,0,0.24233983286908078,2.017840146424722,-0.25436920510455335,0.0,1.0,-0.4449142712049182,-0.8955731635540429,0.9411764705882353,11.0,-0.4506859321563252,359.5790099363251,0.0,1.0
evt_pay_002010_2,cust_001,pay_002010,2026-06-18T14:20:17.699766+00:00,510582,PAYMENT_LINK,0.8333333333333334,0,0.27793696275071633,0.9166666666666666,-0.09085332459929676,2.0,1.0,-0.5746303433774537,-0.8184130793614613,0.9230769230769231,8.0,0.16534712408787333,361.15052919406645,0.0,1.0
evt_pay_007266_1,cust_043,pay_007266,2026-06-18T14:21:10.440687+00:00,113165,WHATSAPP_NUDGE,0.8333333333333334,0,0.2347266881028939,0.08333333333333333,-0.6158730457453517,1.0,1.0,-0.5777650735905688,-0.8162031118164673,0.9428571428571428,7.0,-0.05414349663535748,364.24029301952777,0.0,0.0
evt_pay_001601_2,cust_043,pay_001601,2026-06-18T14:23:09.654303+00:00,162329,RETRY_LATER,0.03333333333333333,0,0.23397435897435898,0.0013797872199082424,0.35784137832530555,2.0,1.0,-0.5848193120565751,-0.8111635915434532,0.9444444444444444,8.0,-0.05414349663535748,364.24167280674766,0.0,0.0
evt_pay_004746_0,cust_055,pay_004746,2026-06-18T14:32:59.065278+00:00,320670,RETRY_NOW,0.8333333333333334,0,0.31563421828908556,1.7602975255330573,0.07606186796503776,0.0,1.0,-0.6190405660347305,-0.7853590119196446,0.9444444444444444,4.0,-1.0480965437343166,375.55525292310614,1.0,0.0
evt_pay_000246_2,cust_006,pay_000246,2026-06-18T14:33:56.779787+00:00,126960,DO_NOTHING,0.03333333333333333,0,0.36607142857142855,0.8558531558477966,-0.06968050884022535,2.0,1.0,-0.6223313479837765,-0.7827539161937778,0.8571428571428572,6.0,-0.3286363658753921,371.25530781807794,0.0,0.0
evt_pay_000263_0,cust_009,pay_000263,2026-06-18T14:46:08.655838+00:00,104754,WHATSAPP_NUDGE,0.8333333333333334,1,0.26229508196721313,0.3809623163287104,-0.3408843263701546,0.0,1.0,-0.6630913622710842,-0.7485384728131732,0.7142857142857143,8.0,-0.8984355580750027,351.2322492247135,0.0,0.0
evt_pay_006728_1,cust_016,pay_006728,2026-06-18T15:20:01.076740+00:00,110099,WHATSAPP_NUDGE,0.8333333333333334,0,0.30246913580246915,0.08333333333333333,-0.15449806376025182,1.0,1.0,-0.7660947727898617,-0.6427276243511322,0.8571428571428572,7.0,-0.5381138706705891,371.41854659744257,0.0,0.0
evt_pay_004019_0,cust_038,pay_004019,2026-06-18T15:21:51.117260+00:00,35564,ESCALATE_HUMAN,0.03333333333333333,0,0.5215827338129496,0.16947180156317168,-0.577699620946153,0.0,1.0,-0.7712135343097888,-0.636576534673879,0.8571428571428572,8.0,2.4957647172129915,376.59708212239883,1.0,0.0
evt_pay_000424_0,cust_043,pay_000424,2026-06-18T15:36:00.269450+00:00,120540,WHATSAPP_NUDGE,0.8333333333333334,0,0.23322683706070288,0.05058582346180174,-0.46982011737607066,0.0,1.0,-0.8090285118568112,-0.587769399512048,0.9444444444444444,8.0,-0.05414349663535748,364.29225863020946,0.0,0.0
evt_pay_000297_1,cust_048,pay_000297,2026-06-18T15:45:40.284958+00:00,159703,WHATSAPP_NUDGE,0.8333333333333334,0,0.24166666666666667,0.08333333333333333,-0.47413817070976233,1.0,1.0,-0.8330936431467202,-0.5531319749829378,0.9459459459459459,11.0,-0.4506859321563252,359.6623432696585,0.0,0.0
evt_pay_002677_0,cust_050,pay_002677,2026-06-18T15:49:20.950077+00:00,110650,PAYMENT_LINK,0.03333333333333333,1,0.42902208201892744,1.59603738628374,-0.14636251912211115,0.0,1.0,-0.8418622287790901,-0.5396924936990536,0.8125,13.0,-0.900782201038446,376.37412059544016,1.0,0.0
evt_pay_003927_0,cust_030,pay_003927,2026-06-18T15:55:34.461870+00:00,148179,WHATSAPP_NUDGE,0.8333333333333334,0,0.35522388059701493,2.589072286049467,-0.40909894896638227,0.0,1.0,-0.8562093019090187,-0.5166291042173979,0.8666666666666667,6.0,1.7722569671050512,349.60778788196876,0.0,0.0
evt_pay_005273_0,cust_011,pay_005273,2026-06-18T16:06:18.181315+00:00,58235,RETRY_NOW,0.8333333333333334,1,0.48928571428571427,1.2224796093971122,-0.050206427254960405,0.0,1.0,-0.8794472352941534,-0.4759963868911928,0.8666666666666667,5.0,-0.306212897974724,353.3904122729473,1.0,0.0
evt_pay_004426_0,cust_034,pay_004426,2026-06-18T16:15:58.695740+00:00,55151,RETRY_NOW,0.8333333333333334,1,0.3781818181818182,2.5492729895108446,0.055893357066419756,0.0,1.0,-0.898752463422353,-0.4384563940601756,0.8518518518518519,1.0,-0.5369784473169031,362.79061777447396,1.0,0.0
evt_pay_007398_0,cust_029,pay_007398,2026-06-18T16:25:46.230052+00:00,50449,WHATSAPP_NUDGE,0.8333333333333334,0,0.3772455089820359,0.25264598681703393,0.3645204573860906,0.0,1.0,-0.9166603157600469,-0.3996671934381042,0.9444444444444444,4.0,-0.8256115037842402,352.6978498169374,0.0,0.0
evt_pay_004746_1,cust_055,pay_004746,2026-06-18T16:32:59.065278+00:00,274164,WHATSAPP_NUDGE,0.8333333333333334,0,0.31470588235294117,0.08333333333333333,-0.34932995266616584,1.0,1.0,-0.9287843621189972,-0.3706205723960929,0.9459459459459459,4.0,-1.0480965437343166,375.6385862564395,0.0,0.0
evt_pay_002185_2,cust_056,pay_002185,2026-06-18T16:53:12.093099+00:00,173204,ESCALATE_HUMAN,0.8333333333333334,0,0.2433234421364985,0.9166666666666666,0.24854763924973772,2.0,1.0,-0.9578244403612994,-0.2873540350274616,0.8076923076923077,6.0,-0.26273729270347856,360.65905885718826,0.0,1.0
evt_pay_003523_0,cust_006,pay_003523,2026-06-18T17:28:13.786468+00:00,152519,WHATSAPP_NUDGE,0.8333333333333334,0,0.3649851632047478,0.12103016992261928,0.49148521055569194,0.0,1.0,-0.9904071032273732,-0.13818020797770994,0.8076923076923077,6.0,-0.3286363658753921,371.3763379880006,0.0,0.0
evt_pay_005448_0,cust_033,pay_005448,2026-06-18T17:29:34.381386+00:00,89641,RETRY_NOW,0.8333333333333334,1,0.6127819548872181,0.25149361911032503,0.35309364867795917,0.0,1.0,-0.9911999656287674,-0.13237306424469522,0.8148148148148149,6.0,-0.3958893149650273,353.47240621406604,1.0,0.0
evt_pay_000424_1,cust_043,pay_000424,2026-06-18T17:36:00.269450+00:00,113789,WHATSAPP_NUDGE,0.8333333333333334,0,0.23248407643312102,0.08333333333333333,-0.6035159229789774,1.0,1.0,-0.9945239434099424,-0.10450897561615248,0.9459459459459459,9.0,-0.05414349663535748,364.3755919635428,0.0,1.0
evt_pay_001591_0,cust_055,pay_001591,2026-06-18T17:39:24.028704+00:00,245974,RETRY_LATER,0.8333333333333334,0,0.31378299120234604,0.04612226187559069,-0.6071908384583056,0.0,1.0,-0.9959632986192718,-0.08976139372480312,0.9473684210526316,5.0,-1.0480965437343166,375.6847085183151,0.0,1.0
evt_pay_005969_0,cust_030,pay_005969,2026-06-18T17:39:57.959954+00:00,184074,RETRY_LATER,0.8333333333333334,0,0.3541666666666667,0.07249419078122325,0.1839072213625667,0.0,1.0,-0.9961817570197197,-0.08730353361178553,0.8125,7.0,1.7722569671050512,349.68028207275,0.0,1.0
evt_pay_001626_0,cust_016,pay_001626,2026-06-18T17:49:22.166688+00:00,116967,WHATSAPP_NUDGE,0.8333333333333334,0,0.30153846153846153,0.10371631884142592,0.014104623500288212,0.0,1.0,-0.9989244297443544,-0.046367916277491886,0.875,8.0,-0.5381138706705891,371.522262916284,0.0,0.0
evt_pay_002091_2,cust_018,pay_002091,2026-06-18T17:59:19.349698+00:00,145225,WHATSAPP_NUDGE,0.03333333333333333,0,0.28421052631578947,0.9166666666666666,0.005859146661240335,2.0,1.0,-0.9999956305226971,-0.002956169060364516,0.9487179487179487,3.0,-0.4554811204429685,354.3717483010807,0.0,0.0
evt_pay_005697_0,cust_052,pay_005697,2026-06-18T18:08:06.362915+00:00,145934,WHATSAPP_NUDGE,0.8333333333333334,0,0.452755905511811,1.057943675136092,0.003357720326592032,0.0,1.0,-0.9993745711839893,0.03536193533755697,0.7857142857142857,1.0,-1.0656726581061444,378.63042162190277,0.0,0.0
evt_pay_001648_0,cust_030,pay_001648,2026-06-18T18:16:28.763488+00:00,188979,WHATSAPP_NUDGE,0.8333333333333334,0,0.35311572700296734,0.025356522389965146,0.2649478079868714,0.0,1.0,-0.9974159556104013,0.0718429641216868,0.8823529411764706,7.0,1.7722569671050512,349.70563859514,0.0,0.0
evt_pay_008398_2,cust_008,pay_008398,2026-06-18T18:34:47.761684+00:00,158078,ESCALATE_HUMAN,0.8333333333333334,0,0.33444816053511706,0.9166666666666666,-0.7386219682407844,2.0,1.0,-0.9884965081374524,0.15124368879415598,0.8888888888888888,7.0,0.4190160498383978,365.23842315984683,0.0,1.0
evt_pay_000255_2,cust_044,pay_000255,2026-06-18T18:54:39.209887+00:00,247685,RETRY_NOW,0.03333333333333333,0,0.3746031746031746,0.9166666666666666,0.2609318675679361,2.0,1.0,-0.9717003167357497,0.2362170494601176,0.8888888888888888,7.0,-0.8459251821363672,369.63187843553777,0.0,0.0
evt_pay_003023_2,cust_035,pay_003023,2026-06-18T19:12:18.249271+00:00,43771,WHATSAPP_NUDGE,0.03333333333333333,0,0.2672413793103448,0.9166666666666666,-0.004593337546929705,2.0,1.0,-0.9506455748742482,0.3102788922437526,0.5833333333333333,7.0,0.5026080740568922,352.73594513639864,0.0,1.0
evt_pay_004319_0,cust_011,pay_004319,2026-06-18T19:15:51.425053+00:00,56227,WHATSAPP_NUDGE,0.8333333333333334,1,0.49110320284697506,1.354114374889112,-0.1469904276182484,0.0,1.0,-0.9457214120504621,0.32497847742470576,0.8888888888888888,5.0,-0.306212897974724,353.52204703843927,0.0,0.0
evt_pay_003523_1,cust_006,pay_003523,2026-06-18T19:28:13.786468+00:00,117927,WHATSAPP_NUDGE,0.8333333333333334,0,0.363905325443787,0.08333333333333333,-0.26799466514122133,1.0,1.0,-0.926807815472317,0.37553598120477294,0.76,7.0,-0.3286363658753921,371.45967132133393,0.0,1.0
evt_pay_003939_0,cust_049,pay_003939,2026-06-18T19:35:17.579338+00:00,297039,RETRY_NOW,0.8333333333333334,0,0.3242320819112628,0.5717255640058738,-0.3256189113628025,0.0,1.0,-0.9147958577039345,0.403916499697305,0.9428571428571428,4.0,0.2100296838614713,351.69709054313233,1.0,0.0
evt_pay_001591_1,cust_055,pay_001591,2026-06-18T19:39:24.028704+00:00,253508,WHATSAPP_NUDGE,0.8333333333333334,0,0.3128654970760234,0.08333333333333333,-0.5382733041814686,1.0,1.0,-0.9074102147036378,0.42024600206485957,0.9444444444444444,5.0,-1.0480965437343166,375.76804185164843,0.0,0.0
evt_pay_001626_1,cust_016,pay_001626,2026-06-18T19:49:22.166688+00:00,99972,PAYMENT_LINK,0.03333333333333333,0,0.3006134969325153,0.08333333333333333,-0.403085368520325,1.0,1.0,-0.8882778907582404,0.45930642145531947,0.8421052631578947,9.0,-0.5381138706705891,371.6055962496173,0.0,0.0
evt_pay_001183_0,cust_008,pay_001183,2026-06-18T20:04:21.126968+00:00,252889,WHATSAPP_NUDGE,0.8333333333333334,0,0.3333333333333333,0.06219172782099728,0.5320039538513842,0.0,1.0,-0.8563749866725466,0.5163544153017339,0.85,7.0,0.4190160498383978,365.3006148876678,0.0,0.0
evt_pay_002401_0,cust_009,pay_002401,2026-06-18T20:09:42.214734+00:00,102148,WHATSAPP_NUDGE,0.8333333333333334,0,0.2647058823529412,0.6056562850323909,-0.4034762215871288,0.0,1.0,-0.8440856733349842,0.5362083327127865,0.5454545454545454,9.0,-0.8984355580750027,351.45694319341715,0.0,0.0
evt_pay_003623_0,cust_023,pay_003623,2026-06-18T20:14:22.128576+00:00,63876,RETRY_NOW,0.8333333333333334,0,0.39322033898305087,1.7964108247532333,-0.6875093518661526,0.0,1.0,-0.832996546141759,0.5532781887223645,0.7857142857142857,5.0,0.9385908116339667,373.09557670060275,1.0,0.0
evt_pay_001648_1,cust_030,pay_001648,2026-06-18T20:16:28.763488+00:00,175598,WHATSAPP_NUDGE,0.8333333333333334,0,0.3520710059171598,0.08333333333333333,0.04387572498238301,1.0,1.0,-0.8278660736376959,0.5609258098177556,0.8571428571428572,8.0,1.7722569671050512,349.7889719284733,1.0,0.0
evt_pay_003065_0,cust_016,pay_003065,2026-06-18T20:26:26.753950+00:00,116898,RETRY_LATER,0.8333333333333334,1,0.2996941896024465,0.025747537758112077,0.012419470421967732,0.0,1.0,-0.8026980514132486,0.5963856455829347,0.8636363636363636,10.0,-0.5381138706705891,371.63134378737544,0.0,1.0
evt_pay_007828_0,cust_008,pay_007828,2026-06-18T20:36:59.868795+00:00,243490,RETRY_LATER,0.8333333333333334,0,0.33222591362126247,0.022670623000294654,0.4060421573444125,0.0,1.0,-0.7743986810125291,0.6326979396568755,0.8181818181818181,8.0,0.4190160498383978,365.3232855106681,0.0,1.0
evt_pay_000131_0,cust_040,pay_000131,2026-06-18T20:42:42.245089+00:00,231826,WHATSAPP_NUDGE,0.8333333333333334,0,0.46785714285714286,0.734322859650168,0.18909503000269223,0.0,1.0,-0.758407178806933,0.6517810607359721,0.9428571428571428,3.0,-0.492492512121923,367.9922330598375,0.0,0.0
evt_pay_002423_0,cust_032,pay_002423,2026-06-18T20:47:02.723398+00:00,302970,RETRY_LATER,0.8333333333333334,0,0.25073746312684364,0.37511606546614,-0.19111983734104332,0.0,1.0,-0.7459254818212308,0.6660294104390321,0.9428571428571428,4.0,0.2905055503479753,374.3293597203862,0.0,1.0
evt_pay_008510_0,cust_053,pay_008510,2026-06-18T20:56:56.356112+00:00,338221,RETRY_LATER,0.03333333333333333,0,0.33881578947368424,1.6313364057761153,0.16219107111120526,0.0,1.0,-0.7164868264740996,0.6976006217665475,0.9,5.0,-0.06914381847567465,349.8572330672432,1.0,0.0
evt_pay_000499_2,cust_045,pay_000499,2026-06-18T20:59:31.522893+00:00,84204,ESCALATE_HUMAN,0.8333333333333334,0,0.2323529411764706,0.881341305962413,-0.10136609956143194,2.0,1.0,-0.7085696209342278,0.7056409088829281,0.8,7.0,1.000889969158722,352.7111817835369,0.0,1.0
evt_pay_000649_0,cust_010,pay_000649,2026-06-18T21:07:21.186157+00:00,97446,RETRY_LATER,0.8333333333333334,0,0.32831325301204817,0.4551063882313808,0.6652239076092257,0.0,1.0,-0.6840599757979394,0.7294257669642076,0.7916666666666666,6.0,-0.045395759303349575,378.8257059833002,0.0,1.0
evt_pay_000118_0,cust_046,pay_000118,2026-06-18T21:10:58.681789+00:00,111307,RETRY_LATER,0.8333333333333334,0,0.3969465648854962,0.8370399093498501,0.13106794598520513,0.0,1.0,-0.6724377638910579,0.7401536689723248,0.8,5.0,-0.9687765812058661,372.90299246042395,0.0,1.0
evt_pay_003939_1,cust_049,pay_003939,2026-06-18T21:35:17.579338+00:00,381117,WHATSAPP_NUDGE,0.8333333333333334,0,0.3231292517006803,0.08333333333333333,0.3909382807942921,1.0,1.0,-0.5902782021997297,0.8071998785975225,0.9705882352941176,4.0,0.2100296838614713,351.78042387646565,0.0,0.0
evt_pay_001664_0,cust_007,pay_001664,2026-06-18T21:37:06.419349+00:00,324985,WHATSAPP_NUDGE,0.8333333333333334,0,0.32669322709163345,3.967991713778607,0.0939227014371663,0.0,1.0,-0.5838707363218191,0.8118466377752739,0.8181818181818181,4.0,-0.46533070623945577,377.9990753229998,0.0,0.0
evt_pay_002401_1,cust_009,pay_002401,2026-06-18T22:09:42.214734+00:00,158573,WHATSAPP_NUDGE,0.8333333333333334,0,0.26384364820846906,0.08333333333333333,0.9518871988971119,1.0,1.0,-0.46289546972219686,0.8864128745176634,0.6666666666666667,10.0,-0.8984355580750027,351.54027652675046,0.0,1.0
evt_pay_003623_1,cust_023,pay_003623,2026-06-18T22:14:22.128576+00:00,87490,RETRY_LATER,0.03333333333333333,0,0.3918918918918919,0.08333333333333333,0.11459926501637649,1.0,1.0,-0.444757075862278,0.8956512398642877,0.7857142857142857,5.0,0.9385908116339667,373.17891003393606,0.0,1.0
evt_pay_007828_1,cust_008,pay_007828,2026-06-18T22:36:59.868795+00:00,166343,WHATSAPP_NUDGE,0.8333333333333334,0,0.33112582781456956,0.08333333333333333,-0.6278605945403829,1.0,1.0,-0.3542999605855742,0.9351318291711926,0.8260869565217391,8.0,0.4190160498383978,365.40661884400146,0.0,0.0
evt_pay_000131_1,cust_040,pay_000131,2026-06-18T22:42:42.245089+00:00,240795,WHATSAPP_NUDGE,0.8333333333333334,1,0.46619217081850534,0.08333333333333333,0.3069559937021515,1.0,1.0,-0.33090935289130563,0.9436625457063862,0.9714285714285714,4.0,-0.492492512121923,368.07556639317085,0.0,1.0
evt_pay_004906_0,cust_021,pay_004906,2026-06-18T22:54:47.508471+00:00,201555,WHATSAPP_NUDGE,0.8333333333333334,0,0.26804123711340205,0.44210930899366,-0.17927379123518922,0.0,1.0,-0.28070101696435734,0.9597952589355584,0.8,16.0,-0.0711177391970671,365.4035628989357,0.0,0.0
evt_pay_002763_0,cust_058,pay_002763,2026-06-18T23:01:45.901815+00:00,192876,WHATSAPP_NUDGE,0.8333333333333334,0,0.3312883435582822,2.0871994564367355,-0.5849471588971613,0.0,1.0,-0.25137246466511565,0.9678904297533814,0.7916666666666666,3.0,4.286983765334936,367.9236716443401,0.0,0.0
evt_pay_007346_0,cust_039,pay_007346,2026-06-18T23:23:38.912571+00:00,240778,RETRY_LATER,0.8333333333333334,1,0.6048387096774194,0.9678645163056672,-0.12485215082631926,0.0,1.0,-0.15794892141870856,0.9874472837689446,0.7,3.0,-0.6642333856639545,350.3765153183863,0.0,1.0
evt_pay_001664_1,cust_007,pay_001664,2026-06-18T23:37:06.419349+00:00,227295,WHATSAPP_NUDGE,0.8333333333333334,0,0.3253968253968254,0.08333333333333333,-0.7931667899459622,1.0,1.0,-0.09972357129338369,0.99501518045128,0.8333333333333334,5.0,-0.46533070623945577,378.08240865633314,1.0,0.0
evt_pay_000401_0,cust_057,pay_000401,2026-06-18T23:42:16.500763+00:00,69024,RETRY_NOW,0.8333333333333334,0,0.30604982206405695,0.711010602724779,-0.44828598862182484,0.0,1.0,-0.07726276928631136,0.997010764476598,0.9,7.0,-0.5990323654313375,370.2524544873356,1.0,0.0
evt_pay_003354_0,cust_000,pay_003354,2026-06-18T23:50:26.401799+00:00,119681,WHATSAPP_NUDGE,0.03333333333333333,1,0.3612040133779264,2.256242214299126,-0.17108341772541197,0.0,1.0,-0.04170114256026311,0.9991301290168206,0.8125,1.0,0.8132490481077264,368.64856967278456,1.0,0.0
evt_pay_004134_0,cust_026,pay_004134,2026-06-19T00:00:39.461682+00:00,325289,WHATSAPP_NUDGE,0.8333333333333334,0,0.4156378600823045,3.169620425488006,1.2268340091795067,0.0,1.0,0.002869730590763494,0.9999958823146905,0.84,6.0,1.9048100532514713,366.55369379537774,0.0,0.0
evt_pay_007673_0,cust_024,pay_007673,2026-06-19T00:17:51.195268+00:00,100495,ESCALATE_HUMAN,0.03333333333333333,0,0.23125,1.3945273985143558,0.14309352990202356,0.0,1.0,0.07782075536595832,0.9969673665844192,1.0,8.0,-1.1653357768016162,364.67025748754094,1.0,0.0
evt_pay_006388_0,cust_057,pay_006388,2026-06-19T00:18:49.499534+00:00,83802,RETRY_NOW,0.8333333333333334,0,0.3049645390070922,0.02538193021526543,0.06741935767991207,0.0,1.0,0.08204719061141862,0.9966284455667386,1.0,7.0,-0.5990323654313375,370.2778364175509,1.0,0.0
evt_pay_002763_1,cust_058,pay_002763,2026-06-19T01:01:45.901815+00:00,241671,WHATSAPP_NUDGE,0.8333333333333334,0,0.3302752293577982,0.08333333333333333,-0.01011912118950056,1.0,1.0,0.26625027466479445,0.9639039325788237,0.8095238095238095,4.0,4.286983765334936,368.00700497767343,0.0,1.0
evt_pay_007041_0,cust_033,pay_007041,2026-06-19T01:18:08.495527+00:00,66468,RETRY_LATER,0.8333333333333334,0,0.6142322097378277,0.5768884587013569,-0.4767564376482642,0.0,1.0,0.3343891708590183,0.9424350812720302,0.8095238095238095,6.0,-0.3958893149650273,353.797801053657,0.0,1.0
evt_pay_003047_0,cust_044,pay_003047,2026-06-19T01:21:21.946464+00:00,274629,RETRY_LATER,0.8333333333333334,0,0.37341772151898733,0.2685501918685797,0.6001246208136276,0.0,1.0,0.3476139614291066,0.937637741251686,0.88,7.0,-0.8459251821363672,369.90042862740637,0.0,1.0
evt_pay_000401_1,cust_057,pay_000401,2026-06-19T01:42:16.500763+00:00,100268,WHATSAPP_NUDGE,0.8333333333333334,0,0.303886925795053,0.0579514031180679,0.6420884243114838,1.0,1.0,0.4315938612696176,0.9020680345264331,1.0,7.0,-0.5990323654313375,370.33578782066894,0.0,1.0
evt_pay_004134_1,cust_026,pay_004134,2026-06-19T02:00:39.461682+00:00,216447,WHATSAPP_NUDGE,0.8333333333333334,0,0.4139344262295082,0.08333333333333333,-0.13966073407495197,1.0,1.0,0.5024832007509638,0.8645869724689742,0.8846153846153846,7.0,1.9048100532514713,366.63702712871105,0.0,0.0
evt_pay_007742_0,cust_048,pay_007742,2026-06-19T02:10:04.757120+00:00,167287,RETRY_LATER,0.03333333333333333,0,0.2409972299168975,0.43361657594054276,-0.360973613047144,0.0,1.0,0.5375913453576608,0.8432055178878636,0.9428571428571428,12.0,-0.4506859321563252,360.09595984559905,1.0,0.0
evt_pay_007755_2,cust_028,pay_007755,2026-06-19T02:16:35.857751+00:00,234365,ESCALATE_HUMAN,0.8333333333333334,0,0.3873239436619718,0.6660290132269893,0.07037978330949293,2.0,1.0,0.5613528390146482,0.827576576595903,0.9444444444444444,6.0,0.3910481863531735,350.42213601927114,1.0,0.0
evt_pay_005575_2,cust_054,pay_005575,2026-06-19T02:22:11.696154+00:00,112346,ESCALATE_HUMAN,0.8333333333333334,0,0.43119266055045874,0.9166666666666666,0.38938968582358796,2.0,1.0,0.5813952064651866,0.8136212963653932,1.0,10.0,-0.6956354929968003,365.55532782929805,0.0,1.0
evt_pay_004020_0,cust_034,pay_004020,2026-06-19T02:28:34.562689+00:00,62881,WHATSAPP_NUDGE,0.8333333333333334,0,0.3804347826086957,2.9746881162404484,0.4642099805071604,0.0,1.0,0.603820466198963,0.7971203451168882,0.85,1.0,-0.5369784473169031,363.21603290120356,0.0,0.0
evt_pay_007300_0,cust_030,pay_007300,2026-06-19T02:30:50.771155+00:00,168936,PAYMENT_LINK,0.03333333333333333,0,0.35103244837758113,0.2599769405866444,-0.06617976049824871,0.0,1.0,0.6116864783446988,0.7911002794906978,0.8888888888888888,9.0,1.7722569671050512,350.04894886905987,0.0,1.0
evt_pay_007041_1,cust_033,pay_007041,2026-06-19T03:18:08.495527+00:00,72358,WHATSAPP_NUDGE,0.8333333333333334,1,0.6119402985074627,0.08333333333333333,-0.2658522068435093,1.0,1.0,0.7608070573503402,0.648978136369721,0.8571428571428572,6.0,-0.3958893149650273,353.88113438699037,0.0,0.0
evt_pay_006025_2,cust_021,pay_006025,2026-06-19T03:21:25.318781+00:00,166236,WHATSAPP_NUDGE,0.03333333333333333,1,0.26735218508997427,0.18515984155254728,-0.6485242077441072,2.0,1.0,0.770017884831346,0.6380223013656027,0.7857142857142857,17.0,-0.0711177391970671,365.58872274048827,0.0,0.0
evt_pay_003871_0,cust_034,pay_003871,2026-06-19T03:32:09.984879+00:00,49168,RETRY_NOW,0.8333333333333334,0,0.37906137184115524,0.04415997904931146,-0.2601210542792906,0.0,1.0,0.7990722899364605,0.6012349586107757,0.8181818181818181,2.0,-0.5369784473169031,363.2601928802529,1.0,0.0
evt_pay_004529_0,cust_042,pay_004529,2026-06-19T03:34:54.148061+00:00,206941,DO_NOTHING,0.03333333333333333,0,0.4055727554179567,1.2932997398362243,-0.31285283078723863,0.0,1.0,0.8061928905487535,0.591652789420151,0.7142857142857143,9.0,0.21388002896855346,376.0788229905538,1.0,0.0
evt_pay_000015_2,cust_049,pay_000015,2026-06-19T03:52:00.490608+00:00,339397,ESCALATE_HUMAN,0.8333333333333334,0,0.3220338983050847,0.2616077693274595,0.03537602044671368,2.0,1.0,0.8480670020856312,0.5298890072208424,0.9411764705882353,5.0,0.2100296838614713,352.04203164579303,0.0,1.0
evt_pay_000921_0,cust_016,pay_000921,2026-06-19T04:10:58.248204+00:00,99526,WHATSAPP_NUDGE,0.8333333333333334,0,0.3018292682926829,0.3483342768080509,-0.4140242979105248,0.0,1.0,0.8889588037850352,0.4579871670397319,0.8928571428571429,10.0,-0.5381138706705891,371.9539305264254,0.0,0.0
evt_pay_004020_1,cust_034,pay_004020,2026-06-19T04:28:34.562689+00:00,57654,ESCALATE_HUMAN,0.03333333333333333,0,0.3776978417266187,0.039173354284021876,0.18811312603220717,1.0,1.0,0.921484035611709,0.3884162356451627,0.8181818181818181,2.0,-0.5369784473169031,363.2993662345369,1.0,0.0
evt_pay_007300_1,cust_030,pay_007300,2026-06-19T04:30:50.771155+00:00,203882,WHATSAPP_NUDGE,0.8333333333333334,0,0.35,0.08333333333333333,0.5111560431341923,1.0,1.0,0.925286169143298,0.37926969980756453,0.896551724137931,10.0,1.7722569671050512,350.13228220239324,0.0,0.0
evt_pay_001780_0,cust_009,pay_001780,2026-06-19T04:30:51.686589+00:00,113094,RETRY_LATER,0.8333333333333334,0,0.262987012987013,0.26469296129001424,-0.14054724683907205,0.0,1.0,0.9253114159351113,0.37920810057296944,0.6,11.0,-0.8984355580750027,351.8049694880405,0.0,1.0
evt_pay_005024_0,cust_040,pay_005024,2026-06-19T04:30:53.858072+00:00,277763,ESCALATE_HUMAN,0.03333333333333333,0,0.46808510638297873,0.32513440952080447,0.7927186105768603,0.0,1.0,0.9253712869182322,0.37906197560200455,0.9393939393939394,5.0,-0.492492512121923,368.3173674693583,1.0,0.0
evt_pay_005523_0,cust_025,pay_005523,2026-06-19T05:15:20.703277+00:00,175297,WHATSAPP_NUDGE,0.8333333333333334,0,0.4610169491525424,4.20606048994883,-0.540282645408304,0.0,1.0,0.9810778936976983,0.193613446066351,0.8260869565217391,7.0,0.10753773716001852,355.902801792641,0.0,0.0
evt_pay_003871_1,cust_034,pay_003871,2026-06-19T05:32:09.984879+00:00,52934,WHATSAPP_NUDGE,0.8333333333333334,0,0.3763440860215054,0.04415997904931146,-0.06120459080057017,1.0,1.0,0.9926343818505671,0.12114860283198718,0.8333333333333334,2.0,-0.5369784473169031,363.34352621358624,0.0,0.0
evt_pay_000921_1,cust_016,pay_000921,2026-06-19T06:10:58.248204+00:00,115540,WHATSAPP_NUDGE,0.8333333333333334,0,0.3009118541033435,0.08333333333333333,-0.02091702382977682,1.0,1.0,0.9988544905155327,-0.047850880628842664,0.8928571428571429,11.0,-0.5381138706705891,372.0372638597587,0.0,0.0
evt_pay_002295_0,cust_002,pay_002295,2026-06-19T06:14:09.289196+00:00,353944,RETRY_LATER,0.8333333333333334,0,0.33015873015873015,1.3942198365072613,0.4331366352011961,0.0,1.0,0.9980933305957398,-0.061722794981296646,0.935483870967742,9.0,-0.38277421977533765,358.34237514069883,0.0,1.0
evt_pay_003356_0,cust_022,pay_003356,2026-06-19T06:30:47.803244+00:00,111638,WHATSAPP_NUDGE,0.8333333333333334,0,0.34285714285714286,0.7974192553557486,-0.017008600427635353,0.0,1.0,0.9909851167517677,-0.13397200594335124,0.6,0.0,-0.6143468879245073,358.27775751786425,0.0,0.0
evt_pay_002747_0,cust_058,pay_002747,2026-06-19T06:47:12.641545+00:00,261234,RETRY_NOW,0.8333333333333334,0,0.32926829268292684,0.23989282095362796,0.22035270508527707,0.0,1.0,0.9788578470419991,-0.2045417201558214,0.84,5.0,4.286983765334936,368.24689779862706,1.0,0.0
evt_pay_000370_0,cust_049,pay_000370,2026-06-19T07:01:25.770688+00:00,316272,WHATSAPP_NUDGE,0.8333333333333334,0,0.32094594594594594,0.13154259352203704,-0.16170420181986672,0.0,1.0,0.9642926837367284,-0.2648388568390558,0.9375,4.0,0.2100296838614713,352.1735742393151,0.0,0.0
evt_pay_004693_0,cust_011,pay_004693,2026-06-19T07:24:10.593920+00:00,59675,WHATSAPP_NUDGE,0.8333333333333334,0,0.4929078014184397,1.8598917923300746,0.019197665543300105,0.0,1.0,0.9333040586355826,-0.3590870843324067,0.8928571428571429,5.0,-0.306212897974724,354.0278244558802,0.0,0.0
evt_pay_007791_0,cust_049,pay_007791,2026-06-19T07:38:49.734388+00:00,303595,PAYMENT_LINK,0.03333333333333333,0,0.31986531986531985,0.025971802081149537,-0.26974938741638693,0.0,1.0,0.9084554654533951,-0.41798165903285206,0.9393939393939394,5.0,0.2100296838614713,352.1995460413962,0.0,0.0
evt_pay_004278_0,cust_045,pay_004278,2026-06-19T07:55:39.766643+00:00,136273,WHATSAPP_NUDGE,0.8333333333333334,0,0.2316715542521994,0.4556509693263706,1.6027085192663821,0.0,1.0,0.8753321144031675,-0.48352217063386044,0.8461538461538461,7.0,1.000889969158722,353.1668327528633,0.0,0.0
evt_pay_000019_0,cust_008,pay_000019,2026-06-19T07:56:52.617905+00:00,191132,DO_NOTHING,0.03333333333333333,0,0.33003300330033003,0.3888049665504809,-0.29564419408085046,0.0,1.0,0.8727581933067207,-0.4881527793795595,0.8928571428571429,9.0,0.4190160498383978,365.79542381055194,0.0,0.0
evt_pay_005022_0,cust_047,pay_005022,2026-06-19T08:01:02.486444+00:00,125813,RETRY_LATER,0.8333333333333334,0,0.41637010676156583,2.5395765466158955,0.37966806375262646,0.0,1.0,0.8637443990296857,-0.5039301669327281,0.8518518518518519,3.0,1.898235005697721,352.35029119380516,0.0,1.0
evt_pay_001476_2,cust_021,pay_001476,2026-06-19T08:08:51.494724+00:00,204378,ESCALATE_HUMAN,0.8333333333333334,0,0.2692307692307692,0.38476835941118753,-0.1417768196014468,2.0,1.0,0.8460577117460366,-0.5330913133742291,0.7142857142857143,18.0,-0.0711177391970671,365.78833125834694,1.0,0.0
evt_pay_006260_0,cust_037,pay_006260,2026-06-19T08:11:27.959207+00:00,156969,WHATSAPP_NUDGE,0.8333333333333334,0,0.3656716417910448,1.0685989615731728,-0.046797680890775364,0.0,1.0,0.8399373383984933,-0.5426833953273814,0.896551724137931,4.0,-0.33341852366871827,356.9711593484447,0.0,0.0
evt_pay_002295_1,cust_002,pay_002295,2026-06-19T08:14:09.289196+00:00,279988,WHATSAPP_NUDGE,0.8333333333333334,0,0.3291139240506329,0.08333333333333333,-0.254362087885571,1.0,1.0,0.8335127821530826,-0.5525001737442513,0.9393939393939394,9.0,-0.38277421977533765,358.4257084740322,0.0,1.0
evt_pay_004949_0,cust_024,pay_004949,2026-06-19T08:14:44.641656+00:00,77380,WHATSAPP_NUDGE,0.8333333333333334,0,0.23052959501557632,0.3311741480076951,-0.5470085061944097,0.0,1.0,0.8320896045559669,-0.5546412263706103,1.0,8.0,-1.1653357768016162,365.0014316355486,0.0,0.0
evt_pay_000370_1,cust_049,pay_000370,2026-06-19T09:01:25.770688+00:00,407506,WHATSAPP_NUDGE,0.8333333333333334,0,0.3187919463087248,0.057361531252183795,0.615835960613967,1.0,1.0,0.7026825323799523,-0.7115035198002166,0.9375,6.0,0.2100296838614713,352.25690757264846,0.0,0.0
evt_pay_003096_0,cust_045,pay_003096,2026-06-19T09:05:23.147771+00:00,74175,RETRY_LATER,0.8333333333333334,0,0.2309941520467836,0.04841876305459891,-0.4296002576351395,0.0,1.0,0.6902960827489605,-0.7235269989029023,0.8571428571428572,8.0,1.000889969158722,353.21525151591794,0.0,1.0
evt_pay_004693_1,cust_011,pay_004693,2026-06-19T09:24:10.593920+00:00,66610,WHATSAPP_NUDGE,0.8333333333333334,0,0.4911660777385159,0.08333333333333333,0.3534696533142998,1.0,1.0,0.6287214820673325,-0.7776305665205406,0.9,6.0,-0.306212897974724,354.11115778921356,0.0,0.0
evt_pay_001544_0,cust_037,pay_001544,2026-06-19T09:33:08.305795+00:00,129606,RETRY_LATER,0.03333333333333333,0,0.3643122676579926,0.056716974397848695,-0.5367113451264437,0.0,1.0,0.5978405225488038,-0.8016150632308334,0.9032258064516129,5.0,-0.33341852366871827,357.02787632284253,1.0,0.0
evt_pay_007791_1,cust_049,pay_007791,2026-06-19T09:38:49.734388+00:00,303307,WHATSAPP_NUDGE,0.8333333333333334,0,0.3177257525083612,0.025971802081149537,-0.2722002710620794,1.0,1.0,0.5777546817730307,-0.8162104677651126,0.9393939393939394,7.0,0.2100296838614713,352.2828793747296,0.0,0.0
evt_pay_001415_0,cust_039,pay_001415,2026-06-19T09:44:07.799850+00:00,233181,RETRY_NOW,0.8333333333333334,1,0.606425702811245,1.3987544153721387,-0.21105443388048092,0.0,1.0,0.558722565908888,-0.8293546252021438,0.75,3.0,-0.6642333856639545,350.8074052174527,1.0,0.0
evt_pay_004024_0,cust_045,pay_004024,2026-06-19T09:47:33.116573+00:00,95660,WHATSAPP_NUDGE,0.8333333333333334,0,0.2303206997084548,0.029282046322161175,0.2735300032163244,0.0,1.0,0.546277609158748,-0.8376041867921877,0.8518518518518519,8.0,1.000889969158722,353.24453356224006,0.0,0.0
evt_pay_004278_1,cust_045,pay_004278,2026-06-19T09:55:39.766643+00:00,75213,WHATSAPP_NUDGE,0.8333333333333334,0,0.22965116279069767,0.005632523956573247,-0.39564203187900104,1.0,1.0,0.5162987625045591,-0.8564085402635011,0.8571428571428572,9.0,1.000889969158722,353.25016608619666,1.0,0.0
evt_pay_005022_1,cust_047,pay_005022,2026-06-19T10:01:02.486444+00:00,120144,WHATSAPP_NUDGE,0.8333333333333334,0,0.4148936170212766,0.08333333333333333,0.23382578212594918,1.0,1.0,0.4960595084698665,-0.8682885258119184,0.8620689655172413,3.0,1.898235005697721,352.43362452713853,0.0,0.0
evt_pay_006260_1,cust_037,pay_006260,2026-06-19T10:11:27.959207+00:00,162102,WHATSAPP_NUDGE,0.8333333333333334,1,0.362962962962963,0.02661635893548464,0.04509358139211499,1.0,1.0,0.4560653749764909,-0.8899462757647524,0.90625,5.0,-0.33341852366871827,357.0544926817781,0.0,0.0
evt_pay_004949_1,cust_024,pay_004949,2026-06-19T10:14:44.641656+00:00,104729,WHATSAPP_NUDGE,0.8333333333333334,0,0.22981366459627328,0.08333333333333333,0.26950481664618436,1.0,1.0,0.4432901225851097,-0.8963781943010877,1.0,8.0,-1.1653357768016162,365.0847649688819,1.0,0.0
evt_pay_001220_0,cust_039,pay_001220,2026-06-19T10:16:12.694335+00:00,230010,WHATSAPP_NUDGE,0.8333333333333334,0,0.608,1.4210332867243853,-0.24703698894604256,0.0,1.0,0.4375412310969274,-0.8991983491367104,0.6666666666666667,3.0,-0.6642333856639545,350.829684088805,0.0,0.0
evt_pay_007782_2,cust_021,pay_007782,2026-06-19T10:18:09.264174+00:00,224826,ESCALATE_HUMAN,0.8333333333333334,0,0.26854219948849106,0.08978899826181912,0.12989891461708764,2.0,1.0,0.4299029186407561,-0.9028751190193245,0.75,18.0,-0.0711177391970671,365.8781202566088,0.0,0.0
evt_pay_007358_0,cust_037,pay_007358,2026-06-19T10:38:46.812103+00:00,165615,RETRY_LATER,0.8333333333333334,0,0.36531365313653136,0.04558456374375434,0.10798350784813794,0.0,1.0,0.3470166710539758,-0.9378589606175423,0.8787878787878788,6.0,-0.33341852366871827,357.07346088658625,0.0,1.0
evt_pay_007897_0,cust_052,pay_007897,2026-06-19T10:50:01.592901+00:00,170838,RETRY_LATER,0.8333333333333334,0,0.45098039215686275,0.6957781248387581,0.4915089368728345,0.0,1.0,0.3005953198071668,-0.9537517778279772,0.75,2.0,-1.0656726581061444,379.32619974674145,0.0,1.0
evt_pay_007578_0,cust_043,pay_007578,2026-06-19T10:54:15.252977+00:00,175715,RETRY_NOW,0.8333333333333334,0,0.23174603174603176,0.7210067537789845,0.6229553348200357,0.0,1.0,0.28295162072060764,-0.959134182652032,0.9666666666666667,8.0,-0.05414349663535748,365.09659871732174,1.0,0.0
evt_pay_004634_0,cust_002,pay_004634,2026-06-19T10:56:58.817263+00:00,326457,RETRY_LATER,0.8333333333333334,0,0.3280757097791798,0.11307324151353744,0.17761896896550605,0.0,1.0,0.27152323064537637,-0.9624318860157833,0.967741935483871,10.0,-0.38277421977533765,358.5387817155458,0.0,1.0
evt_pay_003537_0,cust_014,pay_003537,2026-06-19T11:09:36.936248+00:00,54623,WHATSAPP_NUDGE,0.8333333333333334,0,0.21236559139784947,1.0614309289653268,-0.5219864291588349,0.0,1.0,0.21807679472380154,-0.9759316121547621,0.8620689655172413,15.0,-0.8122776257059364,374.2220335813963,0.0,0.0
evt_pay_004080_0,cust_028,pay_004080,2026-06-19T11:25:15.050578+00:00,206225,RETRY_LATER,0.8333333333333334,0,0.38596491228070173,0.3810091762360723,-0.28111748558380956,0.0,1.0,0.1510415248056728,-0.9885274188328704,0.96875,6.0,0.3910481863531735,350.80314519550717,0.0,1.0
evt_pay_007089_0,cust_006,pay_007089,2026-06-19T11:37:14.574744+00:00,114007,RETRY_LATER,0.8333333333333334,1,0.36283185840707965,0.6729257902335158,-0.3540720668774773,0.0,1.0,0.09913343312236643,-0.9950741492157121,0.8571428571428572,7.0,-0.3286363658753921,372.13259711156746,0.0,1.0
evt_pay_000323_0,cust_048,pay_000323,2026-06-19T12:01:30.317858+00:00,225709,RETRY_LATER,0.8333333333333334,0,0.24033149171270718,0.4107125085448615,0.5107746530595879,0.0,1.0,-0.0065680527554022065,-0.999978430108871,0.96875,11.0,-0.4506859321563252,360.50667235414386,0.0,1.0
evt_pay_005467_0,cust_009,pay_005467,2026-06-19T12:15:43.646432+00:00,131914,WHATSAPP_NUDGE,0.8333333333333334,0,0.2621359223300971,0.32282360928869974,0.3115374679591565,0.0,1.0,-0.06857005662921246,-0.9976463037238531,0.6666666666666667,10.0,-0.8984355580750027,352.12779309732923,0.0,0.0
evt_pay_001220_1,cust_039,pay_001220,2026-06-19T12:16:12.694335+00:00,233350,DO_NOTHING,0.03333333333333333,0,0.6055776892430279,0.08333333333333333,-0.20913472598786295,1.0,1.0,-0.07067735323529807,-0.9974992289418839,0.7,4.0,-0.6642333856639545,350.91301742213835,0.0,1.0
evt_pay_002783_0,cust_033,pay_002783,2026-06-19T12:18:11.635406+00:00,77799,RETRY_LATER,0.03333333333333333,0,0.6133828996282528,0.4583696745282471,-0.07098318775383573,0.0,1.0,-0.07930260975373299,-0.996850588647189,0.8275862068965517,7.0,-0.3958893149650273,354.2561707281853,0.0,0.0
evt_pay_007358_1,cust_037,pay_007358,2026-06-19T12:38:46.812103+00:00,183251,DO_NOTHING,0.03333333333333333,0,0.3639705882352941,0.08333333333333333,0.42373535903195053,1.0,1.0,-0.16840422763932028,-0.9857180205886489,0.875,6.0,-0.33341852366871827,357.1567942199196,1.0,0.0
evt_pay_007897_1,cust_052,pay_007897,2026-06-19T12:50:01.592901+00:00,118261,WHATSAPP_NUDGE,0.8333333333333334,0,0.44921875,0.08333333333333333,-0.539069673267357,1.0,1.0,-0.21655270570227433,-0.9762709284071835,0.7272727272727273,2.0,-1.0656726581061444,379.4095330800748,0.0,0.0
evt_pay_004634_1,cust_002,pay_004634,2026-06-19T12:56:58.817263+00:00,344396,WHATSAPP_NUDGE,0.8333333333333334,0,0.3270440251572327,0.08333333333333333,0.34438612081164516,1.0,1.0,-0.24606992755137458,-0.9692520780245257,0.96875,10.0,-0.38277421977533765,358.6221150488791,0.0,0.0
evt_pay_003537_1,cust_014,pay_003537,2026-06-19T13:09:36.936248+00:00,66171,WHATSAPP_NUDGE,0.8333333333333334,0,0.21179624664879357,0.08333333333333333,-0.02830647626543925,1.0,1.0,-0.29910576187068494,-0.9542199658442266,0.8333333333333334,16.0,-0.8122776257059364,374.30536691472963,0.0,1.0
evt_pay_006728_2,cust_016,pay_006728,2026-06-19T13:20:01.076740+00:00,150199,ESCALATE_HUMAN,0.8333333333333334,0,0.3,0.29794940435052314,0.8298713026926409,2.0,1.0,-0.3420937227669219,-0.9396658367970331,0.8787878787878788,12.0,-0.5381138706705891,372.3352132641092,0.0,0.0
evt_pay_004080_1,cust_028,pay_004080,2026-06-19T13:25:15.050578+00:00,272608,WHATSAPP_NUDGE,0.8333333333333334,1,0.38461538461538464,0.08333333333333333,0.5480858797740512,1.0,1.0,-0.363457911908385,-0.931610619449562,0.96875,6.0,0.3910481863531735,350.88647852884054,1.0,0.0
evt_pay_003980_0,cust_000,pay_003980,2026-06-19T13:27:52.845753+00:00,129846,WHATSAPP_NUDGE,0.8333333333333334,0,0.36333333333333334,2.8239093896922327,0.05705552820431514,0.0,1.0,-0.3741241553684308,-0.9273786262200883,0.75,2.0,0.8132490481077264,369.2162368481777,0.0,0.0
evt_pay_001857_0,cust_010,pay_001857,2026-06-19T13:47:24.256613+00:00,74035,ESCALATE_HUMAN,0.03333333333333333,0,0.32732732732732733,0.6944799821349079,-0.18100338796989712,0.0,1.0,-0.4516729464984277,-0.8921835850324912,0.8666666666666667,6.0,-0.045395759303349575,379.52018596543513,0.0,0.0
evt_pay_006569_0,cust_024,pay_006569,2026-06-19T13:57:32.420569+00:00,87587,PAYMENT_LINK,0.03333333333333333,0,0.22910216718266255,0.15471966333740284,-0.24228614190058154,0.0,1.0,-0.4906769569013561,-0.8713415656136374,1.0,8.0,-1.1653357768016162,365.23948463221933,0.0,1.0
evt_pay_000323_1,cust_048,pay_000323,2026-06-19T14:01:30.317858+00:00,183433,WHATSAPP_NUDGE,0.8333333333333334,0,0.2396694214876033,0.08333333333333333,-0.12004502026114046,1.0,1.0,-0.5056773155940101,-0.8627226973330631,0.9375,11.0,-0.4506859321563252,360.59000568747723,0.0,0.0
evt_pay_007176_0,cust_002,pay_007176,2026-06-19T14:16:30.289861+00:00,288676,WHATSAPP_NUDGE,0.8333333333333334,0,0.32601880877742945,0.05522537728912388,-0.17359018354417535,0.0,1.0,-0.5610177002998704,-0.8278038052281741,0.9393939393939394,11.0,-0.38277421977533765,358.6773404261682,0.0,0.0
evt_pay_004746_2,cust_055,pay_004746,2026-06-19T14:32:59.065278+00:00,410056,ESCALATE_HUMAN,0.8333333333333334,0,0.3119533527696793,0.7872110714577426,0.8936889842229654,2.0,1.0,-0.6190405660347305,-0.7853590119196446,0.9375,6.0,-1.0480965437343166,376.55525292310614,0.0,0.0
evt_pay_001876_0,cust_000,pay_001876,2026-06-19T14:44:07.276262+00:00,118093,RETRY_LATER,0.8333333333333334,0,0.36212624584717606,0.052944797564180135,-0.20673725019330344,0.0,1.0,-0.6564582877229397,-0.7543623244037749,0.7692307692307692,3.0,0.8132490481077264,369.26918164574187,0.0,1.0
evt_pay_002564_0,cust_046,pay_002564,2026-06-19T14:45:12.728961+00:00,125409,WHATSAPP_NUDGE,0.8333333333333334,0,0.39543726235741444,0.7321070274566068,0.5096688779318943,0.0,1.0,-0.6600414927068472,-0.7512291447390183,0.8666666666666667,3.0,-0.9687765812058661,373.63509948788055,0.0,0.0
evt_pay_005256_0,cust_052,pay_005256,2026-06-19T15:18:14.497228+00:00,167969,RETRY_LATER,0.8333333333333334,1,0.4474708171206226,0.10292713341247388,0.43527367959563057,0.0,1.0,-0.761090235305969,-0.6486460157296157,0.7857142857142857,3.0,-1.0656726581061444,379.51246021348726,0.0,1.0
evt_pay_003980_1,cust_000,pay_003980,2026-06-19T15:27:52.845753+00:00,98832,WHATSAPP_NUDGE,0.8333333333333334,1,0.3609271523178808,0.030388535769153197,-0.6390061838739187,1.0,1.0,-0.7876903358285017,-0.6160713715490943,0.7333333333333334,3.0,0.8132490481077264,369.299570181511,1.0,0.0
evt_pay_001387_0,cust_014,pay_001387,2026-06-19T15:28:56.053735+00:00,65795,WHATSAPP_NUDGE,0.8333333333333334,0,0.21122994652406418,0.09674904498312269,-0.044383258421835416,0.0,1.0,-0.7905138467639236,-0.6124441673120121,0.8666666666666667,17.0,-0.8122776257059364,374.4021159597128,0.0,0.0
evt_pay_003434_0,cust_025,pay_003434,2026-06-19T16:09:44.026500+00:00,225048,WHATSAPP_NUDGE,0.8333333333333334,0,0.4594594594594595,0.45443661138114066,0.11727305880418973,0.0,1.0,-0.8864738557958795,-0.46277867603249206,0.8709677419354839,6.0,0.10753773716001852,356.35723840402216,0.0,0.0
evt_pay_006283_0,cust_025,pay_006283,2026-06-19T16:42:46.016989+00:00,179281,RETRY_NOW,0.8333333333333334,0,0.45791245791245794,0.022939704736719097,-0.487625701003431,0.0,1.0,-0.9437532787538851,-0.3306504934841192,0.9032258064516129,7.0,0.10753773716001852,356.3801781087589,1.0,0.0
evt_pay_001876_1,cust_000,pay_001876,2026-06-19T16:44:07.276262+00:00,159316,WHATSAPP_NUDGE,0.8333333333333334,1,0.36303630363036304,0.08333333333333333,0.7184629702826524,1.0,1.0,-0.9456907158947875,-0.32506779273007713,0.7333333333333334,4.0,0.8132490481077264,369.35251497907524,0.0,0.0
evt_pay_002564_1,cust_046,pay_002564,2026-06-19T16:45:12.728961+00:00,123576,WHATSAPP_NUDGE,0.8333333333333334,0,0.3939393939393939,0.08333333333333333,0.4604630061813789,1.0,1.0,-0.94722727260544,-0.3205627770538234,0.90625,3.0,-0.9687765812058661,373.71843282121387,1.0,0.0
evt_pay_003523_2,cust_006,pay_003523,2026-06-19T17:28:13.786468+00:00,152098,ESCALATE_HUMAN,0.8333333333333334,0,0.36470588235294116,0.9166666666666666,0.4822515622594808,2.0,1.0,-0.9904071032273732,-0.13818020797770994,0.90625,5.0,-0.3286363658753921,372.3763379880006,0.0,0.0
evt_pay_000359_0,cust_048,pay_000359,2026-06-19T17:35:29.423990+00:00,187443,WHATSAPP_NUDGE,0.8333333333333334,0,0.23901098901098902,0.14860076541223557,-0.06021381121256452,0.0,1.0,-0.9942870127275318,-0.10673957242448025,0.9285714285714286,12.0,-0.4506859321563252,360.7386064528894,0.0,0.0
evt_pay_001626_2,cust_016,pay_001626,2026-06-19T17:49:22.166688+00:00,100810,ESCALATE_HUMAN,0.8333333333333334,0,0.2990936555891239,0.18704965217475925,-0.3825168761314818,2.0,1.0,-0.9989244297443544,-0.046367916277491886,0.896551724137931,10.0,-0.5381138706705891,372.522262916284,0.0,0.0
evt_pay_008317_0,cust_020,pay_008317,2026-06-19T17:59:36.778449+00:00,61370,RETRY_LATER,0.8333333333333334,0,0.2695417789757412,1.2367608186051104,0.0040937104021558125,0.0,1.0,-0.999998574114702,-0.0016887180234440046,0.896551724137931,3.0,0.06752823759169156,364.98815151384537,0.0,1.0
evt_pay_003434_1,cust_025,pay_003434,2026-06-19T18:09:44.026500+00:00,235850,WHATSAPP_NUDGE,0.8333333333333334,0,0.4563758389261745,0.060393628596614235,0.26003567375373143,1.0,1.0,-0.9990982169262208,0.04245883812407315,0.935483870967742,7.0,0.10753773716001852,356.44057173735547,0.0,1.0
evt_pay_001119_0,cust_040,pay_001119,2026-06-19T18:19:17.422066+00:00,291737,WHATSAPP_NUDGE,0.8333333333333334,1,0.4664310954063604,0.5752727314144295,0.9763352655885161,0.0,1.0,-0.9964597872977082,0.08407075769021002,0.9230769230769231,5.0,-0.492492512121923,368.89264020077275,0.0,0.0
evt_pay_006283_1,cust_025,pay_006283,2026-06-19T18:42:46.016989+00:00,188434,WHATSAPP_NUDGE,0.8333333333333334,1,0.45484949832775917,0.022939704736719097,-0.36664913417489564,1.0,1.0,-0.9826395610477808,0.18552491224583464,0.9375,8.0,0.10753773716001852,356.4635114420923,0.0,0.0
evt_pay_003939_2,cust_049,pay_003939,2026-06-19T19:35:17.579338+00:00,383173,ESCALATE_HUMAN,0.8333333333333334,0,0.31666666666666665,0.41421116840268724,0.4084627271039683,2.0,1.0,-0.9147958577039345,0.403916499697305,0.8888888888888888,8.0,0.2100296838614713,352.69709054313233,0.0,0.0
evt_pay_008317_1,cust_020,pay_008317,2026-06-19T19:59:36.778449+00:00,77202,PAYMENT_LINK,0.03333333333333333,0,0.26881720430107525,0.08333333333333333,0.7422186797349861,1.0,1.0,-0.8668685279432701,0.49853681434921937,0.92,3.0,0.06752823759169156,365.0714848471787,0.0,1.0
evt_pay_001677_0,cust_058,pay_001677,2026-06-19T20:26:09.107782+00:00,294300,RETRY_NOW,0.8333333333333334,0,0.3282674772036474,0.5687090999616657,0.6098829358658606,0.0,1.0,-0.8034627114377966,0.595355080039655,0.90625,5.0,4.286983765334936,368.81560689858867,1.0,0.0
evt_pay_001613_0,cust_009,pay_001613,2026-06-19T20:54:18.648724+00:00,110534,WHATSAPP_NUDGE,0.03333333333333333,0,0.26129032258064516,0.3601273413469433,-0.20203192963691774,0.0,1.0,-0.7244401760231016,0.6893376758625757,0.75,9.0,-0.8984355580750027,352.48792043867616,0.0,1.0
evt_pay_006638_0,cust_053,pay_006638,2026-06-19T21:10:19.610067+00:00,314549,RETRY_NOW,0.8333333333333334,0,0.3377049180327869,1.009296920777994,-0.04913134548510571,0.0,1.0,-0.6745381013349423,0.7382400353864935,1.0,2.0,-0.06914381847567465,350.8665299880212,1.0,0.0
evt_pay_003311_0,cust_040,pay_003311,2026-06-19T21:14:06.714505+00:00,204863,WHATSAPP_NUDGE,0.8333333333333334,0,0.46830985915492956,0.6966765790864429,-0.16519761540186714,0.0,1.0,-0.662254259731341,0.7492791839279226,0.875,6.0,-0.492492512121923,369.01404404844476,0.0,0.0
evt_pay_001826_0,cust_049,pay_001826,2026-06-19T21:20:29.584783+00:00,315846,RETRY_LATER,0.03333333333333333,0,0.31561461794019935,0.073055618578735,-0.16533437942982532,0.0,1.0,-0.6411380045981512,0.7674256049024564,0.88,8.0,0.2100296838614713,352.770146161711,1.0,0.0
evt_pay_001613_1,cust_009,pay_001613,2026-06-19T22:54:18.648724+00:00,94153,PAYMENT_LINK,0.03333333333333333,0,0.2604501607717042,0.08333333333333333,-0.5955186780998905,1.0,1.0,-0.2827147580267883,0.9592040270942646,0.75,10.0,-0.8984355580750027,352.57125377200947,0.0,0.0
evt_pay_007623_0,cust_025,pay_007623,2026-06-19T23:00:13.323797+00:00,194935,WHATSAPP_NUDGE,0.8333333333333334,0,0.45666666666666667,0.20172797796792943,-0.2807247977549206,0.0,1.0,-0.2578830055387478,0.9661761513586962,0.9,9.0,0.10753773716001852,356.6422997153234,0.0,0.0
evt_pay_003311_1,cust_040,pay_003311,2026-06-19T23:14:06.714505+00:00,225918,WHATSAPP_NUDGE,0.8333333333333334,0,0.4666666666666667,0.08333333333333333,0.1114625795685919,1.0,1.0,-0.1988894207278375,0.9800219376741244,0.9166666666666666,7.0,-0.492492512121923,369.09737738177813,0.0,1.0
evt_pay_002485_0,cust_023,pay_002485,2026-06-19T23:25:56.760405+00:00,86289,RETRY_NOW,0.8333333333333334,0,0.39057239057239057,1.0497063869035514,0.07381444118063131,0.0,1.0,-0.14804240928990875,0.98898101349401,0.5833333333333333,5.0,0.9385908116339667,374.2286164208396,1.0,0.0
evt_pay_001207_0,cust_018,pay_001207,2026-06-19T23:36:25.973290+00:00,131248,RETRY_NOW,0.8333333333333334,0,0.28321678321678323,1.2341044397238459,-0.2696884619784129,0.0,1.0,-0.10264979415909378,0.9947175577816527,0.92,4.0,-0.4554811204429685,355.6058527408045,1.0,0.0
evt_pay_000401_2,cust_057,pay_000401,2026-06-19T23:42:16.500763+00:00,95956,ESCALATE_HUMAN,0.8333333333333334,0,0.3028169014084507,0.9166666666666666,0.49158061325905383,2.0,1.0,-0.07726276928631136,0.997010764476598,1.0,6.0,-0.5990323654313375,371.2524544873356,0.0,0.0
evt_pay_004134_2,cust_026,pay_004134,2026-06-20T00:00:39.461682+00:00,261058,ESCALATE_HUMAN,0.8333333333333334,0,0.4122448979591837,0.9166666666666666,0.42042163651076625,2.0,1.0,0.002869730590763494,0.9999958823146905,0.9473684210526316,6.0,1.9048100532514713,367.55369379537774,0.0,0.0
evt_pay_007491_0,cust_031,pay_007491,2026-06-20T00:19:26.680026+00:00,46724,WHATSAPP_NUDGE,0.8333333333333334,0,0.2865853658536585,1.4678512700814963,-0.3748299701159016,0.0,1.0,0.08474161295191873,0.9964029601693821,1.0,2.0,-0.07508066613848166,373.34899695634186,0.0,0.0
evt_pay_006863_0,cust_004,pay_006863,2026-06-20T00:20:43.823226+00:00,414057,RETRY_NOW,0.8333333333333334,0,0.47808764940239046,9.051162960240617,-0.04967106436124613,0.0,1.0,0.09033008254105653,0.9959118817386033,1.0,1.0,-0.2585165281110097,376.1783500222038,1.0,0.0
evt_pay_003696_0,cust_026,pay_003696,2026-06-20T00:30:35.586924+00:00,292578,RETRY_NOW,0.8333333333333334,0,0.4105691056910569,0.020788486591679128,0.8161541215552914,0.0,1.0,0.13309156609116238,0.991103745848739,0.9473684210526316,6.0,1.9048100532514713,367.57448228196944,1.0,0.0
evt_pay_001942_0,cust_014,pay_001942,2026-06-20T00:32:18.848356+00:00,59109,RETRY_LATER,0.8333333333333334,0,0.21066666666666667,0.377347159972184,-0.3302142243959006,0.0,1.0,0.14053032148258446,0.9900763752074895,0.9,18.0,-0.8122776257059364,374.779463119685,0.0,1.0
evt_pay_008040_0,cust_039,pay_008040,2026-06-20T00:54:24.201023+00:00,281933,WHATSAPP_NUDGE,0.8333333333333334,1,0.6031746031746031,0.5265220681441178,0.3421763400834812,0.0,1.0,0.23515632198131053,0.9719575629790749,0.875,4.0,-0.6642333856639545,351.4395394902824,0.0,0.0
evt_pay_004741_0,cust_032,pay_004741,2026-06-20T01:17:53.331822+00:00,446971,RETRY_NOW,0.8333333333333334,0,0.25,1.1880857456487395,1.0760359672420443,0.0,1.0,0.3333497109399827,0.9428032510636724,0.9230769230769231,4.0,0.2905055503479753,375.51744546603487,1.0,0.0
evt_pay_002485_1,cust_023,pay_002485,2026-06-20T01:25:56.760405+00:00,109162,WHATSAPP_NUDGE,0.8333333333333334,1,0.38926174496644295,0.08333333333333333,0.8507264405220286,1.0,1.0,0.36628201946449057,0.9305038861912478,0.6666666666666667,5.0,0.9385908116339667,374.31194975417293,0.0,1.0
evt_pay_002469_0,cust_005,pay_002469,2026-06-20T01:48:26.845150+00:00,122556,RETRY_LATER,0.03333333333333333,1,0.25766871165644173,1.9526673339753984,-0.18206664372844733,0.0,1.0,0.4557290870785752,0.8901185309780537,0.9259259259259259,2.0,-0.6412832630166057,370.7524286646406,1.0,0.0
evt_pay_007491_1,cust_031,pay_007491,2026-06-20T02:19:26.680026+00:00,50273,RETRY_LATER,0.03333333333333333,0,0.2857142857142857,0.08333333333333333,-0.18630953984167312,1.0,1.0,0.571589869658721,0.8205394694367397,1.0,3.0,-0.07508066613848166,373.43233028967524,0.0,0.0
evt_pay_006863_1,cust_004,pay_006863,2026-06-20T02:20:43.823226+00:00,448611,WHATSAPP_NUDGE,0.8333333333333334,0,0.47619047619047616,0.08333333333333333,0.18461988776784158,1.0,1.0,0.5761840870758018,0.8173199482458658,1.0,1.0,-0.2585165281110097,376.2616833555371,0.0,1.0
evt_pay_004560_0,cust_057,pay_004560,2026-06-20T02:21:19.118497+00:00,62353,RETRY_LATER,0.8333333333333334,0,0.3017543859649123,0.11044696451347136,-0.6811071500517883,0.0,1.0,0.578280038274827,0.8158383401954487,1.0,6.0,-0.5990323654313375,371.36290145184904,0.0,1.0
evt_pay_003696_1,cust_026,pay_003696,2026-06-20T02:30:35.586924+00:00,195612,WHATSAPP_NUDGE,0.8333333333333334,0,0.4089068825910931,0.08333333333333333,-0.4012520103029223,1.0,1.0,0.6108125501887717,0.7917752386453426,0.9444444444444444,6.0,1.9048100532514713,367.65781561530275,0.0,1.0
evt_pay_007300_2,cust_030,pay_007300,2026-06-20T02:30:50.771155+00:00,194053,ESCALATE_HUMAN,0.8333333333333334,0,0.3489736070381232,0.9166666666666666,0.34876610576374906,2.0,1.0,0.6116864783446988,0.7911002794906978,0.9473684210526316,9.0,1.7722569671050512,351.04894886905987,0.0,1.0
evt_pay_001942_1,cust_014,pay_001942,2026-06-20T02:32:18.848356+00:00,59603,WHATSAPP_NUDGE,0.8333333333333334,1,0.21010638297872342,0.08333333333333333,-0.30905802026943757,1.0,1.0,0.6167410160096569,0.7871661318752072,0.8928571428571429,17.0,-0.8122776257059364,374.8627964530183,0.0,0.0
evt_pay_001627_0,cust_029,pay_001627,2026-06-20T03:26:17.345771+00:00,40677,WHATSAPP_NUDGE,0.8333333333333334,0,0.3761194029850746,1.458693468973138,-0.2594951199781362,0.0,1.0,0.7833927864713182,0.6215269439893203,0.8846153846153846,5.0,-0.8256115037842402,354.15654328591046,0.0,0.0
evt_pay_003871_2,cust_034,pay_003871,2026-06-20T03:32:09.984879+00:00,54920,ESCALATE_HUMAN,0.8333333333333334,0,0.375,0.9166666666666666,0.04370741459541885,2.0,1.0,0.7990722899364605,0.6012349586107757,0.8928571428571429,3.0,-0.5369784473169031,364.2601928802529,0.0,0.0
evt_pay_004560_1,cust_057,pay_004560,2026-06-20T04:21:19.118497+00:00,53698,WHATSAPP_NUDGE,0.8333333333333334,0,0.3006993006993007,0.08333333333333333,-0.9831621998905407,1.0,1.0,0.908724373745162,0.41739670885317615,1.0,6.0,-0.5990323654313375,371.4462347851824,0.0,0.0
evt_pay_006809_0,cust_050,pay_006809,2026-06-20T04:43:52.028969+00:00,91707,RETRY_NOW,0.8333333333333334,0,0.4308176100628931,3.1338970956867342,-0.6104373095008898,0.0,1.0,0.9453296947501064,0.32611618822694244,0.6363636363636364,9.0,-0.900782201038446,377.91198030484315,1.0,0.0
evt_pay_002039_0,cust_024,pay_002039,2026-06-20T05:01:23.406032+00:00,96452,WHATSAPP_NUDGE,0.8333333333333334,0,0.22839506172839505,0.6276734428630562,0.022376705413514487,0.0,1.0,0.9674779046182354,0.25295553774430124,1.0,9.0,-1.1653357768016162,365.8671580750824,0.0,0.0
evt_pay_002282_0,cust_017,pay_002282,2026-06-20T05:03:02.931033+00:00,498730,WHATSAPP_NUDGE,0.8333333333333334,0,0.2848101265822785,1.9817363494804188,-0.07292289944248172,0.0,1.0,0.9692833554517855,0.24594669512747602,0.88,12.0,0.5027156808516637,373.77205914378084,0.0,0.0
evt_pay_003026_0,cust_035,pay_003026,2026-06-20T05:16:23.836255+00:00,34607,RETRY_NOW,0.8333333333333334,0,0.2664756446991404,1.4195091086121465,-0.6017961938334682,0.0,1.0,0.9819564609084991,0.18910713598395848,0.75,6.0,0.5026080740568922,354.1554542450108,1.0,0.0
evt_pay_001627_1,cust_029,pay_001627,2026-06-20T05:26:17.345771+00:00,39373,WHATSAPP_NUDGE,0.8333333333333334,0,0.375,0.08333333333333333,-0.34278248492921826,1.0,1.0,0.9892015262203,0.14656172939560042,0.8846153846153846,6.0,-0.8256115037842402,354.23987661924383,0.0,0.0
evt_pay_003128_0,cust_049,pay_003128,2026-06-20T05:50:25.419217+00:00,244799,RETRY_LATER,0.8333333333333334,0,0.31456953642384106,0.35411845408894277,-0.7708380472535079,0.0,1.0,0.9991271466942708,0.04177253569709537,0.8888888888888888,8.0,0.2100296838614713,353.1242646158,0.0,1.0
evt_pay_002295_2,cust_002,pay_002295,2026-06-20T06:14:09.289196+00:00,327665,PAYMENT_LINK,0.03333333333333333,0,0.325,0.665034714530672,0.18884577402149785,2.0,1.0,0.9980933305957398,-0.061722794981296646,0.8928571428571429,12.0,-0.38277421977533765,359.34237514069883,0.0,0.0
evt_pay_002039_1,cust_024,pay_002039,2026-06-20T07:01:23.406032+00:00,89729,WHATSAPP_NUDGE,0.8333333333333334,0,0.2276923076923077,0.08333333333333333,-0.1783164360381651,1.0,1.0,0.9643382118716806,-0.26467303059459923,1.0,10.0,-1.1653357768016162,365.9504914084157,1.0,0.0
evt_pay_002509_0,cust_044,pay_002509,2026-06-20T07:29:15.315861+00:00,244136,ESCALATE_HUMAN,0.03333333333333333,0,0.3722397476340694,1.2554788124646734,0.2162578360380565,0.0,1.0,0.9251181908553584,-0.3796792500894783,0.9333333333333333,7.0,-0.8459251821363672,371.15590743987104,0.0,0.0
evt_pay_007791_2,cust_049,pay_007791,2026-06-20T07:38:49.734388+00:00,435927,RETRY_NOW,0.03333333333333333,0,0.31353135313531355,0.07528142559630169,0.8580563210264552,2.0,1.0,0.9084554654533951,-0.41798165903285206,0.8888888888888888,8.0,0.2100296838614713,353.1995460413962,0.0,0.0
evt_pay_003128_1,cust_049,pay_003128,2026-06-20T07:50:25.419217+00:00,333245,WHATSAPP_NUDGE,0.8333333333333334,0,0.3125,0.008051907737031646,-0.017050936380531328,1.0,1.0,0.8861557584964476,-0.46338749625295855,0.8888888888888888,8.0,0.2100296838614713,353.2075979491333,0.0,1.0
evt_pay_006825_0,cust_012,pay_006825,2026-06-20T07:55:27.955083+00:00,673492,RETRY_LATER,0.03333333333333333,1,0.5676691729323309,2.333754730698331,0.6958135500568373,0.0,1.0,0.8757471180765718,-0.48277011628784466,0.6666666666666667,9.0,-0.5006574979571285,360.5362716006843,0.0,0.0
evt_pay_004278_2,cust_045,pay_004278,2026-06-20T07:55:39.766643+00:00,95720,ESCALATE_HUMAN,0.8333333333333334,0,0.2289855072463768,0.9166666666666666,0.27549184557612705,2.0,1.0,0.8753321144031675,-0.48352217063386044,0.875,9.0,1.000889969158722,354.1668327528633,0.0,0.0
evt_pay_005022_2,cust_047,pay_005022,2026-06-20T08:01:02.486444+00:00,95788,DO_NOTHING,0.03333333333333333,0,0.4134275618374558,0.9166666666666666,-0.3928013145659339,2.0,1.0,0.8637443990296857,-0.5039301669327281,0.875,4.0,1.898235005697721,353.35029119380516,0.0,0.0
evt_pay_003503_0,cust_035,pay_003503,2026-06-20T08:03:13.168329+00:00,55890,WHATSAPP_NUDGE,0.8333333333333334,0,0.26571428571428574,0.11584875084558159,0.7852248729960314,0.0,1.0,0.858916389006419,-0.5121158430435188,0.75,6.0,0.5026080740568922,354.27130299585633,0.0,0.0
evt_pay_004949_2,cust_024,pay_004949,2026-06-20T08:14:44.641656+00:00,76543,ESCALATE_HUMAN,0.8333333333333334,0,0.22699386503067484,0.05094022713287435,-0.57200035825038,2.0,1.0,0.8320896045559669,-0.5546412263706103,1.0,11.0,-1.1653357768016162,366.0014316355486,0.0,0.0
evt_pay_008528_0,cust_030,pay_008528,2026-06-20T09:02:59.745814+00:00,154915,WHATSAPP_NUDGE,0.8333333333333334,0,0.347953216374269,0.27232609559897963,-0.29781545935968096,0.0,1.0,0.697803700487087,-0.7162890447204451,0.9285714285714286,9.0,1.7722569671050512,351.3212749646589,0.0,0.0
evt_pay_001312_0,cust_042,pay_001312,2026-06-20T09:19:06.815670+00:00,194815,WHATSAPP_NUDGE,0.8333333333333334,0,0.404320987654321,1.2390355047390358,-0.4619388566009924,0.0,1.0,0.6457456044708842,-0.763552627070677,0.5833333333333333,6.0,0.21388002896855346,377.3178584952928,0.0,0.0
evt_pay_003503_1,cust_035,pay_003503,2026-06-20T10:03:13.168329+00:00,52232,WHATSAPP_NUDGE,0.8333333333333334,0,0.26495726495726496,0.08333333333333333,0.5468259540329186,1.0,1.0,0.48778549108459673,-0.872963524259381,0.875,6.0,0.5026080740568922,354.35463632918965,0.0,0.0
evt_pay_007897_2,cust_052,pay_007897,2026-06-20T10:50:01.592901+00:00,138428,ESCALATE_HUMAN,0.8333333333333334,1,0.4496124031007752,0.9166666666666666,-0.14377059615453744,2.0,1.0,0.3005953198071668,-0.9537517778279772,0.5833333333333333,3.0,-1.0656726581061444,380.32619974674145,0.0,1.0
evt_pay_004634_2,cust_002,pay_004634,2026-06-20T10:56:58.817263+00:00,397518,ESCALATE_HUMAN,0.8333333333333334,0,0.32398753894080995,0.19640657484687077,0.8382033267870059,2.0,1.0,0.27152323064537637,-0.9624318860157833,0.875,13.0,-0.38277421977533765,359.5387817155458,1.0,0.0
evt_pay_008528_1,cust_030,pay_008528,2026-06-20T11:02:59.745814+00:00,190648,WHATSAPP_NUDGE,0.8333333333333334,0,0.3469387755102041,0.08333333333333333,0.2925130484491965,1.0,1.0,0.24617120911638213,-0.9692263594239369,1.0,10.0,1.7722569671050512,351.4046082979923,0.0,0.0
evt_pay_003537_2,cust_014,pay_003537,2026-06-20T11:09:36.936248+00:00,57779,ESCALATE_HUMAN,0.8333333333333334,0,0.21220159151193635,0.44257046171136,-0.3870584980958359,2.0,1.0,0.21807679472380154,-0.9759316121547621,0.85,17.0,-0.8122776257059364,375.2220335813963,0.0,0.0
evt_pay_004749_0,cust_056,pay_004749,2026-06-20T11:12:27.549911+00:00,173227,WHATSAPP_NUDGE,0.8333333333333334,0,0.24260355029585798,1.763373342723071,0.24895887267218458,0.0,1.0,0.20595156979661125,-0.9785621855039728,0.85,6.0,-0.26273729270347856,362.4224321999113,0.0,0.0
evt_pay_001312_1,cust_042,pay_001312,2026-06-20T11:19:06.815670+00:00,269987,WHATSAPP_NUDGE,0.8333333333333334,0,0.40307692307692305,0.08333333333333333,0.462279569899232,1.0,1.0,0.17745578431858514,-0.9841287744049941,0.5,7.0,0.21388002896855346,377.40119182862617,1.0,0.0
evt_pay_003709_0,cust_004,pay_003709,2026-06-20T11:31:35.928985+00:00,449957,ESCALATE_HUMAN,0.03333333333333333,1,0.4743083003952569,0.3825475203609396,0.19374375606611052,0.0,1.0,0.1236066014726965,-0.9923312995529114,1.0,2.0,-0.2585165281110097,376.6442308758981,0.0,0.0
evt_pay_006681_0,cust_023,pay_006681,2026-06-20T11:54:58.544081+00:00,86637,WHATSAPP_NUDGE,0.8333333333333334,0,0.391304347826087,0.5201595332932243,0.08560680757020167,0.0,1.0,0.021920737115442998,-0.9997597117729418,0.5384615384615384,6.0,0.9385908116339667,374.7487759541328,0.0,0.0
evt_pay_008210_0,cust_055,pay_008210,2026-06-20T12:12:34.454038+00:00,321572,WHATSAPP_NUDGE,0.8333333333333334,0,0.311046511627907,0.9024929254629038,0.08431738227427642,0.0,1.0,-0.05483792389551864,-0.9984952689436387,0.8636363636363636,6.0,-1.0480965437343166,377.4577458485691,0.0,0.0
evt_pay_005408_0,cust_047,pay_005408,2026-06-20T12:21:31.198084+00:00,120478,WHATSAPP_NUDGE,0.8333333333333334,0,0.4119718309859155,0.18088786621020367,0.242425385357679,0.0,1.0,-0.09376065220826048,-0.9955947670098922,0.8947368421052632,4.0,1.898235005697721,353.53117906001535,0.0,0.0
evt_pay_006580_0,cust_013,pay_006580,2026-06-20T12:23:35.465036+00:00,172502,RETRY_NOW,0.8333333333333334,0,0.26006191950464397,2.299334252822424,0.009438882773163812,0.0,1.0,-0.10275383907776457,-0.9947068153756567,0.9230769230769231,6.0,-0.5595801808996762,352.11865321626766,1.0,0.0
evt_pay_000553_0,cust_018,pay_000553,2026-06-20T13:02:20.764474+00:00,149643,RETRY_LATER,0.8333333333333334,0,0.28222996515679444,0.5596619349916144,0.0929546962213715,0.0,1.0,-0.2686931866880765,-0.9632258153867174,0.8636363636363636,4.0,-0.4554811204429685,356.16551467579615,0.0,1.0
evt_pay_004749_1,cust_056,pay_004749,2026-06-20T13:12:27.549911+00:00,143831,WHATSAPP_NUDGE,0.8333333333333334,0,0.24188790560471976,0.08333333333333333,-0.2781374456839558,1.0,1.0,-0.31092180135883696,-0.9504354967275664,0.8947368421052632,7.0,-0.26273729270347856,362.50576553324464,0.0,1.0
evt_pay_006733_0,cust_029,pay_006733,2026-06-20T13:22:10.860517+00:00,58928,WHATSAPP_NUDGE,0.8333333333333334,0,0.37388724035608306,0.33048049474515057,0.9060430133156732,0.0,1.0,-0.3509470548066503,-0.9363953036632221,0.8695652173913043,7.0,-0.8256115037842402,354.570357113989,0.0,0.0
evt_pay_007377_0,cust_023,pay_007377,2026-06-20T13:30:15.993652+00:00,85020,RETRY_NOW,0.8333333333333334,0,0.39,0.06617418484919806,0.030699306229045556,0.0,1.0,-0.3837577294437623,-0.9234338119714743,0.5,7.0,0.9385908116339667,374.81495013898206,1.0,0.0
evt_pay_001531_0,cust_054,pay_001531,2026-06-20T13:42:32.798831+00:00,109199,WHATSAPP_NUDGE,0.8333333333333334,1,0.4298780487804878,1.4724664661641402,0.29844793767856154,0.0,1.0,-0.4326627150298797,-0.9015558635065123,0.9285714285714286,9.0,-0.6956354929968003,367.02779429546223,0.0,0.0
evt_pay_006681_1,cust_023,pay_006681,2026-06-20T13:54:58.544081+00:00,102226,DO_NOTHING,0.03333333333333333,0,0.38870431893687707,0.017159148484135283,0.6151326827104914,1.0,1.0,-0.48089594067481667,-0.8767776766332975,0.5384615384615384,7.0,0.9385908116339667,374.83210928746615,0.0,0.0
evt_pay_004782_0,cust_019,pay_004782,2026-06-20T14:11:11.913134+00:00,120209,RETRY_LATER,0.8333333333333334,0,0.40268456375838924,2.785744887982522,0.012736291925035127,0.0,1.0,-0.541702900361295,-0.8405700254828035,0.8333333333333334,3.0,-0.5137657855739247,357.000362850559,0.0,1.0
evt_pay_005408_1,cust_047,pay_005408,2026-06-20T14:21:31.198084+00:00,134489,WHATSAPP_NUDGE,0.8333333333333334,0,0.4105263157894737,0.08333333333333333,0.6028690713507916,1.0,1.0,-0.578996490192697,-0.8153300340012859,0.8947368421052632,5.0,1.898235005697721,353.61451239334866,1.0,0.0
evt_pay_007293_0,cust_056,pay_007293,2026-06-20T14:26:11.652235+00:00,133639,WHATSAPP_NUDGE,0.03333333333333333,0,0.2411764705882353,0.05120488801122747,-0.46088163643855135,0.0,1.0,-0.5955037408596459,-0.8033525344592919,0.9,8.0,-0.26273729270347856,362.5569704212559,1.0,0.0
evt_pay_000798_0,cust_025,pay_000798,2026-06-20T14:57:23.888059+00:00,227078,PAYMENT_LINK,0.03333333333333333,0,0.45514950166112955,0.6647056048830867,0.14409999352115452,0.0,1.0,-0.6990337579112371,-0.7150886695372077,0.9,10.0,0.10753773716001852,357.30700532020654,1.0,0.0
evt_pay_004706_0,cust_000,pay_004706,2026-06-20T14:59:26.911304+00:00,111022,WHATSAPP_NUDGE,0.03333333333333333,1,0.3651315789473684,1.0106439240888487,-0.36541572866160643,0.0,1.0,-0.7054032402711128,-0.7088062278331184,0.5384615384615384,5.0,0.8132490481077264,370.27982556983073,0.0,1.0
evt_pay_001451_0,cust_045,pay_001451,2026-06-20T14:59:33.508393+00:00,84782,WHATSAPP_NUDGE,0.8333333333333334,0,0.22832369942196531,0.2943720109933565,-0.08245072322781595,0.0,1.0,-0.7057432116161307,-0.7084677263346223,0.9047619047619048,9.0,1.000889969158722,354.46120476385664,0.0,0.0
evt_pay_000553_1,cust_018,pay_000553,2026-06-20T15:02:20.764474+00:00,109260,RETRY_LATER,0.03333333333333333,0,0.28125,0.08333333333333333,-0.7031590334755928,1.0,1.0,-0.7143080331890276,-0.6998314323618389,0.9,4.0,-0.4554811204429685,356.24884800912946,0.0,1.0
evt_pay_007654_0,cust_024,pay_007654,2026-06-20T15:24:31.830034+00:00,108992,RETRY_NOW,0.8333333333333334,0,0.22629969418960244,0.2984628284489001,0.39677612347886393,0.0,1.0,-0.7786005946543119,-0.6275198116425903,0.8571428571428572,11.0,-1.1653357768016162,366.2998944639974,1.0,0.0
evt_pay_007377_1,cust_023,pay_007377,2026-06-20T15:30:15.993652+00:00,74219,WHATSAPP_NUDGE,0.8333333333333334,0,0.38741721854304634,0.06617418484919806,-0.33619158197356636,1.0,1.0,-0.7940608485826707,-0.6078382751589184,0.5833333333333333,7.0,0.9385908116339667,374.89828347231537,0.0,0.0
evt_pay_001151_0,cust_043,pay_001151,2026-06-20T15:53:23.959613+00:00,162442,RETRY_LATER,0.03333333333333333,0,0.2310126582278481,1.2077396601463306,0.36007519262421184,0.0,1.0,-0.8512678047917545,-0.5247314784964091,0.9047619047619048,8.0,-0.05414349663535748,366.3043383774681,0.0,0.0
evt_pay_004782_1,cust_019,pay_004782,2026-06-20T16:11:11.913134+00:00,143214,WHATSAPP_NUDGE,0.8333333333333334,0,0.4013377926421405,0.08333333333331439,0.5619696004810265,1.0,1.0,-0.8894134857579395,-0.4571035455472989,0.8571428571428572,3.0,-0.5137657855739247,357.08369618389224,1.0,0.0
evt_pay_003352_0,cust_043,pay_003352,2026-06-20T16:11:24.727981+00:00,131462,WHATSAPP_NUDGE,0.8333333333333334,0,0.2302839116719243,0.012508893140913338,-0.25350333130970615,0.0,1.0,-0.8898390843021841,-0.4562744832315858,0.9090909090909091,8.0,-0.05414349663535748,366.316847270609,0.0,0.0
evt_pay_005140_0,cust_046,pay_005140,2026-06-20T16:15:46.107315+00:00,101578,RETRY_LATER,0.8333333333333334,0,0.39245283018867927,0.9795529902086552,-0.13010271614892605,0.0,1.0,-0.8983506993017669,-0.43927897862750775,0.9,4.0,-0.9687765812058661,374.69798581142254,0.0,1.0
evt_pay_007293_1,cust_056,pay_007293,2026-06-20T16:26:11.652235+00:00,188223,DO_NOTHING,0.03333333333333333,0,0.2404692082111437,0.08333333333335229,0.5178559085417587,1.0,1.0,-0.9173976348628118,-0.39797183260642843,0.9047619047619048,9.0,-0.26273729270347856,362.64030375458924,1.0,0.0
evt_pay_006047_0,cust_030,pay_006047,2026-06-20T16:41:43.338519+00:00,189928,WHATSAPP_NUDGE,0.8333333333333334,0,0.34593023255813954,0.23522676741060877,0.28062244110045304,0.0,1.0,-0.9422363397853537,-0.3349487721844932,1.0,11.0,1.7722569671050512,351.63983506540285,0.0,0.0
evt_pay_008014_0,cust_012,pay_008014,2026-06-20T16:43:15.050072+00:00,641456,RETRY_NOW,0.8333333333333334,1,0.5692883895131086,2.700272033809275,0.5268068672027909,0.0,1.0,-0.944449292085711,-0.32865716891435554,0.6153846153846154,8.0,-0.5006574979571285,360.9027889037952,1.0,0.0
evt_pay_008533_0,cust_033,pay_008533,2026-06-20T16:54:35.298279+00:00,70070,RETRY_NOW,0.8333333333333334,1,0.6111111111111112,1.1919405425039713,-0.34777440364125217,0.0,1.0,-0.959545632046145,-0.28155315665281433,0.9,7.0,-0.3958893149650273,355.44811127068925,1.0,0.0
evt_pay_000798_1,cust_025,pay_000798,2026-06-20T16:57:23.888059+00:00,256577,ESCALATE_HUMAN,0.03333333333333333,0,0.45364238410596025,0.08333333333333333,0.5339817801813973,1.0,1.0,-0.9629253272226367,-0.2697680748220185,0.8571428571428572,10.0,0.10753773716001852,357.39033865353986,1.0,0.0
evt_pay_007654_1,cust_024,pay_007654,2026-06-20T17:24:31.830034+00:00,81437,WHATSAPP_NUDGE,0.8333333333333334,0,0.22560975609756098,0.08333333333333333,-0.425869551973302,1.0,1.0,-0.9880478001935996,-0.1541478009333529,0.8666666666666667,11.0,-1.1653357768016162,366.3832277973308,1.0,0.0
evt_pay_008317_2,cust_020,pay_008317,2026-06-20T17:59:36.778449+00:00,71001,ESCALATE_HUMAN,0.8333333333333334,0,0.2680965147453083,0.9166666666666478,0.45308294223257695,2.0,1.0,-0.9999985741147018,-0.0016887180235630203,1.0,4.0,0.06752823759169156,365.98815151384525,0.0,0.0
evt_pay_005140_1,cust_046,pay_005140,2026-06-20T18:15:46.107315+00:00,105251,WHATSAPP_NUDGE,0.8333333333333334,0,0.39097744360902253,0.08333333333333333,-0.03150505720008359,1.0,1.0,-0.9976340164165994,0.06874859481097963,0.85,4.0,-0.9687765812058661,374.78131914475586,1.0,0.0
evt_pay_006047_1,cust_030,pay_006047,2026-06-20T18:41:43.338519+00:00,238009,WHATSAPP_NUDGE,0.8333333333333334,1,0.34492753623188405,0.08333333333333333,1.0749623071487637,1.0,1.0,-0.9834749927152292,0.18104402421449853,1.0,12.0,1.7722569671050512,351.72316839873616,0.0,1.0
evt_pay_007027_0,cust_003,pay_007027,2026-06-20T18:51:26.793042+00:00,178813,RETRY_LATER,0.8333333333333334,1,0.4790874524714829,2.229422737729275,-0.5374776049649687,0.0,1.0,-0.9749104525602318,0.22259741572804503,0.9523809523809523,2.0,2.053947620637407,356.81638872682635,0.0,1.0
evt_pay_008401_0,cust_029,pay_008401,2026-06-20T19:12:21.745182+00:00,54547,WHATSAPP_NUDGE,0.8333333333333334,1,0.3727810650887574,0.2431815354768029,0.6262627022553069,0.0,1.0,-0.9505666620050509,0.3105205646725757,0.9090909090909091,8.0,-0.8256115037842402,354.8135386494658,0.0,0.0
evt_pay_000126_0,cust_035,pay_000126,2026-06-20T20:39:06.718318+00:00,44607,WHATSAPP_NUDGE,0.8333333333333334,0,0.26420454545454547,0.44159201376578494,0.0499092098442629,0.0,1.0,-0.7685293296993201,0.6398145585964059,0.875,7.0,0.5026080740568922,354.79622834295543,0.0,0.0
evt_pay_001581_0,cust_004,pay_001581,2026-06-20T21:04:24.142543+00:00,468415,RETRY_LATER,0.8333333333333334,0,0.4763779527559055,0.7803277698755361,0.31889639763001454,0.0,1.0,-0.6933943589724635,0.7205582994769865,0.875,2.0,-0.2585165281110097,377.04201112541267,0.0,1.0
evt_pay_003311_2,cust_040,pay_003311,2026-06-20T21:14:06.714505+00:00,235309,ESCALATE_HUMAN,0.8333333333333334,1,0.46503496503496505,0.9166666666666478,0.23486396608380933,2.0,1.0,-0.6622542597314302,0.7492791839278438,0.8636363636363636,8.0,-0.492492512121923,370.0140440484447,1.0,0.0
evt_pay_000341_0,cust_020,pay_000341,2026-06-20T21:36:24.881937+00:00,54765,WHATSAPP_NUDGE,0.8333333333333334,1,0.26737967914438504,0.15055675333216337,-0.3038520466729403,0.0,1.0,-0.5863204024738303,0.8100792465203177,0.9,4.0,0.06752823759169156,366.1387082671775,0.0,0.0
evt_pay_007365_0,cust_047,pay_007365,2026-06-20T21:37:32.912941+00:00,113099,RETRY_LATER,0.8333333333333334,0,0.4090909090909091,0.3027976256562018,0.05256882968365012,0.0,1.0,-0.5823054943844804,0.8129700555430353,0.8947368421052632,6.0,1.898235005697721,353.9173100190049,0.0,1.0
evt_pay_004744_0,cust_028,pay_004744,2026-06-20T21:50:49.700135+00:00,305350,WHATSAPP_NUDGE,0.8333333333333334,0,0.3867595818815331,1.4344288143159172,0.9570840959827156,0.0,1.0,-0.5342478394212532,0.8453278926391361,0.8095238095238095,6.0,0.3910481863531735,352.23757400982305,0.0,0.0
evt_pay_000573_0,cust_046,pay_000573,2026-06-20T22:16:07.378286+00:00,137315,RETRY_NOW,0.03333333333333333,0,0.3895131086142322,0.16691285845729453,0.8293056178296497,0.0,1.0,-0.4378888231019296,0.8990291311200138,0.9,5.0,-0.9687765812058661,374.94823200321315,0.0,0.0
evt_pay_000126_1,cust_035,pay_000126,2026-06-20T22:39:06.718318+00:00,43326,WHATSAPP_NUDGE,0.8333333333333334,0,0.26345609065155806,0.08333333333333333,-0.033596145578558355,1.0,1.0,-0.34565864377483363,0.9383603263052752,0.875,8.0,0.5026080740568922,354.8795616762888,0.0,0.0
evt_pay_000505_0,cust_050,pay_000505,2026-06-20T22:43:30.980501+00:00,113115,WHATSAPP_NUDGE,0.8333333333333334,0,0.42946708463949845,0.7497563834663007,-0.0859864721006502,0.0,1.0,-0.32756281027047857,0.9448294054101547,0.6153846153846154,8.0,-0.900782201038446,378.6617366883094,0.0,0.0
evt_pay_004212_0,cust_050,pay_004212,2026-06-20T22:49:44.712147+00:00,104301,WHATSAPP_NUDGE,0.8333333333333334,0,0.428125,0.0043255977610670016,-0.3019026306269735,0.0,1.0,-0.30176592165627253,0.9533820475165978,0.6428571428571428,9.0,-0.900782201038446,378.6660622860705,0.0,0.0
evt_pay_007009_0,cust_057,pay_007009,2026-06-20T22:54:21.568595+00:00,76561,WHATSAPP_NUDGE,0.8333333333333334,0,0.29965156794425085,0.7729450242810761,-0.1852582451236579,0.0,1.0,-0.28251107523055746,0.9592640368386977,0.875,7.0,-0.5990323654313375,372.21917980946347,0.0,0.0
evt_pay_007365_1,cust_047,pay_007365,2026-06-20T23:37:32.912941+00:00,103819,WHATSAPP_NUDGE,0.8333333333333334,0,0.4076655052264808,0.08333333333333333,-0.1861648473791494,1.0,1.0,-0.0978063231286981,0.9952054678085549,0.9,6.0,1.898235005697721,354.0006433523383,0.0,0.0
evt_pay_007770_0,cust_047,pay_007770,2026-06-20T23:41:04.401407+00:00,104326,RETRY_LATER,0.8333333333333334,0,0.40625,0.0024477831753605037,-0.1731262612758646,0.0,1.0,-0.08248922321306906,0.9965919566471046,0.9047619047619048,7.0,1.898235005697721,354.0030911355136,0.0,1.0
evt_pay_007810_0,cust_013,pay_007810,2026-06-20T23:50:42.466321+00:00,163757,RETRY_LATER,0.8333333333333334,0,0.25925925925925924,0.47716436672800455,-0.1358863062562221,0.0,1.0,-0.04053388558325581,0.9991781643528463,0.875,5.0,-0.5595801808996762,352.5958175829957,0.0,1.0
evt_pay_004744_1,cust_028,pay_004744,2026-06-20T23:50:49.700135+00:00,287052,WHATSAPP_NUDGE,0.8333333333333334,0,0.3854166666666667,0.08333333333333333,0.7285163212210798,1.0,1.0,-0.040008254536187296,0.999199349263683,0.8,7.0,0.3910481863531735,352.3209073431564,1.0,0.0
evt_pay_006863_2,cust_004,pay_006863,2026-06-21T00:20:43.823226+00:00,475483,ESCALATE_HUMAN,0.8333333333333334,0,0.4745098039215686,0.13633889679113054,0.3668238137964651,2.0,1.0,0.09033008254105653,0.9959118817386033,0.875,2.0,-0.2585165281110097,377.1783500222038,0.0,0.0
evt_pay_005855_0,cust_046,pay_005855,2026-06-21T00:26:14.477892+00:00,112049,WHATSAPP_NUDGE,0.8333333333333334,0,0.3880597014925373,0.09035994914567406,0.1510046478641436,0.0,1.0,0.11424924489980204,0.9934521176382005,0.9090909090909091,5.0,-0.9687765812058661,375.0385919523589,0.0,0.0
evt_pay_003696_2,cust_026,pay_003696,2026-06-21T00:30:35.586924+00:00,178483,ESCALATE_HUMAN,0.8333333333333334,0,0.40725806451612906,0.9166666666666856,-0.6163001329556601,2.0,1.0,0.1330915660912804,0.9911037458487231,0.7777777777777778,7.0,1.9048100532514713,368.57448228196944,0.0,0.0
evt_pay_001886_0,cust_043,pay_001886,2026-06-21T00:32:03.150286+00:00,136894,RETRY_NOW,0.8333333333333334,1,0.22955974842767296,0.3476669248241251,-0.1459246327871588,0.0,1.0,0.13939996299846744,0.9902361588611203,0.8095238095238095,9.0,-0.05414349663535748,366.6645141954332,1.0,0.0
evt_pay_003054_0,cust_058,pay_003054,2026-06-21T00:37:10.430241+00:00,290330,RETRY_LATER,0.8333333333333334,0,0.32727272727272727,1.1743208618023384,0.563116401290857,0.0,1.0,0.16149116448264875,0.9868741580333523,0.9090909090909091,5.0,4.286983765334936,369.989927760391,0.0,1.0
evt_pay_000505_1,cust_050,pay_000505,2026-06-21T00:43:30.980501+00:00,140732,WHATSAPP_NUDGE,0.8333333333333334,0,0.42679127725856697,0.07900773557226633,0.5905889318718434,1.0,1.0,0.18873698767582078,0.9820276724629796,0.6428571428571428,10.0,-0.900782201038446,378.74507002164273,0.0,0.0
evt_pay_004212_1,cust_050,pay_004212,2026-06-21T00:49:44.712147+00:00,112642,WHATSAPP_NUDGE,0.8333333333333334,1,0.4254658385093168,0.0043255977610670016,-0.09756748317763184,1.0,1.0,0.21535406960754225,0.9765360334895328,0.6666666666666667,11.0,-0.900782201038446,378.74939561940386,0.0,1.0
evt_pay_007009_1,cust_057,pay_007009,2026-06-21T00:54:21.568595+00:00,65339,WHATSAPP_NUDGE,0.8333333333333334,0,0.2986111111111111,0.08333333333333333,-0.5768829772470259,1.0,1.0,0.2349702504192297,0.9720025624544024,0.875,8.0,-0.5990323654313375,372.30251314279684,0.0,1.0
evt_pay_002944_0,cust_052,pay_002944,2026-06-21T00:57:06.891991+00:00,108836,RETRY_NOW,0.8333333333333334,1,0.4517374517374517,1.5049224431607513,-0.7238189366936094,0.0,1.0,0.24663904033101766,0.9691074160198108,0.625,3.0,-1.0656726581061444,380.9144555232356,1.0,0.0
evt_pay_007770_1,cust_047,pay_007770,2026-06-21T01:41:04.401407+00:00,117177,WHATSAPP_NUDGE,0.8333333333333334,0,0.40484429065743943,0.08333333333333333,0.15748520920563872,1.0,1.0,0.42685821548259034,0.9043185632701667,0.9130434782608696,7.0,1.898235005697721,354.08642446884693,1.0,0.0
evt_pay_007810_1,cust_013,pay_007810,2026-06-21T01:50:42.466321+00:00,184943,WHATSAPP_NUDGE,0.8333333333333334,0,0.25846153846153846,0.08333333333333333,0.2161840152667991,1.0,1.0,0.4644857075472324,0.8855806160278955,0.8823529411764706,5.0,-0.5595801808996762,352.67915091632904,1.0,0.0
evt_pay_002922_0,cust_042,pay_002922,2026-06-21T01:53:06.276546+00:00,206738,RETRY_LATER,0.8333333333333334,0,0.401840490797546,0.6069382045822257,-0.3153411946047905,0.0,1.0,0.47372169456511737,0.8806746028462236,0.625,8.0,0.21388002896855346,378.0081300332084,0.0,1.0
evt_pay_005557_0,cust_000,pay_005557,2026-06-21T01:57:25.631511+00:00,136346,WHATSAPP_NUDGE,0.8333333333333334,1,0.36721311475409835,1.4675735561206504,0.2029334333599553,0.0,1.0,0.4902467034193693,0.8715837135848976,0.6470588235294117,6.0,0.8132490481077264,370.73675520186254,0.0,0.0
evt_pay_005542_0,cust_016,pay_005542,2026-06-21T02:14:02.992222+00:00,151540,WHATSAPP_NUDGE,0.8333333333333334,0,0.29819277108433734,1.3504725177554633,0.8627740020984078,0.0,1.0,0.552118426216697,0.8337657005610135,0.8,8.0,-0.5381138706705891,373.87273543403944,0.0,0.0
evt_pay_000525_0,cust_026,pay_000525,2026-06-21T02:20:59.694512+00:00,238830,RETRY_LATER,0.8333333333333334,1,0.40562248995983935,0.07666791189978994,0.14134822488869184,0.0,1.0,0.5771270476261231,0.816654376648013,0.8181818181818181,7.0,1.9048100532514713,368.6511501938692,0.0,1.0
evt_pay_004560_2,cust_057,pay_004560,2026-06-21T02:21:19.118497+00:00,65737,ESCALATE_HUMAN,0.8333333333333334,0,0.2975778546712803,0.06038830905223828,-0.563019473349152,2.0,1.0,0.57828003827473,0.8158383401955175,0.875,9.0,-0.5990323654313375,372.36290145184904,0.0,0.0
evt_pay_003054_1,cust_058,pay_003054,2026-06-21T02:37:10.430241+00:00,220345,WHATSAPP_NUDGE,0.8333333333333334,0,0.32628398791540786,0.08333333333333333,-0.26134402309591853,1.0,1.0,0.6332925299453813,0.7739125089539375,0.9565217391304348,5.0,4.286983765334936,370.07326109372434,0.0,1.0
evt_pay_007177_0,cust_010,pay_007177,2026-06-21T02:42:24.651049+00:00,84199,WHATSAPP_NUDGE,0.8333333333333334,0,0.3263473053892216,1.538199009667096,0.18638372907954887,0.0,1.0,0.6508101646859564,0.7592404951933467,0.9583333333333334,6.0,-0.045395759303349575,381.05838497510223,0.0,0.0
evt_pay_001627_2,cust_029,pay_001627,2026-06-21T03:26:17.345771+00:00,45123,ESCALATE_HUMAN,0.8333333333333334,0,0.3746312684365782,0.5861861719215161,0.0244067487398982,2.0,1.0,0.7833927864713182,0.6215269439893203,0.8,9.0,-0.8256115037842402,355.15654328591046,1.0,0.0
evt_pay_006374_0,cust_042,pay_006374,2026-06-21T04:09:49.318246+00:00,208061,DO_NOTHING,0.03333333333333333,0,0.40061162079510704,0.09494261226742158,-0.29908289303304,0.0,1.0,0.8866518797087177,0.46243750303040676,0.6111111111111112,8.0,0.21388002896855346,378.10307264547583,0.0,0.0
evt_pay_007177_1,cust_010,pay_007177,2026-06-21T04:42:24.651049+00:00,71151,WHATSAPP_NUDGE,0.8333333333333334,0,0.3253731343283582,0.08333333333333333,-0.2852826759875899,1.0,1.0,0.9432383832558457,0.3321164740763371,0.9583333333333334,7.0,-0.045395759303349575,381.1417183084356,0.0,1.0
evt_pay_007942_0,cust_053,pay_007942,2026-06-21T05:09:03.265795+00:00,311362,WHATSAPP_NUDGE,0.8333333333333334,0,0.3366013071895425,1.332449719075593,-0.07757502760702523,0.0,1.0,0.9753947076136955,0.22046578954385043,0.8571428571428572,1.0,-0.06914381847567465,352.19897970709684,0.0,0.0
evt_pay_006426_0,cust_059,pay_006426,2026-06-21T05:32:41.346391+00:00,211269,RETRY_NOW,0.8333333333333334,0,0.35379061371841153,3.4962398620964072,0.7929151598642407,0.0,1.0,0.9929081004362625,0.11888441482403311,0.6111111111111112,2.0,-0.38878117849020055,363.8516260613829,1.0,0.0
evt_pay_007193_0,cust_019,pay_007193,2026-06-21T06:19:50.230291+00:00,113028,RETRY_NOW,0.8333333333333334,1,0.4,0.589332374503897,-0.15870499803216032,0.0,1.0,0.9962563684859437,-0.08644795111047837,1.0,3.0,-0.5137657855739247,357.6730285583962,1.0,0.0
evt_pay_007942_1,cust_053,pay_007942,2026-06-21T07:09:03.265795+00:00,322839,WHATSAPP_NUDGE,0.8333333333333334,0,0.3355048859934853,0.08333333333333333,0.024876468033531066,1.0,1.0,0.9549494902822805,-0.2967683793964795,0.8571428571428572,2.0,-0.06914381847567465,352.28231304043015,0.0,0.0
evt_pay_002124_0,cust_022,pay_002124,2026-06-21T07:15:05.023583+00:00,103080,RETRY_NOW,0.8333333333333334,0,0.34177215189873417,2.030754865032615,-0.23473634087115536,0.0,1.0,0.9468126363471469,-0.32178538135435153,0.8571428571428572,1.0,-0.6143468879245073,360.3085123828969,1.0,0.0
evt_pay_006426_1,cust_059,pay_006426,2026-06-21T07:32:41.346391+00:00,130277,WHATSAPP_NUDGE,0.8333333333333334,0,0.35251798561151076,0.08333333333333333,-0.6063800781343428,1.0,1.0,0.9193258460131708,-0.3934971268664713,0.631578947368421,2.0,-0.38878117849020055,363.93495939471626,0.0,0.0
evt_pay_003503_2,cust_035,pay_003503,2026-06-21T08:03:13.168329+00:00,45151,ESCALATE_HUMAN,0.8333333333333334,0,0.2627118644067797,0.3917413195675484,0.08533484648477137,2.0,1.0,0.858916389006419,-0.5121158430435188,0.875,9.0,0.5026080740568922,355.27130299585633,1.0,0.0
evt_pay_004055_0,cust_033,pay_004055,2026-06-21T08:18:18.198333+00:00,84775,RETRY_LATER,0.8333333333333334,1,0.6125461254612546,1.8334092931298376,0.17885939410147966,0.0,1.0,0.8233758737432033,-0.5674964057486325,0.9565217391304348,5.0,-0.3958893149650273,356.08958002131516,0.0,1.0
evt_pay_001768_0,cust_053,pay_001768,2026-06-21T08:19:55.467295+00:00,363927,RETRY_LATER,0.8333333333333334,0,0.3344155844155844,0.049215295130996616,0.39167203868503847,0.0,1.0,0.8193410664268168,-0.5733063900451194,0.8571428571428572,3.0,-0.06914381847567465,352.33152833556113,0.0,1.0
evt_pay_001313_0,cust_021,pay_001313,2026-06-21T09:08:21.511631+00:00,230312,RETRY_NOW,0.8333333333333334,0,0.26785714285714285,1.9515306418659482,0.2027906885536742,0.0,1.0,0.6808534182427723,-0.7324197040407451,0.6842105263157895,15.0,-0.0711177391970671,367.8296508984747,1.0,0.0
evt_pay_002124_1,cust_022,pay_002124,2026-06-21T09:15:05.023583+00:00,106911,WHATSAPP_NUDGE,0.8333333333333334,0,0.34069400630914826,0.08333333333333333,-0.13728512364914067,1.0,1.0,0.6590711050235709,-0.7520806329929054,0.875,1.0,-0.6143468879245073,360.3918457162302,0.0,0.0
evt_pay_001312_2,cust_042,pay_001312,2026-06-21T09:19:06.815670+00:00,208380,ESCALATE_HUMAN,0.8333333333333334,1,0.39939024390243905,0.21478584981700047,-0.2951568418375274,2.0,1.0,0.6457456044709751,-0.7635526270706001,0.7,8.0,0.21388002896855346,378.3178584952928,0.0,1.0
evt_pay_003712_0,cust_019,pay_003712,2026-06-21T09:24:33.747642+00:00,131364,RETRY_LATER,0.8333333333333334,0,0.4019933554817276,0.7176138253221325,0.27905546400406744,0.0,1.0,0.6274112278445856,-0.7786880962070434,0.8888888888888888,3.0,-0.5137657855739247,357.8013100092144,0.0,1.0
evt_pay_005876_0,cust_019,pay_005876,2026-06-21T09:40:19.917941+00:00,136170,RETRY_LATER,0.03333333333333333,1,0.40066225165562913,0.010951045123950584,0.3938014746442483,0.0,1.0,0.5723893150147288,-0.8199819949590171,0.9,3.0,-0.5137657855739247,357.8122610543384,1.0,0.0
evt_pay_008264_0,cust_006,pay_008264,2026-06-21T09:50:05.057926+00:00,131742,WHATSAPP_NUDGE,0.8333333333333334,0,0.36363636363636365,1.6818434196586054,0.035316776618572195,0.0,1.0,0.5369893534087198,-0.8435890197991467,0.9166666666666666,5.0,-0.3286363658753921,374.0581814076592,0.0,0.0
evt_pay_004497_0,cust_041,pay_004497,2026-06-21T10:15:24.718754+00:00,207048,WHATSAPP_NUDGE,0.8333333333333334,0,0.39869281045751637,3.006682012536828,-0.6090590526276657,0.0,1.0,0.4406757593636351,-0.8976663495471374,0.7142857142857143,3.0,0.3693318557794774,380.71720249684785,0.0,0.0
evt_pay_001768_1,cust_053,pay_001768,2026-06-21T10:19:55.467295+00:00,332683,WHATSAPP_NUDGE,0.8333333333333334,0,0.3333333333333333,0.08333333333333333,0.11275193380493374,1.0,1.0,0.4229169828668966,-0.9061684311444319,0.8666666666666667,3.0,-0.06914381847567465,352.41486166889445,0.0,0.0
evt_pay_006927_0,cust_024,pay_006927,2026-06-21T10:33:22.945717+00:00,93584,RETRY_NOW,0.8333333333333334,0,0.22492401215805471,0.7144805055867968,-0.06323556728873585,0.0,1.0,0.3690070553314584,-0.9294265937208844,0.875,12.0,-1.1653357768016162,367.0977083029176,1.0,0.0
evt_pay_000614_0,cust_044,pay_000614,2026-06-21T10:57:04.442633+00:00,212828,WHATSAPP_NUDGE,0.8333333333333334,1,0.3710691823899371,1.1443185968998553,-0.17787795001354786,0.0,1.0,0.27112948814462695,-0.9625428825036486,0.625,5.0,-0.8459251821363672,372.3002260367709,0.0,0.0
evt_pay_007061_0,cust_013,pay_007061,2026-06-21T11:05:32.131970+00:00,230670,WHATSAPP_NUDGE,0.8333333333333334,0,0.25766871165644173,0.3852970561231359,0.9760629272969789,0.0,1.0,0.2354155077622834,-0.9718948187458488,0.8823529411764706,6.0,-0.5595801808996762,353.0644479724522,0.0,0.0
evt_pay_001313_1,cust_021,pay_001313,2026-06-21T11:08:21.511631+00:00,246909,WHATSAPP_NUDGE,0.8333333333333334,0,0.26717557251908397,0.08333333333333333,0.42330191816138985,1.0,1.0,0.2234265044313398,-0.9747207790529514,0.6842105263157895,15.0,-0.0711177391970671,367.912984231808,0.0,0.0
evt_pay_003364_0,cust_042,pay_003364,2026-06-21T11:34:58.751003+00:00,235312,WHATSAPP_NUDGE,0.8333333333333334,1,0.4012158054711246,0.30913695319857953,0.03596340235289343,0.0,1.0,0.10895716419836256,-0.9940464457810063,0.6842105263157895,8.0,0.21388002896855346,378.41220959867434,0.0,0.0
evt_pay_000560_0,cust_038,pay_000560,2026-06-21T11:42:22.543892+00:00,44201,RETRY_NOW,0.8333333333333334,0,0.5197132616487455,2.8475859563821664,-0.024090571735218547,0.0,1.0,0.07682460678065342,-0.9970446227692109,0.9130434782608696,6.0,2.4957647172129915,379.444668078781,1.0,0.0
evt_pay_008264_1,cust_006,pay_008264,2026-06-21T11:50:05.057926+00:00,118459,WHATSAPP_NUDGE,0.8333333333333334,0,0.36257309941520466,0.08333333333333333,-0.25631242992338643,1.0,1.0,0.04325191171415757,-0.9990641982040347,0.9166666666666666,6.0,-0.3286363658753921,374.14151474099253,0.0,0.0
evt_pay_006026_0,cust_057,pay_006026,2026-06-21T12:17:21.249785+00:00,96911,WHATSAPP_NUDGE,0.8333333333333334,0,0.296551724137931,0.4139135565789047,0.5249391531932219,0.0,1.0,-0.07564947972835612,-0.9971344724844433,0.9411764705882353,9.0,-0.5990323654313375,372.776815008428,0.0,0.0
evt_pay_005408_2,cust_047,pay_005408,2026-06-21T12:21:31.198084+00:00,96426,ESCALATE_HUMAN,0.8333333333333334,0,0.40344827586206894,0.4447545911684377,-0.37637444898757944,2.0,1.0,-0.09376065220826048,-0.9955947670098922,0.92,7.0,1.898235005697721,354.53117906001535,1.0,0.0
evt_pay_007061_1,cust_013,pay_007061,2026-06-21T13:05:32.131970+00:00,135467,WHATSAPP_NUDGE,0.8333333333333334,0,0.25688073394495414,0.08333333333333333,-0.6059895416933876,1.0,1.0,-0.2820715992059745,-0.9593933567215192,0.9411764705882353,7.0,-0.5595801808996762,353.1477813057855,0.0,1.0
evt_pay_000845_0,cust_038,pay_000845,2026-06-21T13:22:16.408665+00:00,40554,DO_NOTHING,0.03333333333333333,0,0.5178571428571429,0.06937343487174985,-0.25785586109469466,0.0,1.0,-0.351324836151793,-0.9362536299010625,0.9166666666666666,6.0,2.4957647172129915,379.5140415136527,1.0,0.0
evt_pay_002848_0,cust_052,pay_002848,2026-06-21T13:29:43.055336+00:00,150228,RETRY_NOW,0.8333333333333334,0,0.45384615384615384,2.0275632226174785,0.08752327759052961,0.0,1.0,-0.3815446908504972,-0.9243503929159107,0.631578947368421,3.0,-1.0656726581061444,381.4370963026923,1.0,0.0
evt_pay_007377_2,cust_023,pay_007377,2026-06-21T13:30:15.993652+00:00,75427,ESCALATE_HUMAN,0.8333333333333334,0,0.38613861386138615,0.9166666666666856,-0.29514789945678277,2.0,1.0,-0.3837577294438722,-0.9234338119714286,0.631578947368421,8.0,0.9385908116339667,375.81495013898206,0.0,0.0
evt_pay_000884_0,cust_014,pay_000884,2026-06-21T13:35:29.334630+00:00,75701,RETRY_LATER,0.8333333333333334,0,0.21164021164021163,1.1013009071966355,0.37911630170265065,0.0,1.0,-0.40469838259223334,-0.914450227802055,0.92,17.0,-0.8122776257059364,376.323334488593,0.0,1.0
evt_pay_006911_0,cust_052,pay_006911,2026-06-21T13:42:06.587514+00:00,173187,RETRY_NOW,0.8333333333333334,0,0.4521072796934866,0.008605696508652727,0.5375501806979278,0.0,1.0,-0.4309434376734095,-0.9023789412027655,0.65,3.0,-1.0656726581061444,381.445701999201,1.0,0.0
evt_pay_006310_0,cust_019,pay_006310,2026-06-21T14:02:28.505477+00:00,95826,RETRY_NOW,0.8333333333333334,0,0.40264026402640263,0.1929948823489743,-0.5693677249982998,0.0,1.0,-0.509323408421081,-0.8605751946427068,0.8,3.0,-0.5137657855739247,357.9943048915634,1.0,0.0
evt_pay_004590_0,cust_038,pay_004590,2026-06-21T15:00:56.584229+00:00,44191,WHATSAPP_NUDGE,0.8333333333333334,1,0.5160142348754448,0.06852055051081152,-0.02473391329243799,0.0,1.0,-0.7100104751316112,-0.7041911141184499,0.9090909090909091,6.0,2.4957647172129915,379.58256206416354,0.0,0.0
evt_pay_004789_0,cust_033,pay_004789,2026-06-21T15:23:51.476727+00:00,96668,PAYMENT_LINK,0.03333333333333333,0,0.6139705882352942,2.1289333486235287,0.6047568473115298,0.0,1.0,-0.7767557406096882,-0.6298019684233249,0.8695652173913043,5.0,-0.3958893149650273,356.38510407680883,0.0,0.0
evt_pay_007654_2,cust_024,pay_007654,2026-06-21T15:24:31.830034+00:00,70758,ESCALATE_HUMAN,0.8333333333333334,0,0.22424242424242424,0.20218616107986995,-0.7447034188440255,2.0,1.0,-0.7786005946543119,-0.6275198116425903,1.0,12.0,-1.1653357768016162,367.2998944639974,0.0,0.0
evt_pay_007400_0,cust_055,pay_007400,2026-06-21T15:26:09.429583+00:00,236220,WHATSAPP_NUDGE,0.8333333333333334,1,0.3101449275362319,1.134432587330063,-0.6964081357272034,0.0,1.0,-0.7830348551566698,-0.621977825657614,0.6,7.0,-1.0480965437343166,378.59217843589914,0.0,0.0
evt_pay_002848_1,cust_052,pay_002848,2026-06-21T15:29:43.055336+00:00,147259,ESCALATE_HUMAN,0.03333333333333333,1,0.45038167938931295,0.0747276368246806,0.02932134178361063,1.0,1.0,-0.7926025914135661,-0.6097385768380573,0.6842105263157895,3.0,-1.0656726581061444,381.52042963602565,0.0,1.0
evt_pay_007278_0,cust_012,pay_007278,2026-06-21T15:30:51.975516+00:00,565406,RETRY_LATER,0.8333333333333334,0,0.5708955223880597,3.65000496719432,0.12561404740870247,0.0,1.0,-0.7956486435171223,-0.6057583974402362,0.631578947368421,7.0,-0.5006574979571285,361.8525218371803,0.0,1.0
evt_pay_006911_1,cust_052,pay_006911,2026-06-21T15:42:06.587514+00:00,170333,WHATSAPP_NUDGE,0.8333333333333334,0,0.4524714828897338,0.08333333333333333,0.48162122060159424,1.0,1.0,-0.8243974352207515,-0.5660113680849943,0.65,3.0,-1.0656726581061444,381.5290353325343,0.0,0.0
evt_pay_005140_2,cust_046,pay_005140,2026-06-21T16:15:46.107315+00:00,128645,ESCALATE_HUMAN,0.8333333333333334,0,0.38661710037174724,0.6593938590636981,0.5965286966160396,2.0,1.0,-0.8983506993017669,-0.43927897862750775,0.875,6.0,-0.9687765812058661,375.69798581142254,0.0,1.0
evt_pay_003399_0,cust_027,pay_003399,2026-06-21T16:23:27.551004+00:00,87773,RETRY_LATER,0.8333333333333334,0,0.28289473684210525,4.618154589521794,0.29253418526745223,0.0,1.0,-0.9125831151445173,-0.4088912544346341,0.4444444444444444,1.0,-0.8172299270627982,354.8248712816509,0.0,1.0
evt_pay_007650_0,cust_020,pay_007650,2026-06-21T16:44:06.300915+00:00,81290,WHATSAPP_NUDGE,0.8333333333333334,0,0.2693333333333333,0.9475639174285865,0.9327804195664589,0.0,1.0,-0.9456676566990867,-0.3251348690516879,0.4285714285714286,5.0,0.06752823759169156,366.9357154312739,0.0,0.0
evt_pay_004494_0,cust_059,pay_004494,2026-06-21T16:59:49.710770+00:00,161632,RETRY_NOW,0.8333333333333334,0,0.35125448028673834,0.39384680994658083,-0.06466625022610656,0.0,1.0,-0.9657318935370148,-0.25954173037377226,0.7,2.0,-0.38878117849020055,364.32880620466284,1.0,0.0
evt_pay_004789_1,cust_033,pay_004789,2026-06-21T17:23:51.476727+00:00,63316,ESCALATE_HUMAN,0.03333333333333333,1,0.6117216117216118,0.08333333333333333,-0.5896473788104295,1.0,1.0,-0.9875911881150483,-0.1570466337032007,0.9047619047619048,6.0,-0.3958893149650273,356.46843741014214,1.0,0.0
evt_pay_003654_0,cust_047,pay_003654,2026-06-21T17:24:27.173416+00:00,140870,RETRY_NOW,0.8333333333333334,0,0.4020618556701031,0.2103700848574969,0.767036017917032,0.0,1.0,-0.987995543109367,-0.15448238344881607,0.8636363636363636,7.0,1.898235005697721,354.74154914487286,1.0,0.0
evt_pay_007278_1,cust_012,pay_007278,2026-06-21T17:30:51.975516+00:00,615199,PAYMENT_LINK,0.8333333333333334,0,0.5687732342007435,0.08333333333333333,0.3882906884485894,1.0,1.0,-0.9919311364925749,-0.12677783898043363,0.7142857142857143,7.0,-0.5006574979571285,361.9358551705136,0.0,0.0
evt_pay_001159_0,cust_055,pay_001159,2026-06-21T17:31:55.367389+00:00,370722,PAYMENT_LINK,0.03333333333333333,0,0.31213872832369943,1.2217698304463813,0.5338954641648682,0.0,1.0,-0.9925050383861086,-0.12220371834845702,0.5,8.0,-1.0480965437343166,378.67951567901554,0.0,0.0
evt_pay_001258_0,cust_012,pay_001258,2026-06-21T17:33:06.898261+00:00,652161,PAYMENT_LINK,0.8333333333333334,0,0.5666666666666667,0.0015616058422362282,0.5832824557133593,0.0,1.0,-0.9931272952998006,-0.11703920424585372,0.7272727272727273,8.0,-0.5006574979571285,361.9374167763558,0.0,0.0
evt_pay_002060_0,cust_011,pay_002060,2026-06-21T18:04:59.533466+00:00,42708,DO_NOTHING,0.03333333333333333,1,0.4894366197183099,2.3616775410350024,-0.798592063891499,0.0,1.0,-0.9997627666253892,0.021780965762509832,0.4285714285714286,3.0,-0.306212897974724,356.47283533024853,1.0,0.0
evt_pay_000550_0,cust_016,pay_000550,2026-06-21T18:31:55.530521+00:00,114294,WHATSAPP_NUDGE,0.8333333333333334,0,0.2972972972972973,0.679080304384532,-0.05151963007160516,0.0,1.0,-0.9903132518267944,0.13885122706062056,0.375,9.0,-0.5381138706705891,374.551815738424,0.0,0.0
evt_pay_007652_0,cust_011,pay_007652,2026-06-21T18:41:19.683033+00:00,57643,WHATSAPP_NUDGE,0.03333333333333333,1,0.49122807017543857,2.386910753616538,-0.07872234026538807,0.0,1.0,-0.9837849829370464,0.17935190923866773,0.4444444444444444,3.0,-0.306212897974724,356.49806854283014,1.0,0.0
evt_pay_003904_0,cust_039,pay_003904,2026-06-21T18:48:26.103597+00:00,254191,RETRY_LATER,0.03333333333333333,0,0.6047430830039525,2.2723774220149076,0.027362133413535536,0.0,1.0,-0.9777511583062883,0.20976813969407127,0.7777777777777778,4.0,-0.6642333856639545,353.1853948441532,0.0,0.0
evt_pay_004494_1,cust_059,pay_004494,2026-06-21T18:59:49.710770+00:00,185123,WHATSAPP_NUDGE,0.8333333333333334,1,0.35,0.08333333333333333,0.34119477503615925,1.0,1.0,-0.9661192182347899,0.2580962149226496,0.7391304347826086,2.0,-0.38878117849020055,364.41213953799615,1.0,0.0
evt_pay_001017_0,cust_021,pay_001017,2026-06-21T19:01:21.920224+00:00,307558,RETRY_LATER,0.8333333333333334,0,0.26649746192893403,0.32847695130650817,1.229084266782864,0.0,1.0,-0.9643668044252234,0.2645688313514709,0.7083333333333333,16.0,-0.0711177391970671,368.24146118311455,0.0,1.0
evt_pay_002801_0,cust_046,pay_002801,2026-06-21T19:30:50.945125+00:00,67415,RETRY_NOW,0.8333333333333334,0,0.3851851851851852,0.13547265983443899,-1.0472831578092052,0.0,1.0,-0.9224554166706198,0.38610361854693004,0.8636363636363636,6.0,-0.9687765812058661,375.833458471257,1.0,0.0
evt_pay_001159_1,cust_055,pay_001159,2026-06-21T19:31:55.367389+00:00,301418,WHATSAPP_NUDGE,0.8333333333333334,0,0.3112391930835735,0.08333333333333333,-0.10003891624820616,1.0,1.0,-0.9206364358006479,0.39042099466637226,0.6666666666666667,9.0,-1.0480965437343166,378.76284901234885,1.0,0.0
evt_pay_007064_0,cust_037,pay_007064,2026-06-21T19:44:21.955213+00:00,197003,RETRY_NOW,0.03333333333333333,0,0.3626373626373626,2.295545637848837,0.6699575802883847,0.0,1.0,-0.8980929852750849,0.4398056272942471,0.4444444444444444,5.0,-0.33341852366871827,359.4523398577685,0.0,0.0
evt_pay_001456_0,cust_013,pay_001456,2026-06-21T19:58:51.419751+00:00,204526,WHATSAPP_NUDGE,0.8333333333333334,0,0.25609756097560976,0.28702879376760393,0.5416131599138158,0.0,1.0,-0.8685082712973774,0.4956746742451556,1.0,8.0,-0.5595801808996762,353.4348100995531,0.0,0.0
evt_pay_003284_0,cust_031,pay_003284,2026-06-21T20:15:52.202537+00:00,53019,ESCALATE_HUMAN,0.03333333333333333,0,0.28484848484848485,1.7475176216574748,-0.040378811653961476,0.0,1.0,-0.8293545282009933,0.5587227098950854,1.0,2.0,-0.07508066613848166,375.1798479113327,0.0,1.0
evt_pay_000550_1,cust_016,pay_000550,2026-06-21T20:31:55.530521+00:00,112908,RETRY_NOW,0.03333333333333333,0,0.2964071856287425,0.08333333333333333,-0.08553730917308018,1.0,1.0,-0.7882108202560697,0.6154053158945362,0.5,10.0,-0.5381138706705891,374.6351490717573,1.0,0.0
evt_pay_007633_0,cust_054,pay_007633,2026-06-21T20:34:10.792846+00:00,92221,RETRY_NOW,0.8333333333333334,0,0.4316109422492401,2.7583228783691616,-0.19216667345906904,0.0,1.0,-0.7821193178793389,0.6231286966590109,1.0,7.0,-0.6956354929968003,368.31365070766725,1.0,0.0
evt_pay_000126_2,cust_035,pay_000126,2026-06-21T20:39:06.718318+00:00,46779,ESCALATE_HUMAN,0.8333333333333334,0,0.2619718309859155,0.5249253470991183,0.1914494563593033,2.0,1.0,-0.7685293296993201,0.6398145585964059,0.8,9.0,0.5026080740568922,355.79622834295543,1.0,0.0
evt_pay_007769_0,cust_047,pay_007769,2026-06-21T20:41:13.348436+00:00,104034,WHATSAPP_NUDGE,0.8333333333333334,0,0.4006849315068493,0.1366455442090455,-0.18063862551571894,0.0,1.0,-0.7626049011715103,0.6468645644253449,0.8695652173913043,7.0,1.898235005697721,354.8781946890819,0.0,0.0
evt_pay_003904_1,cust_039,pay_003904,2026-06-21T20:48:26.103597+00:00,237179,WHATSAPP_NUDGE,0.8333333333333334,0,0.6023622047244095,0.08333333333333333,-0.16568923763678067,1.0,1.0,-0.7418732718258707,0.6705401170328124,0.8,4.0,-0.6642333856639545,353.26872817748654,0.0,0.0
evt_pay_006235_0,cust_010,pay_006235,2026-06-21T20:56:31.722880+00:00,96798,RETRY_NOW,0.03333333333333333,0,0.3244047619047619,0.6764707387897791,0.6417929206897499,0.0,1.0,-0.7177353434172242,0.6963160035571201,0.875,6.0,-0.045395759303349575,381.8181890472253,0.0,1.0
evt_pay_001017_1,cust_021,pay_001017,2026-06-21T21:01:21.920224+00:00,214324,WHATSAPP_NUDGE,0.8333333333333334,0,0.26582278481012656,0.08333333333333333,-0.009630631758808942,1.0,1.0,-0.7028817355229265,0.7113067312125471,0.72,15.0,-0.0711177391970671,368.32479451644787,0.0,1.0
evt_pay_005711_0,cust_028,pay_005711,2026-06-21T21:39:01.592597+00:00,260137,RETRY_NOW,0.8333333333333334,0,0.38408304498269896,0.9084709775676174,0.3923091157561731,0.0,1.0,-0.5770506052755868,0.8167083928496627,0.7777777777777778,6.0,0.3910481863531735,353.22937832072404,1.0,0.0
evt_pay_004744_2,cust_028,pay_004744,2026-06-21T21:50:49.700135+00:00,213608,ESCALATE_HUMAN,0.8333333333333334,1,0.38275862068965516,0.008195689099049256,-0.18890394147774192,2.0,1.0,-0.5342478394212532,0.8453278926391361,0.8,6.0,0.3910481863531735,353.23757400982305,0.0,1.0
evt_pay_004321_0,cust_058,pay_004321,2026-06-21T21:50:59.104068+00:00,218105,WHATSAPP_NUDGE,0.8333333333333334,0,0.3253012048192771,0.8012577989148516,-0.2877325433425848,0.0,1.0,-0.5336696173677096,0.8456930527671387,0.875,5.0,4.286983765334936,370.8745188926393,0.0,0.0
evt_pay_001456_1,cust_013,pay_001456,2026-06-21T21:58:51.419751+00:00,188308,ESCALATE_HUMAN,0.03333333333333333,0,0.2553191489361702,0.08333333333333333,0.27210861956584126,1.0,1.0,-0.5043128892178588,0.8635209955575693,1.0,9.0,-0.5595801808996762,353.51814343288646,0.0,1.0
evt_pay_007633_1,cust_054,pay_007633,2026-06-21T22:34:10.792846+00:00,125018,WHATSAPP_NUDGE,0.8333333333333334,0,0.4303030303030303,0.08333333333333333,0.7555975749333702,1.0,1.0,-0.3657708497445576,0.9307049400734608,1.0,7.0,-0.6956354929968003,368.3969840410006,0.0,0.0
evt_pay_007769_1,cust_047,pay_007769,2026-06-21T22:41:13.348436+00:00,110014,WHATSAPP_NUDGE,0.8333333333333334,0,0.3993174061433447,0.08333333333333333,-0.02680327242514327,1.0,1.0,-0.33700293525237635,0.9415035961860595,0.875,8.0,1.898235005697721,354.9615280224152,0.0,1.0
evt_pay_000505_2,cust_050,pay_000505,2026-06-21T22:43:30.980501+00:00,123075,ESCALATE_HUMAN,0.8333333333333334,0,0.42724458204334365,0.9166666666666666,0.1580385366858331,2.0,1.0,-0.32756281027047857,0.9448294054101547,0.7307692307692308,9.0,-0.900782201038446,379.6617366883094,1.0,0.0
evt_pay_000142_0,cust_055,pay_000142,2026-06-21T22:43:49.435966+00:00,338931,RETRY_NOW,0.8333333333333334,0,0.3103448275862069,0.13326468260599236,0.24309892099917305,0.0,1.0,-0.3262944418540235,0.9452681826948219,0.7,10.0,-1.0480965437343166,378.89611369495486,1.0,0.0
evt_pay_002643_0,cust_034,pay_002643,2026-06-21T22:45:43.987094+00:00,49638,RETRY_NOW,0.03333333333333333,0,0.3736654804270463,1.801087988592163,-0.23528588995512484,0.0,1.0,-0.3184087557760942,0.9479535137574625,0.88,3.0,-0.5369784473169031,366.061280868845,0.0,1.0
evt_pay_006235_1,cust_010,pay_006235,2026-06-21T22:56:31.722880+00:00,76361,DO_NOTHING,0.03333333333333333,0,0.32344213649851633,0.08333333333333333,-0.09694930678230436,1.0,1.0,-0.273419038814704,0.9618950198507337,0.8846153846153846,6.0,-0.045395759303349575,381.9015223805586,0.0,0.0
evt_pay_007770_2,cust_047,pay_007770,2026-06-21T23:41:04.401407+00:00,151036,ESCALATE_HUMAN,0.8333333333333334,0,0.3979591836734694,0.04156311309835322,1.0285847386203575,2.0,1.0,-0.08248922321306906,0.9965919566471046,0.8846153846153846,9.0,1.898235005697721,355.0030911355136,0.0,0.0
evt_pay_007810_2,cust_013,pay_007810,2026-06-21T23:50:42.466321+00:00,163647,ESCALATE_HUMAN,0.8333333333333334,0,0.2545454545454545,0.07767415010926015,-0.13770834327096848,2.0,1.0,-0.04053388558325581,0.9991781643528463,1.0,9.0,-0.5595801808996762,353.5958175829957,0.0,0.0
evt_pay_003937_0,cust_059,pay_003937,2026-06-22T00:15:21.048324+00:00,183577,DO_NOTHING,0.03333333333333333,0,0.35231316725978645,0.3024460365087786,0.31448600675482585,0.0,1.0,0.06693045205267822,0.9977576432120298,0.72,3.0,-0.38878117849020055,364.6312522411716,0.0,0.0
evt_pay_000142_1,cust_055,pay_000142,2026-06-22T00:43:49.435966+00:00,262735,RETRY_LATER,0.03333333333333333,0,0.30945558739255014,0.08333333333333333,-0.453872223138522,1.0,1.0,0.19005481558816278,0.9817734805298773,0.7777777777777778,10.0,-1.0480965437343166,378.9794470282882,1.0,0.0
evt_pay_002643_1,cust_034,pay_002643,2026-06-22T00:45:43.987094+00:00,61638,PAYMENT_LINK,0.03333333333333333,0,0.3723404255319149,0.08333333333333333,0.3985691120745497,1.0,1.0,0.19822668558923887,0.9801562024087309,0.875,3.0,-0.5369784473169031,366.1446142021784,0.0,1.0
evt_pay_004179_0,cust_016,pay_004179,2026-06-22T01:21:06.127209+00:00,138612,RETRY_NOW,0.8333333333333334,0,0.2955223880597015,0.20081709130549066,0.5454423082925762,0.0,1.0,0.3465350650340936,0.9380370188333809,0.5555555555555556,10.0,-0.5381138706705891,374.8359661630628,1.0,0.0
evt_pay_003446_0,cust_017,pay_003446,2026-06-22T01:36:05.028536+00:00,457042,RETRY_LATER,0.8333333333333334,0,0.28391167192429023,1.856274276655692,-0.30565042947665916,0.0,1.0,0.40707068619365694,0.9133966588738024,0.8,9.0,0.5027156808516637,375.62833342043655,0.0,1.0
evt_pay_006478_0,cust_023,pay_006478,2026-06-22T01:46:51.737112+00:00,86849,RETRY_LATER,0.03333333333333333,0,0.3848684210526316,0.5115248085576999,0.0928179263200342,0.0,1.0,0.4495617739418683,0.8932492437221766,0.782608695652174,7.0,0.9385908116339667,376.32647494753974,0.0,0.0
evt_pay_008129_0,cust_021,pay_008129,2026-06-22T01:55:54.762402+00:00,292359,RETRY_NOW,0.8333333333333334,0,0.26515151515151514,0.2045467844606416,1.027144940187749,0.0,1.0,0.48447645214938023,0.8748043022943756,0.782608695652174,16.0,-0.0711177391970671,368.5293413009085,1.0,0.0
evt_pay_001686_0,cust_055,pay_001686,2026-06-22T02:26:38.980626+00:00,294214,RETRY_LATER,0.8333333333333334,0,0.30857142857142855,0.07140676690073633,-0.16593330075328575,0.0,1.0,0.5970991278855599,0.8021674585012183,0.8181818181818181,10.0,-1.0480965437343166,379.05085379518886,0.0,1.0
evt_pay_007177_2,cust_010,pay_007177,2026-06-22T02:42:24.651049+00:00,90334,ESCALATE_HUMAN,0.8333333333333334,0,0.3224852071005917,0.15686259454355422,0.4081402445878214,2.0,1.0,0.6508101646859564,0.7592404951933467,0.8695652173913043,6.0,-0.045395759303349575,382.05838497510223,0.0,1.0
evt_pay_002616_0,cust_011,pay_002616,2026-06-22T03:08:07.387228+00:00,53469,WHATSAPP_NUDGE,0.8333333333333334,0,0.493006993006993,2.7388517743984644,-0.27992722107721646,0.0,1.0,0.7317199754075632,0.681605367928947,0.625,4.0,-0.306212897974724,356.850009563612,0.0,0.0
evt_pay_004179_1,cust_016,pay_004179,2026-06-22T03:21:06.127209+00:00,130830,RETRY_LATER,0.03333333333333333,0,0.29464285714285715,0.08333333333333333,0.3544041348810589,1.0,1.0,0.769126679038308,0.639096355482883,0.6666666666666667,10.0,-0.5381138706705891,374.91929949639615,0.0,0.0
evt_pay_003446_1,cust_017,pay_003446,2026-06-22T03:36:05.028536+00:00,505295,RETRY_NOW,0.03333333333333333,0,0.2830188679245283,0.08333333333333333,-0.03627507117608839,1.0,1.0,0.8092318848165715,0.5874893672197133,0.8181818181818181,9.0,0.5027156808516637,375.71166675376986,0.0,1.0
evt_pay_006478_1,cust_023,pay_006478,2026-06-22T03:46:51.737112+00:00,73552,WHATSAPP_NUDGE,0.8333333333333334,0,0.3836065573770492,0.08333333333333333,-0.35883111987391775,1.0,1.0,0.8359565386651433,0.5487956500037083,0.8260869565217391,7.0,0.9385908116339667,376.40980828087305,1.0,0.0
evt_pay_008129_1,cust_021,pay_008129,2026-06-22T03:55:54.762402+00:00,227787,WHATSAPP_NUDGE,0.8333333333333334,0,0.26448362720403024,0.08333333333333333,0.1692358151975541,1.0,1.0,0.8569710662439071,0.5153645230521606,0.8333333333333334,16.0,-0.0711177391970671,368.61267463424184,0.0,0.0
evt_pay_000128_0,cust_013,pay_000128,2026-06-22T04:19:26.960524+00:00,146209,RETRY_LATER,0.8333333333333334,0,0.2537764350453172,0.18662609031942642,-0.4274801859432062,0.0,1.0,0.9052897477273991,0.4247946240945877,1.0,8.0,-0.5595801808996762,353.78244367331513,0.0,1.0
evt_pay_002745_0,cust_026,pay_002745,2026-06-22T04:24:26.792931+00:00,266564,RETRY_LATER,0.8333333333333334,0,0.408,1.1623982176716556,0.4895521487807918,0.0,1.0,0.9143362237354463,0.4049558864434543,0.7,5.0,1.9048100532514713,369.73688049964113,0.0,1.0
evt_pay_001686_1,cust_055,pay_001686,2026-06-22T04:26:38.980626+00:00,406657,WHATSAPP_NUDGE,0.8333333333333334,1,0.3076923076923077,0.08333333333333333,0.8625954357155587,1.0,1.0,0.9181867425770373,0.3961478332084747,0.8333333333333334,10.0,-1.0480965437343166,379.13418712852217,0.0,0.0
evt_pay_007942_2,cust_053,pay_007942,2026-06-22T05:09:03.265795+00:00,282988,ESCALATE_HUMAN,0.8333333333333334,0,0.33225806451612905,0.7841180382023367,-0.33088087358781654,2.0,1.0,0.9753947076136955,0.22046578954385043,1.0,4.0,-0.06914381847567465,353.19897970709684,1.0,0.0
evt_pay_002765_0,cust_044,pay_002765,2026-06-22T05:28:22.826589+00:00,226628,RETRY_LATER,0.8333333333333334,0,0.3730407523510972,1.9160591519450918,-0.004146654118647576,0.0,1.0,0.9904977311004508,0.1375290685086574,0.7272727272727273,6.0,-0.8459251821363672,373.07196659181614,0.0,1.0
evt_pay_006426_2,cust_059,pay_006426,2026-06-22T05:32:41.346391+00:00,159497,ESCALATE_HUMAN,0.8333333333333334,0,0.35106382978723405,0.22037382021130725,-0.10154562455796852,2.0,1.0,0.9929081004362625,0.11888441482403311,0.8333333333333334,3.0,-0.38878117849020055,364.8516260613829,0.0,1.0
evt_pay_003003_0,cust_008,pay_003003,2026-06-22T05:47:08.882856+00:00,217004,WHATSAPP_NUDGE,0.8333333333333334,0,0.32894736842105265,2.9099104739741315,0.05108000686506321,0.0,1.0,0.9984280846256338,0.05604783520162276,0.75,6.0,0.4190160498383978,368.7053342845261,0.0,0.0
evt_pay_007029_0,cust_019,pay_007029,2026-06-22T06:24:01.163943+00:00,95593,RETRY_NOW,0.8333333333333334,0,0.40131578947368424,0.6816279915064266,-0.5749329559760287,0.0,1.0,0.9945130440636669,-0.10461264353422539,0.8888888888888888,2.0,-0.5137657855739247,358.67593288306983,1.0,0.0
evt_pay_001321_0,cust_051,pay_001321,2026-06-22T06:28:17.745342+00:00,587378,RETRY_NOW,0.8333333333333334,0,0.4891304347826087,4.638736452677563,-0.10193290725783494,0.0,1.0,0.9923880555562242,-0.12315010024087078,0.9,3.0,-1.013594580420746,361.0645598958279,1.0,0.0
evt_pay_002174_0,cust_015,pay_002174,2026-06-22T06:55:09.515995+00:00,130345,WHATSAPP_NUDGE,0.8333333333333334,1,0.3877551020408163,6.176631536600762,0.3009464935063704,0.0,1.0,0.9711773532124872,-0.2383580261018869,0.8636363636363636,0.0,1.245182551392603,369.70444794586666,0.0,0.0
evt_pay_002124_2,cust_022,pay_002124,2026-06-22T07:15:05.023583+00:00,125912,ESCALATE_HUMAN,0.8333333333333334,1,0.33962264150943394,0.9166666666666666,0.34612870614207314,2.0,1.0,0.9468126363471469,-0.32178538135435153,0.9090909090909091,2.0,-0.6143468879245073,361.3085123828969,0.0,0.0
evt_pay_002765_1,cust_044,pay_002765,2026-06-22T07:28:22.826589+00:00,251272,WHATSAPP_NUDGE,0.8333333333333334,0,0.371875,0.08333333333333333,0.3060885105246563,1.0,1.0,0.926560731778167,-0.3761451984629175,0.7692307692307692,6.0,-0.8459251821363672,373.15529992514945,0.0,1.0
evt_pay_004111_0,cust_049,pay_004111,2026-06-22T07:41:31.042965+00:00,286356,RETRY_LATER,0.8333333333333334,0,0.3114754098360656,1.9938150896798181,-0.41666791304015977,0.0,1.0,0.9034898591757079,-0.4286094660254945,0.7692307692307692,7.0,0.2100296838614713,355.2014130388131,0.0,1.0
evt_pay_003003_1,cust_008,pay_003003,2026-06-22T07:47:08.882856+00:00,250716,WHATSAPP_NUDGE,0.8333333333333334,0,0.32786885245901637,0.08333333333333333,0.5028865636329591,1.0,1.0,0.8926880027384496,-0.45067519320108773,0.7857142857142857,7.0,0.4190160498383978,368.7886676178594,0.0,0.0
evt_pay_000866_0,cust_046,pay_000866,2026-06-22T08:14:14.517440+00:00,95058,WHATSAPP_NUDGE,0.03333333333333333,0,0.3837638376383764,0.5301339388305072,-0.3051505489277054,0.0,1.0,0.8333026566024682,-0.5528170425188328,0.8260869565217391,6.0,-0.9687765812058661,376.3635924100875,1.0,0.0
evt_pay_007029_1,cust_019,pay_007029,2026-06-22T08:24:01.163943+00:00,146151,WHATSAPP_NUDGE,0.8333333333333334,0,0.4,0.08333333333333333,0.6320791970758568,1.0,1.0,0.8089672387870157,-0.5878537288895184,0.8,2.0,-0.5137657855739247,358.75926621640315,0.0,0.0
evt_pay_000056_0,cust_006,pay_000056,2026-06-22T08:35:54.764495+00:00,105219,RETRY_NOW,0.8333333333333334,1,0.36151603498542273,0.8651586408409836,-0.547011471714167,0.0,1.0,0.7773855104648906,-0.629024457488929,0.8695652173913043,7.0,-0.3286363658753921,375.0066733818335,1.0,0.0
evt_pay_006514_0,cust_031,pay_006514,2026-06-22T08:42:32.565844+00:00,51111,WHATSAPP_NUDGE,0.8333333333333334,0,0.283987915407855,0.5185227234640782,-0.14177522981645535,0.0,1.0,0.7588657760195849,-0.6512470606353575,1.0,2.0,-0.07508066613848166,375.69837063479673,0.0,0.0
evt_pay_001313_2,cust_021,pay_001313,2026-06-22T09:08:21.511631+00:00,243576,ESCALATE_HUMAN,0.8333333333333334,0,0.2638190954773869,0.21697626423285024,0.3790195548516137,2.0,1.0,0.6808534182427723,-0.7324197040407451,0.8260869565217391,17.0,-0.0711177391970671,368.8296508984747,0.0,0.0
evt_pay_000192_0,cust_041,pay_000192,2026-06-22T09:14:02.046573+00:00,220642,WHATSAPP_NUDGE,0.8333333333333334,0,0.3973941368078176,0.9573764793798697,-0.46145747087953415,0.0,1.0,0.6625085730755008,-0.7490543308742456,0.7857142857142857,3.0,0.3693318557794774,381.6745789762276,0.0,0.0
evt_pay_008456_0,cust_025,pay_008456,2026-06-22T09:21:08.364022+00:00,227467,WHATSAPP_NUDGE,0.8333333333333334,0,0.4521452145214521,1.6831536569843593,0.1492469382343932,0.0,1.0,0.6389712365674083,-0.7692306278610578,0.8333333333333334,6.0,0.10753773716001852,359.0734923105242,0.0,0.0
evt_pay_004111_1,cust_049,pay_004111,2026-06-22T09:41:31.042965+00:00,409612,WHATSAPP_NUDGE,0.8333333333333334,0,0.3104575163398693,0.08333333333333333,0.6337867111852324,1.0,1.0,0.5681404370950409,-0.8229316154684154,0.8,7.0,0.2100296838614713,355.2847463721464,0.0,1.0
evt_pay_002973_0,cust_016,pay_002973,2026-06-22T09:42:16.831862+00:00,136693,RETRY_NOW,0.8333333333333334,0,0.29376854599406527,0.2647072297750886,0.49832070176354576,0.0,1.0,0.565397043224227,-0.8248188792173112,0.8,10.0,-0.5381138706705891,375.1840067261712,1.0,0.0
evt_pay_000641_0,cust_038,pay_000641,2026-06-22T09:45:06.794829+00:00,43357,RETRY_NOW,0.8333333333333334,0,0.5177304964539007,0.8491942843023708,-0.07819279805683367,0.0,1.0,0.5551593079098888,-0.8317440368532938,0.84,6.0,2.4957647172129915,380.36323579795516,1.0,0.0
evt_pay_008264_2,cust_006,pay_008264,2026-06-22T09:50:05.057926+00:00,108681,RETRY_NOW,0.03333333333333333,1,0.3633720930232558,0.9166666666666666,-0.4710064036547876,2.0,1.0,0.5369893534087198,-0.8435890197991467,0.8461538461538461,7.0,-0.3286363658753921,375.0581814076592,0.0,0.0
evt_pay_003708_0,cust_010,pay_003708,2026-06-22T10:08:57.680822+00:00,62362,RETRY_LATER,0.8333333333333334,0,0.3215339233038348,0.3101045112639061,-0.6029469780162854,0.0,1.0,0.46576377164293226,-0.8849090964754235,0.8076923076923077,6.0,-0.045395759303349575,382.3684894863661,0.0,1.0
evt_pay_002623_0,cust_019,pay_002623,2026-06-22T10:35:28.557715+00:00,117256,RETRY_NOW,0.8333333333333334,1,0.39869281045751637,0.09128927976216043,-0.057759406547068626,0.0,1.0,0.3605016868687747,-0.9327585613462724,0.875,3.0,-0.5137657855739247,358.85055549616527,1.0,0.0
evt_pay_006514_1,cust_031,pay_006514,2026-06-22T10:42:32.565844+00:00,64369,RETRY_NOW,0.03333333333333333,1,0.28313253012048195,0.08333333333333333,0.5625806333351284,1.0,1.0,0.3315735097778738,-0.9434293866599568,1.0,3.0,-0.07508066613848166,375.7817039681301,1.0,0.0
evt_pay_007765_0,cust_009,pay_007765,2026-06-22T11:02:14.016718+00:00,139319,RETRY_LATER,0.8333333333333334,0,0.25961538461538464,2.5055019443716637,0.489405171138096,0.0,1.0,0.24939301756509388,-0.9684023558365483,0.7777777777777778,8.0,-0.8984355580750027,355.0767557163811,0.0,1.0
evt_pay_007061_2,cust_013,pay_007061,2026-06-22T11:05:32.131970+00:00,185494,ESCALATE_HUMAN,0.8333333333333334,1,0.25301204819277107,0.28200429913704284,0.22533616778552898,2.0,1.0,0.2354155077622834,-0.9718948187458488,0.9285714285714286,8.0,-0.5595801808996762,354.0644479724522,0.0,0.0
evt_pay_000192_1,cust_041,pay_000192,2026-06-22T11:14:02.046573+00:00,263557,WHATSAPP_NUDGE,0.8333333333333334,0,0.3961038961038961,0.08333333333333333,0.004504741636643904,1.0,1.0,0.19922208907123987,-0.9799543658896015,0.8,4.0,0.3693318557794774,381.75791230956094,0.0,1.0
evt_pay_002217_0,cust_036,pay_002217,2026-06-22T11:17:15.265891+00:00,281775,PAYMENT_LINK,0.03333333333333333,0,0.40752351097178685,4.673693241648853,-0.4825915423072235,0.0,1.0,0.18543323732320796,-0.9826568650835523,0.8,2.0,-0.5882553306323993,363.9116982592677,1.0,0.0
evt_pay_005220_0,cust_032,pay_005220,2026-06-22T11:25:39.289887+00:00,255531,RETRY_LATER,0.8333333333333334,0,0.24926686217008798,2.4220596998161454,-0.6085625232508135,0.0,1.0,0.14929878187011553,-0.9887921286762449,0.8125,1.0,0.2905055503479753,377.939505165851,0.0,1.0
evt_pay_002973_1,cust_016,pay_002973,2026-06-22T11:42:16.831862+00:00,89717,WHATSAPP_NUDGE,0.8333333333333334,1,0.29289940828402367,0.08333333333333333,-0.6548144215773954,1.0,1.0,0.07723876304813346,-0.9970126245353137,0.8666666666666667,10.0,-0.5381138706705891,375.26734005950453,1.0,0.0
evt_pay_000641_1,cust_038,pay_000641,2026-06-22T11:45:06.794829+00:00,36490,WHATSAPP_NUDGE,0.8333333333333334,1,0.5159010600706714,0.08333333333333333,-0.5183547017670815,1.0,1.0,0.06491004537070372,-0.9978911193161172,0.8076923076923077,6.0,2.4957647172129915,380.44656913128847,1.0,0.0
evt_pay_003639_0,cust_028,pay_003639,2026-06-22T11:52:00.079690+00:00,228275,RETRY_LATER,0.8333333333333334,1,0.3848797250859107,0.5923436006196804,-0.005684095817104102,0.0,1.0,0.03489370499745549,-0.99939102925309,0.8235294117647058,6.0,0.3910481863531735,353.8217219213437,0.0,1.0
evt_pay_003708_1,cust_010,pay_003708,2026-06-22T12:08:57.680822+00:00,105393,WHATSAPP_NUDGE,0.8333333333333334,0,0.3205882352941177,0.08333333333333333,0.95246899196422,1.0,1.0,-0.039091289832478546,-0.9992356434091175,0.7692307692307692,6.0,-0.045395759303349575,382.45182281969943,0.0,0.0
evt_pay_003995_0,cust_014,pay_003995,2026-06-22T12:34:45.630600+00:00,54699,RETRY_LATER,0.8333333333333334,0,0.21108179419525067,0.957827499652808,-0.5187354921426077,0.0,1.0,-0.1510904929682244,-0.9885199355271592,0.7692307692307692,12.0,-0.8122776257059364,377.28116198824574,0.0,1.0
evt_pay_003999_0,cust_055,pay_003999,2026-06-22T12:43:52.052920+00:00,298945,RETRY_NOW,0.8333333333333334,0,0.3096590909090909,0.4286235219278372,-0.12265906553741057,0.0,1.0,-0.19024165377319419,-0.9817372933578719,0.7777777777777778,11.0,-1.0480965437343166,379.47947731711673,1.0,0.0
evt_pay_007765_1,cust_009,pay_007765,2026-06-22T13:02:14.016718+00:00,137177,ESCALATE_HUMAN,0.03333333333333333,0,0.25878594249201275,0.08333333333333333,0.4379419901854561,1.0,1.0,-0.2682204891804444,-0.9633575500216953,0.8181818181818181,8.0,-0.8984355580750027,355.1600890497145,0.0,1.0
evt_pay_005971_0,cust_016,pay_005971,2026-06-22T13:03:25.793615+00:00,116122,RETRY_LATER,0.8333333333333334,0,0.2949852507374631,0.1396870573222865,-0.006635410053082871,0.0,1.0,-0.2732453107188129,-0.9619443851752446,0.8125,11.0,-0.5381138706705891,375.3236937834935,0.0,1.0
evt_pay_006115_0,cust_016,pay_006115,2026-06-22T13:32:54.869821+00:00,108198,WHATSAPP_NUDGE,0.8333333333333334,1,0.29411764705882354,0.020475419055780247,-0.20115038111887343,0.0,1.0,-0.3944010489151244,-0.9189384161164716,0.8235294117647058,11.0,-0.5381138706705891,375.34416920254927,0.0,0.0
evt_pay_006911_2,cust_052,pay_006911,2026-06-22T13:42:06.587514+00:00,134726,WHATSAPP_NUDGE,0.03333333333333333,0,0.45075757575757575,0.9166666666666666,-0.2163266768781193,2.0,1.0,-0.4309434376734095,-0.9023789412027655,0.8888888888888888,4.0,-1.0656726581061444,382.445701999201,0.0,1.0
evt_pay_000227_0,cust_056,pay_000227,2026-06-22T13:51:38.100153+00:00,147379,RETRY_NOW,0.8333333333333334,0,0.23976608187134502,1.8926672212805518,-0.2145136183204217,0.0,1.0,-0.46806478408696023,-0.8836941540474438,0.76,6.0,-0.26273729270347856,364.53297097586983,1.0,0.0
evt_pay_000664_0,cust_005,pay_000664,2026-06-22T13:53:12.671843+00:00,140326,RETRY_NOW,0.8333333333333334,0,0.2599388379204893,4.455975513299411,0.20582054478543754,0.0,1.0,-0.4741312266937199,-0.8804541895373708,0.7894736842105263,2.0,-0.6412832630166057,373.2557368439646,1.0,0.0
evt_pay_004287_0,cust_042,pay_004287,2026-06-22T13:59:28.356786+00:00,247167,RETRY_LATER,0.8333333333333334,0,0.403030303030303,1.4094796127277505,0.18172393031993225,0.0,1.0,-0.4980058153688401,-0.8671736895563753,0.8888888888888888,9.0,0.21388002896855346,379.5125522582036,0.0,1.0
evt_pay_001543_0,cust_048,pay_001543,2026-06-22T14:02:08.568359+00:00,169805,RETRY_NOW,0.8333333333333334,0,0.23835616438356164,2.8518419487184397,-0.32340191892171877,0.0,1.0,-0.5080751529716739,-0.861312741652421,0.8,4.0,-0.4506859321563252,363.59044840160794,1.0,0.0
evt_pay_008347_0,cust_022,pay_008347,2026-06-22T14:25:25.010719+00:00,80507,DO_NOTHING,0.03333333333333333,1,0.34169278996865204,1.2155091103731668,-0.8090035270887505,0.0,1.0,-0.5927754558015808,-0.8053677787192807,0.8181818181818181,2.0,-0.6143468879245073,361.60735482660334,1.0,0.0
evt_pay_003995_1,cust_014,pay_003995,2026-06-22T14:34:45.630600+00:00,74647,WHATSAPP_NUDGE,0.8333333333333334,0,0.21052631578947367,0.08333333333333333,0.334052040853813,1.0,1.0,-0.6251081729443759,-0.7805381298297632,0.7692307692307692,12.0,-0.8122776257059364,377.3644953215791,1.0,0.0
evt_pay_007864_0,cust_026,pay_007864,2026-06-22T14:48:06.661257+00:00,241892,PAYMENT_LINK,0.03333333333333333,0,0.4063745019920319,0.4331003278493881,0.1797883523862676,0.0,1.0,-0.6694905222578813,-0.7428205978611991,0.7777777777777778,4.0,1.9048100532514713,370.1699808274905,1.0,0.0
evt_pay_000227_1,cust_056,pay_000227,2026-06-22T15:51:38.100153+00:00,133914,WHATSAPP_NUDGE,0.8333333333333334,0,0.239067055393586,0.08333333333333333,-0.45594829155216726,1.0,1.0,-0.8472030706599076,-0.5312691945374054,0.8,6.0,-0.26273729270347856,364.61630430920314,0.0,1.0
evt_pay_000664_1,cust_005,pay_000664,2026-06-22T15:53:12.671843+00:00,130896,WHATSAPP_NUDGE,0.8333333333333334,0,0.25914634146341464,0.08333333333333333,-2.2691950195308375e-05,1.0,1.0,-0.8508367818129253,-0.5254300816609424,0.85,2.0,-0.6412832630166057,373.33907017729797,0.0,0.0
evt_pay_004287_1,cust_042,pay_004287,2026-06-22T15:59:28.356786+00:00,263919,WHATSAPP_NUDGE,0.8333333333333334,0,0.40181268882175225,0.08333333333333333,0.38768288222713393,1.0,1.0,-0.8648725321199859,-0.5019915369648814,0.9375,9.0,0.21388002896855346,379.5958855915369,1.0,0.0
evt_pay_001543_1,cust_048,pay_001543,2026-06-22T16:02:08.568359+00:00,229464,WHATSAPP_NUDGE,0.8333333333333334,0,0.23770491803278687,0.08333333333333333,0.5668082347056097,1.0,1.0,-0.8706623603313448,-0.49188113838838293,0.8571428571428572,3.0,-0.4506859321563252,363.67378173494126,0.0,0.0
evt_pay_006623_0,cust_037,pay_006623,2026-06-22T16:15:00.215717+00:00,151345,RETRY_NOW,0.8333333333333334,0,0.3613138686131387,0.8546094965777229,-0.1474967832993006,0.0,1.0,-0.896879679782715,-0.44227462056154054,0.7894736842105263,5.0,-0.33341852366871827,360.3069493543462,1.0,0.0
evt_pay_002440_0,cust_036,pay_002440,2026-06-22T16:34:11.036154+00:00,249077,PAYMENT_LINK,0.03333333333333333,0,0.40625,0.22008993359005066,-0.7581397575789303,0.0,1.0,-0.930711411827153,-0.36575438192140325,0.75,2.0,-0.5882553306323993,364.1317881928578,0.0,1.0
evt_pay_006270_0,cust_057,pay_006270,2026-06-22T16:47:25.093531+00:00,70902,WHATSAPP_NUDGE,0.8333333333333334,0,0.29553264604810997,1.1875444877964203,-0.38275194560844994,0.0,1.0,-0.950269022527025,-0.3114302246499726,0.8181818181818181,10.0,-0.5990323654313375,373.9643594962244,0.0,0.0
evt_pay_006396_0,cust_017,pay_006396,2026-06-22T17:11:56.855130+00:00,503164,RETRY_LATER,0.8333333333333334,0,0.28213166144200624,0.5665720670573364,-0.04817040389760127,0.0,1.0,-0.9781000254624044,-0.20813538908711296,0.8571428571428572,7.0,0.5027156808516637,376.2782388208272,0.0,1.0
evt_pay_001159_2,cust_055,pay_001159,2026-06-22T17:31:55.367389+00:00,353922,ESCALATE_HUMAN,0.8333333333333334,0,0.3087818696883853,0.20003836189876742,0.380224542493616,2.0,1.0,-0.9925050383861086,-0.12220371834845702,0.8636363636363636,10.0,-1.0480965437343166,379.67951567901554,0.0,0.0
evt_pay_005685_0,cust_050,pay_005685,2026-06-22T17:35:19.033070+00:00,117951,ESCALATE_HUMAN,0.03333333333333333,0,0.42592592592592593,0.7859728306616489,0.032491562386720955,0.0,1.0,-0.994206071210112,-0.10749087388682715,0.9285714285714286,8.0,-0.900782201038446,380.44770951897107,0.0,1.0
evt_pay_006015_0,cust_024,pay_006015,2026-06-22T17:51:29.579588+00:00,90822,WHATSAPP_NUDGE,0.8333333333333334,0,0.22356495468277945,1.1020572864957028,-0.14569588222120025,0.0,1.0,-0.9993111757003346,-0.03711029668993459,0.8333333333333334,11.0,-1.1653357768016162,368.4019517504932,0.0,0.0
evt_pay_006623_1,cust_037,pay_006623,2026-06-22T18:15:00.215717+00:00,174729,WHATSAPP_NUDGE,0.8333333333333334,0,0.36,0.08333333333333333,0.27116778165650424,1.0,1.0,-0.997857897110654,0.06541878303594025,0.8333333333333334,5.0,-0.33341852366871827,360.39028268767953,1.0,0.0
evt_pay_000550_2,cust_016,pay_000550,2026-06-22T18:31:55.530521+00:00,142314,ESCALATE_HUMAN,0.8333333333333334,0,0.2961876832844575,0.22812195493046752,0.6363031114484857,2.0,1.0,-0.9903132518267944,0.13885122706062056,0.8421052631578947,12.0,-0.5381138706705891,375.551815738424,0.0,0.0
evt_pay_002440_1,cust_036,pay_002440,2026-06-22T18:34:11.036154+00:00,321915,WHATSAPP_NUDGE,0.8333333333333334,0,0.40498442367601245,0.08333333333333333,-0.14432467756515746,1.0,1.0,-0.9888969171950966,0.14860311962416572,0.7692307692307692,3.0,-0.5882553306323993,364.2151215261911,0.0,1.0
evt_pay_007929_0,cust_008,pay_007929,2026-06-22T18:41:34.461234+00:00,204690,RETRY_LATER,0.03333333333333333,0,0.32679738562091504,0.454462712707065,-0.11394476786365264,0.0,1.0,-0.9835916651484125,0.1804090802885857,0.8888888888888888,8.0,0.4190160498383978,369.24313033056643,0.0,0.0
evt_pay_005000_0,cust_045,pay_005000,2026-06-22T18:42:09.481485+00:00,82348,WHATSAPP_NUDGE,0.8333333333333334,0,0.2276657060518732,2.1545830219021127,-0.16212711812908387,0.0,1.0,-0.9831290200630763,0.18291344923163888,0.8260869565217391,9.0,1.000889969158722,356.61578778575876,0.0,0.0
evt_pay_006270_1,cust_057,pay_006270,2026-06-22T18:47:25.093531+00:00,81659,WHATSAPP_NUDGE,0.8333333333333334,0,0.2945205479452055,0.08333333333333333,-0.007369262455473428,1.0,1.0,-0.9786722262627969,0.2054280252103418,0.8461538461538461,11.0,-0.5990323654313375,374.0476928295577,0.0,1.0
evt_pay_003904_2,cust_039,pay_003904,2026-06-22T18:48:26.103597+00:00,201464,ESCALATE_HUMAN,0.8333333333333334,0,0.6,0.9166666666666666,-0.5709757023450367,2.0,1.0,-0.9777511583062883,0.20976813969407127,0.7857142857142857,5.0,-0.6642333856639545,354.1853948441532,0.0,0.0
evt_pay_000248_0,cust_034,pay_000248,2026-06-22T18:51:04.337367+00:00,51894,RETRY_NOW,0.8333333333333334,1,0.3710247349823322,0.7537077577997783,-0.11610489923049472,0.0,1.0,-0.9752726591068135,0.22100506871727,0.8333333333333334,4.0,-0.5369784473169031,366.89832195997815,1.0,0.0
evt_pay_001017_2,cust_021,pay_001017,2026-06-22T19:01:21.920224+00:00,210199,RETRY_NOW,0.03333333333333333,0,0.2631578947368421,0.4118102846398415,-0.06443630593861142,2.0,1.0,-0.9643668044252234,0.2645688313514709,1.0,17.0,-0.0711177391970671,369.24146118311455,0.0,1.0
evt_pay_006396_1,cust_017,pay_006396,2026-06-22T19:11:56.855130+00:00,716557,PAYMENT_LINK,0.8333333333333334,0,0.28125,0.08333333333333333,1.1431226400967134,1.0,1.0,-0.9511271640362051,0.3087994783552033,0.8636363636363636,6.0,0.5027156808516637,376.3615721541605,0.0,1.0
evt_pay_003994_0,cust_051,pay_003994,2026-06-22T19:47:42.137037+00:00,544722,RETRY_LATER,0.8333333333333334,0,0.48736462093862815,0.5551434223913626,-0.30201901435217005,0.0,1.0,-0.8915955201350332,0.45283267160744894,0.7857142857142857,3.0,-1.013594580420746,361.6197033182193,0.0,1.0
evt_pay_002816_0,cust_009,pay_002816,2026-06-22T19:59:23.389154+00:00,119928,RETRY_NOW,0.8333333333333334,0,0.25796178343949044,0.2896918106027518,0.02361858800132039,0.0,1.0,-0.8673535407560011,0.49769251083176647,0.8,8.0,-0.8984355580750027,355.44978086031716,1.0,0.0
evt_pay_007446_0,cust_049,pay_007446,2026-06-22T20:01:50.716914+00:00,330314,WHATSAPP_NUDGE,0.8333333333333334,0,0.30944625407166126,0.4307832633014262,-0.04202982107582282,0.0,1.0,-0.8619715956395212,0.5069565743835046,0.8636363636363636,8.0,0.2100296838614713,355.71552963544787,0.0,0.0
evt_pay_004325_0,cust_027,pay_004325,2026-06-22T20:27:49.020465+00:00,74849,WHATSAPP_NUDGE,0.8333333333333334,0,0.2819672131147541,1.169692933572416,-0.1712374343371594,0.0,1.0,-0.799115777230073,0.6011771574020227,0.8695652173913043,1.0,-0.8172299270627982,355.9945642152233,0.0,0.0
evt_pay_007633_2,cust_054,pay_007633,2026-06-22T20:34:10.792846+00:00,101650,DO_NOTHING,0.03333333333333333,0,0.42900302114803623,0.9166666666666666,0.0803169265994727,2.0,1.0,-0.7821193178793389,0.6231286966590109,0.8333333333333334,8.0,-0.6956354929968003,369.31365070766725,0.0,0.0
evt_pay_004016_0,cust_052,pay_004016,2026-06-22T20:41:28.330683+00:00,139455,RETRY_LATER,0.8333333333333334,1,0.4490566037735849,0.29122387926994026,-0.12363919039035479,0.0,1.0,-0.761899664001363,0.647695068681714,1.0,5.0,-1.0656726581061444,382.7369258784709,0.0,1.0
evt_pay_007929_1,cust_008,pay_007929,2026-06-22T20:41:34.461234+00:00,207590,WHATSAPP_NUDGE,0.8333333333333334,0,0.3257328990228013,0.08333333333333333,-0.07507635813816942,1.0,1.0,-0.7616108288248692,0.6480346791775081,0.8823529411764706,8.0,0.4190160498383978,369.3264636638998,0.0,1.0
evt_pay_005000_1,cust_045,pay_005000,2026-06-22T20:42:09.481485+00:00,101797,PAYMENT_LINK,0.03333333333333333,0,0.22701149425287356,0.08333333333333333,0.4743972942720091,1.0,1.0,-0.7599579819565055,0.6499722037599729,0.782608695652174,10.0,1.000889969158722,356.69912111909207,0.0,1.0
evt_pay_005071_0,cust_000,pay_005071,2026-06-22T21:04:37.405383+00:00,148576,RETRY_LATER,0.8333333333333334,0,0.369281045751634,3.264237605568288,0.47742084461576834,0.0,1.0,-0.6926990573975844,0.7212267437363218,0.9285714285714286,7.0,0.8132490481077264,372.53341925131014,0.0,1.0
evt_pay_001485_0,cust_013,pay_001485,2026-06-22T21:14:22.340357+00:00,153045,RETRY_NOW,0.8333333333333334,0,0.2552552552552553,0.7048076369458917,-0.31388847600590414,0.0,1.0,-0.6614023934184076,0.7500312486692817,0.8333333333333334,8.0,-0.5595801808996762,354.487251310261,1.0,0.0
evt_pay_007433_0,cust_032,pay_007433,2026-06-22T21:20:34.068124+00:00,385596,WHATSAPP_NUDGE,0.8333333333333334,0,0.24853801169590642,0.4131340073823064,0.5359627612595942,0.0,1.0,-0.6408877607958168,0.7676345993128005,0.875,1.0,0.2905055503479753,378.3526391732333,0.0,0.0
evt_pay_003994_1,cust_051,pay_003994,2026-06-22T21:47:42.137037+00:00,475242,WHATSAPP_NUDGE,0.8333333333333334,0,0.4856115107913669,0.08333333333333333,-0.6279250825243962,1.0,1.0,-0.5457280345336147,0.8379623573431433,0.7857142857142857,3.0,-1.013594580420746,361.7030366515526,0.0,0.0
evt_pay_002816_1,cust_009,pay_002816,2026-06-22T21:59:23.389154+00:00,120592,WHATSAPP_NUDGE,0.8333333333333334,0,0.2571428571428571,0.08333333333333333,0.03955851939377265,1.0,1.0,-0.5023039449411949,0.8646911280315723,0.8,8.0,-0.8984355580750027,355.53311419365053,0.0,1.0
evt_pay_005635_0,cust_011,pay_005635,2026-06-22T22:00:05.047732+00:00,60165,RETRY_NOW,0.8333333333333334,0,0.4912891986062718,0.786084033606547,0.0428411632321542,0.0,1.0,-0.4996820644835803,0.8662088861431907,0.8888888888888888,5.0,-0.306212897974724,357.6360935972186,1.0,0.0
evt_pay_007446_1,cust_049,pay_007446,2026-06-22T22:01:50.716914+00:00,372798,WHATSAPP_NUDGE,0.8333333333333334,0,0.30844155844155846,0.08333333333333333,0.320041055116224,1.0,1.0,-0.4930110119726814,0.8700230698514106,0.9130434782608696,9.0,0.2100296838614713,355.7988629687812,0.0,0.0
evt_pay_004893_0,cust_054,pay_004893,2026-06-22T22:03:03.745127+00:00,101795,RETRY_LATER,0.8333333333333334,1,0.42771084337349397,0.061723984741774984,0.08450585182494903,0.0,1.0,-0.48838359617687693,0.8726290523385875,0.8333333333333334,8.0,-0.6956354929968003,369.375374692409,0.0,1.0
evt_pay_006637_0,cust_023,pay_006637,2026-06-22T22:14:35.875606+00:00,86288,RETRY_LATER,0.8333333333333334,0,0.38235294117647056,0.7692608622036611,0.07376528373309874,0.0,1.0,-0.4438614602760062,0.8960954213038093,0.9333333333333333,5.0,0.9385908116339667,377.17906914307673,0.0,1.0
evt_pay_003854_0,cust_053,pay_003854,2026-06-22T22:18:50.621621+00:00,312659,RETRY_NOW,0.8333333333333334,0,0.3311897106109325,0.7151314331636058,-0.06600292180594515,0.0,1.0,-0.42718549261246486,0.9041640088509638,0.7692307692307692,4.0,-0.06914381847567465,353.91411114026045,1.0,0.0
evt_pay_003772_0,cust_014,pay_003772,2026-06-22T22:43:55.434957+00:00,68037,RETRY_LATER,0.8333333333333334,0,0.2099737532808399,0.3396968096854304,0.05149998477349569,0.0,1.0,-0.3258820291088124,0.9454104416093166,0.7619047619047619,11.0,-0.8122776257059364,377.7041921312645,0.0,1.0
evt_pay_005071_1,cust_000,pay_005071,2026-06-22T23:04:37.405383+00:00,117526,WHATSAPP_NUDGE,0.8333333333333334,0,0.36807817589576547,0.08333333333333333,-0.21945083411105917,1.0,1.0,-0.23928160901568196,0.9709502106631762,0.9333333333333333,7.0,0.8132490481077264,372.6167525846435,1.0,0.0
evt_pay_007433_1,cust_032,pay_007433,2026-06-22T23:20:34.068124+00:00,350821,WHATSAPP_NUDGE,0.8333333333333334,0,0.2478134110787172,0.08333333333333333,0.22995044146691712,1.0,1.0,-0.1712077821673023,0.9852349442266822,0.9130434782608696,2.0,0.2905055503479753,378.43597250656666,0.0,1.0
evt_pay_002686_0,cust_045,pay_002686,2026-06-22T23:57:57.860734+00:00,90828,RETRY_LATER,0.8333333333333334,0,0.22636103151862463,0.13597661167443675,0.11541026529964413,0.0,1.0,-0.008882101279461659,0.999960553360412,0.736842105263158,11.0,1.000889969158722,356.83509773076656,0.0,1.0
evt_pay_005635_1,cust_011,pay_005635,2026-06-23T00:00:05.047732+00:00,47089,WHATSAPP_NUDGE,0.8333333333333334,1,0.4895833333333333,0.08333333333333333,-0.5874127495776914,1.0,1.0,0.00036708141336115466,0.9999999326256157,0.8947368421052632,5.0,-0.306212897974724,357.7194269305519,0.0,0.0
evt_pay_005534_0,cust_037,pay_005534,2026-06-23T00:13:06.735223+00:00,237060,RETRY_NOW,0.8333333333333334,0,0.358695652173913,0.2486865683506115,1.3871261856143036,0.0,1.0,0.057181792205251054,0.9983637827165985,0.85,6.0,-0.33341852366871827,360.6389692560301,1.0,0.0
evt_pay_006637_1,cust_023,pay_006637,2026-06-23T00:14:35.875606+00:00,82438,WHATSAPP_NUDGE,0.8333333333333334,1,0.3811074918566775,0.08333333333333333,-0.057009275840050985,1.0,1.0,0.06365241029202595,0.9979721292020212,0.9375,5.0,0.9385908116339667,377.26240247641005,0.0,1.0
evt_pay_003854_1,cust_053,pay_003854,2026-06-23T00:18:50.621621+00:00,205093,DO_NOTHING,0.03333333333333333,1,0.3301282051282051,0.08333333333333333,-1.026250962576563,1.0,1.0,0.08212851569491814,0.9966217471587451,0.75,4.0,-0.06914381847567465,353.99744447359376,0.0,0.0
evt_pay_001488_0,cust_055,pay_001488,2026-06-23T00:28:10.946551+00:00,334650,DO_NOTHING,0.03333333333333333,0,0.307909604519774,0.2890692032710073,0.20394104911512762,0.0,1.0,0.12265942669035236,0.9924488223802748,0.9166666666666666,9.0,-1.0480965437343166,379.96858488228645,0.0,1.0
evt_pay_002905_0,cust_043,pay_002905,2026-06-23T00:29:45.209801+00:00,162405,WHATSAPP_NUDGE,0.8333333333333334,0,0.23197492163009403,2.3460703914350916,0.35933597206017437,0.0,1.0,0.12945974496631862,0.9915846783977936,0.92,8.0,-0.05414349663535748,368.6629176620441,0.0,0.0
evt_pay_000545_0,cust_000,pay_000545,2026-06-23T00:30:28.998333+00:00,111104,RETRY_LATER,0.8333333333333334,0,0.36688311688311687,0.059624918399625436,-0.36358179012401914,0.0,1.0,0.13261667750352252,0.9911674010216068,0.875,8.0,0.8132490481077264,372.6763775030431,0.0,1.0
evt_pay_003772_1,cust_014,pay_003772,2026-06-23T00:43:55.434957+00:00,63730,RETRY_NOW,0.03333333333333333,0,0.2094240837696335,0.08333333333333333,-0.13262262813411582,1.0,1.0,0.1904831049596065,0.9816904739911392,0.75,11.0,-0.8122776257059364,377.7875254645978,0.0,0.0
evt_pay_000223_0,cust_048,pay_000223,2026-06-23T01:05:38.004592+00:00,246415,WHATSAPP_NUDGE,0.8333333333333334,0,0.23705722070844687,0.37742403047733813,0.8197351166491478,0.0,1.0,0.28248130076523115,0.9592728051591909,0.92,4.0,-0.4506859321563252,364.0512057654186,0.0,0.0
evt_pay_005201_0,cust_044,pay_005201,2026-06-23T01:29:41.599046+00:00,142671,RETRY_NOW,0.8333333333333334,0,0.3707165109034268,0.7509117182476833,-1.0610781504651663,0.0,1.0,0.38144679596464665,0.9243907949824605,0.85,5.0,-0.8459251821363672,373.90621164339717,1.0,0.0
evt_pay_003446_2,cust_017,pay_003446,2026-06-23T01:36:05.028536+00:00,582972,PAYMENT_LINK,0.8333333333333334,0,0.2803738317757009,0.2667612662759969,0.3973687026186734,2.0,1.0,0.40707068619365694,0.9133966588738024,0.9230769230769231,7.0,0.5027156808516637,376.62833342043655,0.0,1.0
evt_pay_008110_0,cust_011,pay_008110,2026-06-23T01:39:38.801118+00:00,60791,WHATSAPP_NUDGE,0.8333333333333334,1,0.4913494809688581,0.1524739975226718,0.07301175635575664,0.0,1.0,0.4212205722521952,0.9069582291988607,0.8571428571428572,6.0,-0.306212897974724,357.7885675947412,0.0,0.0
evt_pay_003322_0,cust_044,pay_003322,2026-06-23T01:41:39.624570+00:00,293361,WHATSAPP_NUDGE,0.8333333333333334,0,0.3695652173913043,0.0083104805981975,0.8359424985907581,0.0,1.0,0.4291732251682216,0.903222200125034,0.8181818181818181,5.0,-0.8459251821363672,373.91452212399537,0.0,0.0
evt_pay_004618_0,cust_037,pay_004618,2026-06-23T01:45:46.113178+00:00,172720,DO_NOTHING,0.03333333333333333,0,0.3574007220216607,0.06434465226118391,0.23520192052722647,0.0,1.0,0.44529381104608484,0.895384510612091,0.8260869565217391,6.0,-0.33341852366871827,360.70331390829125,0.0,0.0
evt_pay_006478_2,cust_023,pay_006478,2026-06-23T01:46:51.737112+00:00,89514,ESCALATE_HUMAN,0.8333333333333334,0,0.38311688311688313,0.14740580446300555,0.18333676069899985,2.0,1.0,0.4495617739418683,0.8932492437221766,0.8823529411764706,6.0,0.9385908116339667,377.32647494753974,0.0,1.0
evt_pay_002686_1,cust_045,pay_002686,2026-06-23T01:57:57.860734+00:00,100734,PAYMENT_LINK,0.03333333333333333,0,0.2257142857142857,0.08333333333333333,0.4395855840234948,1.0,1.0,0.4922881513332057,0.8704322926321925,0.75,11.0,1.000889969158722,356.9184310640999,1.0,0.0
evt_pay_002905_1,cust_043,pay_002905,2026-06-23T02:29:45.209801+00:00,167507,WHATSAPP_NUDGE,0.8333333333333334,0,0.23125,0.08333333333333333,0.46037756582882455,1.0,1.0,0.6079077671071833,0.7940076490127526,0.92,8.0,-0.05414349663535748,368.74625099537747,0.0,0.0
evt_pay_001340_0,cust_004,pay_001340,2026-06-23T02:31:43.302646+00:00,456016,WHATSAPP_NUDGE,0.8333333333333334,0,0.47265625,2.0909661969903937,0.23483059257702305,0.0,1.0,0.614704167141169,0.788757749184933,0.6923076923076923,1.0,-0.2585165281110097,379.2693162191942,0.0,0.0
evt_pay_006998_0,cust_045,pay_006998,2026-06-23T02:33:48.326860+00:00,97195,RETRY_LATER,0.8333333333333334,1,0.22507122507122507,0.02488965424000374,0.32376821827525537,0.0,1.0,0.6218500605262871,0.7831363241629474,0.7619047619047619,12.0,1.000889969158722,356.94332071833986,0.0,1.0
evt_pay_003730_0,cust_028,pay_003730,2026-06-23T02:43:06.532330+00:00,199647,RETRY_LATER,0.8333333333333334,0,0.386986301369863,1.2111682839476998,-0.3632905706949067,0.0,1.0,0.6531195558176508,0.757254809036268,0.9230769230769231,6.0,0.3910481863531735,354.44054660467174,0.0,1.0
evt_pay_007321_0,cust_012,pay_007321,2026-06-23T03:26:46.245286+00:00,564935,PAYMENT_LINK,0.8333333333333334,1,0.5645756457564576,1.4122609609387762,0.12312801389452119,0.0,1.0,0.7846972763728014,0.6198791692363177,0.875,8.0,-0.5006574979571285,363.3496777372946,0.0,0.0
evt_pay_005201_1,cust_044,pay_005201,2026-06-23T03:29:41.599046+00:00,259392,WHATSAPP_NUDGE,0.8333333333333334,1,0.3684210526315789,0.07502285273513583,0.4083113442579626,1.0,1.0,0.7925380129887937,0.6098225134969802,0.8181818181818181,6.0,-0.8459251821363672,373.9895449767305,0.0,0.0
evt_pay_000017_0,cust_056,pay_000017,2026-06-23T04:19:18.203302+00:00,124261,WHATSAPP_NUDGE,0.8333333333333334,0,0.23837209302325582,0.5192141568181418,-0.6290302731279781,0.0,1.0,0.9050190366189733,0.4253710654913724,0.7142857142857143,7.0,-0.26273729270347856,365.13551846602127,0.0,0.0
evt_pay_001340_1,cust_004,pay_001340,2026-06-23T04:31:43.302646+00:00,390856,WHATSAPP_NUDGE,0.8333333333333334,0,0.4708171206225681,0.08333333333333333,-0.2069834364216178,1.0,1.0,0.9267282991488744,0.37573216465540227,0.6923076923076923,2.0,-0.2585165281110097,379.3526495525275,0.0,0.0
evt_pay_002765_2,cust_044,pay_002765,2026-06-23T05:28:22.826589+00:00,165008,ESCALATE_HUMAN,0.8333333333333334,1,0.37037037037037035,0.1574444678207859,-0.7798815886853844,2.0,1.0,0.9904977311004508,0.1375290685086574,0.7727272727272727,7.0,-0.8459251821363672,374.07196659181614,1.0,0.0
evt_pay_002666_0,cust_040,pay_002666,2026-06-23T05:30:42.226635+00:00,296197,RETRY_NOW,0.8333333333333334,0,0.46689895470383275,3.2615221311433324,1.0349485180519185,0.0,1.0,0.9918410069759767,0.12748104518272765,0.96,6.0,-0.492492512121923,372.3588995129214,1.0,0.0
evt_pay_002897_0,cust_016,pay_002897,2026-06-23T05:37:58.169700+00:00,116198,RETRY_NOW,0.03333333333333333,0,0.2953216374269006,0.46253054606067207,-0.004771883322318034,0.0,1.0,0.9953834321771454,0.09597824205123895,0.7272727272727273,11.0,-0.5381138706705891,376.01434628448465,0.0,0.0
evt_pay_003465_0,cust_003,pay_003465,2026-06-23T05:54:09.412588+00:00,266688,RETRY_LATER,0.8333333333333334,0,0.4810606060606061,4.689638241739544,0.6024850139214639,0.0,1.0,0.9996750089749183,0.02549267406524674,0.9615384615384616,1.0,2.053947620637407,359.2766042308367,0.0,1.0
evt_pay_007614_0,cust_025,pay_007614,2026-06-23T05:55:56.441534+00:00,217367,ESCALATE_HUMAN,0.03333333333333333,0,0.4506578947368421,0.8575008971239034,0.01574669868967113,0.0,1.0,0.9998431453622342,0.017711145421859142,0.7272727272727273,7.0,0.10753773716001852,359.9309932076481,0.0,0.0
evt_pay_004819_0,cust_040,pay_004819,2026-06-23T06:24:23.598085+00:00,260892,PAYMENT_LINK,0.03333333333333333,0,0.4652777777777778,0.037284391782577586,0.5710325519237833,0.0,1.0,0.9943410496001054,-0.10623500873140095,0.962962962962963,6.0,-0.492492512121923,372.396183904704,0.0,0.0
evt_pay_002666_1,cust_040,pay_002666,2026-06-23T07:30:42.226635+00:00,293159,WHATSAPP_NUDGE,0.8333333333333334,0,0.46366782006920415,0.04604894155075575,0.995028591538878,1.0,1.0,0.9227000311476983,-0.3855186798587542,0.9642857142857143,7.0,-0.492492512121923,372.44223284625474,0.0,0.0
evt_pay_002897_1,cust_016,pay_002897,2026-06-23T07:37:58.169700+00:00,113129,WHATSAPP_NUDGE,0.8333333333333334,0,0.2944606413994169,0.08333333333333333,-0.08011333598883175,1.0,1.0,0.9100164597971722,-0.41457212026162793,0.7142857142857143,11.0,-0.5381138706705891,376.09767961781796,0.0,0.0
evt_pay_004819_1,cust_040,pay_004819,2026-06-23T08:24:23.598085+00:00,183080,RETRY_LATER,0.03333333333333333,0,0.46206896551724136,0.037284391782577586,-0.4514396370360785,1.0,1.0,0.8080071046136734,-0.5891727411327075,0.9642857142857143,8.0,-0.492492512121923,372.4795172380373,1.0,0.0
evt_pay_004840_0,cust_053,pay_004840,2026-06-23T08:27:12.601578+00:00,336894,WHATSAPP_NUDGE,0.8333333333333334,0,0.33226837060702874,0.42247661987998225,0.15034935752102602,0.0,1.0,0.8007051640923762,-0.5990586283460083,0.6923076923076923,4.0,-0.06914381847567465,354.33658776014045,0.0,0.0
evt_pay_003798_0,cust_049,pay_003798,2026-06-23T09:34:31.634480+00:00,303948,WHATSAPP_NUDGE,0.8333333333333334,0,0.3074433656957929,0.48102913849929035,-0.26674149069862424,0.0,1.0,0.5929719220863048,-0.8052231365387319,0.9642857142857143,10.0,0.2100296838614713,356.27989210728055,0.0,0.0
evt_pay_003708_2,cust_010,pay_003708,2026-06-23T10:08:57.680822+00:00,68206,ESCALATE_HUMAN,0.8333333333333334,0,0.3196480938416422,0.9166666666666666,-0.39171332368212664,2.0,1.0,0.46576377164293226,-0.8849090964754235,0.8235294117647058,5.0,-0.045395759303349575,383.3684894863661,0.0,1.0
evt_pay_001428_0,cust_033,pay_001428,2026-06-23T10:27:00.211997+00:00,81817,WHATSAPP_NUDGE,0.8333333333333334,0,0.6131386861313869,1.7938511026589292,0.07290522608848816,0.0,1.0,0.394729691467166,-0.9187972957482167,0.8235294117647058,4.0,-0.3958893149650273,358.1789551794677,0.0,0.0
evt_pay_004840_1,cust_053,pay_004840,2026-06-23T10:27:12.601578+00:00,365960,WHATSAPP_NUDGE,0.8333333333333334,0,0.33121019108280253,0.08333333333333333,0.40982104669337266,1.0,1.0,0.39390169887238136,-0.9191525725500919,0.6923076923076923,5.0,-0.06914381847567465,354.41992109347376,1.0,0.0
evt_pay_003524_0,cust_055,pay_003524,2026-06-23T10:33:03.610254+00:00,330981,RETRY_NOW,0.8333333333333334,0,0.30704225352112674,0.42005397804102057,0.17037825181060506,0.0,1.0,0.37031357037261825,-0.9289068088876752,0.9642857142857143,8.0,-1.0480965437343166,380.3886388603275,1.0,0.0
evt_pay_001115_0,cust_023,pay_001115,2026-06-23T11:15:19.597603+00:00,84881,DO_NOTHING,0.03333333333333333,0,0.3818770226537217,0.3947669038340867,0.025982627612125588,0.0,1.0,0.19369233085750945,-0.9810623226722067,0.7692307692307692,6.0,0.9385908116339667,377.7212418513738,1.0,0.0
evt_pay_003315_0,cust_001,pay_003315,2026-06-23T11:33:13.291746+00:00,476188,RETRY_LATER,0.8333333333333334,0,0.27714285714285714,4.8839767590245815,-0.27719812346113193,0.0,1.0,0.11657743970919257,-0.9931816050203757,0.8333333333333334,4.0,0.16534712408787333,366.034505953091,0.0,1.0
evt_pay_003798_1,cust_049,pay_003798,2026-06-23T11:34:31.634480+00:00,392172,WHATSAPP_NUDGE,0.8333333333333334,0,0.3064516129032258,0.08333333333333333,0.48514920068789075,1.0,1.0,0.11091717998826105,-0.9938296530006798,0.962962962962963,11.0,0.2100296838614713,356.36322544061386,0.0,0.0
evt_pay_001428_1,cust_033,pay_001428,2026-06-23T12:27:00.211997+00:00,68196,ESCALATE_HUMAN,0.03333333333333333,1,0.610909090909091,0.08333333333333333,-0.4148927894236804,1.0,1.0,-0.1175527074355488,-0.9930666447799826,0.875,5.0,-0.3958893149650273,358.26228851280104,0.0,0.0
evt_pay_004257_0,cust_014,pay_004257,2026-06-23T12:33:29.614657+00:00,58215,RETRY_LATER,0.8333333333333334,0,0.20887728459530025,0.4927567094882761,-0.36841511331789134,0.0,1.0,-0.14562363900775926,-0.9893400607284322,0.8235294117647058,11.0,-0.8122776257059364,378.2802821740861,0.0,1.0
evt_pay_003995_2,cust_014,pay_003995,2026-06-23T12:34:45.630600+00:00,67697,PAYMENT_LINK,0.03333333333333333,0,0.20833333333333334,0.0008798141596268275,0.03695090242372171,2.0,1.0,-0.1510904929682244,-0.9885199355271592,0.8333333333333334,11.0,-0.8122776257059364,378.28116198824574,0.0,0.0
evt_pay_004053_0,cust_004,pay_004053,2026-06-23T13:07:57.199466+00:00,462840,RETRY_LATER,0.8333333333333334,0,0.4689922480620155,0.35849417615592455,0.28109824104065756,0.0,1.0,-0.2921769370771267,-0.9563642807216447,0.8461538461538461,3.0,-0.2585165281110097,379.71114372868345,0.0,1.0
evt_pay_005773_0,cust_005,pay_005773,2026-06-23T13:13:03.616783+00:00,166461,RETRY_LATER,0.8333333333333334,0,0.25835866261398177,0.8887840849538406,0.7762815345142979,0.0,1.0,-0.31341358542800435,-0.9496167250365608,1.0,3.0,-0.6412832630166057,374.2278542622518,0.0,1.0
evt_pay_000664_2,cust_005,pay_000664,2026-06-23T13:53:12.671843+00:00,138912,ESCALATE_HUMAN,0.8333333333333334,0,0.25757575757575757,0.02788258171282602,0.1749601623245769,2.0,1.0,-0.4741312266937199,-0.8804541895373708,1.0,3.0,-0.6412832630166057,374.2557368439646,1.0,0.0
evt_pay_007960_0,cust_005,pay_007960,2026-06-23T14:03:08.258878+00:00,209619,ESCALATE_HUMAN,0.03333333333333333,0,0.256797583081571,0.006893368461305727,1.7183097185771408,0.0,1.0,-0.5118091555438481,-0.859099172564782,1.0,3.0,-0.6412832630166057,374.2626302124259,1.0,0.0
evt_pay_006464_0,cust_015,pay_006464,2026-06-23T14:23:18.401834+00:00,158261,WHATSAPP_NUDGE,0.8333333333333334,0,0.3898305084745763,7.487845493073962,0.9773121033689448,0.0,1.0,-0.5853352060102706,-0.8107914014127888,0.8235294117647058,1.0,1.245182551392603,371.0156619023399,0.0,0.0
evt_pay_005054_0,cust_042,pay_005054,2026-06-23T14:26:26.000805+00:00,215277,WHATSAPP_NUDGE,0.8333333333333334,1,0.4006024096385542,0.9353893983696935,-0.21036048419392991,0.0,1.0,-0.5963416807222054,-0.802730714395192,0.75,9.0,0.21388002896855346,380.53127498990654,0.0,0.0
evt_pay_004053_1,cust_004,pay_004053,2026-06-23T15:07:57.199466+00:00,457072,WHATSAPP_NUDGE,0.8333333333333334,0,0.4671814671814672,0.08333333333333333,0.24199260433713934,1.0,1.0,-0.7312147902695414,-0.6821472938384133,0.8571428571428572,3.0,-0.2585165281110097,379.79447706201677,0.0,1.0
evt_pay_005773_1,cust_005,pay_005773,2026-06-23T15:13:03.616783+00:00,159530,RETRY_NOW,0.03333333333333333,0,0.2560240963855422,0.048557383159201585,0.6249871879793538,1.0,1.0,-0.7462324893900963,-0.6656854150262417,1.0,3.0,-0.6412832630166057,374.3111875955851,1.0,0.0
evt_pay_008339_0,cust_024,pay_008339,2026-06-23T15:14:06.346634+00:00,83821,RETRY_LATER,0.8333333333333334,0,0.22289156626506024,0.8907033222942573,-0.3547050468267561,0.0,1.0,-0.7492614668167604,-0.662274304456693,0.8666666666666667,9.0,-1.1653357768016162,369.29265507278745,0.0,1.0
evt_pay_000572_0,cust_033,pay_000572,2026-06-23T15:27:32.160042+00:00,68214,PAYMENT_LINK,0.03333333333333333,1,0.6123188405797102,0.20870310237664094,-0.41425466068910966,0.0,1.0,-0.7867626842572061,-0.617255602372628,0.8235294117647058,5.0,-0.3958893149650273,358.3876582818444,1.0,0.0
evt_pay_004348_0,cust_030,pay_004348,2026-06-23T16:04:53.014769+00:00,171542,RETRY_LATER,0.8333333333333334,0,0.3468208092485549,2.9744175491911924,-0.023138426894952747,0.0,1.0,-0.8764823097614611,-0.48143406679961287,0.75,9.0,1.7722569671050512,354.6142526145941,0.0,1.0
evt_pay_006464_1,cust_015,pay_006464,2026-06-23T16:23:18.401834+00:00,116035,WHATSAPP_NUDGE,0.8333333333333334,0,0.3885135135135135,0.08333333333333333,-0.04577715198978842,1.0,1.0,-0.9123108588406867,-0.40949834778832583,0.7647058823529411,2.0,1.245182551392603,371.09899523567327,0.0,1.0
evt_pay_007722_0,cust_001,pay_007722,2026-06-23T16:33:28.028314+00:00,544318,PAYMENT_LINK,0.8333333333333334,0,0.27635327635327633,0.2085038954689177,0.09192454719140697,0.0,1.0,-0.929562921479983,-0.368663498341779,0.875,3.0,0.16534712408787333,366.24300984855995,0.0,0.0
evt_pay_002440_2,cust_036,pay_002440,2026-06-23T16:34:11.036154+00:00,333813,ESCALATE_HUMAN,0.8333333333333334,0,0.40372670807453415,0.9166666666666666,-0.04405627715063034,2.0,1.0,-0.930711411827153,-0.36575438192140325,1.0,4.0,-0.5882553306323993,365.1317881928578,0.0,0.0
evt_pay_006270_2,cust_057,pay_006270,2026-06-23T16:47:25.093531+00:00,68493,ESCALATE_HUMAN,0.8333333333333334,0,0.2935153583617747,0.9166666666666666,-0.4668282527033251,2.0,1.0,-0.950269022527025,-0.3114302246499726,0.8823529411764706,12.0,-0.5990323654313375,374.9643594962244,0.0,1.0
evt_pay_006396_2,cust_017,pay_006396,2026-06-23T17:11:56.855130+00:00,493969,ESCALATE_HUMAN,0.8333333333333334,0,0.2795031055900621,0.6499054003906698,-0.09950422443681753,2.0,1.0,-0.9781000254624044,-0.20813538908711296,1.0,5.0,0.5027156808516637,377.2782388208272,0.0,1.0
evt_pay_005405_0,cust_032,pay_005405,2026-06-23T17:17:47.722256+00:00,340278,WHATSAPP_NUDGE,0.8333333333333334,0,0.24709302325581395,0.7480747005994317,0.13717888047775673,0.0,1.0,-0.9830918043501006,-0.18311336439392825,1.0,2.0,0.2905055503479753,379.1840472071661,0.0,0.0
evt_pay_000010_0,cust_028,pay_000010,2026-06-23T17:37:49.851521+00:00,275507,RETRY_LATER,0.8333333333333334,0,0.3856655290102389,0.621334712862525,0.584300208005641,0.0,1.0,-0.9953251913807782,-0.09658034687666639,1.0,6.0,0.3910481863531735,355.06188131753424,0.0,1.0
evt_pay_005113_0,cust_005,pay_005113,2026-06-23T17:43:58.723698+00:00,164286,RETRY_NOW,0.8333333333333334,0,0.2552552552552553,0.10480447818057807,0.728795644425199,0.0,1.0,-0.9975575714959052,-0.06984906263645911,1.0,3.0,-0.6412832630166057,374.41599207376566,1.0,0.0
evt_pay_004180_0,cust_036,pay_004180,2026-06-23T17:58:13.302909+00:00,450451,RETRY_LATER,0.8333333333333334,0,0.4024767801857585,0.058359568927054774,0.9388600125863084,0.0,1.0,-0.9999698973149002,-0.007759153563886911,1.0,4.0,-0.5882553306323993,365.19014776178483,0.0,1.0
evt_pay_007722_1,cust_001,pay_007722,2026-06-23T18:33:28.028314+00:00,481584,WHATSAPP_NUDGE,0.8333333333333334,0,0.2755681818181818,0.08333333333333333,-0.24795977028882493,1.0,1.0,-0.9893568535886342,0.14550950572796892,0.875,4.0,0.16534712408787333,366.32634318189326,0.0,0.0
evt_pay_007929_2,cust_008,pay_007929,2026-06-23T18:41:34.461234+00:00,202205,ESCALATE_HUMAN,0.8333333333333334,1,0.3246753246753247,0.9166666666666666,-0.14724169757685523,2.0,1.0,-0.9835916651484125,0.1804090802885857,0.7142857142857143,8.0,0.4190160498383978,370.24313033056643,0.0,0.0
evt_pay_005000_2,cust_045,pay_005000,2026-06-23T18:42:09.481485+00:00,92917,ESCALATE_HUMAN,0.8333333333333334,0,0.22727272727272727,0.6973567216588966,0.18376145935084043,2.0,1.0,-0.9831290200630763,0.18291344923163888,0.7777777777777778,12.0,1.000889969158722,357.61578778575876,0.0,0.0
evt_pay_002825_0,cust_015,pay_002825,2026-06-23T19:07:56.867550+00:00,132383,RETRY_LATER,0.8333333333333334,0,0.3872053872053872,0.11433409392812639,0.35031538307740395,0.0,1.0,-0.9563713329041961,0.2921538526171636,0.8235294117647058,3.0,1.245182551392603,371.2133293296013,0.0,1.0
evt_pay_003680_0,cust_010,pay_003680,2026-06-23T19:31:58.263736+00:00,82292,WHATSAPP_NUDGE,0.8333333333333334,0,0.31871345029239767,0.39097896891917117,0.11744549365266428,0.0,1.0,-0.920554181643438,0.39061489815261785,0.8333333333333334,5.0,-0.045395759303349575,383.7594684552853,0.0,0.0
evt_pay_005113_1,cust_005,pay_005113,2026-06-23T19:43:58.723698+00:00,124279,RETRY_LATER,0.03333333333333333,0,0.25449101796407186,0.08333333333333333,-0.1444399692735268,1.0,1.0,-0.8988347299711947,0.4382877230742488,1.0,3.0,-0.6412832630166057,374.499325407099,1.0,0.0
evt_pay_003994_2,cust_051,pay_003994,2026-06-23T19:47:42.137037+00:00,548735,PAYMENT_LINK,0.8333333333333334,1,0.4838709677419355,0.9166666666666666,-0.28319255451108305,2.0,1.0,-0.8915955201350332,0.45283267160744894,1.0,4.0,-1.013594580420746,362.6197033182193,0.0,1.0
evt_pay_004180_1,cust_036,pay_004180,2026-06-23T19:58:13.302909+00:00,442293,WHATSAPP_NUDGE,0.8333333333333334,0,0.4012345679012346,0.08333333333333333,0.8701172137770422,1.0,1.0,-0.8698789108763634,0.4932653245592597,0.8333333333333334,4.0,-0.5882553306323993,365.27348109511814,1.0,0.0
evt_pay_002816_2,cust_009,pay_002816,2026-06-23T19:59:23.389154+00:00,146978,ESCALATE_HUMAN,0.8333333333333334,1,0.2563291139240506,0.9166666666666666,0.6733807288155713,2.0,1.0,-0.8673535407560011,0.49769251083176647,0.8571428571428572,7.0,-0.8984355580750027,356.44978086031716,1.0,0.0
evt_pay_001530_0,cust_047,pay_001530,2026-06-23T20:01:13.787847+00:00,125912,RETRY_LATER,0.8333333333333334,1,0.39661016949152544,1.8473308615745054,0.38222129551334844,0.0,1.0,-0.8633299466809714,0.5046398747263549,0.8421052631578947,7.0,1.898235005697721,356.85042199708806,0.0,1.0
evt_pay_003230_0,cust_034,pay_003230,2026-06-23T20:02:29.374571+00:00,56831,RETRY_NOW,0.8333333333333334,1,0.3732394366197183,1.8033030958020315,0.14465228839452277,0.0,1.0,-0.8605430025182853,0.5093777977266131,0.8,4.0,-0.5369784473169031,367.94791729798044,1.0,0.0
evt_pay_002741_0,cust_020,pay_002741,2026-06-23T20:04:39.602961+00:00,66738,WHATSAPP_NUDGE,0.8333333333333334,0,0.26861702127659576,2.1392743292341265,0.2543650636151032,0.0,1.0,-0.8556804338108224,0.5175045847075395,0.6428571428571428,6.0,0.06752823759169156,369.074989760508,0.0,0.0
evt_pay_002638_0,cust_046,pay_002638,2026-06-23T20:06:52.575623+00:00,131407,WHATSAPP_NUDGE,0.8333333333333334,0,0.38235294117647056,1.4948849326768066,0.6707016803206399,0.0,1.0,-0.850636212318158,0.5257547282650129,0.7619047619047619,7.0,-0.9687765812058661,377.8584773427643,0.0,0.0
evt_pay_006722_0,cust_050,pay_006722,2026-06-23T20:32:49.209666+00:00,91268,RETRY_NOW,0.8333333333333334,0,0.4246153846153846,1.1232659328247034,-0.6211991092210688,0.0,1.0,-0.7858024891355387,0.6184775243033424,0.6,7.0,-0.900782201038446,381.57097545179585,1.0,0.0
evt_pay_003358_0,cust_059,pay_003358,2026-06-23T20:49:45.774617+00:00,202225,RETRY_LATER,0.8333333333333334,0,0.3498233215547703,1.6368568081791182,0.6366545963200142,0.0,1.0,-0.7379758395871381,0.6748271335576679,0.7,2.0,-0.38878117849020055,366.488482869562,0.0,1.0
evt_pay_003769_0,cust_056,pay_003769,2026-06-23T21:02:22.776423+00:00,179962,WHATSAPP_NUDGE,0.8333333333333334,0,0.23768115942028986,0.6965807074094149,0.36972359309737785,0.0,1.0,-0.699726912276416,0.7144104200220716,0.7619047619047619,6.0,-0.26273729270347856,365.83209917343066,0.0,0.0
evt_pay_005071_2,cust_000,pay_005071,2026-06-23T21:04:37.405383+00:00,101665,ESCALATE_HUMAN,0.8333333333333334,1,0.3656957928802589,0.8570417482670413,-0.5754316935502639,2.0,1.0,-0.6926990573975844,0.7212267437363218,0.7272727272727273,7.0,0.8132490481077264,373.53341925131014,1.0,0.0
evt_pay_002825_1,cust_015,pay_002825,2026-06-23T21:07:56.867550+00:00,137549,WHATSAPP_NUDGE,0.8333333333333334,0,0.3859060402684564,0.08333333333333333,0.47548736948006887,1.0,1.0,-0.6821649434376362,0.7311983246320567,0.7727272727272727,3.0,1.245182551392603,371.2966626629347,0.0,1.0
evt_pay_004597_0,cust_042,pay_004597,2026-06-23T21:12:15.783551+00:00,177981,RETRY_NOW,0.8333333333333334,0,0.4024024024024024,1.2172155875600008,-0.6689103763048934,0.0,1.0,-0.6682771750502202,0.7439123720619905,0.6363636363636364,9.0,0.21388002896855346,380.8131011790969,1.0,0.0
evt_pay_004251_0,cust_055,pay_004251,2026-06-23T21:15:11.625923+00:00,289159,RETRY_NOW,0.8333333333333334,0,0.3061797752808989,0.4459261072793576,-0.21217256699353257,0.0,1.0,-0.6587099283156451,0.7523969898520313,1.0,7.0,-1.0480965437343166,380.83456496760687,1.0,0.0
evt_pay_003680_1,cust_010,pay_003680,2026-06-23T21:31:58.263736+00:00,78424,WHATSAPP_NUDGE,0.8333333333333334,0,0.3177842565597668,0.08333333333333333,-0.02236498359632259,1.0,1.0,-0.6019158577869035,0.7985595157185569,0.782608695652174,6.0,-0.045395759303349575,383.8428017886186,0.0,0.0
evt_pay_003903_0,cust_019,pay_003903,2026-06-23T21:47:26.202591+00:00,139552,WHATSAPP_NUDGE,0.8333333333333334,1,0.4006514657980456,1.5579286880540621,0.47453803447155046,0.0,1.0,-0.5466986866257202,0.8373294130995952,0.7142857142857143,3.0,-0.5137657855739247,360.3171949044572,0.0,0.0
evt_pay_004898_0,cust_017,pay_004898,2026-06-23T22:00:50.675102+00:00,422300,WHATSAPP_NUDGE,0.8333333333333334,0,0.2786377708978328,0.20062291633746554,-0.4996044077342591,0.0,1.0,-0.49680513749419425,0.8678621177118948,1.0,5.0,0.5027156808516637,377.47886173716466,0.0,0.0
evt_pay_002741_1,cust_020,pay_002741,2026-06-23T22:04:39.602961+00:00,45969,WHATSAPP_NUDGE,0.8333333333333334,0,0.26790450928381965,0.08333333333333333,-0.7139573013139975,1.0,1.0,-0.4822887008476911,0.8760123338370563,0.6153846153846154,7.0,0.06752823759169156,369.1583230938413,1.0,0.0
evt_pay_002638_1,cust_046,pay_002638,2026-06-23T22:06:52.575623+00:00,99377,WHATSAPP_NUDGE,0.8333333333333334,1,0.38095238095238093,0.08333333333333333,-0.18921278819416484,1.0,1.0,-0.47379520511399237,0.8806350569963644,0.7916666666666666,8.0,-0.9687765812058661,377.94181067609765,0.0,1.0
evt_pay_006722_1,cust_050,pay_006722,2026-06-23T22:32:49.209666+00:00,101369,WHATSAPP_NUDGE,0.8333333333333334,1,0.4233128834355828,0.08333333333333333,-0.3737486023942561,1.0,1.0,-0.37128615579675134,0.9285184922841712,0.6363636363636364,7.0,-0.900782201038446,381.65430878512916,0.0,1.0
evt_pay_003772_2,cust_014,pay_003772,2026-06-23T22:43:55.434957+00:00,53130,ESCALATE_HUMAN,0.8333333333333334,0,0.2077922077922078,0.42303014301876374,-0.5857983671509128,2.0,1.0,-0.3258820291088124,0.9454104416093166,0.76,10.0,-0.8122776257059364,378.7041921312645,0.0,0.0
evt_pay_003358_1,cust_059,pay_003358,2026-06-23T22:49:45.774617+00:00,142636,WHATSAPP_NUDGE,0.8333333333333334,1,0.3485915492957746,0.08333333333333333,-0.3928506905648176,1.0,1.0,-0.30169225768277635,0.9534053606175441,0.5833333333333333,2.0,-0.38878117849020055,366.5718162028954,0.0,1.0
evt_pay_004593_0,cust_053,pay_004593,2026-06-23T22:52:08.157620+00:00,290032,RETRY_NOW,0.8333333333333334,0,0.33015873015873015,0.5173096764053374,-0.2679941919384027,0.0,1.0,-0.2918043361767674,0.9564780339288698,0.9166666666666666,6.0,-0.06914381847567465,354.9372307698791,1.0,0.0
evt_pay_003769_1,cust_056,pay_003769,2026-06-23T23:02:22.776423+00:00,170880,WHATSAPP_NUDGE,0.8333333333333334,0,0.23699421965317918,0.08333333333333333,0.20689027774916496,1.0,1.0,-0.24877607173198654,0.9685610286056329,0.76,7.0,-0.26273729270347856,365.91543250676403,0.0,0.0
evt_pay_004251_1,cust_055,pay_004251,2026-06-23T23:15:11.625923+00:00,288746,WHATSAPP_NUDGE,0.8333333333333334,0,0.30532212885154064,0.08333333333333333,-0.2159521758798659,1.0,1.0,-0.19426103672036016,0.980949871100624,1.0,7.0,-1.0480965437343166,380.9178983009402,1.0,0.0
evt_pay_000114_0,cust_049,pay_000114,2026-06-23T23:38:45.197478+00:00,349758,RETRY_LATER,0.8333333333333334,0,0.3054662379421222,0.5029347569184589,0.12367539216696909,0.0,1.0,-0.09257351933265569,0.9957058519052534,1.0,12.0,0.2100296838614713,356.8661601975323,0.0,1.0
evt_pay_003272_0,cust_036,pay_003272,2026-06-23T23:56:25.474767+00:00,272658,ESCALATE_HUMAN,0.03333333333333333,0,0.4,0.16541865576884143,-0.559422972200109,0.0,1.0,-0.015600082343035896,0.9998783113113768,0.5,5.0,-0.5882553306323993,365.43889975088706,0.0,0.0
evt_pay_000155_0,cust_024,pay_000155,2026-06-24T00:15:57.394520+00:00,81305,WHATSAPP_NUDGE,0.8333333333333334,0,0.2222222222222222,0.37628527646404564,-0.4298287561493653,0.0,1.0,0.06956745821158918,0.9975772495190429,0.9230769230769231,8.0,-1.1653357768016162,369.66894034925144,0.0,0.0
evt_pay_004959_0,cust_034,pay_004959,2026-06-24T00:34:23.992855+00:00,46727,WHATSAPP_NUDGE,0.8333333333333334,0,0.37543859649122807,1.9921296963098787,-0.3890578189982366,0.0,1.0,0.14953482966551493,0.9887564587485158,0.76,3.0,-0.5369784473169031,368.13674389848825,0.0,0.0
evt_pay_002267_0,cust_014,pay_002267,2026-06-24T00:46:29.726409+00:00,59678,WHATSAPP_NUDGE,0.8333333333333334,0,0.20725388601036268,0.08511911403100687,-0.30588309963401494,0.0,1.0,0.20148583431910977,0.9794914285325483,0.76,10.0,-0.8122776257059364,378.78931124529555,0.0,0.0
evt_pay_005020_0,cust_052,pay_005020,2026-06-24T01:06:48.194023+00:00,143590,RETRY_NOW,0.8333333333333334,1,0.45112781954887216,1.4754815568203412,-0.04259185753917802,0.0,1.0,0.28737403447594695,0.9578184401592075,0.5,5.0,-1.0656726581061444,383.92118355602133,1.0,0.0
evt_pay_005782_0,cust_043,pay_005782,2026-06-24T01:24:06.964862+00:00,111760,RETRY_NOW,0.8333333333333334,0,0.23052959501557632,0.9544184613528159,-0.6436961006492339,0.0,1.0,0.35884076113900604,0.9333987937345852,1.0,9.0,-0.05414349663535748,369.7006694567303,1.0,0.0
evt_pay_000114_1,cust_049,pay_000114,2026-06-24T01:38:45.197478+00:00,349668,WHATSAPP_NUDGE,0.8333333333333334,0,0.30448717948717946,0.08333333333333333,0.1229104724088398,1.0,1.0,0.41768190649281695,0.9085933221131034,1.0,12.0,0.2100296838614713,356.9494935308656,0.0,1.0
evt_pay_006342_0,cust_059,pay_006342,2026-06-24T01:41:13.669837+00:00,179362,RETRY_LATER,0.8333333333333334,1,0.3508771929824561,0.2024061946774509,0.24165884949410585,0.0,1.0,0.4274676465942165,0.9040306472212112,0.4545454545454546,3.0,-0.38878117849020055,366.69088906423946,0.0,1.0
evt_pay_005569_0,cust_055,pay_005569,2026-06-24T02:03:14.670947+00:00,228123,RETRY_NOW,0.8333333333333334,0,0.30446927374301674,0.11670191000716083,-0.7704788924875968,0.0,1.0,0.5122096968126565,0.8588604231719416,1.0,8.0,-1.0480965437343166,381.0346002109474,1.0,0.0
evt_pay_002371_0,cust_023,pay_002371,2026-06-24T02:07:54.079321+00:00,67237,RETRY_LATER,0.8333333333333334,0,0.38064516129032255,0.6198435384042872,-0.5733327103823067,0.0,1.0,0.5295540762063949,0.8482761816608974,0.36363636363636365,6.0,0.9385908116339667,378.3410853897781,0.0,1.0
evt_pay_000155_1,cust_024,pay_000155,2026-06-24T02:15:57.394520+00:00,76626,WHATSAPP_NUDGE,0.8333333333333334,0,0.2215568862275449,0.08333333333333333,-0.5695188717278902,1.0,1.0,0.55903581084747,0.8291435112151042,1.0,9.0,-1.1653357768016162,369.75227368258476,0.0,0.0
evt_pay_007388_0,cust_027,pay_007388,2026-06-24T02:25:18.621939+00:00,67602,RETRY_LATER,0.8333333333333334,1,0.28104575163398693,1.248259276318284,-0.43128568179339044,0.0,1.0,0.5924012137485517,0.8056430983687769,1.0,1.0,-0.8172299270627982,357.2428234915416,0.0,1.0
evt_pay_004959_1,cust_034,pay_004959,2026-06-24T02:34:23.992855+00:00,48836,WHATSAPP_NUDGE,0.8333333333333334,1,0.3741258741258741,0.08333333333333333,-0.27762333009185636,1.0,1.0,0.6238791906151727,0.7815207965993975,0.7916666666666666,4.0,-0.5369784473169031,368.22007723182156,0.0,0.0
evt_pay_004191_0,cust_030,pay_004191,2026-06-24T02:43:11.127810+00:00,165144,RETRY_LATER,0.8333333333333334,0,0.345821325648415,0.4432651972337756,-0.12883240310741503,0.0,1.0,0.653372588405192,0.7570364989356191,0.625,9.0,1.7722569671050512,355.05751781182784,0.0,1.0
evt_pay_000867_0,cust_010,pay_000867,2026-06-24T03:09:01.757286+00:00,75229,WHATSAPP_NUDGE,0.8333333333333334,0,0.3168604651162791,0.23406821238093775,-0.13787713933964688,0.0,1.0,0.7344092497320747,0.678706898379537,0.76,6.0,-0.045395759303349575,384.0768700009996,0.0,0.0
evt_pay_005782_1,cust_043,pay_005782,2026-06-24T03:24:06.964862+00:00,193990,WHATSAPP_NUDGE,0.8333333333333334,0,0.22981366459627328,0.08333333333333333,0.984887483200937,1.0,1.0,0.7774646119270155,0.6289266866663992,0.96,9.0,-0.05414349663535748,369.7840027900636,1.0,0.0
evt_pay_001598_0,cust_023,pay_001598,2026-06-24T03:25:05.134367+00:00,80150,WHATSAPP_NUDGE,0.8333333333333334,0,0.37942122186495175,0.05360017413947086,-0.13473526754325105,0.0,1.0,0.7801181370814316,0.6256322339814315,0.41666666666666663,5.0,0.9385908116339667,378.39468556391756,0.0,0.0
evt_pay_002177_0,cust_020,pay_002177,2026-06-24T03:30:57.487235+00:00,58257,ESCALATE_HUMAN,0.03333333333333333,0,0.2671957671957672,0.2265958828032808,-0.14104136007333695,0.0,1.0,0.795891381804571,0.6054394341048579,0.75,7.0,0.06752823759169156,369.38491897664466,0.0,0.0
evt_pay_006364_0,cust_000,pay_006364,2026-06-24T03:48:16.329146+00:00,154664,RETRY_NOW,0.8333333333333334,0,0.36774193548387096,1.1373533658900972,0.6140499500282879,0.0,1.0,0.8393167293465627,0.5436427391577937,0.5,7.0,0.8132490481077264,373.8137308689332,1.0,0.0
evt_pay_005569_1,cust_055,pay_005569,2026-06-24T04:03:14.670947+00:00,408354,WHATSAPP_NUDGE,0.8333333333333334,0,0.30362116991643456,0.08333333333333333,0.8781188069365103,1.0,1.0,0.8730168210904565,0.48769009636562616,0.9615384615384616,8.0,-1.0480965437343166,381.11793354428073,0.0,0.0
evt_pay_002371_1,cust_023,pay_002371,2026-06-24T04:07:54.079321+00:00,113087,WHATSAPP_NUDGE,0.8333333333333334,0,0.3782051282051282,0.029733159193862473,0.984030826913384,1.0,1.0,0.8827453735027871,0.469851684640403,0.5384615384615384,6.0,0.9385908116339667,378.4244187231114,1.0,0.0
evt_pay_003783_0,cust_003,pay_003783,2026-06-24T04:38:41.353623+00:00,202936,RETRY_LATER,0.8333333333333334,1,0.47924528301886793,0.9475919101217869,-0.2245363554760591,0.0,1.0,0.9377211378123494,0.3473889285799316,0.962962962962963,1.0,2.053947620637407,360.22419614095844,0.0,1.0
evt_pay_004191_1,cust_030,pay_004191,2026-06-24T04:43:11.127810+00:00,176080,RETRY_NOW,0.03333333333333333,1,0.3448275862068966,0.08333333333333333,0.05184272739834107,1.0,1.0,0.9443555091630997,0.32892654546768124,0.7777777777777778,9.0,1.7722569671050512,355.14085114516115,0.0,0.0
evt_pay_000867_1,cust_010,pay_000867,2026-06-24T05:09:01.757286+00:00,90081,WHATSAPP_NUDGE,0.8333333333333334,0,0.3159420289855073,0.08333333333333333,0.39900529520155315,1.0,1.0,0.9753705162320151,0.2205727908543852,0.76,7.0,-0.045395759303349575,384.1602033343329,1.0,0.0
evt_pay_007284_0,cust_039,pay_007284,2026-06-24T05:19:48.844407+00:00,215018,RETRY_LATER,0.8333333333333334,1,0.59765625,1.4384576482599793,-0.41716281578639214,0.0,1.0,0.9846665555512971,0.17444705322459375,0.5714285714285714,3.0,-0.6642333856639545,355.62385249241316,0.0,1.0
evt_pay_002897_2,cust_016,pay_002897,2026-06-24T05:37:58.169700+00:00,141827,ESCALATE_HUMAN,0.8333333333333334,0,0.2936046511627907,0.9166666666666666,0.624352763397504,2.0,1.0,0.9953834321771454,0.09597824205123895,0.7777777777777778,11.0,-0.5381138706705891,377.01434628448465,0.0,1.0
evt_pay_006364_1,cust_000,pay_006364,2026-06-24T05:48:16.329146+00:00,153024,RETRY_NOW,0.03333333333333333,0,0.3665594855305466,0.08333333333333333,0.5772503247371799,1.0,1.0,0.9986909790142882,0.05115005802032518,0.5714285714285714,7.0,0.8132490481077264,373.89706420226656,0.0,1.0
evt_pay_005579_0,cust_003,pay_005579,2026-06-24T06:29:24.510997+00:00,182617,WHATSAPP_NUDGE,0.8333333333333334,0,0.48120300751879697,1.024480305663019,-0.48813568849575456,0.0,1.0,0.9917784254604326,-0.12796700665103175,0.92,1.0,2.053947620637407,360.30108453649973,0.0,0.0
evt_pay_002380_0,cust_053,pay_002380,2026-06-24T06:39:53.104443+00:00,385525,ESCALATE_HUMAN,0.03333333333333333,0,0.3291139240506329,0.32482577341795604,0.5844807021677237,0.0,1.0,0.9848947066387359,-0.1731543150920543,1.0,5.0,-0.06914381847567465,355.262056543297,0.0,0.0
evt_pay_002119_0,cust_014,pay_002119,2026-06-24T06:43:49.671204+00:00,87030,WHATSAPP_NUDGE,0.8333333333333334,0,0.20671834625322996,0.2481475092013928,0.8634654041672292,0.0,1.0,0.9817702291133386,-0.19007161078588955,0.76,11.0,-0.8122776257059364,379.03745875449687,0.0,0.0
evt_pay_007463_0,cust_022,pay_007463,2026-06-24T06:50:44.026555+00:00,124635,WHATSAPP_NUDGE,0.8333333333333334,1,0.34375,2.8997569788379374,0.3136378711966899,0.0,1.0,0.9755980293387874,-0.21956430755082812,0.5,2.0,-0.6143468879245073,363.2916026950681,0.0,0.0
evt_pay_004995_0,cust_055,pay_004995,2026-06-24T06:51:57.537454+00:00,389826,RETRY_NOW,0.8333333333333334,0,0.30277777777777776,0.11716280679293807,0.7086436672156956,0.0,1.0,0.9744103337050259,-0.22477655920682632,0.9230769230769231,9.0,-1.0480965437343166,381.23509635107365,1.0,0.0
evt_pay_007955_0,cust_018,pay_007955,2026-06-24T07:19:05.889111+00:00,123159,RETRY_NOW,0.03333333333333333,0,0.28027681660899656,3.6783000536769728,-0.4291603377450162,0.0,1.0,0.9410312099430892,-0.3383197628177307,0.9259259259259259,3.0,-0.4554811204429685,359.92714806280645,0.0,0.0
evt_pay_000129_0,cust_017,pay_000129,2026-06-24T07:40:16.408941+00:00,461188,RETRY_NOW,0.8333333333333334,0,0.2777777777777778,0.4023811786991776,-0.28250498640058896,0.0,1.0,0.9058028349443349,-0.4236994503262967,0.9259259259259259,5.0,0.5027156808516637,377.8812429158638,1.0,0.0
evt_pay_004840_2,cust_053,pay_004840,2026-06-24T08:27:12.601578+00:00,317148,ESCALATE_HUMAN,0.8333333333333334,0,0.3280757097791798,0.07453121684337323,-0.025925156134064865,2.0,1.0,0.8007051640923762,-0.5990586283460083,1.0,5.0,-0.06914381847567465,355.33658776014045,0.0,0.0
evt_pay_005579_1,cust_003,pay_005579,2026-06-24T08:29:24.510997+00:00,231390,WHATSAPP_NUDGE,0.8333333333333334,0,0.4794007490636704,0.08333333333333333,0.1445829973749836,1.0,1.0,0.79492180804855,-0.606711891336262,0.9259259259259259,2.0,2.053947620637407,360.38441786983304,1.0,0.0
evt_pay_002119_1,cust_014,pay_002119,2026-06-24T08:43:49.671204+00:00,67794,WHATSAPP_NUDGE,0.8333333333333334,0,0.20618556701030927,0.08333333333333333,0.04109488208398982,1.0,1.0,0.7552021536984751,-0.655491958035478,0.7692307692307692,12.0,-0.8122776257059364,379.12079208783024,0.0,0.0
evt_pay_004995_1,cust_055,pay_004995,2026-06-24T08:51:57.537454+00:00,326492,WHATSAPP_NUDGE,0.8333333333333334,0,0.30193905817174516,0.08333333333333333,0.12931352135422947,1.0,1.0,0.7314758230952116,-0.6818673773008814,0.9285714285714286,9.0,-1.0480965437343166,381.31842968440696,1.0,0.0
evt_pay_001668_0,cust_010,pay_001668,2026-06-24T09:32:48.749490+00:00,87843,RETRY_NOW,0.03333333333333333,0,0.315028901734104,0.18318278013422665,0.3181032407200988,0.0,1.0,0.5989799542166253,-0.8007640192008189,0.7777777777777778,8.0,-0.045395759303349575,384.34338611446714,0.0,0.0
evt_pay_003798_2,cust_049,pay_003798,2026-06-24T09:34:31.634480+00:00,389234,WHATSAPP_NUDGE,0.03333333333333333,0,0.3035143769968051,0.3303985764148744,0.46011437621093326,2.0,1.0,0.5929719220863048,-0.8052231365387319,0.9310344827586207,13.0,0.2100296838614713,357.27989210728055,0.0,1.0
evt_pay_000129_1,cust_017,pay_000129,2026-06-24T09:40:16.408941+00:00,482792,WHATSAPP_NUDGE,0.8333333333333334,0,0.27692307692307694,0.08333333333333333,-0.16190284233376914,1.0,1.0,0.5725985407186086,-0.8198359050242432,0.9310344827586207,5.0,0.5027156808516637,377.96457624919714,0.0,0.0
evt_pay_000406_0,cust_039,pay_000406,2026-06-24T10:04:46.393430+00:00,231483,RETRY_NOW,0.8333333333333334,1,0.5992217898832685,1.6363459471407396,-0.23032358015852775,0.0,1.0,0.48185605238977386,-0.8762503893153735,0.4444444444444444,3.0,-0.6642333856639545,355.8217407912939,1.0,0.0
evt_pay_004727_0,cust_049,pay_004727,2026-06-24T10:58:58.117890+00:00,368838,RETRY_LATER,0.8333333333333334,0,0.30254777070063693,0.0586398542718977,0.28629112085094843,0.0,1.0,0.2631632633350171,-0.9647513134641821,0.9310344827586207,14.0,0.2100296838614713,357.3385319615524,0.0,1.0
evt_pay_007548_0,cust_028,pay_007548,2026-06-24T11:25:23.967749+00:00,219008,RETRY_NOW,0.8333333333333334,0,0.3843537414965986,0.7413670859757152,-0.12144869421896416,0.0,1.0,0.1504004577679491,-0.988625157632149,0.9333333333333333,6.0,0.3910481863531735,355.80324840351,1.0,0.0
evt_pay_000651_0,cust_046,pay_000651,2026-06-24T11:31:10.882952+00:00,139938,WHATSAPP_NUDGE,0.8333333333333334,0,0.38321167883211676,0.6418785570508589,0.8997223669573042,0.0,1.0,0.12541382660203296,-0.9921045167204084,0.7692307692307692,9.0,-0.9687765812058661,378.50035589981513,0.0,0.0
evt_pay_001668_1,cust_010,pay_001668,2026-06-24T11:32:48.749490+00:00,71635,WHATSAPP_NUDGE,0.8333333333333334,0,0.31412103746397696,0.08333333333333333,-0.2677650703591826,1.0,1.0,0.1183498471088278,-0.9929719601727518,0.7777777777777778,8.0,-0.045395759303349575,384.42671944780045,0.0,1.0
evt_pay_003056_0,cust_012,pay_003056,2026-06-24T12:13:29.099083+00:00,617655,RETRY_LATER,0.8333333333333334,0,0.5661764705882353,2.7780347317385576,0.40124821098847724,0.0,1.0,-0.05880540063333607,-0.9982694650525743,0.5714285714285714,5.0,-0.5006574979571285,364.7154515080944,0.0,1.0
evt_pay_003883_0,cust_016,pay_003883,2026-06-24T12:49:49.753345+00:00,118422,RETRY_LATER,0.8333333333333334,0,0.2927536231884058,0.29990258848435286,0.0498275395709021,0.0,1.0,-0.21571205936479856,-0.9764570177148596,0.75,11.0,-0.5381138706705891,377.314248872969,0.0,1.0
evt_pay_004727_1,cust_049,pay_004727,2026-06-24T12:58:58.117890+00:00,247623,WHATSAPP_NUDGE,0.8333333333333334,0,0.30158730158730157,0.08333333333333333,-0.7467724856062402,1.0,1.0,-0.25446958534115255,-0.9670807774618942,0.9333333333333333,14.0,0.2100296838614713,357.4218652948857,1.0,0.0
evt_pay_005773_2,cust_005,pay_005773,2026-06-24T13:13:03.616783+00:00,143541,ESCALATE_HUMAN,0.8333333333333334,1,0.2537313432835821,0.7285288551527552,0.2759867222844242,2.0,1.0,-0.31341358542800435,-0.9496167250365608,0.935483870967742,1.0,-0.6412832630166057,375.2278542622518,0.0,0.0
evt_pay_007548_1,cust_028,pay_007548,2026-06-24T13:25:23.967749+00:00,258962,WHATSAPP_NUDGE,0.8333333333333334,0,0.38305084745762713,0.08333333333333333,0.37763695192203034,1.0,1.0,-0.3640619616482218,-0.9313747302138107,0.9032258064516129,6.0,0.3910481863531735,355.8865817368433,1.0,0.0
evt_pay_000651_1,cust_046,pay_000651,2026-06-24T13:31:10.882952+00:00,85351,WHATSAPP_NUDGE,0.8333333333333334,0,0.38181818181818183,0.08333333333333333,-0.5657525010226074,1.0,1.0,-0.3874406985370269,-0.9218946279901736,0.8,10.0,-0.9687765812058661,378.5836892331485,0.0,0.0
evt_pay_001740_0,cust_031,pay_001740,2026-06-24T13:46:37.372652+00:00,59905,WHATSAPP_NUDGE,0.8333333333333334,0,0.2852852852852853,2.2111667454659405,0.325461005562325,0.0,1.0,-0.4486284291008036,-0.8937183743229996,1.0,3.0,-0.07508066613848166,377.90953738026275,0.0,0.0
evt_pay_006464_2,cust_015,pay_006464,2026-06-24T14:23:18.401834+00:00,105224,ESCALATE_HUMAN,0.8333333333333334,0,0.38461538461538464,0.7189992394052069,-0.3077217617182897,2.0,1.0,-0.5853352060102706,-0.8107914014127888,0.8076923076923077,4.0,1.245182551392603,372.0156619023399,1.0,0.0
evt_pay_007492_0,cust_055,pay_007492,2026-06-24T14:27:40.924384+00:00,275431,DO_NOTHING,0.03333333333333333,0,0.3011049723756906,0.233141052421729,-0.33773967192055726,0.0,1.0,-0.6007065629151178,-0.7994695899599343,0.9,10.0,-1.0480965437343166,381.55157073682875,0.0,0.0
evt_pay_002007_0,cust_027,pay_002007,2026-06-24T14:31:39.676150+00:00,79117,WHATSAPP_NUDGE,0.8333333333333334,0,0.28338762214983715,1.7526696259807675,-0.018073165094694324,0.0,1.0,-0.6144961296283776,-0.7889198353899742,0.9032258064516129,1.0,-0.8172299270627982,357.74723384120404,0.0,0.0
evt_pay_003883_1,cust_016,pay_003883,2026-06-24T14:49:49.753345+00:00,86411,RETRY_LATER,0.03333333333333333,0,0.29190751445086704,0.08333333333333333,-0.7359614846138289,1.0,1.0,-0.6750406321700024,-0.7377805533622606,0.7777777777777778,11.0,-0.5381138706705891,377.39758220630233,0.0,1.0
evt_pay_003150_0,cust_014,pay_003150,2026-06-24T15:08:13.254837+00:00,76819,WHATSAPP_NUDGE,0.8333333333333334,0,0.20565552699228792,0.26693962537459964,0.42692569422359905,0.0,1.0,-0.7320107528710506,-0.6812930776700713,0.8076923076923077,11.0,-0.8122776257059364,379.38773171320486,0.0,0.0
evt_pay_002971_0,cust_058,pay_002971,2026-06-24T15:31:58.285077+00:00,267877,WHATSAPP_NUDGE,0.8333333333333334,0,0.32432432432432434,2.7367960765021357,0.29861326685986006,0.0,1.0,-0.7985604498665736,-0.6019146184542252,0.8461538461538461,4.0,4.286983765334936,373.6113149691414,0.0,0.0
evt_pay_001188_0,cust_007,pay_001188,2026-06-24T15:45:48.405149+00:00,325266,RETRY_NOW,0.8333333333333334,0,0.3241106719367589,5.672708168977238,0.09647254989537028,0.0,1.0,-0.8334201316627797,-0.552639922679492,0.8,2.0,-0.46533070623945577,383.7551168253104,1.0,0.0
evt_pay_001740_1,cust_031,pay_001740,2026-06-24T15:46:37.372652+00:00,59649,WHATSAPP_NUDGE,0.8333333333333334,0,0.2844311377245509,0.08333333333333333,0.3118315010617285,1.0,1.0,-0.8353828036227016,-0.5496686014422462,1.0,4.0,-0.07508066613848166,377.9928707135961,0.0,0.0
evt_pay_002007_1,cust_027,pay_002007,2026-06-24T16:31:39.676150+00:00,123930,WHATSAPP_NUDGE,0.8333333333333334,0,0.2824675324675325,0.08333333333333333,1.5900168575259523,1.0,1.0,-0.9266291764803776,-0.3759765541829666,0.9032258064516129,2.0,-0.8172299270627982,357.8305671745374,0.0,0.0
evt_pay_007722_2,cust_001,pay_007722,2026-06-24T16:33:28.028314+00:00,447466,ESCALATE_HUMAN,0.8333333333333334,0,0.2747875354107649,0.9166666666666666,-0.43281066448289596,2.0,1.0,-0.929562921479983,-0.368663498341779,1.0,3.0,0.16534712408787333,367.24300984855995,0.0,1.0
evt_pay_008002_0,cust_050,pay_008002,2026-06-24T16:46:22.039659+00:00,105710,RETRY_LATER,0.8333333333333334,0,0.42507645259938837,0.8427410878892184,-0.2673953378799585,0.0,1.0,-0.9488310030773346,-0.3157843054986411,0.6428571428571428,6.0,-0.900782201038446,382.413716539685,0.0,1.0
evt_pay_003150_1,cust_014,pay_003150,2026-06-24T17:08:13.254837+00:00,53744,WHATSAPP_NUDGE,0.8333333333333334,0,0.20512820512820512,0.08333333333333333,-0.5595541067034091,1.0,1.0,-0.974586446664738,-0.22401173624924128,0.8461538461538461,11.0,-0.8122776257059364,379.4710650465382,0.0,0.0
evt_pay_002971_1,cust_058,pay_002971,2026-06-24T17:31:58.285077+00:00,257597,WHATSAPP_NUDGE,0.8333333333333334,0,0.32335329341317365,0.08333333333333333,0.1775008195038029,1.0,1.0,-0.992530945269095,-0.12199312555728965,0.8518518518518519,5.0,4.286983765334936,373.6946483024747,0.0,1.0
evt_pay_005113_2,cust_005,pay_005113,2026-06-24T17:43:58.723698+00:00,132186,ESCALATE_HUMAN,0.8333333333333334,0,0.25595238095238093,0.9166666666666666,0.028138891824195926,2.0,1.0,-0.9975575714959052,-0.06984906263645911,0.896551724137931,1.0,-0.6412832630166057,375.41599207376566,1.0,0.0
evt_pay_001188_1,cust_007,pay_001188,2026-06-24T17:45:48.405149+00:00,311370,WHATSAPP_NUDGE,0.8333333333333334,1,0.3228346456692913,0.08333333333333333,-0.029711445434662292,1.0,1.0,-0.9980829673850848,-0.06189014635451789,0.8,2.0,-0.46533070623945577,383.83845015864375,0.0,1.0
evt_pay_001778_0,cust_019,pay_001778,2026-06-24T18:40:40.668331+00:00,108856,PAYMENT_LINK,0.03333333333333333,1,0.4025974025974026,2.4282350044851078,-0.2583069857480174,0.0,1.0,-0.9842898850608015,0.17655996762288495,0.25,4.0,-0.5137657855739247,361.18750122088824,0.0,0.0
evt_pay_000771_0,cust_035,pay_000771,2026-06-24T18:53:39.782267+00:00,52464,WHATSAPP_NUDGE,0.8333333333333334,0,0.2612359550561798,2.9267715734831277,0.5619428961753102,0.0,1.0,-0.972712098177477,0.23201546081925323,0.2222222222222222,8.0,0.5026080740568922,358.7229999164386,0.0,0.0
evt_pay_002825_2,cust_015,pay_002825,2026-06-24T19:07:56.867550+00:00,118292,ESCALATE_HUMAN,0.8333333333333334,0,0.38333333333333336,0.19766742726145972,0.008911936186159786,2.0,1.0,-0.9563713329041961,0.2921538526171636,0.8518518518518519,4.0,1.245182551392603,372.2133293296013,0.0,0.0
evt_pay_003680_2,cust_010,pay_003680,2026-06-24T19:31:58.263736+00:00,98953,ESCALATE_HUMAN,0.8333333333333334,0,0.3132183908045977,0.3327490074848356,0.7196971165593554,2.0,1.0,-0.920554181643438,0.39061489815261785,0.8518518518518519,9.0,-0.045395759303349575,384.7594684552853,0.0,1.0
evt_pay_005047_0,cust_008,pay_005047,2026-06-24T19:56:25.412525+00:00,184231,RETRY_LATER,0.8333333333333334,0,0.3268608414239482,1.9686452695751768,-0.3881235270425782,0.0,1.0,-0.8737222612097847,0.48642513325943676,0.8,6.0,0.4190160498383978,371.295108933475,0.0,1.0
evt_pay_002741_2,cust_020,pay_002741,2026-06-24T20:04:39.602961+00:00,65215,ESCALATE_HUMAN,0.8333333333333334,0,0.26649076517150394,0.6900707838633858,0.18334445415365477,2.0,1.0,-0.8556804338108224,0.5175045847075395,0.8181818181818181,6.0,0.06752823759169156,370.074989760508,0.0,0.0
evt_pay_004023_0,cust_058,pay_004023,2026-06-24T20:22:38.116221+00:00,239278,RETRY_LATER,0.8333333333333334,0,0.32238805970149254,0.11851656416555063,-0.038303537105037526,0.0,1.0,-0.8125027482227037,0.5829573604737773,0.9166666666666666,6.0,4.286983765334936,373.8131648666402,0.0,1.0
evt_pay_007218_0,cust_037,pay_007218,2026-06-24T20:31:08.615265+00:00,135513,WHATSAPP_NUDGE,0.8333333333333334,1,0.35611510791366907,1.7815104408198674,-0.4309467477498295,0.0,1.0,-0.7903058523697537,0.6127125424782138,0.8181818181818181,3.0,-0.33341852366871827,362.4848243491112,0.0,0.0
evt_pay_001704_0,cust_044,pay_001704,2026-06-24T20:36:11.729902+00:00,225433,WHATSAPP_NUDGE,0.8333333333333334,0,0.3723076923076923,1.787871589495694,-0.01918967837596692,0.0,1.0,-0.7766088542908018,0.629983085040486,0.75,5.0,-0.8459251821363672,375.70239371349106,0.0,0.0
evt_pay_003769_2,cust_056,pay_003769,2026-06-24T21:02:22.776423+00:00,145475,ESCALATE_HUMAN,0.8333333333333334,0,0.23631123919308358,0.9166666666666666,-0.24864712552732457,2.0,1.0,-0.699726912276416,0.7144104200220716,0.92,7.0,-0.26273729270347856,366.83209917343066,0.0,1.0
evt_pay_004251_2,cust_055,pay_004251,2026-06-24T21:15:11.625923+00:00,313792,ESCALATE_HUMAN,0.8333333333333334,0,0.3002754820936639,0.2829942307781721,0.013146344836557767,2.0,1.0,-0.6587099283156451,0.7523969898520313,0.8928571428571429,10.0,-1.0480965437343166,381.83456496760687,0.0,1.0
evt_pay_004993_0,cust_049,pay_004993,2026-06-24T21:22:29.468173+00:00,335567,RETRY_LATER,0.8333333333333334,0,0.30063291139240506,0.3496684060557224,0.002739433432655475,0.0,1.0,-0.6344231803065298,0.7729859172648286,0.8928571428571429,15.0,0.2100296838614713,357.77153370094146,0.0,1.0
evt_pay_002795_0,cust_030,pay_002795,2026-06-24T21:28:04.768823+00:00,146037,DO_NOTHING,0.03333333333333333,0,0.3467048710601719,0.7811764006120635,-0.44449460098545956,0.0,1.0,-0.6153881573004669,0.7882242167393335,0.7692307692307692,9.0,1.7722569671050512,355.83869421243986,0.0,1.0
evt_pay_007530_0,cust_013,pay_007530,2026-06-24T21:56:25.857981+00:00,200822,RETRY_LATER,0.8333333333333334,0,0.25449101796407186,2.0292073799160257,0.4800551380221072,0.0,1.0,-0.5134253088883864,0.8581342856411606,1.0,5.0,-0.5595801808996762,356.5164586901771,0.0,1.0
evt_pay_007544_0,cust_045,pay_007544,2026-06-24T22:20:23.731995+00:00,63467,RETRY_NOW,0.8333333333333334,0,0.22662889518413598,1.1515538253476432,-0.78005348908502,0.0,1.0,-0.4210534914342372,0.9070358081966989,0.9545454545454546,10.0,1.000889969158722,358.76734161110636,1.0,0.0
evt_pay_004023_1,cust_058,pay_004023,2026-06-24T22:22:38.116221+00:00,214090,WHATSAPP_NUDGE,0.8333333333333334,0,0.32142857142857145,0.08333333333333333,-0.3350315187414501,1.0,1.0,-0.412169340368645,0.9111072576047653,0.9565217391304348,6.0,4.286983765334936,373.89649819997356,0.0,0.0
evt_pay_004611_0,cust_055,pay_004611,2026-06-24T22:26:23.255363+00:00,273415,DO_NOTHING,0.03333333333333333,0,0.29945054945054944,0.0494401555533841,-0.3561874587616152,0.0,1.0,-0.39719758789628296,0.9177331181609252,0.8928571428571429,10.0,-1.0480965437343166,381.88400512316025,0.0,1.0
evt_pay_007845_0,cust_024,pay_007845,2026-06-24T23:10:02.087947+00:00,115703,RETRY_LATER,0.8333333333333334,0,0.2208955223880597,0.8708876554001108,0.5971230659690815,0.0,1.0,-0.21629137087589678,0.9763288600080535,1.0,9.0,-1.1653357768016162,370.62316133798487,0.0,1.0
evt_pay_004244_0,cust_051,pay_004244,2026-06-24T23:11:28.439482+00:00,468637,ESCALATE_HUMAN,0.03333333333333333,1,0.4857142857142857,2.0581747968249147,-0.6589067427915716,0.0,1.0,-0.2101561324107192,0.977667837258733,0.33333333333333337,2.0,-1.013594580420746,363.76121144837754,0.0,1.0
evt_pay_000121_0,cust_030,pay_000121,2026-06-24T23:15:16.372061+00:00,166235,RETRY_NOW,0.8333333333333334,1,0.3457142857142857,0.07443985229171328,-0.11080716523319695,0.0,1.0,-0.19392245139471584,0.9810168616517578,0.7692307692307692,9.0,1.7722569671050512,355.9131340647316,1.0,0.0
evt_pay_004993_1,cust_049,pay_004993,2026-06-24T23:22:29.468173+00:00,306440,WHATSAPP_NUDGE,0.8333333333333334,0,0.2996845425867508,0.08333333333333333,-0.24549883958801177,1.0,1.0,-0.16293363226275653,0.9866370312722227,0.8928571428571429,15.0,0.2100296838614713,357.8548670342748,1.0,0.0
evt_pay_007530_1,cust_013,pay_007530,2026-06-24T23:56:25.857981+00:00,181612,WHATSAPP_NUDGE,0.8333333333333334,0,0.2537313432835821,0.08333333333333333,0.16083167156490136,1.0,1.0,-0.01557221762263355,0.9998787456678502,1.0,5.0,-0.5595801808996762,356.5997920235104,1.0,0.0
evt_pay_008295_0,cust_007,pay_008295,2026-06-25T00:15:21.138381+00:00,299723,RETRY_NOW,0.8333333333333334,0,0.3254901960784314,0.3538510790754117,-0.13546942629988298,0.0,1.0,0.06693698648144299,0.9977572048553611,0.7142857142857143,3.0,-0.46533070623945577,384.1089679043858,1.0,0.0
evt_pay_000155_2,cust_024,pay_000155,2026-06-25T00:15:57.394520+00:00,102562,ESCALATE_HUMAN,0.8333333333333334,0,0.22023809523809523,0.04577901126655585,0.20480170981133305,2.0,1.0,0.06956745821158918,0.9975772495190429,1.0,9.0,-1.1653357768016162,370.66894034925144,0.0,0.0
evt_pay_003139_0,cust_023,pay_003139,2026-06-25T00:34:06.214452+00:00,93174,WHATSAPP_NUDGE,0.8333333333333334,0,0.3769968051118211,0.8515293417918505,0.3076478582973744,0.0,1.0,0.14825635967405798,0.988948963200931,0.7777777777777778,7.0,0.9385908116339667,379.27594806490333,0.0,0.0
evt_pay_003545_0,cust_016,pay_003545,2026-06-25T01:03:29.282795+00:00,146619,RETRY_LATER,0.8333333333333334,0,0.2910662824207493,0.4261519612272953,0.741988853635183,0.0,1.0,0.27348938605599904,0.9618750208393566,0.7333333333333334,11.0,-0.5381138706705891,377.8237341675296,0.0,1.0
evt_pay_000669_0,cust_013,pay_000669,2026-06-25T01:48:09.544445+00:00,169986,WHATSAPP_NUDGE,0.8333333333333334,0,0.25297619047619047,0.07758896370376078,-0.03235933684585938,0.0,1.0,0.4546088305218141,0.8906911985708562,1.0,5.0,-0.5595801808996762,356.6773809872141,0.0,0.0
evt_pay_000741_0,cust_010,pay_000741,2026-06-25T01:55:58.540806+00:00,115455,RETRY_NOW,0.03333333333333333,0,0.3123209169054441,0.2666698734866107,1.316179017717022,0.0,1.0,0.4847168067174292,0.8746711480811851,0.95,9.0,-0.045395759303349575,385.0261383287719,0.0,0.0
evt_pay_005569_2,cust_055,pay_005569,2026-06-25T02:03:14.670947+00:00,381126,ESCALATE_HUMAN,0.8333333333333334,0,0.29863013698630136,0.15059508778711006,0.6290642288251325,2.0,1.0,0.5122096968126565,0.8588604231719416,0.8846153846153846,10.0,-1.0480965437343166,382.0346002109474,0.0,0.0
evt_pay_002371_2,cust_023,pay_002371,2026-06-25T02:07:54.079321+00:00,64735,ESCALATE_HUMAN,0.8333333333333334,0,0.37579617834394907,0.06513732487481623,-0.6583266403128695,2.0,1.0,0.5295540762063949,0.8482761816608974,1.0,8.0,0.9385908116339667,379.3410853897781,1.0,0.0
evt_pay_008295_1,cust_007,pay_008295,2026-06-25T02:15:21.138381+00:00,404774,WHATSAPP_NUDGE,0.8333333333333334,1,0.32421875,0.08333333333333333,0.8184530952735031,1.0,1.0,0.5568477331733858,0.8306145929729755,0.75,3.0,-0.46533070623945577,384.19230123771916,0.0,1.0
evt_pay_003139_1,cust_023,pay_003139,2026-06-25T02:34:06.214452+00:00,80769,PAYMENT_LINK,0.03333333333333333,0,0.3746031746031746,0.0181960084585171,-0.11368781950023926,1.0,1.0,0.6228682553508025,0.7823267453412592,1.0,8.0,0.9385908116339667,379.35928139823665,1.0,0.0
evt_pay_003545_1,cust_016,pay_003545,2026-06-25T03:03:29.282795+00:00,125877,WHATSAPP_NUDGE,0.8333333333333334,0,0.29022988505747127,0.08333333333333333,0.23281757804275538,1.0,1.0,0.7177862664095831,0.6962635102845696,0.6875,11.0,-0.5381138706705891,377.9070675008629,0.0,0.0
evt_pay_000867_2,cust_010,pay_000867,2026-06-25T03:09:01.757286+00:00,83115,ESCALATE_HUMAN,0.8333333333333334,0,0.31142857142857144,0.05073167222766036,0.1471984721566482,2.0,1.0,0.7344092497320747,0.678706898379537,1.0,9.0,-0.045395759303349575,385.0768700009996,0.0,0.0
evt_pay_007299_0,cust_007,pay_007299,2026-06-25T03:25:54.123736+00:00,281700,ESCALATE_HUMAN,0.03333333333333333,0,0.32684824902723736,0.13232621938652755,-0.2991331491900429,0.0,1.0,0.7823420637504396,0.6228490148396344,0.7058823529411764,4.0,-0.46533070623945577,384.2412941237723,0.0,1.0
evt_pay_002529_0,cust_030,pay_002529,2026-06-25T03:42:36.608109+00:00,161838,DO_NOTHING,0.03333333333333333,0,0.3475783475783476,0.2600907324807622,-0.18345054701555963,0.0,1.0,0.8256311625976432,0.5642102297438996,0.7058823529411764,9.0,1.7722569671050512,356.0987849449207,1.0,0.0
evt_pay_000669_1,cust_013,pay_000669,2026-06-25T03:48:09.544445+00:00,155727,PAYMENT_LINK,0.03333333333333333,0,0.2522255192878338,0.08333333333333333,-0.26932097323619314,1.0,1.0,0.8390483953020537,0.5440567896286643,1.0,6.0,-0.5595801808996762,356.7607143205475,0.0,0.0
evt_pay_006364_2,cust_000,pay_006364,2026-06-25T03:48:16.329146+00:00,140147,WHATSAPP_NUDGE,0.03333333333333333,0,0.36538461538461536,0.9166666666666666,0.2882372842177001,2.0,1.0,0.8393167293465627,0.5436427391577937,1.0,7.0,0.8132490481077264,374.8137308689332,1.0,0.0
evt_pay_002109_0,cust_015,pay_002109,2026-06-25T04:14:32.033522+00:00,130973,WHATSAPP_NUDGE,0.8333333333333334,0,0.38205980066445183,0.37957368023493626,0.31615682687842905,0.0,1.0,0.895971369553947,0.4441118158072633,1.0,4.0,1.245182551392603,372.59290300983633,0.0,0.0
evt_pay_005389_0,cust_040,pay_005389,2026-06-25T04:31:42.202032+00:00,204126,WHATSAPP_NUDGE,0.8333333333333334,0,0.46048109965635736,1.8384097678968676,-0.1748854044171507,0.0,1.0,0.9266982229786713,0.3758063377967073,0.9130434782608696,7.0,-0.492492512121923,374.3179270059342,0.0,0.0
evt_pay_004932_0,cust_057,pay_004932,2026-06-25T05:28:58.692051+00:00,84730,DO_NOTHING,0.03333333333333333,0,0.2925170068027211,1.5288610939815424,0.09982887853113895,0.0,1.0,0.9908530663240999,0.13494517759493663,1.0,7.0,-0.5990323654313375,376.49322059020596,0.0,1.0
evt_pay_001050_0,cust_030,pay_001050,2026-06-25T05:31:59.787695+00:00,153465,WHATSAPP_NUDGE,0.8333333333333334,0,0.3465909090909091,0.07596272669350886,-0.3217783381108102,0.0,1.0,0.9925442699547664,0.1218846675343529,0.7647058823529411,9.0,1.7722569671050512,356.1747476716141,0.0,0.0
evt_pay_001230_0,cust_055,pay_001230,2026-06-25T05:41:07.698318+00:00,249987,PAYMENT_LINK,0.03333333333333333,0,0.2978142076502732,0.151308187162878,-0.5704818924666377,0.0,1.0,0.9966117054647706,0.08225027982080865,0.9565217391304348,10.0,-1.0480965437343166,382.18590839811026,0.0,1.0
evt_pay_002349_0,cust_007,pay_002349,2026-06-25T05:44:36.205095+00:00,406443,WHATSAPP_NUDGE,0.8333333333333334,0,0.32558139534883723,0.09632038609322535,0.8336135548467031,0.0,1.0,0.9977442548202515,0.06712973985634896,0.7647058823529411,4.0,-0.46533070623945577,384.33761450986555,0.0,0.0
evt_pay_002823_0,cust_024,pay_002823,2026-06-25T06:06:25.839530+00:00,107392,WHATSAPP_NUDGE,0.8333333333333334,0,0.2195845697329377,0.2433847802051711,0.3489885131333677,0.0,1.0,0.9996063708957568,-0.028055360710828342,1.0,9.0,-1.1653357768016162,370.91232512945663,0.0,0.0
evt_pay_002109_1,cust_015,pay_002109,2026-06-25T06:14:32.033522+00:00,132557,WHATSAPP_NUDGE,0.8333333333333334,1,0.38079470198675497,0.08333333333333333,0.3545234207098066,1.0,1.0,0.9979898750008851,-0.06337357016704814,1.0,5.0,1.245182551392603,372.67623634316965,0.0,0.0
evt_pay_005439_0,cust_046,pay_005439,2026-06-25T06:27:01.503108+00:00,84641,RETRY_LATER,0.8333333333333334,1,0.3804347826086957,0.7054469925426474,-0.5848209430726056,0.0,1.0,0.9930556031158565,-0.1176459481673826,0.9523809523809523,9.0,-0.9687765812058661,379.28913622569115,0.0,1.0
evt_pay_005389_1,cust_040,pay_005389,2026-06-25T06:31:42.202032+00:00,206377,WHATSAPP_NUDGE,0.8333333333333334,0,0.4589041095890411,0.08333333333333333,-0.14530101241474522,1.0,1.0,0.9904473716397791,-0.13789127605419113,0.9565217391304348,8.0,-0.492492512121923,374.40126033926754,0.0,1.0
evt_pay_002119_2,cust_014,pay_002119,2026-06-25T06:43:49.671204+00:00,60378,ESCALATE_HUMAN,0.8333333333333334,0,0.20460358056265984,0.5663937079587337,-0.27592306826985863,2.0,1.0,0.9817702291133386,-0.19007161078588955,0.9090909090909091,11.0,-0.8122776257059364,380.03745875449687,0.0,0.0
evt_pay_004995_2,cust_055,pay_004995,2026-06-25T06:51:57.537454+00:00,260518,ESCALATE_HUMAN,0.8333333333333334,0,0.2970027247956403,0.0491879529633934,-0.47415834495120296,2.0,1.0,0.9744103337050259,-0.22477655920682632,0.9583333333333334,11.0,-1.0480965437343166,382.23509635107365,0.0,1.0
evt_pay_000129_2,cust_017,pay_000129,2026-06-25T07:40:16.408941+00:00,403188,ESCALATE_HUMAN,0.8333333333333334,0,0.27607361963190186,0.9166666666666666,-0.6062976557811887,2.0,1.0,0.9058028349443349,-0.4236994503262967,0.9565217391304348,5.0,0.5027156808516637,378.8812429158638,0.0,1.0
evt_pay_006719_0,cust_028,pay_006719,2026-06-25T07:40:55.266320+00:00,255148,RETRY_NOW,0.8333333333333334,1,0.38175675675675674,0.7607789186464515,0.3299947138011384,0.0,1.0,0.9046019351184131,-0.42625736237632583,0.9565217391304348,6.0,0.3910481863531735,356.64736065548976,1.0,0.0
evt_pay_001230_1,cust_055,pay_001230,2026-06-25T07:41:07.698318+00:00,286894,WHATSAPP_NUDGE,0.8333333333333334,0,0.296195652173913,0.034145380369939936,-0.23288967107965708,1.0,1.0,0.9042161945518304,-0.42707502093918626,0.9166666666666666,11.0,-1.0480965437343166,382.26924173144357,0.0,1.0
evt_pay_003014_0,cust_034,pay_003014,2026-06-25T07:49:29.288060+00:00,55600,RETRY_LATER,0.8333333333333334,0,0.37630662020905925,1.3021446204325382,0.07961562024614822,0.0,1.0,0.8880399056646001,-0.45976638192369845,0.9090909090909091,5.0,-0.5369784473169031,369.4388885189208,0.0,1.0
evt_pay_002008_0,cust_054,pay_002008,2026-06-25T08:01:43.691819+00:00,79576,DO_NOTHING,0.03333333333333333,1,0.4294294294294294,2.47746410849417,-0.557586058513712,0.0,1.0,0.8622304767627568,-0.5065161447984351,1.0,2.0,-0.6956354929968003,371.7911148161614,0.0,0.0
evt_pay_007822_0,cust_014,pay_007822,2026-06-25T08:05:43.975837+00:00,63938,PAYMENT_LINK,0.03333333333333333,0,0.20408163265306123,0.05687852584795413,-0.12375743395225867,0.0,1.0,0.8532484580913471,-0.5215046200799556,0.9130434782608696,11.0,-0.8122776257059364,380.0943372803449,1.0,0.0
evt_pay_008128_0,cust_010,pay_008128,2026-06-25T08:27:22.667338+00:00,83225,WHATSAPP_NUDGE,0.8333333333333334,0,0.31054131054131057,0.22107534782181423,0.15116371902455056,0.0,1.0,0.8002664370792384,-0.5996445861379066,0.9166666666666666,9.0,-0.045395759303349575,385.2979453488213,0.0,0.0
evt_pay_006436_0,cust_031,pay_006436,2026-06-25T08:34:11.643442+00:00,79874,WHATSAPP_NUDGE,0.8333333333333334,0,0.2835820895522388,0.6997022082069103,1.3863457082131547,0.0,1.0,0.7820807714589344,-0.6231770750871681,0.9166666666666666,5.0,-0.07508066613848166,378.692572921803,0.0,0.0
evt_pay_002619_0,cust_021,pay_002619,2026-06-25T09:01:04.187113+00:00,246598,RETRY_NOW,0.8333333333333334,0,0.2625,2.583128088986465,0.41916152445887217,0.0,1.0,0.7037984436223982,-0.7103997119612944,1.0,9.0,-0.0711177391970671,371.82458927210104,1.0,0.0
evt_pay_002599_0,cust_013,pay_002599,2026-06-25T09:08:45.665576+00:00,139652,WHATSAPP_NUDGE,0.8333333333333334,0,0.2514792899408284,0.2226402908683364,-0.5364505604811258,0.0,1.0,0.679565855444038,-0.7336145092039912,0.9230769230769231,7.0,-0.5595801808996762,356.9833546114158,0.0,0.0
evt_pay_006498_0,cust_015,pay_006498,2026-06-25T09:09:55.872335+00:00,112314,WHATSAPP_NUDGE,0.8333333333333334,0,0.38283828382838286,0.2051370233034883,-0.13592431151683818,0.0,1.0,0.6758114873693863,-0.7370745101681225,0.9166666666666666,6.0,1.245182551392603,372.79804003313984,0.0,0.0
evt_pay_002771_0,cust_024,pay_002771,2026-06-25T09:21:16.678304+00:00,90333,WHATSAPP_NUDGE,0.8333333333333334,0,0.21893491124260356,0.1353106339529783,-0.16029678287064691,0.0,1.0,0.6385060186436875,-0.7696168294390313,0.9285714285714286,10.0,-1.1653357768016162,371.0476357634096,0.0,0.0
evt_pay_008315_0,cust_019,pay_008315,2026-06-25T09:26:34.064689+00:00,122264,WHATSAPP_NUDGE,0.8333333333333334,0,0.4045307443365696,3.043436351231321,0.06179996078885271,0.0,1.0,0.6205740092152298,-0.7841478808786873,0.25,4.0,-0.5137657855739247,361.80270256763447,0.0,0.0
evt_pay_003017_0,cust_008,pay_003017,2026-06-25T10:10:19.815598+00:00,277287,RETRY_LATER,0.8333333333333334,0,0.3258064516129032,0.5929907763072227,0.8589892096686588,0.0,1.0,0.4604699241700427,-0.8876753060296513,0.7777777777777778,5.0,0.4190160498383978,371.8880997097822,0.0,1.0
evt_pay_000024_0,cust_041,pay_000024,2026-06-25T10:10:50.889241+00:00,267268,RETRY_LATER,0.8333333333333334,0,0.3948220064724919,2.9561208642112056,0.044803318933633915,0.0,1.0,0.4584628356627505,-0.8887135805849204,0.9047619047619048,3.0,0.3693318557794774,384.7140331737722,0.0,1.0
evt_pay_003496_0,cust_027,pay_003496,2026-06-25T10:21:30.412874+00:00,73524,WHATSAPP_NUDGE,0.8333333333333334,0,0.2815533980582524,0.7429483417177684,-0.2187758103608668,0.0,1.0,0.4166501871299757,-0.9090668960888171,0.9090909090909091,3.0,-0.8172299270627982,358.57351551625516,0.0,0.0
evt_pay_008128_1,cust_010,pay_008128,2026-06-25T10:27:22.667338+00:00,77990,WHATSAPP_NUDGE,0.8333333333333334,0,0.3096590909090909,0.08333333333333333,-0.038064942689540894,1.0,1.0,0.3932287712377279,-0.9194406633768525,0.9166666666666666,9.0,-0.045395759303349575,385.3812786821547,0.0,0.0
evt_pay_004727_2,cust_049,pay_004727,2026-06-25T10:58:58.117890+00:00,321238,ESCALATE_HUMAN,0.8333333333333334,0,0.29874213836477986,0.48366492727761096,-0.11938638098658858,2.0,1.0,0.2631632633350171,-0.9647513134641821,0.9130434782608696,15.0,0.2100296838614713,358.3385319615524,0.0,0.0
evt_pay_002619_1,cust_021,pay_002619,2026-06-25T11:01:04.187113+00:00,229789,WHATSAPP_NUDGE,0.8333333333333334,0,0.26184538653366585,0.08333333333333333,0.1958453426588622,1.0,1.0,0.2543074753402998,-0.9671234192108279,1.0,6.0,-0.0711177391970671,371.90792260543435,0.0,0.0
evt_pay_002599_1,cust_013,pay_002599,2026-06-25T11:08:45.665576+00:00,185107,WHATSAPP_NUDGE,0.8333333333333334,0,0.25073746312684364,0.08333333333333333,0.2189013620928338,1.0,1.0,0.2217140397570447,-0.9751117292775283,0.9333333333333333,8.0,-0.5595801808996762,357.06668794474916,0.0,0.0
evt_pay_002771_1,cust_024,pay_002771,2026-06-25T11:21:16.678304+00:00,105778,RETRY_NOW,0.03333333333333333,0,0.2182890855457227,0.08333333333333333,0.3008003994664733,1.0,1.0,0.1681540178951778,-0.9857607347960803,0.9375,11.0,-1.1653357768016162,371.13096909674294,0.0,1.0
evt_pay_003877_0,cust_024,pay_003877,2026-06-25T11:21:57.310898+00:00,83950,WHATSAPP_NUDGE,0.8333333333333334,0,0.21764705882352942,0.0004702846632274789,-0.3508495602385739,0.0,1.0,0.1652404777435113,-0.9862533064659891,0.9411764705882353,11.0,-1.1653357768016162,371.1314393814062,0.0,0.0
evt_pay_007548_2,cust_028,pay_007548,2026-06-25T11:25:23.967749+00:00,235553,ESCALATE_HUMAN,0.8333333333333334,1,0.3838383838383838,0.9166666666666666,0.08522253530302099,2.0,1.0,0.1504004577679491,-0.988625157632149,0.9130434782608696,4.0,0.3910481863531735,356.80324840351,0.0,0.0
evt_pay_008315_1,cust_019,pay_008315,2026-06-25T11:26:34.064689+00:00,129755,DO_NOTHING,0.03333333333333333,0,0.4032258064516129,0.08333333333333333,0.24064351393495906,1.0,1.0,0.14535891646940383,-0.9893789897722919,0.5,5.0,-0.5137657855739247,361.8860359009678,0.0,0.0
evt_pay_000651_2,cust_046,pay_000651,2026-06-25T11:31:10.882952+00:00,104218,ESCALATE_HUMAN,0.8333333333333334,0,0.38267148014440433,0.9166666666666666,-0.059244816528821354,2.0,1.0,0.12541382660203296,-0.9921045167204084,0.92,9.0,-0.9687765812058661,379.50035589981513,0.0,0.0
evt_pay_000024_1,cust_041,pay_000024,2026-06-25T12:10:50.889241+00:00,258042,WHATSAPP_NUDGE,0.8333333333333334,0,0.3935483870967742,0.08333333333333333,-0.055372485470596235,1.0,1.0,-0.04731632791746782,-0.9988799553061453,0.8695652173913043,3.0,0.3693318557794774,384.79736650710555,0.0,1.0
evt_pay_003496_1,cust_027,pay_003496,2026-06-25T12:21:30.412874+00:00,71592,WHATSAPP_NUDGE,0.8333333333333334,0,0.2806451612903226,0.08333333333333333,-0.2881083538208318,1.0,1.0,-0.09370380149830972,-0.995600119317372,0.875,4.0,-0.8172299270627982,358.65684884958847,1.0,0.0
evt_pay_006788_0,cust_017,pay_006788,2026-06-25T12:28:35.386923+00:00,513502,RETRY_LATER,0.8333333333333334,0,0.27522935779816515,0.2002196525652001,0.009541960240353463,0.0,1.0,-0.12442316490817538,-0.9922292457059674,0.88,5.0,0.5027156808516637,379.08146256842906,0.0,1.0
evt_pay_003883_2,cust_016,pay_003883,2026-06-25T12:49:49.753345+00:00,137996,ESCALATE_HUMAN,0.8333333333333334,0,0.28939828080229224,0.407181372106038,0.530309652346352,2.0,1.0,-0.21571205936479856,-0.9764570177148596,0.7894736842105263,12.0,-0.5381138706705891,378.314248872969,0.0,0.0
evt_pay_003877_1,cust_024,pay_003877,2026-06-25T13:21:57.310898+00:00,119940,WHATSAPP_NUDGE,0.8333333333333334,1,0.21700879765395895,0.08333333333333333,0.7236122528857767,1.0,1.0,-0.35002420177363647,-0.9367406568377016,0.9444444444444444,12.0,-1.1653357768016162,371.2147727147396,0.0,0.0
evt_pay_004773_0,cust_028,pay_004773,2026-06-25T13:31:03.619426+00:00,226054,RETRY_LATER,0.8333333333333334,1,0.3859060402684564,1.0039311536595505,-0.033433881973800934,0.0,1.0,-0.38695368264976415,-0.9220991527399782,0.9130434782608696,4.0,0.3910481863531735,356.89051289050286,0.0,1.0
evt_pay_005831_0,cust_051,pay_005831,2026-06-25T13:44:15.211759+00:00,530787,RETRY_NOW,0.8333333333333334,0,0.4875444839857651,2.6642716981708268,-0.3673824956980877,0.0,1.0,-0.4393651515723791,-0.8983085570024257,0.6,2.0,-1.013594580420746,364.3673083497235,1.0,0.0
evt_pay_008368_0,cust_030,pay_008368,2026-06-25T14:06:17.426393+00:00,135267,RETRY_LATER,0.03333333333333333,0,0.34560906515580736,0.35714859603175836,-0.6224250965775262,0.0,1.0,-0.5235786812684732,-0.8519773262952287,0.7894736842105263,10.0,1.7722569671050512,356.5318962676459,1.0,0.0
evt_pay_000029_0,cust_014,pay_000029,2026-06-25T14:12:29.000041+00:00,56991,WHATSAPP_NUDGE,0.8333333333333334,0,0.2035623409669211,0.2546877801289232,-0.4207514603155803,0.0,1.0,-0.5464065304990807,-0.8375200913577878,0.9130434782608696,12.0,-0.8122776257059364,380.3490250604738,0.0,0.0
evt_pay_006788_1,cust_017,pay_006788,2026-06-25T14:28:35.386923+00:00,648666,PAYMENT_LINK,0.8333333333333334,0,0.27439024390243905,0.08333333333333333,0.764112180849338,1.0,1.0,-0.6038682444827239,-0.7970841507051518,0.8695652173913043,5.0,0.5027156808516637,379.1647959017624,0.0,1.0
evt_pay_003844_0,cust_050,pay_003844,2026-06-25T15:05:19.862537+00:00,139418,RETRY_NOW,0.8333333333333334,0,0.42378048780487804,0.9298359129334509,0.5584107774492747,0.0,1.0,-0.7233620603220858,-0.6904689201452785,1.0,6.0,-0.900782201038446,383.3435524526185,1.0,0.0
evt_pay_003150_2,cust_014,pay_003150,2026-06-25T15:08:13.254837+00:00,72761,ESCALATE_HUMAN,0.8333333333333334,0,0.20304568527918782,0.038706652731055634,0.2534411092600878,2.0,1.0,-0.7320107528710506,-0.6812930776700713,0.9130434782608696,13.0,-0.8122776257059364,380.38773171320486,0.0,0.0
evt_pay_003292_0,cust_019,pay_003292,2026-06-25T15:14:06.161326+00:00,110307,WHATSAPP_NUDGE,0.8333333333333334,0,0.40192926045016075,0.15801037773678672,-0.22366423444707725,0.0,1.0,-0.7492525419648659,-0.6622844014161793,0.6666666666666667,5.0,-0.5137657855739247,362.0440462787046,0.0,0.0
evt_pay_002971_2,cust_058,pay_002971,2026-06-25T15:31:58.285077+00:00,293694,ESCALATE_HUMAN,0.8333333333333334,0,0.32047477744807124,0.7148167691677827,0.6027493035479884,2.0,1.0,-0.7985604498665736,-0.6019146184542252,0.9130434782608696,7.0,4.286983765334936,374.6113149691414,1.0,0.0
evt_pay_002342_0,cust_046,pay_002342,2026-06-25T15:47:39.731667+00:00,127434,WHATSAPP_NUDGE,0.8333333333333334,0,0.381294964028777,0.17811167494085112,0.564026715944731,0.0,1.0,-0.8378668839140088,-0.5458746054179742,0.9130434782608696,9.0,-0.9687765812058661,379.678467574756,0.0,0.0
evt_pay_008368_1,cust_030,pay_008368,2026-06-25T16:06:17.426393+00:00,155766,WHATSAPP_NUDGE,0.8333333333333334,0,0.3446327683615819,0.08333333333333333,-0.2837637238153564,1.0,1.0,-0.8794211020060677,-0.4760446673857754,0.7777777777777778,9.0,1.7722569671050512,356.61522960097926,0.0,1.0
evt_pay_000029_1,cust_014,pay_000029,2026-06-25T16:12:29.000041+00:00,80693,RETRY_NOW,0.03333333333333333,0,0.20253164556962025,0.0446266806022777,0.5925374336028525,1.0,1.0,-0.8919619818848146,-0.45211041004616753,0.9166666666666666,13.0,-0.8122776257059364,380.43235839380714,1.0,0.0
evt_pay_006107_0,cust_018,pay_006107,2026-06-25T16:55:07.061587+00:00,161491,RETRY_LATER,0.8333333333333334,0,0.2793103448275862,1.4000135703195156,0.32653321191220874,0.0,1.0,-0.9601934292485823,-0.2793359597829248,0.8636363636363636,1.0,-0.4554811204429685,361.32716163312597,0.0,1.0
evt_pay_003844_1,cust_050,pay_003844,2026-06-25T17:05:19.862537+00:00,122041,WHATSAPP_NUDGE,0.8333333333333334,1,0.42249240121580545,0.08333333333333333,0.13270672551809076,1.0,1.0,-0.971684380445417,-0.23628259520837738,1.0,5.0,-0.900782201038446,383.4268857859518,0.0,0.0
evt_pay_000694_0,cust_055,pay_000694,2026-06-25T17:53:31.516445+00:00,269465,WHATSAPP_NUDGE,0.8333333333333334,0,0.2953929539295393,0.42527567276181344,-0.39231647020216737,0.0,1.0,-0.9996009579626501,-0.028247563437439425,0.8636363636363636,11.0,-1.0480965437343166,382.69451740420544,0.0,0.0
evt_pay_002155_0,cust_033,pay_002155,2026-06-25T17:57:52.582047+00:00,77253,WHATSAPP_NUDGE,0.8333333333333334,0,0.6137184115523465,2.313106134837767,-0.09055250643274172,0.0,1.0,-0.999957070048625,-0.009265962430811566,0.9130434782608696,4.0,-0.3958893149650273,360.49206131430554,0.0,0.0
evt_pay_003978_0,cust_019,pay_003978,2026-06-25T18:02:00.285880+00:00,108574,RETRY_LATER,0.03333333333333333,0,0.40064102564102566,0.1165986638168685,-0.26503998185582806,0.0,1.0,-0.9999617414254864,0.00874732446572608,0.7142857142857143,6.0,-0.5137657855739247,362.16064494252146,0.0,0.0
evt_pay_002206_0,cust_057,pay_002206,2026-06-25T18:03:48.221897+00:00,83806,WHATSAPP_NUDGE,0.03333333333333333,0,0.29152542372881357,0.5241843732205022,0.06758848748336102,0.0,1.0,-0.9998622768618834,0.01659600278893773,0.875,7.0,-0.5990323654313375,377.0174049634264,1.0,0.0
evt_pay_004304_0,cust_042,pay_004304,2026-06-25T18:34:05.422694+00:00,219899,RETRY_NOW,0.8333333333333334,1,0.40119760479041916,1.890157860447592,-0.15353094448139046,0.0,1.0,-0.9889574979066098,0.1481994174560001,0.875,5.0,0.21388002896855346,382.7032590395445,1.0,0.0
evt_pay_003025_0,cust_038,pay_003025,2026-06-25T18:47:04.266360+00:00,39772,RETRY_LATER,0.8333333333333334,1,0.5176056338028169,3.3763596242082485,-0.307966886638085,0.0,1.0,-0.9789822437874875,0.20394549847647123,0.9166666666666666,2.0,2.4957647172129915,383.73959542216335,0.0,1.0
evt_pay_006107_1,cust_018,pay_006107,2026-06-25T18:55:07.061587+00:00,138462,WHATSAPP_NUDGE,0.8333333333333334,0,0.27835051546391754,0.08333333333333333,-0.12748186241555046,1.0,1.0,-0.9712198821676307,0.23818467726177026,0.8695652173913043,0.0,-0.4554811204429685,361.4104949664593,1.0,0.0
evt_pay_001071_0,cust_024,pay_001071,2026-06-25T19:26:35.744015+00:00,82695,RETRY_LATER,0.8333333333333334,0,0.21929824561403508,0.33655593884763374,-0.38830789346721784,0.0,1.0,-0.9294617504827267,0.36891849288099593,0.8823529411764706,13.0,-1.1653357768016162,371.4679953202538,0.0,1.0
evt_pay_005127_0,cust_032,pay_005127,2026-06-25T19:43:05.099342+00:00,283763,WHATSAPP_NUDGE,0.8333333333333334,0,0.2463768115942029,2.10089556812261,-0.3601319592494656,0.0,1.0,-0.9005370700562062,0.43477923760752824,0.875,3.0,0.2905055503479753,381.2849427752887,0.0,0.0
evt_pay_001991_0,cust_012,pay_001991,2026-06-25T19:49:53.504117+00:00,574293,WHATSAPP_NUDGE,0.03333333333333333,1,0.5641025641025641,1.3169491323355942,0.1724934596026322,0.0,1.0,-0.8872288614491005,0.46132954318115466,0.7777777777777778,3.0,-0.5006574979571285,366.03240064043,0.0,0.0
evt_pay_000570_0,cust_010,pay_000570,2026-06-25T19:50:05.614410+00:00,97901,RETRY_LATER,0.8333333333333334,0,0.3087818696883853,0.3907748503726225,0.6816520917795447,0.0,1.0,-0.886822231249554,0.4621107336575971,0.8695652173913043,10.0,-0.045395759303349575,385.7720535325273,0.0,1.0
evt_pay_000694_1,cust_055,pay_000694,2026-06-25T19:53:31.516445+00:00,377334,WHATSAPP_NUDGE,0.8333333333333334,0,0.2945945945945946,0.08333333333333333,0.5943788323486269,1.0,1.0,-0.8798036049616353,0.4753373714494903,0.88,11.0,-1.0480965437343166,382.77785073753876,1.0,0.0
evt_pay_003978_1,cust_019,pay_003978,2026-06-25T20:02:00.285880+00:00,118109,RETRY_LATER,0.03333333333333333,0,0.3993610223642173,0.08333333333333333,-0.037387027147836545,1.0,1.0,-0.8616186086541345,0.5075562759152066,0.8333333333333334,6.0,-0.5137657855739247,362.2439782758548,0.0,1.0
evt_pay_004023_2,cust_058,pay_004023,2026-06-25T20:22:38.116221+00:00,256187,ESCALATE_HUMAN,0.8333333333333334,0,0.31952662721893493,0.20184989749888396,0.16088842689123403,2.0,1.0,-0.8125027482227037,0.5829573604737773,0.875,7.0,4.286983765334936,374.8131648666402,0.0,1.0
evt_pay_007566_0,cust_049,pay_007566,2026-06-25T20:29:42.048292+00:00,274866,WHATSAPP_NUDGE,0.8333333333333334,0,0.29780564263322884,0.39634178706652773,-0.514587097405076,0.0,1.0,-0.7941473929498722,0.6077251996346056,0.8846153846153846,15.0,0.2100296838614713,358.7348737486189,0.0,0.0
evt_pay_006429_0,cust_052,pay_006429,2026-06-25T20:38:36.179605+00:00,182602,RETRY_LATER,0.8333333333333334,0,0.45318352059925093,3.289231389939611,0.7221066864315899,0.0,1.0,-0.7699483577046953,0.6381062031259707,0.7,3.0,-1.0656726581061444,385.7349333891405,0.0,1.0
evt_pay_003317_0,cust_007,pay_003317,2026-06-25T21:02:03.589144+00:00,299336,RETRY_LATER,0.8333333333333334,0,0.32432432432432434,0.6371225005726728,-0.13898956279146757,0.0,1.0,-0.7007230749859685,0.7134333691258131,0.8571428571428572,5.0,-0.46533070623945577,384.9747370104383,0.0,1.0
evt_pay_001051_0,cust_020,pay_001051,2026-06-25T21:07:19.050084+00:00,68867,WHATSAPP_NUDGE,0.8333333333333334,0,0.2657894736842105,1.043512119484338,0.3535944919267303,0.0,1.0,-0.6841732762382157,0.7293194965729809,0.8666666666666667,5.0,0.06752823759169156,371.1185018799924,0.0,0.0
evt_pay_004993_2,cust_049,pay_004993,2026-06-25T21:22:29.468173+00:00,463668,ESCALATE_HUMAN,0.8333333333333334,0,0.296875,0.03665995232252802,1.0944834512677786,2.0,1.0,-0.6344231803065298,0.7729859172648286,0.8846153846153846,16.0,0.2100296838614713,358.77153370094146,0.0,0.0
evt_pay_001071_1,cust_024,pay_001071,2026-06-25T21:26:35.744015+00:00,116848,WHATSAPP_NUDGE,0.8333333333333334,0,0.21865889212827988,0.08333333333333333,0.6313060594802123,1.0,1.0,-0.620478241323497,0.7842236620021741,0.8888888888888888,13.0,-1.1653357768016162,371.5513286535872,0.0,0.0
evt_pay_006123_0,cust_049,pay_006123,2026-06-25T21:26:59.030714+00:00,324685,RETRY_LATER,0.8333333333333334,0,0.29595015576323985,0.0031199368227134983,-0.0900070014123597,0.0,1.0,-0.6191493035432881,0.7852732899582548,0.8846153846153846,16.0,0.2100296838614713,358.7746536377642,0.0,1.0
evt_pay_005127_1,cust_032,pay_005127,2026-06-25T21:43:05.099342+00:00,297763,DO_NOTHING,0.03333333333333333,0,0.24566473988439305,0.08333333333333333,-0.23694176847633494,1.0,1.0,-0.5624983609145177,0.8267983998342529,0.8888888888888888,4.0,0.2905055503479753,381.368276108622,0.0,0.0
evt_pay_004668_0,cust_007,pay_004668,2026-06-25T21:45:10.194082+00:00,282228,PAYMENT_LINK,0.03333333333333333,0,0.3230769230769231,0.029937557158291384,-0.2943427654560192,0.0,1.0,-0.5549536832210636,0.8318812472218468,0.8666666666666667,4.0,-0.46533070623945577,385.0046745675965,0.0,1.0
evt_pay_007530_2,cust_013,pay_007530,2026-06-25T21:56:25.857981+00:00,174819,ESCALATE_HUMAN,0.8333333333333334,0,0.25,0.4497707454279028,0.047940010241770865,2.0,1.0,-0.5134253088883864,0.8581342856411606,0.8947368421052632,9.0,-0.5595801808996762,357.5164586901771,1.0,0.0
evt_pay_006429_1,cust_052,pay_006429,2026-06-25T22:38:36.179605+00:00,155645,WHATSAPP_NUDGE,0.8333333333333334,0,0.45149253731343286,0.08333333333333333,0.1937042594208582,1.0,1.0,-0.34774173581138856,0.9375903610718715,0.7272727272727273,3.0,-1.0656726581061444,385.8182667224739,0.0,1.0
evt_pay_003928_0,cust_038,pay_003928,2026-06-25T22:45:21.190522+00:00,34176,WHATSAPP_NUDGE,0.8333333333333334,0,0.519298245614035,3.5418332834880175,-0.6666337892708634,0.0,1.0,-0.31997984761473863,0.9474243490223632,0.8571428571428572,2.0,2.4957647172129915,383.9050690814431,0.0,0.0
evt_pay_003598_0,cust_011,pay_003598,2026-06-25T22:51:03.799931+00:00,61075,RETRY_NOW,0.8333333333333334,1,0.49310344827586206,3.0354022245255314,0.0867057524347295,0.0,1.0,-0.29627765461723227,0.9551018539268532,0.875,6.0,-0.306212897974724,360.67149582174414,1.0,0.0
evt_pay_003317_1,cust_007,pay_003317,2026-06-25T23:02:03.589144+00:00,378311,WHATSAPP_NUDGE,0.8333333333333334,0,0.3218390804597701,0.05339577617504195,0.5781506353154501,1.0,1.0,-0.2501272993928909,0.9682129590634589,0.8235294117647058,5.0,-0.46533070623945577,385.0580703437716,0.0,0.0
evt_pay_000245_0,cust_005,pay_000245,2026-06-25T23:20:35.116959+00:00,126426,RETRY_LATER,0.8333333333333334,0,0.2551928783382789,1.233754551633903,-0.09758440898283822,0.0,1.0,-0.17113263441874615,0.9852479999659476,0.8888888888888888,1.0,-0.6412832630166057,376.6497466253996,0.0,1.0
evt_pay_004668_1,cust_007,pay_004668,2026-06-25T23:45:10.194082+00:00,370012,ESCALATE_HUMAN,0.03333333333333333,0,0.32061068702290074,0.029937557158291384,0.5027944954019544,1.0,1.0,-0.06466336398225946,0.9979071346365341,0.8823529411764706,5.0,-0.46533070623945577,385.0880079009298,0.0,1.0
evt_pay_004687_0,cust_005,pay_004687,2026-06-25T23:57:09.205116+00:00,124985,RETRY_NOW,0.03333333333333333,0,0.25443786982248523,0.02539453885257596,-0.12904225431471494,0.0,1.0,-0.012420235096326688,0.9999228659052417,0.8888888888888888,1.0,-0.6412832630166057,376.6751411642522,0.0,1.0
evt_pay_004194_0,cust_053,pay_004194,2026-06-26T00:13:07.707503+00:00,247687,RETRY_NOW,0.8333333333333334,0,0.3270440251572327,1.656887800055453,-0.6460170225470504,0.0,1.0,0.057252382594091274,0.9983597371124798,0.8823529411764706,5.0,-0.06914381847567465,356.9934755601959,1.0,0.0
evt_pay_003139_2,cust_023,pay_003139,2026-06-26T00:34:06.214452+00:00,73534,DO_NOTHING,0.03333333333333333,0,0.37341772151898733,0.9166666666666666,-0.3594526406392466,2.0,1.0,0.14825635967405798,0.988948963200931,0.75,9.0,0.9385908116339667,380.27594806490333,0.0,1.0
evt_pay_003928_1,cust_038,pay_003928,2026-06-26T00:45:21.190522+00:00,42970,WHATSAPP_NUDGE,0.8333333333333334,0,0.5174825174825175,0.08333333333333333,-0.10299533461696178,1.0,1.0,0.196601497777744,0.9804834782246704,0.8636363636363636,3.0,2.4957647172129915,383.98840241477643,1.0,0.0
evt_pay_008482_0,cust_003,pay_008482,2026-06-26T00:57:12.678276+00:00,237495,RETRY_LATER,0.8333333333333334,1,0.47761194029850745,1.685974158312926,0.22378351485577025,0.0,1.0,0.24704680970251014,0.9690035468540926,0.8928571428571429,2.0,2.053947620637407,362.07039202814593,0.0,1.0
evt_pay_000915_0,cust_035,pay_000915,2026-06-26T00:58:27.521760+00:00,41076,RETRY_NOW,0.8333333333333334,0,0.2605042016806723,1.2533303182118896,-0.18021491603426953,0.0,1.0,0.2523171896181701,0.9676445813537057,1.0,5.0,0.5026080740568922,359.9763302346505,1.0,0.0
evt_pay_003545_2,cust_016,pay_003545,2026-06-26T01:03:29.282795+00:00,110809,ESCALATE_HUMAN,0.8333333333333334,0,0.2885714285714286,0.5094852945606286,-0.13706457666044253,2.0,1.0,0.27348938605599904,0.9618750208393566,0.8823529411764706,8.0,-0.5381138706705891,378.8237341675296,0.0,1.0
evt_pay_000669_2,cust_013,pay_000669,2026-06-26T01:48:09.544445+00:00,152078,ESCALATE_HUMAN,0.8333333333333334,0,0.24926686217008798,0.16092229703709413,-0.3299634035925504,2.0,1.0,0.4546088305218141,0.8906911985708562,0.8823529411764706,9.0,-0.5595801808996762,357.6773809872141,1.0,0.0
evt_pay_002028_0,cust_029,pay_002028,2026-06-26T02:33:33.101369+00:00,43121,RETRY_LATER,0.8333333333333334,0,0.3735294117647059,4.963376800895276,-0.1034482472176436,0.0,1.0,0.620982568267059,0.7838243744031231,0.8571428571428572,4.0,-0.8256115037842402,360.11992008680573,0.0,1.0
evt_pay_000163_0,cust_006,pay_000163,2026-06-26T03:26:57.659380+00:00,151230,WHATSAPP_NUDGE,0.8333333333333334,1,0.3652173913043478,4.650608813114975,0.46319525931064426,0.0,1.0,0.7852115406036085,0.6192276128395016,0.8571428571428572,2.0,-0.3286363658753921,378.79212355410755,0.0,0.0
evt_pay_005389_2,cust_040,pay_005389,2026-06-26T04:31:42.202032+00:00,189544,ESCALATE_HUMAN,0.8333333333333334,0,0.45733788395904434,0.9166666666666666,-0.3664909173748419,2.0,1.0,0.9266982229786713,0.3758063377967073,0.8620689655172413,7.0,-0.492492512121923,375.3179270059342,0.0,0.0
evt_pay_002028_1,cust_029,pay_002028,2026-06-26T04:33:33.101369+00:00,52080,RETRY_LATER,0.03333333333333333,0,0.3724340175953079,0.08333333333333333,0.4686870664123832,1.0,1.0,0.929698866628139,0.36832053620502025,0.8620689655172413,4.0,-0.8256115037842402,360.2032534201391,0.0,1.0
evt_pay_002200_0,cust_009,pay_002200,2026-06-26T04:46:15.302784+00:00,114172,WHATSAPP_NUDGE,0.03333333333333333,0,0.2586750788643533,3.282545296651809,-0.11465008708886758,0.0,1.0,0.9486761803672084,0.316249118265781,1.0,4.0,-0.8984355580750027,358.8156594903024,1.0,0.0
evt_pay_006729_0,cust_052,pay_006729,2026-06-26T04:48:21.391625+00:00,113451,RETRY_LATER,0.8333333333333334,0,0.44981412639405205,0.256773287272343,-0.6333494993407854,0.0,1.0,0.9515360853972589,0.30753711676293705,0.6666666666666667,4.0,-1.0656726581061444,386.07504000974626,0.0,1.0
evt_pay_001230_2,cust_055,pay_001230,2026-06-26T05:41:07.698318+00:00,301934,RETRY_LATER,0.03333333333333333,0,0.29380053908355797,0.4080576605715199,-0.09531841197147083,2.0,1.0,0.9966117054647706,0.08225027982080865,0.8666666666666667,12.0,-1.0480965437343166,383.18590839811026,0.0,1.0
evt_pay_001729_0,cust_020,pay_001729,2026-06-26T05:42:17.119971+00:00,45872,WHATSAPP_NUDGE,0.8333333333333334,1,0.2650918635170604,0.3576165496156136,-0.7184735889597007,0.0,1.0,0.9970142426150321,0.07721787372606054,0.9166666666666666,6.0,0.06752823759169156,371.476118429608,0.0,0.0
evt_pay_000634_0,cust_025,pay_000634,2026-06-26T05:53:12.179464+00:00,227000,RETRY_NOW,0.8333333333333334,0,0.4491803278688525,2.9980988186440527,0.14307559225199787,0.0,1.0,0.999560247208909,0.029653198809989286,0.8095238095238095,6.0,0.10753773716001852,362.92909202629215,1.0,0.0
evt_pay_007518_0,cust_025,pay_007518,2026-06-26T05:56:13.879547+00:00,189052,PAYMENT_LINK,0.03333333333333333,0,0.4477124183006536,0.0021030102124086625,-0.35847618211208565,0.0,1.0,0.9998648014092887,0.01644320232690976,0.8181818181818181,6.0,0.10753773716001852,362.93119503650456,0.0,0.0
evt_pay_005174_0,cust_031,pay_005174,2026-06-26T06:21:24.434415+00:00,47251,WHATSAPP_NUDGE,0.8333333333333334,0,0.28273809523809523,0.907786932567395,-0.346835995324134,0.0,1.0,0.9956407644277402,-0.09327093979233358,0.8571428571428572,5.0,-0.07508066613848166,379.6003598543704,0.0,0.0
evt_pay_002200_1,cust_009,pay_002200,2026-06-26T06:46:15.302784+00:00,113678,WHATSAPP_NUDGE,0.8333333333333334,0,0.2578616352201258,0.08333333333333333,-0.12650651517740516,1.0,1.0,0.979702231296081,-0.20045831984100876,1.0,5.0,-0.8984355580750027,358.89899282363575,0.0,0.0
evt_pay_006729_1,cust_052,pay_006729,2026-06-26T06:48:21.391625+00:00,144214,WHATSAPP_NUDGE,0.8333333333333334,0,0.44814814814814813,0.08333333333333333,-0.030363738338179905,1.0,1.0,0.9778229809530937,-0.20943308697530488,0.7,4.0,-1.0656726581061444,386.1583733430796,1.0,0.0
evt_pay_008200_0,cust_000,pay_008200,2026-06-26T06:57:40.975750+00:00,149389,RETRY_LATER,0.8333333333333334,1,0.36421725239616615,1.1315352616181826,0.4956541340312296,0.0,1.0,0.9684931100949848,-0.24904034953907261,0.7272727272727273,7.0,0.8132490481077264,375.9452661305514,0.0,1.0
evt_pay_005260_0,cust_022,pay_005260,2026-06-26T07:12:58.475413+00:00,98653,RETRY_LATER,0.8333333333333334,0,0.34579439252336447,4.915201988771059,-0.3473721068325889,0.0,1.0,0.949733841180322,-0.313058510372855,1.0,2.0,-0.6143468879245073,365.30704770500125,0.0,1.0
evt_pay_000634_1,cust_025,pay_000634,2026-06-26T07:53:12.179464+00:00,281792,WHATSAPP_NUDGE,0.8333333333333334,0,0.44625407166123776,0.08123032312092467,0.867250077312036,1.0,1.0,0.8804711661009633,-0.47409970013153335,0.8947368421052632,7.0,0.10753773716001852,363.01242535962547,0.0,1.0
evt_pay_004365_0,cust_018,pay_004365,2026-06-26T08:33:57.753122+00:00,134101,WHATSAPP_NUDGE,0.8333333333333334,1,0.2773972602739726,0.5686422631342415,-0.21344863516168408,0.0,1.0,0.7827098638010219,-0.6223867520349271,0.88,1.0,-0.4554811204429685,361.97913722959356,0.0,0.0
evt_pay_007819_0,cust_024,pay_007819,2026-06-26T08:52:46.002340+00:00,111938,WHATSAPP_NUDGE,0.8333333333333334,0,0.2180232558139535,0.4765076195057721,0.48470300138601563,0.0,1.0,0.7290680665734132,-0.6844411985721675,0.9230769230769231,13.0,-1.1653357768016162,372.027836273093,0.0,0.0
evt_pay_002619_2,cust_021,pay_002619,2026-06-26T09:01:04.187113+00:00,193333,ESCALATE_HUMAN,0.8333333333333334,0,0.26119402985074625,0.9166666666666666,-0.28851678648264995,2.0,1.0,0.7037984436223982,-0.7103997119612944,0.6666666666666667,4.0,-0.0711177391970671,372.82458927210104,0.0,0.0
evt_pay_006050_0,cust_032,pay_006050,2026-06-26T09:07:50.076802+00:00,361068,RETRY_LATER,0.8333333333333334,0,0.24495677233429394,0.47552057245028817,0.32012073335408897,0.0,1.0,0.6825259531204444,-0.7308613571102449,0.8461538461538461,4.0,0.2905055503479753,381.8437966810723,0.0,1.0
evt_pay_002599_2,cust_013,pay_002599,2026-06-26T09:08:45.665576+00:00,178857,ESCALATE_HUMAN,0.8333333333333334,0,0.24853801169590642,0.30597362420166974,0.11504400415808343,2.0,1.0,0.679565855444038,-0.7336145092039912,0.9285714285714286,9.0,-0.5595801808996762,357.9833546114158,1.0,0.0
evt_pay_005260_1,cust_022,pay_005260,2026-06-26T09:12:58.475413+00:00,90990,WHATSAPP_NUDGE,0.8333333333333334,0,0.3447204968944099,0.08333333333333333,-0.5423021267687933,1.0,1.0,0.6659643781095067,-0.7459835434439677,1.0,2.0,-0.6143468879245073,365.3903810383346,0.0,0.0
evt_pay_003057_0,cust_056,pay_003057,2026-06-26T09:13:23.924411+00:00,198130,RETRY_LATER,0.8333333333333334,0,0.23563218390804597,1.5076521757931687,0.6954909776240439,0.0,1.0,0.6645826441358432,-0.7472147677297413,0.8823529411764706,7.0,-0.26273729270347856,368.33975134922383,0.0,1.0
evt_pay_001901_0,cust_027,pay_001901,2026-06-26T10:07:21.338964+00:00,81346,DO_NOTHING,0.03333333333333333,0,0.2797427652733119,0.9068394223431065,0.0618901818737264,0.0,1.0,0.4719521198775041,-0.8816241810108942,0.8518518518518519,5.0,-0.8172299270627982,359.5636882719316,0.0,0.0
evt_pay_001108_0,cust_025,pay_001108,2026-06-26T10:07:37.114665+00:00,230498,RETRY_LATER,0.8333333333333334,0,0.4448051948051948,0.09334415741553433,0.18929726884832632,0.0,1.0,0.4709403738233182,-0.8821650436869244,0.8888888888888888,8.0,0.10753773716001852,363.105769517041,0.0,1.0
evt_pay_006191_0,cust_008,pay_006191,2026-06-26T10:14:21.364162+00:00,197067,WHATSAPP_NUDGE,0.03333333333333333,0,0.3247588424437299,1.0027957009735549,-0.2161094713603496,0.0,1.0,0.4448068642005265,-0.8956265145472717,0.8181818181818181,3.0,0.4190160498383978,372.8908954107557,0.0,1.0
evt_pay_001714_0,cust_017,pay_001714,2026-06-26T10:32:43.764882+00:00,501561,RETRY_NOW,0.8333333333333334,0,0.2735562310030395,0.8362080782335397,-0.05711857266825147,0.0,1.0,0.37165377897846197,-0.9283714065884562,0.8461538461538461,6.0,0.5027156808516637,380.0010039799959,1.0,0.0
evt_pay_002409_0,cust_059,pay_002409,2026-06-26T10:34:37.312203+00:00,140735,RETRY_NOW,0.8333333333333334,1,0.3531468531468531,2.572818722059234,-0.42569577110184664,0.0,1.0,0.36397526699302807,-0.9314086133472,0.6666666666666667,3.0,-0.38878117849020055,369.06130159162126,1.0,0.0
evt_pay_005968_0,cust_001,pay_005968,2026-06-26T10:42:22.750239+00:00,500357,PAYMENT_LINK,0.8333333333333334,0,0.2740112994350282,1.7561889111663807,-0.14624998858265045,0.0,1.0,0.3322468554630828,-0.9431924655312368,0.9230769230769231,2.0,0.16534712408787333,368.99919875972637,0.0,0.0
evt_pay_007819_1,cust_024,pay_007819,2026-06-26T10:52:46.002340+00:00,105209,WHATSAPP_NUDGE,0.8333333333333334,0,0.21739130434782608,0.08333333333333333,0.2838240448646179,1.0,1.0,0.28917086745449655,-0.9572774986468731,0.9285714285714286,13.0,-1.1653357768016162,372.1111696064263,0.0,0.0
evt_pay_006050_1,cust_032,pay_006050,2026-06-26T11:07:50.076802+00:00,313315,WHATSAPP_NUDGE,0.8333333333333334,0,0.2442528735632184,0.08333333333333333,-0.10008838132934263,1.0,1.0,0.22565413558936948,-0.9742074784620648,0.8461538461538461,4.0,0.2905055503479753,381.9271300144057,0.0,0.0
evt_pay_003057_1,cust_056,pay_003057,2026-06-26T11:13:23.924411+00:00,157140,WHATSAPP_NUDGE,0.8333333333333334,0,0.2349570200573066,0.08333333333333333,-0.039490995582110305,1.0,1.0,0.20193806887100307,-0.9793982930047663,0.8888888888888888,7.0,-0.26273729270347856,368.42308468255715,0.0,0.0
evt_pay_000138_0,cust_055,pay_000138,2026-06-26T11:54:17.909716+00:00,324718,ESCALATE_HUMAN,0.03333333333333333,0,0.29301075268817206,0.2591459652549399,0.11308979711598258,0.0,1.0,0.024874941460069574,-0.999690570770455,0.8846153846153846,12.0,-1.0480965437343166,383.4450543633652,0.0,0.0
evt_pay_007186_0,cust_052,pay_007186,2026-06-26T12:07:01.998771+00:00,196353,ESCALATE_HUMAN,0.03333333333333333,1,0.44649446494464945,0.22130332345144174,0.9916462698514741,0.0,1.0,-0.03068379984274496,-0.9995291413596756,0.5833333333333333,5.0,-1.0656726581061444,386.379676666531,0.0,0.0
evt_pay_002990_0,cust_054,pay_002990,2026-06-26T12:08:46.574630+00:00,93343,WHATSAPP_NUDGE,0.8333333333333334,0,0.4311377245508982,3.6490252521352127,-0.1597438288484625,0.0,1.0,-0.038284229456055745,-0.9992668901624611,0.9166666666666666,2.0,-0.6956354929968003,372.9626759598025,0.0,0.0
evt_pay_006191_1,cust_008,pay_006191,2026-06-26T12:14:21.364162+00:00,183168,WHATSAPP_NUDGE,0.8333333333333334,0,0.32371794871794873,0.08333333333333333,-0.40237579352525293,1.0,1.0,-0.06259921309828476,-0.9980387460011136,0.8333333333333334,4.0,0.4190160498383978,372.97422874408903,0.0,0.0
evt_pay_007258_0,cust_033,pay_007258,2026-06-26T12:20:21.711911+00:00,79093,WHATSAPP_NUDGE,0.8333333333333334,0,0.6115107913669064,0.7656149289834578,-0.024627274582246995,0.0,1.0,-0.08872855986255249,-0.9960558431457132,0.8888888888888888,4.0,-0.3958893149650273,361.2576762432889,0.0,0.0
evt_pay_006788_2,cust_017,pay_006788,2026-06-26T12:28:35.386923+00:00,622387,PAYMENT_LINK,0.8333333333333334,0,0.2727272727272727,0.08045858843312696,0.617403126495204,2.0,1.0,-0.12442316490817538,-0.9922292457059674,0.88,6.0,0.5027156808516637,380.08146256842906,0.0,0.0
evt_pay_001714_1,cust_017,pay_001714,2026-06-26T12:32:43.764882+00:00,445465,WHATSAPP_NUDGE,0.8333333333333334,0,0.2719033232628399,0.0028747449002063754,-0.37028258921541435,1.0,1.0,-0.14232408928639284,-0.989820111741926,0.88,7.0,0.5027156808516637,380.0843373133293,0.0,1.0
evt_pay_003251_0,cust_017,pay_003251,2026-06-26T13:03:38.855965+00:00,588226,PAYMENT_LINK,0.8333333333333334,0,0.2710843373493976,0.021470961601191146,0.42670004389034083,0.0,1.0,-0.27415895839136845,-0.96168438977336,0.8846153846153846,8.0,0.5027156808516637,380.1058082749305,0.0,0.0
evt_pay_006982_0,cust_034,pay_006982,2026-06-26T13:23:22.507107+00:00,64698,WHATSAPP_NUDGE,0.8333333333333334,1,0.375,1.2318659611861449,0.5601807943181472,0.0,1.0,-0.35582115743272724,-0.9345540668806884,0.8947368421052632,3.0,-0.5369784473169031,370.67075448010695,0.0,0.0
evt_pay_002488_0,cust_023,pay_002488,2026-06-26T13:54:27.163420+00:00,84851,WHATSAPP_NUDGE,0.8333333333333334,0,0.3722397476340694,0.5557980204685767,0.024965818133778423,0.0,1.0,-0.47889382562092375,-0.8778728289348955,0.5384615384615384,9.0,0.9385908116339667,380.83174608537183,0.0,0.0
evt_pay_001478_0,cust_006,pay_001478,2026-06-26T13:55:13.609324+00:00,131799,WHATSAPP_NUDGE,0.8333333333333334,0,0.3670520231213873,5.086904530064392,0.03657208933717,0.0,1.0,-0.4818562279071073,-0.8762502927971744,0.85,3.0,-0.3286363658753921,379.2284192710569,0.0,0.0
evt_pay_008368_2,cust_030,pay_008368,2026-06-26T14:06:17.426393+00:00,146227,ESCALATE_HUMAN,0.8333333333333334,0,0.3436619718309859,0.9166666666666666,-0.44135958447708273,2.0,1.0,-0.5235786812684732,-0.8519773262952287,0.8333333333333334,6.0,1.7722569671050512,357.5318962676459,1.0,0.0
evt_pay_002990_1,cust_054,pay_002990,2026-06-26T14:08:46.574630+00:00,101352,DO_NOTHING,0.03333333333333333,0,0.4298507462686567,0.08333333333333333,0.07169629533665131,1.0,1.0,-0.5327885603544872,-0.8462483973133379,1.0,3.0,-0.6956354929968003,373.0460092931358,0.0,1.0
evt_pay_007258_1,cust_033,pay_007258,2026-06-26T14:20:21.711911+00:00,71531,WHATSAPP_NUDGE,0.8333333333333334,1,0.6093189964157706,0.08333333333333333,-0.2954514209533688,1.0,1.0,-0.5748691084550351,-0.8182453838208396,0.85,5.0,-0.3958893149650273,361.3410095766223,0.0,1.0
evt_pay_008557_0,cust_036,pay_008557,2026-06-26T14:27:34.589627+00:00,310456,RETRY_LATER,0.8333333333333334,0,0.3987730061349693,2.6049666071767206,-0.24089601651856304,0.0,1.0,-0.6003382023613902,-0.7997462364934858,1.0,4.0,-0.5882553306323993,368.0438663580638,0.0,1.0
evt_pay_005980_0,cust_057,pay_005980,2026-06-26T14:43:08.715969+00:00,88798,RETRY_NOW,0.03333333333333333,0,0.2905405405405405,0.8606538665666221,0.2417752294590306,0.0,1.0,-0.6532397986597797,-0.7571510849539413,1.0,7.0,-0.5990323654313375,377.87805882999305,0.0,1.0
evt_pay_006391_0,cust_032,pay_006391,2026-06-26T15:02:19.270649+00:00,333914,WHATSAPP_NUDGE,0.8333333333333334,0,0.24355300859598855,0.16283789175448268,0.08117748928023046,0.0,1.0,-0.7142320035042581,-0.6999090263529207,0.92,5.0,0.2905055503479753,382.08996790616015,0.0,0.0
evt_pay_003251_1,cust_017,pay_003251,2026-06-26T15:03:38.855965+00:00,671366,RETRY_LATER,0.03333333333333333,0,0.2702702702702703,0.08333333333333333,0.8908345836753664,1.0,1.0,-0.7182708175286858,-0.6957636327709815,0.9230769230769231,9.0,0.5027156808516637,380.1891416082638,0.0,1.0
evt_pay_008199_0,cust_017,pay_008199,2026-06-26T15:13:42.188929+00:00,571801,PAYMENT_LINK,0.8333333333333334,0,0.2694610778443114,0.006983020421368262,0.33500275686123426,0.0,1.0,-0.748096829102414,-0.6635895827142809,0.9259259259259259,9.0,0.5027156808516637,380.19612462868514,0.0,0.0
evt_pay_003195_0,cust_017,pay_003195,2026-06-26T15:28:17.436021+00:00,460735,ESCALATE_HUMAN,0.03333333333333333,1,0.26865671641791045,0.010130174675130851,-0.285038419573114,0.0,1.0,-0.7887907683528376,-0.6146617962435441,0.9285714285714286,10.0,0.5027156808516637,380.2062548033603,0.0,1.0
evt_pay_002488_1,cust_023,pay_002488,2026-06-26T15:54:27.163420+00:00,103681,WHATSAPP_NUDGE,0.8333333333333334,0,0.3710691823899371,0.08333333333333333,0.6645362470892898,1.0,1.0,-0.8536706331706829,-0.5208132583392682,0.5384615384615384,10.0,0.9385908116339667,380.91507941870515,0.0,0.0
evt_pay_005008_0,cust_002,pay_005008,2026-06-26T16:21:26.308080+00:00,287487,WHATSAPP_NUDGE,0.8333333333333334,0,0.32298136645962733,6.225318180754964,-0.18464463765437467,0.0,1.0,-0.9089424817521778,-0.41692153322440884,0.896551724137931,1.0,-0.38277421977533765,365.76409989630065,0.0,0.0
evt_pay_008557_1,cust_036,pay_008557,2026-06-26T16:27:34.589627+00:00,400181,WHATSAPP_NUDGE,0.8333333333333334,0,0.39755351681957185,0.08333333333333333,0.51522862150486,1.0,1.0,-0.91978125235399,-0.3924314562036608,1.0,4.0,-0.5882553306323993,368.12719969139715,1.0,0.0
evt_pay_005980_1,cust_057,pay_005980,2026-06-26T16:43:08.715969+00:00,73906,WHATSAPP_NUDGE,0.8333333333333334,0,0.2895622895622896,0.08333333333333333,-0.2779342536319387,1.0,1.0,-0.9442978028793717,-0.3290921747431732,1.0,7.0,-0.5990323654313375,377.96139216332637,0.0,1.0
evt_pay_005296_0,cust_038,pay_005296,2026-06-26T16:49:17.695040+00:00,37054,RETRY_LATER,0.8333333333333334,0,0.5156794425087108,0.669403987475827,-0.48216253435175016,0.0,1.0,-0.9527873163540648,-0.303638485365112,0.7647058823529411,4.0,2.4957647172129915,384.6578064022522,0.0,1.0
evt_pay_006391_1,cust_032,pay_006391,2026-06-26T17:02:19.270649+00:00,330913,WHATSAPP_NUDGE,0.8333333333333334,0,0.24285714285714285,0.08333333333333333,0.05477361030652625,1.0,1.0,-0.9684975724070042,-0.24902299540753214,0.896551724137931,6.0,0.2905055503479753,382.17330123949347,0.0,0.0
evt_pay_008461_0,cust_035,pay_008461,2026-06-26T17:10:27.525708+00:00,46970,WHATSAPP_NUDGE,0.8333333333333334,0,0.25977653631284914,0.675000045688042,0.20388858181955183,0.0,1.0,-0.9767273036607615,-0.21448490455875568,1.0,5.0,0.5026080740568922,360.6513302803385,0.0,0.0
evt_pay_004473_0,cust_016,pay_004473,2026-06-26T17:42:10.380328+00:00,75811,RETRY_NOW,0.8333333333333334,0,0.28774928774928776,0.6935312214469983,-0.9961630780438455,0.0,1.0,-0.9969762767907816,-0.07770652171079875,0.8181818181818181,6.0,-0.5381138706705891,379.51726538897657,1.0,0.0
evt_pay_000694_2,cust_055,pay_000694,2026-06-26T17:53:31.516445+00:00,430904,ESCALATE_HUMAN,0.8333333333333334,0,0.29222520107238603,0.2494630408402069,1.084388070365225,2.0,1.0,-0.9996009579626501,-0.028247563437439425,0.9,12.0,-1.0480965437343166,383.69451740420544,0.0,0.0
evt_pay_000600_0,cust_002,pay_000600,2026-06-26T18:08:29.529035+00:00,329244,WHATSAPP_NUDGE,0.8333333333333334,0,0.3219814241486068,0.07434283511918238,0.20352691751088298,0.0,1.0,-0.9993135791949038,0.037045518442461005,0.9,2.0,-0.38277421977533765,365.8384427314199,0.0,0.0
evt_pay_005008_1,cust_002,pay_005008,2026-06-26T18:21:26.308080+00:00,288002,WHATSAPP_NUDGE,0.8333333333333334,0,0.32098765432098764,0.008990498214150952,-0.17986407996542256,1.0,1.0,-0.9956280463884639,0.0934066017189933,0.9032258064516129,3.0,-0.38277421977533765,365.84743322963396,0.0,1.0
evt_pay_008461_1,cust_035,pay_008461,2026-06-26T19:10:27.525708+00:00,46214,WHATSAPP_NUDGE,0.8333333333333334,0,0.2590529247910863,0.08333333333333333,0.15461143287959425,1.0,1.0,-0.9531131098194748,0.30261427575421784,1.0,6.0,0.5026080740568922,360.7346636136719,0.0,1.0
evt_pay_001071_2,cust_024,pay_001071,2026-06-26T19:26:35.744015+00:00,117996,DO_NOTHING,0.03333333333333333,0,0.21676300578034682,0.35682571382756123,0.6655808263874755,2.0,1.0,-0.9294617504827267,0.36891849288099593,1.0,13.0,-1.1653357768016162,372.4679953202538,0.0,0.0
evt_pay_004672_0,cust_029,pay_004672,2026-06-26T19:28:42.157991+00:00,42734,WHATSAPP_NUDGE,0.8333333333333334,0,0.3713450292397661,0.6216325997930122,-0.12815930608443504,0.0,1.0,-0.9260310242270908,0.3774474031821189,0.9032258064516129,4.0,-0.8256115037842402,360.8248860199321,0.0,0.0
evt_pay_005428_0,cust_037,pay_005428,2026-06-26T19:39:25.972451+00:00,181554,WHATSAPP_NUDGE,0.03333333333333333,0,0.35842293906810035,3.745600223065329,0.3933523421305824,0.0,1.0,-0.9073508024924422,0.420374263265868,0.8333333333333334,2.0,-0.33341852366871827,364.4489141313566,0.0,1.0
evt_pay_004981_0,cust_027,pay_004981,2026-06-26T19:42:02.162189+00:00,68425,WHATSAPP_NUDGE,0.8333333333333334,0,0.27884615384615385,0.3990836021399673,-0.4017472393802693,0.0,1.0,-0.902517580124812,0.43065301295318215,0.90625,5.0,-0.8172299270627982,359.9627718740715,0.0,0.0
evt_pay_004473_1,cust_016,pay_004473,2026-06-26T19:42:10.380328+00:00,132251,WHATSAPP_NUDGE,0.8333333333333334,0,0.2869318181818182,0.08333333333333333,0.3892877884072064,1.0,1.0,-0.9022600435266421,0.43119231655411233,0.8461538461538461,6.0,-0.5381138706705891,379.60059872230994,1.0,0.0
evt_pay_000600_1,cust_002,pay_000600,2026-06-26T20:08:29.529035+00:00,288496,WHATSAPP_NUDGE,0.8333333333333334,0,0.32,0.07434283511918238,-0.17526280133471595,1.0,1.0,-0.8469081867083085,0.5317391496649883,0.9032258064516129,4.0,-0.38277421977533765,365.9217760647532,0.0,0.0
evt_pay_005367_0,cust_059,pay_005367,2026-06-26T20:09:45.474144+00:00,200355,RETRY_LATER,0.8333333333333334,1,0.3554006968641115,2.972218744526041,0.6043456761989143,0.0,1.0,-0.8439585516099726,0.536408392145758,0.7272727272727273,3.0,-0.38878117849020055,369.46070161408807,0.0,1.0
evt_pay_005442_0,cust_038,pay_005442,2026-06-26T20:18:36.043917+00:00,47466,WHATSAPP_NUDGE,0.8333333333333334,0,0.5138888888888888,0.14535126014736002,0.18514694651708102,0.0,1.0,-0.822638702201065,0.5685644779978322,0.8,4.0,2.4957647172129915,384.80315766239966,0.0,0.0
evt_pay_003239_0,cust_053,pay_003239,2026-06-26T20:35:09.083740+00:00,350013,WHATSAPP_NUDGE,0.8333333333333334,0,0.32601880877742945,0.8486270397751241,0.26746513526736854,0.0,1.0,-0.779470835307289,0.6264385180569256,1.0,5.0,-0.06914381847567465,357.842102599971,0.0,0.0
evt_pay_000758_0,cust_035,pay_000758,2026-06-26T20:54:24.779432+00:00,37345,WHATSAPP_NUDGE,0.8333333333333334,0,0.25833333333333336,0.07219043662511619,-0.42334068748690473,0.0,1.0,-0.7241327713233187,0.6896605900699345,1.0,7.0,0.5026080740568922,360.806854050297,0.0,0.0
evt_pay_007458_0,cust_007,pay_007458,2026-06-26T21:25:55.117162+00:00,280992,RETRY_LATER,0.8333333333333334,0,0.3193916349809886,0.903297720833469,-0.30556689575683393,0.0,1.0,-0.6227924936879367,0.7823870588180516,0.8333333333333334,5.0,-0.46533070623945577,385.99130562176333,0.0,1.0
evt_pay_004672_1,cust_029,pay_004672,2026-06-26T21:28:42.157991+00:00,37652,WHATSAPP_NUDGE,0.8333333333333334,0,0.37026239067055394,0.08333333333333333,-0.45268537144484217,1.0,1.0,-0.613242690082124,0.789894551861728,0.896551724137931,5.0,-0.8256115037842402,360.9082193532654,0.0,0.0
evt_pay_004139_0,cust_040,pay_004139,2026-06-26T21:54:26.588016+00:00,243332,RETRY_NOW,0.8333333333333334,0,0.4557823129251701,0.7241248377752451,0.3402910646512044,0.0,1.0,-0.5208489794032073,0.8536488391924617,0.896551724137931,5.0,-0.492492512121923,376.0420518437095,1.0,0.0
evt_pay_001697_0,cust_010,pay_001697,2026-06-26T22:01:17.614091+00:00,77061,RETRY_LATER,0.8333333333333334,0,0.307909604519774,1.0911111074222692,-0.07162981347191973,0.0,1.0,-0.49510399248134834,0.868833722083247,0.8,10.0,-0.045395759303349575,386.8631646399496,0.0,1.0
evt_pay_003239_1,cust_053,pay_003239,2026-06-26T22:35:09.083740+00:00,316152,WHATSAPP_NUDGE,0.8333333333333334,0,0.325,0.08333333333333333,-0.0348214015895432,1.0,1.0,-0.36182228585672477,0.9322470882000193,1.0,6.0,-0.06914381847567465,357.9254359333043,1.0,0.0
evt_pay_000758_1,cust_035,pay_000758,2026-06-26T22:54:24.779432+00:00,44523,PAYMENT_LINK,0.03333333333333333,0,0.25761772853185594,0.08333333333333333,0.04439904392992518,1.0,1.0,-0.2822870806438549,0.9593299766511885,1.0,8.0,0.5026080740568922,360.8901873836303,0.0,0.0
evt_pay_006466_0,cust_014,pay_006466,2026-06-26T23:01:54.351748+00:00,69285,WHATSAPP_NUDGE,0.8333333333333334,0,0.20202020202020202,1.2843212003222486,0.10483003717502962,0.0,1.0,-0.2507776519333843,0.968044714510016,0.8,10.0,-0.8122776257059364,381.71667959412935,0.0,0.0
evt_pay_005600_0,cust_011,pay_005600,2026-06-26T23:02:43.152748+00:00,51835,WHATSAPP_NUDGE,0.8333333333333334,0,0.4948453608247423,4.043496585829341,-0.3586487376888498,0.0,1.0,-0.24734057749483773,0.9689286035227365,0.9,4.0,-0.306212897974724,361.6795901830479,0.0,0.0
evt_pay_005615_0,cust_011,pay_005615,2026-06-26T23:07:15.865552+00:00,55073,RETRY_LATER,0.8333333333333334,0,0.4931506849315068,0.0031563981965518906,-0.20257690422445768,0.0,1.0,-0.22807717749479103,0.9736430563127381,0.9090909090909091,5.0,-0.306212897974724,361.68274658124443,0.0,1.0
evt_pay_005970_0,cust_011,pay_005970,2026-06-26T23:17:24.874439+00:00,62064,WHATSAPP_NUDGE,0.8333333333333334,0,0.49146757679180886,0.007048713967340821,0.13437461061786696,0.0,1.0,-0.18474655742270013,0.9827861972578069,0.9166666666666666,5.0,-0.306212897974724,361.68979529521175,0.0,0.0
evt_pay_002882_0,cust_005,pay_002882,2026-06-26T23:18:45.618572+00:00,142334,RETRY_LATER,0.8333333333333334,0,0.2536873156342183,0.9733381186961196,0.24963960011583047,0.0,1.0,-0.17897260396923798,0.9838540577892995,0.9,1.0,-0.6412832630166057,377.6484792829483,0.0,1.0
evt_pay_001198_0,cust_013,pay_001198,2026-06-26T23:21:56.004246+00:00,186641,RETRY_NOW,0.8333333333333334,0,0.2478134110787172,0.592480771641552,0.2444077943852782,0.0,1.0,-0.16533419318382103,0.9862376004616003,1.0,9.0,-0.5595801808996762,358.5758353830574,1.0,0.0
evt_pay_007458_1,cust_007,pay_007458,2026-06-26T23:25:55.117162+00:00,374635,WHATSAPP_NUDGE,0.8333333333333334,0,0.3181818181818182,0.08333333333333333,0.5447715357001494,1.0,1.0,-0.14816059141098764,0.9889633153725907,0.9230769230769231,5.0,-0.46533070623945577,386.07463895509665,0.0,1.0
evt_pay_001697_1,cust_010,pay_001697,2026-06-27T00:01:17.614091+00:00,78512,WHATSAPP_NUDGE,0.8333333333333334,0,0.30704225352112674,0.08333333333333333,-0.019194312492400365,1.0,1.0,0.005644226037676081,0.999984071229355,0.8125,10.0,-0.045395759303349575,386.94649797328293,0.0,0.0
evt_pay_007707_0,cust_055,pay_007707,2026-06-27T00:01:47.718071+00:00,329501,WHATSAPP_NUDGE,0.8333333333333334,0,0.2914438502673797,0.25574307437144245,0.1568385386760264,0.0,1.0,0.007833399035091445,0.9999693184591001,0.896551724137931,12.0,-1.0480965437343166,383.9502604785768,0.0,0.0
evt_pay_002709_0,cust_030,pay_002709,2026-06-27T00:12:19.529931+00:00,146961,WHATSAPP_NUDGE,0.8333333333333334,0,0.34269662921348315,0.42085767984303857,-0.4292200193073617,0.0,1.0,0.05375421323008727,0.9985541971070044,0.9230769230769231,6.0,1.7722569671050512,357.95275394748893,0.0,0.0
evt_pay_000942_0,cust_041,pay_000942,2026-06-27T00:12:51.367335+00:00,225304,RETRY_LATER,0.8333333333333334,0,0.39228295819935693,1.5013944223882543,-0.41083886827284904,0.0,1.0,0.05606600099325136,0.998427064703589,0.9,4.0,0.3693318557794774,386.29876092949377,0.0,1.0
evt_pay_003966_0,cust_036,pay_003966,2026-06-27T00:15:11.598998+00:00,338362,DO_NOTHING,0.03333333333333333,0,0.39634146341463417,0.32473390475392233,-0.005721664449370462,0.0,1.0,0.06624480280921724,0.9978034005257589,1.0,5.0,-0.5882553306323993,368.45193359615104,0.0,1.0
evt_pay_006466_1,cust_014,pay_006466,2026-06-27T01:01:54.351748+00:00,64835,WHATSAPP_NUDGE,0.8333333333333334,0,0.20151133501259447,0.08333333333333333,-0.08540505425606629,1.0,1.0,0.26684253997928575,0.9637401407316203,0.8125,11.0,-0.8122776257059364,381.80001292746266,1.0,0.0
evt_pay_005600_1,cust_011,pay_005600,2026-06-27T01:02:43.152748+00:00,63823,WHATSAPP_NUDGE,0.8333333333333334,0,0.4897959183673469,0.07312822116944062,0.2191352805475173,1.0,1.0,0.2702610782641245,0.9627870738514891,0.9285714285714286,6.0,-0.306212897974724,361.76292351638125,1.0,0.0
evt_pay_005615_1,cust_011,pay_005615,2026-06-27T01:07:15.865552+00:00,59330,WHATSAPP_NUDGE,0.8333333333333334,0,0.488135593220339,0.0031563981965518906,0.0026104098449835716,1.0,1.0,0.2893008984224277,0.9572382097325494,0.9285714285714286,7.0,-0.306212897974724,361.7660799145778,0.0,1.0
evt_pay_005970_1,cust_011,pay_005970,2026-06-27T01:17:24.874439+00:00,76541,WHATSAPP_NUDGE,0.8333333333333334,0,0.4864864864864865,0.007048713967340821,0.8321596566031518,1.0,1.0,0.3313978866391252,0.943491092025315,0.9333333333333333,8.0,-0.306212897974724,361.77312862854507,0.0,1.0
evt_pay_003984_0,cust_055,pay_003984,2026-06-27T01:59:52.431270+00:00,280917,ESCALATE_HUMAN,0.03333333333333333,0,0.2906666666666667,0.08199899536369533,-0.2875635910264681,0.0,1.0,0.4995232521459055,0.8663004793751289,0.9333333333333333,13.0,-1.0480965437343166,384.0322594739405,0.0,0.0
evt_pay_007707_1,cust_055,pay_007707,2026-06-27T02:01:47.718071+00:00,224409,WHATSAPP_NUDGE,0.8333333333333334,0,0.2898936170212766,0.0013343379696379998,-0.8044463124513717,1.0,1.0,0.5067685817919197,0.8620821332730463,0.935483870967742,13.0,-1.0480965437343166,384.0335938119101,0.0,0.0
evt_pay_000942_1,cust_041,pay_000942,2026-06-27T02:12:51.367335+00:00,258856,WHATSAPP_NUDGE,0.8333333333333334,0,0.391025641025641,0.08333333333333333,-0.04652856553242915,1.0,1.0,0.5477681135005537,0.8366302013626119,0.9375,4.0,0.3693318557794774,386.38209426282714,1.0,0.0
evt_pay_002089_0,cust_007,pay_002089,2026-06-27T02:28:40.189034+00:00,245850,RETRY_LATER,0.8333333333333334,0,0.3169811320754717,0.12691055406795235,-0.6246710616289738,0.0,1.0,0.6041465648726461,0.7968732196231605,0.9375,6.0,-0.46533070623945577,386.2015495091646,0.0,1.0
evt_pay_005812_0,cust_046,pay_005812,2026-06-27T02:39:03.988374+00:00,114006,RETRY_NOW,0.8333333333333334,0,0.37992831541218636,1.452364082258858,0.2035393329062463,0.0,1.0,0.6396619720905983,0.7686563350816584,0.8235294117647058,8.0,-0.9687765812058661,381.1308316570148,1.0,0.0
evt_pay_000606_0,cust_011,pay_000606,2026-06-27T03:59:26.541385+00:00,49216,WHATSAPP_NUDGE,0.8333333333333334,0,0.48484848484848486,0.112519293365267,-0.4849074577233232,0.0,1.0,0.8648062518315589,0.502105712766794,0.9411764705882353,9.0,-0.306212897974724,361.88564792191045,0.0,0.0
evt_pay_004708_0,cust_024,pay_004708,2026-06-27T05:42:43.514424+00:00,84442,WHATSAPP_NUDGE,0.8333333333333334,0,0.21613832853025935,0.42786771306934196,-0.33615411308287346,0.0,1.0,0.9971606223895981,0.07530400491069031,1.0,12.0,-1.1653357768016162,372.89586303332317,0.0,0.0
evt_pay_000634_2,cust_025,pay_000634,2026-06-27T05:53:12.179464+00:00,206561,ESCALATE_HUMAN,0.8333333333333334,0,0.44336569579288027,0.8233225092511324,-0.12706971167667275,2.0,1.0,0.999560247208909,0.029653198809989286,0.8823529411764706,4.0,0.10753773716001852,363.92909202629215,0.0,1.0
evt_pay_002550_0,cust_007,pay_002550,2026-06-27T06:05:01.358154+00:00,360619,WHATSAPP_NUDGE,0.8333333333333334,0,0.3157894736842105,0.15024501296754048,0.41749682770524893,0.0,1.0,0.9997598675959437,-0.02191362919603252,1.0,6.0,-0.46533070623945577,386.35179452213214,0.0,0.0
evt_pay_003517_0,cust_000,pay_003517,2026-06-27T06:11:06.848938+00:00,128161,RETRY_LATER,0.8333333333333334,0,0.3662420382165605,2.0991958309224024,0.019223175016092765,0.0,1.0,0.9988243661831042,-0.048475617777601544,0.5,4.0,0.8132490481077264,376.91292669985563,0.0,1.0
evt_pay_005260_2,cust_022,pay_005260,2026-06-27T07:12:58.475413+00:00,120162,ESCALATE_HUMAN,0.8333333333333334,0,0.34365325077399383,0.9166666666666666,0.19982341189796216,2.0,1.0,0.949733841180322,-0.313058510372855,1.0,3.0,-0.6143468879245073,366.30704770500125,1.0,0.0
evt_pay_001797_0,cust_025,pay_001797,2026-06-27T07:27:18.503167+00:00,195130,WHATSAPP_NUDGE,0.8333333333333334,0,0.44193548387096776,0.06535096878614392,-0.2781423254355171,0.0,1.0,0.9283100944109995,-0.3718068969433475,0.875,4.0,0.10753773716001852,363.9944429950783,0.0,0.0
evt_pay_003912_0,cust_038,pay_003912,2026-06-27T07:36:40.977432+00:00,45529,RETRY_NOW,0.8333333333333334,1,0.5121107266435986,0.47089043420608806,0.0609814009886685,0.0,1.0,0.9123293430922963,-0.40945716471052146,0.8823529411764706,5.0,2.4957647172129915,385.27404809660567,1.0,0.0
evt_pay_004708_1,cust_024,pay_004708,2026-06-27T07:42:43.514424+00:00,104151,WHATSAPP_NUDGE,0.8333333333333334,0,0.21551724137931033,0.08333333333333333,0.25224184800008714,1.0,1.0,0.901218433098239,-0.4333651299354332,1.0,12.0,-1.1653357768016162,372.9791963666565,1.0,0.0
evt_pay_000404_0,cust_050,pay_000404,2026-06-27T07:53:02.698260+00:00,138558,WHATSAPP_NUDGE,0.03333333333333333,1,0.42424242424242425,1.6998013393884246,0.5373310157480642,0.0,1.0,0.8807978450415258,-0.4734925090961886,0.5714285714285714,6.0,-0.900782201038446,385.0433537920069,1.0,0.0
evt_pay_000237_0,cust_057,pay_000237,2026-06-27T07:53:29.030117+00:00,86233,WHATSAPP_NUDGE,0.8333333333333334,1,0.28859060402684567,0.6321795619046119,0.15228094222494992,0.0,1.0,0.8798895367375844,-0.47517828563573805,1.0,7.0,-0.5990323654313375,378.59357172523096,0.0,0.0
evt_pay_002550_1,cust_007,pay_002550,2026-06-27T08:05:01.358154+00:00,349711,RETRY_NOW,0.03333333333333333,0,0.3146067415730337,0.08333333333333333,0.3184504530605155,1.0,1.0,0.8548606284242377,-0.5188576933708484,1.0,7.0,-0.46533070623945577,386.43512785546545,0.0,0.0
evt_pay_003517_1,cust_000,pay_003517,2026-06-27T08:11:06.848938+00:00,125690,WHATSAPP_NUDGE,0.8333333333333334,1,0.36507936507936506,0.08333333333333333,-0.03621958420577729,1.0,1.0,0.8407694661446581,-0.5413932995510996,0.5,4.0,0.8132490481077264,376.99626003318895,0.0,0.0
evt_pay_007819_2,cust_024,pay_007819,2026-06-27T08:52:46.002340+00:00,72658,WHATSAPP_NUDGE,0.03333333333333333,0,0.2148997134670487,0.04863990643643016,-0.6879800983604432,2.0,1.0,0.7290680665734132,-0.6844411985721675,0.9333333333333333,13.0,-1.1653357768016162,373.027836273093,0.0,1.0
evt_pay_003415_0,cust_057,pay_003415,2026-06-27T09:04:53.019086+00:00,90915,PAYMENT_LINK,0.03333333333333333,0,0.2909698996655518,0.6817627675585148,0.31565806757383974,0.0,1.0,0.6918796865818718,-0.7220128110327204,0.9333333333333333,8.0,-0.5990323654313375,378.6431549308849,0.0,0.0
evt_pay_006050_2,cust_032,pay_006050,2026-06-27T09:07:50.076802+00:00,381162,ESCALATE_HUMAN,0.8333333333333334,0,0.24216524216524216,0.6704954415788507,0.4969460773333498,2.0,1.0,0.6825259531204444,-0.7308613571102449,0.9642857142857143,7.0,0.2905055503479753,382.8437966810723,0.0,0.0
evt_pay_001797_1,cust_025,pay_001797,2026-06-27T09:27:18.503167+00:00,238680,WHATSAPP_NUDGE,0.8333333333333334,1,0.4405144694533762,0.08333333333333333,0.29744085519684144,1.0,1.0,0.6180366758777827,-0.7861492652607014,0.8125,5.0,0.10753773716001852,364.07777632841163,0.0,0.0
evt_pay_008421_0,cust_043,pay_008421,2026-06-27T09:42:33.595909+00:00,153477,RETRY_NOW,0.8333333333333334,0,0.22910216718266255,3.2628082297106857,0.1825239673656556,0.0,1.0,0.5643910735174931,-0.8255075506219017,0.9642857142857143,4.0,-0.05414349663535748,373.0468110197742,1.0,0.0
evt_pay_006191_2,cust_008,pay_006191,2026-06-27T10:14:21.364162+00:00,176736,ESCALATE_HUMAN,0.8333333333333334,0,0.3226837060702875,0.9166666666666666,-0.48857557241490446,2.0,1.0,0.4448068642005265,-0.8956265145472717,1.0,5.0,0.4190160498383978,373.8908954107557,1.0,0.0
evt_pay_001714_2,cust_017,pay_001714,2026-06-27T10:32:43.764882+00:00,519150,PAYMENT_LINK,0.8333333333333334,0,0.2708333333333333,0.8048793513107739,0.04107364535246836,2.0,1.0,0.37165377897846197,-0.9283714065884562,0.9642857142857143,9.0,0.5027156808516637,381.0010039799959,0.0,0.0
evt_pay_008421_1,cust_043,pay_008421,2026-06-27T11:42:33.595909+00:00,149900,WHATSAPP_NUDGE,0.8333333333333334,0,0.22839506172839505,0.08333333333333333,0.111682231115071,1.0,1.0,0.07602323202436906,-0.9971060466131819,0.962962962962963,4.0,-0.05414349663535748,373.1301443531076,0.0,1.0
evt_pay_003660_0,cust_042,pay_003660,2026-06-27T11:47:34.526175+00:00,210508,WHATSAPP_NUDGE,0.8333333333333334,0,0.40298507462686567,3.6078558174054556,-0.26899308222665663,0.0,1.0,0.05418583542037054,-0.998530868446137,0.4285714285714286,3.0,0.21388002896855346,384.42095699650235,0.0,0.0
evt_pay_003251_2,cust_017,pay_003251,2026-06-27T13:03:38.855965+00:00,531801,RETRY_NOW,0.03333333333333333,0,0.27002967359050445,0.10480429493452448,0.11170078782665789,2.0,1.0,-0.27415895839136845,-0.96168438977336,0.96,10.0,0.5027156808516637,381.1058082749305,1.0,0.0
evt_pay_005211_0,cust_056,pay_005211,2026-06-27T13:10:38.041241+00:00,142242,WHATSAPP_NUDGE,0.8333333333333334,0,0.2342857142857143,1.0814133892323905,-0.3066123046385951,0.0,1.0,-0.30334304342084617,-0.9528814186498646,0.7142857142857143,7.0,-0.26273729270347856,369.50449807178956,0.0,0.0
evt_pay_008133_0,cust_042,pay_008133,2026-06-27T13:18:52.112265+00:00,312135,WHATSAPP_NUDGE,0.8333333333333334,1,0.4017857142857143,0.06339798714971796,0.9804896682832211,0.0,1.0,-0.33737679229938616,-0.9413696935942738,0.5714285714285714,4.0,0.21388002896855346,384.48435498365205,0.0,0.0
evt_pay_003660_1,cust_042,pay_003660,2026-06-27T13:47:34.526175+00:00,229056,WHATSAPP_NUDGE,0.8333333333333334,1,0.4035608308605341,0.08333333333333333,-0.040952494211927204,1.0,1.0,-0.4523391242237452,-0.8918460162474771,0.5,5.0,0.21388002896855346,384.50429032983567,1.0,0.0
evt_pay_002488_2,cust_023,pay_002488,2026-06-27T13:54:27.163420+00:00,96902,ESCALATE_HUMAN,0.8333333333333334,0,0.36990595611285265,0.9166666666666666,0.4342876540257325,2.0,1.0,-0.47889382562092375,-0.8778728289348955,0.4444444444444444,9.0,0.9385908116339667,381.83174608537183,0.0,1.0
evt_pay_008557_2,cust_036,pay_008557,2026-06-27T14:27:34.589627+00:00,416080,ESCALATE_HUMAN,0.8333333333333334,0,0.3951367781155015,0.5919327619127444,0.6492115431178341,2.0,1.0,-0.6003382023613902,-0.7997462364934858,1.0,5.0,-0.5882553306323993,369.0438663580638,0.0,1.0
evt_pay_001940_0,cust_004,pay_001940,2026-06-27T14:35:57.846445+00:00,519792,PAYMENT_LINK,0.8333333333333334,1,0.4653846153846154,3.977785265958952,0.6672553244711529,0.0,1.0,-0.6291986737634687,-0.7772445103918664,0.9090909090909091,3.0,-0.2585165281110097,383.77226232797574,0.0,0.0
evt_pay_002271_0,cust_055,pay_002271,2026-06-27T14:36:24.964674+00:00,370804,RETRY_LATER,0.8333333333333334,0,0.2891246684350133,0.5240422060623283,0.5346451429968534,0.0,1.0,-0.630730247941435,-0.7760021612932119,0.96,13.0,-1.0480965437343166,384.5576360179725,0.0,1.0
evt_pay_005980_2,cust_057,pay_005980,2026-06-27T14:43:08.715969+00:00,77020,ESCALATE_HUMAN,0.8333333333333334,0,0.29,0.23490389910815188,-0.16924120819773766,2.0,1.0,-0.6532397986597797,-0.7571510849539413,0.8333333333333334,9.0,-0.5990323654313375,378.87805882999305,0.0,0.0
evt_pay_002831_0,cust_041,pay_002831,2026-06-27T14:51:32.814814+00:00,286746,WHATSAPP_NUDGE,0.8333333333333334,0,0.38977635782747605,0.5268686050815555,0.2562956743242595,0.0,1.0,-0.6805511693920556,-0.7327005567345405,0.9615384615384616,5.0,0.3693318557794774,386.90896286790866,0.0,0.0
evt_pay_001652_0,cust_000,pay_001652,2026-06-27T14:53:03.878240+00:00,143630,RETRY_NOW,0.8333333333333334,0,0.3670886075949367,0.36246561692739004,0.3664024747762355,0.0,1.0,-0.6853883881552921,-0.7281776962952728,0.4444444444444444,5.0,0.8132490481077264,377.275392316783,1.0,0.0
evt_pay_006391_2,cust_032,pay_006391,2026-06-27T15:02:19.270649+00:00,366546,ESCALATE_HUMAN,0.8333333333333334,0,0.24147727272727273,0.246171225087816,0.36832589372808244,2.0,1.0,-0.7142320035042581,-0.6999090263529207,0.962962962962963,7.0,0.2905055503479753,383.08996790616015,0.0,1.0
evt_pay_002569_0,cust_021,pay_002569,2026-06-27T16:02:17.231735+00:00,220628,WHATSAPP_NUDGE,0.8333333333333334,0,0.26054590570719605,1.2925120905373813,0.07412548428285326,0.0,1.0,-0.8709720817344802,-0.4913325074113315,0.4444444444444444,4.0,-0.0711177391970671,374.1171013626384,0.0,0.0
evt_pay_005008_2,cust_002,pay_005008,2026-06-27T16:21:26.308080+00:00,311145,ESCALATE_HUMAN,0.8333333333333334,0,0.31901840490797545,0.8423238315474842,0.03527938755212792,2.0,1.0,-0.9089424817521778,-0.41692153322440884,1.0,4.0,-0.38277421977533765,366.76409989630065,0.0,0.0
evt_pay_002271_1,cust_055,pay_002271,2026-06-27T16:36:24.964674+00:00,390409,WHATSAPP_NUDGE,0.8333333333333334,0,0.28835978835978837,0.08333333333333333,0.7139759890101905,1.0,1.0,-0.9342294982991461,-0.35667246110083356,1.0,13.0,-1.0480965437343166,384.64096935130584,0.0,1.0
evt_pay_007106_0,cust_000,pay_007106,2026-06-27T16:36:29.799382+00:00,152063,WHATSAPP_NUDGE,0.8333333333333334,0,0.3659305993690852,0.0718277909901417,0.5556832273269704,0.0,1.0,-0.9343548429706103,-0.3563439734545347,0.5,4.0,0.8132490481077264,377.3472201077731,0.0,0.0
evt_pay_005115_0,cust_045,pay_005115,2026-06-27T16:47:49.290017+00:00,100562,WHATSAPP_NUDGE,0.8333333333333334,0,0.22598870056497175,2.7690458104376225,0.43396214643598574,0.0,1.0,-0.9508155493775983,-0.3097576327740382,0.8333333333333334,3.0,1.000889969158722,361.5363874215441,0.0,0.0
evt_pay_000456_0,cust_002,pay_000456,2026-06-27T16:51:26.654724+00:00,250748,PAYMENT_LINK,0.03333333333333333,0,0.3180428134556575,0.02083734541497506,-0.5261762394760313,0.0,1.0,-0.9555929620407931,-0.2946898215040745,1.0,4.0,-0.38277421977533765,366.7849372417157,0.0,0.0
evt_pay_008461_2,cust_035,pay_008461,2026-06-27T17:10:27.525708+00:00,43379,ESCALATE_HUMAN,0.8333333333333334,0,0.2569060773480663,0.7611428967082171,-0.030109674106252125,2.0,1.0,-0.9767273036607615,-0.21448490455875568,1.0,7.0,0.5026080740568922,361.6513302803385,0.0,1.0
evt_pay_006470_0,cust_014,pay_006470,2026-06-27T17:10:57.224576+00:00,93518,WHATSAPP_NUDGE,0.8333333333333334,0,0.20100502512562815,0.672949916989675,1.1408043739640346,0.0,1.0,-0.9771882617826108,-0.21237490679051452,0.8333333333333334,11.0,-0.8122776257059364,382.4729628444524,0.0,0.0
evt_pay_005129_0,cust_015,pay_005129,2026-06-27T17:20:49.645377+00:00,124362,RETRY_LATER,0.8333333333333334,0,0.3815789473684211,2.340900150949475,0.1559742889210162,0.0,1.0,-0.9854282578840804,-0.17009158875013852,0.8461538461538461,7.0,1.245182551392603,375.1389401840893,0.0,1.0
evt_pay_007340_0,cust_026,pay_007340,2026-06-27T17:40:47.727352+00:00,189188,RETRY_NOW,0.8333333333333334,1,0.40476190476190477,5.1199197464661665,-0.48189592710081813,0.0,1.0,-0.9964911999273153,-0.08369760132416795,1.0,1.0,1.9048100532514713,375.2899005739567,1.0,0.0
evt_pay_004473_2,cust_016,pay_004473,2026-06-27T17:42:10.380328+00:00,152907,ESCALATE_HUMAN,0.8333333333333334,0,0.28611898016997167,0.9166666666666666,0.8963439074265486,2.0,1.0,-0.9969762767907816,-0.07770652171079875,0.9444444444444444,7.0,-0.5381138706705891,380.51726538897657,0.0,1.0
evt_pay_002569_1,cust_021,pay_002569,2026-06-27T18:02:17.231735+00:00,221173,WHATSAPP_NUDGE,0.8333333333333334,0,0.2599009900990099,0.08333333333333333,0.08137181203262409,1.0,1.0,-0.999950202474742,0.009979607743921265,0.5454545454545454,5.0,-0.0711177391970671,374.20043469597175,0.0,1.0
evt_pay_000600_2,cust_002,pay_000600,2026-06-27T18:08:29.529035+00:00,349504,ESCALATE_HUMAN,0.8333333333333334,0,0.3170731707317073,0.05350548970420732,0.3918645468253089,2.0,1.0,-0.9993135791949038,0.037045518442461005,1.0,5.0,-0.38277421977533765,366.8384427314199,0.0,0.0
evt_pay_003214_0,cust_026,pay_003214,2026-06-27T18:35:32.132446+00:00,250340,WHATSAPP_NUDGE,0.8333333333333334,0,0.40711462450592883,5.1579336943209455,0.2858522187544683,0.0,1.0,-0.9880033399849978,0.15443251010874892,0.9444444444444444,1.0,1.9048100532514713,375.32791452181146,0.0,0.0
evt_pay_002754_0,cust_012,pay_002754,2026-06-27T18:36:59.609849+00:00,616796,RETRY_NOW,0.8333333333333334,1,0.5656934306569343,3.2663253560828784,0.3967169038981044,0.0,1.0,-0.9870009268479608,0.16071456188306768,0.5833333333333333,4.0,-0.5006574979571285,367.9817768641772,1.0,0.0
evt_pay_005115_1,cust_045,pay_005115,2026-06-27T18:47:49.290017+00:00,98927,ESCALATE_HUMAN,0.03333333333333333,0,0.22535211267605634,0.08333333333333333,0.3804766062356455,1.0,1.0,-0.9783092364612765,0.2071497956903511,0.8571428571428572,4.0,1.000889969158722,361.6197207548774,0.0,1.0
evt_pay_000456_1,cust_002,pay_000456,2026-06-27T18:51:26.654724+00:00,358914,PAYMENT_LINK,0.03333333333333333,0,0.3161094224924012,0.02982784362912601,0.4793451371730787,1.0,1.0,-0.9749126915569828,0.22258760936116656,1.0,5.0,-0.38277421977533765,366.86827057504905,0.0,1.0
evt_pay_000119_0,cust_007,pay_000119,2026-06-27T19:06:23.162778+00:00,314500,RETRY_NOW,0.8333333333333334,0,0.31343283582089554,0.45928014610683476,-0.0012911281358910834,0.0,1.0,-0.958339966683107,0.28563001988205206,0.9473684210526316,7.0,-0.46533070623945577,386.89440800157234,1.0,0.0
evt_pay_007844_0,cust_047,pay_007844,2026-06-27T19:20:23.503598+00:00,132241,DO_NOTHING,0.03333333333333333,0,0.39864864864864863,5.818971090172643,0.5450325021738733,0.0,1.0,-0.9391066573754946,0.3436257936666359,0.8666666666666667,4.0,1.898235005697721,360.8220622256863,1.0,0.0
evt_pay_004672_2,cust_029,pay_004672,2026-06-27T19:28:42.157991+00:00,45897,ESCALATE_HUMAN,0.8333333333333334,1,0.3691860465116279,0.9166666666666666,0.0738566426082075,2.0,1.0,-0.9260310242270908,0.3774474031821189,1.0,2.0,-0.8256115037842402,361.8248860199321,0.0,1.0
evt_pay_004295_0,cust_016,pay_004295,2026-06-27T19:33:57.569700+00:00,112492,RETRY_LATER,0.8333333333333334,0,0.2853107344632768,0.07762950661867762,-0.09574245850075747,0.0,1.0,-0.9171305335352291,0.39858698480681226,0.95,7.0,-0.5381138706705891,380.59489489559536,0.0,1.0
evt_pay_004315_0,cust_036,pay_004315,2026-06-27T20:05:49.731570+00:00,424730,RETRY_LATER,0.8333333333333334,1,0.3939393939393939,0.2348974761818378,0.7221117676094346,0.0,1.0,-0.8530300978678285,0.5218617174420854,1.0,5.0,-0.5882553306323993,369.27876383424564,0.0,1.0
evt_pay_003239_2,cust_053,pay_003239,2026-06-27T20:35:09.083740+00:00,379899,RETRY_NOW,0.03333333333333333,0,0.32398753894080995,0.9166666666666666,0.534254252394037,2.0,1.0,-0.779470835307289,0.6264385180569256,0.8,7.0,-0.06914381847567465,358.842102599971,0.0,0.0
evt_pay_004455_0,cust_023,pay_004455,2026-06-27T20:43:48.743315+00:00,113867,WHATSAPP_NUDGE,0.8333333333333334,0,0.36875,0.28427754507485287,1.0105319381226074,0.0,1.0,-0.7552463832793618,0.655440996996254,0.5833333333333333,8.0,0.9385908116339667,382.11602363044676,0.0,0.0
evt_pay_000758_2,cust_035,pay_000758,2026-06-27T20:54:24.779432+00:00,45828,ESCALATE_HUMAN,0.8333333333333334,0,0.256198347107438,0.15552376995844952,0.12948620693522628,2.0,1.0,-0.7241327713233187,0.6896605900699345,0.8571428571428572,6.0,0.5026080740568922,361.806854050297,0.0,0.0
evt_pay_002663_0,cust_039,pay_002663,2026-06-27T20:56:12.248630+00:00,245874,RETRY_LATER,0.8333333333333334,0,0.6007751937984496,5.088728530471106,-0.06701675708292518,0.0,1.0,-0.7187207512203365,0.6952988434948495,0.8571428571428572,1.0,-0.6642333856639545,359.27412337462437,0.0,1.0
evt_pay_001204_0,cust_033,pay_001204,2026-06-27T21:03:46.476664+00:00,99942,WHATSAPP_NUDGE,0.8333333333333334,1,0.6107142857142858,1.3634810735250464,0.7220209567650296,0.0,1.0,-0.6953654653847613,0.7186562944483504,0.8666666666666667,6.0,-0.3958893149650273,362.62115731681405,0.0,0.0
evt_pay_000119_1,cust_007,pay_000119,2026-06-27T21:06:23.162778+00:00,393555,WHATSAPP_NUDGE,0.8333333333333334,0,0.31226765799256506,0.08333333333333333,0.7165749309218908,1.0,1.0,-0.6871317466684775,0.7265328366428645,0.9473684210526316,7.0,-0.46533070623945577,386.97774133490566,0.0,1.0
evt_pay_000997_0,cust_019,pay_000997,2026-06-27T21:41:28.600882+00:00,157544,WHATSAPP_NUDGE,0.8333333333333334,0,0.3980891719745223,2.069077719938188,0.9040882773183617,0.0,1.0,-0.5682865752358557,0.822830704584304,0.875,5.0,-0.5137657855739247,364.3130559957929,0.0,0.0
evt_pay_007062_0,cust_032,pay_007062,2026-06-27T22:22:14.638739+00:00,257439,WHATSAPP_NUDGE,0.8333333333333334,0,0.24079320113314448,0.30550194548770077,-0.5917752151821916,0.0,1.0,-0.41372430024059853,0.9104022206642661,0.95,7.0,0.2905055503479753,383.3954698516479,0.0,0.0
evt_pay_004455_1,cust_023,pay_004455,2026-06-27T22:43:48.743315+00:00,68465,WHATSAPP_NUDGE,0.8333333333333334,0,0.367601246105919,0.08333333333333333,-0.5316149996259285,1.0,1.0,-0.3263420555381197,0.9452517457202366,0.6153846153846154,9.0,0.9385908116339667,382.1993569637801,1.0,0.0
evt_pay_002663_1,cust_039,pay_002663,2026-06-27T22:56:12.248630+00:00,220884,RETRY_NOW,0.03333333333333333,0,0.5984555984555985,0.08333333333333333,-0.35059818420265376,1.0,1.0,-0.27478100703642283,0.9615068372986483,0.875,1.0,-0.6642333856639545,359.3574567079577,0.0,1.0
evt_pay_006466_2,cust_014,pay_006466,2026-06-27T23:01:54.351748+00:00,72727,ESCALATE_HUMAN,0.8333333333333334,0,0.20050125313283207,0.24371674967699164,0.2520058783228933,2.0,1.0,-0.2507776519333843,0.968044714510016,0.8,12.0,-0.8122776257059364,382.71667959412935,1.0,0.0
evt_pay_005600_2,cust_011,pay_005600,2026-06-27T23:02:43.152748+00:00,57471,WHATSAPP_NUDGE,0.03333333333333333,0,0.48322147651006714,0.793942261137507,-0.08700103125448559,2.0,1.0,-0.24734057749483773,0.9689286035227365,0.9473684210526316,10.0,-0.306212897974724,362.6795901830479,0.0,0.0
evt_pay_005615_2,cust_011,pay_005615,2026-06-27T23:07:15.865552+00:00,55251,ESCALATE_HUMAN,0.8333333333333334,0,0.4816053511705686,0.0031563981965518906,-0.1940233914287887,2.0,1.0,-0.22807717749479103,0.9736430563127381,0.9473684210526316,11.0,-0.306212897974724,362.68274658124443,0.0,1.0
evt_pay_005970_2,cust_011,pay_005970,2026-06-27T23:17:24.874439+00:00,60850,ESCALATE_HUMAN,0.8333333333333334,0,0.48,0.007048713967340821,0.07587454802335497,2.0,1.0,-0.18474655742270013,0.9827861972578069,0.9473684210526316,11.0,-0.306212897974724,362.68979529521175,1.0,0.0
evt_pay_000997_1,cust_019,pay_000997,2026-06-27T23:41:28.600882+00:00,86615,PAYMENT_LINK,0.03333333333333333,0,0.3968253968253968,0.08333333333333333,-0.7892749714291275,1.0,1.0,-0.08073525849175635,0.9967355808017838,0.8888888888888888,6.0,-0.5137657855739247,364.3963893291263,0.0,1.0
evt_pay_007707_2,cust_055,pay_007707,2026-06-28T00:01:47.718071+00:00,344575,ESCALATE_HUMAN,0.8333333333333334,0,0.287598944591029,0.309291127271005,0.2947242257983697,2.0,1.0,0.007833399035091445,0.9999693184591001,0.95,14.0,-1.0480965437343166,384.9502604785768,1.0,0.0
evt_pay_000990_0,cust_052,pay_000990,2026-06-28T00:12:40.809320+00:00,192222,WHATSAPP_NUDGE,0.8333333333333334,0,0.4485294117647059,1.7252247418400277,0.9106589583282592,0.0,1.0,0.055299391741399806,0.9984698179078981,0.6428571428571428,4.0,-1.0656726581061444,387.8835980849196,0.0,0.0
evt_pay_007062_1,cust_032,pay_007062,2026-06-28T00:22:14.638739+00:00,311709,WHATSAPP_NUDGE,0.8333333333333334,0,0.2401129943502825,0.08333333333333333,-0.11421676955305314,1.0,1.0,0.09690535616083461,0.9952936008773199,0.9473684210526316,8.0,0.2905055503479753,383.4788031849812,1.0,0.0
evt_pay_005647_0,cust_039,pay_005647,2026-06-28T00:26:48.132369+00:00,252328,RETRY_NOW,0.8333333333333334,1,0.5961538461538461,0.06291532105645577,0.006222965644036047,0.0,1.0,0.11668029752441361,0.9931695264000071,0.8888888888888888,1.0,-0.6642333856639545,359.4203720290141,1.0,0.0
evt_pay_004557_0,cust_002,pay_004557,2026-06-28T00:52:26.187533+00:00,315716,WHATSAPP_NUDGE,0.8333333333333334,0,0.3151515151515151,0.2506890371419483,0.07777187399911867,0.0,1.0,0.22680624652786852,0.973939898831514,0.95,6.0,-0.38277421977533765,367.11895961219096,0.0,0.0
evt_pay_006325_0,cust_008,pay_006325,2026-06-28T00:54:16.686350+00:00,186936,WHATSAPP_NUDGE,0.8333333333333334,0,0.321656050955414,0.6110569697586167,-0.3518735247994326,0.0,1.0,0.23462512912099232,0.9720859266468976,0.9411764705882353,5.0,0.4190160498383978,374.5019523805143,0.0,0.0
evt_pay_005588_0,cust_020,pay_005588,2026-06-28T01:10:00.810790+00:00,65013,WHATSAPP_NUDGE,0.8333333333333334,1,0.2670157068062827,2.1685388970582458,0.1739071727669372,0.0,1.0,0.3007620323504761,0.9536992187772889,0.9375,5.0,0.06752823759169156,373.2870407770506,0.0,0.0
evt_pay_003271_0,cust_002,pay_003271,2026-06-28T01:23:57.275842+00:00,292346,ESCALATE_HUMAN,0.03333333333333333,0,0.31419939577039274,0.021887596161908125,-0.13947582141924642,0.0,1.0,0.3581829942745009,0.9336514031545997,0.9523809523809523,7.0,-0.38277421977533765,367.14084720835285,0.0,1.0
evt_pay_003666_0,cust_054,pay_003666,2026-06-28T01:39:43.776935+00:00,95375,RETRY_LATER,0.8333333333333334,1,0.42857142857142855,1.4798287303856341,-0.10102634964012858,0.0,1.0,0.4215487290100429,0.9068057504614853,0.75,2.0,-0.6956354929968003,374.52583802352143,0.0,1.0
evt_pay_000903_0,cust_011,pay_000903,2026-06-28T02:43:00.800213+00:00,66491,PAYMENT_LINK,0.03333333333333333,1,0.47840531561461797,0.1427769186839214,0.3477618771641816,0.0,1.0,0.6528038364248132,0.7575269969770356,0.8666666666666667,11.0,-0.306212897974724,362.8325722138957,0.0,0.0
evt_pay_006750_0,cust_043,pay_006750,2026-06-28T02:46:21.910810+00:00,126864,RETRY_NOW,0.8333333333333334,0,0.2276923076923077,0.6276425335789023,-0.3445590213299201,0.0,1.0,0.6638125918809621,0.747898952305911,0.9473684210526316,4.0,-0.05414349663535748,373.7577868866865,1.0,0.0
evt_pay_005355_0,cust_053,pay_005355,2026-06-28T02:48:55.112293+00:00,364699,WHATSAPP_NUDGE,0.8333333333333334,0,0.32298136645962733,0.259560515658715,0.3985633597692692,0.0,1.0,0.6721036587906436,0.7404570695457166,0.6666666666666667,7.0,-0.06914381847567465,359.1016631156297,0.0,0.0
evt_pay_002893_0,cust_006,pay_002893,2026-06-28T03:05:07.376588+00:00,130308,RETRY_NOW,0.8333333333333334,0,0.3659942363112392,1.5485389729589087,0.0038301899779286286,0.0,1.0,0.7227348137811255,0.6911254509484959,0.75,4.0,-0.3286363658753921,380.7769582440158,1.0,0.0
evt_pay_002474_0,cust_059,pay_002474,2026-06-28T03:06:27.498555+00:00,166795,RETRY_LATER,0.8333333333333334,0,0.3576388888888889,4.2615940270523724,0.02453795126762371,0.0,1.0,0.7267494576764969,0.6869026319405959,0.6666666666666667,3.0,-0.38878117849020055,370.7500768966144,0.0,1.0
evt_pay_007850_0,cust_028,pay_007850,2026-06-28T03:08:17.647661+00:00,207113,WHATSAPP_NUDGE,0.8333333333333334,0,0.3879598662207358,3.571454628610885,-0.2700296574913231,0.0,1.0,0.7322283581560785,0.6810591982434814,0.95,1.0,0.3910481863531735,359.45803636545423,0.0,0.0
evt_pay_000713_0,cust_020,pay_000713,2026-06-28T03:10:10.691161+00:00,69087,WHATSAPP_NUDGE,0.8333333333333334,0,0.2689295039164491,2.2519865865333486,0.363871669727991,0.0,1.0,0.7378023739285288,0.6750167827731599,0.8125,6.0,0.06752823759169156,373.3704884665257,0.0,0.0
evt_pay_006134_0,cust_007,pay_006134,2026-06-28T03:42:37.109747+00:00,343597,WHATSAPP_NUDGE,0.8333333333333334,0,0.3111111111111111,0.275161423250817,0.2629253680375085,0.0,1.0,0.8256517445095946,0.5641801102380899,0.8235294117647058,8.0,-0.46533070623945577,387.2529027581565,0.0,0.0
evt_pay_000631_0,cust_018,pay_000631,2026-06-28T04:18:08.389783+00:00,124219,RETRY_LATER,0.8333333333333334,0,0.27986348122866894,2.3909875948571275,-0.40826730512162357,0.0,1.0,0.902847780721092,0.4299603293874901,0.9523809523809523,2.0,-0.4554811204429685,363.8014825613164,0.0,1.0
evt_pay_001514_0,cust_026,pay_001514,2026-06-28T04:22:51.418381+00:00,226142,RETRY_LATER,0.8333333333333334,0,0.40551181102362205,0.40786210572389336,-0.017945086142733477,0.0,1.0,0.9115055475152911,0.4112877786281151,0.8235294117647058,2.0,1.9048100532514713,375.73577662753536,0.0,1.0
evt_pay_005355_1,cust_053,pay_005355,2026-06-28T04:48:55.112293+00:00,406361,WHATSAPP_NUDGE,0.8333333333333334,0,0.3219814241486068,0.08333333333333333,0.7704898383356843,1.0,1.0,0.952287377262024,0.30520280324304955,0.7,8.0,-0.06914381847567465,359.1849964489631,0.0,1.0
evt_pay_000713_1,cust_020,pay_000713,2026-06-28T05:10:10.691161+00:00,54510,WHATSAPP_NUDGE,0.8333333333333334,0,0.2682291666666667,0.08333333333333333,-0.31573634656507704,1.0,1.0,0.9764639901811515,0.21568049489813418,0.8333333333333334,7.0,0.06752823759169156,373.45382179985904,0.0,1.0
evt_pay_004418_0,cust_024,pay_004418,2026-06-28T05:22:49.864798+00:00,109063,WHATSAPP_NUDGE,0.8333333333333334,0,0.21428571428571427,0.8542113710428415,0.39888723791970804,0.0,1.0,0.9868776227424201,0.16146999018476954,0.7272727272727273,13.0,-1.1653357768016162,373.88204764413575,0.0,0.0
evt_pay_002737_0,cust_030,pay_002737,2026-06-28T05:34:57.963083+00:00,161750,RETRY_NOW,0.03333333333333333,0,0.34173669467787116,1.224055939260552,-0.1849061508032017,0.0,1.0,0.9940402009995284,0.10901412200635843,0.8421052631578947,3.0,1.7722569671050512,359.1768098867495,0.0,0.0
evt_pay_006134_1,cust_007,pay_006134,2026-06-28T05:42:37.109747+00:00,253148,WHATSAPP_NUDGE,0.8333333333333334,0,0.30996309963099633,0.08333333333333333,-0.5584031120336461,1.0,1.0,0.9971254405432927,0.07576843552129357,0.85,9.0,-0.46533070623945577,387.3362360914898,0.0,1.0
evt_pay_000631_1,cust_018,pay_000631,2026-06-28T06:18:08.389783+00:00,172850,WHATSAPP_NUDGE,0.8333333333333334,0,0.2789115646258503,0.08333333333333333,0.5504517276187704,1.0,1.0,0.9968692785486131,-0.07906732249145468,0.9545454545454546,2.0,-0.4554811204429685,363.88481589464976,0.0,1.0
evt_pay_001514_1,cust_026,pay_001514,2026-06-28T06:22:51.418381+00:00,201100,WHATSAPP_NUDGE,0.8333333333333334,0,0.403921568627451,0.08333333333333333,-0.3323434196140068,1.0,1.0,0.9950308491527433,-0.09956710919962716,0.85,2.0,1.9048100532514713,375.8191099608687,0.0,0.0
evt_pay_006595_0,cust_023,pay_006595,2026-06-28T06:31:39.695813+00:00,80549,RETRY_NOW,0.8333333333333334,1,0.36645962732919257,0.32489528354036185,-0.12117795721773282,0.0,1.0,0.990472486894231,-0.13771075740681057,0.6666666666666667,10.0,0.9385908116339667,382.5242522473204,1.0,0.0
evt_pay_004495_0,cust_001,pay_004495,2026-06-28T06:32:11.571864+00:00,477466,WHATSAPP_NUDGE,0.8333333333333334,0,0.27323943661971833,1.82625950954404,-0.2702732774306296,0.0,1.0,0.9901505998196245,-0.14000639155709196,0.7272727272727273,3.0,0.16534712408787333,370.8254582692704,0.0,0.0
evt_pay_000160_0,cust_054,pay_000160,2026-06-28T06:42:31.728205+00:00,140979,WHATSAPP_NUDGE,0.8333333333333334,0,0.43026706231454004,1.6901059441491952,1.2168330578033177,0.0,1.0,0.9828318112590084,-0.184503741906057,0.75,2.0,-0.6956354929968003,374.73611523728505,0.0,0.0
evt_pay_007254_0,cust_057,pay_007254,2026-06-28T06:43:01.135559+00:00,97146,WHATSAPP_NUDGE,0.8333333333333334,0,0.28903654485049834,0.6665789304471446,0.5331322648230584,0.0,1.0,0.9824349911841045,-0.18660516631939342,0.7692307692307692,7.0,-0.5990323654313375,379.54463776044014,0.0,0.0
evt_pay_002394_0,cust_025,pay_002394,2026-06-28T06:53:20.760575+00:00,154345,WHATSAPP_NUDGE,0.8333333333333334,0,0.4423076923076923,0.9764150162873951,-0.8171995882227667,0.0,1.0,0.973032113599785,-0.2306696900408355,0.75,5.0,0.10753773716001852,364.9708580113657,0.0,0.0
evt_pay_003656_0,cust_051,pay_003656,2026-06-28T07:31:30.298808+00:00,644440,RETRY_NOW,0.8333333333333334,0,0.4858156028368794,2.7411468408489177,0.16573046844476172,0.0,1.0,0.9213466581039852,-0.38874199104369744,0.7777777777777778,2.0,-1.013594580420746,367.1084551905724,1.0,0.0
evt_pay_000408_0,cust_027,pay_000408,2026-06-28T07:34:16.115795+00:00,78703,RETRY_LATER,0.8333333333333334,0,0.2779552715654952,1.4946059445056032,-0.03293364059686253,0.0,1.0,0.9165921212867524,-0.3998235650822141,0.9565217391304348,6.0,-0.8172299270627982,361.4573778185772,0.0,1.0
evt_pay_002258_0,cust_028,pay_002258,2026-06-28T07:42:28.679334+00:00,289164,RETRY_NOW,0.8333333333333334,0,0.38666666666666666,0.19040545917372734,0.754889308035617,0.0,1.0,0.9016854394015881,-0.43239260906167803,0.9583333333333334,2.0,0.3910481863531735,359.6484418246279,1.0,0.0
evt_pay_008070_0,cust_054,pay_008070,2026-06-28T07:46:29.591880+00:00,92456,RETRY_LATER,0.03333333333333333,1,0.4289940828402367,0.044419718460782555,-0.18536448523114418,0.0,1.0,0.893972080356141,-0.4481226612700071,0.7692307692307692,3.0,-0.6956354929968003,374.78053495574585,1.0,0.0
evt_pay_005952_0,cust_000,pay_005952,2026-06-28T07:47:29.181452+00:00,108677,RETRY_LATER,0.8333333333333334,1,0.36477987421383645,0.6326317369239405,-0.41806419714642884,0.0,1.0,0.8920217636910119,-0.4519924480581246,0.625,4.0,0.8132490481077264,377.97985184469707,0.0,1.0
evt_pay_004604_0,cust_017,pay_004604,2026-06-28T07:48:40.016902+00:00,392102,WHATSAPP_NUDGE,0.8333333333333334,0,0.2692307692307692,0.781263436772709,-0.6681900434403092,0.0,1.0,0.8896815903499348,-0.4565815018070825,0.96,10.0,0.5027156808516637,381.8870717117032,0.0,0.0
evt_pay_003650_0,cust_058,pay_003650,2026-06-28T08:08:55.433615+00:00,271284,RETRY_NOW,0.8333333333333334,0,0.3185840707964602,2.490478210569487,0.3387465905711429,0.0,1.0,0.8459049761358286,-0.5333336398059317,0.8181818181818181,4.0,4.286983765334936,377.30364307720976,1.0,0.0
evt_pay_004495_1,cust_001,pay_004495,2026-06-28T08:32:11.571864+00:00,445653,RETRY_NOW,0.03333333333333333,0,0.27247191011235955,0.08333333333333333,-0.44263295221822097,1.0,1.0,0.7874923772376484,-0.6163243916904451,0.7692307692307692,4.0,0.16534712408787333,370.90879160260374,0.0,1.0
evt_pay_007271_0,cust_021,pay_007271,2026-06-28T08:35:15.209964+00:00,164485,DO_NOTHING,0.03333333333333333,0,0.25925925925925924,0.60622659986628,-0.6717908686880275,0.0,1.0,0.7791916723517143,-0.6267857191558681,0.6666666666666667,6.0,-0.0711177391970671,374.806661295838,0.0,0.0
evt_pay_001538_0,cust_009,pay_001538,2026-06-28T08:39:06.985538+00:00,107511,WHATSAPP_NUDGE,0.03333333333333333,0,0.25705329153605017,2.078375957797031,-0.2746440154762578,0.0,1.0,0.7685168961613289,-0.6398294931577921,0.8,3.0,-0.8984355580750027,360.9773687814327,0.0,1.0
evt_pay_000160_1,cust_054,pay_000160,2026-06-28T08:42:31.728205+00:00,140393,WHATSAPP_NUDGE,0.8333333333333334,1,0.4306784660766962,0.08333333333333333,1.1999038862706062,1.0,1.0,0.7589054452447453,-0.6512008332134371,0.7857142857142857,3.0,-0.6956354929968003,374.81944857061836,0.0,1.0
evt_pay_007254_1,cust_057,pay_007254,2026-06-28T08:43:01.135559+00:00,101676,WHATSAPP_NUDGE,0.8333333333333334,0,0.28807947019867547,0.08333333333333333,0.6912237660471529,1.0,1.0,0.7575110767724789,-0.6528223101020671,0.7333333333333334,8.0,-0.5990323654313375,379.6279710937735,1.0,0.0
evt_pay_006127_0,cust_056,pay_006127,2026-06-28T08:43:24.430486+00:00,172349,RETRY_LATER,0.8333333333333334,0,0.2336182336182336,0.8144258014516103,0.2332302759316881,0.0,1.0,0.7564040735062857,-0.6541046380993623,0.8333333333333334,6.0,-0.26273729270347856,370.31892387324115,0.0,1.0
evt_pay_001282_0,cust_010,pay_001282,2026-06-28T08:58:44.239431+00:00,62609,RETRY_NOW,0.8333333333333334,0,0.3061797752808989,1.373224830314977,-0.5940216108624816,0.0,1.0,0.7109918090855486,-0.7032002896851357,0.8461538461538461,9.0,-0.045395759303349575,388.31972280359787,1.0,0.0
evt_pay_005800_0,cust_037,pay_005800,2026-06-28T09:11:14.600983+00:00,129216,WHATSAPP_NUDGE,0.8333333333333334,0,0.35714285714285715,1.5637572746762771,-0.543680825415338,0.0,1.0,0.6715804549917498,-0.7409316381914558,0.85,3.0,-0.33341852366871827,366.01267140603295,0.0,0.0
evt_pay_003656_1,cust_051,pay_003656,2026-06-28T09:31:30.298808+00:00,580587,PAYMENT_LINK,0.8333333333333334,0,0.4840989399293286,0.08333333333333333,-0.1337844313977039,1.0,1.0,0.6035386160880982,-0.7973337688135773,0.8181818181818181,2.0,-1.013594580420746,367.1917885239057,0.0,0.0
evt_pay_000408_1,cust_027,pay_000408,2026-06-28T09:34:16.115795+00:00,83426,WHATSAPP_NUDGE,0.8333333333333334,1,0.2770700636942675,0.08333333333333333,0.1365460076612222,1.0,1.0,0.5938802794018879,-0.8045534250362343,0.96,6.0,-0.8172299270627982,361.5407111519105,0.0,0.0
evt_pay_008421_2,cust_043,pay_008421,2026-06-28T09:42:33.595909+00:00,145960,RETRY_NOW,0.03333333333333333,0,0.22699386503067484,0.2890241330877643,0.03364163029198167,2.0,1.0,0.5643910735174931,-0.8255075506219017,0.9230769230769231,4.0,-0.05414349663535748,374.0468110197742,0.0,1.0
evt_pay_006450_0,cust_050,pay_006450,2026-06-28T09:43:17.650205+00:00,118399,WHATSAPP_NUDGE,0.8333333333333334,0,0.4259818731117825,2.7763632831912446,0.043480414029893416,0.0,1.0,0.5617434875795937,-0.8273114613988585,0.6875,3.0,-0.900782201038446,386.1199157358097,0.0,0.0
evt_pay_004449_0,cust_022,pay_004449,2026-06-28T09:48:08.317069+00:00,116370,RETRY_LATER,0.8333333333333334,1,0.3425925925925926,1.10775279694667,0.10337625286792947,0.0,1.0,0.5441316786691266,-0.8389998309110189,0.8333333333333334,2.0,-0.6143468879245073,367.41480050194787,0.0,1.0
evt_pay_006628_0,cust_050,pay_006628,2026-06-28T09:51:54.385598+00:00,118475,PAYMENT_LINK,0.03333333333333333,1,0.4246987951807229,0.005980733725702218,0.04533125309644994,0.0,1.0,0.5302654702937141,-0.8478316643144359,0.7058823529411764,4.0,-0.900782201038446,386.12589646953546,0.0,0.0
evt_pay_000981_0,cust_002,pay_000981,2026-06-28T10:41:16.702297+00:00,275200,RETRY_LATER,0.8333333333333334,0,0.3132530120481928,0.38703039878366025,-0.2988668640806042,0.0,1.0,0.3367732928308431,-0.9415857630804914,0.92,7.0,-0.38277421977533765,367.52787760713653,0.0,1.0
evt_pay_006127_1,cust_056,pay_006127,2026-06-28T10:43:24.430486+00:00,165471,WHATSAPP_NUDGE,0.8333333333333334,0,0.23295454545454544,0.08333333333333333,0.10989594794488967,1.0,1.0,0.3280128241327943,-0.944673270080417,0.9230769230769231,6.0,-0.26273729270347856,370.40225720657446,0.0,1.0
evt_pay_005869_0,cust_016,pay_005869,2026-06-28T11:09:17.588947+00:00,101407,WHATSAPP_NUDGE,0.8333333333333334,0,0.28450704225352114,0.6495372598063037,-0.3678610386118847,0.0,1.0,0.2194496902155908,-0.9756238175978902,0.85,6.0,-0.5381138706705891,381.2444321554016,0.0,0.0
evt_pay_006145_0,cust_059,pay_006145,2026-06-28T11:10:29.401188+00:00,160945,WHATSAPP_NUDGE,0.8333333333333334,1,0.356401384083045,0.3361331323324066,-0.0765330055683718,0.0,1.0,0.21435168792361697,-0.976756547909609,0.6666666666666667,2.0,-0.38878117849020055,371.0862100289468,0.0,0.0
evt_pay_004607_0,cust_009,pay_004607,2026-06-28T11:15:25.346379+00:00,98570,RETRY_LATER,0.8333333333333334,0,0.25625,0.10854584306882013,-0.4894243811458953,0.0,1.0,0.19328216826326286,-0.9811432124982834,0.7692307692307692,4.0,-0.8984355580750027,361.0859146245016,0.0,1.0
evt_pay_006450_1,cust_050,pay_006450,2026-06-28T11:43:17.650205+00:00,96528,WHATSAPP_NUDGE,0.8333333333333334,1,0.4264264264264264,0.08333333333333333,-0.4923451430774262,1.0,1.0,0.07282839995496691,-0.9973444862032372,0.631578947368421,5.0,-0.900782201038446,386.20324906914306,1.0,0.0
evt_pay_000981_1,cust_002,pay_000981,2026-06-28T12:41:16.702297+00:00,349830,WHATSAPP_NUDGE,0.8333333333333334,0,0.3123123123123123,0.08333333333333333,0.39489578958797034,1.0,1.0,-0.17913865463260004,-0.9838238370848829,0.92,7.0,-0.38277421977533765,367.61121094046985,0.0,1.0
evt_pay_005869_1,cust_016,pay_005869,2026-06-28T13:09:17.588947+00:00,137616,WHATSAPP_NUDGE,0.8333333333333334,0,0.28370786516853935,0.08333333333333333,0.5209720930067707,1.0,1.0,-0.29776290221961793,-0.9546398556847238,0.8571428571428572,7.0,-0.5381138706705891,381.32776548873494,1.0,0.0
evt_pay_004607_1,cust_009,pay_004607,2026-06-28T13:15:25.346379+00:00,128680,WHATSAPP_NUDGE,0.8333333333333334,0,0.2554517133956386,0.08333333333333333,0.23385313236919905,1.0,1.0,-0.3231843384346175,-0.9463360309058186,0.7857142857142857,4.0,-0.8984355580750027,361.1692479578349,0.0,1.0
evt_pay_007747_0,cust_003,pay_007747,2026-06-28T13:15:48.778734+00:00,209806,WHATSAPP_NUDGE,0.8333333333333334,0,0.4795539033457249,4.198891987692643,-0.13541932324643116,0.0,1.0,-0.3247964713232441,-0.945783935270614,0.92,2.0,2.053947620637407,364.58330985752565,0.0,0.0
evt_pay_003276_0,cust_012,pay_003276,2026-06-28T13:32:54.536749+00:00,520788,PAYMENT_LINK,0.8333333333333334,1,0.5672727272727273,4.055155528536299,-0.10976563484778115,0.0,1.0,-0.3943787905504361,-0.9189479689100876,0.6111111111111112,4.0,-0.5006574979571285,368.77060703663074,0.0,0.0
evt_pay_003431_0,cust_023,pay_003431,2026-06-28T13:40:07.759497+00:00,69569,WHATSAPP_NUDGE,0.8333333333333334,0,0.3684210526315789,0.6224423169200767,-0.49413648996738974,0.0,1.0,-0.42312961169703917,-0.9060691649676159,0.5789473684210527,10.0,0.9385908116339667,382.82179928070013,0.0,0.0
evt_pay_008316_0,cust_012,pay_008316,2026-06-28T14:06:22.665858+00:00,481608,WHATSAPP_NUDGE,0.8333333333333334,0,0.5688405797101449,4.0783977635927995,-0.3164557741119461,0.0,1.0,-0.5239032676144413,-0.8517777680727004,0.6111111111111112,5.0,-0.5006574979571285,368.7938492716872,0.0,0.0
evt_pay_003260_0,cust_031,pay_003260,2026-06-28T14:43:34.690498+00:00,43985,RETRY_LATER,0.8333333333333334,0,0.2818991097922849,2.3487298157754517,-0.5203401642819927,0.0,1.0,-0.6546688310890447,-0.755915816477274,0.75,5.0,-0.07508066613848166,381.94908967014584,0.0,1.0
evt_pay_000640_0,cust_004,pay_000640,2026-06-28T15:02:24.416223+00:00,394115,RETRY_NOW,0.8333333333333334,0,0.4674329501915709,4.996148342095883,-0.18488558947961142,0.0,1.0,-0.7144938571311877,-0.699641714109299,0.7692307692307692,4.0,-0.2585165281110097,384.7906254041127,1.0,0.0
evt_pay_002076_0,cust_034,pay_002076,2026-06-28T15:05:29.836114+00:00,43537,RETRY_NOW,0.8333333333333334,0,0.3771626297577855,3.3027841209990356,-0.5575583322650539,0.0,1.0,-0.723862666450731,-0.6899440847770475,0.9230769230769231,4.0,-0.5369784473169031,372.74167263991984,1.0,0.0
evt_pay_003431_1,cust_023,pay_003431,2026-06-28T15:40:07.759497+00:00,82141,WHATSAPP_NUDGE,0.8333333333333334,0,0.36728395061728397,0.08333333333333333,-0.06710268007351791,1.0,1.0,-0.8194755753068892,-0.573114108599189,0.6111111111111112,11.0,0.9385908116339667,382.90513261403345,1.0,0.0
evt_pay_002569_2,cust_021,pay_002569,2026-06-28T16:02:17.231735+00:00,214468,ESCALATE_HUMAN,0.8333333333333334,0,0.25862068965517243,0.31044006680038666,-0.007721188096836963,2.0,1.0,-0.8709720817344802,-0.4913325074113315,0.631578947368421,5.0,-0.0711177391970671,375.1171013626384,1.0,0.0
evt_pay_008316_1,cust_012,pay_008316,2026-06-28T16:06:22.665858+00:00,410818,DO_NOTHING,0.03333333333333333,0,0.5667870036101083,0.08333333333333333,-0.6899059827693932,1.0,1.0,-0.8796024229161336,-0.4757095517225478,0.631578947368421,6.0,-0.5006574979571285,368.87718260502055,1.0,0.0
evt_pay_003260_1,cust_031,pay_003260,2026-06-28T16:43:34.690498+00:00,53567,WHATSAPP_NUDGE,0.8333333333333334,1,0.28106508875739644,0.08333333333333333,-0.011289907334197748,1.0,1.0,-0.9449177470276136,-0.3273078846472522,0.7857142857142857,5.0,-0.07508066613848166,382.03242300347915,0.0,0.0
evt_pay_000456_2,cust_002,pay_000456,2026-06-28T16:51:26.654724+00:00,258600,ESCALATE_HUMAN,0.8333333333333334,0,0.31137724550898205,0.1737263012458167,-0.45318489599423734,2.0,1.0,-0.9555929620407931,-0.2946898215040745,0.9047619047619048,8.0,-0.38277421977533765,367.7849372417157,1.0,0.0
evt_pay_007227_0,cust_002,pay_007227,2026-06-28T17:14:40.925114+00:00,252160,WHATSAPP_NUDGE,0.8333333333333334,0,0.31044776119402984,0.016137388768887224,-0.5130529237925641,0.0,1.0,-0.9805137144239843,-0.19645064475964782,0.9047619047619048,8.0,-0.38277421977533765,367.8010746304846,0.0,0.0
evt_pay_001336_0,cust_059,pay_001336,2026-06-28T18:08:28.950044+00:00,213900,RETRY_NOW,0.8333333333333334,0,0.3586206896551724,0.6264056885359347,0.838358220352914,0.0,1.0,-0.9993151381250747,0.037003441921840366,0.6111111111111112,3.0,-0.38878117849020055,371.37648258515037,1.0,0.0
evt_pay_002444_0,cust_020,pay_002444,2026-06-28T18:09:24.325966+00:00,59642,WHATSAPP_NUDGE,0.03333333333333333,1,0.2675324675324675,0.5411300324672462,-0.07648436643674232,0.0,1.0,-0.9991580207872731,0.04102742371218368,0.9,7.0,0.06752823759169156,373.9949518323263,0.0,1.0
evt_pay_006839_0,cust_019,pay_006839,2026-06-28T18:18:17.615704+00:00,140990,RETRY_NOW,0.8333333333333334,0,0.39556962025316456,0.7755673011726382,0.508865005928275,0.0,1.0,-0.9968160057111733,0.07973613207337031,0.7692307692307692,7.0,-0.5137657855739247,365.1719566302989,1.0,0.0
evt_pay_000646_0,cust_053,pay_000646,2026-06-28T18:24:31.098862+00:00,318978,WHATSAPP_NUDGE,0.8333333333333334,0,0.32098765432098764,0.5663887334374446,-0.00959114361359351,0.0,1.0,-0.9942829534701874,0.10677737793465993,0.7333333333333334,6.0,-0.06914381847567465,359.7513851824005,0.0,0.0
evt_pay_000491_0,cust_017,pay_000491,2026-06-28T19:18:26.674825+00:00,675511,RETRY_NOW,0.03333333333333333,0,0.26843657817109146,0.47901224447700014,0.9139778278221887,0.0,1.0,-0.9419921833470917,0.3356348112353354,0.9,11.0,0.5027156808516637,382.36608395618015,0.0,1.0
evt_pay_000646_1,cust_053,pay_000646,2026-06-28T20:24:31.098862+00:00,363842,WHATSAPP_NUDGE,0.8333333333333334,0,0.32,0.08333333333333333,0.39091942928701057,1.0,1.0,-0.8076856072876737,0.5896133985760007,0.75,7.0,-0.06914381847567465,359.8347185157338,1.0,0.0
evt_pay_002049_0,cust_049,pay_002049,2026-06-28T20:43:03.177518+00:00,373029,RETRY_NOW,0.8333333333333334,0,0.2950310559006211,2.969492439852312,0.3220046291647991,0.0,1.0,-0.7574141273126144,0.6529347898123294,0.95,10.0,0.2100296838614713,361.74414607761645,1.0,0.0
evt_pay_004455_2,cust_023,pay_004455,2026-06-28T20:43:48.743315+00:00,87152,ESCALATE_HUMAN,0.8333333333333334,1,0.36615384615384616,0.2108910164132567,0.10310891176302175,2.0,1.0,-0.7552463832793618,0.655440996996254,0.6666666666666667,12.0,0.9385908116339667,383.11602363044676,0.0,0.0
evt_pay_002663_2,cust_039,pay_002663,2026-06-28T20:56:12.248630+00:00,263663,ESCALATE_HUMAN,0.8333333333333334,1,0.5977011494252874,0.9166666666666666,0.1348453743695908,2.0,1.0,-0.7187207512203365,0.6952988434948495,0.8333333333333334,0.0,-0.6642333856639545,360.27412337462437,0.0,0.0
evt_pay_006113_0,cust_031,pay_006113,2026-06-28T21:18:05.053440+00:00,48003,WHATSAPP_NUDGE,0.8333333333333334,0,0.2831858407079646,0.2739625340514067,-0.3068968174117388,0.0,1.0,-0.6491685579082443,0.7606445841674877,0.75,6.0,-0.07508066613848166,382.22305220419724,0.0,0.0
evt_pay_006576_0,cust_058,pay_006576,2026-06-28T21:34:37.668496+00:00,220211,WHATSAPP_NUDGE,0.8333333333333334,0,0.3176470588235294,0.5595166074200506,-0.2629281592462772,0.0,1.0,-0.5926185282946151,0.8054832586229986,1.0,4.0,4.286983765334936,377.8631596846298,0.0,0.0
evt_pay_002049_1,cust_049,pay_002049,2026-06-28T22:43:03.177518+00:00,297936,WHATSAPP_NUDGE,0.8333333333333334,0,0.29411764705882354,0.08333333333333333,-0.3179721488259924,1.0,1.0,-0.32947248053177924,0.9441651786484377,0.95,10.0,0.2100296838614713,361.82747941094976,0.0,0.0
evt_pay_002400_0,cust_059,pay_002400,2026-06-28T23:27:31.078675+00:00,191633,RETRY_LATER,0.8333333333333334,1,0.35738831615120276,0.22155241470617662,0.45366633960225505,0.0,1.0,-0.14125554136359803,0.9899731673303458,0.5882352941176471,2.0,-0.38878117849020055,371.5980349998565,0.0,1.0
evt_pay_007430_0,cust_009,pay_007430,2026-06-28T23:30:28.373481+00:00,88882,RETRY_NOW,0.8333333333333334,0,0.2546583850931677,0.42711836923168295,-0.7221407496855708,0.0,1.0,-0.12848019053641127,0.9917120754733842,0.7,5.0,-0.8984355580750027,361.59636632706656,1.0,0.0
evt_pay_006096_0,cust_051,pay_006096,2026-06-28T23:31:58.028629+00:00,798723,PAYMENT_LINK,0.8333333333333334,1,0.4823943661971831,0.5836542803391845,0.8894239906249081,0.0,1.0,-0.12201163567498033,0.9925286699939281,0.7272727272727273,3.0,-1.013594580420746,367.7754428042449,0.0,0.0
evt_pay_004266_0,cust_054,pay_004266,2026-06-28T23:32:42.017486+00:00,102815,WHATSAPP_NUDGE,0.8333333333333334,0,0.4323529411764706,0.7015079777908871,0.11397795613204954,0.0,1.0,-0.11883595737568173,0.992913901219338,0.7647058823529411,3.0,-0.6956354929968003,375.4376232150759,0.0,0.0
evt_pay_006576_1,cust_058,pay_006576,2026-06-28T23:34:37.668496+00:00,293799,WHATSAPP_NUDGE,0.8333333333333334,0,0.31671554252199413,0.08333333333333333,0.6039804746769911,1.0,1.0,-0.11048107094498519,0.9938782284378953,1.0,4.0,4.286983765334936,377.9464930179631,1.0,0.0
evt_pay_007851_0,cust_002,pay_007851,2026-06-28T23:55:24.536480+00:00,309535,RETRY_LATER,0.8333333333333334,0,0.30952380952380953,0.2782825389564702,0.02031430592464376,0.0,1.0,-0.020030932719616056,0.9997993607391346,0.9523809523809523,9.0,-0.38277421977533765,368.07935716944104,0.0,1.0
evt_pay_000739_0,cust_017,pay_000739,2026-06-29T00:31:27.871950+00:00,499206,RETRY_NOW,0.8333333333333334,0,0.2676470588235294,0.2173749667268415,-0.0702643031875846,0.0,1.0,0.13685904332688617,0.9905905320866183,0.95,11.0,0.5027156808516637,382.583458922907,1.0,0.0
evt_pay_007430_1,cust_009,pay_007430,2026-06-29T01:30:28.373481+00:00,99701,WHATSAPP_NUDGE,0.8333333333333334,0,0.25386996904024767,0.08333333333333333,-0.46225612588882736,1.0,1.0,0.38458892884909507,0.923087945867947,0.7,5.0,-0.8984355580750027,361.6796996603999,1.0,0.0
evt_pay_007851_1,cust_002,pay_007851,2026-06-29T01:55:24.536480+00:00,398308,WHATSAPP_NUDGE,0.8333333333333334,0,0.3086053412462908,0.08333333333333333,0.8455479450542931,1.0,1.0,0.48255238377288345,0.8758671114473404,0.9473684210526316,9.0,-0.38277421977533765,368.1626905027744,0.0,1.0
evt_pay_000739_1,cust_017,pay_000739,2026-06-29T02:31:27.871950+00:00,536894,PAYMENT_LINK,0.8333333333333334,0,0.2668621700879765,0.08333333333333333,0.1401308301238226,1.0,1.0,0.6138186743020277,0.7894470438719124,0.95,11.0,0.5027156808516637,382.66679225624034,0.0,0.0
evt_pay_004875_0,cust_028,pay_004875,2026-06-29T02:43:15.843712+00:00,314044,RETRY_LATER,0.8333333333333334,0,0.3853820598006645,0.7922125506767088,1.065681570962192,0.0,1.0,0.6536321757284601,0.7568123802188224,0.9523809523809523,2.0,0.3910481863531735,360.44065437530463,0.0,1.0
evt_pay_001691_0,cust_030,pay_001691,2026-06-29T03:04:49.182975+00:00,182048,RETRY_LATER,0.03333333333333333,0,0.3407821229050279,0.8957317117121875,0.15043028293797928,0.0,1.0,0.7218197693782122,0.6920810794515224,0.9090909090909091,3.0,1.7722569671050512,360.07254159846167,1.0,0.0
evt_pay_000713_2,cust_020,pay_000713,2026-06-29T03:10:10.691161+00:00,60156,ESCALATE_HUMAN,0.8333333333333334,0,0.2694300518134715,0.9166666666666666,-0.052533026067742725,2.0,1.0,0.7378023739285288,0.6750167827731599,0.9166666666666666,8.0,0.06752823759169156,374.3704884665257,0.0,1.0
evt_pay_006134_2,cust_007,pay_006134,2026-06-29T03:42:37.109747+00:00,278879,ESCALATE_HUMAN,0.8333333333333334,0,0.3088235294117647,0.9166666666666666,-0.3247504601933149,2.0,1.0,0.8256517445095946,0.5641801102380899,0.9166666666666666,10.0,-0.46533070623945577,388.2529027581565,0.0,0.0
evt_pay_006172_0,cust_016,pay_006172,2026-06-29T03:56:38.901020+00:00,123031,RETRY_NOW,0.8333333333333334,0,0.28291316526610644,0.6162188897301727,0.162953101975147,0.0,1.0,0.8586208919427264,0.5126111234839495,0.9166666666666666,7.0,-0.5381138706705891,381.94398437846513,1.0,0.0
evt_pay_000631_2,cust_018,pay_000631,2026-06-29T04:18:08.389783+00:00,127983,ESCALATE_HUMAN,0.8333333333333334,0,0.27796610169491526,0.9166666666666666,-0.334048778517681,2.0,1.0,0.902847780721092,0.4299603293874901,0.95,3.0,-0.4554811204429685,364.8014825613164,0.0,1.0
evt_pay_008206_0,cust_037,pay_008206,2026-06-29T04:27:10.793745+00:00,149464,ESCALATE_HUMAN,0.03333333333333333,0,0.35587188612099646,0.802733712527432,-0.1811790785916932,0.0,1.0,0.9191007786174854,0.3940225358335893,0.9166666666666666,4.0,-0.33341852366871827,366.81540511856036,0.0,0.0
evt_pay_004875_1,cust_028,pay_004875,2026-06-29T04:43:15.843712+00:00,178084,WHATSAPP_NUDGE,0.8333333333333334,0,0.3841059602649007,0.08333333333333333,-0.6326400238217935,1.0,1.0,0.9444682590211521,0.3286026593038377,0.95,2.0,0.3910481863531735,360.523987708638,0.0,0.0
evt_pay_002171_0,cust_022,pay_002171,2026-06-29T04:45:55.606266+00:00,110833,RETRY_NOW,0.8333333333333334,1,0.3446153846153846,1.8978834589479068,-0.03749293497206348,0.0,1.0,0.9482222211866825,0.31760764985716905,0.7272727272727273,2.0,-0.6143468879245073,368.20493116394914,1.0,0.0
evt_pay_002639_0,cust_034,pay_002639,2026-06-29T05:46:07.616868+00:00,59428,ESCALATE_HUMAN,0.03333333333333333,0,0.3758620689655172,0.6115483883471597,0.2818092178031572,0.0,1.0,0.9981684609512895,0.06049564911738771,1.0,3.0,-0.5369784473169031,373.35322102826694,0.0,1.0
evt_pay_000896_0,cust_001,pay_000896,2026-06-29T05:50:37.517823+00:00,505671,PAYMENT_LINK,0.8333333333333334,0,0.27170868347338933,0.8878003004517723,-0.11746117741881272,0.0,1.0,0.9991635129310537,0.04089345213204993,0.7857142857142857,4.0,0.16534712408787333,371.79659190305546,0.0,0.0
evt_pay_005235_0,cust_004,pay_005235,2026-06-29T05:51:11.707685+00:00,451705,RETRY_LATER,0.03333333333333333,0,0.46564885496183206,0.6172140215453888,0.20559584757748728,0.0,1.0,0.9992621001453156,0.03840905118814157,0.8,4.0,-0.2585165281110097,385.40783942565804,0.0,0.0
evt_pay_008092_0,cust_029,pay_008092,2026-06-29T06:11:40.293821+00:00,54946,RETRY_NOW,0.8333333333333334,0,0.3710144927536232,2.3631728684094924,0.6517524960374287,0.0,1.0,0.9987035105716139,-0.05090479321178245,0.9523809523809523,2.0,-0.8256115037842402,363.2713922216749,1.0,0.0
evt_pay_007254_2,cust_057,pay_007254,2026-06-29T06:43:01.135559+00:00,64477,ESCALATE_HUMAN,0.8333333333333334,1,0.2871287128712871,0.9166666666666666,-0.606975983474189,2.0,1.0,0.9824349911841045,-0.18660516631939342,0.7857142857142857,8.0,-0.5990323654313375,380.54463776044014,0.0,0.0
evt_pay_003768_0,cust_047,pay_003768,2026-06-29T06:59:54.462248+00:00,123918,RETRY_LATER,0.8333333333333334,0,0.39730639730639733,1.4857749843694517,0.3309024968057794,0.0,1.0,0.9660299787121881,-0.2584300296585702,1.0,0.0,1.898235005697721,362.30783721005565,0.0,1.0
evt_pay_000537_0,cust_023,pay_000537,2026-06-29T07:02:51.411170+00:00,76514,WHATSAPP_NUDGE,0.8333333333333334,0,0.36809815950920244,0.6407830054823384,-0.2582303000958095,0.0,1.0,0.9626245896823867,-0.27083924999677694,0.5333333333333333,11.0,0.9385908116339667,383.5459156195158,0.0,0.0
evt_pay_000150_0,cust_056,pay_000150,2026-06-29T07:08:24.821375+00:00,158276,WHATSAPP_NUDGE,0.8333333333333334,0,0.23229461756373937,0.8506989686142864,-0.019118558165153957,0.0,1.0,0.9557754494637065,-0.29409741617778606,1.0,7.0,-0.26273729270347856,371.2529561751888,0.0,0.0
evt_pay_002426_0,cust_034,pay_002426,2026-06-29T07:22:46.956854+00:00,61095,RETRY_LATER,0.8333333333333334,0,0.3745704467353952,0.06712199058449642,0.3698920468099954,0.0,1.0,0.9354708426379151,-0.3534038802479522,1.0,3.0,-0.5369784473169031,373.4203430188515,0.0,1.0
evt_pay_000896_1,cust_001,pay_000896,2026-06-29T07:50:37.517823+00:00,543947,WHATSAPP_NUDGE,0.03333333333333333,1,0.2709497206703911,0.08333333333333333,0.08991797084465374,1.0,1.0,0.8857477107988189,-0.4641669880707287,0.7692307692307692,5.0,0.16534712408787333,371.8799252363888,0.0,0.0
evt_pay_005235_1,cust_004,pay_005235,2026-06-29T07:51:11.707685+00:00,400188,WHATSAPP_NUDGE,0.8333333333333334,0,0.46387832699619774,0.08333333333333333,-0.14370824315309805,1.0,1.0,0.8845908893589038,-0.46636783600847037,0.7142857142857143,4.0,-0.2585165281110097,385.49117275899135,0.0,0.0
evt_pay_003386_0,cust_012,pay_003386,2026-06-29T07:51:51.980654+00:00,433433,PAYMENT_LINK,0.03333333333333333,1,0.564748201438849,0.6565892916200937,-0.5705982863885027,0.0,1.0,0.8832212306871536,-0.4689565626616923,0.6,4.0,-0.5006574979571285,369.53377189664064,0.0,1.0
evt_pay_008092_1,cust_029,pay_008092,2026-06-29T08:11:40.293821+00:00,33608,WHATSAPP_NUDGE,0.8333333333333334,0,0.3699421965317919,0.08333333333333333,-0.7109160038044263,1.0,1.0,0.8394502143978271,-0.5434365993816043,0.9444444444444444,2.0,-0.8256115037842402,363.3547255550082,1.0,0.0
evt_pay_007915_0,cust_003,pay_007915,2026-06-29T08:17:41.211765+00:00,195546,RETRY_LATER,0.8333333333333334,0,0.4777777777777778,0.7929679748918564,-0.3204019349314589,0.0,1.0,0.824899310748489,-0.5652796892925376,0.9473684210526316,3.0,2.053947620637407,365.37627783241754,0.0,1.0
evt_pay_002669_0,cust_016,pay_002669,2026-06-29T08:36:45.841237+00:00,113975,RETRY_LATER,0.8333333333333334,0,0.28212290502793297,0.19452477102754528,-0.05933592150875035,0.0,1.0,0.7750437012364833,-0.6319076365843769,0.8888888888888888,7.0,-0.5381138706705891,382.1385091494926,0.0,1.0
evt_pay_007000_0,cust_025,pay_007000,2026-06-29T08:37:23.302379+00:00,185012,RETRY_LATER,0.8333333333333334,0,0.44089456869009586,1.072251641250811,-0.41187567162220756,0.0,1.0,0.7733193522712436,-0.6340167027790232,1.0,6.0,0.10753773716001852,366.0431096526165,0.0,1.0
evt_pay_002928_0,cust_017,pay_002928,2026-06-29T08:48:13.466085+00:00,488239,RETRY_LATER,0.8333333333333334,0,0.26608187134502925,0.2616388210124114,-0.13149280277337475,0.0,1.0,0.7424892021132463,-0.6698580332766301,0.95,12.0,0.5027156808516637,382.92843107725275,0.0,1.0
evt_pay_007189_0,cust_047,pay_007189,2026-06-29T08:57:13.122475+00:00,104559,RETRY_NOW,0.8333333333333334,0,0.3959731543624161,0.08146597485263858,-0.16713962655460585,0.0,1.0,0.7156357205951833,-0.6984737041637378,1.0,0.0,1.898235005697721,362.3893031849084,1.0,0.0
evt_pay_003768_1,cust_047,pay_003768,2026-06-29T08:59:54.462248+00:00,144218,WHATSAPP_NUDGE,0.8333333333333334,0,0.39464882943143814,0.0018673584806947474,0.85316496801684,1.0,1.0,0.7073914875528102,-0.7068219601411818,1.0,0.0,1.898235005697721,362.391170543389,0.0,0.0
evt_pay_000537_1,cust_023,pay_000537,2026-06-29T09:02:51.411170+00:00,68187,WHATSAPP_NUDGE,0.8333333333333334,1,0.3669724770642202,0.08333333333333333,-0.5410729291272289,1.0,1.0,0.69823772397413,-0.7158659656803267,0.5333333333333333,12.0,0.9385908116339667,383.62924895284914,0.0,0.0
evt_pay_006614_0,cust_008,pay_006614,2026-06-29T09:06:14.017817+00:00,202533,WHATSAPP_NUDGE,0.8333333333333334,0,0.32063492063492066,1.3416357808692965,-0.14285212100832662,0.0,1.0,0.6876147683389799,-0.726075705668583,0.9,4.0,0.4190160498383978,375.84358816138365,0.0,0.0
evt_pay_000150_1,cust_056,pay_000150,2026-06-29T09:08:24.821375+00:00,196863,WHATSAPP_NUDGE,0.8333333333333334,0,0.23163841807909605,0.08333333333333333,0.6727772767689741,1.0,1.0,0.6806771114601669,-0.7325835583291803,1.0,8.0,-0.26273729270347856,371.33628950852216,0.0,1.0
evt_pay_002426_1,cust_034,pay_002426,2026-06-29T09:22:46.956854+00:00,54102,WHATSAPP_NUDGE,0.8333333333333334,1,0.3732876712328767,0.08333333333333333,0.0004860142904368352,1.0,1.0,0.6334395741000934,-0.7737921594096778,1.0,3.0,-0.5369784473169031,373.5036763521848,0.0,0.0
evt_pay_002518_0,cust_016,pay_002518,2026-06-29T09:24:55.147746+00:00,134675,WHATSAPP_NUDGE,0.8333333333333334,1,0.28133704735376047,0.03344104756217803,0.4487947882223394,0.0,1.0,0.6261986278132863,-0.7796635675243249,0.9,7.0,-0.5381138706705891,382.17195019705485,0.0,0.0
evt_pay_001473_0,cust_002,pay_001473,2026-06-29T09:46:02.520040+00:00,264090,RETRY_LATER,0.8333333333333334,0,0.3076923076923077,0.3268285134237203,-0.4021502616944983,0.0,1.0,0.5517841560883018,-0.8339869573859777,1.0,10.0,-0.38277421977533765,368.4895190161981,0.0,1.0
evt_pay_001854_0,cust_027,pay_001854,2026-06-29T10:04:08.473744+00:00,88173,DO_NOTHING,0.03333333333333333,0,0.27936507936507937,1.1040782170068724,0.3068743215080768,0.0,1.0,0.4842705630308148,-0.8749182943462879,1.0,7.0,-0.8172299270627982,362.56145603558406,0.0,1.0
evt_pay_007158_0,cust_000,pay_007158,2026-06-29T10:16:12.462530+00:00,132620,WHATSAPP_NUDGE,0.8333333333333334,0,0.3667711598746082,1.7359104531084693,0.11931699534871212,0.0,1.0,0.4375563891133846,-0.8991909732343049,0.5,4.0,0.8132490481077264,379.08313056088156,0.0,0.0
evt_pay_007000_1,cust_025,pay_007000,2026-06-29T10:37:23.302379+00:00,211175,ESCALATE_HUMAN,0.03333333333333333,0,0.4394904458598726,0.08333333333333333,-0.06609070330127838,1.0,1.0,0.3527058529155128,-0.9357342471659037,0.9230769230769231,5.0,0.10753773716001852,366.12644298594984,0.0,0.0
evt_pay_000981_2,cust_002,pay_000981,2026-06-29T10:41:16.702297+00:00,370578,ESCALATE_HUMAN,0.8333333333333334,0,0.30678466076696165,0.03835859093843889,0.5877722681999673,2.0,1.0,0.3367732928308431,-0.9415857630804914,1.0,10.0,-0.38277421977533765,368.52787760713653,0.0,1.0
evt_pay_002928_1,cust_017,pay_002928,2026-06-29T10:48:13.466085+00:00,435459,WHATSAPP_NUDGE,0.8333333333333334,0,0.2653061224489796,0.08333333333333333,-0.4261414034233593,1.0,1.0,0.3080854944273945,-0.9513586748032667,1.0,12.0,0.5027156808516637,383.01176441058607,0.0,1.0
evt_pay_006285_0,cust_030,pay_006285,2026-06-29T11:00:56.284716+00:00,180601,RETRY_LATER,0.8333333333333334,0,0.3398328690807799,0.33063775162963793,0.12653211608608564,0.0,1.0,0.25486321836807224,-0.9669771144774153,0.8181818181818181,3.0,1.7722569671050512,360.4031793500913,0.0,1.0
evt_pay_006614_1,cust_008,pay_006614,2026-06-29T11:06:14.017817+00:00,261471,WHATSAPP_NUDGE,0.8333333333333334,0,0.31962025316455694,0.08333333333333333,0.6470229321367007,1.0,1.0,0.23245400456461704,-0.9726073903491959,0.8333333333333334,5.0,0.4190160498383978,375.92692149471696,1.0,0.0
evt_pay_005869_2,cust_016,pay_005869,2026-06-29T11:09:17.588947+00:00,100462,ESCALATE_HUMAN,0.8333333333333334,0,0.2833333333333333,0.10592300590894865,-0.3910648914131436,2.0,1.0,0.2194496902155908,-0.9756238175978902,0.8461538461538461,8.0,-0.5381138706705891,382.2444321554016,0.0,1.0
evt_pay_007099_0,cust_002,pay_007099,2026-06-29T11:22:57.750661+00:00,281952,WHATSAPP_NUDGE,0.8333333333333334,0,0.3058823529411765,0.028947319027831025,-0.2361005060401269,0.0,1.0,0.1609040129380826,-0.9869700596372827,1.0,10.0,-0.38277421977533765,368.5568249261643,0.0,0.0
evt_pay_002502_0,cust_032,pay_002502,2026-06-29T12:09:51.379242+00:00,397242,RETRY_LATER,0.8333333333333334,0,0.23943661971830985,1.4913974595181874,0.6384436734124979,0.0,1.0,-0.04299305629316642,-0.999075371085972,1.0,9.0,0.2905055503479753,384.97020064449936,0.0,1.0
evt_pay_007158_1,cust_000,pay_007158,2026-06-29T12:16:12.462530+00:00,119142,WHATSAPP_NUDGE,0.8333333333333334,0,0.365625,0.08333333333333333,-0.1831776912438571,1.0,1.0,-0.07066053805677237,-0.9975004202312535,0.6153846153846154,5.0,0.8132490481077264,379.1664638942149,0.0,1.0
evt_pay_006780_0,cust_029,pay_006780,2026-06-29T12:47:00.119968+00:00,42175,RETRY_LATER,0.03333333333333333,0,0.3688760806916426,0.1912016915073309,-0.16385285045904122,0.0,1.0,-0.20365029260223497,-0.9790436958190498,1.0,3.0,-0.8256115037842402,363.54592724651565,1.0,0.0
evt_pay_008554_0,cust_049,pay_008554,2026-06-29T13:03:00.883699+00:00,407347,RETRY_NOW,0.8333333333333334,0,0.2932098765432099,0.5971956734002409,0.6144857233474388,0.0,1.0,-0.27150230093734956,-0.962437790501664,1.0,10.0,0.2100296838614713,362.4246750843501,1.0,0.0
evt_pay_007099_1,cust_002,pay_007099,2026-06-29T13:22:57.750661+00:00,278866,WHATSAPP_NUDGE,0.8333333333333334,0,0.30498533724340177,0.08333333333333333,-0.26478401038177934,1.0,1.0,-0.35413806704340167,-0.9351931508895706,1.0,11.0,-0.38277421977533765,368.64015825949764,0.0,0.0
evt_pay_002502_1,cust_032,pay_002502,2026-06-29T14:09:51.379242+00:00,380781,WHATSAPP_NUDGE,0.8333333333333334,0,0.23876404494382023,0.08333333333333333,0.49359175865578486,1.0,1.0,-0.5367707644792028,-0.8437281235092334,1.0,9.0,0.2905055503479753,385.0535339778327,0.0,0.0
evt_pay_004930_0,cust_042,pay_004930,2026-06-29T14:13:15.748209+00:00,332460,RETRY_LATER,0.8333333333333334,0,0.40532544378698226,2.101171551325592,1.2303766268727723,0.0,1.0,-0.5492506198656182,-0.8356576790631641,0.6363636363636364,5.0,0.21388002896855346,386.522128547828,0.0,1.0
evt_pay_006780_1,cust_029,pay_006780,2026-06-29T14:47:00.119968+00:00,32262,WHATSAPP_NUDGE,0.8333333333333334,0,0.367816091954023,0.08333333333333333,-0.7968809363629409,1.0,1.0,-0.6658881747911943,-0.7460515656931843,1.0,3.0,-0.8256115037842402,363.62926057984896,0.0,1.0
evt_pay_008033_0,cust_020,pay_008033,2026-06-29T14:58:01.064238+00:00,70963,RETRY_NOW,0.03333333333333333,1,0.268733850129199,0.4915552439546218,0.45130817499662684,0.0,1.0,-0.7009644632261002,-0.7131962011215043,0.8333333333333334,8.0,0.06752823759169156,374.86204371048035,0.0,0.0
evt_pay_005741_0,cust_020,pay_005741,2026-06-29T15:05:26.530118+00:00,61838,RETRY_NOW,0.8333333333333334,0,0.2706185567010309,0.4967110990466684,0.02588905853060283,0.0,1.0,-0.7236967699970062,-0.6901180950358425,0.7692307692307692,8.0,0.06752823759169156,374.86719956557243,1.0,0.0
evt_pay_002044_0,cust_045,pay_002044,2026-06-29T15:35:14.847521+00:00,89120,RETRY_NOW,0.8333333333333334,0,0.2247191011235955,1.8662680266616007,0.059508677698021456,0.0,1.0,-0.8070825960184447,-0.5904385515903648,0.9166666666666666,4.0,1.000889969158722,363.485988781539,1.0,0.0
evt_pay_001365_0,cust_051,pay_001365,2026-06-29T15:42:22.448669+00:00,756041,RETRY_LATER,0.8333333333333334,1,0.4842105263157895,1.2575480307962152,0.6892177060508947,0.0,1.0,-0.8250497557165661,-0.5650600858245383,0.5,4.0,-1.013594580420746,368.44933655470186,0.0,1.0
evt_pay_001888_0,cust_016,pay_001888,2026-06-29T15:49:35.619217+00:00,131783,RETRY_NOW,0.8333333333333334,1,0.28254847645429365,0.1946531281174657,0.37780088931420164,0.0,1.0,-0.8424374773986026,-0.5387941134369221,0.7857142857142857,6.0,-0.5381138706705891,382.43908528351903,1.0,0.0
evt_pay_000628_0,cust_045,pay_000628,2026-06-29T16:11:25.920273+00:00,85771,WHATSAPP_NUDGE,0.8333333333333334,0,0.22408963585434175,0.025128156858689483,-0.05009963220112048,0.0,1.0,-0.8898786426764119,-0.4561973271605028,0.9230769230769231,4.0,1.000889969158722,363.51111693839766,0.0,0.0
evt_pay_004930_1,cust_042,pay_004930,2026-06-29T16:13:15.748209+00:00,202890,WHATSAPP_NUDGE,0.8333333333333334,1,0.40412979351032446,0.08333333333333333,-0.36265409522499636,1.0,1.0,-0.8934938293795572,-0.44907546900343454,0.5555555555555556,4.0,0.21388002896855346,386.6054618811613,1.0,0.0
evt_pay_005741_1,cust_020,pay_005741,2026-06-29T17:05:26.530118+00:00,62554,WHATSAPP_NUDGE,0.8333333333333334,0,0.2699228791773779,0.08333333333333333,0.05927236729952783,1.0,1.0,-0.9717988349720726,-0.23581141691385984,0.7333333333333334,8.0,0.06752823759169156,374.95053289890575,0.0,1.0
evt_pay_002845_0,cust_027,pay_002845,2026-06-29T17:06:28.427797+00:00,86671,WHATSAPP_NUDGE,0.8333333333333334,0,0.27848101265822783,0.2932865052479959,0.25299294449729104,0.0,1.0,-0.9728504502588441,-0.2314346590966107,1.0,7.0,-0.8172299270627982,362.8547425408321,0.0,0.0
evt_pay_006493_0,cust_002,pay_006493,2026-06-29T17:28:38.377407+00:00,369233,RETRY_LATER,0.8333333333333334,0,0.30409356725146197,0.17060910586633327,0.5752640045784659,0.0,1.0,-0.9906526275815734,-0.13640883939732226,1.0,12.0,-0.38277421977533765,368.810767365364,0.0,1.0
evt_pay_002044_1,cust_045,pay_002044,2026-06-29T17:35:14.847521+00:00,95552,WHATSAPP_NUDGE,0.8333333333333334,0,0.22346368715083798,0.05820517647464385,0.2700056138887178,1.0,1.0,-0.994173306899449,-0.10779348704172217,0.9285714285714286,5.0,1.000889969158722,363.56932211487236,0.0,0.0
evt_pay_004508_0,cust_015,pay_004508,2026-06-29T18:00:35.600022+00:00,124163,WHATSAPP_NUDGE,0.8333333333333334,0,0.380327868852459,2.0276152157956253,0.151160220523716,0.0,1.0,-0.9999966487830116,0.002588903773023823,0.9333333333333333,6.0,1.245182551392603,377.1665553998849,0.0,0.0
evt_pay_002845_1,cust_027,pay_002845,2026-06-29T19:06:28.427797+00:00,84879,WHATSAPP_NUDGE,0.8333333333333334,0,0.277602523659306,0.08333333333333333,0.18868415830310303,1.0,1.0,-0.9582305335555936,0.2859969310355661,1.0,8.0,-0.8172299270627982,362.9380758741654,1.0,0.0
evt_pay_004508_1,cust_015,pay_004508,2026-06-29T20:00:35.600022+00:00,106391,WHATSAPP_NUDGE,0.8333333333333334,0,0.3790849673202614,0.08333333333333333,-0.2794466478293657,1.0,1.0,-0.8647280496588811,0.502240380826898,0.9375,7.0,1.245182551392603,377.24988873321826,1.0,0.0
evt_pay_008241_0,cust_009,pay_008241,2026-06-29T20:43:34.687913+00:00,151852,RETRY_LATER,0.8333333333333334,0,0.25308641975308643,0.8007675281517095,0.7904592203886863,0.0,1.0,-0.755915939552334,0.654668688979939,0.33333333333333337,6.0,-0.8984355580750027,362.4804671885516,0.0,1.0
evt_pay_008197_0,cust_032,pay_008197,2026-06-29T21:02:29.610344+00:00,348161,WHATSAPP_NUDGE,0.8333333333333334,0,0.23809523809523808,0.2865536007202157,0.2065499011321346,0.0,1.0,-0.699371780486562,0.7147580798137619,1.0,10.0,0.2905055503479753,385.340087578553,0.0,0.0
evt_pay_000539_0,cust_005,pay_000539,2026-06-29T22:25:06.832572+00:00,117029,RETRY_NOW,0.8333333333333334,0,0.2529411764705882,2.9627455324152074,-0.3026864800722086,0.0,1.0,-0.40229184140537855,0.915511482363094,1.0,0.0,-0.6412832630166057,380.6112248153635,1.0,0.0
evt_pay_007535_0,cust_017,pay_007535,2026-06-29T22:33:18.336826+00:00,429223,WHATSAPP_NUDGE,0.8333333333333334,0,0.26453488372093026,0.48963970764024606,-0.4609538354295068,0.0,1.0,-0.3693185486939022,0.9293028621448606,1.0,12.0,0.5027156808516637,383.5014041182264,0.0,0.0
evt_pay_008241_1,cust_009,pay_008241,2026-06-29T22:43:34.687913+00:00,125630,WHATSAPP_NUDGE,0.8333333333333334,0,0.2523076923076923,0.08333333333333333,0.16059165325098934,1.0,1.0,-0.32730806228793363,0.9449176854950478,0.5,5.0,-0.8984355580750027,362.56380052188496,0.0,1.0
evt_pay_007855_0,cust_024,pay_007855,2026-06-29T22:46:23.097278+00:00,141899,WHATSAPP_NUDGE,0.8333333333333334,0,0.21367521367521367,1.7246901907434449,1.3791961777015136,0.0,1.0,-0.31571132785330197,0.9488552879470635,0.6666666666666667,13.0,-1.1653357768016162,375.6067378348792,0.0,0.0
evt_pay_008197_1,cust_032,pay_008197,2026-06-29T23:02:29.610344+00:00,329639,PAYMENT_LINK,0.03333333333333333,0,0.23743016759776536,0.08333333333333333,0.04355924826544064,1.0,1.0,-0.24829468868443544,0.9686845449221843,1.0,10.0,0.2905055503479753,385.4234209118863,0.0,1.0
evt_pay_000021_0,cust_019,pay_000021,2026-06-29T23:03:17.303506+00:00,123123,RETRY_LATER,0.8333333333333334,0,0.3943217665615142,1.1979130532711604,0.08231103561486912,0.0,1.0,-0.24493347015322445,0.9695398884000077,0.5714285714285714,6.0,-0.5137657855739247,366.36986968357013,0.0,1.0
evt_pay_004373_0,cust_029,pay_004373,2026-06-29T23:07:09.442676+00:00,44736,RETRY_LATER,0.8333333333333334,0,0.3667621776504298,0.34733012394519847,-0.00025955236666833943,0.0,1.0,-0.2285319263508188,0.9735364187529832,1.0,4.0,-0.8256115037842402,363.9765907037941,0.0,1.0
evt_pay_007430_2,cust_009,pay_007430,2026-06-29T23:30:28.373481+00:00,200699,ESCALATE_HUMAN,0.8333333333333334,0,0.25153374233128833,0.03256580518162385,1.9638031719169633,2.0,1.0,-0.12848019053641127,0.9917120754733842,0.625,6.0,-0.8984355580750027,362.59636632706656,0.0,0.0
evt_pay_007851_2,cust_002,pay_007851,2026-06-29T23:55:24.536480+00:00,447452,DO_NOTHING,0.03333333333333333,0,0.3032069970845481,0.26858980407700983,1.3023957687718344,2.0,1.0,-0.020030932719616056,0.9997993607391346,1.0,12.0,-0.38277421977533765,369.07935716944104,1.0,0.0
