event_id,customer_id,invoice_id,event_created_at,amount_paise,action,propensity,outcome,days_overdue,customer_ontime_rate,invoice_size_zscore,chase_rounds_so_far,is_repeat_overdue_this_quarter,quarter_sin,quarter_cos,contacts_last_14d,customer_relationship_days
evt_inv_001531_1,cust_b2b_006,inv_001531,2026-05-02T00:12:09.411061+00:00,5653357,OFFER_PAYMENT_PLAN,0.8500000000000001,0,18.13673539553074,0.3103448275862069,0.04559945511379117,1.0,1.0,0.00058938073534281,0.9999998263151593,36.0,195.13691831484007
evt_inv_001868_0,cust_b2b_034,inv_001868,2026-05-02T00:25:04.302407+00:00,3826257,SEND_REMINDER,0.8500000000000001,0,3.925161964458882,0.4898989898989899,-0.6608159606327433,0.0,1.0,0.0012155103464736182,0.999999261267026,36.0,181.9407651970839
evt_inv_003805_0,cust_b2b_029,inv_003805,2026-05-02T00:27:10.428386+00:00,5188979,SEND_REMINDER,0.8500000000000001,0,3.498870690392013,0.22018348623853212,-0.18272517411904496,0.0,1.0,0.0013174229317875427,0.9999991321980328,39.0,196.08397603531535
evt_inv_000085_0,cust_b2b_005,inv_000085,2026-05-02T00:29:40.882112+00:00,6755133,SEND_REMINDER,0.8500000000000001,0,9.361777138098626,0.23580786026200873,-0.3275088742703226,0.0,1.0,0.0014389928574530609,0.9999989646492421,34.0,192.36036977306028
evt_inv_001052_1,cust_b2b_018,inv_001052,2026-05-02T00:35:07.095388+00:00,2147882,OFFER_PAYMENT_PLAN,0.8500000000000001,0,16.57230146041171,0.6461538461538462,0.1381707875484164,1.0,1.0,0.001702580296480652,0.9999985506091167,32.0,185.44970939614612
evt_inv_002863_0,cust_b2b_018,inv_002863,2026-05-02T01:36:26.710017+00:00,1747380,ESCALATE_COLLECTIONS,0.05,0,2.3982134626187293,0.6428571428571429,-0.3537524299417278,0.0,1.0,0.004675776603294848,0.9999890684968291,33.0,185.4922975284237
evt_inv_008419_0,cust_b2b_006,inv_008419,2026-05-02T01:46:49.137568+00:00,5757188,SEND_REMINDER,0.8500000000000001,0,7.214626717611476,0.3090128755364807,0.0923525721466753,0.0,1.0,0.0051787061467348005,0.9999865904114144,37.0,195.2026558901465
evt_inv_004197_0,cust_b2b_030,inv_004197,2026-05-02T01:47:56.567990+00:00,3341697,SEND_REMINDER,0.8500000000000001,0,2.6989960068404715,0.3114754098360656,1.0202858704892734,0.0,1.0,0.005233190727072976,0.9999863067636546,42.0,199.92172934572486
evt_inv_004786_1,cust_b2b_004,inv_004786,2026-05-02T01:49:21.748332+00:00,3839022,OFFER_PAYMENT_PLAN,0.8500000000000001,0,17.69537838097723,0.16182572614107885,0.5592671518937897,1.0,1.0,0.00530201743050543,0.9999859442068006,42.0,196.3852503626672
evt_inv_008393_1,cust_b2b_004,inv_008393,2026-05-02T02:04:55.781868+00:00,2028667,OFFER_PAYMENT_PLAN,0.8500000000000001,0,23.566347792752406,0.16115702479338842,-0.8833815587149915,1.0,1.0,0.006056725635974295,0.9999816578690683,43.0,196.39606093600847
evt_inv_002119_1,cust_b2b_003,inv_002119,2026-05-02T02:15:59.380190+00:00,3606984,SEND_REMINDER,0.05,0,19.46500870975671,0.16738197424892703,-0.6180251234298975,1.0,1.0,0.006592917479796747,0.9999782664833794,34.0,187.02275388217333
evt_inv_001023_1,cust_b2b_010,inv_001023,2026-05-02T02:28:25.665666+00:00,2965686,OFFER_PAYMENT_PLAN,0.8500000000000001,0,22.78997518762923,0.14096916299559473,0.04086344180393674,1.0,1.0,0.007195918820250703,0.9999741090409953,46.0,191.7766118099241
evt_inv_008417_0,cust_b2b_006,inv_008417,2026-05-02T02:55:15.939996+00:00,4296524,SEND_REMINDER,0.8500000000000001,0,8.246355019178516,0.3076923076923077,-0.5653565304239236,0.0,1.0,0.00849701704951669,0.9999638996990142,37.0,195.25018832565297
evt_inv_007271_0,cust_b2b_034,inv_007271,2026-05-02T02:55:35.295036+00:00,5258627,SEND_REMINDER,0.8500000000000001,0,9.622407884646432,0.48743718592964824,0.027687625764515642,0.0,1.0,0.008512655797872862,0.9999637666892071,37.0,182.04529057473312
evt_inv_001457_1,cust_b2b_025,inv_001457,2026-05-02T03:28:54.754184+00:00,9859011,OFFER_PAYMENT_PLAN,0.8500000000000001,0,19.376525211233503,0.21160409556313994,-0.06961964312339879,1.0,1.0,0.010128194029070772,0.9999487085274472,47.0,193.26358586583683
evt_inv_003640_0,cust_b2b_037,inv_003640,2026-05-02T03:32:06.456556+00:00,2301176,SEND_REMINDER,0.8500000000000001,1,8.606339562445047,0.28,-0.5141476535833224,0.0,1.0,0.010283085850319201,0.9999471276749561,29.0,192.36096606949687
evt_inv_007237_0,cust_b2b_001,inv_007237,2026-05-02T03:37:35.790018+00:00,7612010,SEND_REMINDER,0.8500000000000001,0,7.604976715140746,0.05238095238095238,0.25250681431087235,0.0,1.0,0.01054918035987729,0.9999443558487316,36.0,185.0352337424771
evt_inv_005898_0,cust_b2b_035,inv_005898,2026-05-02T03:52:56.832919+00:00,4851540,SEND_REMINDER,0.8500000000000001,0,4.251722895024314,0.3601694915254237,-0.2073466224947855,0.0,1.0,0.01129335962310247,0.9999362279807764,34.0,198.97279436566637
evt_inv_001154_0,cust_b2b_018,inv_001154,2026-05-02T04:12:41.046269+00:00,1472500,SEND_REMINDER,0.8500000000000001,0,2.253442291280011,0.6395939086294417,-0.6913783593909143,0.0,1.0,0.012250164674375976,0.9999249639175185,33.0,185.60079679060087
evt_inv_005631_0,cust_b2b_002,inv_005631,2026-05-02T04:16:34.598477+00:00,5594350,SEND_REMINDER,0.8500000000000001,1,8.469479742007996,0.13761467889908258,1.1786878903528242,0.0,1.0,0.012438865803958874,0.999922634316031,36.0,194.75377293483243
evt_inv_006734_0,cust_b2b_031,inv_006734,2026-05-02T04:18:51.277771+00:00,12957270,SEND_REMINDER,0.8500000000000001,0,1.4749837762331464,0.2927927927927928,-0.1478372473442914,0.0,1.0,0.012549297170223572,0.9999212544698375,42.0,193.51840221489704
evt_inv_007890_0,cust_b2b_033,inv_007890,2026-05-02T04:28:17.643432+00:00,3400924,SEND_REMINDER,0.8500000000000001,0,3.0038040158232766,0.13973799126637554,-0.5503676815623896,0.0,1.0,0.013006896171825101,0.9999154067479785,37.0,181.33468835464942
evt_inv_001802_0,cust_b2b_006,inv_001802,2026-05-02T04:36:45.171534+00:00,6810370,SEND_REMINDER,0.8500000000000001,0,8.625943318946481,0.30638297872340425,0.5665808677789026,0.0,1.0,0.013416954653806922,0.9999099886128839,38.0,195.32066554253
evt_inv_003754_0,cust_b2b_036,inv_003754,2026-05-02T05:07:04.496801+00:00,2456023,SEND_REMINDER,0.8500000000000001,1,7.62564727898102,0.27983539094650206,-0.8584521506615014,0.0,1.0,0.014886863605165222,0.9998891845059638,35.0,196.66710582645783
evt_inv_004570_0,cust_b2b_033,inv_004570,2026-05-02T05:25:36.824537+00:00,3698070,SEND_REMINDER,0.8500000000000001,0,5.9724438284648045,0.1391304347826087,-0.3800239792099937,0.0,1.0,0.015785544045768925,0.9998754005370765,38.0,181.37449369151145
evt_inv_008015_0,cust_b2b_008,inv_008015,2026-05-02T05:27:45.752682+00:00,9964377,SEND_REMINDER,0.8500000000000001,1,8.868472175439065,0.2511415525114155,0.5868640030753355,0.0,1.0,0.01588970786059676,0.9998737506225998,37.0,184.39634387201667
evt_inv_000330_0,cust_b2b_021,inv_000330,2026-05-02T05:42:50.201109+00:00,8186593,SEND_REMINDER,0.8500000000000001,0,6.509187414077146,0.3179916317991632,-0.26684832978738393,0.0,1.0,0.016620426239476776,0.9998618711760231,40.0,194.2436158699128
evt_inv_001623_1,cust_b2b_013,inv_001623,2026-05-02T05:45:13.231075+00:00,2913084,OFFER_PAYMENT_PLAN,0.8500000000000001,1,18.296382241661206,0.18992248062015504,0.5165642467468468,1.0,1.0,0.01673598163806272,0.9998599436514148,37.0,195.9370598584037
evt_inv_004659_1,cust_b2b_036,inv_004659,2026-05-02T06:30:58.820805+00:00,4147763,WRITE_OFF,0.05,0,18.150763650735414,0.2827868852459016,0.27226694355520575,1.0,1.0,0.018954127024838344,0.999820354398092,36.0,196.7253734653912
evt_inv_002217_0,cust_b2b_019,inv_002217,2026-05-02T06:38:36.388851+00:00,2518530,SEND_REMINDER,0.8500000000000001,1,6.756429829021483,0.35443037974683544,-0.6516955438904103,0.0,1.0,0.019323784716134083,0.9998132782396143,54.0,194.21504285203937
evt_inv_003247_1,cust_b2b_005,inv_003247,2026-05-02T06:47:01.221169+00:00,8762294,OFFER_PAYMENT_PLAN,0.8500000000000001,0,16.565180897067897,0.23478260869565218,0.3180061199740358,1.0,1.0,0.019731622954011374,0.9998053125762039,34.0,192.6224107343628
evt_inv_008796_0,cust_b2b_038,inv_008796,2026-05-02T06:47:40.099925+00:00,5435822,SEND_REMINDER,0.8500000000000001,1,7.032763864515634,0.2831050228310502,0.6510668421801609,0.0,1.0,0.01976303175003467,0.9998046922154582,38.0,195.28513409012012
evt_inv_007403_0,cust_b2b_030,inv_007403,2026-05-02T06:54:51.894795+00:00,2815501,SEND_REMINDER,0.8500000000000001,1,7.7371161564936095,0.31020408163265306,0.4659683800592842,0.0,1.0,0.020111862497374858,0.9997977360380882,43.0,200.1348697022618
evt_inv_001430_1,cust_b2b_022,inv_001430,2026-05-02T06:56:33.528427+00:00,1220666,OFFER_PAYMENT_PLAN,0.8500000000000001,1,20.222828224586756,0.20276497695852536,-0.8803656662586243,1.0,1.0,0.02019396811113432,0.999796081034491,45.0,188.83925118779612
evt_inv_005311_0,cust_b2b_037,inv_005311,2026-05-02T07:04:29.546255+00:00,3044797,SEND_REMINDER,0.8500000000000001,0,8.597185035397487,0.2831858407079646,0.1275772250857489,0.0,1.0,0.020578521433133563,0.9997882398066232,30.0,192.50845553359946
evt_inv_003646_0,cust_b2b_006,inv_003646,2026-05-02T07:11:02.466841+00:00,6990416,ESCALATE_COLLECTIONS,0.05,1,4.826601567248892,0.3050847457627119,0.6476520286884915,0.0,1.0,0.020895941951629932,0.9997816559679189,39.0,195.4278101641364
evt_inv_007422_0,cust_b2b_013,inv_007422,2026-05-02T07:12:01.634089+00:00,2407484,SEND_REMINDER,0.8500000000000001,0,5.005538420791252,0.19305019305019305,-0.006996239800257182,0.0,1.0,0.020943739974979475,0.999780655821996,38.0,195.99734230069478
evt_inv_001553_1,cust_b2b_004,inv_001553,2026-05-02T07:55:42.988817+00:00,3883991,OFFER_PAYMENT_PLAN,0.8500000000000001,0,22.062361980613435,0.16049382716049382,0.595102021429319,1.0,1.0,0.02306134120657285,0.9997340519066829,44.0,196.6396628682879
evt_inv_002668_0,cust_b2b_014,inv_002668,2026-05-02T08:09:16.072421+00:00,9311471,SEND_REMINDER,0.8500000000000001,0,2.0116537352526818,0.25510204081632654,-0.3037997967260396,0.0,1.0,0.023718151548594257,0.9997186850745153,26.0,198.57867193719525
evt_inv_006784_0,cust_b2b_005,inv_006784,2026-05-02T08:22:54.633185+00:00,9087335,SEND_REMINDER,0.8500000000000001,0,7.216045724311223,0.23376623376623376,0.42254145467118664,0.0,1.0,0.024379376008215048,0.9997027788425168,35.0,192.68900115121676
evt_inv_000890_0,cust_b2b_003,inv_000890,2026-05-02T08:30:09.053767+00:00,5306475,SEND_REMINDER,0.8500000000000001,0,8.408554600282098,0.16666666666666666,0.2686984645346681,0.0,1.0,0.02473029190410756,0.999694159561982,34.0,187.28258806709357
evt_inv_007329_0,cust_b2b_000,inv_007329,2026-05-02T08:35:02.163295+00:00,4355385,SEND_REMINDER,0.8500000000000001,1,2.5626154483425365,0.34684684684684686,-0.27838436680330764,0.0,1.0,0.02496705795497761,0.9996882744221185,38.0,192.0058008809843
evt_inv_000172_1,cust_b2b_001,inv_000172,2026-05-02T08:41:03.827179+00:00,6436295,OFFER_PAYMENT_PLAN,0.8500000000000001,0,17.207137863438355,0.052132701421800945,-0.17263250152808707,1.0,1.0,0.025259198453495363,0.9996809355456805,36.0,185.24597491332042
evt_inv_007548_0,cust_b2b_021,inv_007548,2026-05-02T08:48:03.051772+00:00,7454308,SEND_REMINDER,0.8500000000000001,1,4.567502956967042,0.31666666666666665,-0.46660211580547084,0.0,1.0,0.025597831946800726,0.9996723218133147,39.0,194.3722368266517
evt_inv_001627_0,cust_b2b_025,inv_001627,2026-05-02T09:12:41.199259+00:00,8364313,WRITE_OFF,0.05,0,2.8798434835158657,0.2108843537414966,-0.4380830045904237,0.0,1.0,0.026791798907756847,0.9996410353278252,47.0,193.50231786902341
evt_inv_001743_0,cust_b2b_028,inv_001743,2026-05-02T09:22:50.040555+00:00,5355337,WRITE_OFF,0.05,0,2.190586429819308,0.34210526315789475,0.10337263140524965,0.0,1.0,0.027283576700082062,0.999627733930212,30.0,182.18866738508748
evt_inv_005677_0,cust_b2b_007,inv_005677,2026-05-02T09:23:58.429342+00:00,5661011,OFFER_PAYMENT_PLAN,0.05,1,8.436189061742631,0.291497975708502,0.8054430468750817,0.0,1.0,0.027338815786617433,0.9996262247217134,48.0,199.19295818381997
evt_inv_008673_0,cust_b2b_001,inv_008673,2026-05-02T10:11:54.695709+00:00,6482903,OFFER_PAYMENT_PLAN,0.05,0,1.7320236013976067,0.05188679245283019,-0.15577885544042683,0.0,1.0,0.029661959983111195,0.9995599872593742,37.0,185.30906366945126
evt_inv_002497_0,cust_b2b_011,inv_002497,2026-05-02T10:23:25.828406+00:00,1741755,SEND_REMINDER,0.8500000000000001,1,9.221858662019015,0.37155963302752293,0.16333995250878217,0.0,1.0,0.03022016058152204,0.9995432666445345,34.0,195.22990607257566
evt_inv_002180_0,cust_b2b_002,inv_002180,2026-05-02T10:24:07.711440+00:00,2816807,SEND_REMINDER,0.8500000000000001,0,1.3512633931576787,0.1415525114155251,-0.6477467479177836,0.0,1.0,0.030253987553421468,0.9995422433479825,37.0,195.00901729783004
evt_inv_005013_0,cust_b2b_031,inv_005013,2026-05-02T10:32:33.063534+00:00,14955462,OFFER_PAYMENT_PLAN,0.05,1,8.981470237337982,0.2914798206278027,0.21489906937786202,0.0,1.0,0.03066213411684824,0.999529806224607,42.0,193.7779136241926
evt_inv_004447_0,cust_b2b_024,inv_004447,2026-05-02T10:34:02.832828+00:00,3953761,SEND_REMINDER,0.8500000000000001,1,6.304105123238224,0.13580246913580246,-0.3264174623838255,0.0,1.0,0.030734635566621985,0.999527579497728,37.0,190.65826462056518
evt_inv_008214_0,cust_b2b_000,inv_008214,2026-05-02T10:56:34.735894+00:00,4290838,SEND_REMINDER,0.8500000000000001,1,7.588779646322039,0.34977578475336324,-0.3113086986145159,0.0,1.0,0.03182646945825597,0.9994934096039967,39.0,192.10409454533033
evt_inv_004400_1,cust_b2b_020,inv_004400,2026-05-02T11:03:51.464443+00:00,4764919,SEND_REMINDER,0.05,0,21.784039868233574,0.34177215189873417,-0.27824920979805945,1.0,1.0,0.03217917532577661,0.9994821162358799,35.0,183.6534361293968
evt_inv_002355_0,cust_b2b_011,inv_002355,2026-05-02T11:37:11.633867+00:00,2181347,SEND_REMINDER,0.8500000000000001,0,4.823517693719641,0.3744292237442922,0.8355262115985482,0.0,1.0,0.033794478103466495,0.9994288034921318,35.0,195.2811306728216
evt_inv_007956_0,cust_b2b_030,inv_007956,2026-05-02T12:12:41.505003+00:00,2390415,SEND_REMINDER,0.8500000000000001,0,3.560113546090094,0.3130081300813008,0.018164386829444323,0.0,1.0,0.03551442863081363,0.9993691637022962,43.0,200.3555827833744
evt_inv_003986_0,cust_b2b_010,inv_003986,2026-05-02T12:13:51.472808+00:00,3536499,SEND_REMINDER,0.8500000000000001,0,9.472197954183377,0.14035087719298245,0.5299091825607158,0.0,1.0,0.035570928491478845,0.999367154276272,47.0,192.1831605036979
evt_inv_006385_0,cust_b2b_020,inv_006385,2026-05-02T12:16:56.991773+00:00,4853742,ESCALATE_COLLECTIONS,0.05,0,4.9803197458509825,0.3403361344537815,-0.23683314820263773,0.0,1.0,0.03572073677905418,0.9993618108392783,35.0,183.7041945475686
evt_inv_006313_0,cust_b2b_036,inv_006313,2026-05-02T12:20:23.196383+00:00,4079313,SEND_REMINDER,0.8500000000000001,0,3.867463485892408,0.2816326530612245,0.22651650763961273,0.0,1.0,0.03588724797551555,0.9993558452487001,36.0,196.96801670124964
evt_inv_000399_0,cust_b2b_004,inv_000399,2026-05-02T12:23:34.212955+00:00,2140558,SEND_REMINDER,0.8500000000000001,0,9.160603806307668,0.1598360655737705,-0.7942172328822563,0.0,1.0,0.03604149387057576,0.9993502943010409,45.0,196.82567240691992
evt_inv_003332_0,cust_b2b_035,inv_003332,2026-05-02T12:40:39.508180+00:00,7446223,SEND_REMINDER,0.8500000000000001,0,5.193340486136975,0.35864978902953587,1.018801876171985,0.0,1.0,0.03686940507105242,0.9993200923476455,34.0,199.33926051452036
evt_inv_002901_0,cust_b2b_008,inv_002901,2026-05-02T12:44:57.074821+00:00,8910848,SEND_REMINDER,0.8500000000000001,0,1.5188364165494015,0.2545454545454545,0.2604911537042381,0.0,1.0,0.03707738248819265,0.9993123974552823,36.0,184.69994713751203
evt_inv_005680_1,cust_b2b_013,inv_005680,2026-05-02T12:45:56.197620+00:00,2767996,OFFER_PAYMENT_PLAN,0.8500000000000001,0,16.03782277375153,0.19230769230769232,0.36632237652788174,1.0,1.0,0.037125122166474456,0.9993106250331397,39.0,196.2292238230385
evt_inv_002911_0,cust_b2b_025,inv_002911,2026-05-02T12:51:34.416090+00:00,8984609,OFFER_PAYMENT_PLAN,0.05,0,3.4240191275302783,0.21016949152542372,-0.2851717343959971,0.0,1.0,0.037398220614716725,0.9993004418566285,47.0,193.65432269345624
evt_inv_000289_1,cust_b2b_004,inv_000289,2026-05-02T12:53:49.388424+00:00,2743602,OFFER_PAYMENT_PLAN,0.8500000000000001,0,24.403740006567965,0.15918367346938775,-0.31365952364714894,1.0,1.0,0.037507204821428435,0.9992963572366725,46.0,196.84668138225598
evt_inv_003183_1,cust_b2b_006,inv_003183,2026-05-02T12:56:09.575163+00:00,4504547,OFFER_PAYMENT_PLAN,0.8500000000000001,1,18.01544364058095,0.3080168776371308,-0.471687961216723,1.0,1.0,0.03762039895782471,0.9992921022315018,39.0,195.66747576972423
evt_inv_001815_0,cust_b2b_028,inv_001815,2026-05-02T13:24:49.958055+00:00,5444709,SEND_REMINDER,0.8500000000000001,1,1.544105150062367,0.3406113537117904,0.14681900110235624,0.0,1.0,0.03900948671149805,0.9992388402912016,28.0,182.3567219857896
evt_inv_001769_1,cust_b2b_000,inv_001769,2026-05-02T13:36:00.359725+00:00,4772002,OFFER_PAYMENT_PLAN,0.8500000000000001,0,24.737995768524293,0.35267857142857145,-0.06587428116291955,1.0,1.0,0.039550768476967715,0.999217562252026,40.0,192.2148077841116
evt_inv_006908_1,cust_b2b_025,inv_006908,2026-05-02T13:38:19.159008+00:00,13552270,WRITE_OFF,0.05,0,23.752759476236672,0.20945945945945946,0.840818929021405,1.0,1.0,0.03966283346054241,0.9992131202310552,48.0,193.68678499574503
evt_inv_006816_0,cust_b2b_012,inv_006816,2026-05-02T13:55:45.241247+00:00,3120920,SEND_REMINDER,0.8500000000000001,0,5.440351590881654,0.4830508474576271,-0.46700231602783543,0.0,1.0,0.040507412376509094,0.9991792379461052,47.0,195.53473461656498
evt_inv_006334_1,cust_b2b_022,inv_006334,2026-05-02T14:15:21.780804+00:00,1744232,OFFER_PAYMENT_PLAN,0.8500000000000001,1,17.469516392436077,0.20642201834862386,-0.18567464747628928,1.0,1.0,0.041457284443537655,0.999140277221656,44.0,189.14397633105293
evt_inv_003896_1,cust_b2b_006,inv_003896,2026-05-02T14:22:41.994962+00:00,6563029,OFFER_PAYMENT_PLAN,0.8500000000000001,0,19.42895124100203,0.31092436974789917,0.45520783060365794,1.0,1.0,0.04181267908466373,0.9991254675303612,40.0,195.7275732210991
evt_inv_004068_0,cust_b2b_005,inv_004068,2026-05-02T14:24:33.889281+00:00,7998428,SEND_REMINDER,0.8500000000000001,1,1.827447466286515,0.23275862068965517,0.072342422953457,0.0,1.0,0.04190301300516433,0.9991216830301948,36.0,192.94014994862064
evt_inv_000651_0,cust_b2b_000,inv_000651,2026-05-02T14:33:07.034360+00:00,6842243,SEND_REMINDER,0.8500000000000001,1,4.882397380681932,0.3511111111111111,0.9901243858142126,0.0,1.0,0.04231727813725308,0.9991042227771106,41.0,192.25446837016872
evt_inv_007078_0,cust_b2b_033,inv_007078,2026-05-02T14:33:14.424829+00:00,5015248,ESCALATE_COLLECTIONS,0.05,0,9.682407911147678,0.13852813852813853,0.3750687695349809,0.0,1.0,0.04232324445477611,0.9991039700545791,38.0,181.75478999118923
evt_inv_003995_0,cust_b2b_039,inv_003995,2026-05-02T15:43:58.333813+00:00,8786898,SEND_REMINDER,0.8500000000000001,0,3.4144553087755525,0.43005181347150256,-0.48091851342867203,0.0,1.0,0.04574909147980481,0.9989529621702777,33.0,185.55133438299762
evt_inv_004859_0,cust_b2b_008,inv_004859,2026-05-02T15:45:55.742688+00:00,8218767,SEND_REMINDER,0.8500000000000001,0,6.5602478119708305,0.25339366515837103,0.04609141523547463,0.0,1.0,0.04584386099001915,0.9989486175021856,35.0,184.82562616374435
evt_inv_003050_0,cust_b2b_019,inv_003050,2026-05-02T16:29:39.760468+00:00,3374834,SEND_REMINDER,0.8500000000000001,0,4.570258368012693,0.35714285714285715,-0.023268607120712166,0.0,1.0,0.047961793344865104,0.9988491709858623,53.0,194.62549854204562
evt_inv_008510_1,cust_b2b_039,inv_008510,2026-05-02T16:30:50.259907+00:00,13977349,OFFER_PAYMENT_PLAN,0.8500000000000001,0,22.276596259476186,0.42783505154639173,0.7117599169436619,1.0,1.0,0.048018692864217,0.9988464372142557,34.0,185.5838798238964
evt_inv_002132_0,cust_b2b_004,inv_002132,2026-05-02T16:39:02.178252+00:00,4257253,SEND_REMINDER,0.8500000000000001,1,1.7040520505754175,0.15853658536585366,0.8925497820895052,0.0,1.0,0.04841571178064863,0.9988272717806483,47.0,197.00307941267423
evt_inv_002289_1,cust_b2b_014,inv_002289,2026-05-02T16:40:39.907574+00:00,10215409,OFFER_PAYMENT_PLAN,0.8500000000000001,0,18.095535032216517,0.25380710659898476,-0.09059727184688177,1.0,1.0,0.048494586542718196,0.9988234453976592,27.0,198.93380891813567
evt_inv_003707_0,cust_b2b_019,inv_003707,2026-05-02T16:42:17.201742+00:00,2886754,SEND_REMINDER,0.8500000000000001,0,8.172435951026122,0.35564853556485354,-0.3814623942117015,0.0,1.0,0.04857310980261689,0.9988196298652239,54.0,194.63426522345642
evt_inv_007635_1,cust_b2b_010,inv_007635,2026-05-02T16:45:12.746392+00:00,2822589,OFFER_PAYMENT_PLAN,0.8500000000000001,0,19.374523840941546,0.13973799126637554,-0.08173579494701978,1.0,1.0,0.048714785965439544,0.9988127300091552,48.0,192.3716011701791
evt_inv_006553_0,cust_b2b_011,inv_006553,2026-05-02T16:46:13.803183+00:00,2088184,SEND_REMINDER,0.8500000000000001,0,5.781636758790596,0.37272727272727274,0.6930694117675195,0.0,1.0,0.04876406261055062,0.9988103254360732,36.0,195.49573911397178
evt_inv_005175_0,cust_b2b_008,inv_005175,2026-05-02T16:51:06.975990+00:00,7189203,WRITE_OFF,0.05,0,2.1501575013120986,0.25225225225225223,-0.2728572198264921,0.0,1.0,0.04900066973081909,0.9987987456769913,36.0,184.8708950677027
evt_inv_007565_0,cust_b2b_010,inv_007565,2026-05-02T16:53:19.042415+00:00,3132422,SEND_REMINDER,0.8500000000000001,0,7.668474624214798,0.1391304347826087,0.18371522661603024,0.0,1.0,0.049107253945215784,0.998793510997123,49.0,192.37722959636343
evt_inv_000346_0,cust_b2b_032,inv_000346,2026-05-02T17:11:18.116670+00:00,6008606,SEND_REMINDER,0.8500000000000001,0,4.566637143707966,0.10067114093959731,-0.2125457318282623,0.0,1.0,0.04997809981332403,0.9987503139118653,46.0,200.65111833501555
evt_inv_005414_1,cust_b2b_030,inv_005414,2026-05-02T17:13:43.023617+00:00,3099458,OFFER_PAYMENT_PLAN,0.8500000000000001,0,20.12111190222337,0.3117408906882591,0.7651013308347597,1.0,1.0,0.05009504126478572,0.9987444552239975,43.0,200.5646281377041
evt_inv_004848_0,cust_b2b_027,inv_004848,2026-05-02T17:19:31.865276+00:00,2395919,SEND_REMINDER,0.8500000000000001,0,5.559730447859626,0.1625,-0.34658451481151614,0.0,1.0,0.05037655738238894,0.9987302951579565,35.0,185.80367461411342
evt_inv_000792_1,cust_b2b_037,inv_000792,2026-05-02T17:32:48.308420+00:00,2543188,OFFER_PAYMENT_PLAN,0.8500000000000001,0,18.207966303607346,0.28193832599118945,-0.30529835726073185,1.0,1.0,0.051019274015853655,0.9986976688061784,29.0,192.9447837993938
evt_inv_008264_0,cust_b2b_002,inv_008264,2026-05-02T17:35:43.136147+00:00,4590788,SEND_REMINDER,0.8500000000000001,0,9.387506132804148,0.1409090909090909,0.5187736640645662,0.0,1.0,0.05116035432319772,0.9986904516142752,38.0,195.3087328615778
evt_inv_000828_0,cust_b2b_006,inv_000828,2026-05-02T18:07:45.000434+00:00,6132842,ESCALATE_COLLECTIONS,0.05,0,2.539416720094325,0.30962343096234307,0.2615025247823157,0.0,1.0,0.05271116856716251,0.9986098000261584,41.0,195.8838580066528
evt_inv_001037_0,cust_b2b_014,inv_001037,2026-05-02T18:10:03.979608+00:00,11417288,SEND_REMINDER,0.8500000000000001,0,9.418175232878168,0.25252525252525254,0.19287756128814276,0.0,1.0,0.05282331045923034,0.9986038743526523,28.0,198.9958930851958
evt_inv_005304_0,cust_b2b_039,inv_005304,2026-05-02T18:16:47.601483+00:00,9365733,SEND_REMINDER,0.8500000000000001,0,5.606473248112846,0.4256410256410256,-0.347912037753768,0.0,1.0,0.0531489879961752,0.9985865936787768,35.0,185.65746016621577
evt_inv_001691_1,cust_b2b_023,inv_001691,2026-05-02T18:30:19.811922+00:00,2220534,OFFER_PAYMENT_PLAN,0.8500000000000001,0,19.852504711568386,0.4166666666666667,-0.03415892992898492,1.0,1.0,0.053804333460915475,0.9985514977710597,33.0,186.06410706433294
evt_inv_005832_0,cust_b2b_006,inv_005832,2026-05-02T18:32:30.369890+00:00,6040037,SEND_REMINDER,0.8500000000000001,1,2.3455124312572013,0.30833333333333335,0.21971444233022483,0.0,1.0,0.053909674168743774,0.9985458161902336,41.0,195.90104978276995
evt_inv_000337_0,cust_b2b_030,inv_000337,2026-05-02T18:54:11.111812+00:00,2326751,SEND_REMINDER,0.8500000000000001,0,1.6013376725391515,0.31048387096774194,-0.04890178224876554,0.0,1.0,0.05495914494171125,0.9984886040347561,44.0,200.63439767699523
evt_inv_000833_0,cust_b2b_032,inv_000833,2026-05-02T18:55:23.512302+00:00,5952157,SEND_REMINDER,0.8500000000000001,1,5.164461078258661,0.10033444816053512,-0.23403585046746123,0.0,1.0,0.05501755767587155,0.9984853871476448,47.0,200.72340300668498
evt_inv_007253_0,cust_b2b_007,inv_007253,2026-05-02T19:13:54.366281+00:00,3506743,SEND_REMINDER,0.8500000000000001,0,4.408307684789042,0.29435483870967744,-0.45242582845773277,0.0,1.0,0.05591377122739547,0.99843560142211,49.0,199.6026333798695
evt_inv_006488_0,cust_b2b_031,inv_006488,2026-05-02T19:13:59.061951+00:00,19045932,SEND_REMINDER,0.8500000000000001,0,3.7811112482416744,0.29464285714285715,0.9574514177774569,0.0,1.0,0.055917559499676535,0.9984353892664263,41.0,194.14002008734414
evt_inv_002459_1,cust_b2b_016,inv_002459,2026-05-02T19:17:07.364217+00:00,9590093,OFFER_PAYMENT_PLAN,0.8500000000000001,0,24.3533269086466,0.23481781376518218,-0.08742712714673281,1.0,1.0,0.05606947331707352,0.9984268697115207,25.0,188.49182262911873
evt_inv_003734_0,cust_b2b_019,inv_003734,2026-05-02T19:20:54.793578+00:00,3285879,SEND_REMINDER,0.8500000000000001,0,8.49188617589131,0.3541666666666667,-0.08855133464553995,0.0,1.0,0.056252951387398026,0.9984165490716823,54.0,194.74442253637153
evt_inv_004889_0,cust_b2b_014,inv_004889,2026-05-02T19:26:53.885327+00:00,12528654,SEND_REMINDER,0.8500000000000001,0,2.9759010975617772,0.25125628140703515,0.45500387809257037,0.0,1.0,0.05654264389141011,0.9984001850068784,29.0,199.0492484754537
evt_inv_005858_1,cust_b2b_020,inv_005858,2026-05-02T19:27:05.144594+00:00,5908676,OFFER_PAYMENT_PLAN,0.8500000000000001,0,24.410280279492397,0.3389121338912134,0.2550534298404647,1.0,1.0,0.056551727079589546,0.9983996705549916,35.0,184.00290002003976
evt_inv_003327_0,cust_b2b_030,inv_003327,2026-05-02T19:30:25.371754+00:00,2167175,OFFER_PAYMENT_PLAN,0.05,0,5.61201888646166,0.3092369477911647,-0.21700551792685743,0.0,1.0,0.05671325553501015,0.9983905080912081,45.0,200.6595627226243
evt_inv_007180_0,cust_b2b_033,inv_007180,2026-05-02T19:33:38.773624+00:00,4764316,WRITE_OFF,0.05,0,3.3630456215948605,0.13793103448275862,0.2312180389484847,0.0,1.0,0.056869276442702385,0.9983816331427995,38.0,181.96340513927908
evt_inv_000438_0,cust_b2b_005,inv_000438,2026-05-02T19:48:41.838603+00:00,7179701,SEND_REMINDER,0.8500000000000001,0,4.995824804035768,0.23605150214592274,-0.19096534711468965,0.0,1.0,0.057597777414361985,0.9983398700026588,36.0,193.16524195466556
evt_inv_006390_1,cust_b2b_010,inv_006390,2026-05-02T19:54:26.705171+00:00,4014765,OFFER_PAYMENT_PLAN,0.8500000000000001,0,23.916450906384334,0.13852813852813853,0.9396658440821667,1.0,1.0,0.057875972612877344,0.9983237810420592,49.0,192.50301273011348
evt_inv_000823_0,cust_b2b_035,inv_000823,2026-05-02T20:07:45.083413+00:00,4689938,OFFER_PAYMENT_PLAN,0.05,0,4.924624773619733,0.35714285714285715,-0.2837133515407545,0.0,1.0,0.05851998700748832,0.9982862370686292,33.0,199.6497417093473
evt_inv_001505_1,cust_b2b_007,inv_001505,2026-05-02T20:13:39.289782+00:00,5163427,OFFER_PAYMENT_PLAN,0.8500000000000001,0,22.587277757891524,0.2931726907630522,0.5149057868377593,1.0,1.0,0.058805700939080566,0.9982694473623158,50.0,199.64412555002457
evt_inv_007954_0,cust_b2b_008,inv_007954,2026-05-02T20:16:38.181000+00:00,4688711,SEND_REMINDER,0.8500000000000001,0,4.266368469763702,0.25112107623318386,-1.0474842681666188,0.0,1.0,0.05894999835940773,0.9982609366760906,36.0,185.0136173479187
evt_inv_007660_0,cust_b2b_036,inv_007660,2026-05-02T20:24:47.338903+00:00,2646529,SEND_REMINDER,0.8500000000000001,0,9.457631607825503,0.2804878048780488,-0.7311221555501347,0.0,1.0,0.05934455711757631,0.9982375586705394,37.0,197.30440723967607
evt_inv_004304_0,cust_b2b_010,inv_004304,2026-05-02T20:32:59.536594+00:00,3677521,SEND_REMINDER,0.8500000000000001,0,1.3126845792705337,0.13793103448275862,0.6507310141917582,0.0,1.0,0.05974155843596716,0.9982138779818892,50.0,192.52978161233065
evt_inv_004907_1,cust_b2b_019,inv_004907,2026-05-02T20:43:47.161913+00:00,3458983,OFFER_PAYMENT_PLAN,0.8500000000000001,0,24.037320775765334,0.35269709543568467,0.038487035857066434,1.0,1.0,0.060263911586443494,0.9981824787884734,55.0,194.80197309580976
evt_inv_003606_0,cust_b2b_030,inv_003606,2026-05-02T20:47:30.575310+00:00,3697443,SEND_REMINDER,0.8500000000000001,0,9.418396822773646,0.308,1.3950438473654847,0.0,1.0,0.06044410561758843,0.9981715834945862,46.0,200.71309517118274
evt_inv_005123_0,cust_b2b_022,inv_005123,2026-05-02T21:02:33.314847+00:00,1762363,SEND_REMINDER,0.8500000000000001,0,7.734064446586804,0.2100456621004566,-0.16161706174688314,0.0,1.0,0.06117218989380404,0.9981272279542305,43.0,189.42674871581096
evt_inv_004455_0,cust_b2b_010,inv_004455,2026-05-02T21:12:10.038467+00:00,3134245,SEND_REMINDER,0.8500000000000001,0,4.234628223925814,0.13733905579399142,0.1852766454814099,0.0,1.0,0.06163731634697404,0.9980986129804725,51.0,192.55698649511336
evt_inv_005166_1,cust_b2b_012,inv_005166,2026-05-02T21:14:09.392034+00:00,3805196,OFFER_PAYMENT_PLAN,0.8500000000000001,1,21.43824136940212,0.4810126582278481,-0.021258133759660482,1.0,1.0,0.061733573093873964,0.9980926640112446,46.0,195.83918080623297
evt_inv_002642_1,cust_b2b_014,inv_002642,2026-05-02T21:29:44.513868+00:00,12950199,WRITE_OFF,0.05,0,19.448173741975374,0.25,0.5544294577857946,1.0,1.0,0.06248771398054159,0.9980457332214221,30.0,199.13455667616165
evt_inv_005897_0,cust_b2b_016,inv_005897,2026-05-02T21:34:34.657607+00:00,12667139,OFFER_PAYMENT_PLAN,0.05,0,6.231579557752029,0.23387096774193547,0.6866630023407795,0.0,1.0,0.06272169685477887,0.9980310560015941,26.0,188.58727741373028
evt_inv_000596_0,cust_b2b_038,inv_000596,2026-05-02T21:40:19.700087+00:00,3032301,SEND_REMINDER,0.8500000000000001,1,5.535336615164126,0.2863636363636364,-0.7422191394095746,0.0,1.0,0.06299994765920774,0.9980135302664674,37.0,195.90503686977377
evt_inv_000047_0,cust_b2b_031,inv_000047,2026-05-02T21:42:05.014575+00:00,12363418,SEND_REMINDER,0.8500000000000001,1,7.707035829946079,0.29333333333333333,-0.2556407044510747,0.0,1.0,0.06308487489693557,0.9980081655774355,42.0,194.24286676124152
evt_inv_006775_1,cust_b2b_003,inv_006775,2026-05-02T21:43:41.455578+00:00,6599118,OFFER_PAYMENT_PLAN,0.8500000000000001,0,24.728493176138024,0.16595744680851063,0.943146273188471,1.0,1.0,0.06316264601811933,0.9980032465618485,32.0,187.8336575325001
evt_inv_004275_0,cust_b2b_024,inv_004275,2026-05-02T21:50:42.025950+00:00,5083164,SEND_REMINDER,0.8500000000000001,0,1.5812851497542773,0.13934426229508196,0.2944721304969469,0.0,1.0,0.06350179425674478,0.9979817243447768,37.0,191.12816268910456
evt_inv_002236_1,cust_b2b_006,inv_002236,2026-05-02T22:10:19.705244+00:00,4981296,OFFER_PAYMENT_PLAN,0.8500000000000001,0,24.762851306778774,0.3112033195020747,-0.2570164850063574,1.0,1.0,0.06445143651064798,0.9979208447225231,41.0,196.05231523825123
evt_inv_003642_0,cust_b2b_019,inv_003642,2026-05-02T23:14:56.112947+00:00,3259517,SEND_REMINDER,0.8500000000000001,0,2.498944030294194,0.3512396694214876,-0.10789810118363388,0.0,1.0,0.06757682866827068,0.9977140733833212,55.0,194.9069378068551
evt_inv_000351_0,cust_b2b_030,inv_000351,2026-05-02T23:15:38.120368+00:00,2814321,SEND_REMINDER,0.8500000000000001,0,3.7000122638805415,0.30677290836653387,0.4647258805973898,0.0,1.0,0.06761069399215108,0.9977117790513951,47.0,200.8159602760278
evt_inv_002687_0,cust_b2b_028,inv_002687,2026-05-02T23:26:24.261198+00:00,5756469,SEND_REMINDER,0.8500000000000001,1,9.370007052929816,0.34347826086956523,0.2983738077516822,0.0,1.0,0.06813158660519902,0.997676343764178,29.0,182.77448012401476
evt_inv_000861_0,cust_b2b_005,inv_000861,2026-05-02T23:32:56.885103+00:00,6217124,WRITE_OFF,0.05,0,3.0847906983093742,0.23504273504273504,-0.5005357913607889,0.0,1.0,0.06844809506111689,0.9976546788756641,36.0,193.32097165952572
evt_inv_006947_1,cust_b2b_000,inv_006947,2026-05-02T23:53:53.504450+00:00,4131588,OFFER_PAYMENT_PLAN,0.8500000000000001,0,20.25537908181016,0.35398230088495575,-0.3925395541510892,1.0,1.0,0.06946105530318143,0.997584663974025,40.0,192.6438951073225
evt_inv_006485_1,cust_b2b_028,inv_006485,2026-05-03T00:08:55.508637+00:00,5050909,OFFER_PAYMENT_PLAN,0.8500000000000001,0,20.876788755957563,0.3463203463203463,-0.04461785122372876,1.0,1.0,0.07018811634644281,0.9975337730241208,29.0,182.80400845085532
evt_inv_000164_0,cust_b2b_018,inv_000164,2026-05-03T00:18:00.227897+00:00,2499311,SEND_REMINDER,0.8500000000000001,0,4.181061525670205,0.6363636363636364,0.569819855054155,0.0,1.0,0.07062716961768785,0.9975027834105499,33.0,186.43782435574857
evt_inv_004067_0,cust_b2b_014,inv_004067,2026-05-03T01:07:14.569029+00:00,8846297,SEND_REMINDER,0.8500000000000001,0,9.817846744753524,0.24875621890547264,-0.41351551200823383,0.0,1.0,0.07300817982382508,0.9973313419715697,29.0,199.28559898127085
evt_inv_008198_0,cust_b2b_028,inv_008198,2026-05-03T01:07:50.727968+00:00,4045673,SEND_REMINDER,0.8500000000000001,0,9.150308975048025,0.3448275862068966,-0.5332902443933069,0.0,1.0,0.07303731906856498,0.9973292084478809,30.0,182.84492534125468
evt_inv_002791_0,cust_b2b_039,inv_002791,2026-05-03T01:33:21.559490+00:00,10554513,SEND_REMINDER,0.8500000000000001,0,6.6682603952285,0.42346938775510207,-0.07475038818299906,0.0,1.0,0.0742709060279883,0.9972381022192152,36.0,185.96063097647848
evt_inv_006447_1,cust_b2b_021,inv_006447,2026-05-03T01:39:35.072147+00:00,9319658,ESCALATE_COLLECTIONS,0.05,1,23.70143473895853,0.31950207468879666,0.04223089244053715,1.0,1.0,0.0745718758250237,0.9972156413413987,36.0,195.0746907661793
evt_inv_005825_0,cust_b2b_001,inv_005825,2026-05-03T01:40:07.226583+00:00,6049102,SEND_REMINDER,0.8500000000000001,0,1.8186323187258346,0.051643192488262914,-0.3126413998596936,0.0,1.0,0.07459778497515208,0.9972137035143475,37.0,185.95365314715517
evt_inv_000625_1,cust_b2b_016,inv_000625,2026-05-03T01:43:35.774860+00:00,9381790,OFFER_PAYMENT_PLAN,0.8500000000000001,0,18.77740852673554,0.23293172690763053,-0.139829890882134,1.0,1.0,0.07476582615523707,0.9972011187515409,27.0,188.7602070115673
evt_inv_008482_0,cust_b2b_010,inv_008482,2026-05-03T01:47:28.054196+00:00,3037665,SEND_REMINDER,0.8500000000000001,1,8.143715914000577,0.13675213675213677,0.10253186667557798,0.0,1.0,0.07495298652311749,0.9971870686141419,51.0,192.74816723271996
evt_inv_007037_0,cust_b2b_018,inv_007037,2026-05-03T02:00:46.322989+00:00,2841340,SEND_REMINDER,0.8500000000000001,0,7.735191421392878,0.6331658291457286,0.9899225019649806,0.0,1.0,0.0755961758777502,0.9971385150482657,34.0,186.5091911970812
evt_inv_000866_0,cust_b2b_027,inv_000866,2026-05-03T02:02:10.663989+00:00,1776600,SEND_REMINDER,0.8500000000000001,0,2.135185507271875,0.16182572614107885,-0.9032189731827971,0.0,1.0,0.07566413014494083,0.9971333608948251,36.0,186.16662367329684
evt_inv_006342_1,cust_b2b_006,inv_006342,2026-05-03T02:08:19.234835+00:00,5398847,OFFER_PAYMENT_PLAN,0.8500000000000001,0,18.629029428941678,0.30991735537190085,-0.06900148953477345,1.0,1.0,0.07596108670871739,0.9971107828651893,42.0,196.21758757148254
evt_inv_003504_1,cust_b2b_025,inv_003504,2026-05-03T02:22:55.952195+00:00,12940454,OFFER_PAYMENT_PLAN,0.8500000000000001,0,22.503736228074924,0.20875420875420875,0.6899978988424371,1.0,1.0,0.07666742846387538,0.997056721261502,47.0,194.21776639838149
evt_inv_004498_0,cust_b2b_003,inv_004498,2026-05-03T02:29:24.458949+00:00,4908760,SEND_REMINDER,0.8500000000000001,0,4.562653577047707,0.1652542372881356,0.0611871816020922,0.0,1.0,0.07698042303560311,0.9970326045166525,32.0,188.032071923362
evt_inv_001177_1,cust_b2b_029,inv_001177,2026-05-03T02:40:41.364118+00:00,6216543,OFFER_PAYMENT_PLAN,0.8500000000000001,0,17.48624326872086,0.2191780821917808,0.2761604899721489,1.0,1.0,0.07752574327414256,0.9969903505700503,35.0,197.17669519888236
evt_inv_007896_0,cust_b2b_036,inv_007896,2026-05-03T02:49:05.807639+00:00,3180333,OFFER_PAYMENT_PLAN,0.05,0,1.8863531509773255,0.2793522267206478,-0.37434012036591946,0.0,1.0,0.07793211195060284,0.9969586681136379,38.0,197.5712876648535
evt_inv_000733_1,cust_b2b_005,inv_000733,2026-05-03T02:50:05.727325+00:00,7188659,OFFER_PAYMENT_PLAN,0.8500000000000001,1,24.061317363625918,0.23404255319148937,-0.18808427547442505,1.0,1.0,0.07798038108129957,0.9969548937471621,36.0,193.45787955561102
evt_inv_004869_0,cust_b2b_038,inv_004869,2026-05-03T03:01:45.610826+00:00,3210322,SEND_REMINDER,0.8500000000000001,0,1.1277986405505938,0.2895927601809955,-0.6390231293224052,0.0,1.0,0.07854416833520265,0.9969106347213532,38.0,196.12825342924612
evt_inv_004459_0,cust_b2b_033,inv_004459,2026-05-03T03:05:36.710099+00:00,3341580,SEND_REMINDER,0.8500000000000001,0,5.081373923413866,0.13733905579399142,-0.5843875606797343,0.0,1.0,0.07873032355934194,0.9968959505145165,38.0,182.27727014477674
evt_inv_000667_0,cust_b2b_034,inv_000667,2026-05-03T03:14:08.032386+00:00,4403553,OFFER_PAYMENT_PLAN,0.05,1,1.3530283416580078,0.485,-0.38332453067473066,0.0,1.0,0.07914219442489841,0.9968633372040581,38.0,183.05816947924197
evt_inv_005888_0,cust_b2b_026,inv_005888,2026-05-03T03:19:22.579156+00:00,4018768,OFFER_PAYMENT_PLAN,0.05,0,5.755221071897354,0.2868525896414343,-0.39371894611486835,0.0,1.0,0.07939555561131566,0.9968431901503719,43.0,185.2750077474542
evt_inv_008574_1,cust_b2b_015,inv_008574,2026-05-03T03:28:53.091424+00:00,7803286,OFFER_PAYMENT_PLAN,0.8500000000000001,0,24.275907211804082,0.14957264957264957,-0.4724028687261841,1.0,1.0,0.07985507883217555,0.9968064839198765,36.0,194.27206004173414
evt_inv_007564_1,cust_b2b_013,inv_007564,2026-05-03T03:47:46.819279+00:00,2054565,SEND_REMINDER,0.05,0,24.808933717452526,0.19157088122605365,-0.3724517326587689,1.0,1.0,0.08076819764545859,0.9967329121931834,40.0,196.8555041663153
evt_inv_008541_0,cust_b2b_025,inv_008541,2026-05-03T04:24:28.269330+00:00,7135488,SEND_REMINDER,0.8500000000000001,0,5.834738930531506,0.2080536912751678,-0.7410051045871747,0.0,1.0,0.08254107919804017,0.9965876631008548,48.0,194.30216821706458
evt_inv_003077_1,cust_b2b_020,inv_003077,2026-05-03T04:42:21.980349+00:00,5873169,OFFER_PAYMENT_PLAN,0.8500000000000001,1,22.390704002455003,0.3375,0.2384976351668811,1.0,1.0,0.08340567052572444,0.9965156768080241,35.0,184.38851154497286
evt_inv_007452_1,cust_b2b_032,inv_007452,2026-05-03T04:43:20.695942+00:00,11468386,SEND_REMINDER,0.05,0,20.69651987512752,0.10333333333333333,1.865972467604128,1.0,1.0,0.08345294866109802,0.9965117186264134,46.0,201.13170374325696
evt_inv_005139_0,cust_b2b_001,inv_005139,2026-05-03T04:58:39.183934+00:00,7465869,SEND_REMINDER,0.8500000000000001,0,3.462488237134375,0.0514018691588785,0.19966202892315604,0.0,1.0,0.0841924959913917,0.9964495088155443,37.0,186.0915230239128
evt_inv_004460_0,cust_b2b_024,inv_004460,2026-05-03T05:07:37.005580+00:00,4023711,SEND_REMINDER,0.8500000000000001,0,6.065353761221571,0.13877551020408163,-0.2879626373149887,0.0,1.0,0.08462551723606394,0.9964128270112387,38.0,191.43157680519212
evt_inv_008868_0,cust_b2b_025,inv_008868,2026-05-03T05:18:34.303202+00:00,8346368,SEND_REMINDER,0.8500000000000001,0,2.5181213499657975,0.20735785953177258,-0.4425067106478564,0.0,1.0,0.08515471155312138,0.9963677408970569,48.0,194.3397380535483
evt_inv_004353_0,cust_b2b_032,inv_004353,2026-05-03T05:20:36.281477+00:00,6220661,WRITE_OFF,0.05,0,7.420375088469931,0.10299003322259136,-0.1318173876143216,0.0,1.0,0.08525291436737018,0.9963593431046199,47.0,201.15757857584762
evt_inv_004849_0,cust_b2b_015,inv_004849,2026-05-03T06:02:45.997322+00:00,13243150,SEND_REMINDER,0.8500000000000001,0,6.853461778785969,0.14893617021276595,0.9410851809335329,0.0,1.0,0.08728936118116878,0.9961829989638367,37.0,194.37892237852452
evt_inv_008139_0,cust_b2b_032,inv_008139,2026-05-03T06:19:31.731486+00:00,5821847,SEND_REMINDER,0.8500000000000001,0,1.8164195606881308,0.10264900662251655,-0.28364421454997457,0.0,1.0,0.08809888649643076,0.9961117337919924,47.0,201.19849813613723
evt_inv_003248_0,cust_b2b_024,inv_003248,2026-05-03T06:20:04.925241+00:00,4636024,ESCALATE_COLLECTIONS,0.05,0,2.039508442449457,0.13821138211382114,0.04865690573801779,0.0,1.0,0.08812560348657206,0.9961093705061345,39.0,191.4818999494132
evt_inv_006781_0,cust_b2b_012,inv_006781,2026-05-03T06:54:19.089730+00:00,4078368,SEND_REMINDER,0.8500000000000001,0,5.22353731040014,0.4831932773109244,0.15668828175396737,0.0,1.0,0.08977883536936687,0.9959617265335652,43.0,196.2420708258612
evt_inv_008334_0,cust_b2b_007,inv_008334,2026-05-03T07:05:36.735894+00:00,4025505,SEND_REMINDER,0.8500000000000001,0,3.906347603025788,0.292,-0.1495227395695874,0.0,1.0,0.09032416426471965,0.9959124185137366,50.0,200.09687376891483
evt_inv_001113_0,cust_b2b_038,inv_001113,2026-05-03T07:20:16.102448+00:00,4095582,SEND_REMINDER,0.8500000000000001,0,4.654517548060261,0.2882882882882883,-0.1258511402628345,0.0,1.0,0.09103178520627235,0.9958479874369176,39.0,196.30777300820057
evt_inv_000112_0,cust_b2b_019,inv_000112,2026-05-03T07:21:22.302803+00:00,3749417,SEND_REMINDER,0.8500000000000001,1,4.194436486790316,0.3497942386831276,0.25163079851436004,0.0,1.0,0.09108505437602218,0.9958431165948365,54.0,195.24474093018856
evt_inv_008764_0,cust_b2b_002,inv_008764,2026-05-03T07:35:12.900577+00:00,3064281,SEND_REMINDER,0.8500000000000001,0,6.040125000875357,0.14027149321266968,-0.4850145068114867,0.0,1.0,0.09175338589338028,0.9957817613197685,35.0,195.8917162461777
evt_inv_001922_0,cust_b2b_024,inv_001922,2026-05-03T07:37:36.720217+00:00,3459538,SEND_REMINDER,0.8500000000000001,0,3.277241061668988,0.13765182186234817,-0.5981169205531489,0.0,1.0,0.09186910462256515,0.995771091976388,39.0,191.53574016904676
evt_inv_001104_0,cust_b2b_037,inv_001104,2026-05-03T07:39:00.228215+00:00,2212434,SEND_REMINDER,0.8500000000000001,0,9.741871002873156,0.2807017543859649,-0.5907292476699775,0.0,1.0,0.09193629542846588,0.9957648907161217,29.0,193.53242175998705
evt_inv_007922_0,cust_b2b_017,inv_007922,2026-05-03T07:41:16.000367+00:00,5802906,SEND_REMINDER,0.8500000000000001,0,4.4220160886609525,0.29130434782608694,-0.27648446582726427,0.0,1.0,0.09204553724871622,0.9957547986691277,35.0,197.83558664710165
evt_inv_003132_0,cust_b2b_010,inv_003132,2026-05-03T08:13:52.106078+00:00,3105373,SEND_REMINDER,0.8500000000000001,0,3.868743440675782,0.14042553191489363,0.1605408478537679,0.0,1.0,0.09361928976312364,0.9956080697665364,52.0,193.01650116653616
evt_inv_000422_0,cust_b2b_000,inv_000422,2026-05-03T08:16:59.345017+00:00,4901499,SEND_REMINDER,0.8500000000000001,1,8.072862403737282,0.3524229074889868,0.00018002420544835715,0.0,1.0,0.09376991755408827,0.9955938943976602,41.0,192.99326826203182
evt_inv_004962_0,cust_b2b_036,inv_004962,2026-05-03T08:27:45.507027+00:00,5671459,SEND_REMINDER,0.8500000000000001,0,5.285691201040514,0.2782258064516129,1.2906694018429086,0.0,1.0,0.09428971789944537,0.9955448001463535,39.0,197.8064693707424
evt_inv_000810_0,cust_b2b_020,inv_000810,2026-05-03T08:37:06.485098+00:00,7478785,SEND_REMINDER,0.8500000000000001,1,3.0477796679692464,0.34024896265560167,0.987152277187836,0.0,1.0,0.09474097180321203,0.9955019579397034,35.0,184.55152664623952
evt_inv_000208_0,cust_b2b_010,inv_000208,2026-05-03T08:44:08.161243+00:00,3084549,SEND_REMINDER,0.8500000000000001,1,3.299064511138319,0.13983050847457626,0.14269915119692148,0.0,1.0,0.09508015764684517,0.9954696196378124,51.0,193.03752032354578
evt_inv_002363_1,cust_b2b_033,inv_002363,2026-05-03T08:48:18.990929+00:00,4158289,OFFER_PAYMENT_PLAN,0.8500000000000001,1,18.01919246672364,0.13675213675213677,-0.11619648645383303,1.0,1.0,0.09528191359801269,0.9954503287161549,38.0,182.51525950622548
evt_inv_007322_0,cust_b2b_011,inv_007322,2026-05-03T08:52:33.024856+00:00,2073463,SEND_REMINDER,0.8500000000000001,1,6.7058345559113794,0.37104072398190047,0.6705597571891407,0.0,1.0,0.09548624290546341,0.9954307496836728,35.0,196.16679492037255
evt_inv_001597_1,cust_b2b_021,inv_001597,2026-05-03T08:55:24.317729+00:00,12847482,SEND_REMINDER,0.05,1,20.169899853114153,0.32231404958677684,1.0045564164974083,1.0,1.0,0.09562401811481054,0.9954175240368126,35.0,195.37734407152982
evt_inv_002763_1,cust_b2b_022,inv_002763,2026-05-03T08:56:02.077944+00:00,2034438,OFFER_PAYMENT_PLAN,0.8500000000000001,0,22.349602955940874,0.20909090909090908,0.19938444748544173,1.0,1.0,0.09565438936812923,0.9954146059781372,43.0,189.92222051090835
evt_inv_001334_0,cust_b2b_003,inv_001334,2026-05-03T09:32:01.306905+00:00,4055033,SEND_REMINDER,0.8500000000000001,0,1.1978328536042189,0.16455696202531644,-0.38425171290271987,0.0,1.0,0.09739094897089534,0.9952462022326679,32.0,188.3255539598928
evt_inv_001191_0,cust_b2b_003,inv_001191,2026-05-03T09:37:02.488900+00:00,4941056,SEND_REMINDER,0.8500000000000001,0,5.580454378407477,0.1638655462184874,0.07803800303821781,0.0,1.0,0.0976331511105901,0.9952224715128858,33.0,188.32903986261212
evt_inv_005083_1,cust_b2b_031,inv_005083,2026-05-03T09:52:42.393025+00:00,15366848,OFFER_PAYMENT_PLAN,0.8500000000000001,0,18.004104314566735,0.29646017699115046,0.2895788776608438,1.0,1.0,0.09838895848504921,0.9951480356450628,42.0,194.75024382663233
evt_inv_002951_0,cust_b2b_019,inv_002951,2026-05-03T10:10:28.775041+00:00,2815085,SEND_REMINDER,0.8500000000000001,1,8.938735409539074,0.3524590163934426,-0.4340588257204081,0.0,1.0,0.09924640208983042,0.9950628883001434,52.0,195.36217695145604
evt_inv_002996_1,cust_b2b_008,inv_002996,2026-05-03T10:18:13.965689+00:00,8685500,OFFER_PAYMENT_PLAN,0.8500000000000001,0,22.035989419352216,0.25,0.1906807498253781,1.0,1.0,0.09962042393649266,0.9950255128059348,32.0,185.59805930033704
evt_inv_002454_0,cust_b2b_032,inv_002454,2026-05-03T10:28:12.533468+00:00,6168007,SEND_REMINDER,0.8500000000000001,0,7.279164778388029,0.10231023102310231,-0.1518625855091323,0.0,1.0,0.10010166273710096,0.9949772143708959,47.0,201.37119260351884
evt_inv_005532_0,cust_b2b_007,inv_005532,2026-05-03T10:37:04.896751+00:00,3857777,OFFER_PAYMENT_PLAN,0.05,0,5.138965873607911,0.2908366533864542,-0.24745882995491886,0.0,1.0,0.10052965452377673,0.9949340624188772,51.0,200.24372748253106
evt_inv_001270_0,cust_b2b_007,inv_001270,2026-05-03T10:40:41.257884+00:00,3427358,SEND_REMINDER,0.8500000000000001,0,8.917711692365613,0.2896825396825397,-0.4987784655506419,0.0,1.0,0.10070359206490119,0.9949164721448861,52.0,200.24623166231913
evt_inv_003319_0,cust_b2b_004,inv_003319,2026-05-03T10:54:04.841960+00:00,3744655,SEND_REMINDER,0.8500000000000001,1,6.077025704697584,0.16194331983805668,0.48406687276733945,0.0,1.0,0.10134958423994606,0.9948508741386269,45.0,197.76352690929107
evt_inv_008653_0,cust_b2b_023,inv_008653,2026-05-03T11:09:55.038034+00:00,2639092,OFFER_PAYMENT_PLAN,0.05,1,5.521072225901343,0.4148471615720524,0.430638483630608,0.0,1.0,0.10211338099067345,0.9947727667274842,34.0,186.75826477396458
evt_inv_000487_1,cust_b2b_001,inv_000487,2026-05-03T11:40:12.173930+00:00,6893698,SEND_REMINDER,0.05,0,21.517229962350164,0.05116279069767442,-0.007235216577967542,1.0,1.0,0.10357388255206712,0.9946217627083628,36.0,186.37037707478376
evt_inv_002467_0,cust_b2b_007,inv_002467,2026-05-03T11:52:50.058617+00:00,4614067,SEND_REMINDER,0.8500000000000001,0,2.417482017770648,0.2885375494071146,0.19413652426603903,0.0,1.0,0.1041829576330956,0.9945581487971533,53.0,200.29633352265333
evt_inv_007295_1,cust_b2b_022,inv_007295,2026-05-03T12:02:16.096121+00:00,1691694,OFFER_PAYMENT_PLAN,0.8500000000000001,0,17.26239995626745,0.2081447963800905,-0.2553842908612316,1.0,1.0,0.104637828983862,0.9945103944884357,43.0,190.05154942499652
evt_inv_002563_0,cust_b2b_009,inv_002563,2026-05-03T12:34:07.149127+00:00,6019499,SEND_REMINDER,0.8500000000000001,1,7.437076754770149,0.16334661354581673,0.06541078129363093,0.0,1.0,0.10617340111676771,0.9943476298032283,40.0,191.42415180336653
evt_inv_000068_0,cust_b2b_022,inv_000068,2026-05-03T12:39:20.352016+00:00,2490965,SEND_REMINDER,0.8500000000000001,1,9.699530162152467,0.2072072072072072,0.8051241597531418,0.0,1.0,0.10642504231558692,0.9943207281195166,44.0,190.07729312748333
evt_inv_001445_1,cust_b2b_012,inv_001445,2026-05-03T12:39:22.200444+00:00,2817828,OFFER_PAYMENT_PLAN,0.8500000000000001,0,21.1172362705164,0.4811715481171548,-0.6644393472855935,1.0,1.0,0.10642652740529987,0.9943205691649193,43.0,196.48169016282668
evt_inv_005761_1,cust_b2b_030,inv_005761,2026-05-03T12:58:29.569339+00:00,1727319,SEND_REMINDER,0.05,0,21.98645924638239,0.3055555555555556,-0.680368648133259,1.0,1.0,0.10734831636302156,0.9942214738045164,47.0,201.38738908355663
evt_inv_000067_0,cust_b2b_005,inv_000067,2026-05-03T13:09:19.384995+00:00,9377557,SEND_REMINDER,0.8500000000000001,0,4.353794078789389,0.23728813559322035,0.5158785632138126,0.0,1.0,0.10787033330143751,0.9941649718197865,37.0,193.88789874160534
evt_inv_002485_1,cust_b2b_028,inv_002485,2026-05-03T13:11:22.788903+00:00,5360562,OFFER_PAYMENT_PLAN,0.8500000000000001,0,19.153074064742697,0.34334763948497854,0.10591282693514241,1.0,1.0,0.10796946410734827,0.9941542107844095,30.0,183.34737975022392
evt_inv_002067_0,cust_b2b_031,inv_002067,2026-05-03T13:18:09.573809+00:00,13661652,ESCALATE_COLLECTIONS,0.05,0,8.59899673152219,0.29515418502202645,-0.019969271887772044,0.0,1.0,0.10829622828744773,0.9941186684388906,43.0,194.89291953014413
evt_inv_003873_0,cust_b2b_017,inv_003873,2026-05-03T13:28:37.792089+00:00,6071783,WRITE_OFF,0.05,0,2.25194819662758,0.29004329004329005,-0.17345790916231316,0.0,1.0,0.10880084355784238,0.9940635676057653,34.0,198.07681108832398
evt_inv_004626_0,cust_b2b_012,inv_004626,2026-05-03T13:49:36.896921+00:00,3631262,SEND_REMINDER,0.8500000000000001,0,2.320591899836006,0.4791666666666667,-0.1345609128961619,0.0,1.0,0.10981213284974767,0.9939523607693627,43.0,196.53047137205144
evt_inv_006622_0,cust_b2b_017,inv_006622,2026-05-03T13:53:55.111064+00:00,6218160,SEND_REMINDER,0.8500000000000001,0,1.7284675987163194,0.28879310344827586,-0.11737040966307692,0.0,1.0,0.11001951157626197,0.9939294276116996,34.0,198.09437265053893
evt_inv_008721_0,cust_b2b_025,inv_008721,2026-05-03T14:21:09.451314+00:00,14111092,SEND_REMINDER,0.8500000000000001,0,1.1071171017042118,0.20666666666666667,0.9785761097032536,0.0,1.0,0.1113319827469648,0.9937832709487665,48.0,194.71653374928988
evt_inv_006446_0,cust_b2b_007,inv_006446,2026-05-03T14:26:40.078598+00:00,5272739,SEND_REMINDER,0.8500000000000001,0,6.4523149230873225,0.2874015748031496,0.5787322068241062,0.0,1.0,0.11159747232875004,0.9937534926579297,53.0,200.4031624576149
evt_inv_004449_0,cust_b2b_018,inv_004449,2026-05-03T14:31:44.857982+00:00,2933744,SEND_REMINDER,0.8500000000000001,0,4.63805461851916,0.63,1.1034183357637741,0.0,1.0,0.11184219931500147,0.9937259795599507,33.0,187.03070201876562
evt_inv_004490_0,cust_b2b_020,inv_004490,2026-05-03T14:33:44.165989+00:00,4798125,SEND_REMINDER,0.8500000000000001,1,1.2718646042398938,0.34297520661157027,-0.2627659155829316,0.0,1.0,0.11193799754661383,0.993715192952817,36.0,184.79918498987817
evt_inv_001167_0,cust_b2b_023,inv_001167,2026-05-03T14:37:05.477576+00:00,3372054,SEND_REMINDER,0.8500000000000001,0,7.64481956165965,0.41739130434782606,1.2445715179194314,0.0,1.0,0.11209963810423924,0.9936969714842139,35.0,186.90213560199967
evt_inv_006604_0,cust_b2b_023,inv_006604,2026-05-03T14:44:04.766096+00:00,2538393,SEND_REMINDER,0.8500000000000001,1,3.219390173504503,0.4155844155844156,0.3188141613298438,0.0,1.0,0.11243629091640563,0.9936589356942157,36.0,186.9069884783879
evt_inv_001473_0,cust_b2b_021,inv_001473,2026-05-03T14:47:12.928854+00:00,10169408,SEND_REMINDER,0.8500000000000001,0,8.48994463879476,0.32510288065843623,0.27402721037142275,0.0,1.0,0.112587365320484,0.9936418294185244,35.0,195.62165670028557
evt_inv_003978_1,cust_b2b_008,inv_003978,2026-05-03T15:05:36.352496+00:00,6807348,OFFER_PAYMENT_PLAN,0.8500000000000001,0,21.146940089987314,0.24888888888888888,-0.3911517958384816,1.0,1.0,0.11347324302578904,0.9935410525575731,33.0,185.7976239624517
evt_inv_007261_0,cust_b2b_020,inv_007261,2026-05-03T15:09:41.283551+00:00,6901743,SEND_REMINDER,0.8500000000000001,0,9.17011106906973,0.345679012345679,0.7180931745014891,0.0,1.0,0.11366987239032487,0.9935185756244154,37.0,184.82415162833726
evt_inv_007626_0,cust_b2b_021,inv_007626,2026-05-03T15:12:01.662013+00:00,11236834,SEND_REMINDER,0.8500000000000001,0,6.208632186059474,0.3237704918032787,0.5652012347066419,0.0,1.0,0.11378256547499846,0.9935056757733837,35.0,195.63888740814454
evt_inv_001829_1,cust_b2b_024,inv_001829,2026-05-03T15:12:24.845648+00:00,4318101,WRITE_OFF,0.05,0,20.443863962521284,0.13709677419354838,-0.12612149794964486,1.0,1.0,0.11380117670326052,0.9935035441209826,40.0,191.85157495412628
evt_inv_002483_1,cust_b2b_035,inv_002483,2026-05-03T15:16:19.140887+00:00,4930162,OFFER_PAYMENT_PLAN,0.8500000000000001,0,22.391280338641693,0.35564853556485354,-0.17019274927281752,1.0,1.0,0.11398926067634109,0.9934819819455515,32.0,200.44735811530242
evt_inv_001577_0,cust_b2b_027,inv_001577,2026-05-03T15:16:23.172223+00:00,2690598,SEND_REMINDER,0.8500000000000001,0,5.210087499288614,0.16115702479338842,-0.08173241482024869,0.0,1.0,0.11399249685494792,0.9934816106304005,37.0,186.7181573334117
evt_inv_006076_0,cust_b2b_039,inv_006076,2026-05-03T15:25:02.273724+00:00,16187822,SEND_REMINDER,0.8500000000000001,0,9.15903970266913,0.4213197969543147,1.2196893252114152,0.0,1.0,0.11440919855290277,0.9934337095581579,37.0,186.53818553936944
evt_inv_001862_0,cust_b2b_003,inv_001862,2026-05-03T15:40:52.115293+00:00,6070913,SEND_REMINDER,0.8500000000000001,0,8.266991678291582,0.16317991631799164,0.6675507369339255,0.0,1.0,0.11517161884194438,0.9933456086445069,34.0,188.58169757549527
evt_inv_004702_0,cust_b2b_018,inv_004702,2026-05-03T15:41:23.912320+00:00,2439272,SEND_REMINDER,0.8500000000000001,0,7.80542120540578,0.6268656716417911,0.49607522841696267,0.0,1.0,0.11519714055677174,0.993342649244229,34.0,187.07907070322554
evt_inv_007700_0,cust_b2b_035,inv_007700,2026-05-03T15:56:42.404063+00:00,5052161,SEND_REMINDER,0.8500000000000001,0,5.76665912722878,0.3541666666666667,-0.11254092925297972,0.0,1.0,0.11593433020140544,0.9932568807115063,33.0,200.4754051428042
evt_inv_000806_0,cust_b2b_010,inv_000806,2026-05-03T15:59:34.992317+00:00,2044484,SEND_REMINDER,0.8500000000000001,0,3.2591090937887968,0.14345991561181434,-0.7483801516504907,0.0,1.0,0.11607284395459458,0.9932407034029024,51.0,193.3399142017173
evt_inv_000617_0,cust_b2b_002,inv_000617,2026-05-03T16:13:36.793086+00:00,4134206,SEND_REMINDER,0.8500000000000001,0,6.153704021823981,0.13963963963963963,0.21853812106121234,0.0,1.0,0.11674841363242686,0.9931615215634926,36.0,196.2517150020707
evt_inv_002656_0,cust_b2b_028,inv_002656,2026-05-03T16:26:54.112304+00:00,4570395,SEND_REMINDER,0.8500000000000001,0,7.082889223120448,0.3418803418803419,-0.2782087968939952,0.0,1.0,0.11738823576386,0.9930861000458361,31.0,183.48315895626146
evt_inv_003219_0,cust_b2b_026,inv_003219,2026-05-03T17:09:50.653564+00:00,5031199,SEND_REMINDER,0.8500000000000001,0,5.70065445257649,0.2857142857142857,0.13690747664076852,0.0,1.0,0.11945548988269845,0.9928395569964387,40.0,185.8517215716291
evt_inv_006858_0,cust_b2b_035,inv_006858,2026-05-03T17:22:01.946132+00:00,7206430,SEND_REMINDER,0.8500000000000001,1,7.806950200259613,0.35269709543568467,0.9054847018039258,0.0,1.0,0.1200421389496569,0.9927687972918927,34.0,200.53465910192924
evt_inv_003604_0,cust_b2b_030,inv_003604,2026-05-03T17:44:49.717589+00:00,3295766,SEND_REMINDER,0.8500000000000001,0,8.619266212021227,0.30434782608695654,0.9718996315652955,0.0,1.0,0.12113926408183875,0.9926355215776386,48.0,201.58623339200517
evt_inv_008350_0,cust_b2b_025,inv_008350,2026-05-03T18:13:46.125217+00:00,9674486,SEND_REMINDER,0.8500000000000001,0,7.333975074693188,0.2059800664451827,-0.11510756686100064,0.0,1.0,0.12253186856356789,0.9924645793106778,49.0,194.8780693268681
evt_inv_003252_1,cust_b2b_003,inv_003252,2026-05-03T18:37:45.691222+00:00,5383926,OFFER_PAYMENT_PLAN,0.8500000000000001,0,23.618720706593916,0.1625,0.30910946491462216,1.0,1.0,0.12368622234717731,0.9923213785873428,35.0,188.70453988948188
evt_inv_008054_0,cust_b2b_004,inv_008054,2026-05-03T18:57:08.758642+00:00,3031861,SEND_REMINDER,0.8500000000000001,0,8.254389162328852,0.16532258064516128,-0.08394967005371279,0.0,1.0,0.12461873633301754,0.9922047019414703,46.0,198.09898890792775
evt_inv_002445_0,cust_b2b_036,inv_002445,2026-05-03T19:21:29.018735+00:00,3625806,SEND_REMINDER,0.8500000000000001,0,4.027921678503677,0.27710843373493976,-0.07659641909311363,0.0,1.0,0.12578937490985612,0.9920569707228449,39.0,198.26044520069465
evt_inv_002638_0,cust_b2b_031,inv_002638,2026-05-03T19:21:30.362684+00:00,18678247,SEND_REMINDER,0.8500000000000001,0,3.1360431303080967,0.29385964912280704,0.8907046453233967,0.0,1.0,0.12579045222539081,0.9920568341223862,43.0,195.1452434754623
evt_inv_002887_0,cust_b2b_007,inv_002887,2026-05-03T19:28:26.276063+00:00,5312575,SEND_REMINDER,0.8500000000000001,0,2.650136809530961,0.28627450980392155,0.6019923885825966,0.0,1.0,0.12612384316935144,0.9920145040190657,54.0,200.61272492827183
evt_inv_000277_0,cust_b2b_032,inv_000277,2026-05-03T20:09:56.420137+00:00,5659445,SEND_REMINDER,0.8500000000000001,0,9.522127752727865,0.10197368421052631,-0.3454700130803153,0.0,1.0,0.12811961214517903,0.99175872316999,47.0,201.77517277329807
evt_inv_005737_0,cust_b2b_009,inv_005737,2026-05-03T20:10:13.455889+00:00,7648018,SEND_REMINDER,0.8500000000000001,0,4.69365568850995,0.16666666666666666,0.7594585681866243,0.0,1.0,0.1281332639651632,0.9917569594742625,41.0,191.74089146495643
evt_inv_006874_0,cust_b2b_000,inv_006874,2026-05-03T20:30:49.176867+00:00,4588932,WRITE_OFF,0.05,0,2.8919486998669814,0.35526315789473684,-0.15925566938044494,0.0,1.0,0.1291234600550179,0.9916285252368551,42.0,193.50287279732848
evt_inv_004522_0,cust_b2b_026,inv_004522,2026-05-03T20:34:56.963213+00:00,6134029,SEND_REMINDER,0.8500000000000001,1,9.819835216607395,0.2845849802371542,0.7149128273853849,0.0,1.0,0.1293219983712546,0.9916026526473521,41.0,185.9941557110765
evt_inv_003578_0,cust_b2b_039,inv_003578,2026-05-03T20:36:55.595676+00:00,8917281,SEND_REMINDER,0.8500000000000001,1,6.438546231539587,0.41919191919191917,-0.45095867525423444,0.0,1.0,0.12941705056136682,0.9915902515777354,38.0,186.75477491381267
evt_inv_008463_1,cust_b2b_007,inv_008463,2026-05-03T21:08:57.049842+00:00,6248733,OFFER_PAYMENT_PLAN,0.8500000000000001,0,16.46028081147582,0.28515625,1.1486117095728312,1.0,1.0,0.13095641594537863,0.9913881263777274,55.0,200.68252555072175
evt_inv_005485_0,cust_b2b_015,inv_005485,2026-05-03T21:12:55.956214+00:00,10202817,OFFER_PAYMENT_PLAN,0.05,0,9.089816027919113,0.1483050847457627,0.15108837174947248,0.0,1.0,0.13114779284842482,0.9913628278440677,36.0,195.01098208791748
evt_inv_004248_0,cust_b2b_013,inv_004248,2026-05-03T21:25:06.494269+00:00,2757582,SEND_REMINDER,0.8500000000000001,0,7.643963489445033,0.19083969465648856,0.3555389328431465,0.0,1.0,0.1317329629228806,0.9912852397163789,38.0,197.5897596638847
evt_inv_007670_0,cust_b2b_033,inv_007670,2026-05-03T21:31:28.389715+00:00,4266526,SEND_REMINDER,0.8500000000000001,0,8.193613065952096,0.14042553191489363,-0.054148097266569946,0.0,1.0,0.1320388476720593,0.9912445423332401,38.0,183.04522939958812
evt_inv_004246_0,cust_b2b_034,inv_004246,2026-05-03T21:45:10.374157+00:00,6022425,OFFER_PAYMENT_PLAN,0.05,1,6.717236250107882,0.48756218905472637,0.3948259074870364,0.0,1.0,0.1326971854529161,0.9911566258532878,37.0,183.82972436085683
evt_inv_000805_1,cust_b2b_005,inv_000805,2026-05-03T22:11:22.889358+00:00,10771866,OFFER_PAYMENT_PLAN,0.8500000000000001,0,22.193717042359694,0.23628691983122363,0.9642966945182856,1.0,1.0,0.13395646949346088,0.9909872170118278,37.0,194.26432819026195
evt_inv_000665_1,cust_b2b_002,inv_000665,2026-05-03T22:12:18.358833+00:00,3675501,OFFER_PAYMENT_PLAN,0.8500000000000001,0,18.966213521684182,0.13901345291479822,-0.08309309737327047,1.0,1.0,0.13400088600116555,0.9909812120070202,35.0,196.50080719822282
evt_inv_008502_1,cust_b2b_000,inv_008502,2026-05-03T22:29:53.447073+00:00,5264360,OFFER_PAYMENT_PLAN,0.8500000000000001,1,21.967445077096425,0.3537117903930131,0.18527029418039886,1.0,1.0,0.13484568372195513,0.9908666113970934,42.0,193.5855611099021
evt_inv_008739_0,cust_b2b_020,inv_008739,2026-05-03T22:30:27.937985+00:00,5297276,SEND_REMINDER,0.8500000000000001,0,6.041690814255348,0.3442622950819672,-0.030025716846366998,0.0,1.0,0.13487329857008215,0.9908628529381982,37.0,185.1302471657616
evt_inv_005162_0,cust_b2b_015,inv_005162,2026-05-03T22:37:26.081386+00:00,12285210,SEND_REMINDER,0.8500000000000001,0,3.4587783062748927,0.14767932489451477,0.692175082171183,0.0,1.0,0.135208073105643,0.9908172268219094,35.0,195.06966409222323
evt_inv_003689_0,cust_b2b_028,inv_003689,2026-05-03T22:54:00.265686+00:00,4103465,SEND_REMINDER,0.8500000000000001,0,8.15314048767241,0.3404255319148936,-0.5051957992882318,0.0,1.0,0.13600397623814542,0.9907082912984094,32.0,183.751980175953
evt_inv_002429_1,cust_b2b_020,inv_002429,2026-05-03T23:30:53.519857+00:00,6445604,OFFER_PAYMENT_PLAN,0.8500000000000001,1,21.09652864017999,0.34285714285714286,0.5054082734932264,1.0,1.0,0.1377755007256453,0.9904634831228245,38.0,185.17220991890744
evt_inv_001038_1,cust_b2b_008,inv_001038,2026-05-03T23:43:26.344707+00:00,8057970,OFFER_PAYMENT_PLAN,0.8500000000000001,1,20.799629036778793,0.24778761061946902,-0.0037217953921415137,1.0,1.0,0.13837797378324215,0.9903794910899782,33.0,186.15723035378406
evt_inv_006859_0,cust_b2b_033,inv_006859,2026-05-04T00:11:01.935790+00:00,4315895,SEND_REMINDER,0.8500000000000001,0,7.653529285233306,0.13983050847457626,-0.0258461072578114,0.0,1.0,0.1397027350265033,0.9901934890848932,39.0,183.15603433101032
evt_inv_007627_0,cust_b2b_019,inv_007627,2026-05-04T00:13:08.111404+00:00,3577904,SEND_REMINDER,0.8500000000000001,0,2.602697234904223,0.3551020408163265,0.12576049935434497,0.0,1.0,0.1398036872724974,0.9901792408574388,51.0,195.94735445566084
evt_inv_004358_0,cust_b2b_029,inv_004358,2026-05-04T00:45:48.387041+00:00,7157316,SEND_REMINDER,0.8500000000000001,0,1.9045840752438123,0.21818181818181817,0.6962872897872203,0.0,1.0,0.1413719030875585,0.989956557136424,32.0,198.0969153716022
evt_inv_001900_0,cust_b2b_009,inv_001900,2026-05-04T01:05:59.991972+00:00,6138224,SEND_REMINDER,0.8500000000000001,0,6.878101312186386,0.16600790513833993,0.11600925177070548,0.0,1.0,0.1423410070198044,0.9898176790301273,42.0,191.94629118814666
evt_inv_006453_0,cust_b2b_039,inv_006453,2026-05-04T01:17:35.310321+00:00,7591539,SEND_REMINDER,0.8500000000000001,0,8.896615898248537,0.4221105527638191,-0.7555918728415468,0.0,1.0,0.14289709684095558,0.9897375509267224,38.0,186.94967901850654
evt_inv_003626_0,cust_b2b_021,inv_003626,2026-05-04T01:25:02.060386+00:00,10159361,SEND_REMINDER,0.8500000000000001,1,9.247613972952971,0.3224489795918367,0.2712863715901597,0.0,1.0,0.1432543671797717,0.9896859028418679,35.0,196.0645864633956
evt_inv_000719_1,cust_b2b_008,inv_000719,2026-05-04T01:49:45.152917+00:00,9603622,OFFER_PAYMENT_PLAN,0.8500000000000001,0,19.661342701504395,0.2511013215859031,0.47510566667669846,1.0,1.0,0.14444027648296862,0.98951352013478,34.0,186.24494804139636
evt_inv_008543_1,cust_b2b_022,inv_008543,2026-05-04T01:50:59.122977+00:00,1476627,OFFER_PAYMENT_PLAN,0.8500000000000001,0,16.537758663664956,0.21076233183856502,-0.5407446941254087,1.0,1.0,0.1444994189486369,0.9895048852448917,44.0,190.62704742101758
evt_inv_004055_0,cust_b2b_030,inv_004055,2026-05-04T02:08:04.898880+00:00,4356959,SEND_REMINDER,0.8500000000000001,0,9.423696198335987,0.3031496062992126,2.0898056569709067,0.0,1.0,0.14531952065972065,0.989384776977708,47.0,201.9357146569529
evt_inv_007502_0,cust_b2b_027,inv_007502,2026-05-04T02:20:52.449562+00:00,3109712,SEND_REMINDER,0.8500000000000001,0,2.244622551730894,0.16049382716049382,0.29496102883519937,0.0,1.0,0.14593310757996966,0.9892944597601125,36.0,187.17960730261726
evt_inv_008771_0,cust_b2b_018,inv_008771,2026-05-04T02:25:02.555188+00:00,1620071,SEND_REMINDER,0.8500000000000001,1,3.7821679891630913,0.6237623762376238,-0.5101208168128184,0.0,1.0,0.14613303215353163,0.9892649477837648,34.0,187.52604573643052
evt_inv_002104_0,cust_b2b_037,inv_002104,2026-05-04T02:29:19.768476+00:00,3100558,SEND_REMINDER,0.8500000000000001,0,7.943976879442394,0.2794759825327511,0.17569697401038153,0.0,1.0,0.1463386320860901,0.9892345549763069,27.0,194.31737014263732
evt_inv_000299_0,cust_b2b_021,inv_000299,2026-05-04T02:40:50.308250+00:00,8421961,SEND_REMINDER,0.8500000000000001,0,3.3058487787708764,0.3252032520325203,-0.20264431692950355,0.0,1.0,0.1468905743449611,0.9891527481479326,36.0,196.11722822107652
evt_inv_000570_1,cust_b2b_003,inv_000570,2026-05-04T02:45:41.762596+00:00,4612031,OFFER_PAYMENT_PLAN,0.8500000000000001,0,18.32118303805701,0.16182572614107885,-0.09363342857765805,1.0,1.0,0.14712351747964048,0.9891181277301604,36.0,189.0433833081635
evt_inv_004914_0,cust_b2b_016,inv_004914,2026-05-04T02:48:21.398643+00:00,11470055,SEND_REMINDER,0.8500000000000001,0,3.04031802055572,0.232,0.3855134651659318,0.0,1.0,0.1472511021735014,0.9890991421028981,26.0,189.8051795090515
evt_inv_006141_0,cust_b2b_031,inv_006141,2026-05-04T02:52:56.964935+00:00,18161908,SEND_REMINDER,0.8500000000000001,0,8.06265890101119,0.2925764192139738,0.7969725069136484,0.0,1.0,0.14747133514209002,0.9890663300868195,43.0,195.4587458163343
evt_inv_004226_1,cust_b2b_001,inv_004226,2026-05-04T02:55:29.349680+00:00,5870407,OFFER_PAYMENT_PLAN,0.8500000000000001,0,24.39123876328458,0.05092592592592592,-0.3772576605444272,1.0,1.0,0.14759311810536838,0.9890481643923792,35.0,187.00599253485393
evt_inv_004965_0,cust_b2b_010,inv_004965,2026-05-04T03:04:40.800704+00:00,2583111,WRITE_OFF,0.05,0,6.530028746281939,0.14285714285714285,-0.2869097608779587,0.0,1.0,0.14803380846674458,0.9889823009290061,49.0,193.8017869839708
evt_inv_001913_0,cust_b2b_039,inv_001913,2026-05-04T03:14:27.203155+00:00,13733991,SEND_REMINDER,0.8500000000000001,0,8.80695091091053,0.42,0.6558402536595874,0.0,1.0,0.14850239790458392,0.9889120475636792,39.0,187.0308351855616
evt_inv_003138_0,cust_b2b_006,inv_003138,2026-05-04T03:17:23.432912+00:00,4738854,SEND_REMINDER,0.8500000000000001,0,8.96768293149648,0.30864197530864196,-0.3661838392046386,0.0,1.0,0.14864321516199341,0.9888908911433583,39.0,197.2655528269977
evt_inv_002006_1,cust_b2b_032,inv_002006,2026-05-04T03:29:02.071841+00:00,8024791,OFFER_PAYMENT_PLAN,0.8500000000000001,0,19.352360007436076,0.10163934426229508,0.5550083748979882,1.0,1.0,0.14920143636061464,0.9888068220779676,47.0,202.08009929764293
evt_inv_004338_0,cust_b2b_021,inv_004338,2026-05-04T03:30:10.123479+00:00,11337216,SEND_REMINDER,0.8500000000000001,1,8.916920656783162,0.32388663967611336,0.5925836809293697,0.0,1.0,0.1492558079281836,0.9887986164026046,37.0,196.1514853417813
evt_inv_008460_0,cust_b2b_021,inv_008460,2026-05-04T03:32:05.155270+00:00,11651582,SEND_REMINDER,0.8500000000000001,0,1.7341500568083115,0.32661290322580644,0.6783369363975621,0.0,1.0,0.14934771444358275,0.9887847390562206,38.0,196.1528167282495
evt_inv_007259_1,cust_b2b_002,inv_007259,2026-05-04T04:05:32.676477+00:00,2783186,OFFER_PAYMENT_PLAN,0.8500000000000001,0,20.908938822469842,0.13839285714285715,-0.669854889519842,1.0,1.0,0.15095144763087362,0.9885411779274264,35.0,196.74611180057516
evt_inv_004041_0,cust_b2b_039,inv_004041,2026-05-04T04:13:51.674108+00:00,10664765,SEND_REMINDER,0.8500000000000001,1,9.307091512633123,0.417910447761194,-0.04941631952585716,0.0,1.0,0.15135001660039263,0.9884802337300735,39.0,187.07209063641184
evt_inv_007820_1,cust_b2b_009,inv_007820,2026-05-04T04:24:57.269578+00:00,4425823,OFFER_PAYMENT_PLAN,0.8500000000000001,0,19.161198578698105,0.16535433070866143,-0.6137876420988352,1.0,1.0,0.15188161548385803,0.9883986922684659,43.0,192.0844541233952
evt_inv_003188_0,cust_b2b_010,inv_003188,2026-05-04T04:25:06.952127+00:00,2954166,SEND_REMINDER,0.8500000000000001,1,8.719629928991223,0.14225941422594143,0.03099367420464292,0.0,1.0,0.15188934843450266,0.988397503958879,48.0,193.85764521803478
evt_inv_007583_0,cust_b2b_036,inv_007583,2026-05-04T04:34:58.231791+00:00,3007974,SEND_REMINDER,0.8500000000000001,0,5.058426284664904,0.276,-0.4895410604492486,0.0,1.0,0.15236155523744735,0.9883248233681203,39.0,198.64481109254928
evt_inv_004273_0,cust_b2b_000,inv_004273,2026-05-04T04:41:11.130388+00:00,3601184,SEND_REMINDER,0.8500000000000001,0,6.489787844302333,0.3565217391304348,-0.6630904939895219,0.0,1.0,0.15265934103162265,0.9882788703578513,42.0,193.84340466678927
evt_inv_003554_0,cust_b2b_023,inv_003554,2026-05-04T04:41:56.576470+00:00,2405350,ESCALATE_COLLECTIONS,0.05,1,1.296437136610478,0.41810344827586204,0.17107446024264397,0.0,1.0,0.15269563198206892,0.9882732638160341,36.0,187.4888381354941
evt_inv_008025_0,cust_b2b_022,inv_008025,2026-05-04T04:57:58.042440+00:00,1868005,SEND_REMINDER,0.8500000000000001,1,4.177798942929185,0.20982142857142858,-0.021447116817484204,0.0,1.0,0.15346336190974552,0.9881543384266237,45.0,190.75689602591737
evt_inv_004902_0,cust_b2b_002,inv_004902,2026-05-04T05:31:02.176335+00:00,3740597,WRITE_OFF,0.05,0,4.416831539695661,0.13777777777777778,-0.040288176694725814,0.0,1.0,0.15504739816776544,0.9879070322259106,36.0,196.80548101189274
evt_inv_005651_0,cust_b2b_027,inv_005651,2026-05-04T06:03:24.205869+00:00,2252236,SEND_REMINDER,0.8500000000000001,0,3.61655077019643,0.1598360655737705,-0.4757247662969696,0.0,1.0,0.15659743444794333,0.9876625149940247,36.0,187.33414151913442
evt_inv_004395_1,cust_b2b_030,inv_004395,2026-05-04T06:11:30.007105+00:00,1495712,OFFER_PAYMENT_PLAN,0.8500000000000001,1,23.46942457295809,0.30196078431372547,-0.9243531131515256,1.0,1.0,0.15698511791159997,0.9876009683846412,47.0,202.10475526141326
evt_inv_002751_0,cust_b2b_006,inv_002751,2026-05-04T06:23:12.819359+00:00,6104231,SEND_REMINDER,0.8500000000000001,0,2.5526804140519666,0.3073770491803279,0.2486198130821925,0.0,1.0,0.15754593962910482,0.9875116591242771,40.0,197.3945966516234
evt_inv_005199_1,cust_b2b_008,inv_005199,2026-05-04T06:27:40.935909+00:00,6914051,OFFER_PAYMENT_PLAN,0.8500000000000001,1,21.735587213154343,0.25,-0.3580964567933918,1.0,1.0,0.15775987468810113,0.9874775045227079,35.0,186.4379547889895
evt_inv_000559_1,cust_b2b_026,inv_000559,2026-05-04T06:32:24.692066+00:00,4508426,OFFER_PAYMENT_PLAN,0.8500000000000001,0,17.7820742338836,0.2874015748031496,-0.1370836746804003,1.0,1.0,0.15798628080893096,0.9874413071550945,41.0,186.40905998021591
evt_inv_002807_0,cust_b2b_001,inv_002807,2026-05-04T06:45:36.146049+00:00,7196566,SEND_REMINDER,0.8500000000000001,0,5.548486036789176,0.05069124423963134,0.10228214265633918,0.0,1.0,0.15861772987853057,0.9873400709827296,35.0,187.16579341875868
evt_inv_007694_1,cust_b2b_033,inv_007694,2026-05-04T06:48:53.584179+00:00,3756343,OFFER_PAYMENT_PLAN,0.8500000000000001,0,20.698344526312148,0.13924050632911392,-0.3466183464839813,1.0,1.0,0.1587752426750725,0.9873147534162912,39.0,183.43232655773969
evt_inv_008747_0,cust_b2b_005,inv_008747,2026-05-04T07:14:06.763296+00:00,7280951,SEND_REMINDER,0.8500000000000001,0,1.562720756958941,0.23529411764705882,-0.15840271410739054,0.0,1.0,0.1599822968842621,0.9871198836431347,36.0,194.64122487934856
evt_inv_004134_1,cust_b2b_018,inv_004134,2026-05-04T07:31:26.195104+00:00,2535331,OFFER_PAYMENT_PLAN,0.8500000000000001,0,22.432383928124658,0.625615763546798,0.6140613085666737,1.0,1.0,0.16081130715099878,0.986985168831015,35.0,187.73881934655932
evt_inv_007576_1,cust_b2b_017,inv_007576,2026-05-04T07:33:09.295224+00:00,6231923,OFFER_PAYMENT_PLAN,0.8500000000000001,0,22.58729042289529,0.2875536480686695,-0.11209674747573581,1.0,1.0,0.16089352961119685,0.9869717686586841,33.0,198.82995348572237
evt_inv_001042_0,cust_b2b_011,inv_001042,2026-05-04T07:40:06.143658+00:00,1069419,SEND_REMINDER,0.8500000000000001,0,1.6939295065301907,0.3738738738738739,-0.8647380676270441,0.0,1.0,0.1612259553092064,0.9869175200261843,34.0,197.11648379539733
evt_inv_005625_0,cust_b2b_034,inv_005625,2026-05-04T07:50:04.267186+00:00,5582118,SEND_REMINDER,0.8500000000000001,0,6.609663546783527,0.4900990099009901,0.1831814204667873,0.0,1.0,0.16170291118172597,0.9868394846758792,34.0,184.24979256721576
evt_inv_003631_0,cust_b2b_006,inv_003631,2026-05-04T08:05:03.630764+00:00,6736726,SEND_REMINDER,0.8500000000000001,0,9.044809476027973,0.30612244897959184,0.5334202554510613,0.0,1.0,0.16242001086927876,0.9867217135896136,41.0,197.4653236354699
evt_inv_004165_0,cust_b2b_012,inv_004165,2026-05-04T08:05:58.093661+00:00,3217155,SEND_REMINDER,0.8500000000000001,1,7.568517070701493,0.47717842323651455,-0.4043139856153922,0.0,1.0,0.1624634336339282,0.9867145649740223,41.0,197.29182781580275
evt_inv_007932_0,cust_b2b_017,inv_007932,2026-05-04T08:16:16.274430+00:00,5465952,WRITE_OFF,0.05,1,9.69639989831851,0.2863247863247863,-0.4055960700084944,0.0,1.0,0.16295628137291657,0.9866332907220954,34.0,198.85989537468666
evt_inv_002393_1,cust_b2b_010,inv_002393,2026-05-04T08:25:15.771792+00:00,3488739,OFFER_PAYMENT_PLAN,0.8500000000000001,0,21.819660325026394,0.14583333333333334,0.4889910242529511,1.0,1.0,0.16338636514728855,0.9865621600709997,46.0,194.02441396415824
evt_inv_004092_1,cust_b2b_010,inv_004092,2026-05-04T08:25:32.705577+00:00,2944828,OFFER_PAYMENT_PLAN,0.8500000000000001,0,18.908510565896687,0.14522821576763487,0.022992793879910503,1.0,1.0,0.16339986414798516,0.9865599243818999,47.0,194.02460995704018
evt_inv_004193_0,cust_b2b_015,inv_004193,2026-05-04T08:35:22.097932+00:00,9356892,WRITE_OFF,0.05,0,8.457987866338563,0.14705882352941177,-0.06871572119841694,0.0,1.0,0.16386968732735105,0.9864819945519716,34.0,195.4848957652076
evt_inv_000456_0,cust_b2b_028,inv_000456,2026-05-04T08:38:27.689230+00:00,4894595,SEND_REMINDER,0.8500000000000001,0,7.330989668986439,0.3389830508474576,-0.12060640444356159,0.0,1.0,0.1640176202976893,0.9864574092336086,33.0,184.15785313364321
evt_inv_008520_0,cust_b2b_010,inv_008520,2026-05-04T08:39:58.485297+00:00,3976232,SEND_REMINDER,0.8500000000000001,0,6.257691599779228,0.1446280991735537,0.9066523031666964,0.0,1.0,0.16408999159292373,0.9864453733780874,48.0,194.03463055565524
evt_inv_000906_1,cust_b2b_009,inv_000906,2026-05-04T08:46:55.062002+00:00,4511938,OFFER_PAYMENT_PLAN,0.8500000000000001,0,23.06783824928773,0.16470588235294117,-0.5770867582428445,1.0,1.0,0.16442202323213817,0.9863900842345539,43.0,192.2663730171923
evt_inv_002234_0,cust_b2b_024,inv_002234,2026-05-04T08:53:52.127161+00:00,4406128,SEND_REMINDER,0.8500000000000001,0,5.476890498070926,0.13654618473895583,-0.07772862623562442,0.0,1.0,0.1647544255310206,0.9863346183055441,38.0,192.5886962679318
evt_inv_000999_0,cust_b2b_021,inv_000999,2026-05-04T08:59:02.990641+00:00,11234787,SEND_REMINDER,0.8500000000000001,0,8.15115302395223,0.3253012048192771,0.5646428390792715,0.0,1.0,0.16500217257538333,0.9862932033859928,37.0,196.3798750080081
evt_inv_005177_0,cust_b2b_006,inv_005177,2026-05-04T09:16:04.080254+00:00,5364970,SEND_REMINDER,0.8500000000000001,0,6.6601966010374865,0.3048780487804878,-0.08425551856679848,0.0,1.0,0.16581587103183362,0.9861567304003732,42.0,197.5146343934565
evt_inv_004534_0,cust_b2b_012,inv_004534,2026-05-04T09:29:31.638386+00:00,3399941,SEND_REMINDER,0.8500000000000001,1,5.856364576664477,0.4793388429752066,-0.2852455711116706,0.0,1.0,0.16645932798463464,0.9860483213955105,42.0,197.34985495382088
evt_inv_000726_0,cust_b2b_003,inv_000726,2026-05-04T09:47:59.264590+00:00,5910608,SEND_REMINDER,0.8500000000000001,0,2.5971927185293606,0.16115702479338842,0.5839102959250876,0.0,1.0,0.16734176185441368,0.9858989475293402,36.0,189.3366414330982
evt_inv_002045_0,cust_b2b_030,inv_002045,2026-05-04T10:29:24.706457+00:00,1566422,SEND_REMINDER,0.8500000000000001,0,1.5546235795292325,0.3046875,-0.8498644100366886,0.0,1.0,0.169321397705187,0.9855608881642787,48.0,202.28386057798764
evt_inv_007478_0,cust_b2b_004,inv_007478,2026-05-04T10:37:20.859326+00:00,2542464,ESCALATE_COLLECTIONS,0.05,0,4.496783558482695,0.1646586345381526,-0.47394309757540803,0.0,1.0,0.1697005722005372,0.9854956701045471,43.0,198.75190673991642
evt_inv_001168_0,cust_b2b_007,inv_001168,2026-05-04T10:51:50.228304+00:00,4303682,SEND_REMINDER,0.8500000000000001,0,5.344685672418555,0.2840466926070039,0.01290392599804665,0.0,1.0,0.17039281137436346,0.9853762174073112,53.0,201.25397437550802
evt_inv_007887_1,cust_b2b_001,inv_007887,2026-05-04T11:32:56.055247+00:00,6808578,OFFER_PAYMENT_PLAN,0.8500000000000001,0,21.09593024586203,0.05045871559633028,-0.03801467542015136,1.0,1.0,0.1723557791819782,0.9850347635401367,36.0,187.36532940485117
evt_inv_000317_0,cust_b2b_014,inv_000317,2026-05-04T11:47:08.051555+00:00,8489131,SEND_REMINDER,0.8500000000000001,1,7.356403178339499,0.24752475247524752,-0.4977564307459091,0.0,1.0,0.17303386817453187,0.984915874815996,27.0,200.72996799198563
evt_inv_001642_0,cust_b2b_032,inv_001642,2026-05-04T12:17:48.569477+00:00,9366208,SEND_REMINDER,0.8500000000000001,0,4.348115429518451,0.10130718954248366,1.0656811160313104,0.0,1.0,0.17449842391676548,0.9846574531534126,46.0,202.44730413139698
evt_inv_007955_1,cust_b2b_017,inv_007955,2026-05-04T12:24:17.645667+00:00,5017087,OFFER_PAYMENT_PLAN,0.8500000000000001,0,22.274877965784032,0.28936170212765955,-0.577588688422215,1.0,1.0,0.17480797429444667,0.9846025452552274,33.0,199.0321334677047
evt_inv_002976_0,cust_b2b_029,inv_002976,2026-05-04T12:27:48.857168+00:00,6962225,SEND_REMINDER,0.8500000000000001,0,5.948470841666775,0.2171945701357466,0.6091639406867639,0.0,1.0,0.1749760076696489,0.9845726975393899,33.0,198.58442081287845
evt_inv_002144_0,cust_b2b_033,inv_002144,2026-05-04T12:50:31.146974+00:00,4788854,SEND_REMINDER,0.8500000000000001,0,5.24987171002145,0.13865546218487396,0.24528468302185968,0.0,1.0,0.17605968089337745,0.9843794942824247,40.0,183.6834557567478
evt_inv_000489_0,cust_b2b_012,inv_000489,2026-05-04T13:08:45.427793+00:00,2575284,SEND_REMINDER,0.8500000000000001,0,6.739681904410924,0.48148148148148145,-0.822435103946695,0.0,1.0,0.17693000409913007,0.9842234368523652,43.0,197.50209788677458
evt_inv_004568_0,cust_b2b_039,inv_004568,2026-05-04T13:36:46.167918+00:00,14515600,OFFER_PAYMENT_PLAN,0.05,0,8.764364689650655,0.4207920792079208,0.8354409066573928,0.0,1.0,0.178266491093643,0.9839822448363386,40.0,187.46299912958077
evt_inv_007642_0,cust_b2b_025,inv_007642,2026-05-04T13:38:09.324764+00:00,7665657,SEND_REMINDER,0.8500000000000001,0,5.10807422475062,0.2052980132450331,-0.6103111338026784,0.0,1.0,0.17833260704416332,0.9839702644210505,50.0,195.68667117348545
evt_inv_006754_0,cust_b2b_009,inv_006754,2026-05-04T14:02:22.025123+00:00,7229175,SEND_REMINDER,0.8500000000000001,0,3.129222702671621,0.1640625,0.5809545021439583,0.0,1.0,0.17948748299189,0.9837602570998871,44.0,192.48543509036062
evt_inv_006312_1,cust_b2b_022,inv_006312,2026-05-04T14:05:15.315316+00:00,1842081,OFFER_PAYMENT_PLAN,0.8500000000000001,0,19.526865740503684,0.21333333333333335,-0.05584449244584231,1.0,1.0,0.17962522973036418,0.9837351151831035,45.0,191.13695705456644
evt_inv_007516_0,cust_b2b_005,inv_007516,2026-05-04T14:06:17.332434+00:00,5265183,SEND_REMINDER,0.8500000000000001,0,9.838836689135832,0.23430962343096234,-0.8066857689586122,0.0,1.0,0.1796745256966066,0.9837261127039881,37.0,194.92745831844744
evt_inv_000143_0,cust_b2b_018,inv_000143,2026-05-04T14:17:49.493384+00:00,2615287,SEND_REMINDER,0.8500000000000001,1,2.8904210878510774,0.6225490196078431,0.7122683278946592,0.0,1.0,0.1802246777084313,0.983625470158684,36.0,188.0210334470321
evt_inv_002235_1,cust_b2b_021,inv_002235,2026-05-04T14:57:36.618430+00:00,9832374,OFFER_PAYMENT_PLAN,0.8500000000000001,1,20.138425761791908,0.324,0.1820903795186675,1.0,1.0,0.18212160870360228,0.9832760139671932,36.0,196.6288753296382
evt_inv_004853_1,cust_b2b_035,inv_004853,2026-05-04T15:00:49.883723+00:00,4910436,OFFER_PAYMENT_PLAN,0.8500000000000001,1,21.680329305355432,0.35537190082644626,-0.1795144457729693,1.0,1.0,0.18227515758251622,0.9832475613640081,34.0,201.4366028240535
evt_inv_003314_0,cust_b2b_021,inv_003314,2026-05-04T15:15:32.331323+00:00,10752690,SEND_REMINDER,0.8500000000000001,1,6.762185011476225,0.32669322709163345,0.43313575841471175,0.0,1.0,0.18297620384713253,0.9831173423481515,37.0,196.64132571035086
evt_inv_005984_1,cust_b2b_015,inv_005984,2026-05-04T15:32:06.071213+00:00,10096661,SEND_REMINDER,0.05,1,17.04518518128154,0.14644351464435146,0.12350501486903752,1.0,1.0,0.1837655530905096,0.9829701020363433,34.0,195.7742936041085
evt_inv_000354_0,cust_b2b_015,inv_000354,2026-05-04T15:33:29.448618+00:00,11225213,SEND_REMINDER,0.8500000000000001,0,1.6934099518841061,0.15,0.41674677583818404,0.0,1.0,0.18383177619931962,0.982957719365082,35.0,195.7752586203716
evt_inv_003047_0,cust_b2b_003,inv_003047,2026-05-04T16:01:38.129282+00:00,5014527,SEND_REMINDER,0.8500000000000001,1,1.3742232188773693,0.16049382716049382,0.11637213937723057,0.0,1.0,0.18517284306818527,0.9827059673117108,33.0,189.5961190336986
evt_inv_000544_0,cust_b2b_030,inv_000544,2026-05-04T16:09:11.931096+00:00,2412054,SEND_REMINDER,0.8500000000000001,0,2.9816132553444064,0.3035019455252918,0.04096030769770834,0.0,1.0,0.18553317141048525,0.9826380016600047,49.0,202.51982382611985
evt_inv_003412_1,cust_b2b_006,inv_003412,2026-05-04T16:15:34.473779+00:00,4611960,OFFER_PAYMENT_PLAN,0.8500000000000001,0,21.903951796750142,0.30364372469635625,-0.4233217012269325,1.0,1.0,0.1858368991029789,0.9825806058190795,41.0,197.8059583925863
evt_inv_004602_0,cust_b2b_016,inv_004602,2026-05-04T16:33:48.410028+00:00,9462433,SEND_REMINDER,0.8500000000000001,0,3.0531613295572075,0.23107569721115537,-0.11954241518077706,0.0,1.0,0.18670535437785674,0.9824159560220095,26.0,190.37840880748453
evt_inv_008850_0,cust_b2b_036,inv_008850,2026-05-04T16:53:03.923432+00:00,3871365,SEND_REMINDER,0.8500000000000001,1,5.804014831081895,0.2749003984063745,0.08752911034849398,0.0,1.0,0.18762253615081853,0.9822412045563629,38.0,199.15737696801423
evt_inv_006414_0,cust_b2b_019,inv_006414,2026-05-04T16:55:52.352581+00:00,2526397,ESCALATE_COLLECTIONS,0.05,0,7.26963133416529,0.35365853658536583,-0.6459217866493392,0.0,1.0,0.18775621213034996,0.9822156610472381,49.0,196.64369983965756
evt_inv_005533_0,cust_b2b_001,inv_005533,2026-05-04T16:58:15.538585+00:00,7442129,SEND_REMINDER,0.8500000000000001,0,9.13604173257229,0.0502283105022831,0.19107766209640262,0.0,1.0,0.1878698508243631,0.9821939315385896,37.0,187.5912493508828
evt_inv_003046_0,cust_b2b_034,inv_003046,2026-05-04T17:17:16.043034+00:00,4626680,SEND_REMINDER,0.8500000000000001,1,2.3794186688832064,0.4876847290640394,-0.27607293131680355,0.0,1.0,0.18877491527538998,0.9820203823560738,35.0,184.64367886175
evt_inv_003147_0,cust_b2b_003,inv_003147,2026-05-04T17:30:24.186827+00:00,4503610,SEND_REMINDER,0.8500000000000001,0,5.963792403712253,0.16393442622950818,-0.1502029508611318,0.0,1.0,0.18940026500251783,0.9818999641597794,34.0,189.6577632182515
evt_inv_006810_1,cust_b2b_015,inv_006810,2026-05-04T17:39:47.481691+00:00,9071339,OFFER_PAYMENT_PLAN,0.8500000000000001,0,18.415495040307412,0.14937759336099585,-0.14291353397889014,1.0,1.0,0.18984716213874608,0.9818136559591462,36.0,195.86296733649115
evt_inv_001739_0,cust_b2b_004,inv_001739,2026-05-04T17:46:54.920313+00:00,3385978,SEND_REMINDER,0.8500000000000001,0,4.1911388337233975,0.164,0.19824219185108016,0.0,1.0,0.19018624975965515,0.9817480279594953,43.0,199.05021763096957
evt_inv_002396_0,cust_b2b_008,inv_002396,2026-05-04T17:56:40.501708+00:00,7235609,SEND_REMINDER,0.8500000000000001,0,3.9499110333521688,0.25327510917030566,-0.2584810398719468,0.0,1.0,0.19065075541220008,0.981657928945087,34.0,186.91642198574104
evt_inv_002853_0,cust_b2b_016,inv_002853,2026-05-04T18:21:26.279512+00:00,11900667,SEND_REMINDER,0.8500000000000001,0,2.470538901771029,0.23015873015873015,0.49384214368563856,0.0,1.0,0.19182913964730078,0.9814283372626736,27.0,190.4531526672562
evt_inv_001658_0,cust_b2b_038,inv_001658,2026-05-04T18:26:19.327467+00:00,3812951,SEND_REMINDER,0.8500000000000001,1,2.0430374043380235,0.28699551569506726,-0.2896881551375876,0.0,1.0,0.19206152612367022,0.9813828866365292,37.0,197.77031033481543
evt_inv_004115_0,cust_b2b_029,inv_004115,2026-05-04T18:27:45.111825+00:00,5195612,SEND_REMINDER,0.8500000000000001,1,9.016778441791526,0.21621621621621623,-0.17976326460674558,0.0,1.0,0.1921295509212596,0.981369571396421,32.0,198.8343774640094
evt_inv_008296_0,cust_b2b_000,inv_008296,2026-05-04T19:18:09.015839+00:00,5274858,SEND_REMINDER,0.8500000000000001,0,5.306322316487892,0.354978354978355,0.1906252683306921,0.0,1.0,0.19452683713069135,0.9808971962626509,40.0,194.4524079706133
evt_inv_006926_0,cust_b2b_039,inv_006926,2026-05-04T19:23:15.464326+00:00,13247161,SEND_REMINDER,0.8500000000000001,1,7.866901910863004,0.4187192118226601,0.5439749550275788,0.0,1.0,0.1947697183436375,0.98084899796877,40.0,187.7036159861506
evt_inv_003067_0,cust_b2b_002,inv_003067,2026-05-04T19:28:37.119223+00:00,3920152,SEND_REMINDER,0.8500000000000001,0,6.627827402078951,0.13716814159292035,0.07778230949762452,0.0,1.0,0.19502463882255405,0.9807983433163682,34.0,197.3871354434757
evt_inv_000397_0,cust_b2b_006,inv_000397,2026-05-04T19:44:01.543146+00:00,5113555,SEND_REMINDER,0.8500000000000001,1,6.976446416836112,0.3024193548387097,-0.19746310724748034,0.0,1.0,0.1957571971715085,0.9806523949675313,41.0,197.95071613989998
evt_inv_003384_0,cust_b2b_004,inv_003384,2026-05-04T20:14:25.992536+00:00,2783427,SEND_REMINDER,0.8500000000000001,0,6.692394284795857,0.16334661354581673,-0.281923237398943,0.0,1.0,0.19720265846490947,0.9803627448523186,44.0,199.15266059651844
evt_inv_000569_0,cust_b2b_038,inv_000569,2026-05-04T20:25:59.058949+00:00,4416370,SEND_REMINDER,0.8500000000000001,0,8.707237397792689,0.29017857142857145,0.06010551227849369,0.0,1.0,0.19775164385050728,0.9802521549858598,37.0,197.85340907881803
evt_inv_008060_0,cust_b2b_000,inv_008060,2026-05-04T20:44:33.416911+00:00,5666796,SEND_REMINDER,0.8500000000000001,0,5.256833071465132,0.35344827586206895,0.3905464254771533,0.0,1.0,0.1986342087228858,0.9800736967825598,41.0,194.5124126126525
evt_inv_003114_1,cust_b2b_014,inv_003114,2026-05-04T21:04:44.230204+00:00,12341107,ESCALATE_COLLECTIONS,0.05,1,21.93386502131586,0.2512315270935961,0.41076928752030895,1.0,1.0,0.19959298306089324,0.9798788910436095,27.0,201.11719228190836
evt_inv_007958_1,cust_b2b_002,inv_007958,2026-05-04T21:13:54.451214+00:00,2506296,OFFER_PAYMENT_PLAN,0.8500000000000001,0,24.398002326913755,0.13656387665198239,-0.8519300055378889,1.0,1.0,0.20002860877643594,0.97979005693616,35.0,197.46025271189
evt_inv_000406_0,cust_b2b_037,inv_000406,2026-05-04T21:28:04.423136+00:00,2480079,ESCALATE_COLLECTIONS,0.05,1,2.9068336971833015,0.2782608695652174,-0.3597596081609945,0.0,1.0,0.20070147811939673,0.9796524468813873,27.0,195.10816475675972
evt_inv_005519_0,cust_b2b_012,inv_005519,2026-05-04T21:46:31.183952+00:00,3686541,SEND_REMINDER,0.8500000000000001,0,2.5142435378395493,0.47950819672131145,-0.09855109723019316,0.0,1.0,0.2015774891505661,0.9794725702477601,43.0,197.86165524972571
evt_inv_004701_0,cust_b2b_015,inv_004701,2026-05-04T21:49:22.665198+00:00,11813051,SEND_REMINDER,0.8500000000000001,0,8.47697833508452,0.1487603305785124,0.5694897852133551,0.0,1.0,0.20171320367556164,0.9794446301159353,36.0,196.03629121967512
evt_inv_005626_1,cust_b2b_015,inv_005626,2026-05-04T21:59:50.485648+00:00,6894340,OFFER_PAYMENT_PLAN,0.8500000000000001,0,19.580664825368665,0.14814814814814814,-0.7085825751199891,1.0,1.0,0.20221004333837367,0.979342176347518,37.0,196.04355766007316
evt_inv_003888_1,cust_b2b_001,inv_003888,2026-05-04T22:09:33.999188+00:00,5470692,OFFER_PAYMENT_PLAN,0.8500000000000001,0,16.359272698324972,0.05,-0.5217947907613624,1.0,1.0,0.2026717730863448,0.9792467270274827,38.0,187.80743523749072
evt_inv_008749_0,cust_b2b_019,inv_008749,2026-05-04T22:22:22.796217+00:00,2874509,SEND_REMINDER,0.8500000000000001,1,4.12147434053131,0.3522267206477733,-0.3904485980177078,0.0,1.0,0.20328004742429118,0.9791206372654894,49.0,196.87044108544436
evt_inv_003880_0,cust_b2b_002,inv_003880,2026-05-04T22:31:31.763036+00:00,3900279,SEND_REMINDER,0.8500000000000001,0,6.254424203195715,0.13596491228070176,0.06471445002606784,0.0,1.0,0.2037143434983426,0.9790303704446759,36.0,197.5141567839014
evt_inv_003343_0,cust_b2b_023,inv_003343,2026-05-04T22:40:37.817614+00:00,2597145,SEND_REMINDER,0.8500000000000001,0,4.163699521948754,0.4206008583690987,0.3840568968594018,0.0,1.0,0.20414629588927943,0.9789403913797238,34.0,188.2379265746531
evt_inv_008391_1,cust_b2b_010,inv_008391,2026-05-04T22:44:59.745035+00:00,4528284,OFFER_PAYMENT_PLAN,0.8500000000000001,0,24.08687275672819,0.1440329218106996,1.3796250660329255,1.0,1.0,0.20435347751902302,0.9788971632535678,49.0,194.62145069151097
evt_inv_007726_1,cust_b2b_024,inv_007726,2026-05-04T23:52:38.560966+00:00,3998919,OFFER_PAYMENT_PLAN,0.8500000000000001,0,24.64930865416605,0.136,-0.3015920845744599,1.0,1.0,0.20756277938716777,0.9782216991117473,37.0,193.21284480734326
evt_inv_000481_0,cust_b2b_021,inv_000481,2026-05-05T00:19:31.339076+00:00,8092647,WRITE_OFF,0.05,1,9.435624268893205,0.32936507936507936,-0.29247501850565444,0.0,1.0,0.20883738362613177,0.9779503807454608,37.0,197.0190920037843
evt_inv_001091_1,cust_b2b_019,inv_001091,2026-05-05T00:23:16.207506+00:00,3774126,OFFER_PAYMENT_PLAN,0.8500000000000001,0,19.890005712360153,0.3548387096774194,0.2697644469029094,1.0,1.0,0.20901507260666485,0.9779124190965317,49.0,196.9543926049843
evt_inv_003134_1,cust_b2b_000,inv_003134,2026-05-05T00:35:12.106510+00:00,3650473,OFFER_PAYMENT_PLAN,0.8500000000000001,0,16.38122189606363,0.351931330472103,-0.6379489157177358,1.0,1.0,0.20958072348241769,0.977791348061838,39.0,194.67258263116423
evt_inv_000633_0,cust_b2b_037,inv_000633,2026-05-05T00:37:37.867606+00:00,3699775,SEND_REMINDER,0.8500000000000001,0,5.716070367444079,0.2813852813852814,0.6928047937429027,0.0,1.0,0.20969588462057384,0.977766657221034,27.0,195.2398018455358
evt_inv_003491_0,cust_b2b_020,inv_003491,2026-05-05T00:40:43.208431+00:00,7612795,SEND_REMINDER,0.8500000000000001,1,3.2819180176031155,0.34552845528455284,1.0496376129896734,0.0,1.0,0.2098423122239131,0.9777352422821435,37.0,186.22070168480982
evt_inv_001975_0,cust_b2b_023,inv_001975,2026-05-05T01:11:23.238791+00:00,2679389,SEND_REMINDER,0.8500000000000001,0,6.792001253198453,0.4188034188034188,0.475386471593998,0.0,1.0,0.21129576330259117,0.9774221710245657,35.0,188.34261894938467
evt_inv_002826_1,cust_b2b_001,inv_002826,2026-05-05T01:49:37.943134+00:00,6330897,SEND_REMINDER,0.05,0,16.49880947859945,0.049773755656108594,-0.2107444648253796,1.0,1.0,0.21310770927326736,0.9770287120900288,39.0,187.9602586627935
evt_inv_000365_1,cust_b2b_017,inv_000365,2026-05-05T01:51:33.796999+00:00,6279508,OFFER_PAYMENT_PLAN,0.8500000000000001,0,19.347128701647332,0.288135593220339,-0.09386343172116636,1.0,1.0,0.21319917050286125,0.9770087582498388,32.0,199.59273707107982
evt_inv_006145_0,cust_b2b_011,inv_006145,2026-05-05T02:07:58.506984+00:00,1363919,SEND_REMINDER,0.8500000000000001,0,8.292153067431059,0.3721973094170404,-0.4144130264728609,0.0,1.0,0.2139764776567435,0.9768388132182367,32.0,197.88583985240953
evt_inv_004000_1,cust_b2b_036,inv_004000,2026-05-05T02:08:11.527374+00:00,2868631,OFFER_PAYMENT_PLAN,0.8500000000000001,0,16.31198266524322,0.2777777777777778,-0.5826747375802052,1.0,1.0,0.21398675474374626,0.9768365619663505,38.0,199.54288164327374
evt_inv_008400_0,cust_b2b_027,inv_008400,2026-05-05T02:16:52.409777+00:00,2290659,SEND_REMINDER,0.8500000000000001,0,9.740234142465864,0.15918367346938775,-0.44119104198393794,0.0,1.0,0.21439787149676898,0.9767464116635673,35.0,188.17682906436278
evt_inv_006498_0,cust_b2b_009,inv_006498,2026-05-05T02:20:28.944348+00:00,6644436,SEND_REMINDER,0.8500000000000001,0,9.683438999659897,0.16342412451361868,0.3317483593732518,0.0,1.0,0.21456876452408102,0.9767088846174224,43.0,192.99801517398157
evt_inv_006215_0,cust_b2b_016,inv_006215,2026-05-05T02:32:29.452017+00:00,9553200,SEND_REMINDER,0.8500000000000001,1,5.682738638109434,0.22924901185770752,-0.09670844645187988,0.0,1.0,0.21513735497809924,0.9765838000361399,28.0,190.79416160828623
evt_inv_006129_1,cust_b2b_002,inv_006129,2026-05-05T02:32:33.102606+00:00,5545444,OFFER_PAYMENT_PLAN,0.8500000000000001,0,24.30377801754058,0.13537117903930132,1.1465289557193425,1.0,1.0,0.21514023566427146,0.976583165428486,37.0,197.68153339929373
evt_inv_000830_1,cust_b2b_010,inv_000830,2026-05-05T02:41:06.504149+00:00,2692236,OFFER_PAYMENT_PLAN,0.8500000000000001,0,22.4917985648777,0.14344262295081966,-0.1934162133071321,1.0,1.0,0.2155453430507446,0.976493832591449,50.0,194.78541781088282
evt_inv_001221_0,cust_b2b_019,inv_001221,2026-05-05T02:44:10.468011+00:00,3421873,SEND_REMINDER,0.8500000000000001,0,3.9132267578356275,0.3534136546184739,0.011252017622488992,0.0,1.0,0.21569049354253422,0.9764617816358089,49.0,197.05224284230985
evt_inv_007051_1,cust_b2b_007,inv_007051,2026-05-05T03:04:07.730671+00:00,4025483,OFFER_PAYMENT_PLAN,0.8500000000000001,1,17.292845837374067,0.28294573643410853,-0.14953597792764894,1.0,1.0,0.21663503675491536,0.9762526624036405,52.0,201.9291769491997
evt_inv_008167_0,cust_b2b_004,inv_008167,2026-05-05T03:05:52.755218+00:00,2885138,SEND_REMINDER,0.8500000000000001,0,1.855925824641369,0.1626984126984127,-0.20087111249155074,0.0,1.0,0.21671788295197303,0.9762342747562262,45.0,199.43838701644913
evt_inv_006995_1,cust_b2b_011,inv_006995,2026-05-05T03:11:34.219107+00:00,1678565,OFFER_PAYMENT_PLAN,0.8500000000000001,0,17.62880338056402,0.3705357142857143,0.06671636713954117,1.0,1.0,0.21698722809193702,0.9761744428353867,33.0,197.9300031871738
evt_inv_004791_0,cust_b2b_037,inv_004791,2026-05-05T03:23:00.550449+00:00,2567239,SEND_REMINDER,0.8500000000000001,0,3.4435328121968984,0.2801724137931034,-0.2845425936819556,0.0,1.0,0.2175285530987739,0.9760539578254647,27.0,195.35464771176962
evt_inv_004020_0,cust_b2b_012,inv_004020,2026-05-05T04:01:14.886819+00:00,3404495,SEND_REMINDER,0.8500000000000001,1,6.899665257434195,0.4775510204081633,-0.28227860136619526,0.0,1.0,0.21933766136176922,0.9756490097921229,44.0,198.12188329216247
evt_inv_005112_0,cust_b2b_027,inv_005112,2026-05-05T04:16:07.841940+00:00,3136070,SEND_REMINDER,0.8500000000000001,1,5.23665885752954,0.15853658536585366,0.3186510015622392,0.0,1.0,0.2200415623821182,0.975490497557222,36.0,188.2596465662472
evt_inv_004079_1,cust_b2b_020,inv_004079,2026-05-05T04:18:29.804432+00:00,5337186,WRITE_OFF,0.05,0,18.33702987082856,0.3481781376518219,-0.011416698522555528,1.0,1.0,0.2201534584056919,0.9754652504072163,38.0,186.37193543482132
evt_inv_004298_1,cust_b2b_010,inv_004298,2026-05-05T04:27:27.508305+00:00,3257593,OFFER_PAYMENT_PLAN,0.8500000000000001,0,23.166094208804452,0.14285714285714285,0.290955645463814,1.0,1.0,0.22057725481943916,0.975369506728768,51.0,194.8592720256519
evt_inv_006364_0,cust_b2b_037,inv_006364,2026-05-05T04:31:51.969871+00:00,2713621,SEND_REMINDER,0.8500000000000001,0,3.0361364147840617,0.27896995708154504,-0.15821880586333803,0.0,1.0,0.22078567744292912,0.9753223490908361,28.0,195.40246506619243
evt_inv_008570_0,cust_b2b_025,inv_008570,2026-05-05T04:39:47.997508+00:00,10162206,SEND_REMINDER,0.8500000000000001,1,6.728776374453776,0.20462046204620463,0.005122160932203843,0.0,1.0,0.22116081024561757,0.9752373536793502,48.0,196.3128132191323
evt_inv_006415_0,cust_b2b_002,inv_006415,2026-05-05T04:40:05.002165+00:00,3787859,SEND_REMINDER,0.8500000000000001,1,1.7667686256265103,0.13478260869565217,-0.009209946667121766,0.0,1.0,0.2211742101322002,0.9752343148045999,38.0,197.770097051592
evt_inv_002227_1,cust_b2b_007,inv_002227,2026-05-05T05:14:09.478908+00:00,5497933,OFFER_PAYMENT_PLAN,0.8500000000000001,1,19.515427069497687,0.2857142857142857,0.7102223091922523,1.0,1.0,0.22278497891720211,0.9748676080211414,52.0,202.0194749612091
evt_inv_002221_1,cust_b2b_038,inv_002221,2026-05-05T05:24:02.475394+00:00,5127404,OFFER_PAYMENT_PLAN,0.8500000000000001,0,16.70733838483619,0.28888888888888886,0.4722812984684227,1.0,1.0,0.2232520657035648,0.9747607476499509,36.0,198.2270597321224
evt_inv_003589_0,cust_b2b_032,inv_003589,2026-05-05T05:51:35.033845+00:00,5717397,SEND_REMINDER,0.8500000000000001,0,6.319057445948422,0.10097719869706841,-0.3234077938443304,0.0,1.0,0.22455346909519341,0.974461769140952,42.0,203.17909191343645
evt_inv_001827_0,cust_b2b_034,inv_001827,2026-05-05T05:51:55.746345+00:00,4929159,SEND_REMINDER,0.8500000000000001,1,1.4630752619569312,0.49019607843137253,-0.13067931585412487,0.0,1.0,0.22456977782401646,0.9744580108388826,36.0,185.1677495019253
evt_inv_000174_0,cust_b2b_024,inv_000174,2026-05-05T06:06:33.945404+00:00,4579322,ESCALATE_COLLECTIONS,0.05,0,4.357476449017195,0.13545816733067728,0.017484646845708104,0.0,1.0,0.2252612013703292,0.9742984097067982,35.0,193.47251360871167
evt_inv_001594_0,cust_b2b_000,inv_001594,2026-05-05T06:14:23.837784+00:00,4198324,SEND_REMINDER,0.8500000000000001,0,8.921994059129087,0.3504273504273504,-0.3584985346682729,0.0,1.0,0.2256311104058741,0.9742128114621632,40.0,194.90813507646263
evt_inv_004804_1,cust_b2b_010,inv_004804,2026-05-05T06:16:47.926179+00:00,3731032,OFFER_PAYMENT_PLAN,0.8500000000000001,0,23.801897951117773,0.14227642276422764,0.6965765208681377,1.0,1.0,0.22574453326739818,0.9741865353718889,51.0,194.93520278808077
evt_inv_007230_1,cust_b2b_033,inv_007230,2026-05-05T06:36:14.033361+00:00,3998044,OFFER_PAYMENT_PLAN,0.8500000000000001,1,22.016360741990987,0.13807531380753138,-0.20805959659470366,1.0,1.0,0.22666235160408046,0.9739733971548238,39.0,184.4235354603011
evt_inv_004726_1,cust_b2b_034,inv_004726,2026-05-05T06:42:09.286765+00:00,5520029,OFFER_PAYMENT_PLAN,0.8500000000000001,1,21.689468523040958,0.4926829268292683,0.15333711847386666,1.0,1.0,0.22694192410230932,0.973908292954086,37.0,185.20262844196682
evt_inv_008034_1,cust_b2b_032,inv_008034,2026-05-05T06:46:16.570600+00:00,6609534,OFFER_PAYMENT_PLAN,0.8500000000000001,0,16.80040687642839,0.10064935064935066,0.01622515638727124,1.0,1.0,0.22713651713880376,0.9738629280253223,43.0,203.21707266291892
evt_inv_008048_0,cust_b2b_005,inv_008048,2026-05-05T06:52:29.686984+00:00,7063980,SEND_REMINDER,0.8500000000000001,0,1.6069892535301598,0.23333333333333334,-0.22818166752670915,0.0,1.0,0.22743011338161034,0.9737944051632397,38.0,195.6262124220359
evt_inv_008226_0,cust_b2b_033,inv_008226,2026-05-05T07:05:27.667614+00:00,3644136,WRITE_OFF,0.05,0,2.6882536088929365,0.14166666666666666,-0.410942650062037,0.0,1.0,0.22804222097248875,0.9736512442625104,40.0,184.44383215304663
evt_inv_000509_0,cust_b2b_033,inv_000509,2026-05-05T07:11:03.884863+00:00,4401111,SEND_REMINDER,0.8500000000000001,0,3.0580172981670737,0.14107883817427386,0.023005038208478257,0.0,1.0,0.22830672555901738,0.9735892558284112,40.0,184.44772355638793
evt_inv_001791_0,cust_b2b_012,inv_001791,2026-05-05T07:18:54.871949+00:00,3690364,SEND_REMINDER,0.8500000000000001,1,1.7156727753081626,0.4796747967479675,-0.09606087741199054,0.0,1.0,0.22867722623007225,0.9735022990233358,45.0,198.25915163857985
evt_inv_006870_0,cust_b2b_005,inv_006870,2026-05-05T07:29:17.424114+00:00,9300214,SEND_REMINDER,0.8500000000000001,0,1.0067049608515635,0.23236514522821577,0.4910046041334976,0.0,1.0,0.22916690431438996,0.9733871429020209,39.0,195.65176493511674
evt_inv_000014_0,cust_b2b_024,inv_000014,2026-05-05T07:33:19.310466+00:00,3693089,SEND_REMINDER,0.8500000000000001,1,4.556559118707992,0.1349206349206349,-0.46972243816639364,0.0,1.0,0.2293571481496158,0.973342333710332,34.0,193.5327608895259
evt_inv_006235_1,cust_b2b_008,inv_006235,2026-05-05T07:35:23.672032+00:00,8435221,OFFER_PAYMENT_PLAN,0.8500000000000001,1,19.65242846460772,0.25217391304347825,0.11314674951791986,1.0,1.0,0.22945495522367768,0.9733192813888463,34.0,187.48497719781963
evt_inv_005396_0,cust_b2b_033,inv_005396,2026-05-05T07:42:29.373186+00:00,4709739,SEND_REMINDER,0.8500000000000001,0,6.872654556795519,0.14049586776859505,0.19993109249975155,0.0,1.0,0.22978974034898317,0.9732402967563287,41.0,184.46954633791293
evt_inv_005877_1,cust_b2b_010,inv_005877,2026-05-05T08:00:48.424835+00:00,3558425,OFFER_PAYMENT_PLAN,0.8500000000000001,0,19.474987607651777,0.1417004048582996,0.5486948602838809,1.0,1.0,0.23065394422667437,0.9730358462115762,52.0,195.00743078178803
evt_inv_001740_1,cust_b2b_036,inv_001740,2026-05-05T08:17:04.098606+00:00,3516542,OFFER_PAYMENT_PLAN,0.8500000000000001,0,17.46046462238725,0.2766798418972332,-0.14962629459706844,1.0,1.0,0.23142098148281104,0.9728537039707114,37.0,199.7990456621569
evt_inv_004667_1,cust_b2b_020,inv_004667,2026-05-05T08:34:20.864251+00:00,5003458,OFFER_PAYMENT_PLAN,0.8500000000000001,0,18.890301601478075,0.3467741935483871,-0.16702499784882552,1.0,1.0,0.2322358891899447,0.9726594942589908,37.0,186.5496097382818
evt_inv_005703_0,cust_b2b_028,inv_005703,2026-05-05T08:55:32.556363+00:00,5349918,SEND_REMINDER,0.8500000000000001,1,2.25991757233652,0.33755274261603374,0.10073838827919586,0.0,1.0,0.2332352287253913,0.9724203453658373,31.0,185.16971502175815
evt_inv_006755_0,cust_b2b_034,inv_006755,2026-05-05T09:10:13.263120+00:00,6594505,SEND_REMINDER,0.8500000000000001,1,7.949617425588777,0.49514563106796117,0.6698100847919642,0.0,1.0,0.23392717421002007,0.9722541217017878,37.0,185.30545224237474
evt_inv_000000_0,cust_b2b_004,inv_000000,2026-05-05T09:11:21.471109+00:00,2629242,WRITE_OFF,0.05,0,3.6416919864075976,0.16205533596837945,-0.4047911935135709,0.0,1.0,0.23398075828924364,0.97224122765412,46.0,199.69219159851323
evt_inv_001233_0,cust_b2b_011,inv_001233,2026-05-05T09:45:29.105660+00:00,1511435,SEND_REMINDER,0.8500000000000001,0,2.882001779643627,0.3688888888888889,-0.18884556025987273,0.0,1.0,0.23558904483155932,0.9718527676327076,34.0,198.20355511487352
evt_inv_002515_0,cust_b2b_013,inv_002515,2026-05-05T10:03:36.291763+00:00,2481469,ESCALATE_COLLECTIONS,0.05,1,7.229504592375505,0.19011406844106463,0.06961764797920962,0.0,1.0,0.23644269844703159,0.9716454344827058,37.0,199.11649343117753
evt_inv_000650_0,cust_b2b_002,inv_000650,2026-05-05T10:13:59.527277+00:00,3597678,SEND_REMINDER,0.8500000000000001,1,2.3645644349017014,0.13852813852813853,-0.13426764599012506,0.0,1.0,0.23693197791829462,0.9715262414570822,39.0,198.00197812928127
evt_inv_003571_1,cust_b2b_035,inv_003571,2026-05-05T10:21:25.771992+00:00,6362852,OFFER_PAYMENT_PLAN,0.8500000000000001,0,21.190371563319374,0.35802469135802467,0.5068418004354787,1.0,1.0,0.23728227146184813,0.9714407463401491,33.0,202.2425737530842
evt_inv_005837_0,cust_b2b_005,inv_005837,2026-05-05T10:25:06.103134+00:00,7302980,ESCALATE_COLLECTIONS,0.05,1,7.1722822135494955,0.23140495867768596,-0.15131798772700628,0.0,1.0,0.23745521580938056,0.9713984869686181,39.0,195.77385612747477
evt_inv_005247_1,cust_b2b_006,inv_005247,2026-05-05T10:48:04.474543+00:00,5456857,WRITE_OFF,0.05,0,16.914787032728782,0.30522088353413657,-0.04288061315816021,1.0,1.0,0.23853696874503524,0.9711334174777069,41.0,198.57852784588098
evt_inv_008150_1,cust_b2b_003,inv_008150,2026-05-05T10:58:32.050673+00:00,5476092,ESCALATE_COLLECTIONS,0.05,0,17.84740181208854,0.16326530612244897,0.3571978677878928,1.0,1.0,0.23902939575411414,0.971012331520781,33.0,190.38563201276574
evt_inv_007811_1,cust_b2b_032,inv_007811,2026-05-05T10:59:57.064305+00:00,6801224,OFFER_PAYMENT_PLAN,0.8500000000000001,1,22.60336180493757,0.10032362459546926,0.08920082423310204,1.0,1.0,0.23909609689450775,0.9709959095947892,44.0,203.39323578450225
evt_inv_003427_0,cust_b2b_017,inv_003427,2026-05-05T11:11:25.675708+00:00,6733916,SEND_REMINDER,0.8500000000000001,0,5.432716241544124,0.2869198312236287,0.08025339456535954,0.0,1.0,0.23963633529628925,0.9708627229458161,32.0,199.98153196354625
evt_inv_004812_0,cust_b2b_009,inv_004812,2026-05-05T11:15:01.099077+00:00,5888360,WRITE_OFF,0.05,0,7.891215713381563,0.16279069767441862,0.009521235610966074,0.0,1.0,0.23980532682137645,0.970820995461106,41.0,193.3692206685307
evt_inv_001664_0,cust_b2b_020,inv_001664,2026-05-05T11:35:13.931150+00:00,5469306,SEND_REMINDER,0.8500000000000001,1,3.375530911905534,0.3453815261044177,0.050187530184699534,0.0,1.0,0.2407566121780657,0.970585521060633,38.0,186.67522393850427
evt_inv_004292_0,cust_b2b_035,inv_004292,2026-05-05T11:44:54.862548+00:00,6394419,SEND_REMINDER,0.8500000000000001,0,6.05301658545687,0.35655737704918034,0.5217592527798035,0.0,1.0,0.24121218412516574,0.9704724015805741,34.0,202.30054933822157
evt_inv_003075_0,cust_b2b_033,inv_003075,2026-05-05T11:46:12.850443+00:00,3476889,SEND_REMINDER,0.8500000000000001,0,9.423280677535672,0.13991769547325103,-0.5068192833177069,0.0,1.0,0.2412733389328468,0.9704571994272574,41.0,184.63879954690023
evt_inv_004284_0,cust_b2b_007,inv_004284,2026-05-05T12:16:28.640929+00:00,5329260,WRITE_OFF,0.05,0,2.0734701565859575,0.28846153846153844,0.6117348451653511,0.0,1.0,0.24269693364616532,0.9701021587434742,53.0,202.31275229941141
evt_inv_000867_1,cust_b2b_014,inv_000867,2026-05-05T12:29:30.461267+00:00,13876763,ESCALATE_COLLECTIONS,0.05,0,20.173310799262293,0.2549019607843137,0.7729684841358228,1.0,1.0,0.24330972651438376,0.9699486465702686,27.0,201.75939403032177
evt_inv_003356_1,cust_b2b_003,inv_003356,2026-05-05T12:33:20.388080+00:00,6526755,OFFER_PAYMENT_PLAN,0.8500000000000001,0,16.997726029188993,0.16260162601626016,0.9053898941863464,1.0,1.0,0.2434899252979432,0.9699034262638739,33.0,190.45146925126997
evt_inv_005453_1,cust_b2b_007,inv_005453,2026-05-05T12:45:17.030184+00:00,3760378,OFFER_PAYMENT_PLAN,0.8500000000000001,0,23.86896954970154,0.28735632183908044,-0.30432961768231553,1.0,1.0,0.24405151978733813,0.9697622676148472,53.0,202.3327568046765
evt_inv_002545_0,cust_b2b_009,inv_002545,2026-05-05T13:04:59.778444+00:00,5928981,SEND_REMINDER,0.8500000000000001,0,5.31613761081448,0.16216216216216217,0.026833416787513942,0.0,1.0,0.2449781979333987,0.9695285877875415,41.0,193.44559427230942
evt_inv_004816_0,cust_b2b_037,inv_004816,2026-05-05T13:11:31.495252+00:00,4475314,SEND_REMINDER,0.8500000000000001,0,7.913850024847726,0.2777777777777778,1.362074562033998,0.0,1.0,0.24528505707706957,0.9694509996769815,28.0,195.76333920254868
evt_inv_008016_0,cust_b2b_017,inv_008016,2026-05-05T13:13:16.938222+00:00,7337272,WRITE_OFF,0.05,1,3.478459199945912,0.2857142857142857,0.3114428851478328,0.0,1.0,0.24536765372624772,0.9694300977919327,33.0,200.0661530574652
evt_inv_006126_1,cust_b2b_000,inv_006126,2026-05-05T14:05:28.065574+00:00,3743180,OFFER_PAYMENT_PLAN,0.8500000000000001,1,24.885493025878358,0.34893617021276596,-0.5906608093703001,1.0,1.0,0.247819545570982,0.9688062101540184,40.0,195.2352673425527
evt_inv_003175_0,cust_b2b_012,inv_003175,2026-05-05T14:18:16.348679+00:00,4745192,ESCALATE_COLLECTIONS,0.05,1,3.926663699780071,0.4817813765182186,0.591064132343851,0.0,1.0,0.2484209232454525,0.9686521795225967,45.0,198.55037243406173
evt_inv_000197_0,cust_b2b_024,inv_000197,2026-05-05T14:18:41.001111+00:00,4734330,ESCALATE_COLLECTIONS,0.05,0,3.121353216466477,0.1383399209486166,0.10270085412458385,0.0,1.0,0.24844021848337086,0.9686472308533871,35.0,193.8142619386521
evt_inv_007032_0,cust_b2b_031,inv_007032,2026-05-05T14:48:35.618402+00:00,10738187,SEND_REMINDER,0.8500000000000001,0,6.279203017723013,0.29130434782608694,-0.5506724880929939,0.0,1.0,0.2498445840869691,0.9682859514639306,40.0,196.9557209721958
evt_inv_002481_1,cust_b2b_002,inv_002481,2026-05-05T14:52:11.782605+00:00,3430922,OFFER_PAYMENT_PLAN,0.8500000000000001,1,20.76687290971562,0.14224137931034483,-0.24392193066595924,1.0,1.0,0.25001370652641264,0.9682422974384691,40.0,198.19517552890866
evt_inv_004322_0,cust_b2b_027,inv_004322,2026-05-05T15:00:39.648019+00:00,2574583,ESCALATE_COLLECTIONS,0.05,0,1.0056154564955921,0.16194331983805668,-0.18600478616334448,0.0,1.0,0.25041101999074766,0.9681396185815315,36.0,188.70723691437934
evt_inv_001443_1,cust_b2b_000,inv_001443,2026-05-05T15:00:45.239463+00:00,3612324,ESCALATE_COLLECTIONS,0.05,0,20.389214156359863,0.3516949152542373,-0.6574083334450633,1.0,1.0,0.2504153940569719,0.9681384872110453,41.0,195.27366055885386
evt_inv_000844_0,cust_b2b_039,inv_000844,2026-05-05T15:06:28.979332+00:00,14165363,SEND_REMINDER,0.8500000000000001,1,5.265364715040427,0.4215686274509804,0.7549622770884884,0.0,1.0,0.2506842845225515,0.9680688970798599,38.0,188.52530018761308
evt_inv_007214_1,cust_b2b_024,inv_007214,2026-05-05T15:18:42.207675+00:00,6232838,OFFER_PAYMENT_PLAN,0.8500000000000001,1,20.69355371261985,0.1377952755905512,0.9265062635885002,1.0,1.0,0.2512577876438154,0.9679202054654792,35.0,193.85594257017644
evt_inv_003289_0,cust_b2b_009,inv_003289,2026-05-05T15:40:41.213246+00:00,7199676,WRITE_OFF,0.05,0,1.4623397741889863,0.16153846153846155,0.5683824042164793,0.0,1.0,0.252289241109625,0.967651868607884,41.0,193.5537127306679
evt_inv_005606_0,cust_b2b_018,inv_005606,2026-05-05T15:43:03.356592+00:00,1625383,OFFER_PAYMENT_PLAN,0.05,0,2.11702911657102,0.624390243902439,-0.5035972419433619,0.0,1.0,0.25240037916320257,0.9676228855283816,36.0,189.08022167860008
evt_inv_008421_0,cust_b2b_000,inv_008421,2026-05-05T15:59:31.194435+00:00,4838705,OFFER_PAYMENT_PLAN,0.05,0,4.544282917673349,0.350210970464135,-0.03184985918031437,0.0,1.0,0.2531726509118838,0.9674211124584007,41.0,195.31447022288748
evt_inv_002626_1,cust_b2b_038,inv_002626,2026-05-05T16:11:00.490415+00:00,4018526,OFFER_PAYMENT_PLAN,0.8500000000000001,0,16.491827450346367,0.28761061946902655,-0.17051920888608862,1.0,1.0,0.2537114331233139,0.967279953634166,36.0,198.67634231338025
evt_inv_001657_1,cust_b2b_026,inv_001657,2026-05-05T16:16:37.239881+00:00,4785058,OFFER_PAYMENT_PLAN,0.8500000000000001,0,18.338228588683936,0.28627450980392155,0.007902084907907957,1.0,1.0,0.25397462180941827,0.9672108826294104,39.0,187.8147607651083
evt_inv_007923_1,cust_b2b_030,inv_007923,2026-05-05T16:17:30.415924+00:00,2670256,OFFER_PAYMENT_PLAN,0.8500000000000001,1,17.000892844350474,0.3023255813953488,0.31296114668714686,1.0,1.0,0.254016180165586,0.9671999690933021,44.0,203.52559332644765
evt_inv_003843_0,cust_b2b_030,inv_003843,2026-05-05T16:27:29.373949+00:00,2559842,SEND_REMINDER,0.8500000000000001,0,9.585073712530036,0.305019305019305,0.19664597537786105,0.0,1.0,0.2544842478516555,0.9670769191720879,45.0,203.53252571099338
evt_inv_007840_0,cust_b2b_034,inv_007840,2026-05-05T16:58:04.780015+00:00,5229369,OFFER_PAYMENT_PLAN,0.05,1,3.118631478504991,0.4975845410628019,0.01362421629747044,0.0,1.0,0.25591819084301004,0.9666984429467343,38.0,185.63035405828268
evt_inv_001579_0,cust_b2b_005,inv_001579,2026-05-05T17:03:59.503371+00:00,7457668,WRITE_OFF,0.05,0,4.830538949269663,0.2345679012345679,-0.10156936777896731,0.0,1.0,0.2561952598430955,0.9666250507999101,39.0,196.05086307466732
evt_inv_007195_0,cust_b2b_021,inv_007195,2026-05-05T17:08:05.197118+00:00,10629789,WRITE_OFF,0.05,1,9.701241841928242,0.33201581027667987,0.3996105137702503,0.0,1.0,0.2563871551425512,0.9665741702931593,36.0,197.71948387926707
evt_inv_007600_1,cust_b2b_002,inv_007600,2026-05-05T17:14:35.337169+00:00,3939012,OFFER_PAYMENT_PLAN,0.8500000000000001,0,18.395315647268514,0.1459227467811159,0.09018407164473037,1.0,1.0,0.2566918472283493,0.9664932982522423,41.0,198.29405926229688
evt_inv_001451_0,cust_b2b_007,inv_001451,2026-05-05T17:23:00.833155+00:00,4275205,SEND_REMINDER,0.8500000000000001,1,7.1144344705337055,0.2862595419847328,-0.003724051338046435,0.0,1.0,0.25708659219840746,0.9663883712627185,53.0,202.52562489461306
evt_inv_007177_0,cust_b2b_021,inv_007177,2026-05-05T17:34:14.697088+00:00,7734220,SEND_REMINDER,0.8500000000000001,0,6.854823014729952,0.3346456692913386,-0.3902472407026101,0.0,1.0,0.25761275004088846,0.9662482450262824,36.0,197.73764938818798
evt_inv_002655_0,cust_b2b_029,inv_002655,2026-05-05T18:10:51.892594+00:00,6236872,SEND_REMINDER,0.8500000000000001,0,1.863770593222963,0.21973094170403587,0.28523897345257954,0.0,1.0,0.25932780488437157,0.9657893608928674,31.0,199.82265038957522
evt_inv_001376_1,cust_b2b_030,inv_001376,2026-05-05T18:29:57.115862+00:00,1696217,OFFER_PAYMENT_PLAN,0.8500000000000001,1,19.913640693939445,0.3038461538461538,-0.7131324785083952,1.0,1.0,0.26022140285897427,0.9655489741562089,46.0,203.6175690201707
evt_inv_007006_1,cust_b2b_038,inv_007006,2026-05-05T18:43:41.326074+00:00,4380037,SEND_REMINDER,0.05,0,17.088686552513703,0.28634361233480177,0.03904369727272138,1.0,1.0,0.2608643820318611,0.9653754576262726,37.0,198.78237050387938
evt_inv_004955_0,cust_b2b_031,inv_004955,2026-05-05T18:51:47.650043+00:00,16467309,SEND_REMINDER,0.8500000000000001,0,9.714619021842488,0.29004329004329005,0.489348140356801,0.0,1.0,0.26124371664695895,0.9652728736023215,41.0,197.12461022730068
evt_inv_007680_0,cust_b2b_001,inv_007680,2026-05-05T18:54:00.336549+00:00,6766019,SEND_REMINDER,0.8500000000000001,0,2.1556640816104915,0.04954954954954955,-0.05340390058249421,0.0,1.0,0.26134720564298486,0.9652448591433178,36.0,188.67162895694818
evt_inv_000024_0,cust_b2b_016,inv_000024,2026-05-05T18:55:13.319952+00:00,7645669,SEND_REMINDER,0.8500000000000001,1,5.108760181086983,0.23228346456692914,-0.5765844272759476,0.0,1.0,0.2614041278536698,0.9652294452310612,28.0,191.4766137834628
evt_inv_001000_0,cust_b2b_016,inv_001000,2026-05-05T18:57:48.495554+00:00,11339275,WRITE_OFF,0.05,0,8.343305957266256,0.23529411764705882,0.35261319438015004,0.0,1.0,0.2615251515024011,0.9651966613761396,29.0,191.47840979737416
evt_inv_003929_0,cust_b2b_006,inv_003929,2026-05-05T18:57:58.618245+00:00,6447653,SEND_REMINDER,0.8500000000000001,0,9.199855532119155,0.304,0.40325590309712434,0.0,1.0,0.26153304618966217,0.9651945222341225,41.0,198.91873784243066
evt_inv_000881_1,cust_b2b_035,inv_000881,2026-05-05T19:16:38.699704+00:00,4423133,OFFER_PAYMENT_PLAN,0.8500000000000001,0,22.282767297886636,0.3551020408163265,-0.4097954783565189,1.0,1.0,0.26240648957114937,0.9649574261235292,34.0,202.61425115716497
evt_inv_002035_0,cust_b2b_015,inv_002035,2026-05-05T19:39:19.059339+00:00,10306981,SEND_REMINDER,0.8500000000000001,0,4.964569313791731,0.14754098360655737,0.17815419409400776,0.0,1.0,0.263467013582584,0.9646684055953499,36.0,196.945971707425
evt_inv_003187_1,cust_b2b_011,inv_003187,2026-05-05T20:16:08.200598+00:00,1261720,OFFER_PAYMENT_PLAN,0.8500000000000001,1,17.070516181046393,0.3672566371681416,-0.5706878630289438,1.0,1.0,0.26518856124222145,0.9641965707190006,34.0,198.64150760258175
evt_inv_001934_0,cust_b2b_022,inv_001934,2026-05-05T20:19:32.463972+00:00,1666179,SEND_REMINDER,0.8500000000000001,0,4.692259620362278,0.21238938053097345,-0.28923814516835616,0.0,1.0,0.2653476977557479,0.9641527883565573,40.0,192.39687775660173
evt_inv_002931_0,cust_b2b_016,inv_002931,2026-05-05T20:25:46.320901+00:00,7635076,ESCALATE_COLLECTIONS,0.05,0,8.27519978245935,0.234375,-0.5792493109629934,0.0,1.0,0.2656389416653034,0.9640725868268102,29.0,191.53949573888596
evt_inv_008387_0,cust_b2b_023,inv_008387,2026-05-05T20:36:13.658511+00:00,2154813,SEND_REMINDER,0.8500000000000001,0,4.888933848261701,0.41702127659574467,-0.10714035577212756,0.0,1.0,0.2661275988927698,0.9639378097717555,34.0,189.15153584429368
evt_inv_005073_1,cust_b2b_000,inv_005073,2026-05-05T20:52:54.234134+00:00,7396413,OFFER_PAYMENT_PLAN,0.8500000000000001,0,18.10928430065212,0.3487394957983193,1.2727982186177236,1.0,1.0,0.2669068439038439,0.963722333806418,41.0,195.51820910828891
evt_inv_003831_0,cust_b2b_005,inv_003831,2026-05-05T20:55:22.287607+00:00,7553247,SEND_REMINDER,0.8500000000000001,0,2.9491307497716672,0.2336065573770492,-0.07083056452320578,0.0,1.0,0.2670221326571559,0.9636903966893228,38.0,196.21154344776414
evt_inv_000329_0,cust_b2b_007,inv_000329,2026-05-05T20:55:38.887549+00:00,2688155,SEND_REMINDER,0.8500000000000001,1,7.81069675428901,0.2889733840304182,-0.9303963284465495,0.0,1.0,0.26703505873958644,0.9636868149995338,54.0,202.6732875612156
evt_inv_008864_1,cust_b2b_017,inv_008864,2026-05-05T20:57:26.409934+00:00,6141763,OFFER_PAYMENT_PLAN,0.8500000000000001,0,21.268460158359712,0.28870292887029286,-0.14664350019716274,1.0,1.0,0.26711878336099465,0.9636636112128246,32.0,200.38848490597312
evt_inv_006806_0,cust_b2b_015,inv_006806,2026-05-05T21:00:50.640719+00:00,8374979,SEND_REMINDER,0.8500000000000001,1,5.767859360441882,0.1469387755102041,-0.32385496648997,0.0,1.0,0.26727780651015187,0.9636195173133023,37.0,197.002587232654
evt_inv_008664_0,cust_b2b_038,inv_008664,2026-05-05T21:03:26.828620+00:00,4601091,SEND_REMINDER,0.8500000000000001,0,6.1491096114737775,0.2850877192982456,0.16718511809651704,0.0,1.0,0.2673994164261521,0.963585778275579,38.0,198.8794249314893
evt_inv_004360_0,cust_b2b_027,inv_004360,2026-05-05T21:05:46.695014+00:00,2705310,SEND_REMINDER,0.8500000000000001,0,3.598602759161759,0.16129032258064516,-0.06850903899667579,0.0,1.0,0.26750831459213004,0.9635555519138883,36.0,188.9607906990478
evt_inv_004114_0,cust_b2b_025,inv_004114,2026-05-05T21:06:41.811789+00:00,12333796,SEND_REMINDER,0.8500000000000001,0,4.463422194841172,0.20723684210526316,0.5404484434430322,0.0,1.0,0.26755122686215477,0.9635436373120606,49.0,196.99815829182526
evt_inv_001940_1,cust_b2b_008,inv_001940,2026-05-05T21:11:46.702172+00:00,6521794,OFFER_PAYMENT_PLAN,0.8500000000000001,0,21.64317838765404,0.2554112554112554,-0.4796135546750159,1.0,1.0,0.2677885957913311,0.9634776945856646,33.0,188.05191041703105
evt_inv_008532_0,cust_b2b_027,inv_008532,2026-05-05T21:21:32.623935+00:00,3193293,SEND_REMINDER,0.8500000000000001,0,6.170180939779898,0.1606425702811245,0.3700825938453309,0.0,1.0,0.2682447128550182,0.9633508052756944,37.0,188.97173895044898
evt_inv_000111_0,cust_b2b_024,inv_000111,2026-05-05T21:28:58.839888+00:00,4560064,SEND_REMINDER,0.8500000000000001,0,4.4349286238122545,0.1411764705882353,0.006898008472339717,0.0,1.0,0.2685920341112782,0.9632540263149518,36.0,194.1130795170864
evt_inv_004147_0,cust_b2b_021,inv_004147,2026-05-05T21:37:10.023153+00:00,8436401,SEND_REMINDER,0.8500000000000001,0,4.680571969019275,0.3333333333333333,-0.19870529463776718,0.0,1.0,0.2689743162159699,0.9631473496906646,36.0,197.9063452917142
evt_inv_007527_0,cust_b2b_034,inv_007527,2026-05-05T22:12:31.150035+00:00,7209492,SEND_REMINDER,0.8500000000000001,0,3.539322778326608,0.5,0.9654185767842461,0.0,1.0,0.27062467678253804,0.9626849351248553,38.0,185.84871482241144
evt_inv_006417_0,cust_b2b_035,inv_006417,2026-05-05T22:33:46.922077+00:00,4881809,SEND_REMINDER,0.8500000000000001,1,3.4367809911080394,0.35365853658536583,-0.19304284861613621,0.0,1.0,0.2716169193730023,0.9624054494392267,35.0,202.75115187907372
evt_inv_006037_0,cust_b2b_032,inv_006037,2026-05-05T23:03:22.448963+00:00,7996990,SEND_REMINDER,0.8500000000000001,0,6.8544364282779595,0.1032258064516129,0.5444245848955699,0.0,1.0,0.27299736994733415,0.9620147795132039,42.0,203.8956129217503
evt_inv_007985_0,cust_b2b_038,inv_007985,2026-05-05T23:10:54.762365+00:00,4135570,SEND_REMINDER,0.8500000000000001,1,1.6463373327468773,0.2838427947598253,-0.10267057616851019,0.0,1.0,0.27334894842804064,0.9619149403108803,39.0,198.96794268317595
evt_inv_002214_0,cust_b2b_031,inv_002214,2026-05-05T23:12:39.563770+00:00,12580399,SEND_REMINDER,0.8500000000000001,0,8.572524803444274,0.28879310344827586,-0.2162516413551055,0.0,1.0,0.27343040425597576,0.9618917891469985,41.0,197.30576663617526
evt_inv_006967_1,cust_b2b_003,inv_006967,2026-05-05T23:25:55.086743+00:00,6252568,OFFER_PAYMENT_PLAN,0.8500000000000001,0,19.429377459859698,0.16194331983805668,0.7623309171036635,1.0,1.0,0.2740486524406067,0.9617158291800585,31.0,190.90464863393768
evt_inv_003729_0,cust_b2b_028,inv_003729,2026-05-05T23:48:26.611028+00:00,4549651,SEND_REMINDER,0.8500000000000001,0,2.6737838798648017,0.3403361344537815,-0.2882929044501536,0.0,1.0,0.27509874255122413,0.9614159775283201,32.0,185.78978509889546
evt_inv_001735_0,cust_b2b_001,inv_001735,2026-05-06T00:04:45.093763+00:00,8077127,SEND_REMINDER,0.8500000000000001,1,4.789557342819565,0.04932735426008968,0.420693363294032,0.0,1.0,0.2758587869194359,0.9611981739887656,36.0,188.88742475804247
evt_inv_001843_1,cust_b2b_038,inv_001843,2026-05-06T00:10:13.143305+00:00,3735002,WRITE_OFF,0.05,0,19.794646300731415,0.28695652173913044,-0.3348737592299899,1.0,1.0,0.27611356347622845,0.9611250179162224,39.0,199.0091276477514
evt_inv_001930_0,cust_b2b_019,inv_001930,2026-05-06T01:32:26.145502+00:00,2831868,SEND_REMINDER,0.8500000000000001,1,8.292162356651836,0.352,-0.42174215475052906,0.0,1.0,0.27994238330919163,0.9600168029920985,42.0,198.00242429476035
evt_inv_000466_0,cust_b2b_017,inv_000466,2026-05-06T01:37:53.996856+00:00,8094756,SEND_REMINDER,0.8500000000000001,1,8.68897689597777,0.2875,0.6016901628183042,0.0,1.0,0.2801966928493975,0.9599426093867593,33.0,200.5832486435041
evt_inv_000081_1,cust_b2b_015,inv_000081,2026-05-06T02:00:01.056884+00:00,11673117,SEND_REMINDER,0.05,0,24.061816428419124,0.15040650406504066,0.5331295268973826,1.0,1.0,0.28122587299693436,0.9596416041195338,37.0,197.21034667901026
evt_inv_000090_0,cust_b2b_030,inv_000090,2026-05-06T02:10:45.084772+00:00,2112699,SEND_REMINDER,0.8500000000000001,0,9.620254478637815,0.3065134099616858,-0.27439308195982626,0.0,1.0,0.2817252220401141,0.9594951272760318,46.0,203.93756866033604
evt_inv_000895_0,cust_b2b_025,inv_000895,2026-05-06T02:11:45.315505+00:00,11262781,SEND_REMINDER,0.8500000000000001,0,9.143034434801814,0.20655737704918034,0.27642885505385295,0.0,1.0,0.2817719182288603,0.9594814151913671,50.0,197.21000439965417
evt_inv_006196_0,cust_b2b_012,inv_006196,2026-05-06T02:20:35.243062+00:00,3639386,SEND_REMINDER,0.8500000000000001,1,6.134101705593576,0.4838709677419355,-0.12926868260136837,0.0,1.0,0.2821827361375117,0.9593606743169888,44.0,199.05198000794528
evt_inv_002761_0,cust_b2b_024,inv_002761,2026-05-06T02:22:03.528212+00:00,4243869,SEND_REMINDER,0.8500000000000001,0,6.348509411132308,0.140625,-0.1669305489609807,0.0,1.0,0.28225117276967887,0.9593405419714841,36.0,194.3166060023224
evt_inv_003239_0,cust_b2b_029,inv_003239,2026-05-06T02:31:23.098158+00:00,4301006,SEND_REMINDER,0.8500000000000001,1,2.7307921196783638,0.21875,-0.5792729222756443,0.0,1.0,0.28268490519752126,0.9592128253799928,29.0,200.17023378730144
evt_inv_000980_1,cust_b2b_039,inv_000980,2026-05-06T02:36:15.979845+00:00,12737063,OFFER_PAYMENT_PLAN,0.8500000000000001,0,17.66632946789427,0.424390243902439,0.4267630330911287,1.0,1.0,0.2829118998684423,0.9591458997007851,39.0,189.00431639724934
evt_inv_004262_0,cust_b2b_007,inv_004262,2026-05-06T02:42:52.584388+00:00,5272080,SEND_REMINDER,0.8500000000000001,0,5.0365166070493705,0.2916666666666667,0.5783478176773226,0.0,1.0,0.2832192585199164,0.9590551869436027,55.0,202.91441831166512
evt_inv_008175_0,cust_b2b_015,inv_008175,2026-05-06T02:48:16.001986+00:00,10178729,SEND_REMINDER,0.8500000000000001,0,2.1644102391421542,0.14979757085020243,0.14482951675668562,0.0,1.0,0.28346987758126163,0.9589811408490078,38.0,197.24385298805427
evt_inv_001380_0,cust_b2b_028,inv_001380,2026-05-06T02:48:59.860901+00:00,5367572,SEND_REMINDER,0.8500000000000001,1,6.549845097118427,0.3389121338912134,0.10932060462856792,0.0,1.0,0.28350386273913736,0.9589710943568572,33.0,185.9151699353899
evt_inv_005497_1,cust_b2b_007,inv_005497,2026-05-06T03:04:10.787359+00:00,3695569,OFFER_PAYMENT_PLAN,0.8500000000000001,1,21.78429530270998,0.29056603773584905,-0.3421709684669375,1.0,1.0,0.28420963592854315,0.9587621617718155,56.0,202.9292123275377
evt_inv_001765_1,cust_b2b_022,inv_001765,2026-05-06T03:04:34.678648+00:00,1757874,OFFER_PAYMENT_PLAN,0.8500000000000001,0,24.269915846869058,0.21145374449339208,-0.1675729889159944,1.0,1.0,0.28422814449728684,0.9587566750096864,41.0,192.6781533894306
evt_inv_004243_0,cust_b2b_001,inv_004243,2026-05-06T03:07:42.863982+00:00,4724251,SEND_REMINDER,0.8500000000000001,0,2.883103849289066,0.05357142857142857,-0.7917083431971494,0.0,1.0,0.2843739278728341,0.9587134447509205,37.0,189.0144822837283
evt_inv_006486_1,cust_b2b_022,inv_006486,2026-05-06T03:32:11.078963+00:00,1781188,OFFER_PAYMENT_PLAN,0.8500000000000001,0,20.10568940644316,0.21052631578947367,-0.13663987036039732,1.0,1.0,0.2855110983163592,0.9583754028240636,42.0,192.69732468936863
evt_inv_001275_0,cust_b2b_002,inv_001275,2026-05-06T03:35:07.074604+00:00,4060710,SEND_REMINDER,0.8500000000000001,1,4.180062303374134,0.1452991452991453,0.1702091885233733,0.0,1.0,0.2856473845487146,0.9583347910310253,42.0,198.72498214926608
evt_inv_002759_0,cust_b2b_038,inv_002759,2026-05-06T03:39:56.539643+00:00,3589730,SEND_REMINDER,0.8500000000000001,0,1.3213523532671512,0.2857142857142857,-0.41908577853918844,0.0,1.0,0.28587152582854586,0.9582679535080254,39.0,199.1547688090764
evt_inv_002608_0,cust_b2b_021,inv_002608,2026-05-06T04:00:01.955591+00:00,7246416,SEND_REMINDER,0.8500000000000001,1,8.3703962222763,0.33203125,-0.5233113495126253,0.0,1.0,0.2868047464893458,0.9579890591187261,36.0,198.17222413937316
evt_inv_003703_1,cust_b2b_019,inv_003703,2026-05-06T04:08:36.918458+00:00,5094963,OFFER_PAYMENT_PLAN,0.8500000000000001,0,23.65539533084263,0.3545816733067729,1.2391035948518203,1.0,1.0,0.28720334256248226,0.9578696362349823,43.0,198.11088231508384
evt_inv_008020_0,cust_b2b_008,inv_008020,2026-05-06T04:14:13.031395+00:00,6084498,SEND_REMINDER,0.8500000000000001,0,2.304499902941059,0.2543103448275862,-0.6150835959497735,0.0,1.0,0.2874634768286091,0.9577916002396386,34.0,188.34527070896786
evt_inv_004752_0,cust_b2b_019,inv_004752,2026-05-06T04:24:34.401245+00:00,2142845,SEND_REMINDER,0.8500000000000001,0,8.410699966866332,0.3531746031746032,-0.9274036756053696,0.0,1.0,0.2879443295468864,0.9576471495711738,44.0,198.12196429178002
evt_inv_008783_1,cust_b2b_006,inv_008783,2026-05-06T04:48:41.806914+00:00,6029658,OFFER_PAYMENT_PLAN,0.8500000000000001,1,22.049855787172742,0.30278884462151395,0.21504100008946048,1.0,1.0,0.2890641359320462,0.9573097332200584,42.0,199.32895993350826
evt_inv_005385_1,cust_b2b_024,inv_005385,2026-05-06T05:03:06.025380+00:00,4814287,OFFER_PAYMENT_PLAN,0.8500000000000001,0,19.551093488871473,0.14007782101167315,0.14665707283578266,1.0,1.0,0.28973256266087827,0.9571076439638125,34.0,194.428440460291
evt_inv_005079_0,cust_b2b_030,inv_005079,2026-05-06T05:03:52.275210+00:00,2661993,SEND_REMINDER,0.8500000000000001,0,1.2349603149741841,0.3053435114503817,0.3042564274129837,0.0,1.0,0.28976833044887373,0.9570968157239227,46.0,204.05779077188402
evt_inv_000262_0,cust_b2b_011,inv_000262,2026-05-06T05:17:09.999681+00:00,1655637,SEND_REMINDER,0.8500000000000001,0,8.514852274190774,0.3700440528634361,0.031656865063432,0.0,1.0,0.2903851952558227,0.9569098381646193,34.0,199.01722286974487
evt_inv_008674_1,cust_b2b_023,inv_008674,2026-05-06T05:30:31.403888+00:00,1712417,WRITE_OFF,0.05,0,22.530621874673564,0.4152542372881356,-0.5984091958504513,1.0,1.0,0.2910047840444576,0.9567215977823635,34.0,189.52257456394418
evt_inv_008748_1,cust_b2b_022,inv_008748,2026-05-06T05:39:07.717914+00:00,1923298,OFFER_PAYMENT_PLAN,0.8500000000000001,0,24.8188193170406,0.2096069868995633,0.051918510174972766,1.0,1.0,0.2914038967456069,0.9566001092209198,42.0,192.7854802327915
evt_inv_006035_1,cust_b2b_010,inv_006035,2026-05-06T05:43:09.135572+00:00,2665362,OFFER_PAYMENT_PLAN,0.8500000000000001,0,17.90111495637262,0.14112903225806453,-0.2164402194645185,1.0,1.0,0.2915904961131825,0.9565432465793003,52.0,195.911837156053
evt_inv_006243_0,cust_b2b_020,inv_006243,2026-05-06T06:02:03.984710+00:00,5892077,ESCALATE_COLLECTIONS,0.05,0,7.50976034705906,0.348,0.24731370910479694,0.0,1.0,0.292467508230659,0.956275460643715,37.0,187.44385881767494
evt_inv_001471_1,cust_b2b_009,inv_001471,2026-05-06T06:16:24.093666+00:00,6448425,OFFER_PAYMENT_PLAN,0.8500000000000001,0,22.04561467545652,0.16091954022988506,0.24821173467378144,1.0,1.0,0.293132037178535,0.9560719684100993,38.0,194.16184792071147
evt_inv_003294_0,cust_b2b_032,inv_003294,2026-05-06T06:20:20.811753+00:00,6642868,SEND_REMINDER,0.8500000000000001,0,4.773559285609879,0.10289389067524116,0.02891545986470485,0.0,1.0,0.29331490315404735,0.956015882497635,42.0,204.19906619477806
evt_inv_000083_0,cust_b2b_004,inv_000083,2026-05-06T06:23:34.048011+00:00,2548539,WRITE_OFF,0.05,0,9.635664200177908,0.16141732283464566,-0.46910227263953985,0.0,1.0,0.2934641712315184,0.9559700728597094,42.0,200.57567049784947
evt_inv_004758_1,cust_b2b_033,inv_004758,2026-05-06T06:30:49.000897+00:00,5000367,OFFER_PAYMENT_PLAN,0.8500000000000001,0,21.725514517018865,0.13934426229508196,0.3665380388125664,1.0,1.0,0.29380013055007,0.9558668752963259,39.0,185.41977351048362
evt_inv_002121_0,cust_b2b_029,inv_002121,2026-05-06T06:42:16.198255+00:00,5130320,WRITE_OFF,0.05,1,6.951448875908133,0.2222222222222222,-0.20892115022456523,0.0,1.0,0.29433085051474545,0.9557035892133432,29.0,200.34445948287453
evt_inv_001860_0,cust_b2b_023,inv_001860,2026-05-06T06:43:23.486823+00:00,1869340,SEND_REMINDER,0.8500000000000001,0,1.01691853975125,0.41350210970464135,-0.4241503246691385,0.0,1.0,0.29438281234972935,0.9556875848273138,34.0,189.57317737568414
evt_inv_007836_1,cust_b2b_000,inv_007836,2026-05-06T06:45:15.389597+00:00,6007169,OFFER_PAYMENT_PLAN,0.8500000000000001,1,23.835975790273288,0.3472803347280335,0.5641657155889335,1.0,1.0,0.29446922441121975,0.9556609628286878,41.0,195.92956507429844
evt_inv_003097_0,cust_b2b_018,inv_003097,2026-05-06T06:51:38.974831+00:00,1716035,SEND_REMINDER,0.8500000000000001,0,8.458692966711537,0.6213592233009708,-0.39225210880500533,0.0,1.0,0.29476541318744764,0.9555696474817695,37.0,189.7111894822942
evt_inv_007412_0,cust_b2b_029,inv_007412,2026-05-06T06:55:53.733940+00:00,5036991,SEND_REMINDER,0.8500000000000001,1,7.730878798020051,0.22566371681415928,-0.2505996640279004,0.0,1.0,0.29496211206973444,0.9555089494313287,29.0,200.353921701446
evt_inv_008202_0,cust_b2b_009,inv_008202,2026-05-06T06:55:57.523990+00:00,10126910,SEND_REMINDER,0.8500000000000001,0,5.483205657342867,0.16030534351145037,1.8159212221500856,0.0,1.0,0.2949650382639589,0.9555080461209844,39.0,194.18931817909734
evt_inv_008249_1,cust_b2b_024,inv_008249,2026-05-06T07:05:18.142276+00:00,4087762,OFFER_PAYMENT_PLAN,0.8500000000000001,0,17.576878935518728,0.13953488372093023,-0.2527505294351436,1.0,1.0,0.29539784582804696,0.9553743311813173,34.0,194.51330292435603
evt_inv_003509_1,cust_b2b_037,inv_003509,2026-05-06T07:09:06.997635+00:00,2826171,OFFER_PAYMENT_PLAN,0.8500000000000001,0,24.258044298934806,0.2765957446808511,-0.06109113822840224,1.0,1.0,0.29557450893093573,0.9553196897741804,29.0,196.5116667764256
evt_inv_003868_0,cust_b2b_023,inv_003868,2026-05-06T07:12:54.509609+00:00,2176748,SEND_REMINDER,0.8500000000000001,1,4.613750012439494,0.4117647058823529,-0.0827825048242518,0.0,1.0,0.29575012499896053,0.9552653367327316,35.0,189.59367532459297
evt_inv_000386_0,cust_b2b_034,inv_000386,2026-05-06T07:27:01.978845+00:00,4481102,SEND_REMINDER,0.8500000000000001,0,1.0999771179938878,0.49760765550239233,-0.34604859022654555,0.0,1.0,0.2964041969183025,0.9550625906448311,38.0,186.23379385955545
evt_inv_006520_1,cust_b2b_022,inv_006520,2026-05-06T07:27:41.148198+00:00,2003097,OFFER_PAYMENT_PLAN,0.8500000000000001,0,19.787599034466552,0.20869565217391303,0.1577995682333646,1.0,1.0,0.29643442424337985,0.9550532090535563,43.0,192.86086715736747
evt_inv_000972_0,cust_b2b_029,inv_000972,2026-05-06T07:28:09.093357+00:00,4104893,SEND_REMINDER,0.8500000000000001,0,8.028278408105269,0.2290748898678414,-0.6668524376660141,0.0,1.0,0.29645598958092023,0.9550465152240478,30.0,200.37632169470473
evt_inv_000693_0,cust_b2b_021,inv_000693,2026-05-06T07:39:32.821220+00:00,9947623,SEND_REMINDER,0.8500000000000001,1,2.7681757526043915,0.3346303501945525,0.2135283970168895,0.0,1.0,0.29698357666655584,0.9548825871228043,35.0,198.32466471378515
evt_inv_000745_1,cust_b2b_033,inv_000745,2026-05-06T07:56:39.699177+00:00,4487191,ESCALATE_COLLECTIONS,0.05,0,16.605444849280584,0.13877551020408163,0.07235179077326535,1.0,1.0,0.2977757793891172,0.9546358390555028,40.0,185.4793880739162
evt_inv_005173_1,cust_b2b_030,inv_005173,2026-05-06T08:01:10.121310+00:00,1997037,OFFER_PAYMENT_PLAN,0.8500000000000001,1,21.902038003612546,0.3041825095057034,-0.3962367369249326,1.0,1.0,0.2979843671302938,0.9545707500997285,47.0,204.18091399063337
evt_inv_000268_1,cust_b2b_022,inv_000268,2026-05-06T08:04:12.471485+00:00,1342981,OFFER_PAYMENT_PLAN,0.8500000000000001,0,19.6376441401307,0.2077922077922078,-0.7180718083788268,1.0,1.0,0.298125013307879,0.954526833797865,44.0,192.88622969541407
evt_inv_005319_0,cust_b2b_020,inv_005319,2026-05-06T08:13:52.836453+00:00,5362247,SEND_REMINDER,0.8500000000000001,1,4.872197203832356,0.3466135458167331,0.0002687032304266126,0.0,1.0,0.29857260408237835,0.9543869236800488,37.0,187.53539645358964
evt_inv_000387_1,cust_b2b_013,inv_000387,2026-05-06T08:36:44.325016+00:00,2051345,OFFER_PAYMENT_PLAN,0.8500000000000001,1,21.864272127674546,0.19318181818181818,-0.3757853075066795,1.0,1.0,0.2996300664202837,0.9540554613317699,32.0,200.05616974197383
evt_inv_001433_1,cust_b2b_034,inv_001433,2026-05-06T08:57:25.708947+00:00,5025655,OFFER_PAYMENT_PLAN,0.8500000000000001,0,20.344867835044287,0.49523809523809526,-0.08429591526034488,1.0,1.0,0.3005868966186523,0.9537544325355283,39.0,186.29656851352252
evt_inv_001475_1,cust_b2b_005,inv_001475,2026-05-06T09:05:59.321741+00:00,8293967,OFFER_PAYMENT_PLAN,0.8500000000000001,1,19.655659193254998,0.23265306122448978,0.16738932459997732,1.0,1.0,0.30098268915820875,0.9536296035815441,39.0,196.7189165280258
evt_inv_000727_0,cust_b2b_000,inv_000727,2026-05-06T09:26:33.684119+00:00,7482924,SEND_REMINDER,0.8500000000000001,0,2.5078173029851873,0.35,1.3169261874436877,0.0,1.0,0.3019336827333486,0.9533289312881874,42.0,196.0415823720028
evt_inv_002259_0,cust_b2b_022,inv_002259,2026-05-06T09:27:39.195148+00:00,1301484,SEND_REMINDER,0.8500000000000001,0,2.429456856479909,0.20689655172413793,-0.7731319926599199,0.0,1.0,0.30198414621042524,0.9533129472725945,45.0,192.94417788595965
evt_inv_002734_0,cust_b2b_025,inv_002734,2026-05-06T09:32:45.157414+00:00,6924654,SEND_REMINDER,0.8500000000000001,0,2.7663395850151056,0.20588235294117646,-0.7929785399308681,0.0,1.0,0.30221981928415115,0.9532382602643764,50.0,197.51625256989269
evt_inv_005777_1,cust_b2b_029,inv_005777,2026-05-06T10:01:17.591707+00:00,6546874,OFFER_PAYMENT_PLAN,0.8500000000000001,0,16.32651501905058,0.22807017543859648,0.4236781746784678,1.0,1.0,0.3035385119429239,0.9528191705499399,31.0,200.4826700552285
evt_inv_007925_1,cust_b2b_017,inv_007925,2026-05-06T10:53:43.145728+00:00,6719136,OFFER_PAYMENT_PLAN,0.8500000000000001,0,24.75198051515737,0.29045643153526973,0.0745898144645349,1.0,1.0,0.3059592897187831,0.9520445961375852,32.0,200.96923416285335
evt_inv_008267_0,cust_b2b_002,inv_008267,2026-05-06T11:13:26.926453+00:00,4243766,SEND_REMINDER,0.8500000000000001,0,6.236644971218324,0.14893617021276595,0.29058147588016514,0.0,1.0,0.3068698010417735,0.9517515039171635,42.0,199.04326747159726
evt_inv_003678_0,cust_b2b_031,inv_003678,2026-05-06T11:17:35.616854+00:00,13403438,ESCALATE_COLLECTIONS,0.05,1,3.9793354752158656,0.2875536480686695,-0.06684339865061718,0.0,1.0,0.3070610469440779,0.9516898199779206,41.0,197.80919317650464
evt_inv_002466_0,cust_b2b_009,inv_002466,2026-05-06T11:18:13.635367+00:00,5251574,SEND_REMINDER,0.8500000000000001,0,6.333787878199382,0.1596958174904943,-0.2618664423704503,0.0,1.0,0.3070902825444855,0.9516803866670512,40.0,194.37144909781296
evt_inv_003401_1,cust_b2b_036,inv_003401,2026-05-06T11:34:11.086850+00:00,2174785,OFFER_PAYMENT_PLAN,0.8500000000000001,0,20.55496921086768,0.2755905511811024,-1.0464245690258507,1.0,1.0,0.30782645108805434,0.9514425237556569,34.0,200.93593210017664
evt_inv_001904_0,cust_b2b_012,inv_001904,2026-05-06T12:05:14.688796+00:00,5548362,SEND_REMINDER,0.8500000000000001,0,1.6252978176915838,0.4859437751004016,1.114256672779107,0.0,1.0,0.3092588149656122,0.950977910030546,45.0,199.4579921113482
evt_inv_003791_1,cust_b2b_019,inv_003791,2026-05-06T12:05:59.381732+00:00,3275137,OFFER_PAYMENT_PLAN,0.8500000000000001,0,24.168309346870885,0.35177865612648224,-0.09643453265321528,1.0,1.0,0.30929315734484836,0.950966741174293,41.0,198.4423923066804
evt_inv_002591_0,cust_b2b_036,inv_002591,2026-05-06T12:09:04.036050+00:00,4754237,SEND_REMINDER,0.8500000000000001,1,9.101010960046647,0.27450980392156865,0.6776201762536028,0.0,1.0,0.30943504279870326,0.9509205825347166,35.0,200.9601560492506
evt_inv_005350_0,cust_b2b_005,inv_005350,2026-05-06T12:15:44.470702+00:00,6535995,SEND_REMINDER,0.8500000000000001,0,4.165392664149014,0.23577235772357724,-0.3979848848572182,0.0,1.0,0.30974270677209165,0.950820411855729,40.0,196.85068908543738
evt_inv_001004_1,cust_b2b_031,inv_001004,2026-05-06T12:18:46.077554+00:00,12560700,OFFER_PAYMENT_PLAN,0.8500000000000001,0,16.56252526630232,0.2905982905982906,-0.2198276280220335,1.0,1.0,0.3098822291801081,0.9507749492063655,41.0,197.85167536053655
evt_inv_000512_0,cust_b2b_031,inv_000512,2026-05-06T12:42:17.565530+00:00,14110142,ESCALATE_COLLECTIONS,0.05,1,6.0207041092084985,0.28936170212765955,0.06144625080207257,0.0,1.0,0.31096639998755216,0.9504209057458605,42.0,197.86801202691484
evt_inv_002786_0,cust_b2b_025,inv_002786,2026-05-06T12:52:29.831549+00:00,10829062,SEND_REMINDER,0.8500000000000001,0,2.462346667817485,0.20521172638436483,0.16951116333835148,0.0,1.0,0.3114365588055138,0.950266946620464,50.0,197.6549640760871
evt_inv_007145_0,cust_b2b_006,inv_007145,2026-05-06T13:01:30.151177+00:00,6355872,OFFER_PAYMENT_PLAN,0.05,0,2.00601839356019,0.3055555555555556,0.36192873663744346,0.0,1.0,0.3118514067075675,0.9501308857912742,42.0,199.67118614025298
evt_inv_005697_0,cust_b2b_029,inv_005697,2026-05-06T13:05:39.464778+00:00,6202270,SEND_REMINDER,0.8500000000000001,0,9.980930497870373,0.22707423580786026,0.269786103025729,0.0,1.0,0.3120428052660973,0.9500680437114304,32.0,200.6107009935516
evt_inv_006963_0,cust_b2b_006,inv_006963,2026-05-06T13:27:46.801172+00:00,6089308,SEND_REMINDER,0.8500000000000001,0,4.132922537760623,0.30434782608695654,0.24190001840607073,0.0,1.0,0.3130615907464882,0.9497328257985391,43.0,199.6894344040793
evt_inv_004387_0,cust_b2b_000,inv_004387,2026-05-06T13:34:22.665894+00:00,4826233,SEND_REMINDER,0.8500000000000001,0,9.838396888867218,0.34854771784232363,-0.038211879732611004,0.0,1.0,0.3133653636011513,0.9496326389162908,43.0,196.21367706847016
evt_inv_000150_1,cust_b2b_009,inv_000150,2026-05-06T13:36:58.553000+00:00,4671825,OFFER_PAYMENT_PLAN,0.8500000000000001,0,16.916592244279734,0.1590909090909091,-0.5089454505336979,1.0,1.0,0.31348497716175977,0.9495931597762755,40.0,194.4678023111561
evt_inv_005394_0,cust_b2b_013,inv_005394,2026-05-06T13:37:45.140667+00:00,2865652,SEND_REMINDER,0.8500000000000001,0,5.844317284015489,0.19622641509433963,0.4674472249836221,0.0,1.0,0.3135207233268737,0.9495813583072248,33.0,200.2652069601625
evt_inv_004031_0,cust_b2b_007,inv_004031,2026-05-06T14:00:34.156028+00:00,3339003,SEND_REMINDER,0.8500000000000001,1,3.278325250607711,0.2932330827067669,-0.5503689639103123,0.0,1.0,0.31457095403646174,0.9492339621382024,56.0,203.3850383537941
evt_inv_007528_0,cust_b2b_018,inv_007528,2026-05-06T14:43:45.664302+00:00,1742031,SEND_REMINDER,0.8500000000000001,1,9.396852829798299,0.6183574879227053,-0.36032259921389703,0.0,1.0,0.31655795672049875,0.9485731706288887,36.0,190.03904468449886
evt_inv_004419_0,cust_b2b_038,inv_004419,2026-05-06T15:15:40.273069+00:00,4421801,SEND_REMINDER,0.8500000000000001,0,7.544862395918343,0.28448275862068967,0.0632534959393728,0.0,1.0,0.31802506510845757,0.9480823054792032,40.0,199.63791387188076
evt_inv_001127_0,cust_b2b_014,inv_001127,2026-05-06T15:19:34.269107+00:00,14235129,SEND_REMINDER,0.8500000000000001,0,9.30468709785635,0.25365853658536586,0.8574924793125916,0.0,1.0,0.3182043172633198,0.9480221582194082,26.0,202.87749365809418
evt_inv_006276_0,cust_b2b_035,inv_006276,2026-05-06T15:20:59.576081+00:00,5664442,SEND_REMINDER,0.8500000000000001,1,8.386538539178538,0.3562753036437247,0.1768001835931221,0.0,1.0,0.31826966365624154,0.9480002221498384,35.0,203.45060389300872
evt_inv_005560_0,cust_b2b_019,inv_005560,2026-05-06T15:24:04.566538+00:00,3544629,SEND_REMINDER,0.8500000000000001,0,7.0293156313424,0.35039370078740156,0.10134066386261034,0.0,1.0,0.3184113638622315,0.9479526377216287,42.0,198.57995231600714
evt_inv_006655_0,cust_b2b_020,inv_006655,2026-05-06T15:24:34.331743+00:00,5895194,SEND_REMINDER,0.8500000000000001,0,6.589494802984284,0.3492063492063492,0.2487671577618322,0.0,1.0,0.31843416294498367,0.9479449793471811,36.0,187.83448783425555
evt_inv_002023_0,cust_b2b_024,inv_002023,2026-05-06T15:25:46.178982+00:00,5292816,SEND_REMINDER,0.8500000000000001,0,7.6905909229563365,0.138996138996139,0.4097285185141776,0.0,1.0,0.31848919460304903,0.9479264913067369,34.0,194.86084964549573
evt_inv_002977_0,cust_b2b_033,inv_002977,2026-05-06T15:31:38.570353+00:00,5239125,SEND_REMINDER,0.8500000000000001,1,6.403072135915344,0.13821138211382114,0.5034097006034176,0.0,1.0,0.3187590945269982,0.9478357661833237,39.0,185.79534723105039
evt_inv_002250_0,cust_b2b_026,inv_002250,2026-05-06T15:32:34.656838+00:00,4173349,ESCALATE_COLLECTIONS,0.05,0,5.959620059081578,0.28515625,-0.31270128000211,0.0,1.0,0.31880204931908684,0.9478213193160147,37.0,188.78417531322484
evt_inv_001502_1,cust_b2b_004,inv_001502,2026-05-06T15:33:05.185835+00:00,2383456,OFFER_PAYMENT_PLAN,0.8500000000000001,0,23.372067184828325,0.1607843137254902,-0.600654990494451,1.0,1.0,0.3188254301971447,0.9478134547787374,41.0,200.95728088932398
evt_inv_001080_0,cust_b2b_009,inv_001080,2026-05-06T15:49:43.323156+00:00,5566246,SEND_REMINDER,0.8500000000000001,0,7.718314112798288,0.15849056603773584,-0.12775838502480633,0.0,1.0,0.3195897547627317,0.9475560081866913,41.0,194.55998715092412
evt_inv_003465_0,cust_b2b_017,inv_003465,2026-05-06T15:52:59.496750+00:00,7329377,SEND_REMINDER,0.8500000000000001,0,5.238652258130558,0.2892561983471074,0.30841763256439064,0.0,1.0,0.3197399504433916,0.9475053372358688,32.0,201.17706229968306
evt_inv_008757_0,cust_b2b_014,inv_008757,2026-05-06T16:14:20.781304+00:00,14588528,SEND_REMINDER,0.8500000000000001,0,5.19425723771416,0.2524271844660194,0.9408450941418349,0.0,1.0,0.32072073794637546,0.9471738004459015,26.0,202.91553199371546
evt_inv_007481_0,cust_b2b_030,inv_007481,2026-05-06T16:24:19.401191+00:00,1543564,SEND_REMINDER,0.8500000000000001,0,3.131562371089382,0.3068181818181818,-0.8739436661791161,0.0,1.0,0.32117884697377336,0.9470185575038103,46.0,204.53032695222154
evt_inv_002871_0,cust_b2b_011,inv_002871,2026-05-06T16:31:54.764058+00:00,1440005,SEND_REMINDER,0.8500000000000001,0,6.413213425146427,0.3684210526315789,-0.29806974334233793,0.0,1.0,0.32152727462295366,0.9469003177069568,35.0,199.48579653151566
evt_inv_007752_0,cust_b2b_023,inv_007752,2026-05-06T16:38:44.038464+00:00,2492626,SEND_REMINDER,0.8500000000000001,1,4.2856542802057955,0.41422594142259417,0.26799179735584727,0.0,1.0,0.32184039986048396,0.946793935879209,32.0,189.98660968634707
evt_inv_006349_0,cust_b2b_000,inv_006349,2026-05-06T16:57:53.229171+00:00,4480644,SEND_REMINDER,0.8500000000000001,0,8.15346120518534,0.34710743801652894,-0.21449171279196327,0.0,1.0,0.3227194275994637,0.9464946756584923,44.0,196.35500303233457
evt_inv_000816_0,cust_b2b_024,inv_000816,2026-05-06T17:23:16.267357+00:00,3918276,SEND_REMINDER,0.8500000000000001,0,1.306392222383644,0.13846153846153847,-0.3459255641343173,0.0,1.0,0.3238839862035063,0.9460968044977887,35.0,194.9424478905772
evt_inv_006425_1,cust_b2b_019,inv_006425,2026-05-06T17:40:20.073613+00:00,4178241,OFFER_PAYMENT_PLAN,0.8500000000000001,0,19.300669408595837,0.34901960784313724,0.5663375185447795,1.0,1.0,0.3246665421943839,0.9458285449168587,41.0,198.6745762404813
evt_inv_004657_0,cust_b2b_016,inv_004657,2026-05-06T17:41:57.899285+00:00,7871298,SEND_REMINDER,0.8500000000000001,0,6.507153049899333,0.23346303501945526,-0.5198232755707071,0.0,1.0,0.3247413045506551,0.9458028785739334,26.0,192.42574085906972
evt_inv_001952_0,cust_b2b_024,inv_001952,2026-05-06T18:13:34.449347+00:00,3432403,SEND_REMINDER,0.8500000000000001,0,7.966052918159447,0.13793103448275862,-0.6130343029166047,0.0,1.0,0.326190323677052,0.9453041165357633,36.0,194.9773805525008
evt_inv_006049_0,cust_b2b_003,inv_006049,2026-05-06T18:21:22.434228+00:00,3598338,SEND_REMINDER,0.8500000000000001,0,7.988586088560942,0.16129032258064516,-0.6225364740997057,0.0,1.0,0.32654775996581226,0.9451807025438629,31.0,191.69315960019844
evt_inv_008073_1,cust_b2b_009,inv_008073,2026-05-06T18:42:16.999077+00:00,7807714,OFFER_PAYMENT_PLAN,0.8500000000000001,0,23.358670519448527,0.15789473684210525,0.8275181603992896,1.0,1.0,0.3275057377687991,0.9448491899390689,42.0,194.67982136297454
evt_inv_008456_1,cust_b2b_011,inv_008456,2026-05-06T18:45:13.197232+00:00,1507980,OFFER_PAYMENT_PLAN,0.8500000000000001,0,23.32817336003351,0.36681222707423583,-0.1941283938287898,1.0,1.0,0.3276402546378104,0.9448025526748278,36.0,199.5783709895471
evt_inv_002943_1,cust_b2b_036,inv_002943,2026-05-06T18:54:00.958245+00:00,4094232,SEND_REMINDER,0.05,0,19.950818021440057,0.27734375,0.23648847780770413,1.0,1.0,0.3280431292055062,0.9446627469002149,34.0,201.24137042650577
evt_inv_000349_1,cust_b2b_019,inv_000349,2026-05-06T18:57:07.728852+00:00,2020254,OFFER_PAYMENT_PLAN,0.8500000000000001,1,18.587506516896145,0.34765625,-1.0173712706213967,1.0,1.0,0.3281856891616761,0.944613229543963,42.0,198.7279055835288
evt_inv_006310_1,cust_b2b_034,inv_006310,2026-05-06T19:07:23.258940+00:00,5230570,OFFER_PAYMENT_PLAN,0.8500000000000001,0,19.525847155509016,0.4928909952606635,0.014201303159797934,1.0,1.0,0.3286554636028787,0.9444498855121837,38.0,186.720151268064
evt_inv_004352_1,cust_b2b_023,inv_004352,2026-05-06T19:11:03.725051+00:00,2373252,OFFER_PAYMENT_PLAN,0.8500000000000001,1,19.288142615674516,0.4166666666666667,0.13542991326520426,1.0,1.0,0.3288237042430733,0.9443913233018736,33.0,190.09239309591476
evt_inv_006050_0,cust_b2b_034,inv_006050,2026-05-06T19:38:39.976338+00:00,5482950,SEND_REMINDER,0.8500000000000001,0,7.382187851826081,0.49056603773584906,0.13551430401906267,0.0,1.0,0.33008727773789076,0.943950416640402,39.0,186.74187253425134
evt_inv_001799_0,cust_b2b_013,inv_001799,2026-05-06T20:05:46.704066+00:00,1694828,SEND_REMINDER,0.8500000000000001,0,1.128092483193057,0.19548872180451127,-0.7449666628153966,0.0,1.0,0.33132775189765223,0.943515723675259,34.0,200.5346694994962
evt_inv_005064_0,cust_b2b_009,inv_005064,2026-05-06T20:08:24.358039+00:00,6041574,SEND_REMINDER,0.8500000000000001,0,2.1314972834153956,0.15730337078651685,0.07481862335109662,0.0,1.0,0.3314479417951194,0.9434735088383664,43.0,194.7396287583655
evt_inv_004614_0,cust_b2b_034,inv_004614,2026-05-06T20:13:17.608706+00:00,4192196,SEND_REMINDER,0.8500000000000001,0,7.945785000041135,0.48826291079812206,-0.484918246695125,0.0,1.0,0.3316714915793283,0.9433949446936546,40.0,186.76591920517401
evt_inv_003124_0,cust_b2b_010,inv_003124,2026-05-06T20:18:11.330457+00:00,3189337,OFFER_PAYMENT_PLAN,0.05,0,4.374916706223432,0.14056224899598393,0.23247713260455877,0.0,1.0,0.3318953818115652,0.9433162012454548,52.0,196.5195014487094
evt_inv_006058_0,cust_b2b_030,inv_006058,2026-05-06T20:21:35.990224+00:00,2374038,SEND_REMINDER,0.8500000000000001,0,2.611771269605589,0.30566037735849055,0.0009127858219065615,0.0,1.0,0.33205137324447365,0.9432613028882608,46.0,204.69510228824484
evt_inv_002832_0,cust_b2b_030,inv_002832,2026-05-06T20:34:36.688145+00:00,2774029,SEND_REMINDER,0.8500000000000001,0,4.306163266284599,0.30451127819548873,0.4222797985450227,0.0,1.0,0.33264633685631306,0.9430516500044291,47.0,204.70413814381155
evt_inv_007837_0,cust_b2b_000,inv_007837,2026-05-06T20:38:51.788112+00:00,5138153,SEND_REMINDER,0.8500000000000001,0,4.357045433665641,0.345679012345679,0.12089388482583037,0.0,1.0,0.33284071780961094,0.9429830627153295,44.0,196.50845857563218
evt_inv_008046_0,cust_b2b_019,inv_008046,2026-05-06T20:43:39.975328+00:00,3503407,OFFER_PAYMENT_PLAN,0.05,0,3.3680784134930635,0.35019455252918286,0.07108885380549279,0.0,1.0,0.33306029355565164,0.9429055312472311,43.0,198.80188991773863
evt_inv_005803_0,cust_b2b_022,inv_005803,2026-05-06T20:58:30.537644+00:00,2090045,SEND_REMINDER,0.8500000000000001,0,9.987057329284589,0.20600858369098712,0.2731656237959123,0.0,1.0,0.3337387170480841,0.9426656187339701,43.0,193.42393879447232
evt_inv_003441_0,cust_b2b_006,inv_003441,2026-05-06T21:00:21.429486+00:00,4847751,ESCALATE_COLLECTIONS,0.05,0,2.39313466215987,0.3031496062992126,-0.31714950178212653,0.0,1.0,0.33382318150528495,0.9426357109136538,44.0,200.00372408364828
evt_inv_000344_0,cust_b2b_007,inv_000344,2026-05-06T21:03:07.044986+00:00,3541674,SEND_REMINDER,0.8500000000000001,0,4.138104190523158,0.2958801498127341,-0.43203015038462594,0.0,1.0,0.3339493230636218,0.942591029888015,55.0,203.67847456858803
evt_inv_003387_0,cust_b2b_008,inv_003387,2026-05-06T21:19:31.279972+00:00,8174473,SEND_REMINDER,0.8500000000000001,0,4.204155930309595,0.2532188841201717,0.03236972120215077,0.0,1.0,0.3346988452348633,0.9423251471750338,34.0,189.05728747490625
evt_inv_005954_1,cust_b2b_033,inv_005954,2026-05-06T21:24:38.890386+00:00,4751292,OFFER_PAYMENT_PLAN,0.8500000000000001,0,22.301736142187885,0.1417004048582996,0.22375170558281246,1.0,1.0,0.33493305567809467,0.9422419265847463,40.0,186.04048982401787
evt_inv_004744_1,cust_b2b_001,inv_004744,2026-05-06T21:32:35.984337+00:00,6568730,OFFER_PAYMENT_PLAN,0.8500000000000001,0,21.836924758701294,0.05333333333333334,-0.12474371726386345,1.0,1.0,0.3352962676737806,0.94211273894584,36.0,189.78176376930855
evt_inv_005027_1,cust_b2b_033,inv_005027,2026-05-06T21:42:59.803808+00:00,3588352,OFFER_PAYMENT_PLAN,0.8500000000000001,1,23.55956283012638,0.14112903225806453,-0.4429215040352689,1.0,1.0,0.3357711067415234,0.9419436097121592,41.0,186.05323187750983
evt_inv_000284_0,cust_b2b_003,inv_000284,2026-05-06T21:45:10.641011+00:00,5643042,SEND_REMINDER,0.8500000000000001,0,4.031251363197084,0.1606425702811245,0.44430522527030236,0.0,1.0,0.3358706866192291,0.9419081069137942,31.0,191.83468977130102
evt_inv_005594_0,cust_b2b_005,inv_005594,2026-05-06T22:18:41.109456+00:00,7203733,SEND_REMINDER,0.8500000000000001,1,8.28420879223387,0.23481781376518218,-0.18323646887959882,0.0,1.0,0.3374003765760997,0.9413612409093047,41.0,197.2694001821359
evt_inv_007316_0,cust_b2b_030,inv_007316,2026-05-06T22:27:13.770007+00:00,2121584,SEND_REMINDER,0.8500000000000001,0,1.331344201986613,0.30337078651685395,-0.2650334400303961,0.0,1.0,0.33779029842844466,0.9412213949372498,48.0,204.78234510980664
evt_inv_005428_0,cust_b2b_034,inv_005428,2026-05-06T22:29:06.857888+00:00,5424459,SEND_REMINDER,0.8500000000000001,0,9.191565711093887,0.48598130841121495,0.10739882499703331,0.0,1.0,0.33787630355791703,0.9411905245453963,40.0,186.8602392188569
evt_inv_007572_0,cust_b2b_008,inv_007572,2026-05-06T22:40:10.862073+00:00,6646704,SEND_REMINDER,0.8500000000000001,0,7.863268629160642,0.25213675213675213,-0.44091783831795006,0.0,1.0,0.33838123234552153,0.9410091081367524,35.0,189.11330115662903
evt_inv_004669_0,cust_b2b_035,inv_004669,2026-05-06T23:03:37.359569+00:00,5458134,SEND_REMINDER,0.8500000000000001,1,8.159705865897088,0.3588709677419355,0.07930656274435732,0.0,1.0,0.33945045354792114,0.9406239363242415,35.0,203.77187453522552
evt_inv_007356_0,cust_b2b_018,inv_007356,2026-05-06T23:05:49.479538+00:00,2427220,SEND_REMINDER,0.8500000000000001,0,1.5923955660194902,0.6201923076923077,0.48127245222190584,0.0,1.0,0.3395508688134681,0.9405876926092639,36.0,190.38769995344322
evt_inv_000674_1,cust_b2b_038,inv_000674,2026-05-06T23:32:09.532689+00:00,4970205,OFFER_PAYMENT_PLAN,0.8500000000000001,0,21.50380306336034,0.2832618025751073,0.38115555408542445,1.0,1.0,0.3407514579051298,0.9401534151060286,39.0,199.98269696932857
evt_inv_003051_1,cust_b2b_004,inv_003051,2026-05-06T23:43:26.818776+00:00,2993414,OFFER_PAYMENT_PLAN,0.8500000000000001,0,23.523538389359878,0.16015625,-0.11458716173993026,1.0,1.0,0.34126591765613,0.9399667937998233,39.0,201.29780904836002
evt_inv_003853_0,cust_b2b_013,inv_003853,2026-05-06T23:44:02.318614+00:00,1738523,SEND_REMINDER,0.8500000000000001,0,3.051567467134023,0.1947565543071161,-0.6997200208327382,0.0,1.0,0.341292880161149,0.9399570043099352,35.0,200.68623911232194
evt_inv_004245_1,cust_b2b_032,inv_004245,2026-05-06T23:46:24.878406+00:00,7692765,OFFER_PAYMENT_PLAN,0.8500000000000001,1,22.751572549460217,0.10256410256410256,0.4286074323886497,1.0,1.0,0.3414011530131187,0.9399176840135061,41.0,204.92550215141304
evt_inv_003141_0,cust_b2b_018,inv_003141,2026-05-07T00:01:07.559767+00:00,1453369,SEND_REMINDER,0.8500000000000001,1,8.851026232978505,0.6172248803827751,-0.7148761691482773,0.0,1.0,0.3420714404789037,0.9396739485633768,37.0,190.4261036597994
evt_inv_004825_0,cust_b2b_014,inv_004825,2026-05-07T00:07:08.333139+00:00,12378727,OFFER_PAYMENT_PLAN,0.05,1,5.569184457943805,0.25120772946859904,0.4196423121462119,0.0,1.0,0.3423453532156673,0.9395741903285977,27.0,203.24386013994464
evt_inv_000177_0,cust_b2b_012,inv_000177,2026-05-07T00:07:14.329291+00:00,4273955,SEND_REMINDER,0.8500000000000001,0,7.5286489722462635,0.484,0.2840955115713929,0.0,1.0,0.34234990547499267,0.9395725316447174,43.0,199.95937683929878
evt_inv_005066_0,cust_b2b_031,inv_005066,2026-05-07T00:11:16.041252+00:00,9774983,SEND_REMINDER,0.8500000000000001,1,6.344300430309394,0.2923728813559322,-0.7255250495600738,0.0,1.0,0.34253340570545243,0.9395056497838765,40.0,198.3464666070404
evt_inv_001301_0,cust_b2b_035,inv_001301,2026-05-07T00:16:59.550036+00:00,6050624,SEND_REMINDER,0.8500000000000001,0,2.955057544112255,0.3614457831325301,0.3592949851480822,0.0,1.0,0.34279416444800737,0.9394105390192259,36.0,203.82282581377856
evt_inv_001951_0,cust_b2b_031,inv_001951,2026-05-07T00:24:57.078770+00:00,10469417,SEND_REMINDER,0.8500000000000001,0,6.265495263522279,0.29535864978902954,-0.5994629869080285,0.0,1.0,0.3431566143346135,0.9392782005553015,41.0,198.3559693560903
evt_inv_001403_0,cust_b2b_003,inv_001403,2026-05-07T00:44:41.355565+00:00,4229831,SEND_REMINDER,0.8500000000000001,0,9.655160847732418,0.16,-0.29304974305109677,0.0,1.0,0.34405527367131206,0.9389493962184323,32.0,191.95935081938015
evt_inv_002359_0,cust_b2b_010,inv_002359,2026-05-07T00:45:34.651890+00:00,2299799,WRITE_OFF,0.05,0,9.340785468234108,0.14,-0.5296378589452765,0.0,1.0,0.34409570887549723,0.9389345787292472,53.0,196.70518803936434
evt_inv_006159_1,cust_b2b_029,inv_006159,2026-05-07T00:47:44.906213+00:00,8107203,OFFER_PAYMENT_PLAN,0.8500000000000001,0,22.283006775955005,0.22608695652173913,1.1204842452978043,1.0,1.0,0.3441945283911818,0.9388983579842772,30.0,201.09826397312952
evt_inv_007917_0,cust_b2b_002,inv_007917,2026-05-07T00:54:46.375717+00:00,3079571,SEND_REMINDER,0.8500000000000001,0,5.12375990166612,0.1483050847457627,-0.47496052551811024,0.0,1.0,0.3445142568042289,0.9387810856949718,40.0,199.6136314677042
evt_inv_003083_1,cust_b2b_019,inv_003083,2026-05-07T01:07:34.711117+00:00,3427600,OFFER_PAYMENT_PLAN,0.8500000000000001,0,21.37422847923053,0.3488372093023256,0.015455438323852164,1.0,1.0,0.34509701620305794,0.9385670191348865,44.0,198.98516232270694
evt_inv_008709_0,cust_b2b_006,inv_008709,2026-05-07T01:16:38.347255+00:00,6953206,SEND_REMINDER,0.8500000000000001,0,4.923500961031226,0.30196078431372547,0.6308969824275767,0.0,1.0,0.3455092676007886,0.9384153376847411,43.0,200.18169766893342
evt_inv_001901_0,cust_b2b_029,inv_001901,2026-05-07T01:35:39.307516+00:00,5560119,SEND_REMINDER,0.8500000000000001,0,7.532944268611467,0.22510822510822512,-0.016983061119819585,0.0,1.0,0.3463742663046672,0.9380964063687183,31.0,201.13153250672303
evt_inv_002007_0,cust_b2b_005,inv_002007,2026-05-07T01:39:17.751568+00:00,5153279,SEND_REMINDER,0.8500000000000001,0,4.2221187954352,0.23790322580645162,-0.8426747484919163,0.0,1.0,0.3465398422177935,0.9380352540047026,42.0,197.4087131695418
evt_inv_006741_0,cust_b2b_013,inv_006741,2026-05-07T02:15:01.731900+00:00,1876773,SEND_REMINDER,0.8500000000000001,0,1.016594540978376,0.19402985074626866,-0.5565590513086114,0.0,1.0,0.34816435959353614,0.9374335062866181,35.0,200.7910934327687
evt_inv_008615_0,cust_b2b_037,inv_008615,2026-05-07T02:25:39.640593+00:00,2673248,SEND_REMINDER,0.8500000000000001,1,4.919780412095728,0.2754237288135593,-0.19305939780689657,0.0,1.0,0.3486475085185439,0.9372539222664324,29.0,197.314822366213
evt_inv_000118_1,cust_b2b_024,inv_000118,2026-05-07T02:29:37.675180+00:00,5592838,OFFER_PAYMENT_PLAN,0.8500000000000001,0,24.58840045988303,0.13740458015267176,0.5746657399415651,1.0,1.0,0.3488277710268128,0.937186846984349,36.0,195.32186233297057
evt_inv_001996_1,cust_b2b_021,inv_001996,2026-05-07T03:06:27.158715+00:00,7709180,OFFER_PAYMENT_PLAN,0.8500000000000001,0,23.433369002127748,0.3372093023255814,-0.39707770932912845,1.0,1.0,0.350500386154123,0.9365625869667283,35.0,199.13501584219375
evt_inv_000072_0,cust_b2b_021,inv_000072,2026-05-07T03:09:52.137525+00:00,9829880,WRITE_OFF,0.05,0,3.760151834499484,0.3359073359073359,0.18141004862705765,0.0,1.0,0.35065550191505945,0.9365045215997079,36.0,199.13738828212843
evt_inv_007088_0,cust_b2b_009,inv_007088,2026-05-07T03:22:44.650110+00:00,6931858,SEND_REMINDER,0.8500000000000001,0,8.323729353120886,0.15671641791044777,0.45424282458414095,0.0,1.0,0.35124000697508806,0.9362854572725885,42.0,195.04125250919014
evt_inv_002027_1,cust_b2b_017,inv_002027,2026-05-07T03:23:13.868928+00:00,6061618,OFFER_PAYMENT_PLAN,0.8500000000000001,0,18.295742466394568,0.2880658436213992,-0.17735315675705907,1.0,1.0,0.351262112081593,0.9362771644208665,30.0,201.65639531100342
evt_inv_004663_0,cust_b2b_023,inv_004663,2026-05-07T03:51:45.858175+00:00,2381681,SEND_REMINDER,0.8500000000000001,0,3.3894513659003183,0.4190871369294606,0.14479022299683883,0.0,1.0,0.35255695245292934,0.935790358615167,32.0,190.45399185892646
evt_inv_000638_0,cust_b2b_026,inv_000638,2026-05-07T03:55:04.182906+00:00,5416244,SEND_REMINDER,0.8500000000000001,0,8.520081976583212,0.2840466926070039,0.33871374416443756,0.0,1.0,0.35270690917744507,0.9357338490289285,37.0,189.2997948279016
evt_inv_008217_1,cust_b2b_013,inv_008217,2026-05-07T03:59:33.305565+00:00,2182827,OFFER_PAYMENT_PLAN,0.8500000000000001,0,18.059815206290768,0.19330855018587362,-0.2396329732814338,1.0,1.0,0.3529103829410987,0.9356571282325418,36.0,200.86368109092663
evt_inv_001289_0,cust_b2b_007,inv_001289,2026-05-07T04:03:40.001996+00:00,5509794,SEND_REMINDER,0.8500000000000001,1,9.536697751446454,0.2947761194029851,0.7171479757704767,0.0,1.0,0.35309688639687103,0.9355867617793847,55.0,203.97052268212664
evt_inv_007715_0,cust_b2b_001,inv_007715,2026-05-07T04:06:40.561637+00:00,8334741,SEND_REMINDER,0.8500000000000001,0,6.314012943979953,0.05309734513274336,0.5138468626729906,0.0,1.0,0.35323338129212417,0.935535236290399,36.0,190.05542785843474
evt_inv_001898_1,cust_b2b_023,inv_001898,2026-05-07T04:19:29.245525+00:00,3249528,OFFER_PAYMENT_PLAN,0.8500000000000001,1,24.703135204765523,0.41735537190082644,1.1085100723405232,1.0,1.0,0.3538143872535655,0.9353156576110463,33.0,190.47324402732815
evt_inv_006218_0,cust_b2b_035,inv_006218,2026-05-07T05:22:18.229197+00:00,5513901,OFFER_PAYMENT_PLAN,0.05,0,7.405273211960288,0.36,0.10566005730827549,0.0,1.0,0.3566611755563123,0.9342338068442981,36.0,204.03484756333395
evt_inv_004750_0,cust_b2b_038,inv_004750,2026-05-07T05:38:19.228228+00:00,5251205,SEND_REMINDER,0.8500000000000001,0,7.915028327199546,0.28205128205128205,0.5440467300250375,0.0,1.0,0.35738650903638797,0.9339565745572884,40.0,200.23697585288707
evt_inv_001157_0,cust_b2b_010,inv_001157,2026-05-07T05:46:04.995473+00:00,4073068,SEND_REMINDER,0.8500000000000001,0,7.7979890238466965,0.1394422310756972,0.9896167771119118,0.0,1.0,0.35773797879252134,0.9338220058070176,52.0,196.91387257158067
evt_inv_006079_1,cust_b2b_028,inv_006079,2026-05-07T06:02:25.875434+00:00,6157256,OFFER_PAYMENT_PLAN,0.8500000000000001,0,21.1983054589814,0.3416666666666667,0.4932071199469082,1.0,1.0,0.35847798881252146,0.9335381789390993,32.0,187.04949880730373
evt_inv_006999_1,cust_b2b_021,inv_006999,2026-05-07T06:07:47.545516+00:00,12165529,OFFER_PAYMENT_PLAN,0.8500000000000001,0,16.46445785723292,0.3346153846153846,0.8185320768305216,1.0,1.0,0.35872061892048046,0.9334449729691127,36.0,199.260946244988
evt_inv_008442_0,cust_b2b_012,inv_008442,2026-05-07T06:16:55.732683+00:00,3113135,SEND_REMINDER,0.8500000000000001,0,4.195032619453864,0.4820717131474104,-0.47207363450512485,0.0,1.0,0.3591340510487853,0.9332859869178839,44.0,200.2161060452273
evt_inv_006374_0,cust_b2b_015,inv_006374,2026-05-07T06:17:15.613574+00:00,11577472,SEND_REMINDER,0.8500000000000001,0,3.988903553393631,0.14919354838709678,0.5082772893110803,0.0,1.0,0.35914904350733334,0.9332802175915696,37.0,198.38898738143726
evt_inv_005674_1,cust_b2b_000,inv_005674,2026-05-07T06:42:08.106094+00:00,6147243,OFFER_PAYMENT_PLAN,0.8500000000000001,1,17.34124515334586,0.3442622950819672,0.6356153684575981,1.0,1.0,0.36027428813476237,0.9328464167852017,45.0,196.92739744116125
evt_inv_007438_0,cust_b2b_008,inv_007438,2026-05-07T06:44:54.870260+00:00,8565266,SEND_REMINDER,0.8500000000000001,1,6.408871623868054,0.251063829787234,0.15343352543983468,0.0,1.0,0.3603999852174333,0.9327978616266623,36.0,189.44992162175967
evt_inv_007653_1,cust_b2b_019,inv_007653,2026-05-07T06:49:18.282800+00:00,3464630,OFFER_PAYMENT_PLAN,0.8500000000000001,0,16.986135230739166,0.3474903474903475,0.04263113566005744,1.0,1.0,0.36059851686321803,0.9327211317623545,45.0,199.22247218014755
evt_inv_006690_0,cust_b2b_019,inv_006690,2026-05-07T07:37:26.270752+00:00,3581724,SEND_REMINDER,0.8500000000000001,1,7.201152691702165,0.34615384615384615,0.1285640322302763,0.0,1.0,0.36277409390125354,0.9318771146423355,46.0,199.25589796662985
evt_inv_006267_0,cust_b2b_003,inv_006267,2026-05-07T07:48:36.747960+00:00,5279628,SEND_REMINDER,0.8500000000000001,0,6.45308424398541,0.1593625498007968,0.25469091508271363,0.0,1.0,0.36327889519673756,0.9316804410873064,33.0,192.25374193505886
evt_inv_008076_0,cust_b2b_014,inv_008076,2026-05-07T07:54:20.324916+00:00,15932917,SEND_REMINDER,0.8500000000000001,0,4.287411023024153,0.2548076923076923,1.2579323357074408,0.0,1.0,0.3635375324689312,0.9315795524196528,28.0,203.56830448922207
evt_inv_005467_0,cust_b2b_006,inv_005467,2026-05-07T07:59:28.442198+00:00,5948165,OFFER_PAYMENT_PLAN,0.05,0,2.094963964746858,0.30078125,0.1783461792485165,0.0,1.0,0.36376945263880406,0.9314890151402028,44.0,200.46144413818675
evt_inv_001674_1,cust_b2b_023,inv_001674,2026-05-07T08:12:28.004428+00:00,2164594,OFFER_PAYMENT_PLAN,0.8500000000000001,0,22.34296713675085,0.41975308641975306,-0.09627922251076894,1.0,1.0,0.36435612914189125,0.9312596905035337,33.0,190.6350352183422
evt_inv_000201_0,cust_b2b_031,inv_000201,2026-05-07T08:21:49.268436+00:00,12004800,SEND_REMINDER,0.8500000000000001,1,1.323552503930899,0.29411764705882354,-0.32074132853369347,0.0,1.0,0.36477843107338986,0.9310943540928793,41.0,198.68712895870593
evt_inv_005556_1,cust_b2b_019,inv_005556,2026-05-07T08:29:31.946337+00:00,4182661,OFFER_PAYMENT_PLAN,0.8500000000000001,0,18.68158540449855,0.3486590038314176,0.5695815261748233,1.0,1.0,0.36512649919542034,0.9309579150451951,47.0,199.2920747673842
evt_inv_002627_0,cust_b2b_034,inv_002627,2026-05-07T09:04:29.118753+00:00,6454127,SEND_REMINDER,0.8500000000000001,0,4.256095710646588,0.48372093023255813,0.6023343297313914,0.0,1.0,0.36670354116205084,0.9303378487943034,40.0,187.30146908997835
evt_inv_007724_0,cust_b2b_022,inv_007724,2026-05-07T09:04:53.701726+00:00,2491018,SEND_REMINDER,0.8500000000000001,0,7.085484336077127,0.20512820512820512,0.8051945798702975,0.0,1.0,0.3667220209507213,0.9303305645574689,43.0,193.92837356394045
evt_inv_004052_0,cust_b2b_006,inv_004052,2026-05-07T09:20:56.433751+00:00,5216709,SEND_REMINDER,0.8500000000000001,1,5.025419812823127,0.29961089494163423,-0.15101481315699408,0.0,1.0,0.36744562283602245,0.9300450065769116,45.0,200.51801811449005
evt_inv_004653_0,cust_b2b_037,inv_004653,2026-05-07T09:20:57.967019+00:00,3148337,SEND_REMINDER,0.8500000000000001,0,4.041897756105944,0.27848101265822783,0.21692938083570118,0.0,1.0,0.3674467750832359,0.9300445513419934,29.0,197.6032289220782
evt_inv_001368_0,cust_b2b_019,inv_001368,2026-05-07T09:26:25.845170+00:00,3714664,SEND_REMINDER,0.8500000000000001,1,9.350560039234905,0.3473282442748092,0.22612676579266258,0.0,1.0,0.3676931616986781,0.9299471699188239,48.0,199.3315874853641
evt_inv_001268_0,cust_b2b_027,inv_001268,2026-05-07T09:35:30.522684+00:00,1665758,SEND_REMINDER,0.8500000000000001,0,8.649457046305027,0.16,-1.002842614881255,0.0,1.0,0.3681024068448902,0.9297852537414212,33.0,190.4814368526421
evt_inv_007584_0,cust_b2b_015,inv_007584,2026-05-07T09:38:18.889138+00:00,10233784,SEND_REMINDER,0.8500000000000001,0,6.095822197931333,0.14859437751004015,0.15913496691463844,0.0,1.0,0.3682288950817017,0.9297351670378555,38.0,198.5286086263944
evt_inv_003039_1,cust_b2b_025,inv_003039,2026-05-07T09:48:54.953951+00:00,6791845,OFFER_PAYMENT_PLAN,0.8500000000000001,0,19.38507806238595,0.20454545454545456,-0.8257178101840352,1.0,1.0,0.3687066883455991,0.9295457912169907,49.0,198.5274770668468
evt_inv_006674_1,cust_b2b_032,inv_006674,2026-05-07T10:03:41.149648+00:00,6866894,OFFER_PAYMENT_PLAN,0.8500000000000001,0,19.650594888548092,0.10543130990415335,0.1142011873329164,1.0,1.0,0.369372210204497,0.9292815344816903,39.0,205.35416269818788
evt_inv_006735_0,cust_b2b_039,inv_006735,2026-05-07T10:13:01.914459+00:00,9976785,SEND_REMINDER,0.8500000000000001,0,1.8726197175665587,0.4223300970873786,-0.20750243321328912,0.0,1.0,0.3697932397292431,0.9291140725715817,36.0,190.32151471454713
evt_inv_006725_0,cust_b2b_001,inv_006725,2026-05-07T10:16:59.127018+00:00,6054381,SEND_REMINDER,0.8500000000000001,0,7.2422616431169935,0.05286343612334802,-0.31073281784032186,0.0,1.0,0.3699713191621959,0.9290431760673906,37.0,190.31258717997162
evt_inv_006922_1,cust_b2b_027,inv_006922,2026-05-07T10:44:29.283170+00:00,2678210,OFFER_PAYMENT_PLAN,0.8500000000000001,0,24.221513757856393,0.1593625498007968,-0.09286607593214134,1.0,1.0,0.37120974245405775,0.9285490439967036,34.0,190.52933917307647
evt_inv_000860_0,cust_b2b_034,inv_000860,2026-05-07T10:55:28.478698+00:00,7009970,SEND_REMINDER,0.8500000000000001,0,6.048686119640878,0.48148148148148145,0.8695135636794737,0.0,1.0,0.3717042767944901,0.9283511892665863,41.0,187.37854501526726
evt_inv_008865_0,cust_b2b_037,inv_008865,2026-05-07T10:56:40.299302+00:00,2557577,SEND_REMINDER,0.8500000000000001,0,3.453023107538014,0.2773109243697479,-0.29288022238211364,0.0,1.0,0.3717581508810719,0.9283296167059878,30.0,197.6696911012714
evt_inv_005121_0,cust_b2b_008,inv_005121,2026-05-07T10:59:49.702125+00:00,8841146,SEND_REMINDER,0.8500000000000001,0,9.058225652180127,0.2542372881355932,0.2388981751996991,0.0,1.0,0.3719002197620701,0.9282727112982068,37.0,189.62694513870898
evt_inv_000300_0,cust_b2b_013,inv_000300,2026-05-07T11:06:22.392748+00:00,3050961,SEND_REMINDER,0.8500000000000001,0,9.478934667984404,0.1925925925925926,0.6593391432325608,0.0,1.0,0.37219474473118375,0.9281546595231255,37.0,201.1600825629555
evt_inv_006954_0,cust_b2b_019,inv_006954,2026-05-07T11:46:49.287929+00:00,3559780,SEND_REMINDER,0.8500000000000001,1,9.955659088033924,0.34980988593155893,0.11245962851422597,0.0,1.0,0.3740141268238304,0.9274230064734257,49.0,199.42908103581
evt_inv_005313_1,cust_b2b_010,inv_005313,2026-05-07T11:59:03.423843+00:00,2508699,OFFER_PAYMENT_PLAN,0.8500000000000001,0,22.07889560544799,0.1388888888888889,-0.3506625197944416,1.0,1.0,0.3745642069767165,0.9272009786728568,52.0,197.1728821591887
evt_inv_006103_1,cust_b2b_022,inv_006103,2026-05-07T12:03:39.783999+00:00,1150094,OFFER_PAYMENT_PLAN,0.8500000000000001,0,16.0157713739076,0.20425531914893616,-0.9740030019352289,1.0,1.0,0.37477124653584204,0.9271173133805511,44.0,194.05251803469392
evt_inv_004580_0,cust_b2b_008,inv_004580,2026-05-07T12:03:57.705611+00:00,5739173,SEND_REMINDER,0.8500000000000001,1,4.530389709279833,0.25316455696202533,-0.7220618826191055,0.0,1.0,0.3747846721483123,0.9271118861942619,38.0,189.67148221609364
evt_inv_007531_0,cust_b2b_030,inv_007531,2026-05-07T12:13:28.295469+00:00,2075373,SEND_REMINDER,0.8500000000000001,1,1.9783158526290197,0.30223880597014924,-0.31371351954616444,0.0,1.0,0.37521207687905206,0.9269389933345713,46.0,205.35612433969686
evt_inv_004118_0,cust_b2b_033,inv_004118,2026-05-07T12:43:22.170623+00:00,5048758,SEND_REMINDER,0.8500000000000001,0,3.7784844156815325,0.14457831325301204,0.39427857334177807,0.0,1.0,0.3765552729248026,0.9263941528488441,40.0,186.6784907526929
evt_inv_003855_1,cust_b2b_036,inv_003855,2026-05-07T13:00:42.024008+00:00,3790820,SEND_REMINDER,0.05,1,19.122762809189847,0.27626459143968873,0.03369487188925999,1.0,1.0,0.37733351966728346,0.9260774346324933,34.0,201.99601239134677
evt_inv_005925_0,cust_b2b_000,inv_005925,2026-05-07T13:03:21.710520+00:00,3950867,SEND_REMINDER,0.8500000000000001,1,4.689040058775653,0.3469387755102041,-0.484722891088988,0.0,1.0,0.37745300861499287,0.9260287394500725,45.0,197.19213823312577
evt_inv_001345_0,cust_b2b_017,inv_001345,2026-05-07T13:09:55.223205+00:00,6819485,SEND_REMINDER,0.8500000000000001,0,6.2813842998615526,0.28688524590163933,0.11304098465412313,0.0,1.0,0.3777474363156622,0.9259086749550113,30.0,202.06381839291646
evt_inv_001225_0,cust_b2b_026,inv_001225,2026-05-07T13:30:48.156085+00:00,6709883,OFFER_PAYMENT_PLAN,0.05,0,3.2777795894078876,0.28294573643410853,1.0167243996319888,0.0,1.0,0.37868463097113564,0.9255257696392115,38.0,189.69960933228467
evt_inv_005683_1,cust_b2b_027,inv_005683,2026-05-07T13:46:15.249990+00:00,2449129,OFFER_PAYMENT_PLAN,0.8500000000000001,1,18.345600175707126,0.15873015873015872,-0.298760707151247,1.0,1.0,0.37937784805239855,0.9252418323914733,35.0,190.65556564090093
evt_inv_004944_0,cust_b2b_016,inv_004944,2026-05-07T14:16:12.071495+00:00,10645771,SEND_REMINDER,0.8500000000000001,0,4.615591827865979,0.23255813953488372,0.1781490473303406,0.0,1.0,0.380720781129495,0.924690049052193,25.0,193.28284933372856
evt_inv_002579_0,cust_b2b_018,inv_002579,2026-05-07T14:20:11.316136+00:00,1968614,SEND_REMINDER,0.8500000000000001,0,6.154579056487124,0.6190476190476191,-0.08201772509553915,0.0,1.0,0.3808995305872693,0.9246164326889275,37.0,191.02267491406906
evt_inv_006933_0,cust_b2b_036,inv_006933,2026-05-07T14:27:45.646071+00:00,4117392,SEND_REMINDER,0.8500000000000001,0,1.257922535018945,0.27906976744186046,0.2519676258468623,0.0,1.0,0.38123893987761875,0.9244765387617954,35.0,202.05647098004349
evt_inv_006636_1,cust_b2b_020,inv_006636,2026-05-07T14:35:03.647083+00:00,5189070,OFFER_PAYMENT_PLAN,0.8500000000000001,0,24.394604459921084,0.34782608695652173,-0.0804790366422987,1.0,1.0,0.3815661019281734,0.9243415547617335,34.0,188.8001049099477
evt_inv_004854_1,cust_b2b_027,inv_004854,2026-05-07T14:43:25.619659+00:00,2069616,OFFER_PAYMENT_PLAN,0.8500000000000001,1,20.852245280788196,0.16205533596837945,-0.6398613581529906,1.0,1.0,0.3819409883530766,0.9241867135032158,36.0,190.6952689935473
evt_inv_000771_1,cust_b2b_017,inv_000771,2026-05-07T14:44:03.407754+00:00,4027240,OFFER_PAYMENT_PLAN,0.8500000000000001,0,17.81847877795612,0.2857142857142857,-0.9568714715088203,1.0,1.0,0.38196920696212167,0.9241750510226555,31.0,202.12919089926876
evt_inv_002291_1,cust_b2b_039,inv_002291,2026-05-07T14:45:36.102412+00:00,13120378,WRITE_OFF,0.05,0,18.643615858647983,0.42028985507246375,0.5148424133921099,1.0,1.0,0.38203842604443666,0.9241464391672402,37.0,190.5107992973302
evt_inv_007933_0,cust_b2b_000,inv_007933,2026-05-07T15:09:21.818580+00:00,4539251,SEND_REMINDER,0.8500000000000001,0,2.570074227026456,0.34959349593495936,-0.18459695604935358,0.0,1.0,0.38310279932535757,0.923705713498122,46.0,197.27963948382504
evt_inv_003123_0,cust_b2b_015,inv_003123,2026-05-07T15:29:40.019489+00:00,10396989,SEND_REMINDER,0.8500000000000001,0,6.698420902609327,0.148,0.20154196990162263,0.0,1.0,0.38401184862426885,0.923328164910056,39.0,198.77260319063262
evt_inv_001848_1,cust_b2b_002,inv_001848,2026-05-07T15:30:43.014611+00:00,4455422,OFFER_PAYMENT_PLAN,0.8500000000000001,0,20.752770569666584,0.14767932489451477,0.4297611336898234,1.0,1.0,0.3840588469113453,0.9233086169364649,40.0,200.22192589935722
evt_inv_002040_0,cust_b2b_012,inv_002040,2026-05-07T15:48:36.737104+00:00,3379575,SEND_REMINDER,0.8500000000000001,0,4.237375715738468,0.4801587301587302,-0.29851200026069225,0.0,1.0,0.384859757673984,0.9229750630017706,44.0,200.61310841120726
evt_inv_006763_0,cust_b2b_014,inv_006763,2026-05-07T15:50:04.072806+00:00,8196488,SEND_REMINDER,0.8500000000000001,0,5.120685934002636,0.2535885167464115,-0.5667792687133115,0.0,1.0,0.38492489036335714,0.92294790144339,29.0,203.89867194165672
evt_inv_001698_1,cust_b2b_014,inv_001698,2026-05-07T15:53:19.401573+00:00,10273816,OFFER_PAYMENT_PLAN,0.8500000000000001,0,20.563450419004052,0.2523809523809524,-0.07682125335051618,1.0,1.0,0.3850705545255969,0.9228871372152444,30.0,203.9009326912715
evt_inv_000618_1,cust_b2b_012,inv_000618,2026-05-07T15:58:03.099746+00:00,3235789,OFFER_PAYMENT_PLAN,0.8500000000000001,0,18.534859268115422,0.4782608695652174,-0.3921755092320774,1.0,1.0,0.3852821020633556,0.9227988414761052,45.0,200.61966353438106
evt_inv_008485_1,cust_b2b_030,inv_008485,2026-05-07T15:58:15.769038+00:00,2118531,OFFER_PAYMENT_PLAN,0.8500000000000001,0,17.204625178243905,0.3048327137546468,-0.2682494576574506,1.0,1.0,0.3852915488053207,0.9227948972654743,44.0,205.51222935785106
evt_inv_004093_0,cust_b2b_039,inv_004093,2026-05-07T15:59:58.323410+00:00,15771820,SEND_REMINDER,0.8500000000000001,0,6.50544104132376,0.4182692307692308,1.1240991202326651,0.0,1.0,0.38536801605446225,0.9227629664232564,36.0,190.5624453736981
evt_inv_007203_1,cust_b2b_034,inv_007203,2026-05-07T16:08:06.199869+00:00,4468768,OFFER_PAYMENT_PLAN,0.8500000000000001,0,19.748718666246596,0.4792626728110599,-0.3519774859208129,1.0,1.0,0.3857317533835149,0.9226109767565521,42.0,187.59564826955625
evt_inv_007299_0,cust_b2b_010,inv_007299,2026-05-07T16:24:26.475484+00:00,2595441,SEND_REMINDER,0.8500000000000001,0,1.559726317082092,0.1383399209486166,-0.2763459713745003,0.0,1.0,0.38646241866432585,0.9223051550111381,53.0,197.3571767383709
evt_inv_006618_0,cust_b2b_024,inv_006618,2026-05-07T16:33:14.417679+00:00,3991729,SEND_REMINDER,0.8500000000000001,1,8.151819379981042,0.13688212927756654,-0.3055449472498315,0.0,1.0,0.3868558290279817,0.9221402103514806,37.0,195.90770426004187
evt_inv_007613_0,cust_b2b_019,inv_007613,2026-05-07T16:49:19.389976+00:00,2224505,OFFER_PAYMENT_PLAN,0.05,0,5.695090219807044,0.3522727272727273,-0.867475035744721,0.0,1.0,0.38757472217174543,0.921838290988986,48.0,199.63915166135234
evt_inv_002906_0,cust_b2b_033,inv_002906,2026-05-07T16:54:31.226001+00:00,4675480,SEND_REMINDER,0.8500000000000001,0,4.530403750404105,0.144,0.18029118662114665,0.0,1.0,0.3878069860301919,0.9217406042841871,41.0,186.8529011158554
evt_inv_007525_0,cust_b2b_010,inv_007525,2026-05-07T16:55:01.108376+00:00,3649406,SEND_REMINDER,0.8500000000000001,0,9.180933450439817,0.1377952755905512,0.6266426954215617,0.0,1.0,0.38782924193486135,0.921731240167236,54.0,197.37841091536575
evt_inv_005637_0,cust_b2b_033,inv_005637,2026-05-07T17:03:43.050959+00:00,4140930,SEND_REMINDER,0.8500000000000001,0,4.560274127909353,0.14342629482071714,-0.12614793591498483,0.0,1.0,0.38821793975606805,0.9215675945103289,42.0,186.85928797880464
evt_inv_002277_0,cust_b2b_012,inv_002277,2026-05-07T17:03:58.853396+00:00,4048084,ESCALATE_COLLECTIONS,0.05,1,3.0123445838374834,0.4763779527559055,0.13696111200423383,0.0,1.0,0.3882297069716454,0.921562637385387,44.0,200.6654477201458
evt_inv_003623_1,cust_b2b_022,inv_003623,2026-05-07T17:14:37.694090+00:00,1630959,WRITE_OFF,0.05,0,22.437493491106864,0.2033898305084746,-0.33597058605156255,1.0,1.0,0.3887053638757668,0.9213621112755873,44.0,194.26846606815306
evt_inv_000073_1,cust_b2b_007,inv_000073,2026-05-07T17:25:05.331411+00:00,3911270,OFFER_PAYMENT_PLAN,0.8500000000000001,0,17.610229777236484,0.29739776951672864,-0.21622422665985921,1.0,1.0,0.3891725783031022,0.9211648627129216,54.0,204.52706584665884
evt_inv_005624_0,cust_b2b_019,inv_005624,2026-05-07T17:28:30.669083+00:00,3568388,SEND_REMINDER,0.8500000000000001,0,7.950999324214498,0.35094339622641507,0.11877729563553775,0.0,1.0,0.3893254103356377,0.9211002794848058,48.0,199.6663655399019
evt_inv_005623_0,cust_b2b_022,inv_005623,2026-05-07T17:32:25.301695+00:00,1802757,WRITE_OFF,0.05,0,6.558906733584571,0.20253164556962025,-0.10802130676879161,0.0,1.0,0.3895000333587099,0.9210264513104734,44.0,194.28082263765785
evt_inv_007657_1,cust_b2b_019,inv_007657,2026-05-07T17:34:10.074734+00:00,3432488,OFFER_PAYMENT_PLAN,0.8500000000000001,0,23.64305797792696,0.34962406015037595,0.019042247809179104,1.0,1.0,0.3895780051452361,0.9209934733248973,49.0,199.67029384604925
evt_inv_001131_0,cust_b2b_026,inv_001131,2026-05-07T17:53:24.404223+00:00,3337360,OFFER_PAYMENT_PLAN,0.05,0,8.572629062474011,0.28185328185328185,-0.7508525751377696,0.0,1.0,0.3904368687804376,0.9206297037880797,37.0,189.88197331536216
evt_inv_008244_0,cust_b2b_029,inv_008244,2026-05-07T18:19:22.274098+00:00,5359826,SEND_REMINDER,0.8500000000000001,0,1.7595201695689726,0.22413793103448276,-0.10642920874290922,0.0,1.0,0.3915954426368029,0.9201374947832994,32.0,201.82855758290398
evt_inv_003435_0,cust_b2b_031,inv_003435,2026-05-07T18:23:52.383940+00:00,18008172,SEND_REMINDER,0.8500000000000001,0,7.461479231716586,0.29707112970711297,0.7690644367504418,0.0,1.0,0.3917962578355775,0.9200520052399417,42.0,199.10522057333
evt_inv_003839_1,cust_b2b_027,inv_003839,2026-05-07T18:52:04.027592+00:00,2457373,OFFER_PAYMENT_PLAN,0.8500000000000001,0,21.267205887261795,0.16535433070866143,-0.2913508923859684,1.0,1.0,0.39305349822956315,0.9195156048319696,37.0,190.86793575203728
evt_inv_004987_1,cust_b2b_004,inv_004987,2026-05-07T19:01:58.180609+00:00,4036855,OFFER_PAYMENT_PLAN,0.8500000000000001,1,24.100638694545914,0.15953307392996108,0.7169174774374302,1.0,1.0,0.3934949024133631,0.9193267981380168,39.0,202.10233869920512
evt_inv_003919_1,cust_b2b_012,inv_003919,2026-05-07T19:09:08.117617+00:00,4478707,OFFER_PAYMENT_PLAN,0.8500000000000001,0,22.05678490556526,0.47843137254901963,0.4174728870534252,1.0,1.0,0.3938142517860512,0.9191900429672815,44.0,200.75236050047178
evt_inv_003789_1,cust_b2b_011,inv_003789,2026-05-07T19:17:15.009942+00:00,1774821,OFFER_PAYMENT_PLAN,0.8500000000000001,1,16.052843163793668,0.3652173913043478,0.2139022566211073,1.0,1.0,0.39417584913908116,0.9190350373927451,31.0,200.60061419220642
evt_inv_003588_1,cust_b2b_030,inv_003588,2026-05-07T19:25:02.346140+00:00,3479366,ESCALATE_COLLECTIONS,0.05,1,21.195317980955096,0.3037037037037037,1.1653122218055851,1.0,1.0,0.39452286547921284,0.9188861238554378,44.0,205.65582400023868
evt_inv_003812_0,cust_b2b_005,inv_003812,2026-05-07T19:25:23.248348+00:00,10157904,SEND_REMINDER,0.8500000000000001,0,4.744117918961932,0.23694779116465864,0.7668427539320976,0.0,1.0,0.39453838491368515,0.9188794604460918,42.0,198.149054567451
evt_inv_000369_1,cust_b2b_025,inv_000369,2026-05-07T19:36:27.856250+00:00,8162938,OFFER_PAYMENT_PLAN,0.8500000000000001,0,19.027753796543422,0.20388349514563106,-0.48772478494617816,1.0,1.0,0.3950317831215732,0.9186674536108212,50.0,198.93549676937968
evt_inv_006696_0,cust_b2b_018,inv_006696,2026-05-07T19:42:57.818438+00:00,2024533,SEND_REMINDER,0.8500000000000001,1,6.5110020762734475,0.6161137440758294,-0.01333490663814762,0.0,1.0,0.39532123409592107,0.9185429341478154,38.0,191.2468242462679
evt_inv_008738_0,cust_b2b_005,inv_008738,2026-05-07T20:36:06.945227+00:00,6833771,SEND_REMINDER,0.8500000000000001,1,1.2992777085113794,0.236,-0.3022182968974387,0.0,1.0,0.3976869004377429,0.9175211873413174,43.0,198.1981714294815
evt_inv_002777_1,cust_b2b_003,inv_002777,2026-05-07T20:51:24.873883+00:00,4356324,OFFER_PAYMENT_PLAN,0.8500000000000001,1,18.072896285268143,0.15873015873015872,-0.22705092989073747,1.0,1.0,0.3983673231340054,0.9172259677195401,33.0,192.7973545036177
evt_inv_006255_0,cust_b2b_027,inv_006255,2026-05-07T20:53:25.126035+00:00,2411905,SEND_REMINDER,0.8500000000000001,0,5.60846789971971,0.16470588235294117,-0.3322168117140769,0.0,1.0,0.39845644487249493,0.9171872554389165,38.0,190.95220772475236
evt_inv_007730_0,cust_b2b_022,inv_007730,2026-05-07T21:14:57.684463+00:00,1544295,SEND_REMINDER,0.8500000000000001,0,8.46354211937052,0.20168067226890757,-0.45095972452040384,0.0,1.0,0.39941415304946415,0.9167706007196016,44.0,194.43536410487778
evt_inv_008445_1,cust_b2b_031,inv_008445,2026-05-07T21:32:20.612406+00:00,14313500,WRITE_OFF,0.05,0,16.340544789549305,0.29583333333333334,0.09836216724190026,1.0,1.0,0.4001865824831192,0.9164336851079197,43.0,199.2361028472501
evt_inv_002891_0,cust_b2b_005,inv_002891,2026-05-07T21:33:55.647624+00:00,9657560,SEND_REMINDER,0.8500000000000001,0,6.82598572562618,0.23904382470119523,0.6059290998179268,0.0,1.0,0.4002569548168632,0.9164029518289056,44.0,198.2383184479705
evt_inv_003139_0,cust_b2b_019,inv_003139,2026-05-07T21:51:44.180590+00:00,2994436,SEND_REMINDER,0.8500000000000001,0,6.203638108554075,0.34831460674157305,-0.30243586699205244,0.0,1.0,0.40104802692382235,0.9160570288472815,50.0,199.84916081197528
evt_inv_007869_1,cust_b2b_038,inv_007869,2026-05-07T21:54:00.153032+00:00,4130391,OFFER_PAYMENT_PLAN,0.8500000000000001,0,23.868985700168594,0.28085106382978725,-0.10567268476649379,1.0,1.0,0.40114867062029363,0.9160129606395159,41.0,200.9145328529246
evt_inv_000363_1,cust_b2b_017,inv_000363,2026-05-07T22:17:39.874272+00:00,4326512,OFFER_PAYMENT_PLAN,0.8500000000000001,1,16.091314700662,0.2845528455284553,-0.8421985263116054,1.0,1.0,0.40219922639889794,0.9155521734364067,31.0,202.44419629878243
evt_inv_000327_1,cust_b2b_004,inv_000327,2026-05-07T22:17:55.197511+00:00,3204686,OFFER_PAYMENT_PLAN,0.8500000000000001,1,24.418637101550807,0.16279069767441862,0.05377291324344452,1.0,1.0,0.40221056230115027,0.9155471935260314,40.0,202.2384152837203
evt_inv_006214_0,cust_b2b_013,inv_006214,2026-05-07T22:29:38.648551+00:00,1987374,SEND_REMINDER,0.8500000000000001,0,3.179105453654545,0.1918819188191882,-0.4420290940210304,0.0,1.0,0.40273089842595733,0.9153184273535747,38.0,201.63457626436966
evt_inv_004945_1,cust_b2b_017,inv_004945,2026-05-07T22:46:12.395525+00:00,7954057,OFFER_PAYMENT_PLAN,0.8500000000000001,0,20.154547005269983,0.2874493927125506,0.5477781068454622,1.0,1.0,0.40346574194857754,0.9149947513914404,32.0,202.46401714661792
evt_inv_000052_1,cust_b2b_007,inv_000052,2026-05-07T23:07:44.813447+00:00,5395489,OFFER_PAYMENT_PLAN,0.8500000000000001,1,18.291704065146497,0.2962962962962963,0.6504054876444468,1.0,1.0,0.4044210536728581,0.9145729119901459,54.0,204.7650228146673
evt_inv_000555_0,cust_b2b_001,inv_000555,2026-05-07T23:11:07.854308+00:00,5676082,SEND_REMINDER,0.8500000000000001,0,8.556378168805505,0.05263157894736842,-0.4475258724622858,0.0,1.0,0.4045710945661132,0.9145065496985667,35.0,190.85018819027536
evt_inv_005471_0,cust_b2b_016,inv_005471,2026-05-07T23:17:22.602030+00:00,9600392,SEND_REMINDER,0.8500000000000001,0,3.086617451074821,0.23166023166023167,-0.08483617799088784,0.0,1.0,0.40484799289966544,0.9143840017438584,25.0,193.65866565936722
evt_inv_008143_1,cust_b2b_029,inv_008143,2026-05-07T23:18:18.360202+00:00,5023616,OFFER_PAYMENT_PLAN,0.8500000000000001,0,18.34426280448751,0.22317596566523606,-0.2565724506107983,1.0,1.0,0.4048891890303329,0.9143657608453848,33.0,202.03615117206877
evt_inv_003468_0,cust_b2b_016,inv_003468,2026-05-07T23:45:24.283954+00:00,13392565,SEND_REMINDER,0.8500000000000001,1,8.85485481400351,0.23076923076923078,0.8691580217858418,0.0,1.0,0.4060901178785601,0.9138330351663685,26.0,193.67812957052516
evt_inv_007317_0,cust_b2b_009,inv_007317,2026-05-07T23:54:23.465968+00:00,5099471,SEND_REMINDER,0.8500000000000001,0,6.394712613607278,0.15613382899628253,-0.32669004735914603,0.0,1.0,0.4064882102085514,0.9136560266103696,40.0,195.89656287791232
evt_inv_003935_0,cust_b2b_036,inv_003935,2026-05-08T00:12:04.938374+00:00,4650823,ESCALATE_COLLECTIONS,0.05,0,4.5356865717621435,0.277992277992278,0.6085006904991769,0.0,1.0,0.40727169780591543,0.9133070481312882,36.0,202.4622498261432
evt_inv_000848_0,cust_b2b_013,inv_000848,2026-05-08T00:19:24.059645+00:00,2367490,SEND_REMINDER,0.8500000000000001,0,1.258001664862967,0.19117647058823528,-0.04841077949362003,0.0,1.0,0.4075957317682779,0.9131624824992988,39.0,201.7107963001807
evt_inv_008010_0,cust_b2b_001,inv_008010,2026-05-08T00:34:44.101789+00:00,6439451,SEND_REMINDER,0.8500000000000001,0,6.512431122957099,0.05240174672489083,-0.1714912680802846,0.0,1.0,0.4082744777891999,0.9128592173966127,36.0,190.90824661019428
evt_inv_001974_1,cust_b2b_033,inv_001974,2026-05-08T00:36:43.703618+00:00,3881564,SEND_REMINDER,0.05,0,21.49397928663241,0.14285714285714285,-0.27483319788335814,1.0,1.0,0.40836269551493765,0.9128197570779099,41.0,187.17387886606116
evt_inv_000411_0,cust_b2b_002,inv_000411,2026-05-08T00:49:09.745968+00:00,3881432,SEND_REMINDER,0.8500000000000001,0,2.398336578277654,0.14705882352941177,0.052320796526233206,0.0,1.0,0.40891288658656066,0.9125734223521123,39.0,200.60973529005608
evt_inv_007120_1,cust_b2b_020,inv_007120,2026-05-08T00:51:38.163029+00:00,3284933,OFFER_PAYMENT_PLAN,0.8500000000000001,0,23.914468986247286,0.3464566929133858,-0.9683260815427999,1.0,1.0,0.4090223234382584,0.9125243771698205,35.0,189.2282821778474
evt_inv_007819_0,cust_b2b_004,inv_007819,2026-05-08T01:01:09.235055+00:00,3087567,WRITE_OFF,0.05,0,9.06554197484552,0.16602316602316602,-0.03955800221378719,0.0,1.0,0.4094433544129971,0.9123355410850948,41.0,202.35177219974298
evt_inv_004658_0,cust_b2b_010,inv_004658,2026-05-08T01:07:49.941203+00:00,3122600,OFFER_PAYMENT_PLAN,0.05,0,6.757457603884373,0.13725490196078433,0.1753000701015557,0.0,1.0,0.4097387286781303,0.9122029238175186,54.0,197.7206427767868
evt_inv_006151_1,cust_b2b_013,inv_006151,2026-05-08T01:09:40.304087+00:00,2469661,OFFER_PAYMENT_PLAN,0.8500000000000001,1,20.06357538237327,0.19047619047619047,0.05738959938046512,1.0,1.0,0.4098200734072224,0.9121663814417296,40.0,201.7457065367796
evt_inv_002558_1,cust_b2b_022,inv_002558,2026-05-08T01:33:06.637145+00:00,2028315,OFFER_PAYMENT_PLAN,0.8500000000000001,0,23.07521161432164,0.200836820083682,0.1912594634394036,1.0,1.0,0.41085634810382476,0.9117000939030273,44.0,194.61463439055456
evt_inv_004348_1,cust_b2b_001,inv_004348,2026-05-08T01:48:27.424020+00:00,7513889,OFFER_PAYMENT_PLAN,0.8500000000000001,0,20.77629560815634,0.05217391304347826,0.21702611704012265,1.0,1.0,0.4115345545023229,0.9113941575688176,37.0,190.95944246935224
evt_inv_000223_0,cust_b2b_014,inv_000223,2026-05-08T02:02:54.359249+00:00,15564509,OFFER_PAYMENT_PLAN,0.05,0,7.393095669702849,0.25118483412322273,1.171039745139467,0.0,1.0,0.41217288821511094,0.9111056526113828,28.0,204.3242539606725
evt_inv_008494_0,cust_b2b_004,inv_008494,2026-05-08T02:16:24.230324+00:00,2477303,SEND_REMINDER,0.8500000000000001,0,1.9624887907249833,0.16538461538461538,-0.525869297995681,0.0,1.0,0.4127690222609988,0.9108357339617825,40.0,202.40402908943307
evt_inv_001824_0,cust_b2b_032,inv_001824,2026-05-08T02:18:42.091254+00:00,6151644,SEND_REMINDER,0.8500000000000001,0,6.952194327873264,0.10509554140127389,-0.15809179727879516,0.0,1.0,0.41287048204124854,0.9107897479984209,38.0,206.03125692974422
evt_inv_003954_0,cust_b2b_029,inv_003954,2026-05-08T02:24:26.783981+00:00,5844955,SEND_REMINDER,0.8500000000000001,0,8.175942461299202,0.2222222222222222,0.11021777638421318,0.0,1.0,0.41312413880505783,0.9106747201589486,34.0,202.16541533618235
evt_inv_007413_0,cust_b2b_034,inv_007413,2026-05-08T03:14:11.712084+00:00,3927538,SEND_REMINDER,0.8500000000000001,1,9.020452593953301,0.47706422018348627,-0.6121329225835783,0.0,1.0,0.41531938228314663,0.909675662365409,42.0,188.05821206834617
evt_inv_001559_0,cust_b2b_028,inv_001559,2026-05-08T03:31:43.366347+00:00,3745328,SEND_REMINDER,0.8500000000000001,1,5.0850915245309265,0.34024896265560167,-0.679295774248106,0.0,1.0,0.41609223879924556,0.9093224119150652,31.0,187.94484013731622
evt_inv_007279_0,cust_b2b_006,inv_007279,2026-05-08T03:34:23.825233+00:00,4967319,SEND_REMINDER,0.8500000000000001,0,3.171221530571492,0.3023255813953488,-0.26331024934903824,0.0,1.0,0.416210132987956,0.9092684560668252,42.0,201.2773629233038
evt_inv_008312_0,cust_b2b_022,inv_008312,2026-05-08T03:40:10.168391+00:00,1696355,SEND_REMINDER,0.8500000000000001,0,2.6705766498937304,0.2,-0.24919977182117609,0.0,1.0,0.4164645783454144,0.9091519427376131,45.0,194.70286970590053
evt_inv_002292_0,cust_b2b_002,inv_002292,2026-05-08T04:09:02.938453+00:00,3906074,SEND_REMINDER,0.8500000000000001,0,4.647713575292386,0.14644351464435146,0.06852473345672545,0.0,1.0,0.4177370894711851,0.9085679523734826,40.0,200.74854538826187
evt_inv_005951_1,cust_b2b_031,inv_005951,2026-05-08T04:15:05.191425+00:00,15858730,OFFER_PAYMENT_PLAN,0.8500000000000001,1,17.56079991788902,0.2946058091286307,0.378871291191686,1.0,1.0,0.418003017281159,0.9084456381885748,42.0,199.51578547477968
evt_inv_000887_0,cust_b2b_036,inv_000887,2026-05-08T05:10:10.273817+00:00,3968846,SEND_REMINDER,0.8500000000000001,0,6.589720395855686,0.27692307692307694,0.15268302253201235,0.0,1.0,0.420427602307547,0.9073260886902388,36.0,202.66925602339583
evt_inv_000718_0,cust_b2b_003,inv_000718,2026-05-08T05:23:45.475124+00:00,4199314,SEND_REMINDER,0.8500000000000001,1,2.3860311194507715,0.16205533596837945,-0.3089721609146136,0.0,1.0,0.42102516787879946,0.907048955686863,34.0,193.15314849945943
evt_inv_000062_0,cust_b2b_011,inv_000062,2026-05-08T05:25:20.518373+00:00,2005161,SEND_REMINDER,0.8500000000000001,1,8.586890555174278,0.36796536796536794,0.5661185568842046,0.0,1.0,0.42109482537808846,0.9070166194948124,32.0,201.0229001694197
evt_inv_008004_0,cust_b2b_036,inv_008004,2026-05-08T05:25:43.864708+00:00,5070909,WRITE_OFF,0.05,0,8.341681054570834,0.27586206896551724,0.8892764339815233,0.0,1.0,0.4211119356012599,0.9070086756443735,37.0,202.6800614735314
evt_inv_007369_0,cust_b2b_035,inv_007369,2026-05-08T05:27:52.800630+00:00,3984463,SEND_REMINDER,0.8500000000000001,1,9.338869256448458,0.35856573705179284,-0.6170944116211766,0.0,1.0,0.42120642834977445,0.9069647979479833,34.0,205.03871991787705
evt_inv_007663_0,cust_b2b_035,inv_007663,2026-05-08T05:41:13.482306+00:00,5578472,SEND_REMINDER,0.8500000000000001,0,9.311824643106103,0.3611111111111111,0.1361735938901766,0.0,1.0,0.4217931183116227,0.9066921006300637,35.0,205.04798706690357
evt_inv_002550_0,cust_b2b_003,inv_002550,2026-05-08T05:45:15.105697+00:00,6196653,WRITE_OFF,0.05,0,3.7624326691323597,0.16535433070866143,0.7331563446704333,0.0,1.0,0.4219701303070289,0.9066097336388294,35.0,193.16807477923726
evt_inv_001687_0,cust_b2b_016,inv_001687,2026-05-08T06:18:11.190077+00:00,9263386,OFFER_PAYMENT_PLAN,0.05,0,3.7269875900030134,0.23371647509578544,-0.1696165499594059,0.0,1.0,0.42341719479779216,0.9059348095473363,26.0,193.95089468768674
evt_inv_003506_0,cust_b2b_020,inv_003506,2026-05-08T06:30:22.461224+00:00,5631800,SEND_REMINDER,0.8500000000000001,0,1.4810881840174708,0.34509803921568627,0.12595367856126788,0.0,1.0,0.42395242301782315,0.9056844610665001,36.0,189.4635171106646
evt_inv_003458_1,cust_b2b_035,inv_003458,2026-05-08T06:38:03.859322+00:00,5881585,OFFER_PAYMENT_PLAN,0.8500000000000001,0,17.766382785739047,0.35968379446640314,0.27941340509475204,1.0,1.0,0.42429005099328454,0.9055263401072969,36.0,205.08745902310923
evt_inv_008132_0,cust_b2b_023,inv_008132,2026-05-08T06:42:34.523156+00:00,1736925,SEND_REMINDER,0.8500000000000001,0,1.2960702187988222,0.4180327868852459,-0.5711927736674418,0.0,1.0,0.42448808176433755,0.9054335251359058,34.0,191.57261066658347
evt_inv_006383_0,cust_b2b_010,inv_006383,2026-05-08T06:46:36.808067+00:00,3694615,SEND_REMINDER,0.8500000000000001,0,9.728156580511,0.13671875,0.6653756817453438,0.0,1.0,0.42466533191824446,0.905350405018282,55.0,197.95590743956214
evt_inv_002822_0,cust_b2b_003,inv_002822,2026-05-08T06:47:40.831596+00:00,5260961,SEND_REMINDER,0.8500000000000001,0,7.971331121366401,0.16470588235294117,0.24495140994500642,0.0,1.0,0.42471216736378287,0.9053284348197388,35.0,193.21142808825843
evt_inv_000899_0,cust_b2b_002,inv_000899,2026-05-08T07:11:14.264860+00:00,4343470,OFFER_PAYMENT_PLAN,0.05,1,6.456408988224716,0.14583333333333334,0.3561444763397127,0.0,1.0,0.4257458533584341,0.9048427865370308,41.0,200.8750653698321
evt_inv_003417_1,cust_b2b_035,inv_003417,2026-05-08T07:12:17.012586+00:00,4576233,OFFER_PAYMENT_PLAN,0.8500000000000001,0,18.658607314509435,0.35826771653543305,-0.33744610028492344,1.0,1.0,0.4257917297820497,0.9048211993809661,37.0,205.11122237107702
evt_inv_002224_1,cust_b2b_000,inv_002224,2026-05-08T07:38:27.631661+00:00,3087039,OFFER_PAYMENT_PLAN,0.8500000000000001,1,17.732903265310576,0.3481781376518219,-0.925348078883251,1.0,1.0,0.4269396915705624,0.9042801002795722,44.0,197.96651232040676
evt_inv_002439_0,cust_b2b_008,inv_002439,2026-05-08T07:39:22.427957+00:00,6744221,SEND_REMINDER,0.8500000000000001,0,7.069978682430311,0.25630252100840334,-0.4107079827865865,0.0,1.0,0.4269797296517385,0.9042611959309812,37.0,190.48774057658548
evt_inv_002681_0,cust_b2b_033,inv_002681,2026-05-08T07:49:36.499675+00:00,4093393,SEND_REMINDER,0.8500000000000001,0,7.051633403907416,0.1422924901185771,-0.15339888985009212,0.0,1.0,0.4274283569644348,0.9040492241369845,40.0,187.47448993153088
evt_inv_004546_0,cust_b2b_022,inv_004546,2026-05-08T08:03:00.909200+00:00,1862241,SEND_REMINDER,0.8500000000000001,0,3.6264391189083955,0.1991701244813278,-0.029094674451450545,0.0,1.0,0.4280158816680235,0.9037712127745299,45.0,194.88540142822535
evt_inv_004113_0,cust_b2b_023,inv_004113,2026-05-08T08:09:22.762934+00:00,1767401,SEND_REMINDER,0.8500000000000001,1,4.934726930655923,0.4163265306122449,-0.537350296254755,0.0,1.0,0.428294716756122,0.9036391069441346,35.0,191.63289121956268
evt_inv_004983_0,cust_b2b_033,inv_004983,2026-05-08T08:17:58.586794+00:00,3088860,SEND_REMINDER,0.8500000000000001,0,7.873721974513063,0.14173228346456693,-0.7292629219062474,0.0,1.0,0.4286713140104085,0.9034605163174481,41.0,187.4941900139235
evt_inv_007687_0,cust_b2b_005,inv_007687,2026-05-08T08:20:21.910196+00:00,5004684,SEND_REMINDER,0.8500000000000001,1,6.10659109904929,0.23809523809523808,-0.8904635744131482,0.0,1.0,0.42877593961206534,0.9034108664443828,42.0,198.68723352402432
evt_inv_000423_1,cust_b2b_017,inv_000423,2026-05-08T08:21:20.268672+00:00,4802195,OFFER_PAYMENT_PLAN,0.8500000000000001,0,23.18246891466128,0.2862903225806452,-0.659929575217092,1.0,1.0,0.4288185394562993,0.9033906465193041,31.0,202.86341382655584
evt_inv_001298_0,cust_b2b_003,inv_001298,2026-05-08T08:24:09.953080+00:00,6411010,SEND_REMINDER,0.8500000000000001,0,9.726031487561073,0.1640625,0.8449990505511618,0.0,1.0,0.4289423982966171,0.9033318432024559,35.0,193.278431809136
evt_inv_002617_0,cust_b2b_005,inv_002617,2026-05-08T08:27:55.148087+00:00,8063628,SEND_REMINDER,0.8500000000000001,0,5.030134391896496,0.24110671936758893,0.09331086853434223,0.0,1.0,0.42910676389621066,0.9032537767308375,43.0,198.6924793329523
evt_inv_003512_0,cust_b2b_026,inv_003512,2026-05-08T08:29:33.995420+00:00,5663562,SEND_REMINDER,0.8500000000000001,0,4.335773775411154,0.28076923076923077,0.46833616568356295,0.0,1.0,0.42917890621849203,0.903219500706832,34.0,190.49041765791765
evt_inv_007697_0,cust_b2b_034,inv_007697,2026-05-08T08:35:43.349997+00:00,4304726,SEND_REMINDER,0.8500000000000001,0,6.665140822466679,0.4794520547945205,-0.43082800631064405,0.0,1.0,0.4294484501796343,0.9030913733605864,42.0,188.28149491456563
evt_inv_008317_0,cust_b2b_015,inv_008317,2026-05-08T08:38:44.388891+00:00,10962289,SEND_REMINDER,0.8500000000000001,0,6.119561240989331,0.14741035856573706,0.3484288539969801,0.0,1.0,0.4295805529996814,0.9030285424528329,38.0,199.48723709574816
evt_inv_006041_1,cust_b2b_032,inv_006041,2026-05-08T08:41:34.369521+00:00,6782650,OFFER_PAYMENT_PLAN,0.8500000000000001,0,23.890205244298294,0.10476190476190476,0.08212986259235996,1.0,1.0,0.4297045783148392,0.9029695318089455,37.0,206.29713978005313
evt_inv_008268_0,cust_b2b_018,inv_008268,2026-05-08T08:41:45.179864+00:00,1831899,OFFER_PAYMENT_PLAN,0.05,1,5.435966064486654,0.6179245283018868,-0.24994063619436058,0.0,1.0,0.4297124657409635,0.9029657783032651,35.0,191.7876501886974
evt_inv_000716_0,cust_b2b_020,inv_000716,2026-05-08T08:42:52.335227+00:00,4565133,SEND_REMINDER,0.8500000000000001,1,3.7566237026283646,0.34375,-0.3714039656177883,0.0,1.0,0.42976146279847394,0.9029424594586943,37.0,189.55552954125025
evt_inv_005224_1,cust_b2b_025,inv_005224,2026-05-08T08:45:31.901678+00:00,10753044,OFFER_PAYMENT_PLAN,0.8500000000000001,0,21.14297937377544,0.2032258064516129,0.15077172206029751,1.0,1.0,0.4298778786044741,0.9028870413770025,51.0,199.48346025812737
evt_inv_007810_0,cust_b2b_007,inv_007810,2026-05-08T09:17:39.357905+00:00,4134861,ESCALATE_COLLECTIONS,0.05,0,9.42118461188656,0.2988929889298893,-0.08567033864749922,0.0,1.0,0.4312835387675864,0.9022164425392101,55.0,205.18857078292694
evt_inv_007562_1,cust_b2b_009,inv_007562,2026-05-08T10:13:28.235675+00:00,4845972,OFFER_PAYMENT_PLAN,0.8500000000000001,0,19.70262935469378,0.15555555555555556,-0.4347270219040333,1.0,1.0,0.433723327066792,0.9010461006841507,41.0,196.3264791939683
evt_inv_001652_0,cust_b2b_035,inv_001652,2026-05-08T10:24:15.777883+00:00,6237139,SEND_REMINDER,0.8500000000000001,0,7.313706999489638,0.3568627450980392,0.44743504098385223,0.0,1.0,0.43419472100783263,0.9008190407895086,38.0,205.24454141386582
evt_inv_001273_0,cust_b2b_008,inv_001273,2026-05-08T10:42:00.242419+00:00,8202063,SEND_REMINDER,0.8500000000000001,0,2.302703927516777,0.25523012552301255,0.04091665356456656,0.0,1.0,0.43496936522708257,0.9004452517027056,37.0,190.61456713285887
evt_inv_008546_0,cust_b2b_014,inv_008546,2026-05-08T10:50:35.896815+00:00,9287380,SEND_REMINDER,0.8500000000000001,0,8.077308125289818,0.25,-0.30948173571700893,0.0,1.0,0.4353445074371951,0.9002639389891534,28.0,204.6907069417571
evt_inv_004886_1,cust_b2b_016,inv_004886,2026-05-08T11:56:36.182695+00:00,11553604,OFFER_PAYMENT_PLAN,0.8500000000000001,0,20.76561918588992,0.23282442748091603,0.4065318732904331,1.0,1.0,0.43822311932551544,0.8988662290288889,26.0,194.18590617632276
evt_inv_005964_0,cust_b2b_001,inv_005964,2026-05-08T12:28:35.858418+00:00,10934926,SEND_REMINDER,0.8500000000000001,0,4.92069560369209,0.05194805194805195,1.4540750257444723,0.0,1.0,0.4396168605162272,0.8981854017683966,35.0,191.4039845341399
evt_inv_006770_0,cust_b2b_032,inv_006770,2026-05-08T12:51:16.634928+00:00,5506125,SEND_REMINDER,0.8500000000000001,0,3.589011285346248,0.10443037974683544,-0.40383827432110625,0.0,1.0,0.44060418395510464,0.8977014832789664,38.0,206.470545629673
evt_inv_001669_0,cust_b2b_024,inv_001669,2026-05-08T12:59:32.943136+00:00,6042032,OFFER_PAYMENT_PLAN,0.05,0,9.765356185332129,0.14015151515151514,0.8216106987669033,0.0,1.0,0.4409641522590849,0.897524716329543,36.0,196.75930756394064
evt_inv_002952_1,cust_b2b_030,inv_002952,2026-05-08T13:03:09.628587+00:00,2195703,OFFER_PAYMENT_PLAN,0.8500000000000001,0,24.369163353122417,0.3062730627306273,-0.18695344660270155,1.0,1.0,0.44112129021704477,0.8974474955768998,40.0,206.39063051004666
evt_inv_006903_0,cust_b2b_013,inv_006903,2026-05-08T13:03:29.918847+00:00,3084061,SEND_REMINDER,0.8500000000000001,1,2.771972795762597,0.19343065693430658,0.6936151500367146,0.0,1.0,0.44113600380247586,0.8974402632761592,41.0,202.2414196705757
evt_inv_006158_0,cust_b2b_037,inv_006158,2026-05-08T13:06:48.124268+00:00,4217184,ESCALATE_COLLECTIONS,0.05,1,7.796371154060715,0.27615062761506276,1.1393148622440716,0.0,1.0,0.4412797272408533,0.8973696018510089,28.0,198.76005944578733
evt_inv_001932_0,cust_b2b_037,inv_001932,2026-05-08T13:22:17.583358+00:00,2927303,SEND_REMINDER,0.8500000000000001,1,3.23114311056365,0.2791666666666667,0.026182471435006214,0.0,1.0,0.4419535489602519,0.897037937080388,28.0,198.77081707414473
evt_inv_002910_0,cust_b2b_007,inv_002910,2026-05-08T13:22:33.976120+00:00,4730872,SEND_REMINDER,0.8500000000000001,0,5.956829602549726,0.2977941176470588,0.262338389750914,0.0,1.0,0.44196543083943113,0.8970320830064642,53.0,205.3586473826347
evt_inv_006045_0,cust_b2b_013,inv_006045,2026-05-08T13:26:42.054361+00:00,2186100,SEND_REMINDER,0.8500000000000001,0,7.699268647101592,0.19636363636363635,-0.23624342233916468,0.0,1.0,0.44214523461931554,0.8969434717435824,42.0,202.2575323501363
evt_inv_005998_0,cust_b2b_006,inv_005998,2026-05-08T13:44:35.691585+00:00,7646758,SEND_REMINDER,0.8500000000000001,0,7.966991656975207,0.30115830115830117,0.9431904372277634,0.0,1.0,0.4429231875557217,0.8965595629546756,43.0,201.70111137645577
evt_inv_006237_0,cust_b2b_022,inv_006237,2026-05-08T14:06:14.194537+00:00,2243212,SEND_REMINDER,0.8500000000000001,0,9.200150026582195,0.19834710743801653,0.4763954203110622,0.0,1.0,0.4438636318029236,0.8960943456817025,46.0,195.13763852703042
evt_inv_001455_1,cust_b2b_022,inv_001455,2026-05-08T14:06:36.953911+00:00,2140920,SEND_REMINDER,0.05,0,20.572318604315647,0.19753086419753085,0.34066896411240655,1.0,1.0,0.4438801109868176,0.8960861828364114,47.0,195.13790194571843
evt_inv_007070_1,cust_b2b_002,inv_007070,2026-05-08T14:21:33.399688+00:00,4450208,OFFER_PAYMENT_PLAN,0.8500000000000001,0,22.522412309507175,0.14937759336099585,0.42633232689866934,1.0,1.0,0.44452907327983826,0.8957644238352895,38.0,201.17389794885662
evt_inv_005962_1,cust_b2b_005,inv_005962,2026-05-08T14:26:02.570630+00:00,7056676,OFFER_PAYMENT_PLAN,0.8500000000000001,0,16.767793720731802,0.24015748031496062,-0.23053092917507406,1.0,1.0,0.44472388817516345,0.8956677192387614,44.0,198.94117635313148
evt_inv_007147_0,cust_b2b_025,inv_007147,2026-05-08T14:31:22.851312+00:00,10486806,SEND_REMINDER,0.8500000000000001,0,8.449790229880913,0.20257234726688103,0.08514030083176437,0.0,1.0,0.44495566679593984,0.8955525973309332,52.0,199.7236332863074
evt_inv_001108_0,cust_b2b_039,inv_001108,2026-05-08T14:59:04.931402+00:00,14909375,ESCALATE_COLLECTIONS,0.05,0,7.909176854257874,0.41626794258373206,0.9259238965348888,0.0,1.0,0.4461579910574763,0.8949542150387119,35.0,191.520160743976
evt_inv_002640_0,cust_b2b_028,inv_002640,2026-05-08T15:01:27.512102+00:00,4707441,SEND_REMINDER,0.8500000000000001,0,7.296202277130297,0.34297520661157027,-0.21158675777091523,0.0,1.0,0.44626109439064937,0.8949028079256763,30.0,188.4238233057773
evt_inv_002652_0,cust_b2b_001,inv_002652,2026-05-08T15:10:29.956933+00:00,6225549,SEND_REMINDER,0.8500000000000001,0,2.7102768695092947,0.05172413793103448,-0.24883811215512197,0.0,1.0,0.4466532943856144,0.8947071222553655,36.0,191.51641622991906
evt_inv_000896_0,cust_b2b_032,inv_000896,2026-05-08T15:12:40.943866+00:00,6005252,SEND_REMINDER,0.8500000000000001,0,9.382183433413802,0.10410094637223975,-0.2138228234279603,0.0,1.0,0.44674798806863586,0.8946598432681697,39.0,206.56874364978762
evt_inv_003775_1,cust_b2b_016,inv_003775,2026-05-08T15:15:18.413191+00:00,8946559,ESCALATE_COLLECTIONS,0.05,0,20.567261547046517,0.23193916349809887,-0.24932053910782176,1.0,1.0,0.4468618199017034,0.8946029923458436,26.0,194.32389495521093
evt_inv_001995_0,cust_b2b_035,inv_001995,2026-05-08T15:18:07.070086+00:00,3838382,SEND_REMINDER,0.8500000000000001,1,8.87176506043418,0.35546875,-0.6861266414085984,0.0,1.0,0.44698373100991406,0.8945420863282268,38.0,205.4486072958392
evt_inv_000334_0,cust_b2b_033,inv_000334,2026-05-08T15:18:38.473068+00:00,5989449,SEND_REMINDER,0.8500000000000001,0,3.691535235165652,0.1411764705882353,0.9335443986745499,0.0,1.0,0.4470064292679786,0.89453074412962,40.0,187.78631832727805
evt_inv_004366_0,cust_b2b_003,inv_004366,2026-05-08T15:27:40.594164+00:00,3746131,SEND_REMINDER,0.8500000000000001,0,9.988468793416956,0.16342412451361868,-0.5454239673174767,0.0,1.0,0.4473982321685693,0.8943348488415505,35.0,193.5725364513169
evt_inv_004229_1,cust_b2b_030,inv_004229,2026-05-08T15:33:49.011530+00:00,2876803,OFFER_PAYMENT_PLAN,0.8500000000000001,0,23.215021813265857,0.30514705882352944,0.5305465693699711,1.0,1.0,0.4476644465529415,0.8942016234007008,41.0,206.49525299781055
evt_inv_006984_0,cust_b2b_033,inv_006984,2026-05-08T15:36:17.880987+00:00,3907720,SEND_REMINDER,0.8500000000000001,0,5.757655854783505,0.140625,-0.2598386932514472,0.0,1.0,0.44777200675177387,0.8941477674129089,41.0,187.7985799930134
evt_inv_005290_0,cust_b2b_015,inv_005290,2026-05-08T15:37:12.133594+00:00,9212958,WRITE_OFF,0.05,0,6.234294390452682,0.14682539682539683,-0.10611545379719105,0.0,1.0,0.44781120338396285,0.8941281374186851,38.0,199.777835992773
evt_inv_005328_0,cust_b2b_004,inv_005328,2026-05-08T15:39:47.308149+00:00,3054062,SEND_REMINDER,0.8500000000000001,1,5.069623712851215,0.16475095785440613,-0.0662578665867596,0.0,1.0,0.44792330974407496,0.8940719817709945,39.0,202.96193508278057
evt_inv_005232_1,cust_b2b_030,inv_005232,2026-05-08T16:00:18.896000+00:00,2392873,OFFER_PAYMENT_PLAN,0.8500000000000001,1,19.5127525356174,0.304029304029304,0.020754244805218206,1.0,1.0,0.4488128244875184,0.8936257877744666,42.0,206.51365443842974
evt_inv_000184_1,cust_b2b_007,inv_000184,2026-05-08T16:04:04.926775+00:00,3436778,OFFER_PAYMENT_PLAN,0.8500000000000001,0,22.116671034606757,0.2967032967032967,-0.49327802606177196,1.0,1.0,0.4489760270458201,0.8935438025850501,53.0,205.4708111633655
evt_inv_000193_1,cust_b2b_012,inv_000193,2026-05-08T16:14:03.347600+00:00,4304886,OFFER_PAYMENT_PLAN,0.8500000000000001,0,23.394534476204875,0.4765625,0.304244205080314,1.0,1.0,0.4494080366314466,0.893326601311675,40.0,201.63077751416358
evt_inv_005434_1,cust_b2b_006,inv_005434,2026-05-08T16:30:24.732624+00:00,5213790,OFFER_PAYMENT_PLAN,0.8500000000000001,0,17.982969514156654,0.3,-0.1523290260284026,1.0,1.0,0.45011628670690196,0.8929699482296087,44.0,201.81626231440973
evt_inv_000558_0,cust_b2b_025,inv_000558,2026-05-08T16:45:12.210727+00:00,8439057,SEND_REMINDER,0.8500000000000001,1,3.4140764484577613,0.20192307692307693,-0.419657522370635,0.0,1.0,0.4507565219399713,0.8926469391246352,53.0,199.81656568694106
evt_inv_007625_1,cust_b2b_019,inv_007625,2026-05-08T16:49:50.841906+00:00,3254424,OFFER_PAYMENT_PLAN,0.8500000000000001,0,20.42244210649968,0.34701492537313433,-0.11163556536004264,1.0,1.0,0.4509574813546927,0.8925454330230097,44.0,200.63951568831826
evt_inv_003341_0,cust_b2b_020,inv_003341,2026-05-08T17:03:58.969586+00:00,6001311,SEND_REMINDER,0.8500000000000001,0,4.7363744602987845,0.3463035019455253,0.2982467603803397,0.0,1.0,0.45156904260284386,0.8922361793621412,37.0,189.90352299448077
evt_inv_002985_0,cust_b2b_031,inv_002985,2026-05-08T17:04:40.440187+00:00,11715484,SEND_REMINDER,0.8500000000000001,0,8.686335416037,0.2975206611570248,-0.37326155567619873,0.0,1.0,0.4515989404617813,0.8922210471479568,42.0,200.0502212243372
evt_inv_001014_1,cust_b2b_011,inv_001014,2026-05-08T17:09:26.612575+00:00,1463557,OFFER_PAYMENT_PLAN,0.8500000000000001,1,22.757176648116875,0.3706896551724138,-0.2620559505597767,1.0,1.0,0.4518052400631395,0.8921165983499516,33.0,201.51185959305144
evt_inv_004719_0,cust_b2b_001,inv_004719,2026-05-08T17:17:58.247610+00:00,5115580,SEND_REMINDER,0.8500000000000001,0,9.528641057325878,0.05150214592274678,-0.6502035337967922,0.0,1.0,0.45217401384146944,0.8919297400616792,37.0,191.60493811274736
evt_inv_004042_0,cust_b2b_011,inv_004042,2026-05-08T17:19:53.893242+00:00,1188813,SEND_REMINDER,0.8500000000000001,0,5.764497829899969,0.37339055793991416,-0.6821706993169597,0.0,1.0,0.4522573576244772,0.891887483079859,34.0,201.51911978595777
evt_inv_003904_0,cust_b2b_038,inv_003904,2026-05-08T17:28:42.217366+00:00,3818976,SEND_REMINDER,0.8500000000000001,1,8.139864658922836,0.2796610169491525,-0.28619510181332003,0.0,1.0,0.4526380613312438,0.8916943340821972,40.0,201.73029748642693
evt_inv_002696_0,cust_b2b_022,inv_002696,2026-05-08T17:38:14.381123+00:00,1586706,OFFER_PAYMENT_PLAN,0.05,0,3.022856679032528,0.19672131147540983,-0.39468653837360534,0.0,1.0,0.4530502622819737,0.8914849745487777,48.0,195.2848629088212
evt_inv_007795_0,cust_b2b_013,inv_007795,2026-05-08T18:00:38.553411+00:00,1772043,SEND_REMINDER,0.8500000000000001,0,2.4546659528123413,0.1956521739130435,-0.665009259006117,0.0,1.0,0.454018256185914,0.8909923810279758,40.0,202.44776960766285
evt_inv_000868_0,cust_b2b_025,inv_000868,2026-05-08T18:03:41.807358+00:00,9544673,SEND_REMINDER,0.8500000000000001,0,2.8458308653827675,0.20447284345047922,-0.147108244986416,0.0,1.0,0.45415018345015123,0.8909251432484067,54.0,199.87107490720155
evt_inv_006738_0,cust_b2b_038,inv_006738,2026-05-08T18:21:57.351177+00:00,4536882,SEND_REMINDER,0.8500000000000001,0,8.267715382574512,0.28270042194092826,0.12996430061827738,0.0,1.0,0.45493867406955213,0.8905227694089791,41.0,201.76727820183032
evt_inv_006154_0,cust_b2b_027,inv_006154,2026-05-08T18:21:58.570185+00:00,1800806,SEND_REMINDER,0.8500000000000001,0,7.626977860931419,0.1640625,-0.8814634711068138,0.0,1.0,0.45493955122214497,0.890522321300142,38.0,191.84703925427257
evt_inv_004533_0,cust_b2b_005,inv_004533,2026-05-08T18:36:34.388979+00:00,9500985,SEND_REMINDER,0.8500000000000001,0,9.179932568461394,0.23921568627450981,0.5555736299844184,0.0,1.0,0.4555696434712505,0.8902001460050867,45.0,199.1151557321655
evt_inv_006117_0,cust_b2b_036,inv_006117,2026-05-08T18:51:44.969210+00:00,2934905,WRITE_OFF,0.05,0,3.246307652639453,0.2748091603053435,-0.5383787467669406,0.0,1.0,0.4562245022956953,0.8898647107875697,31.0,203.23979647934289
evt_inv_005535_1,cust_b2b_001,inv_005535,2026-05-08T18:54:20.579489+00:00,8975355,OFFER_PAYMENT_PLAN,0.8500000000000001,0,18.882709911290593,0.05128205128205128,0.7454929678389032,1.0,1.0,0.45633638729944875,0.8898073396114956,38.0,191.6718632502365
evt_inv_001073_0,cust_b2b_032,inv_001073,2026-05-08T18:58:52.878438+00:00,9381547,SEND_REMINDER,0.8500000000000001,0,7.22881542741489,0.10377358490566038,1.0715203863942357,0.0,1.0,0.45653215500880107,0.8897069132264962,37.0,206.7258262258575
evt_inv_007760_0,cust_b2b_020,inv_007760,2026-05-08T19:24:24.482641+00:00,5428457,WRITE_OFF,0.05,0,6.208809202665091,0.3449612403100775,0.031140574682402274,0.0,1.0,0.457632880700188,0.8891412410309442,37.0,190.00104050669435
evt_inv_007975_0,cust_b2b_033,inv_007975,2026-05-08T19:24:55.920827+00:00,4513498,SEND_REMINDER,0.8500000000000001,0,7.322837805372847,0.14007782101167315,0.08743275091732425,0.0,1.0,0.45765546720390304,0.8891296156007723,41.0,187.95735360227522
evt_inv_000940_0,cust_b2b_007,inv_000940,2026-05-08T19:26:07.270727+00:00,3923039,ESCALATE_COLLECTIONS,0.05,0,2.6813171540071132,0.2956204379562044,-0.2093524520591708,0.0,1.0,0.45770672685126607,0.8891032292119405,54.0,205.6111160702178
evt_inv_007417_1,cust_b2b_021,inv_007417,2026-05-08T19:44:43.253115+00:00,13017761,OFFER_PAYMENT_PLAN,0.8500000000000001,0,20.75606511395114,0.3333333333333333,1.0510052264942054,1.0,1.0,0.4585082799033702,0.8886901356828784,33.0,200.8282576755347
evt_inv_008286_0,cust_b2b_027,inv_008286,2026-05-08T19:53:16.081550+00:00,2638342,ESCALATE_COLLECTIONS,0.05,0,8.903737525821146,0.16342412451361868,-0.12869919045502773,0.0,1.0,0.4588764933412205,0.8885000640736413,39.0,191.9104363765457
evt_inv_002661_0,cust_b2b_007,inv_002661,2026-05-08T19:55:46.684962+00:00,3475833,SEND_REMINDER,0.8500000000000001,0,8.214444240645577,0.29454545454545455,-0.47047451878063906,0.0,1.0,0.458984612396734,0.8884442163597104,54.0,205.63171114238455
evt_inv_005412_0,cust_b2b_037,inv_005412,2026-05-08T20:13:11.432487+00:00,3645406,SEND_REMINDER,0.8500000000000001,0,7.780239416721751,0.2821576763485477,0.6458858844588585,0.0,1.0,0.4597344554430171,0.8880564342869841,28.0,199.05616255017267
evt_inv_000156_0,cust_b2b_016,inv_000156,2026-05-08T20:17:19.234347+00:00,12193242,SEND_REMINDER,0.8500000000000001,0,8.516178539962318,0.23106060606060605,0.5674450678655568,0.0,1.0,0.45991226136891433,0.887964364061155,26.0,194.53362668154742
evt_inv_006458_1,cust_b2b_034,inv_006458,2026-05-08T20:18:07.787235+00:00,6494264,WRITE_OFF,0.05,0,16.69497874721488,0.4772727272727273,0.6216268623857235,1.0,1.0,0.45994709749166623,0.8879463201731238,42.0,188.76927775296318
evt_inv_002111_0,cust_b2b_002,inv_002111,2026-05-08T20:30:34.254599+00:00,4045215,SEND_REMINDER,0.8500000000000001,0,3.132907895207519,0.1487603305785124,0.16002050821364047,0.0,1.0,0.46048258984986584,0.887668735759664,37.0,201.43015784365568
evt_inv_000801_1,cust_b2b_015,inv_000801,2026-05-08T20:31:44.472104+00:00,8086622,OFFER_PAYMENT_PLAN,0.8500000000000001,1,17.45282116112596,0.14624505928853754,-0.39878134659289877,1.0,1.0,0.46053295307593267,0.8876426077713715,38.0,199.98237694775082
evt_inv_001872_1,cust_b2b_000,inv_001872,2026-05-08T20:42:56.008304+00:00,4695181,OFFER_PAYMENT_PLAN,0.8500000000000001,0,17.639959384770364,0.35080645161290325,-0.10505948808703508,1.0,1.0,0.46101453483473104,0.8873925843002727,42.0,198.51128519822268
evt_inv_006611_1,cust_b2b_033,inv_006611,2026-05-08T20:44:12.233049+00:00,4659094,OFFER_PAYMENT_PLAN,0.8500000000000001,0,23.20514233183843,0.13953488372093023,0.17089781836556547,1.0,1.0,0.461069189651308,0.8873641881179825,42.0,188.01240351224695
evt_inv_006068_0,cust_b2b_014,inv_006068,2026-05-08T20:55:10.679066+00:00,8498343,ESCALATE_COLLECTIONS,0.05,0,9.03454491026653,0.24882629107981222,-0.4955838548989267,0.0,1.0,0.46154123707865474,0.8871187555654007,28.0,205.11055395854555
evt_inv_000679_0,cust_b2b_029,inv_000679,2026-05-08T21:01:42.828498+00:00,5131348,SEND_REMINDER,0.8500000000000001,0,3.658252945704623,0.22127659574468084,-0.20846217921968002,0.0,1.0,0.4618223113943771,0.8869724644532968,33.0,202.94129548105715
evt_inv_003064_0,cust_b2b_030,inv_003064,2026-05-08T21:27:06.547839+00:00,2615410,SEND_REMINDER,0.8500000000000001,1,2.974197957549335,0.30656934306569344,0.2551842664664775,0.0,1.0,0.4629140015634517,0.8864031967206079,42.0,206.74059485323627
evt_inv_000116_0,cust_b2b_022,inv_000116,2026-05-08T21:35:38.308152+00:00,1831572,SEND_REMINDER,0.8500000000000001,0,3.2342419224254226,0.19591836734693877,-0.06978772620503214,0.0,1.0,0.463280502108614,0.8862116995199232,48.0,195.44972317535812
evt_inv_002422_1,cust_b2b_005,inv_002422,2026-05-08T21:45:15.057369+00:00,8797177,WRITE_OFF,0.05,1,18.809138681534236,0.23828125,0.32922471696802075,1.0,1.0,0.46369344993865624,0.8859957022943096,46.0,199.24618198668145
evt_inv_002255_1,cust_b2b_033,inv_002255,2026-05-08T21:47:28.810648+00:00,5381227,OFFER_PAYMENT_PLAN,0.8500000000000001,0,20.214867205330872,0.138996138996139,0.5848717872595162,1.0,1.0,0.463789201835754,0.8859455831260485,43.0,188.05634538261265
evt_inv_002167_1,cust_b2b_008,inv_002167,2026-05-08T21:47:32.259339+00:00,9219056,OFFER_PAYMENT_PLAN,0.8500000000000001,0,19.29522551681437,0.25416666666666665,0.3559709775855463,1.0,1.0,0.4637916706279339,0.8859442907181863,36.0,191.07674325461213
evt_inv_004074_0,cust_b2b_033,inv_004074,2026-05-08T22:26:03.158290+00:00,4768399,SEND_REMINDER,0.8500000000000001,0,9.595228502966828,0.13846153846153847,0.2335588299549721,0.0,1.0,0.46544514861638603,0.8850767275380538,44.0,188.08313181364952
evt_inv_008792_0,cust_b2b_003,inv_008792,2026-05-08T22:41:03.093572+00:00,4397541,SEND_REMINDER,0.8500000000000001,0,4.671462035231271,0.16279069767441862,-0.2055456720852607,0.0,1.0,0.46608862517758826,0.8847380366413923,35.0,193.87349130557163
evt_inv_003480_0,cust_b2b_013,inv_003480,2026-05-08T22:44:04.611358+00:00,1729436,SEND_REMINDER,0.8500000000000001,0,1.4387229077750332,0.19494584837545126,-0.7091297725429407,0.0,1.0,0.46621838514294145,0.8846696656688913,40.0,202.64459898204686
evt_inv_001685_0,cust_b2b_029,inv_001685,2026-05-08T22:45:50.213767+00:00,5233012,SEND_REMINDER,0.8500000000000001,1,6.684084507581932,0.22033898305084745,-0.1630610808604915,0.0,1.0,0.4662938715603925,0.8846298804275267,34.0,203.01360318092975
evt_inv_001672_1,cust_b2b_012,inv_001672,2026-05-08T22:51:11.698883+00:00,4377788,OFFER_PAYMENT_PLAN,0.8500000000000001,1,18.121273106139427,0.47470817120622566,0.35173341784313683,1.0,1.0,0.4665236537440921,0.8845087226801455,40.0,201.90656861697846
evt_inv_004767_1,cust_b2b_014,inv_004767,2026-05-08T23:27:52.740996+00:00,9840471,OFFER_PAYMENT_PLAN,0.8500000000000001,1,22.68467018697408,0.24766355140186916,-0.17902982643619642,1.0,1.0,0.46809600697727916,0.883677615565726,28.0,205.2165963419956
evt_inv_000191_1,cust_b2b_024,inv_000191,2026-05-08T23:42:47.725009+00:00,3876297,OFFER_PAYMENT_PLAN,0.8500000000000001,0,22.06050635549093,0.13962264150943396,-0.36900343670462193,1.0,1.0,0.4687349314447366,0.8833388727116553,35.0,197.20600642821933
evt_inv_008305_0,cust_b2b_014,inv_008305,2026-05-08T23:58:25.584075+00:00,10799272,SEND_REMINDER,0.8500000000000001,0,6.335077570898929,0.25116279069767444,0.04711265324770075,0.0,1.0,0.46940420115321907,0.8829834063784597,29.0,205.23780980355787
evt_inv_007026_1,cust_b2b_016,inv_007026,2026-05-09T00:02:04.233093+00:00,8901378,OFFER_PAYMENT_PLAN,0.8500000000000001,1,18.669422316319586,0.23018867924528302,-0.2606868459423199,1.0,1.0,0.46956019350049855,0.8829004613657048,27.0,194.68970305592947
evt_inv_005019_1,cust_b2b_021,inv_005019,2026-05-09T00:07:04.137463+00:00,9696455,OFFER_PAYMENT_PLAN,0.8500000000000001,0,16.585225446381752,0.3320610687022901,0.14501417681738085,1.0,1.0,0.4697741325997298,0.8827866471238515,34.0,201.01044383696842
evt_inv_006120_0,cust_b2b_019,inv_006120,2026-05-09T00:10:12.920251+00:00,3294256,SEND_REMINDER,0.8500000000000001,0,8.170654060052343,0.34572490706319703,-0.08240368295220492,0.0,1.0,0.46990878811277453,0.8827149771327003,45.0,200.94532678027986
evt_inv_003526_0,cust_b2b_002,inv_003526,2026-05-09T00:18:48.679420+00:00,3179147,SEND_REMINDER,0.8500000000000001,0,2.0252707364696083,0.14814814814814814,-0.40948206603745263,0.0,1.0,0.4702766144983814,0.8825190682676158,38.0,201.58865813094226
evt_inv_004369_0,cust_b2b_015,inv_004369,2026-05-09T00:21:57.651647+00:00,10149222,WRITE_OFF,0.05,0,3.5628259029133003,0.14960629921259844,0.1371622991994902,0.0,1.0,0.47041136426590324,0.8824472496243001,39.0,200.1422517109887
evt_inv_003020_0,cust_b2b_038,inv_003020,2026-05-09T00:30:44.439945+00:00,3475263,WRITE_OFF,0.05,0,9.805424285624822,0.2815126050420168,-0.48544075335482284,0.0,1.0,0.4707869414491359,0.8822469358184067,41.0,202.02337876626916
evt_inv_007187_0,cust_b2b_025,inv_007187,2026-05-09T00:38:02.375704+00:00,6692241,SEND_REMINDER,0.8500000000000001,1,5.427148955243534,0.20382165605095542,-0.8502716330675609,0.0,1.0,0.4710991057021015,0.8820802869391653,55.0,200.14492407787642
evt_inv_008569_0,cust_b2b_031,inv_008569,2026-05-09T00:46:28.951668+00:00,14282469,SEND_REMINDER,0.8500000000000001,0,9.003892697293468,0.2962962962962963,0.09272906802898975,0.0,1.0,0.4714601236777936,0.8818873804413575,41.0,200.37092158869908
evt_inv_008829_0,cust_b2b_012,inv_008829,2026-05-09T00:46:52.043836+00:00,4054994,SEND_REMINDER,0.8500000000000001,0,9.744084429341765,0.47674418604651164,0.14146247741599696,0.0,1.0,0.4714765787310604,0.8818785833140831,41.0,201.98689668356656
evt_inv_006160_0,cust_b2b_035,inv_006160,2026-05-09T00:55:26.691501+00:00,5056394,SEND_REMINDER,0.8500000000000001,0,1.3053779850917429,0.35797665369649806,-0.11054062552934621,0.0,1.0,0.47184326456023745,0.8816824449251203,37.0,205.84952883999563
evt_inv_008591_0,cust_b2b_038,inv_008591,2026-05-09T01:02:13.597869+00:00,5677929,SEND_REMINDER,0.8500000000000001,0,9.766906222602076,0.2803347280334728,0.7914127063357541,0.0,1.0,0.4721331270905902,0.8815272601024092,41.0,202.04524402002372
evt_inv_001143_0,cust_b2b_027,inv_001143,2026-05-09T01:06:53.407752+00:00,2579905,SEND_REMINDER,0.8500000000000001,0,8.744058798073775,0.16279069767441862,-0.1812209462845,0.0,1.0,0.4723324219577148,0.8814204916880247,39.0,192.1282295038849
evt_inv_000795_0,cust_b2b_022,inv_000795,2026-05-09T01:50:53.932222+00:00,1591209,SEND_REMINDER,0.8500000000000001,1,4.97458568753923,0.1951219512195122,-0.3887117322931151,0.0,1.0,0.47421194770973524,0.8804107158873858,49.0,195.6269873428348
evt_inv_007871_0,cust_b2b_026,inv_007871,2026-05-09T01:57:02.887817+00:00,5514536,SEND_REMINDER,0.8500000000000001,0,9.97445702686325,0.2796934865900383,0.3902300371377775,0.0,1.0,0.4744743986661743,0.880269302549153,34.0,191.2178353939943
evt_inv_003959_0,cust_b2b_005,inv_003959,2026-05-09T02:10:33.171122+00:00,7595246,SEND_REMINDER,0.8500000000000001,0,2.8079786432454323,0.24124513618677043,-0.05732331252603174,0.0,1.0,0.4750506333492783,0.8799584625165268,46.0,199.43041941438287
evt_inv_006800_0,cust_b2b_030,inv_006800,2026-05-09T02:31:47.150498+00:00,2175539,SEND_REMINDER,0.8500000000000001,0,1.8112104394659871,0.3090909090909091,-0.20819489793142382,0.0,1.0,0.4759562145896437,0.8794689771637753,42.0,206.95217590253188
evt_inv_002947_1,cust_b2b_014,inv_002947,2026-05-09T02:33:14.920204+00:00,10043126,WRITE_OFF,0.05,0,17.78818822951108,0.25,-0.131231765833209,1.0,1.0,0.47601858526554713,0.8794352201735992,30.0,205.3453252680199
evt_inv_001493_0,cust_b2b_026,inv_001493,2026-05-09T02:36:59.930864+00:00,5232976,SEND_REMINDER,0.8500000000000001,1,1.9687954099308342,0.2786259541984733,0.2426608647786773,0.0,1.0,0.4761784708067909,0.8793486589175571,35.0,191.24557894778218
evt_inv_006564_0,cust_b2b_032,inv_006564,2026-05-09T02:37:30.830686+00:00,5278906,SEND_REMINDER,0.8500000000000001,0,5.169908922510742,0.10344827586206896,-0.4903399650106737,0.0,1.0,0.47620042602558266,0.8793367695331826,37.0,207.04432104354524
evt_inv_001025_0,cust_b2b_020,inv_001025,2026-05-09T03:06:49.222862+00:00,5432753,WRITE_OFF,0.05,0,9.726861111724556,0.3436293436293436,0.03314353376769801,0.0,1.0,0.477449325068918,0.8786592866357441,36.0,190.32216018517693
evt_inv_005940_1,cust_b2b_031,inv_005940,2026-05-09T03:14:30.825630+00:00,21234779,OFFER_PAYMENT_PLAN,0.8500000000000001,0,23.442169950160707,0.29508196721311475,1.3547977344439008,1.0,1.0,0.4777770190780444,0.8784811438163588,42.0,200.47372105585782
evt_inv_008409_0,cust_b2b_018,inv_008409,2026-05-09T03:15:51.480862+00:00,2023370,SEND_REMINDER,0.8500000000000001,1,7.144139931865107,0.6197183098591549,-0.01476341742709715,0.0,1.0,0.4778342697920508,0.8784500046173929,32.0,192.5613342280233
evt_inv_007624_0,cust_b2b_010,inv_007624,2026-05-09T04:06:17.438427+00:00,2203303,SEND_REMINDER,0.8500000000000001,0,8.476209826334117,0.13618677042801555,-0.612311721235849,0.0,1.0,0.4799806871301343,0.8772790547950431,53.0,198.84457214280496
evt_inv_005037_0,cust_b2b_027,inv_005037,2026-05-09T04:14:46.027905+00:00,2623081,SEND_REMINDER,0.8500000000000001,0,3.2183791003759743,0.16216216216216217,-0.14241491339792553,0.0,1.0,0.48034116607983446,0.8770817317497069,39.0,192.25869964454466
evt_inv_006302_0,cust_b2b_011,inv_006302,2026-05-09T04:16:40.342434+00:00,1906151,SEND_REMINDER,0.8500000000000001,0,3.137224994716337,0.3717948717948718,0.4147202570756274,0.0,1.0,0.4804221789703535,0.8770373594969474,34.0,201.97521294789968
evt_inv_000557_1,cust_b2b_001,inv_000557,2026-05-09T04:30:55.444851+00:00,6515023,ESCALATE_COLLECTIONS,0.05,0,21.535343388708952,0.05106382978723404,-0.14416440234360045,1.0,1.0,0.4810280464123303,0.8767052061923306,39.0,192.07226678452048
evt_inv_004932_0,cust_b2b_038,inv_004932,2026-05-09T05:09:10.780673+00:00,5800729,SEND_REMINDER,0.8500000000000001,0,2.2704546914339767,0.2791666666666667,0.8625979753538787,0.0,1.0,0.4826532289879627,0.8758115439679323,41.0,202.21673919136802
evt_inv_005379_1,cust_b2b_039,inv_005379,2026-05-09T05:22:44.678859+00:00,10736575,OFFER_PAYMENT_PLAN,0.8500000000000001,0,20.64943252119594,0.4142857142857143,-0.0329155662062474,1.0,1.0,0.48322910053908846,0.8754939385239532,35.0,192.11992633954978
evt_inv_008309_0,cust_b2b_034,inv_008309,2026-05-09T05:27:11.050841+00:00,5287010,SEND_REMINDER,0.8500000000000001,0,6.162717219693292,0.4751131221719457,0.041330857323327905,0.0,1.0,0.48341752596256854,0.8753899106068275,42.0,189.15056552617548
evt_inv_003801_1,cust_b2b_036,inv_003801,2026-05-09T05:41:32.452325+00:00,3684887,SEND_REMINDER,0.05,1,24.894588666943868,0.2737642585551331,-0.037108108465969826,1.0,1.0,0.48402670824136046,0.8750532245006774,31.0,203.6910404968768
evt_inv_002829_1,cust_b2b_028,inv_002829,2026-05-09T05:44:31.601203+00:00,3831973,OFFER_PAYMENT_PLAN,0.8500000000000001,0,16.679428374880082,0.34156378600823045,-0.6371752162631412,1.0,1.0,0.4841533727050249,0.8749831493796605,30.0,189.0370650777752
evt_inv_008474_1,cust_b2b_022,inv_008474,2026-05-09T06:00:47.232955+00:00,1735773,OFFER_PAYMENT_PLAN,0.8500000000000001,0,19.259374553654677,0.19838056680161945,-0.19689814972773784,1.0,1.0,0.48484300002099795,0.8746012035954664,50.0,195.8005209161356
evt_inv_000548_1,cust_b2b_019,inv_000548,2026-05-09T06:22:41.197117+00:00,3057604,OFFER_PAYMENT_PLAN,0.8500000000000001,1,24.739491313817823,0.34444444444444444,-0.25607840166851165,1.0,1.0,0.48577130205112784,0.8740859466342837,46.0,201.20398739214787
evt_inv_003688_1,cust_b2b_037,inv_003688,2026-05-09T06:22:58.001572+00:00,3148573,OFFER_PAYMENT_PLAN,0.8500000000000001,0,20.578128248962607,0.2809917355371901,0.2171332355596063,1.0,1.0,0.4857831706799149,0.8740793505650208,28.0,199.4796182108751
evt_inv_006960_1,cust_b2b_001,inv_006960,2026-05-09T06:23:22.716992+00:00,9855446,OFFER_PAYMENT_PLAN,0.8500000000000001,0,19.822668693002118,0.05084745762711865,1.0637344969072962,1.0,1.0,0.48580062649274564,0.8740696489978679,37.0,192.15036021208434
evt_inv_008113_1,cust_b2b_032,inv_008113,2026-05-09T06:25:59.369043+00:00,5384501,OFFER_PAYMENT_PLAN,0.8500000000000001,0,21.99126238345778,0.103125,-0.45014012542158954,1.0,1.0,0.4859112609634329,0.874008150115848,38.0,207.2029846819289
evt_inv_000252_0,cust_b2b_007,inv_000252,2026-05-09T06:31:46.696532+00:00,4990065,SEND_REMINDER,0.8500000000000001,0,5.710817112911684,0.29347826086956524,0.4136802956484833,0.0,1.0,0.48615653092770783,0.8738717454159601,54.0,206.07337794296612
evt_inv_002708_0,cust_b2b_022,inv_002708,2026-05-09T06:32:30.515715+00:00,1546446,SEND_REMINDER,0.8500000000000001,0,7.393891336771674,0.1975806451612903,-0.44810528210304507,0.0,1.0,0.48618747171147497,0.8738545315730781,50.0,195.82254965178132
evt_inv_006576_0,cust_b2b_019,inv_006576,2026-05-09T06:46:01.696958+00:00,2322923,SEND_REMINDER,0.8500000000000001,0,1.33808227813011,0.34686346863468637,-0.7952477652241962,0.0,1.0,0.48676013775544213,0.873535670875725,47.0,201.2201968810542
evt_inv_000963_0,cust_b2b_029,inv_000963,2026-05-09T06:58:14.035233+00:00,6706718,SEND_REMINDER,0.8500000000000001,0,2.3950469644276002,0.22362869198312235,0.49506087186988057,0.0,1.0,0.48727696376355106,0.8732474795757357,35.0,203.35554555900944
evt_inv_001399_1,cust_b2b_030,inv_001399,2026-05-09T07:08:59.658956+00:00,2425886,OFFER_PAYMENT_PLAN,0.8500000000000001,1,17.536171573349247,0.3079710144927536,0.05553118833080852,1.0,1.0,0.48773245203750176,0.8729931587529687,42.0,207.1446817874603
evt_inv_004698_1,cust_b2b_019,inv_004698,2026-05-09T07:36:22.177379+00:00,2953287,OFFER_PAYMENT_PLAN,0.8500000000000001,0,24.70537208540697,0.34558823529411764,-0.33263446527754287,1.0,1.0,0.4888906519734833,0.872345075307325,48.0,201.25515614518486
evt_inv_004601_1,cust_b2b_003,inv_004601,2026-05-09T07:41:07.158139+00:00,5005247,OFFER_PAYMENT_PLAN,0.8500000000000001,0,22.702821467363975,0.16216216216216217,0.11153028080543695,1.0,1.0,0.48909151474143886,0.8722324748643133,35.0,194.24853834917744
evt_inv_008504_0,cust_b2b_005,inv_008504,2026-05-09T08:01:44.918930+00:00,6459723,SEND_REMINDER,0.8500000000000001,0,2.849770729080763,0.24031007751937986,-0.4225143159205419,0.0,1.0,0.48996362364712387,0.8717428792382417,46.0,199.6743053843799
evt_inv_004241_0,cust_b2b_020,inv_004241,2026-05-09T09:01:33.906056+00:00,6042800,SEND_REMINDER,0.8500000000000001,1,5.593280803415613,0.3423076923076923,0.31759172599271607,0.0,1.0,0.49248959973960493,0.8703183292039319,35.0,190.56851068510687
evt_inv_000059_0,cust_b2b_027,inv_000059,2026-05-09T09:02:09.527588+00:00,2774376,SEND_REMINDER,0.8500000000000001,0,2.620670833079576,0.16153846153846155,-0.006433293549330593,0.0,1.0,0.4925146499165194,0.8703041535104887,40.0,192.45827718717192
evt_inv_008621_0,cust_b2b_008,inv_008621,2026-05-09T09:03:34.447833+00:00,7691964,ESCALATE_COLLECTIONS,0.05,0,9.810900746043833,0.25311203319502074,-0.11710673438126339,0.0,1.0,0.49257436684725314,0.8702703563405039,35.0,191.5462130288488
evt_inv_003415_0,cust_b2b_023,inv_003415,2026-05-09T09:27:26.701049+00:00,1856153,WRITE_OFF,0.05,0,8.168049838631557,0.4186991869918699,-0.4387943250080034,0.0,1.0,0.49358119477837603,0.8696997206859106,35.0,192.68710346626855
evt_inv_002737_0,cust_b2b_035,inv_002737,2026-05-09T09:30:34.348607+00:00,5389574,OFFER_PAYMENT_PLAN,0.05,0,4.682684125980963,0.35658914728682173,0.046907581284430205,0.0,1.0,0.49371305602419624,0.8696248721783715,36.0,206.20725635279382
evt_inv_002805_0,cust_b2b_031,inv_002805,2026-05-09T09:56:20.566029+00:00,9488791,SEND_REMINDER,0.8500000000000001,0,7.4997704060314625,0.2938775510204082,-0.7774782820047508,0.0,1.0,0.4947991614072821,0.8690073589277886,42.0,200.7527689771424
evt_inv_001906_1,cust_b2b_016,inv_001906,2026-05-09T10:01:49.572922+00:00,10391935,OFFER_PAYMENT_PLAN,0.8500000000000001,0,22.043326938132243,0.23308270676691728,0.11429170054650639,1.0,1.0,0.4950301652433027,0.8688757883030166,28.0,195.1062000446885
evt_inv_003579_0,cust_b2b_023,inv_003579,2026-05-09T10:03:40.630079+00:00,2876233,SEND_REMINDER,0.8500000000000001,0,5.186567400637538,0.41700404858299595,0.6939768414912082,0.0,1.0,0.49510813330932424,0.8688313624236619,35.0,192.7122646818929
evt_inv_002351_1,cust_b2b_000,inv_002351,2026-05-09T10:05:51.285333+00:00,4484349,OFFER_PAYMENT_PLAN,0.8500000000000001,0,20.563973998743435,0.3493975903614458,-0.2126015490946552,1.0,1.0,0.49519985518333387,0.8687790878160024,42.0,199.0688694230947
evt_inv_001307_0,cust_b2b_007,inv_001307,2026-05-09T10:15:52.061539+00:00,3076745,SEND_REMINDER,0.8500000000000001,0,7.330325801322105,0.2924187725631769,-0.7035001737957735,0.0,1.0,0.4956215376982217,0.868538595210167,55.0,206.2289955935095
evt_inv_005270_0,cust_b2b_027,inv_005270,2026-05-09T10:18:20.735849+00:00,3528813,SEND_REMINDER,0.8500000000000001,0,2.5329819461573573,0.16091954022988506,0.6716429733708915,0.0,1.0,0.49572587360173276,0.8684790488214432,41.0,192.51118469019124
evt_inv_003936_1,cust_b2b_007,inv_003936,2026-05-09T10:58:57.944010+00:00,5362023,OFFER_PAYMENT_PLAN,0.8500000000000001,0,22.23849830401334,0.29136690647482016,0.6308650264207909,1.0,1.0,0.4974352241879047,0.8675011226143335,56.0,206.2589247887765
evt_inv_005846_0,cust_b2b_002,inv_005846,2026-05-09T11:07:43.651192+00:00,3366660,SEND_REMINDER,0.8500000000000001,0,9.855630770933418,0.14754098360655737,-0.2861785777914879,0.0,1.0,0.49780367936583947,0.8672897421334075,38.0,202.0392943783022
evt_inv_002812_0,cust_b2b_024,inv_002812,2026-05-09T11:08:58.843363+00:00,4121672,SEND_REMINDER,0.8500000000000001,0,8.440041576864477,0.13909774436090225,-0.23410829657128468,0.0,1.0,0.49785637235966507,0.867259495480375,35.0,197.6825240017531
evt_inv_001811_1,cust_b2b_001,inv_001811,2026-05-09T11:18:57.256151+00:00,6289477,ESCALATE_COLLECTIONS,0.05,0,22.45806972235009,0.05063291139240506,-0.22572180534910652,1.0,1.0,0.4982756611484449,0.8670186650280836,38.0,192.35562108197226
evt_inv_002254_0,cust_b2b_008,inv_002254,2026-05-09T11:38:41.014938+00:00,6950028,SEND_REMINDER,0.8500000000000001,0,5.808456089322172,0.25206611570247933,-0.34695106408081366,0.0,1.0,0.499104739986582,0.866541665774316,35.0,191.65392792589773
evt_inv_000775_1,cust_b2b_030,inv_000775,2026-05-09T11:45:40.581885+00:00,2073340,OFFER_PAYMENT_PLAN,0.8500000000000001,1,20.41849120516833,0.3104693140794224,-0.3158559295162772,1.0,1.0,0.49939848596003805,0.866372409660431,42.0,207.3368220991406
evt_inv_003970_1,cust_b2b_033,inv_003970,2026-05-09T11:52:23.879783+00:00,5431680,OFFER_PAYMENT_PLAN,0.8500000000000001,0,19.400879583320467,0.13793103448275862,0.613794809638029,1.0,1.0,0.4996807875922806,0.8662096227306403,43.0,188.64309386796586
evt_inv_008263_1,cust_b2b_012,inv_008263,2026-05-09T11:58:43.030516+00:00,3688807,OFFER_PAYMENT_PLAN,0.8500000000000001,1,18.45334671484781,0.4749034749034749,-0.09707549827655906,1.0,1.0,0.4999461382301239,0.8660564986585955,40.0,202.45345902940025
evt_inv_004422_0,cust_b2b_017,inv_004422,2026-05-09T12:06:53.695963+00:00,8106430,SEND_REMINDER,0.8500000000000001,0,5.391018698203098,0.285140562248996,0.6061632149473423,0.0,1.0,0.5002894633693773,0.8658582175169215,28.0,204.02005071650228
evt_inv_001833_0,cust_b2b_001,inv_001833,2026-05-09T12:23:59.706974+00:00,7480763,ESCALATE_COLLECTIONS,0.05,0,6.859613958160693,0.05042016806722689,0.20504787640030778,0.0,1.0,0.5010071227095833,0.8654431598864623,38.0,192.40078833686616
evt_inv_005404_0,cust_b2b_024,inv_005404,2026-05-09T12:35:55.134440+00:00,4441647,SEND_REMINDER,0.8500000000000001,1,6.751568133814512,0.13857677902621723,-0.05820191858459716,0.0,1.0,0.501507335826886,0.8651533922442997,36.0,197.7428977410694
evt_inv_006163_1,cust_b2b_016,inv_006163,2026-05-09T12:49:48.129225+00:00,9298169,OFFER_PAYMENT_PLAN,0.8500000000000001,0,17.088627321272654,0.23220973782771537,-0.16086625500484522,1.0,1.0,0.5020895385726,0.8648156423515672,28.0,195.2228500018958
evt_inv_003164_1,cust_b2b_012,inv_003164,2026-05-09T13:03:35.410314+00:00,4909920,OFFER_PAYMENT_PLAN,0.8500000000000001,0,21.1180312733581,0.47692307692307695,0.698369689197001,1.0,1.0,0.5026675227320205,0.864479821389981,41.0,202.49850972150458
evt_inv_005587_1,cust_b2b_002,inv_005587,2026-05-09T13:09:12.445060+00:00,3512697,WRITE_OFF,0.05,0,18.82580114764502,0.1469387755102041,-0.19014906795525763,1.0,1.0,0.5029029294001861,0.8643428970036784,39.0,202.12365541843664
evt_inv_004281_0,cust_b2b_013,inv_004281,2026-05-09T13:12:15.266597+00:00,2032919,SEND_REMINDER,0.8500000000000001,0,1.6698152741133137,0.19424460431654678,-0.3948661096763364,0.0,1.0,0.5030306080773809,0.8642685967552567,39.0,203.24750008435478
evt_inv_002173_1,cust_b2b_002,inv_002173,2026-05-09T13:35:41.511138+00:00,3364578,SEND_REMINDER,0.05,0,21.506344381823055,0.14634146341463414,-0.28754791935413604,1.0,1.0,0.5040123322216863,0.8636964564987265,38.0,202.14204738693843
evt_inv_000690_0,cust_b2b_017,inv_000690,2026-05-09T13:57:04.614489+00:00,6454718,SEND_REMINDER,0.8500000000000001,0,4.089485614965013,0.284,-0.02672794012418256,0.0,1.0,0.50490752159562,0.8631734441212662,29.0,204.09656597721275
evt_inv_005707_1,cust_b2b_009,inv_005707,2026-05-09T13:59:14.616432+00:00,11546355,OFFER_PAYMENT_PLAN,0.8500000000000001,0,17.771322046461897,0.15498154981549817,2.4208649908498385,1.0,1.0,0.5049981904623156,0.8631204015835722,39.0,197.48326600828162
evt_inv_007208_0,cust_b2b_018,inv_007208,2026-05-09T14:08:25.992435+00:00,2351882,SEND_REMINDER,0.8500000000000001,1,5.247669729395909,0.6214953271028038,0.3887376508612162,0.0,1.0,0.5053826815150424,0.8628953269224867,33.0,193.0145114453055
evt_inv_001265_1,cust_b2b_036,inv_001265,2026-05-09T14:28:29.956549+00:00,4491223,OFFER_PAYMENT_PLAN,0.8500000000000001,1,24.367952239504397,0.2765151515151515,0.5018274301045047,1.0,1.0,0.5062218930905602,0.8624032670136457,30.0,204.05698383279744
evt_inv_006139_1,cust_b2b_037,inv_006139,2026-05-09T14:35:18.372483+00:00,2688144,OFFER_PAYMENT_PLAN,0.8500000000000001,0,16.855961870647253,0.27983539094650206,-0.1802048507782931,1.0,1.0,0.5065064666935771,0.8622361620795014,29.0,199.82152065197474
evt_inv_007938_1,cust_b2b_035,inv_007938,2026-05-09T14:35:20.665475+00:00,4255575,OFFER_PAYMENT_PLAN,0.8500000000000001,1,22.148028425387608,0.3552123552123552,-0.488976971742661,1.0,1.0,0.5065080642357258,0.8622352236276235,36.0,206.41890353877622
evt_inv_004102_0,cust_b2b_023,inv_004102,2026-05-09T14:38:11.708765+00:00,1841526,SEND_REMINDER,0.8500000000000001,1,9.092473531022987,0.4153225806451613,-0.4550367077802961,0.0,1.0,0.5066272262360499,0.8621652124948943,36.0,192.90290216667776
evt_inv_006013_1,cust_b2b_036,inv_006013,2026-05-09T14:44:21.172217+00:00,3314005,OFFER_PAYMENT_PLAN,0.8500000000000001,0,18.18556593872214,0.2792452830188679,-0.2849970474454461,1.0,1.0,0.5068845900565512,0.8620139281723944,31.0,204.06799327340272
evt_inv_007858_1,cust_b2b_029,inv_007858,2026-05-09T14:51:24.618115+00:00,5834012,OFFER_PAYMENT_PLAN,0.8500000000000001,0,17.687380347441348,0.22268907563025211,0.10533089746503617,1.0,1.0,0.5071795018432034,0.8618404451579654,35.0,203.68414026829
evt_inv_002580_0,cust_b2b_012,inv_002580,2026-05-09T15:06:41.424388+00:00,3465789,SEND_REMINDER,0.8500000000000001,1,3.827535582803952,0.47509578544061304,-0.24235139760495056,0.0,1.0,0.5078178143422225,0.8614644899452838,42.0,202.58399599551572
evt_inv_008842_0,cust_b2b_014,inv_008842,2026-05-09T15:24:19.370731+00:00,18480953,SEND_REMINDER,0.8500000000000001,0,5.445838635717245,0.2488479262672811,1.8589110921710335,0.0,1.0,0.508554047118347,0.861030069834701,29.0,205.8807934454152
evt_inv_008755_0,cust_b2b_031,inv_008755,2026-05-09T15:25:25.198401+00:00,15274025,WRITE_OFF,0.05,0,1.9378652166460022,0.2926829268292683,0.2727284583126728,0.0,1.0,0.5085998448109698,0.8610030184954391,42.0,200.98129481478477
evt_inv_002487_0,cust_b2b_008,inv_002487,2026-05-09T15:25:32.825526+00:00,7400588,OFFER_PAYMENT_PLAN,0.05,1,1.9535385772606455,0.25102880658436216,-0.2073721088983499,0.0,1.0,0.5086051510690102,0.8609998840337142,36.0,191.81147202993392
evt_inv_007686_0,cust_b2b_006,inv_007686,2026-05-09T15:29:26.278316+00:00,4166792,SEND_REMINDER,0.8500000000000001,0,5.140896217393875,0.2988505747126437,-0.6237726268841043,0.0,1.0,0.5087675568845133,0.8609039278930974,41.0,202.77391909324717
evt_inv_001274_0,cust_b2b_015,inv_001274,2026-05-09T15:52:15.203902+00:00,10689480,SEND_REMINDER,0.8500000000000001,0,2.128651048051166,0.14901960784313725,0.27754253336568646,0.0,1.0,0.5097195111606235,0.8603406418054275,34.0,200.78828819541582
evt_inv_005094_0,cust_b2b_011,inv_005094,2026-05-09T15:54:34.013558+00:00,2162531,SEND_REMINDER,0.8500000000000001,0,1.707916476620713,0.3702127659574468,0.8067545297247053,0.0,1.0,0.5098160049370527,0.8602834655565705,33.0,202.45986191924578
evt_inv_004354_0,cust_b2b_021,inv_004354,2026-05-09T15:55:05.875871+00:00,8889893,SEND_REMINDER,0.8500000000000001,1,9.703679601916763,0.33079847908745247,-0.07500111133985322,0.0,1.0,0.5098381531747149,0.860270339816151,33.0,201.66879729076277
evt_inv_007397_0,cust_b2b_030,inv_007397,2026-05-09T16:00:36.914019+00:00,1562099,SEND_REMINDER,0.8500000000000001,0,1.722138968039048,0.3129496402877698,-0.85441892294994,0.0,1.0,0.5100682455247412,0.8601339342842557,43.0,207.51386298031775
evt_inv_003495_0,cust_b2b_022,inv_003495,2026-05-09T16:13:55.134965+00:00,1952249,SEND_REMINDER,0.8500000000000001,0,9.112523058713188,0.19678714859437751,0.09033205982533511,0.0,1.0,0.5106229092011428,0.8598047712120243,51.0,196.22630681902925
evt_inv_003208_0,cust_b2b_026,inv_003208,2026-05-09T16:34:19.675268+00:00,5339328,OFFER_PAYMENT_PLAN,0.05,0,3.193213703576505,0.2813688212927757,0.2984014859919838,0.0,1.0,0.5114733985138309,0.8592991112602828,35.0,191.82705747097
evt_inv_000904_0,cust_b2b_006,inv_000904,2026-05-09T16:49:00.676293+00:00,5730228,SEND_REMINDER,0.8500000000000001,0,9.186769348376009,0.29770992366412213,0.0802132457740616,0.0,1.0,0.5120849771936786,0.8589347915485491,41.0,202.8291783290991
evt_inv_000709_1,cust_b2b_036,inv_000709,2026-05-09T16:49:02.446061+00:00,3813515,OFFER_PAYMENT_PLAN,0.8500000000000001,1,18.274929140557155,0.2781954887218045,0.04886353544202496,1.0,1.0,0.5120862054809752,0.8589340592595549,32.0,204.1545820910428
evt_inv_001135_0,cust_b2b_025,inv_001135,2026-05-09T17:00:49.653069+00:00,10808572,SEND_REMINDER,0.8500000000000001,0,9.240434409066552,0.20634920634920634,0.16445996777389846,0.0,1.0,0.5125769505985389,0.8586412928080637,55.0,200.8274157140523
evt_inv_001813_0,cust_b2b_005,inv_001813,2026-05-09T17:02:13.865791+00:00,6981219,SEND_REMINDER,0.8500000000000001,0,3.1754005062265995,0.23938223938223938,-0.2547981698420183,0.0,1.0,0.512635376344523,0.8586064121121558,44.0,200.04964041748562
evt_inv_007867_1,cust_b2b_032,inv_007867,2026-05-09T17:11:16.757919+00:00,7714419,ESCALATE_COLLECTIONS,0.05,0,23.403721433758022,0.102803738317757,0.4368510232109869,1.0,1.0,0.5130119712132964,0.8583814521480808,38.0,207.65110260874053
evt_inv_002021_1,cust_b2b_029,inv_002021,2026-05-09T17:28:47.604666+00:00,7812427,OFFER_PAYMENT_PLAN,0.8500000000000001,0,22.75773002104676,0.2217573221757322,0.9888441693321522,1.0,1.0,0.5137406448606614,0.8579455401237026,36.0,203.79343409410816
evt_inv_002506_0,cust_b2b_014,inv_002506,2026-05-09T17:41:42.535462+00:00,9931160,SEND_REMINDER,0.8500000000000001,0,7.705366049461192,0.24770642201834864,-0.1576401387525374,0.0,1.0,0.5142777567958581,0.8576236872107837,30.0,205.9762004446177
evt_inv_000507_1,cust_b2b_004,inv_000507,2026-05-09T17:55:04.947344+00:00,4190331,WRITE_OFF,0.05,0,22.731881293377157,0.16793893129770993,0.839220766926242,1.0,1.0,0.5148337036410727,0.8572900661941768,36.0,204.05588924012258
evt_inv_003151_0,cust_b2b_004,inv_003151,2026-05-09T18:00:37.503715+00:00,3965377,SEND_REMINDER,0.8500000000000001,1,3.682209476010504,0.16730038022813687,0.65995713934801,0.0,1.0,0.5150640501485156,0.8571516926685774,36.0,204.05973827219222
evt_inv_005902_0,cust_b2b_005,inv_005902,2026-05-09T18:10:15.619371+00:00,8479409,SEND_REMINDER,0.8500000000000001,0,3.911684693206456,0.23846153846153847,0.2270287492082888,0.0,1.0,0.5154643957499201,0.8569109969618606,45.0,200.0968829357777
evt_inv_006832_1,cust_b2b_030,inv_006832,2026-05-09T18:17:18.519003+00:00,2037026,SEND_REMINDER,0.05,0,21.227824683661655,0.3118279569892473,-0.3541102141346466,1.0,1.0,0.515757182887423,0.8567348062849024,44.0,207.6087889639285
evt_inv_005441_1,cust_b2b_002,inv_005441,2026-05-09T18:30:47.455467+00:00,3373576,OFFER_PAYMENT_PLAN,0.8500000000000001,0,23.88145477812888,0.145748987854251,-0.2816307483151573,1.0,1.0,0.5163170680451782,0.856397504226414,39.0,202.34697729814607
evt_inv_008304_1,cust_b2b_017,inv_008304,2026-05-09T18:47:03.847396+00:00,6921184,OFFER_PAYMENT_PLAN,0.8500000000000001,0,22.135117222494895,0.28286852589641437,0.15200916667848346,1.0,1.0,0.5169925594800318,0.8559898909696807,29.0,204.29794598771582
evt_inv_007480_1,cust_b2b_032,inv_007480,2026-05-09T18:51:19.375291+00:00,6408322,OFFER_PAYMENT_PLAN,0.8500000000000001,0,19.582039507746007,0.10248447204968944,-0.06037526585430391,1.0,1.0,0.5171692867166605,0.8558831280478547,38.0,207.72057734683963
evt_inv_004259_0,cust_b2b_013,inv_004259,2026-05-09T19:14:24.290583+00:00,2127748,WRITE_OFF,0.05,1,8.700429904254436,0.1935483870967742,-0.2966690554146854,0.0,1.0,0.5181267328402404,0.8553038575361964,38.0,203.4989934175171
evt_inv_006573_0,cust_b2b_036,inv_006573,2026-05-09T19:17:29.541069+00:00,3206020,SEND_REMINDER,0.8500000000000001,0,7.696435137795281,0.2808988764044944,-0.35717137881832034,0.0,1.0,0.5182547545761453,0.855226291316643,33.0,204.25767346844555
evt_inv_006519_1,cust_b2b_006,inv_006519,2026-05-09T19:42:33.938509+00:00,6719717,OFFER_PAYMENT_PLAN,0.8500000000000001,1,21.453763377247036,0.2965779467680608,0.5257614365424879,1.0,1.0,0.5192939737536696,0.854595675640313,42.0,202.94970219734122
evt_inv_007163_0,cust_b2b_004,inv_007163,2026-05-09T19:54:34.487023+00:00,4695800,SEND_REMINDER,0.8500000000000001,0,5.366041122280064,0.17045454545454544,1.2420222039796234,0.0,1.0,0.5197914480872645,0.8542931876676441,37.0,204.1388700234413
evt_inv_002712_1,cust_b2b_000,inv_002712,2026-05-09T20:07:58.626115+00:00,1936853,OFFER_PAYMENT_PLAN,0.8500000000000001,1,24.283849653061274,0.348,-1.5120407355433445,1.0,1.0,0.5203464261897186,0.8539552662473532,42.0,199.4870099414001
evt_inv_003027_0,cust_b2b_012,inv_003027,2026-05-09T20:09:23.446269+00:00,5224381,SEND_REMINDER,0.8500000000000001,0,5.790949966374635,0.4770992366412214,0.9032121748428323,0.0,1.0,0.5204049521737596,0.8539196014573193,43.0,202.79420458209265
evt_inv_000322_0,cust_b2b_011,inv_000322,2026-05-09T20:21:44.709514+00:00,1591696,SEND_REMINDER,0.8500000000000001,0,7.282436927095065,0.3686440677966102,-0.06611624830210017,0.0,1.0,0.5209163204345605,0.8536077478004276,33.0,202.64540238170068
evt_inv_005074_0,cust_b2b_008,inv_005074,2026-05-09T20:26:21.435438+00:00,6224316,SEND_REMINDER,0.8500000000000001,0,2.0165457975639596,0.2540983606557377,-0.5717694398450055,0.0,1.0,0.5211071748339422,0.8534912491271291,37.0,192.02036797798203
evt_inv_008300_1,cust_b2b_022,inv_008300,2026-05-09T20:37:17.532924+00:00,1577084,OFFER_PAYMENT_PLAN,0.8500000000000001,0,24.198758195763254,0.196,-0.40745445777374983,1.0,1.0,0.5215595729107526,0.8532148685443506,52.0,196.4092049435535
evt_inv_008684_0,cust_b2b_017,inv_008684,2026-05-09T20:42:15.040686+00:00,7483219,SEND_REMINDER,0.8500000000000001,0,2.1136513217292956,0.28174603174603174,0.3673656760126374,0.0,1.0,0.5217646647674705,0.8530894645933034,30.0,204.37793665078993
evt_inv_005696_0,cust_b2b_029,inv_005696,2026-05-09T21:01:31.032078+00:00,4584429,SEND_REMINDER,0.8500000000000001,1,3.564429925460782,0.22083333333333333,-0.45270297923622804,0.0,1.0,0.5225612800975005,0.8526017291460659,37.0,203.94115894840857
evt_inv_002248_1,cust_b2b_035,inv_002248,2026-05-09T21:01:47.388960+00:00,5136199,OFFER_PAYMENT_PLAN,0.8500000000000001,1,19.202385341577703,0.3576923076923077,-0.07282738872864901,1.0,1.0,0.5225725486623407,0.8525948225180268,36.0,206.68726839392468
evt_inv_002175_1,cust_b2b_024,inv_002175,2026-05-09T21:15:44.196086+00:00,5060225,OFFER_PAYMENT_PLAN,0.8500000000000001,0,20.584255186134758,0.1417910447761194,0.28186165538146407,1.0,1.0,0.5231489190260469,0.8522412853892251,37.0,198.10388225085907
evt_inv_003292_0,cust_b2b_036,inv_003292,2026-05-09T21:32:40.861571+00:00,2913420,SEND_REMINDER,0.8500000000000001,0,6.429206120067248,0.2798507462686567,-0.5527387756987053,0.0,1.0,0.5238488491763922,0.8518112368456814,34.0,204.351554492775
evt_inv_007982_0,cust_b2b_001,inv_007982,2026-05-09T22:15:26.489892+00:00,7203674,OFFER_PAYMENT_PLAN,0.05,0,9.759466913930694,0.0502092050209205,0.10485228112507247,0.0,1.0,0.5256136003499029,0.850723423403407,37.0,192.81151499101668
evt_inv_003029_0,cust_b2b_023,inv_003029,2026-05-09T22:17:42.851888+00:00,2399906,SEND_REMINDER,0.8500000000000001,0,9.913639261635993,0.41767068273092367,0.16502921718605693,0.0,1.0,0.5257073329299906,0.8506655042398487,37.0,193.2220126194912
evt_inv_003787_0,cust_b2b_009,inv_003787,2026-05-09T23:04:14.461865+00:00,4201460,OFFER_PAYMENT_PLAN,0.05,0,7.4337005130655305,0.15441176470588236,-0.7094075544261937,0.0,1.0,0.5276248268801514,0.8494775112147998,39.0,197.86173644153723
evt_inv_008262_0,cust_b2b_005,inv_008262,2026-05-09T23:07:18.665610+00:00,10916337,SEND_REMINDER,0.8500000000000001,0,1.1769574838364076,0.23754789272030652,1.0107593604341807,0.0,1.0,0.5277512579700132,0.8493989696903738,46.0,200.30316819317736
evt_inv_002787_0,cust_b2b_014,inv_002787,2026-05-09T23:14:19.608248+00:00,12446030,SEND_REMINDER,0.8500000000000001,0,9.836980713445,0.2465753424657534,0.4355163866984201,0.0,1.0,0.5280401345696193,0.849219415865946,31.0,206.20718508333871
evt_inv_002492_1,cust_b2b_031,inv_002492,2026-05-09T23:23:12.436192+00:00,11379642,OFFER_PAYMENT_PLAN,0.8500000000000001,0,24.460324792568613,0.291497975708502,-0.43422765379677347,1.0,1.0,0.5284057061077067,0.8489919962831309,41.0,201.3130915484725
evt_inv_007545_0,cust_b2b_020,inv_007545,2026-05-09T23:38:22.958543+00:00,7837317,SEND_REMINDER,0.8500000000000001,1,6.774964326987131,0.3448275862068966,1.1543257263470958,0.0,1.0,0.5290301858283709,0.8486030064066468,35.0,191.17741175555912
evt_inv_001522_0,cust_b2b_024,inv_001522,2026-05-09T23:44:57.949879+00:00,3676342,SEND_REMINDER,0.8500000000000001,0,5.285338165545922,0.1412639405204461,-0.47892867040189496,0.0,1.0,0.5293010007166284,0.8484341168531447,38.0,198.20751366050465
evt_inv_005767_1,cust_b2b_033,inv_005767,2026-05-10T00:24:57.087400+00:00,3814678,OFFER_PAYMENT_PLAN,0.8500000000000001,1,24.56924745930914,0.13740458015267176,-0.31317649539030507,1.0,1.0,0.5309447437218946,0.8474064426909271,43.0,189.16570043760476
evt_inv_005616_0,cust_b2b_026,inv_005616,2026-05-10T00:54:03.000100+00:00,4493706,SEND_REMINDER,0.8500000000000001,0,3.214554542771138,0.2803030303030303,-0.14479832850668498,0.0,1.0,0.5321396828409629,0.8466565761546528,33.0,192.17408669357076
evt_inv_001046_1,cust_b2b_028,inv_001046,2026-05-10T00:59:03.900437+00:00,6018031,OFFER_PAYMENT_PLAN,0.8500000000000001,1,16.402374758423957,0.3401639344262295,0.42552599684419445,1.0,1.0,0.5323455183923973,0.8465271697042747,30.0,189.83882780038994
evt_inv_006413_1,cust_b2b_013,inv_006413,2026-05-10T01:09:10.581492+00:00,1886575,OFFER_PAYMENT_PLAN,0.8500000000000001,0,17.425983241160804,0.19642857142857142,-0.5464085469798083,1.0,1.0,0.5327604322959311,0.8462661057727957,38.0,203.74536252526568
evt_inv_002618_1,cust_b2b_027,inv_002618,2026-05-10T01:17:57.912206+00:00,3499197,OFFER_PAYMENT_PLAN,0.8500000000000001,0,19.99943517834263,0.16030534351145037,0.6450247170060041,1.0,1.0,0.5331209738821401,0.8460390222719981,41.0,193.1359205276609
evt_inv_006516_0,cust_b2b_022,inv_006516,2026-05-10T01:49:57.356840+00:00,1571159,SEND_REMINDER,0.8500000000000001,0,8.599957224729366,0.1952191235059761,-0.4153152506469194,0.0,1.0,0.5344325006334409,0.8452111583898352,52.0,196.6263325351737
evt_inv_002194_1,cust_b2b_038,inv_002194,2026-05-10T02:30:07.459914+00:00,3414867,OFFER_PAYMENT_PLAN,0.8500000000000001,0,21.359538649287728,0.27800829875518673,-0.5204516278407234,1.0,1.0,0.536077465817373,0.8441687927439767,40.0,203.106284089985
evt_inv_003861_0,cust_b2b_007,inv_003861,2026-05-10T03:00:51.367501+00:00,4471411,SEND_REMINDER,0.8500000000000001,0,6.6985426585609025,0.2903225806451613,0.11084000897957343,0.0,1.0,0.5373346137837018,0.8433691438687568,50.0,206.9269042273237
evt_inv_002551_0,cust_b2b_026,inv_002551,2026-05-10T03:39:22.815153+00:00,4559393,SEND_REMINDER,0.8500000000000001,0,8.32176040485399,0.2792452830188679,-0.1103713364432824,0.0,1.0,0.5389088382540904,0.842364092332779,34.0,192.28889936779737
evt_inv_008236_0,cust_b2b_033,inv_008236,2026-05-10T04:04:25.458028+00:00,4570479,SEND_REMINDER,0.8500000000000001,0,1.1148708410045423,0.14068441064638784,0.12009783595633289,0.0,1.0,0.5399312137331472,0.8417091447980416,43.0,189.31811213469214
evt_inv_004124_0,cust_b2b_024,inv_004124,2026-05-10T04:08:33.417455+00:00,3680094,SEND_REMINDER,0.8500000000000001,0,2.4270746578307776,0.14074074074074075,-0.47686628798057157,0.0,1.0,0.5400998451054426,0.8416009489758652,39.0,198.39056305375036
evt_inv_003977_1,cust_b2b_007,inv_003977,2026-05-10T04:55:15.542017+00:00,3946778,OFFER_PAYMENT_PLAN,0.8500000000000001,0,16.584101534014486,0.2892857142857143,-0.19549151287834926,1.0,1.0,0.542003995553965,0.8403759092236863,51.0,207.00635069163158
evt_inv_000294_0,cust_b2b_034,inv_000294,2026-05-10T04:58:34.798612+00:00,5969405,SEND_REMINDER,0.8500000000000001,0,8.2172757451801,0.47297297297297297,0.36934040851836597,0.0,1.0,0.5421392923041881,0.840288633589622,40.0,190.13070149575688
evt_inv_005887_0,cust_b2b_020,inv_005887,2026-05-10T05:19:42.862035+00:00,7211399,SEND_REMINDER,0.8500000000000001,0,3.2175061278822135,0.3473282442748092,0.8624776261465241,0.0,1.0,0.5429999876047559,0.8397327035796778,36.0,191.41444767559946
evt_inv_002544_1,cust_b2b_031,inv_002544,2026-05-10T05:23:31.843916+00:00,17527901,WRITE_OFF,0.05,0,21.63303406989953,0.2903225806451613,0.6818797369696236,1.0,1.0,0.5431553478221348,0.8396322219473331,42.0,201.56331617491165
evt_inv_007393_0,cust_b2b_008,inv_007393,2026-05-10T05:51:56.466755+00:00,9272381,SEND_REMINDER,0.8500000000000001,0,3.318822255329978,0.2530612244897959,0.3724904419714594,0.0,1.0,0.544311319925264,0.8388832976053444,37.0,192.4131345441573
evt_inv_004295_0,cust_b2b_031,inv_004295,2026-05-10T05:55:57.137021+00:00,15769345,SEND_REMINDER,0.8500000000000001,0,9.3693685566707,0.2891566265060241,0.36264513030261736,0.0,1.0,0.5444744448025999,0.8387774311203782,42.0,201.58583114140092
evt_inv_006040_1,cust_b2b_037,inv_006040,2026-05-10T05:56:19.119775+00:00,2330695,OFFER_PAYMENT_PLAN,0.8500000000000001,0,22.053500816019685,0.2786885245901639,-0.48867388057753824,1.0,1.0,0.544489343556283,0.8387677597247334,29.0,200.46111263452204
evt_inv_000802_1,cust_b2b_011,inv_000802,2026-05-10T06:00:38.404724+00:00,1721812,OFFER_PAYMENT_PLAN,0.8500000000000001,0,23.038141454831443,0.3670886075949367,0.13284542786941228,1.0,1.0,0.5446650602879884,0.8386536663614378,33.0,203.04741274292655
evt_inv_006137_1,cust_b2b_039,inv_006137,2026-05-10T06:24:08.233012+00:00,8761942,WRITE_OFF,0.05,0,19.90477153798213,0.41232227488151657,-0.4866529107209091,1.0,1.0,0.5456200786222875,0.8380326543782222,32.0,193.1625600681674
evt_inv_000075_1,cust_b2b_012,inv_000075,2026-05-10T06:34:40.281931+00:00,3674989,OFFER_PAYMENT_PLAN,0.8500000000000001,0,19.634039121141072,0.4752851711026616,-0.10607633857834942,1.0,1.0,0.5460479990533864,0.8377538915038193,42.0,203.2284272170723
evt_inv_005942_0,cust_b2b_036,inv_005942,2026-05-10T06:36:01.079016+00:00,2771484,SEND_REMINDER,0.8500000000000001,0,9.37997765690002,0.2788104089219331,-0.6476053177879101,0.0,1.0,0.5461026913953634,0.837718240490644,33.0,204.72887182431012
evt_inv_007756_1,cust_b2b_009,inv_007756,2026-05-10T06:50:25.718788+00:00,5052392,OFFER_PAYMENT_PLAN,0.8500000000000001,0,21.808954077836983,0.15384615384615385,-0.34675421888982394,1.0,1.0,0.5466878287877326,0.83733650216347,39.0,198.18547784110783
evt_inv_008097_0,cust_b2b_011,inv_008097,2026-05-10T06:52:21.803373+00:00,1525406,SEND_REMINDER,0.8500000000000001,0,1.3295631954401952,0.36554621848739494,-0.16748129261530217,0.0,1.0,0.5467663677021912,0.8372852197129436,34.0,203.08333170876858
evt_inv_008212_1,cust_b2b_011,inv_008212,2026-05-10T07:32:30.143523+00:00,1545661,OFFER_PAYMENT_PLAN,0.8500000000000001,0,21.655962463835262,0.36401673640167365,-0.13650997447936505,1.0,1.0,0.5483946832110377,0.8362196310933304,35.0,203.11120601606024
evt_inv_001398_0,cust_b2b_019,inv_001398,2026-05-10T07:47:40.383902+00:00,2573314,SEND_REMINDER,0.8500000000000001,0,5.579610511358871,0.3443223443223443,-0.6114901663776635,0.0,1.0,0.5490095701699009,0.8358160634145892,46.0,202.26300575772146
evt_inv_002374_0,cust_b2b_019,inv_002374,2026-05-10T07:55:25.947074+00:00,4340341,SEND_REMINDER,0.8500000000000001,1,7.463800288591564,0.34306569343065696,0.685300017837853,0.0,1.0,0.5493239533317062,0.8356094747524261,47.0,202.26839422035343
evt_inv_002490_1,cust_b2b_003,inv_002490,2026-05-10T08:08:35.436727+00:00,4581427,OFFER_PAYMENT_PLAN,0.8500000000000001,0,24.36894428869877,0.16153846153846155,-0.10960146486145937,1.0,1.0,0.5498568982326287,0.8352588769154103,35.0,195.26761564764615
evt_inv_005613_1,cust_b2b_020,inv_005613,2026-05-10T08:18:47.382055+00:00,5134300,OFFER_PAYMENT_PLAN,0.8500000000000001,0,22.460603491082743,0.34600760456273766,-0.10601701885439963,1.0,1.0,0.5502698379276191,0.8349868893983377,36.0,191.538805546204
evt_inv_002034_1,cust_b2b_026,inv_002034,2026-05-10T08:52:39.952041+00:00,5615696,OFFER_PAYMENT_PLAN,0.8500000000000001,1,21.726657873480484,0.2781954887218045,0.4432486963174342,1.0,1.0,0.5516404466597209,0.8340820209122504,34.0,192.5064588225198
evt_inv_002002_0,cust_b2b_007,inv_002002,2026-05-10T09:05:57.906505+00:00,4886791,SEND_REMINDER,0.8500000000000001,0,8.271749480375666,0.28825622775800713,0.353378833261584,0.0,1.0,0.5521781191871115,0.8337261688893927,51.0,207.18045213247015
evt_inv_002400_0,cust_b2b_038,inv_002400,2026-05-10T09:21:49.694855+00:00,4609208,SEND_REMINDER,0.8500000000000001,0,6.902149095365113,0.2768595041322314,0.17189035850834802,0.0,1.0,0.55281914685163,0.8333012605740111,40.0,203.39218958699243
evt_inv_007204_1,cust_b2b_017,inv_007204,2026-05-10T09:27:22.658563+00:00,6176078,SEND_REMINDER,0.05,0,20.86152693461479,0.28063241106719367,-0.13349515319299257,1.0,1.0,0.5530433201023721,0.833152498700055,29.0,204.90927482066297
evt_inv_000657_1,cust_b2b_032,inv_000657,2026-05-10T09:28:16.556417+00:00,8457276,OFFER_PAYMENT_PLAN,0.8500000000000001,1,20.302838735841675,0.1021671826625387,0.7196537327068873,1.0,1.0,0.5530796039484933,0.8331284124888418,37.0,208.32957249876048
evt_inv_000376_0,cust_b2b_005,inv_000376,2026-05-10T09:36:56.020226+00:00,8038734,WRITE_OFF,0.05,0,1.7915229160491726,0.2366412213740458,0.08530490702565588,0.0,1.0,0.5534292513728348,0.8328961902451611,45.0,200.74040609382337
evt_inv_006253_0,cust_b2b_036,inv_006253,2026-05-10T09:39:23.960115+00:00,3246157,SEND_REMINDER,0.8500000000000001,0,9.067265275416194,0.2777777777777778,-0.3303449538741893,0.0,1.0,0.5535288108327011,0.8328300280238073,34.0,204.85621998518653
evt_inv_004029_0,cust_b2b_027,inv_004029,2026-05-10T09:42:17.140363+00:00,2951254,WRITE_OFF,0.05,0,5.488289012722489,0.1596958174904943,0.15254155881468473,0.0,1.0,0.5536453463078218,0.8327525625968929,41.0,193.48614307577577
evt_inv_007097_0,cust_b2b_037,inv_007097,2026-05-10T09:44:09.622294+00:00,3928160,SEND_REMINDER,0.8500000000000001,1,8.379026553190979,0.27755102040816326,0.8898951601481293,0.0,1.0,0.553721031206845,0.8327022394585163,29.0,200.61933604331384
evt_inv_004126_0,cust_b2b_029,inv_004126,2026-05-10T09:48:23.148812+00:00,6102741,SEND_REMINDER,0.8500000000000001,0,8.348931745581366,0.22406639004149378,0.22533893580325653,0.0,1.0,0.5538916029765363,0.8325887893504711,35.0,204.47370659579346
evt_inv_005850_0,cust_b2b_018,inv_005850,2026-05-10T09:51:27.830425+00:00,2303892,SEND_REMINDER,0.8500000000000001,0,9.502638470353206,0.6232558139534884,0.3297923491350728,0.0,1.0,0.5540158414985887,0.8325061245231836,32.0,193.83606049611578
evt_inv_003086_1,cust_b2b_005,inv_003086,2026-05-10T09:52:45.665685+00:00,12059018,OFFER_PAYMENT_PLAN,0.8500000000000001,0,17.239145157381813,0.23574144486692014,1.3782523902629689,1.0,1.0,0.5540681989313748,0.8324712793441841,45.0,200.75139736070795
evt_inv_004145_1,cust_b2b_015,inv_004145,2026-05-10T10:14:26.798014+00:00,6345740,OFFER_PAYMENT_PLAN,0.8500000000000001,1,21.480306996424144,0.1484375,-0.8511299591927147,1.0,1.0,0.5549431067332037,0.8318883027722532,34.0,201.5537001643049
evt_inv_006899_1,cust_b2b_013,inv_006899,2026-05-10T10:45:30.579843+00:00,1880262,OFFER_PAYMENT_PLAN,0.8500000000000001,0,19.415939664687073,0.19572953736654805,-0.5529462339820355,1.0,1.0,0.5561952826239598,0.8310516275099,38.0,204.1455939876563
evt_inv_002537_1,cust_b2b_016,inv_002537,2026-05-10T10:58:05.710266+00:00,10353911,OFFER_PAYMENT_PLAN,0.8500000000000001,0,22.967169049931044,0.23134328358208955,0.10472598779501587,1.0,1.0,0.5567022556796434,0.8307121032711615,28.0,196.14527570839627
evt_inv_008472_0,cust_b2b_032,inv_008472,2026-05-10T11:01:34.546504+00:00,5027109,WRITE_OFF,0.05,0,2.792563018863624,0.10493827160493827,-0.5861980513248757,0.0,1.0,0.5568424258032394,0.8306181510330507,38.0,208.39436405069242
evt_inv_007367_0,cust_b2b_000,inv_007367,2026-05-10T11:05:25.525892+00:00,3550548,SEND_REMINDER,0.8500000000000001,1,6.304006396110553,0.350597609561753,-0.6889195827917171,0.0,1.0,0.5569974398617776,0.8305142093832143,42.0,200.11023794808034
evt_inv_003811_0,cust_b2b_030,inv_003811,2026-05-10T11:21:55.540666+00:00,3057506,SEND_REMINDER,0.8500000000000001,0,6.7238925689698865,0.3107142857142857,0.7209071934143937,0.0,1.0,0.5576616351604464,0.8300683710816701,45.0,208.3203285665063
evt_inv_003966_1,cust_b2b_010,inv_003966,2026-05-10T11:35:45.764360+00:00,2657511,OFFER_PAYMENT_PLAN,0.8500000000000001,0,17.361511536295758,0.13565891472868216,-0.22316652476564328,1.0,1.0,0.5582183524346752,0.8296940827829958,48.0,200.1567055448079
evt_inv_000935_0,cust_b2b_000,inv_000935,2026-05-10T11:46:35.873296+00:00,5396581,SEND_REMINDER,0.8500000000000001,0,8.981714281309,0.3531746031746032,0.25271397074738833,0.0,1.0,0.5586541160572743,0.8294007346345104,42.0,200.13882993191874
evt_inv_006868_0,cust_b2b_024,inv_006868,2026-05-10T12:19:17.669868+00:00,6036270,SEND_REMINDER,0.8500000000000001,0,2.3579322155430713,0.14022140221402213,0.8184430032796246,0.0,1.0,0.5599681600582679,0.8285141276532091,40.0,198.73135301222987
evt_inv_008495_0,cust_b2b_039,inv_008495,2026-05-10T12:28:52.390044+00:00,7988485,SEND_REMINDER,0.8500000000000001,0,7.54562964580059,0.41037735849056606,-0.6643803301246801,0.0,1.0,0.5603528508606455,0.8282539963877912,32.0,193.41584892271067
evt_inv_000179_0,cust_b2b_003,inv_000179,2026-05-10T12:46:56.202678+00:00,4838700,SEND_REMINDER,0.8500000000000001,0,5.898156961593926,0.16091954022988506,0.02463319622975223,0.0,1.0,0.5610779754539176,0.8277629524571228,36.0,195.46091154985342
evt_inv_000905_0,cust_b2b_014,inv_000905,2026-05-10T12:53:57.165451+00:00,11454398,SEND_REMINDER,0.8500000000000001,1,1.3234937155799078,0.24545454545454545,0.2016303812671774,0.0,1.0,0.5613595045053614,0.8275720552927673,29.0,206.77636977319602
evt_inv_004903_1,cust_b2b_006,inv_004903,2026-05-10T13:12:37.199948+00:00,10063766,OFFER_PAYMENT_PLAN,0.8500000000000001,0,20.71136940235584,0.29924242424242425,2.031523271946608,1.0,1.0,0.5621082383217858,0.8270636785706276,40.0,203.67890661213463
evt_inv_001887_1,cust_b2b_002,inv_001887,2026-05-10T13:14:15.325863+00:00,4780949,OFFER_PAYMENT_PLAN,0.8500000000000001,0,24.149209305476013,0.14516129032258066,0.6438182425888103,1.0,1.0,0.562173812760983,0.8270191075457562,37.0,203.12716098328897
evt_inv_003765_0,cust_b2b_012,inv_003765,2026-05-10T13:17:56.447721+00:00,4084893,SEND_REMINDER,0.8500000000000001,0,2.5683849143092505,0.4734848484848485,0.16093899855260016,0.0,1.0,0.5623215685341723,0.8269186499053387,43.0,203.5084754322395
evt_inv_008107_1,cust_b2b_007,inv_008107,2026-05-10T13:44:07.609127+00:00,4978255,OFFER_PAYMENT_PLAN,0.8500000000000001,1,23.312230460944868,0.2872340425531915,0.40678424870275026,1.0,1.0,0.5633709166410023,0.8262040972320803,51.0,207.37361998688166
evt_inv_001013_1,cust_b2b_007,inv_001013,2026-05-10T13:57:55.086052+00:00,5255464,SEND_REMINDER,0.05,0,24.252670039128233,0.28975265017667845,0.568645787673549,1.0,1.0,0.5639232074401165,0.8258272313931355,52.0,207.38319726611542
evt_inv_004442_0,cust_b2b_023,inv_004442,2026-05-10T14:08:11.768698+00:00,2423293,ESCALATE_COLLECTIONS,0.05,0,1.309559108027196,0.416,0.19099882590001735,0.0,1.0,0.5643346418692088,0.8255461295326578,37.0,193.88206952701316
evt_inv_001679_0,cust_b2b_019,inv_001679,2026-05-10T14:08:51.098615+00:00,2310548,SEND_REMINDER,0.8500000000000001,0,8.588518544165943,0.34545454545454546,-0.8043295637428995,0.0,1.0,0.5643608770023965,0.825528194860167,47.0,202.52771310392936
evt_inv_005657_0,cust_b2b_024,inv_005657,2026-05-10T14:19:38.372772+00:00,5726097,SEND_REMINDER,0.8500000000000001,0,5.563100080333118,0.13970588235294118,0.6479250492454229,0.0,1.0,0.5647925611762296,0.8252329142975303,38.0,198.8149259625027
evt_inv_006083_1,cust_b2b_027,inv_006083,2026-05-10T14:25:40.240369+00:00,2873733,OFFER_PAYMENT_PLAN,0.8500000000000001,0,23.36145828893491,0.1590909090909091,0.08286707247634138,1.0,1.0,0.5650338328805478,0.8250677352195498,40.0,193.68293821473705
evt_inv_005415_0,cust_b2b_003,inv_005415,2026-05-10T14:38:34.555291+00:00,6737450,SEND_REMINDER,0.8500000000000001,0,5.326759720458089,0.16030534351145037,1.015321983116389,0.0,1.0,0.5655499375260871,0.8247140523625379,36.0,195.53843877916947
evt_inv_005793_1,cust_b2b_006,inv_005793,2026-05-10T14:55:36.136040+00:00,5413664,OFFER_PAYMENT_PLAN,0.8500000000000001,1,21.371624291358415,0.2981132075471698,-0.06232971057385088,1.0,1.0,0.566230513676919,0.824246932284963,41.0,203.75042207617219
evt_inv_003632_1,cust_b2b_014,inv_003632,2026-05-10T15:11:03.701490+00:00,8013903,OFFER_PAYMENT_PLAN,0.8500000000000001,1,22.05072439923104,0.248868778280543,-0.6098435350118911,1.0,1.0,0.5668481227394185,0.8238223144263556,30.0,206.8715843106792
evt_inv_005306_0,cust_b2b_001,inv_005306,2026-05-10T15:26:33.061463+00:00,9527669,ESCALATE_COLLECTIONS,0.05,0,9.864914159588762,0.05,0.9452101259789403,0.0,1.0,0.5674666073184289,0.8233964109579978,38.0,193.5275632730882
evt_inv_006815_0,cust_b2b_010,inv_006815,2026-05-10T15:30:39.991372+00:00,2000668,SEND_REMINDER,0.8500000000000001,0,3.43568598123825,0.13513513513513514,-0.7859199464564113,0.0,1.0,0.5676308841879605,0.8232831707960476,49.0,200.31983317225612
evt_inv_005305_0,cust_b2b_021,inv_005305,2026-05-10T15:38:47.534905+00:00,8649301,OFFER_PAYMENT_PLAN,0.05,0,5.7751226908299715,0.3333333333333333,-0.14063017617055698,0.0,1.0,0.5679551694855663,0.8230594908356391,32.0,202.65747389995622
evt_inv_001675_0,cust_b2b_023,inv_001675,2026-05-10T15:39:54.449420+00:00,2326849,SEND_REMINDER,0.8500000000000001,0,6.92589767242364,0.41434262948207173,0.0839014413131563,0.0,1.0,0.5679996702093585,0.8230287811747897,37.0,193.94575796130007
evt_inv_006432_0,cust_b2b_028,inv_006432,2026-05-10T15:54:57.709683+00:00,7082252,SEND_REMINDER,0.8500000000000001,0,7.391695202837215,0.34285714285714286,0.942872198829788,0.0,1.0,0.5686002104518365,0.8226140046669077,27.0,190.46097837036555
evt_inv_007276_1,cust_b2b_018,inv_007276,2026-05-10T16:13:54.041745+00:00,2537230,OFFER_PAYMENT_PLAN,0.8500000000000001,0,21.368293876471483,0.6203703703703703,0.6163943751794596,1.0,1.0,0.5693552802142353,0.8220915793828384,31.0,194.10164164564674
evt_inv_002228_0,cust_b2b_008,inv_002228,2026-05-10T16:19:18.089957+00:00,7750367,SEND_REMINDER,0.8500000000000001,1,5.567095071337936,0.25203252032520324,-0.09901425126490934,0.0,1.0,0.569570515792332,0.8219424721597351,38.0,192.84880147935647
evt_inv_006428_0,cust_b2b_010,inv_006428,2026-05-10T16:43:46.642212+00:00,3294650,WRITE_OFF,0.05,0,5.492247049643044,0.1346153846153846,0.3227046858105204,0.0,1.0,0.570545450988543,0.8212660277621863,50.0,200.37060459402127
evt_inv_000550_0,cust_b2b_019,inv_000550,2026-05-10T17:09:43.840261+00:00,3130097,SEND_REMINDER,0.8500000000000001,1,2.8893785017037406,0.3442028985507246,-0.20287727172236913,0.0,1.0,0.5715783583091213,0.8205474881520568,48.0,202.6533235396491
evt_inv_006879_1,cust_b2b_007,inv_006879,2026-05-10T17:10:03.066004+00:00,3618496,OFFER_PAYMENT_PLAN,0.8500000000000001,0,24.879701349886933,0.2887323943661972,-0.38717378659637736,1.0,1.0,0.5715911053132005,0.8205386086753224,53.0,207.51662295999935
evt_inv_007664_0,cust_b2b_015,inv_007664,2026-05-10T17:10:55.494167+00:00,10457398,SEND_REMINDER,0.8500000000000001,0,8.501381440397148,0.1517509727626459,0.21723861196437969,0.0,1.0,0.5716258654015104,0.8205143935385742,34.0,201.84292118459624
evt_inv_000595_0,cust_b2b_030,inv_000595,2026-05-10T17:46:16.645738+00:00,2238703,SEND_REMINDER,0.8500000000000001,0,3.5411613280655097,0.3096085409252669,-0.14165508408237482,0.0,1.0,0.5730313365968703,0.8195334570827504,44.0,208.58723950483986
evt_inv_002206_1,cust_b2b_017,inv_002206,2026-05-10T17:48:58.488010+00:00,6300868,OFFER_PAYMENT_PLAN,0.8500000000000001,0,16.18571359855986,0.2795275590551181,-0.08567875287181943,1.0,1.0,0.5731385039280733,0.8194585134801455,29.0,205.25760618000808
evt_inv_008173_0,cust_b2b_023,inv_008173,2026-05-10T17:54:04.567547+00:00,2347863,SEND_REMINDER,0.8500000000000001,0,3.0799366476077563,0.4126984126984127,0.10723657204543977,0.0,1.0,0.573341154258098,0.8193167402378594,37.0,194.03893062480324
evt_inv_008336_0,cust_b2b_027,inv_008336,2026-05-10T18:27:45.198530+00:00,3417049,OFFER_PAYMENT_PLAN,0.05,0,2.9045938192585807,0.15849056603773584,0.5711911703278874,0.0,1.0,0.5746781009447862,0.8183795453788505,40.0,193.8510511564131
evt_inv_000738_0,cust_b2b_034,inv_000738,2026-05-10T18:29:17.557789+00:00,6452406,SEND_REMINDER,0.8500000000000001,0,1.3120942563528404,0.47085201793721976,0.6015070585152792,0.0,1.0,0.5747391736901978,0.8183366557999884,41.0,190.69369639363956
evt_inv_005539_0,cust_b2b_008,inv_005539,2026-05-10T18:31:57.332795+00:00,8850024,SEND_REMINDER,0.8500000000000001,0,5.110071027378016,0.2550607287449393,0.24164848179042486,0.0,1.0,0.5748448176744291,0.8182624490912755,39.0,192.94092234554077
evt_inv_000819_1,cust_b2b_011,inv_000819,2026-05-10T18:35:05.747744+00:00,2531176,OFFER_PAYMENT_PLAN,0.8500000000000001,1,19.219160362876597,0.3625,1.3704551142925452,1.0,1.0,0.5749693862123053,0.8181749231788059,36.0,203.57134032416857
evt_inv_001520_0,cust_b2b_022,inv_001520,2026-05-10T18:47:24.371231+00:00,1873867,SEND_REMINDER,0.8500000000000001,0,4.3465819684769595,0.19444444444444445,-0.013668305929633555,0.0,1.0,0.5754575907185707,0.8178316215972442,47.0,197.3328952017287
evt_inv_008041_1,cust_b2b_007,inv_008041,2026-05-10T19:00:22.728109+00:00,4444348,OFFER_PAYMENT_PLAN,0.8500000000000001,1,23.632958980126386,0.28771929824561404,0.09503822352451796,1.0,1.0,0.5759718358007861,0.8174695372699048,54.0,207.59323941954597
evt_inv_002499_0,cust_b2b_012,inv_002499,2026-05-10T19:08:55.743738+00:00,3628476,SEND_REMINDER,0.8500000000000001,1,6.986768964484463,0.4716981132075472,-0.13637578790632315,0.0,1.0,0.5763106505841237,0.8172307104014778,44.0,203.75221728428082
evt_inv_004359_0,cust_b2b_028,inv_004359,2026-05-10T19:17:04.859976+00:00,4193808,SEND_REMINDER,0.8500000000000001,1,9.80365785644455,0.34146341463414637,-0.46127766762572714,0.0,1.0,0.576633589096161,0.8170028787746587,28.0,190.6013389061621
evt_inv_001061_0,cust_b2b_016,inv_001061,2026-05-10T19:19:09.592534+00:00,10048412,SEND_REMINDER,0.8500000000000001,0,5.7548091490662365,0.23048327137546468,0.027871672386223068,0.0,1.0,0.5767159292331255,0.8169447575991736,28.0,196.4932373087132
evt_inv_003657_1,cust_b2b_025,inv_003657,2026-05-10T19:21:07.083275+00:00,8975490,OFFER_PAYMENT_PLAN,0.8500000000000001,0,18.72260116742418,0.20569620253164558,-0.2874196238458802,1.0,1.0,0.576793483446674,0.8168900032767272,50.0,201.92483967476937
evt_inv_007238_1,cust_b2b_009,inv_007238,2026-05-10T19:48:09.068995+00:00,5120433,OFFER_PAYMENT_PLAN,0.8500000000000001,0,18.25311954024536,0.15328467153284672,-0.3177561714787494,1.0,1.0,0.5778636049874354,0.8161333555436423,38.0,198.72556291295018
evt_inv_007835_1,cust_b2b_038,inv_007835,2026-05-10T19:55:07.941010+00:00,5277782,OFFER_PAYMENT_PLAN,0.8500000000000001,0,21.442771528615133,0.2757201646090535,0.5594531190699665,1.0,1.0,0.578139798860347,0.8159377261615727,41.0,203.83198410266903
evt_inv_003921_1,cust_b2b_031,inv_003921,2026-05-10T19:57:17.981108+00:00,10747419,OFFER_PAYMENT_PLAN,0.8500000000000001,1,22.92348788859666,0.288,-0.5489965162287875,1.0,1.0,0.5782255306227343,0.8158769734071782,41.0,202.17010017018444
evt_inv_005953_0,cust_b2b_020,inv_005953,2026-05-10T20:21:15.712591+00:00,5043005,SEND_REMINDER,0.8500000000000001,0,6.731612922551331,0.3446969696969697,-0.14858494359867427,0.0,1.0,0.5791729606769032,0.8152046869472418,35.0,192.04052233481784
evt_inv_007385_1,cust_b2b_002,inv_007385,2026-05-10T20:27:52.437558+00:00,3398113,OFFER_PAYMENT_PLAN,0.8500000000000001,0,21.159962010323195,0.14457831325301204,-0.26549570460676286,1.0,1.0,0.5794342552267264,0.8150189837481389,38.0,203.42828496123343
evt_inv_001557_0,cust_b2b_024,inv_001557,2026-05-10T20:29:04.311407+00:00,5059737,SEND_REMINDER,0.8500000000000001,0,2.6577754927238786,0.1391941391941392,0.28159338934012124,0.0,1.0,0.5794815870551049,0.8149853313183599,36.0,199.07147617819246
evt_inv_007182_1,cust_b2b_037,inv_007182,2026-05-10T20:35:24.963229+00:00,3320941,OFFER_PAYMENT_PLAN,0.8500000000000001,0,16.399187857515948,0.2804878048780488,0.36588213378664663,1.0,1.0,0.5797322290407124,0.8148070585184488,29.0,201.0715969337608
evt_inv_003338_0,cust_b2b_012,inv_003338,2026-05-10T21:11:56.898669+00:00,2928620,ESCALATE_COLLECTIONS,0.05,0,5.118426986281265,0.47368421052631576,-0.5922684369904267,0.0,1.0,0.5811744513358016,0.8137789977103919,45.0,203.83764731820838
evt_inv_003396_0,cust_b2b_036,inv_003396,2026-05-10T21:40:24.910334+00:00,3566211,ESCALATE_COLLECTIONS,0.05,0,9.739385274957073,0.2767527675276753,-0.1164283875815697,0.0,1.0,0.5822970039568908,0.8129761369085988,33.0,205.35692542753023
evt_inv_004511_0,cust_b2b_027,inv_004511,2026-05-10T21:41:33.617503+00:00,3555423,SEND_REMINDER,0.8500000000000001,0,6.942642273959945,0.15789473684210525,0.6955595386008833,0.0,1.0,0.5823421370226809,0.8129438082966479,41.0,193.98563933896844
evt_inv_006404_1,cust_b2b_032,inv_006404,2026-05-10T21:51:19.734229+00:00,6667725,WRITE_OFF,0.05,0,21.168344532338246,0.10461538461538461,0.03837830750076632,1.0,1.0,0.5827270783757177,0.8126679224183148,38.0,208.84558150121381
evt_inv_001107_0,cust_b2b_002,inv_001107,2026-05-10T21:57:48.307440+00:00,3675507,SEND_REMINDER,0.8500000000000001,0,9.469059770634262,0.144,-0.08308927050245289,0.0,1.0,0.5829822078844212,0.8124849200386463,39.0,203.49073715895176
evt_inv_001102_0,cust_b2b_005,inv_001102,2026-05-10T22:02:21.324382+00:00,7590284,SEND_REMINDER,0.8500000000000001,0,1.5024493695398933,0.23484848484848486,-0.05891938398742318,0.0,1.0,0.58316143105097,0.8123562921123864,45.0,201.25806007711302
evt_inv_000263_0,cust_b2b_021,inv_000263,2026-05-10T22:17:12.384143+00:00,9148446,SEND_REMINDER,0.8500000000000001,0,2.9245933632258443,0.3320754716981132,-0.004472530127170229,0.0,1.0,0.5837461736184191,0.8119362073376545,33.0,202.93415039576584
evt_inv_006294_1,cust_b2b_022,inv_006294,2026-05-10T22:25:53.349095+00:00,1403534,OFFER_PAYMENT_PLAN,0.8500000000000001,0,16.723669713147167,0.19367588932806323,-0.6377278689199596,1.0,1.0,0.5840879077015416,0.8116904065447831,47.0,197.48461948256872
evt_inv_004885_1,cust_b2b_012,inv_004885,2026-05-10T22:28:47.685629+00:00,4579977,OFFER_PAYMENT_PLAN,0.8500000000000001,1,17.541929338864684,0.47191011235955055,0.4834414513630748,1.0,1.0,0.5842022430248323,0.811608119257536,45.0,203.89101290802805
evt_inv_006152_0,cust_b2b_024,inv_006152,2026-05-10T22:40:39.622596+00:00,6112418,SEND_REMINDER,0.8500000000000001,1,8.804387090231561,0.1386861313868613,0.8603051352132786,0.0,1.0,0.584669033079169,0.811271916041884,37.0,199.16285709473127
evt_inv_003142_1,cust_b2b_026,inv_003142,2026-05-10T22:41:04.057117+00:00,6127972,OFFER_PAYMENT_PLAN,0.8500000000000001,0,20.674638388658742,0.2808988764044944,0.7117382735150491,1.0,1.0,0.5846850504339723,0.811260372383012,29.0,193.08173781644905
evt_inv_001694_1,cust_b2b_036,inv_001694,2026-05-10T22:45:50.604333+00:00,3409842,OFFER_PAYMENT_PLAN,0.8500000000000001,0,19.065941137781895,0.2757352941176471,-0.2209415474549531,1.0,1.0,0.5848728712967044,0.8111249746008001,33.0,205.4023617006665
evt_inv_007959_0,cust_b2b_017,inv_007959,2026-05-10T23:13:56.677572+00:00,8189628,SEND_REMINDER,0.8500000000000001,0,3.039734956593514,0.2784313725490196,0.6380423253136952,0.0,1.0,0.5859773931691181,0.8103273996939291,28.0,205.48327967030926
evt_inv_005366_0,cust_b2b_011,inv_005366,2026-05-10T23:46:00.686001+00:00,1587160,SEND_REMINDER,0.8500000000000001,0,6.577751194247245,0.3651452282157676,-0.07305267323540443,0.0,1.0,0.5872364540945595,0.8094154353497642,34.0,203.78725396140257
evt_inv_008055_1,cust_b2b_015,inv_008055,2026-05-10T23:48:04.884262+00:00,9360650,OFFER_PAYMENT_PLAN,0.8500000000000001,0,18.50830252941727,0.1511627906976744,-0.06773938249941477,1.0,1.0,0.5873176800455843,0.8093564991435311,34.0,202.118724310698
evt_inv_001770_0,cust_b2b_006,inv_001770,2026-05-11T00:21:42.585146+00:00,6526783,SEND_REMINDER,0.8500000000000001,0,5.595123505339257,0.3007518796992481,0.43888701852553885,0.0,1.0,0.5886364319152121,0.8083978915250385,40.0,204.14355227415209
evt_inv_003770_1,cust_b2b_025,inv_003770,2026-05-11T00:39:32.905773+00:00,11359417,OFFER_PAYMENT_PLAN,0.8500000000000001,0,21.4435386521964,0.20504731861198738,0.30025081709843027,1.0,1.0,0.5893353493307445,0.8078885108907102,50.0,202.14597187960192
evt_inv_002327_0,cust_b2b_006,inv_002327,2026-05-11T00:43:14.544051+00:00,5376110,SEND_REMINDER,0.8500000000000001,1,2.964594674645894,0.299625468164794,-0.07923925876419108,0.0,1.0,0.5894800236490672,0.8077829545853856,41.0,204.15850550222333
evt_inv_007154_1,cust_b2b_004,inv_007154,2026-05-11T00:56:00.956904+00:00,3943960,OFFER_PAYMENT_PLAN,0.8500000000000001,0,20.952491499287238,0.16981132075471697,0.6428908925929977,1.0,1.0,0.5899801536515827,0.8074177470784593,33.0,205.34820416558532
evt_inv_007349_0,cust_b2b_010,inv_007349,2026-05-11T00:56:43.216712+00:00,3570578,SEND_REMINDER,0.8500000000000001,1,6.866139455854974,0.13409961685823754,0.5591064145988072,0.0,1.0,0.5900077241116402,0.8073976006210339,47.0,200.7129260581414
evt_inv_004033_1,cust_b2b_034,inv_004033,2026-05-11T01:07:24.884048+00:00,5983720,OFFER_PAYMENT_PLAN,0.8500000000000001,0,16.729352650452153,0.46875,0.3762216405195589,1.0,1.0,0.5904262657815713,0.807091583821334,40.0,190.97017007719174
evt_inv_008131_0,cust_b2b_029,inv_008131,2026-05-11T01:16:10.844374+00:00,4405754,SEND_REMINDER,0.8500000000000001,1,6.0416526156401185,0.2231404958677686,-0.532494816596092,0.0,1.0,0.5907692166376768,0.8068405869025838,34.0,205.1180086277649
evt_inv_001729_1,cust_b2b_005,inv_001729,2026-05-11T01:57:39.112366+00:00,9081750,OFFER_PAYMENT_PLAN,0.8500000000000001,0,19.82067758075206,0.2339622641509434,0.4207451030296693,1.0,1.0,0.5923902368244712,0.8056511697472095,45.0,201.42146040099615
evt_inv_003973_0,cust_b2b_014,inv_003973,2026-05-11T02:03:54.456122+00:00,10912863,SEND_REMINDER,0.8500000000000001,0,6.322235544812252,0.25225225225225223,0.07390400622438725,0.0,1.0,0.592634552549069,0.8054714688460198,31.0,207.32494952632567
evt_inv_002673_1,cust_b2b_007,inv_002673,2026-05-11T02:20:15.229005+00:00,4479597,OFFER_PAYMENT_PLAN,0.8500000000000001,0,20.745096534788026,0.2902097902097902,0.11561965735125114,1.0,1.0,0.5932726919338822,0.8050015608714836,55.0,207.89870817991616
evt_inv_001632_0,cust_b2b_015,inv_001632,2026-05-11T02:28:41.653005+00:00,11646140,SEND_REMINDER,0.8500000000000001,0,2.6553601119010897,0.15057915057915058,0.5261199824025801,0.0,1.0,0.593602050615196,0.8047587250259759,35.0,202.2302609859626
evt_inv_002474_0,cust_b2b_030,inv_002474,2026-05-11T02:33:15.097027+00:00,2229940,SEND_REMINDER,0.8500000000000001,0,8.743350742331224,0.30851063829787234,-0.15088655777889257,0.0,1.0,0.5937798467638263,0.8046275496011349,44.0,208.953193802174
evt_inv_005772_0,cust_b2b_035,inv_005772,2026-05-11T02:44:50.019394+00:00,4923729,SEND_REMINDER,0.8500000000000001,0,2.3584535329831544,0.36015325670498083,-0.1732326518043231,0.0,1.0,0.5942315620554206,0.8042940075974548,34.0,207.92549328319862
evt_inv_002564_1,cust_b2b_027,inv_002564,2026-05-11T03:10:11.065734+00:00,3044192,OFFER_PAYMENT_PLAN,0.8500000000000001,0,21.51371868841582,0.15730337078651685,0.23607255118893497,1.0,1.0,0.5952196226097574,0.8035630658886072,42.0,194.21385054534687
evt_inv_003779_0,cust_b2b_013,inv_003779,2026-05-11T03:23:25.268050+00:00,2014852,SEND_REMINDER,0.8500000000000001,0,9.520006483864297,0.1950354609929078,-0.4135747608332197,0.0,1.0,0.5957351734152605,0.8031809280329616,38.0,204.8385880641265
evt_inv_005421_0,cust_b2b_037,inv_005421,2026-05-11T03:41:30.817792+00:00,3075943,OFFER_PAYMENT_PLAN,0.05,0,9.722093391827586,0.2793522267206478,0.15445519568869456,0.0,1.0,0.5964394534519284,0.8026580706415185,29.0,201.36749802824502
evt_inv_002966_0,cust_b2b_007,inv_002966,2026-05-11T04:02:50.241494+00:00,5988879,OFFER_PAYMENT_PLAN,0.05,0,7.5885459220149105,0.289198606271777,0.9968837285104728,0.0,1.0,0.5972689253240833,0.802041040622121,56.0,207.96994675039437
evt_inv_000834_1,cust_b2b_022,inv_000834,2026-05-11T04:08:42.753296+00:00,1710393,OFFER_PAYMENT_PLAN,0.8500000000000001,0,20.292623775895375,0.19291338582677164,-0.2305732656944121,1.0,1.0,0.5974973525164837,0.8018708834568024,46.0,197.72269129045435
evt_inv_003398_1,cust_b2b_025,inv_003398,2026-05-11T04:17:53.046918+00:00,11231053,OFFER_PAYMENT_PLAN,0.8500000000000001,1,19.504835381435583,0.20440251572327045,0.26860738300679754,1.0,1.0,0.597853845161301,0.8016051271204838,51.0,202.2975938835971
evt_inv_001458_0,cust_b2b_024,inv_001458,2026-05-11T04:22:22.270219+00:00,5314154,SEND_REMINDER,0.8500000000000001,0,6.387360432061796,0.14181818181818182,0.42145894695730685,0.0,1.0,0.598028211043481,0.8014750518862915,37.0,199.40015625703225
evt_inv_004833_0,cust_b2b_033,inv_004833,2026-05-11T04:31:53.118374+00:00,4917435,SEND_REMINDER,0.8500000000000001,0,6.628687320692246,0.14015151515151514,0.3189958891660728,0.0,1.0,0.598397834452942,0.8011991211440695,40.0,190.3371822775846
evt_inv_007106_0,cust_b2b_034,inv_007106,2026-05-11T04:32:25.871503+00:00,5427677,SEND_REMINDER,0.8500000000000001,0,9.67896950167354,0.4666666666666667,0.108945993509581,0.0,1.0,0.598419038198586,0.8011832841001361,41.0,191.11254261717772
evt_inv_000084_0,cust_b2b_026,inv_000084,2026-05-11T04:42:20.745765+00:00,2908004,SEND_REMINDER,0.8500000000000001,0,4.705057497320014,0.2798507462686567,-0.9758828313828917,0.0,1.0,0.5988040753984318,0.80089554829967,28.0,193.3326254165423
evt_inv_007944_0,cust_b2b_037,inv_007944,2026-05-11T04:54:21.012020+00:00,2343871,SEND_REMINDER,0.8500000000000001,1,4.587075043616091,0.2782258064516129,-0.47730346512889676,0.0,1.0,0.5992700884081049,0.8005469137654221,29.0,201.41807897995736
evt_inv_008168_0,cust_b2b_012,inv_008168,2026-05-11T04:55:30.019265+00:00,3270955,OFFER_PAYMENT_PLAN,0.05,0,2.570938383615216,0.47388059701492535,-0.3692678494756892,0.0,1.0,0.5993147255139649,0.8005134975639829,46.0,204.15955843621904
evt_inv_008741_0,cust_b2b_033,inv_008741,2026-05-11T05:04:07.879897+00:00,4262087,SEND_REMINDER,0.8500000000000001,0,9.987996414767757,0.13962264150943396,-0.05669234367124523,0.0,1.0,0.5996496424644796,0.8002626483175519,41.0,190.3595753507699
evt_inv_004757_0,cust_b2b_006,inv_004757,2026-05-11T05:05:49.911275+00:00,4504655,OFFER_PAYMENT_PLAN,0.05,0,3.8905706424527717,0.30223880597014924,-0.4716389630095356,0.0,1.0,0.5997156170239972,0.8002132082748487,42.0,204.34085928953576
evt_inv_000220_1,cust_b2b_014,inv_000220,2026-05-11T05:08:04.024381+00:00,9374845,OFFER_PAYMENT_PLAN,0.8500000000000001,0,19.682466958474038,0.25112107623318386,-0.28885234394054704,1.0,1.0,0.5998023297649637,0.80014821452561,32.0,207.45283804783813
evt_inv_008224_0,cust_b2b_000,inv_008224,2026-05-11T05:30:15.713950+00:00,6040797,SEND_REMINDER,0.8500000000000001,0,4.433738465015303,0.35177865612648224,0.5813188316500654,0.0,1.0,0.6006629702714278,0.7995023428012615,39.0,200.87748549505065
evt_inv_007812_0,cust_b2b_027,inv_007812,2026-05-11T05:41:12.496312+00:00,2583786,SEND_REMINDER,0.8500000000000001,0,7.323221669021608,0.15671641791044777,-0.17773309290921183,0.0,1.0,0.6010871776623654,0.799183461321549,43.0,194.31872821407742
evt_inv_000875_0,cust_b2b_031,inv_000875,2026-05-11T05:51:36.290344+00:00,15226782,SEND_REMINDER,0.8500000000000001,1,4.071187261656803,0.2908366533864542,0.26415245078364463,0.0,1.0,0.6014899215633783,0.7988803879540923,40.0,202.5828120826395
evt_inv_007017_0,cust_b2b_026,inv_007017,2026-05-11T05:52:53.582193+00:00,6579433,ESCALATE_COLLECTIONS,0.05,0,2.0006827946901153,0.2788104089219331,0.9483544498042091,0.0,1.0,0.6015398133275242,0.7988428211994444,29.0,193.38161657890308
evt_inv_005561_0,cust_b2b_006,inv_005561,2026-05-11T05:57:29.748501+00:00,5322865,SEND_REMINDER,0.8500000000000001,1,8.455175665783774,0.30111524163568776,-0.10321455112716041,0.0,1.0,0.6017180590653038,0.7987085684996021,43.0,204.37673703520485
evt_inv_006098_1,cust_b2b_017,inv_006098,2026-05-11T06:23:10.510635+00:00,7453238,OFFER_PAYMENT_PLAN,0.8500000000000001,0,17.251195314110046,0.27734375,0.3558778255088428,1.0,1.0,0.6027119614459779,0.7979588282173098,29.0,205.78135644187182
evt_inv_008798_0,cust_b2b_029,inv_008798,2026-05-11T06:32:37.778071+00:00,4797140,SEND_REMINDER,0.8500000000000001,0,3.816148271431888,0.22633744855967078,-0.3577112942561782,0.0,1.0,0.6030776545353317,0.7976824823199787,34.0,205.33776480481524
evt_inv_004060_0,cust_b2b_021,inv_004060,2026-05-11T07:01:19.155265+00:00,9095081,WRITE_OFF,0.05,0,3.6734047357124653,0.3308270676691729,-0.01902938159114772,0.0,1.0,0.6041865769651725,0.7968428830171652,34.0,203.29811765412055
evt_inv_001949_0,cust_b2b_020,inv_001949,2026-05-11T07:01:20.048319+00:00,4097389,ESCALATE_COLLECTIONS,0.05,0,6.4443373819537735,0.3433962264150943,-0.589500134915569,0.0,1.0,0.6041871519728979,0.7968424470313303,34.0,192.48501696129043
evt_inv_003290_0,cust_b2b_007,inv_003290,2026-05-11T07:03:43.788284+00:00,5265088,SEND_REMINDER,0.8500000000000001,1,8.786014972152936,0.2881944444444444,0.5742650197988216,0.0,1.0,0.604279697298827,0.7967722682375674,57.0,208.0955665049095
evt_inv_005102_1,cust_b2b_007,inv_005102,2026-05-11T07:10:19.648950+00:00,4073877,OFFER_PAYMENT_PLAN,0.8500000000000001,1,16.951751581420133,0.2906574394463668,-0.12127880203360815,1.0,1.0,0.604534525500113,0.7965789398913037,58.0,208.10014822557335
evt_inv_007612_0,cust_b2b_004,inv_007612,2026-05-11T07:11:19.240657+00:00,3114012,OFFER_PAYMENT_PLAN,0.05,0,2.4123902903371617,0.16917293233082706,-0.018484501985690138,0.0,1.0,0.6045728812372572,0.7965498297485735,34.0,205.60883244977046
evt_inv_003148_1,cust_b2b_013,inv_003148,2026-05-11T07:13:02.616693+00:00,2049940,OFFER_PAYMENT_PLAN,0.8500000000000001,0,23.36022116554442,0.19434628975265017,-0.37724090637418917,1.0,1.0,0.6046394150896491,0.7964993268798455,38.0,204.99804811786748
evt_inv_006454_0,cust_b2b_018,inv_006454,2026-05-11T07:42:29.632917+00:00,1747106,SEND_REMINDER,0.8500000000000001,1,1.081823338638591,0.6175115207373272,-0.3540890604381536,0.0,1.0,0.6057760316958266,0.7956352175606966,32.0,194.74649802495227
evt_inv_003510_0,cust_b2b_031,inv_003510,2026-05-11T07:45:24.800018+00:00,14908627,SEND_REMINDER,0.8500000000000001,1,7.227085412071627,0.29365079365079366,0.20639699830888653,0.0,1.0,0.6058886390502577,0.7955494686503326,41.0,202.66184575942157
evt_inv_001636_1,cust_b2b_026,inv_001636,2026-05-11T07:47:00.293214+00:00,5703911,SEND_REMINDER,0.05,0,20.856188337969044,0.2777777777777778,0.4894835129185323,1.0,1.0,0.6059500223845466,0.7955027155026986,28.0,193.46086091942936
evt_inv_001821_0,cust_b2b_010,inv_001821,2026-05-11T07:47:42.533488+00:00,2515089,SEND_REMINDER,0.8500000000000001,0,7.506919352662617,0.13740458015267176,-0.345187698191539,0.0,1.0,0.605977173417906,0.7954820332958156,46.0,200.99833481712417
evt_inv_000504_1,cust_b2b_037,inv_000504,2026-05-11T08:13:51.364529+00:00,2336040,ESCALATE_COLLECTIONS,0.05,1,21.979930692475822,0.28112449799196787,-0.4840611625869297,1.0,1.0,0.6069850800598555,0.7947132266325576,30.0,201.5566247265866
evt_inv_004775_1,cust_b2b_014,inv_004775,2026-05-11T08:21:10.898843+00:00,8356727,ESCALATE_COLLECTIONS,0.05,0,21.744386899220704,0.25,-0.5289851693322531,1.0,1.0,0.6072672871543153,0.7944976034905571,33.0,207.5869453911579
evt_inv_008535_1,cust_b2b_022,inv_008535,2026-05-11T08:26:49.646564+00:00,3531025,OFFER_PAYMENT_PLAN,0.8500000000000001,0,24.77220931628564,0.19215686274509805,2.185123849919734,1.0,1.0,0.607484731015884,0.7943313550292215,47.0,197.90193774031218
evt_inv_005336_0,cust_b2b_037,inv_005336,2026-05-11T08:33:14.549982+00:00,2701228,SEND_REMINDER,0.8500000000000001,0,2.445704798921462,0.284,-0.16891379217790886,0.0,1.0,0.6077317472125371,0.7941423823408476,30.0,201.57008752117872
evt_inv_002844_0,cust_b2b_002,inv_002844,2026-05-11T08:37:01.903338+00:00,3932614,SEND_REMINDER,0.8500000000000001,0,3.6641281786832556,0.14342629482071714,0.08597715765951096,0.0,1.0,0.6078776262296499,0.7940307245500051,39.0,203.93464451887212
evt_inv_007560_1,cust_b2b_022,inv_007560,2026-05-11T08:46:46.155766+00:00,2363206,OFFER_PAYMENT_PLAN,0.8500000000000001,0,19.477441542916644,0.19140625,0.6356083699012685,1.0,1.0,0.6082524118740759,0.7937436635648625,48.0,197.91578622644988
evt_inv_008290_1,cust_b2b_019,inv_008290,2026-05-11T09:07:07.023007+00:00,3073429,WRITE_OFF,0.05,0,24.72516917430945,0.34657039711191334,-0.24446440896184604,1.0,1.0,0.6090351348342797,0.7931432433913755,49.0,203.31817519180876
evt_inv_000588_0,cust_b2b_022,inv_000588,2026-05-11T09:18:08.781852+00:00,1343246,SEND_REMINDER,0.8500000000000001,0,6.616302722057359,0.19066147859922178,-0.7177208522690536,0.0,1.0,0.609459154315468,0.7928174690438364,49.0,197.9375758802164
evt_inv_005191_0,cust_b2b_013,inv_005191,2026-05-11T09:48:09.174231+00:00,2195901,SEND_REMINDER,0.8500000000000001,0,2.259947117249835,0.1936619718309859,-0.22609509615191312,0.0,1.0,0.6106118666338016,0.7919300147904387,38.0,205.10576290418967
evt_inv_008527_0,cust_b2b_033,inv_008527,2026-05-11T10:01:54.242284+00:00,3717045,SEND_REMINDER,0.8500000000000001,0,8.88692079073369,0.13909774436090225,-0.36914627502472735,0.0,1.0,0.6111396898922709,0.7915227598991573,42.0,190.56636195246475
evt_inv_005085_1,cust_b2b_009,inv_005085,2026-05-11T10:37:44.728682+00:00,7010146,OFFER_PAYMENT_PLAN,0.8500000000000001,0,19.10417816787544,0.15272727272727274,0.48760796273973894,1.0,1.0,0.612514149789879,0.7904596234515598,38.0,199.3433367519175
evt_inv_003967_0,cust_b2b_012,inv_003967,2026-05-11T10:54:13.862156+00:00,4483030,SEND_REMINDER,0.8500000000000001,0,5.633471460285058,0.4721189591078067,0.4202891674962097,0.0,1.0,0.6131457229364647,0.7899698237557686,46.0,204.40867698819451
evt_inv_007260_0,cust_b2b_011,inv_007260,2026-05-11T11:21:16.381457+00:00,2001275,ESCALATE_COLLECTIONS,0.05,0,5.095985378704793,0.36363636363636365,0.5601764794854115,0.0,1.0,0.6141808718856633,0.7891652910574353,33.0,204.27007451066268
evt_inv_007072_0,cust_b2b_025,inv_007072,2026-05-11T11:21:17.632239+00:00,6780875,SEND_REMINDER,0.8500000000000001,0,6.637900019882735,0.20689655172413793,-0.8284219609872284,0.0,1.0,0.614181669463623,0.7891646703286184,49.0,202.5916284359208
evt_inv_002478_0,cust_b2b_008,inv_002478,2026-05-11T11:43:14.574907+00:00,8465638,SEND_REMINDER,0.8500000000000001,0,4.763618640512748,0.2540322580645161,0.12256974421585441,0.0,1.0,0.6150210872464678,0.7885106608297523,38.0,193.65709412924517
evt_inv_001931_1,cust_b2b_029,inv_001931,2026-05-11T11:48:58.699522+00:00,5759085,OFFER_PAYMENT_PLAN,0.8500000000000001,0,23.102684274992008,0.22540983606557377,0.0718703826280663,1.0,1.0,0.6152403171644258,0.7883396172560508,34.0,205.55745139568452
evt_inv_003679_1,cust_b2b_006,inv_003679,2026-05-11T11:52:02.811170+00:00,5590162,OFFER_PAYMENT_PLAN,0.8500000000000001,0,19.073351356045798,0.3037037037037037,0.017143989000497573,1.0,1.0,0.615357588809988,0.7882480814400741,44.0,204.62295303831493
evt_inv_005359_1,cust_b2b_036,inv_005359,2026-05-11T11:53:32.483592+00:00,3591469,OFFER_PAYMENT_PLAN,0.8500000000000001,1,19.781710553187324,0.27472527472527475,-0.09954666739836417,1.0,1.0,0.6154147015711522,0.7882034921833889,32.0,205.94937419209154
evt_inv_002407_1,cust_b2b_026,inv_002407,2026-05-11T12:11:18.088805+00:00,4046603,OFFER_PAYMENT_PLAN,0.8500000000000001,1,21.938692353864965,0.2767527675276753,-0.3791304342254158,1.0,1.0,0.6160931428213646,0.7876733075130156,29.0,193.64440022024348
evt_inv_004867_0,cust_b2b_014,inv_004867,2026-05-11T12:11:45.651836+00:00,10240153,SEND_REMINDER,0.8500000000000001,0,9.182824978105312,0.24888888888888888,-0.0847611224044873,0.0,1.0,0.6161106853802478,0.7876595859635566,33.0,207.74706984709346
evt_inv_005159_1,cust_b2b_000,inv_005159,2026-05-11T12:22:01.991802+00:00,4455020,OFFER_PAYMENT_PLAN,0.8500000000000001,0,24.867616227072638,0.35039370078740156,-0.2275618071419372,1.0,1.0,0.6165028766237345,0.787352654859727,39.0,201.16343778499868
evt_inv_006064_0,cust_b2b_005,inv_006064,2026-05-11T12:27:29.212560+00:00,9870773,SEND_REMINDER,0.8500000000000001,0,1.9628859498354125,0.23308270676691728,0.6744997978450042,0.0,1.0,0.6167110325580724,0.7871896228490034,45.0,201.85884581991306
evt_inv_004662_1,cust_b2b_024,inv_004662,2026-05-11T12:28:44.055610+00:00,5515335,OFFER_PAYMENT_PLAN,0.8500000000000001,0,23.168317679213015,0.14130434782608695,0.5320583883847773,1.0,1.0,0.6167586366370604,0.787152325877015,37.0,199.73790840276877
evt_inv_004792_1,cust_b2b_024,inv_004792,2026-05-11T12:51:05.357434+00:00,3297937,OFFER_PAYMENT_PLAN,0.8500000000000001,0,23.4729407635352,0.1407942238267148,-0.686957107009331,1.0,1.0,0.6176113918644908,0.7864834191762764,38.0,199.7534327294309
evt_inv_005438_0,cust_b2b_015,inv_005438,2026-05-11T12:58:16.572103+00:00,12074056,SEND_REMINDER,0.8500000000000001,0,1.9681949677422035,0.15,0.6373090752651926,0.0,1.0,0.6178853897972217,0.7862681763082717,34.0,202.66747069774877
evt_inv_003796_0,cust_b2b_016,inv_003796,2026-05-11T12:59:48.604282+00:00,9932581,SEND_REMINDER,0.8500000000000001,1,9.941146455718972,0.22962962962962963,-0.0012677218140641703,0.0,1.0,0.6179438582132745,0.7862222256439286,27.0,197.229799944693
evt_inv_002784_0,cust_b2b_009,inv_002784,2026-05-11T13:03:06.988546+00:00,5203374,SEND_REMINDER,0.8500000000000001,0,1.3289559959119046,0.15217391304347827,-0.28240840891470115,0.0,1.0,0.6180698809164696,0.7861231597554553,39.0,199.4442888336729
evt_inv_001309_0,cust_b2b_017,inv_001309,2026-05-11T13:11:03.656383+00:00,5795133,SEND_REMINDER,0.8500000000000001,1,3.1956814947102044,0.27626459143968873,-0.27946284032424185,0.0,1.0,0.6183726170672683,0.7858850465948424,29.0,206.06461044358673
evt_inv_001328_1,cust_b2b_003,inv_001328,2026-05-11T13:13:43.990724+00:00,3980520,OFFER_PAYMENT_PLAN,0.8500000000000001,0,24.92052676688029,0.1596958174904943,-0.42312954889178156,1.0,1.0,0.618474426274411,0.7858049274753488,37.0,196.47952020780008
evt_inv_008882_0,cust_b2b_009,inv_008882,2026-05-11T13:13:57.324523+00:00,5729721,SEND_REMINDER,0.8500000000000001,0,8.187436742899127,0.15162454873646208,-0.0580877476260376,0.0,1.0,0.6184828925111127,0.7857982639781583,40.0,199.451815870445
evt_inv_002855_0,cust_b2b_024,inv_002855,2026-05-11T13:31:43.921597+00:00,3468240,SEND_REMINDER,0.8500000000000001,0,5.568070954526191,0.14028776978417265,-0.5933331588294926,0.0,1.0,0.6191598909910376,0.7852649421615399,39.0,199.78165685169105
evt_inv_000307_1,cust_b2b_023,inv_000307,2026-05-11T13:49:15.503280+00:00,1988730,OFFER_PAYMENT_PLAN,0.8500000000000001,1,16.26683503631674,0.41106719367588934,-0.29157105794318544,1.0,1.0,0.6198269085706151,0.7847385573627655,36.0,194.86891830690706
evt_inv_003207_0,cust_b2b_029,inv_003207,2026-05-11T14:15:05.064837+00:00,4122281,SEND_REMINDER,0.8500000000000001,0,1.8035653939669007,0.22448979591836735,-0.6590874619552709,0.0,1.0,0.6208089787536317,0.7839618689061815,35.0,205.65891395720186
evt_inv_001776_0,cust_b2b_011,inv_001776,2026-05-11T14:25:42.646264+00:00,1609567,ESCALATE_COLLECTIONS,0.05,1,1.5135623634065425,0.36213991769547327,-0.03878939866722188,0.0,1.0,0.6212127780861654,0.7836419363092232,33.0,204.39815627926862
evt_inv_008657_1,cust_b2b_026,inv_008657,2026-05-11T14:55:56.544808+00:00,3840676,OFFER_PAYMENT_PLAN,0.8500000000000001,1,16.22817870303418,0.27941176470588236,-0.4870588635289796,1.0,1.0,0.6223606719936189,0.7827306011365922,29.0,193.75873420175927
evt_inv_006314_1,cust_b2b_025,inv_006314,2026-05-11T15:12:12.885532+00:00,11309033,OFFER_PAYMENT_PLAN,0.8500000000000001,0,22.860247743642933,0.20625,0.2878304548312059,1.0,1.0,0.6229779787887922,0.7822393738135605,49.0,202.75199016384977
evt_inv_001861_0,cust_b2b_028,inv_001861,2026-05-11T15:15:29.375932+00:00,6418922,SEND_REMINDER,0.8500000000000001,0,2.5888046164157306,0.3441295546558704,0.6204099720208266,0.0,1.0,0.623102166083219,0.7821404545363964,27.0,191.43356710010036
evt_inv_006931_0,cust_b2b_017,inv_006931,2026-05-11T15:21:42.891935+00:00,7316691,SEND_REMINDER,0.8500000000000001,0,2.8174050019503416,0.27906976744186046,0.3035566506359475,0.0,1.0,0.623338195079212,0.7819523607966091,30.0,206.1553423365467
evt_inv_002162_0,cust_b2b_032,inv_002162,2026-05-11T15:24:20.857063+00:00,8129573,SEND_REMINDER,0.8500000000000001,0,7.780321156903359,0.10429447852760736,0.5948986928191646,0.0,1.0,0.6234379979511953,0.7818727918981485,36.0,209.57684449697717
evt_inv_007674_0,cust_b2b_009,inv_007674,2026-05-11T15:33:51.671736+00:00,5807220,SEND_REMINDER,0.8500000000000001,0,6.257009367690175,0.1510791366906475,-0.025059104513722414,0.0,1.0,0.6237985558069572,0.781585159642348,40.0,199.54897266689446
evt_inv_006495_0,cust_b2b_010,inv_006495,2026-05-11T15:39:08.352516+00:00,3335828,SEND_REMINDER,0.8500000000000001,0,1.3826751570982903,0.13688212927756654,0.35798369466335667,0.0,1.0,0.6239985315286685,0.7814255131809208,46.0,201.32571698179723
evt_inv_005939_0,cust_b2b_003,inv_005939,2026-05-11T15:41:06.952630+00:00,6855944,SEND_REMINDER,0.8500000000000001,0,3.3779314127365714,0.1590909090909091,1.0771472493332837,0.0,1.0,0.6240734139179044,0.7813657108171896,38.0,196.58186930393586
evt_inv_004494_0,cust_b2b_012,inv_004494,2026-05-11T15:50:25.323769+00:00,3310531,ESCALATE_COLLECTIONS,0.05,0,1.6469329776956796,0.4703703703703704,-0.34348790557066117,0.0,1.0,0.6244258843216892,0.7810840639707588,45.0,204.61436520131087
evt_inv_007069_0,cust_b2b_003,inv_007069,2026-05-11T16:36:57.046461+00:00,5565142,SEND_REMINDER,0.8500000000000001,0,6.986398660907259,0.15849056603773584,0.4036604232038404,0.0,1.0,0.6261862444913918,0.7796735132154785,39.0,196.62064353808145
evt_inv_008367_0,cust_b2b_028,inv_008367,2026-05-11T16:37:00.585708+00:00,3901559,SEND_REMINDER,0.8500000000000001,1,1.46907299647544,0.34274193548387094,-0.6033477879621438,0.0,1.0,0.6261884741934237,0.7796717224494626,28.0,191.49017832436314
evt_inv_000594_0,cust_b2b_006,inv_000594,2026-05-11T16:41:41.859838+00:00,7391671,SEND_REMINDER,0.8500000000000001,0,6.807041133146322,0.3025830258302583,0.8283295572878745,0.0,1.0,0.6263656586198126,0.7795293847583735,45.0,204.8240994349402
evt_inv_002847_0,cust_b2b_032,inv_002847,2026-05-11T16:53:50.863353+00:00,7330458,SEND_REMINDER,0.8500000000000001,1,2.087056123264107,0.10397553516819572,0.29067841111157783,0.0,1.0,0.626824732848825,0.77916028793118,37.0,209.63899734755373
evt_inv_004499_0,cust_b2b_001,inv_004499,2026-05-11T16:56:02.806911+00:00,8206510,SEND_REMINDER,0.8500000000000001,0,9.304500303452304,0.04979253112033195,0.46747817124024704,0.0,1.0,0.6269077982167356,0.7790934555847872,33.0,194.58971310466487
evt_inv_003601_1,cust_b2b_015,inv_003601,2026-05-11T17:02:53.471439+00:00,10070300,OFFER_PAYMENT_PLAN,0.8500000000000001,0,19.428507454573403,0.14942528735632185,0.11665538856306822,1.0,1.0,0.6271662873985199,0.7788853881995458,35.0,202.837342217837
evt_inv_005185_1,cust_b2b_006,inv_005185,2026-05-11T17:03:02.329867+00:00,3468762,OFFER_PAYMENT_PLAN,0.8500000000000001,0,24.3960978569689,0.3014705882352941,-0.9380819804983739,1.0,1.0,0.6271718624971421,0.7788808990416096,46.0,204.8389196899005
evt_inv_004895_0,cust_b2b_032,inv_004895,2026-05-11T17:08:46.219117+00:00,7773842,SEND_REMINDER,0.8500000000000001,0,7.104866746585509,0.10670731707317073,0.4594731896735986,0.0,1.0,0.6273882661941279,0.7787065965059794,38.0,209.64936026148908
evt_inv_000916_1,cust_b2b_001,inv_000916,2026-05-11T17:34:35.188748+00:00,7374287,OFFER_PAYMENT_PLAN,0.8500000000000001,0,18.875549851141184,0.049586776859504134,0.1665459607107699,1.0,1.0,0.6283624058769777,0.7779207458864279,34.0,194.61647678333068
evt_inv_008260_0,cust_b2b_027,inv_008260,2026-05-11T17:50:51.815386+00:00,2682502,SEND_REMINDER,0.8500000000000001,0,3.1358027645559012,0.15613382899628253,-0.08900896523309487,0.0,1.0,0.6289760958879678,0.7774246399500919,40.0,194.82543329595293
evt_inv_007336_1,cust_b2b_039,inv_007336,2026-05-11T18:01:01.568895+00:00,11322849,OFFER_PAYMENT_PLAN,0.8500000000000001,1,17.811845808669133,0.4084507042253521,0.10180050152826987,1.0,1.0,0.629359052560819,0.7771146523903332,30.0,194.64651071496462
evt_inv_000368_1,cust_b2b_024,inv_000368,2026-05-11T18:02:54.636398+00:00,4471983,OFFER_PAYMENT_PLAN,0.8500000000000001,0,22.277944221591135,0.13978494623655913,-0.041524698475922495,1.0,1.0,0.6294300479996057,0.777057150198886,40.0,199.96997531003407
evt_inv_006134_0,cust_b2b_015,inv_006134,2026-05-11T18:05:46.049145+00:00,11022803,SEND_REMINDER,0.8500000000000001,0,5.010047159755774,0.14885496183206107,0.36415276422599013,0.0,1.0,0.6295376685794,0.7769699632801861,36.0,202.88100631165514
evt_inv_002302_0,cust_b2b_000,inv_002302,2026-05-11T18:19:03.610570+00:00,3251322,SEND_REMINDER,0.8500000000000001,1,2.8285414064667567,0.34901960784313724,-0.8415502119368771,0.0,1.0,0.6300382544138498,0.7765640977891968,39.0,201.41137318740516
evt_inv_006004_0,cust_b2b_023,inv_006004,2026-05-11T18:38:48.718678+00:00,2157215,SEND_REMINDER,0.8500000000000001,0,6.356322211464488,0.41338582677165353,-0.10447249322417522,0.0,1.0,0.6307815988427652,0.7759604207441027,37.0,195.06999718881764
evt_inv_001395_0,cust_b2b_025,inv_001395,2026-05-11T18:55:53.923308+00:00,10025522,SEND_REMINDER,0.8500000000000001,0,8.491033233219973,0.205607476635514,-0.028572349207409548,0.0,1.0,0.6314241791971694,0.7754376222012838,49.0,202.90732624921543
evt_inv_008847_0,cust_b2b_008,inv_008847,2026-05-11T18:58:12.381195+00:00,5817607,SEND_REMINDER,0.8500000000000001,0,2.270406420855917,0.25301204819277107,-0.6977638663852731,0.0,1.0,0.6315109289811227,0.7753669754235083,39.0,193.95915207239258
evt_inv_002592_0,cust_b2b_007,inv_002592,2026-05-11T19:13:08.339200+00:00,4349370,SEND_REMINDER,0.8500000000000001,0,6.389540548527604,0.29310344827586204,0.03958050061156681,0.0,1.0,0.6320720938506803,0.7749095870972412,58.0,208.60210065902925
evt_inv_005444_1,cust_b2b_017,inv_005444,2026-05-11T19:23:19.102283+00:00,6136019,OFFER_PAYMENT_PLAN,0.8500000000000001,1,20.582477794906904,0.277992277992278,-0.1488447190016655,1.0,1.0,0.6324544428798652,0.7745975585305697,30.0,206.32312254891175
evt_inv_002548_0,cust_b2b_033,inv_002548,2026-05-11T20:04:02.382616+00:00,3636985,SEND_REMINDER,0.8500000000000001,0,8.869718929746234,0.13857677902621723,-0.4150419085396632,0.0,1.0,0.63398244017922,0.7733474416744403,41.0,190.98451172482532
evt_inv_007498_1,cust_b2b_024,inv_007498,2026-05-11T20:10:28.668748+00:00,3382403,OFFER_PAYMENT_PLAN,0.8500000000000001,1,17.896105155024692,0.1392857142857143,-0.6405222116131368,1.0,1.0,0.6342237926856484,0.7731495203331834,41.0,200.058563647421
evt_inv_005237_1,cust_b2b_025,inv_005237,2026-05-11T20:22:44.777059+00:00,12302038,OFFER_PAYMENT_PLAN,0.8500000000000001,0,21.79571764069149,0.20496894409937888,0.5326198294295934,1.0,1.0,0.6346835438525333,0.7727721521656881,50.0,202.9676370565253
evt_inv_004735_0,cust_b2b_020,inv_004735,2026-05-11T20:26:44.210186+00:00,5386911,OFFER_PAYMENT_PLAN,0.05,0,6.033106147261092,0.34210526315789475,0.011768639154967083,0.0,1.0,0.6348330382129141,0.7726493471124923,34.0,193.04432439031416
evt_inv_000839_1,cust_b2b_030,inv_000839,2026-05-11T20:35:45.988361+00:00,2156633,OFFER_PAYMENT_PLAN,0.8500000000000001,0,21.54667465500706,0.30742049469964666,-0.22811127576043622,1.0,1.0,0.6351712193957733,0.772371362785601,44.0,209.70494022965053
evt_inv_005045_0,cust_b2b_006,inv_005045,2026-05-11T20:51:16.209766+00:00,4783666,SEND_REMINDER,0.8500000000000001,1,1.711193626722605,0.30036630036630035,-0.3460055678351397,0.0,1.0,0.6357515852101701,0.7718937244872223,47.0,204.99741367022258
evt_inv_002196_0,cust_b2b_039,inv_002196,2026-05-11T21:19:40.705927+00:00,9571569,SEND_REMINDER,0.8500000000000001,1,9.54668864010571,0.411214953271028,-0.30061441551736484,0.0,1.0,0.6368140893338281,0.7710173899633699,31.0,194.7844636898693
evt_inv_007952_0,cust_b2b_000,inv_007952,2026-05-11T21:25:01.938489+00:00,5491995,SEND_REMINDER,0.8500000000000001,0,8.025216349287799,0.3515625,0.30138353878513957,0.0,1.0,0.6370141956472576,0.7708520704674,40.0,201.5405205012852
evt_inv_001302_1,cust_b2b_011,inv_001302,2026-05-11T21:26:05.105960+00:00,1477280,OFFER_PAYMENT_PLAN,0.8500000000000001,0,21.94007573388497,0.36475409836065575,-0.24107194403610732,1.0,1.0,0.637053539690636,0.7708195557765976,32.0,204.6900828961171
evt_inv_002390_1,cust_b2b_033,inv_002390,2026-05-11T21:30:27.824128+00:00,4522209,OFFER_PAYMENT_PLAN,0.8500000000000001,0,16.099455130983046,0.13805970149253732,0.09242638160286888,1.0,1.0,0.637217156660656,0.770684303237914,42.0,191.04452840899538
evt_inv_004913_1,cust_b2b_000,inv_004913,2026-05-11T21:31:51.995463+00:00,5637304,SEND_REMINDER,0.05,0,22.172678893026536,0.35019455252918286,0.37550300995922764,1.0,1.0,0.6372695712434757,0.7706409628141737,41.0,201.54526653107715
evt_inv_008088_1,cust_b2b_011,inv_008088,2026-05-11T21:49:31.926016+00:00,2014940,OFFER_PAYMENT_PLAN,0.8500000000000001,1,23.127890693907833,0.363265306122449,0.5810714279214649,1.0,1.0,0.6379293513970887,0.7700948919620814,33.0,204.70636553565558
evt_inv_003750_1,cust_b2b_037,inv_003750,2026-05-11T21:58:34.656248+00:00,3017675,OFFER_PAYMENT_PLAN,0.8500000000000001,0,23.150021718082506,0.28286852589641437,0.10417147988273713,1.0,1.0,0.638267006228195,0.7698150614014364,30.0,202.12934801037207
evt_inv_001530_1,cust_b2b_010,inv_001530,2026-05-11T22:13:06.113568+00:00,2598457,OFFER_PAYMENT_PLAN,0.8500000000000001,0,23.6007859599288,0.13636363636363635,-0.2737621053495705,1.0,1.0,0.6388089189061362,0.7693654301604494,47.0,201.59930217916306
evt_inv_006061_1,cust_b2b_020,inv_006061,2026-05-11T22:23:02.043516+00:00,5203342,OFFER_PAYMENT_PLAN,0.8500000000000001,0,19.654021622626058,0.3408239700374532,-0.07382429430627319,1.0,1.0,0.6391793135107685,0.7690577385215643,35.0,193.12508635015342
evt_inv_001641_0,cust_b2b_005,inv_001641,2026-05-11T22:30:56.427812+00:00,7695347,SEND_REMINDER,0.8500000000000001,1,9.529940108310209,0.23220973782771537,-0.02513035699679926,0.0,1.0,0.6394740566277867,0.7688126760791619,45.0,202.27791081125704
evt_inv_006333_1,cust_b2b_000,inv_006333,2026-05-11T22:47:08.208285+00:00,5291906,OFFER_PAYMENT_PLAN,0.8500000000000001,1,22.90494247457349,0.3488372093023256,0.19932069579367426,1.0,1.0,0.6400775471145022,0.768310310798887,42.0,201.597537512818
evt_inv_005517_0,cust_b2b_014,inv_005517,2026-05-11T22:48:37.741739+00:00,10861956,SEND_REMINDER,0.8500000000000001,1,1.5608933880780125,0.24778761061946902,0.061897213811334485,0.0,1.0,0.6401331289045493,0.7682640023317971,33.0,208.18933940615833
evt_inv_006207_1,cust_b2b_023,inv_006207,2026-05-11T23:03:45.491790+00:00,2583012,OFFER_PAYMENT_PLAN,0.8500000000000001,0,16.905989270228147,0.4117647058823529,0.3683624029434514,1.0,1.0,0.6406964650439034,0.7677942691113592,38.0,195.2539876183565
evt_inv_006796_1,cust_b2b_036,inv_006796,2026-05-11T23:17:08.164500+00:00,4150659,OFFER_PAYMENT_PLAN,0.8500000000000001,0,19.95094042060709,0.2773722627737226,0.2742027741775873,1.0,1.0,0.6411943046113288,0.7673785661158348,31.0,206.42409272111558
evt_inv_002536_0,cust_b2b_006,inv_002536,2026-05-11T23:19:52.393946+00:00,5731200,SEND_REMINDER,0.8500000000000001,0,3.219317321151582,0.3029197080291971,0.08065073592745056,0.0,1.0,0.6412961309742914,0.7672934721457003,48.0,205.1006102463808
evt_inv_001417_0,cust_b2b_029,inv_001417,2026-05-11T23:29:36.000089+00:00,6067433,SEND_REMINDER,0.8500000000000001,0,2.0807908672145534,0.22357723577235772,0.20957132967944142,0.0,1.0,0.6416578899915015,0.7669909727054511,35.0,206.04399422631982
evt_inv_003304_0,cust_b2b_012,inv_003304,2026-05-11T23:37:02.840205+00:00,4621244,SEND_REMINDER,0.8500000000000001,0,6.339785304364332,0.46863468634686345,0.5103230567151097,0.0,1.0,0.6419347756227917,0.766759247643037,44.0,204.9384105304254
evt_inv_003316_1,cust_b2b_022,inv_003316,2026-05-12T00:17:08.559593+00:00,2529260,WRITE_OFF,0.05,0,24.128227113669965,0.18992248062015504,0.8559359366421114,1.0,1.0,0.64342404685176,0.7655099580886614,47.0,198.56187886333637
evt_inv_003641_1,cust_b2b_004,inv_003641,2026-05-12T00:55:53.498513+00:00,2212762,OFFER_PAYMENT_PLAN,0.8500000000000001,0,19.309755356292087,0.16853932584269662,-0.7366783974648343,1.0,1.0,0.644861000444594,0.764299869230394,32.0,206.3481178416163
evt_inv_006504_1,cust_b2b_024,inv_006504,2026-05-12T01:14:03.592126+00:00,4263890,OFFER_PAYMENT_PLAN,0.8500000000000001,0,23.28373357897219,0.1423487544483986,-0.1559240429528412,1.0,1.0,0.6455339611910104,0.763731566028957,42.0,200.26938451984446
evt_inv_004496_0,cust_b2b_004,inv_004496,2026-05-12T01:27:30.078844+00:00,2830397,WRITE_OFF,0.05,0,3.074402842012532,0.16791044776119404,-0.24449355924706634,0.0,1.0,0.646031517140251,0.7633107354554013,33.0,206.3700690028546
evt_inv_002403_0,cust_b2b_009,inv_002403,2026-05-12T01:45:05.802420+00:00,5076542,SEND_REMINDER,0.8500000000000001,0,4.022871271727012,0.15053763440860216,-0.336461872531734,0.0,1.0,0.6466824232523248,0.7627593614348505,38.0,199.97344177202845
evt_inv_004028_1,cust_b2b_026,inv_004028,2026-05-12T01:50:09.302906+00:00,4473059,OFFER_PAYMENT_PLAN,0.8500000000000001,0,16.840572806179026,0.28205128205128205,-0.15561978905163196,1.0,1.0,0.6468694593356128,0.7626007491334191,29.0,194.2130485315996
evt_inv_006819_0,cust_b2b_019,inv_006819,2026-05-12T02:09:24.370978+00:00,3981865,SEND_REMINDER,0.8500000000000001,0,3.483048613417846,0.34532374100719426,0.42222029222335633,0.0,1.0,0.6475809290446842,0.7619966800043315,49.0,204.02809820072363
evt_inv_005628_0,cust_b2b_018,inv_005628,2026-05-12T02:23:49.609977+00:00,1942897,SEND_REMINDER,0.8500000000000001,1,2.965312821057279,0.6192660550458715,-0.11360568260172542,0.0,1.0,0.6481135076399914,0.76154374872005,32.0,195.52520146314546
evt_inv_007654_0,cust_b2b_004,inv_007654,2026-05-12T02:23:55.862951+00:00,2865995,ESCALATE_COLLECTIONS,0.05,0,5.43313628366596,0.16728624535315986,-0.21612605857057762,0.0,1.0,0.6481173553662952,0.7615404740872276,33.0,206.40925631890605
evt_inv_007250_0,cust_b2b_014,inv_007250,2026-05-12T02:26:48.807873+00:00,5569320,SEND_REMINDER,0.8500000000000001,0,2.2959226974609783,0.2511013215859031,-1.186422087852769,0.0,1.0,0.6482237693234736,0.7614498965027627,34.0,208.34085637529265
evt_inv_006881_0,cust_b2b_035,inv_006881,2026-05-12T02:36:54.786915+00:00,5706524,SEND_REMINDER,0.8500000000000001,0,2.739677619034872,0.35877862595419846,0.1966865680725558,0.0,1.0,0.6485965316477804,0.7611324057839541,35.0,208.91999290728373
evt_inv_003215_0,cust_b2b_013,inv_003215,2026-05-12T02:42:35.821422+00:00,2116667,SEND_REMINDER,0.8500000000000001,0,7.365537563675996,0.19298245614035087,-0.30814379807827613,0.0,1.0,0.6488062474493426,0.7609536472550101,36.0,205.8102379874139
evt_inv_004220_0,cust_b2b_035,inv_004220,2026-05-12T03:05:28.226949+00:00,5141155,SEND_REMINDER,0.8500000000000001,1,6.561379984426006,0.3574144486692015,-0.07048562171755607,0.0,1.0,0.6496496964477759,0.7602336955866351,36.0,208.93982438915987
evt_inv_004518_0,cust_b2b_024,inv_004518,2026-05-12T03:26:30.798809+00:00,7008877,SEND_REMINDER,0.8500000000000001,0,5.240963003759319,0.14184397163120568,1.3531342381216276,0.0,1.0,0.650424938662774,0.7595705360040809,42.0,200.3613660786829
evt_inv_001635_0,cust_b2b_038,inv_001635,2026-05-12T03:32:28.333310+00:00,6547854,SEND_REMINDER,0.8500000000000001,0,6.268605427183177,0.27459016393442626,1.2956956863454925,0.0,1.0,0.6506443484285005,0.7593825991277731,34.0,205.14958123577208
evt_inv_008663_0,cust_b2b_018,inv_008663,2026-05-12T03:40:17.246915+00:00,2493226,SEND_REMINDER,0.8500000000000001,1,3.387875622754214,0.6210045662100456,0.5623460487176438,0.0,1.0,0.6509320263822826,0.7591360201109254,33.0,195.57829911289403
evt_inv_006108_1,cust_b2b_016,inv_006108,2026-05-12T03:40:32.287811+00:00,8229490,OFFER_PAYMENT_PLAN,0.8500000000000001,0,22.39572802585852,0.23247232472324722,-0.42971298417319803,1.0,1.0,0.6509412524083764,0.7591281090257522,27.0,197.84141665220577
evt_inv_003159_0,cust_b2b_038,inv_003159,2026-05-12T04:16:39.677137+00:00,5191887,SEND_REMINDER,0.8500000000000001,0,1.7215543091281242,0.27346938775510204,0.5096610799191871,0.0,1.0,0.652269714547923,0.7579869520536425,35.0,205.18026808562868
evt_inv_001181_1,cust_b2b_026,inv_001181,2026-05-12T04:25:55.874212+00:00,6618402,OFFER_PAYMENT_PLAN,0.8500000000000001,0,16.93511114483348,0.28102189781021897,0.9687782053811643,1.0,1.0,0.6526103030989402,0.7576937325127544,30.0,194.3212264402404
evt_inv_004463_0,cust_b2b_000,inv_004463,2026-05-12T04:35:43.487624+00:00,5088250,SEND_REMINDER,0.8500000000000001,0,8.709933797349525,0.35135135135135137,0.09543895165108973,0.0,1.0,0.6529699863224812,0.7573837844593841,42.0,201.83961250516268
evt_inv_000231_1,cust_b2b_005,inv_000231,2026-05-12T05:04:59.638926+00:00,7842884,OFFER_PAYMENT_PLAN,0.8500000000000001,0,19.81261049910902,0.23507462686567165,0.022318423591631813,1.0,1.0,0.6540440639428439,0.7564564511068229,45.0,202.5515590880351
evt_inv_000772_1,cust_b2b_013,inv_000772,2026-05-12T05:05:13.224593+00:00,2377495,OFFER_PAYMENT_PLAN,0.8500000000000001,0,22.941283971112814,0.19230769230769232,-0.03804997902805739,1.0,1.0,0.6540523679260839,0.7564492712735486,37.0,205.90928200560634
evt_inv_000129_0,cust_b2b_022,inv_000129,2026-05-12T05:11:57.319138+00:00,1718269,SEND_REMINDER,0.8500000000000001,0,4.140194361535089,0.1891891891891892,-0.2201235492501226,0.0,1.0,0.6542993270611924,0.756235671340139,46.0,198.76660987657965
evt_inv_004233_0,cust_b2b_027,inv_004233,2026-05-12T05:13:21.815771+00:00,3297955,SEND_REMINDER,0.8500000000000001,0,3.9029384594284275,0.15555555555555556,0.4641512612902645,0.0,1.0,0.6543509576826952,0.7561909971559696,39.0,195.29939163373624
evt_inv_005933_1,cust_b2b_031,inv_005933,2026-05-12T05:13:35.980624+00:00,16608546,OFFER_PAYMENT_PLAN,0.8500000000000001,0,16.64673583423438,0.2964426877470356,0.5149871205437871,1.0,1.0,0.654359612642008,0.7561835077168776,38.0,203.55641960902298
evt_inv_001966_1,cust_b2b_010,inv_001966,2026-05-12T06:03:40.572727+00:00,3127573,OFFER_PAYMENT_PLAN,0.8500000000000001,0,23.40824220034193,0.13584905660377358,0.17956082351993016,1.0,1.0,0.6561935287927314,0.754592640283844,48.0,201.92608990090676
evt_inv_008429_1,cust_b2b_026,inv_008429,2026-05-12T06:34:55.777131+00:00,5666857,OFFER_PAYMENT_PLAN,0.8500000000000001,0,23.21219582738295,0.28,0.47006289282111624,1.0,1.0,0.6573361398348587,0.7535975048173972,30.0,194.41080864994265
evt_inv_006978_0,cust_b2b_032,inv_006978,2026-05-12T06:38:33.677270+00:00,7044676,SEND_REMINDER,0.8500000000000001,0,3.507109436892123,0.10638297872340426,0.18188217221001243,0.0,1.0,0.6574688142629938,0.7534817570927733,38.0,210.21171510123
evt_inv_005043_0,cust_b2b_036,inv_005043,2026-05-12T07:06:30.354027+00:00,5697029,SEND_REMINDER,0.8500000000000001,0,1.3592070914327032,0.27636363636363637,1.3077598164155804,0.0,1.0,0.6584890224191439,0.7525903316901434,32.0,206.7500439887997
evt_inv_002639_1,cust_b2b_025,inv_002639,2026-05-12T07:23:49.041872+00:00,13436980,OFFER_PAYMENT_PLAN,0.8500000000000001,0,22.64650049532476,0.2043343653250774,0.8123984128081218,1.0,1.0,0.659120427045382,0.752037407747456,49.0,203.42671419555953
evt_inv_003241_1,cust_b2b_025,inv_003241,2026-05-12T07:24:25.383283+00:00,9521597,ESCALATE_COLLECTIONS,0.05,0,17.747411434727013,0.2037037037037037,-0.15279665863461228,1.0,1.0,0.6591425101056245,0.7520180525570225,50.0,203.4271348137428
evt_inv_004054_1,cust_b2b_017,inv_004054,2026-05-12T07:59:58.623736+00:00,6028209,OFFER_PAYMENT_PLAN,0.8500000000000001,0,24.40236258222218,0.28076923076923077,-0.19015449912476698,1.0,1.0,0.660437788980499,0.7508807674235304,29.0,206.84857997313262
evt_inv_001110_0,cust_b2b_034,inv_001110,2026-05-12T08:02:00.476148+00:00,7394784,SEND_REMINDER,0.8500000000000001,0,5.911557746912169,0.4646017699115044,1.0544839637103376,0.0,1.0,0.660511717144611,0.750815737391457,39.0,192.2580820227904
evt_inv_007463_1,cust_b2b_012,inv_007463,2026-05-12T08:19:13.858240+00:00,4611521,OFFER_PAYMENT_PLAN,0.8500000000000001,1,18.095273253997462,0.46691176470588236,0.5039898637059997,1.0,1.0,0.6611384151689762,0.7502639508785255,43.0,205.30103805398653
evt_inv_003962_0,cust_b2b_014,inv_003962,2026-05-12T08:32:01.940179+00:00,9169336,SEND_REMINDER,0.8500000000000001,0,2.880457305951505,0.25,-0.33732368728332096,0.0,1.0,0.6616039224162169,0.7498534855846684,35.0,208.59448059180147
evt_inv_004277_0,cust_b2b_018,inv_004277,2026-05-12T08:38:49.527683+00:00,2234371,SEND_REMINDER,0.8500000000000001,0,8.765496859691453,0.6227272727272727,0.24440213899382204,0.0,1.0,0.6618508432761488,0.749635552288344,32.0,195.7856171773416
evt_inv_005157_0,cust_b2b_014,inv_005157,2026-05-12T08:51:29.263921+00:00,11078238,SEND_REMINDER,0.8500000000000001,0,3.796777117298274,0.24890829694323144,0.11290937182400383,0.0,1.0,0.6623109079607059,0.7492291112845691,36.0,208.60799128325948
evt_inv_006305_0,cust_b2b_037,inv_006305,2026-05-12T09:04:33.261035+00:00,3820712,SEND_REMINDER,0.8500000000000001,0,9.441579804991823,0.28174603174603174,0.7971706500854261,0.0,1.0,0.6627854023445666,0.7488093952662126,30.0,202.5918318620777
evt_inv_005468_0,cust_b2b_014,inv_005468,2026-05-12T09:06:47.749530+00:00,6474440,SEND_REMINDER,0.8500000000000001,0,8.690142991257433,0.24782608695652175,-0.9729409138258509,0.0,1.0,0.6628667713758657,0.748737366107593,37.0,208.61862190373506
evt_inv_005733_0,cust_b2b_017,inv_005733,2026-05-12T09:15:45.301123+00:00,7625396,SEND_REMINDER,0.8500000000000001,1,5.358408784916972,0.2796934865900383,0.421843951898466,0.0,1.0,0.6631919258646749,0.7484493766901698,30.0,206.90120355400268
evt_inv_008440_0,cust_b2b_009,inv_008440,2026-05-12T09:26:09.891087+00:00,4676687,SEND_REMINDER,0.8500000000000001,0,6.656129480698571,0.15,-0.5068734946309873,0.0,1.0,0.6635695710156804,0.7481145797416769,35.0,200.29362798345528
evt_inv_004549_0,cust_b2b_025,inv_004549,2026-05-12T09:46:15.087273+00:00,10973855,WRITE_OFF,0.05,1,5.463171310843873,0.20307692307692307,0.2052045418614076,0.0,1.0,0.6642977896845638,0.7474680238111883,49.0,203.52562675806976
evt_inv_003809_1,cust_b2b_029,inv_003809,2026-05-12T10:05:19.892695+00:00,5349261,OFFER_PAYMENT_PLAN,0.8500000000000001,0,17.201538113350963,0.22267206477732793,-0.11114724260521572,1.0,1.0,0.6649889348861965,0.7468532094588078,36.0,206.4854744648189
evt_inv_001033_1,cust_b2b_027,inv_001033,2026-05-12T10:11:43.256429+00:00,3233340,OFFER_PAYMENT_PLAN,0.8500000000000001,0,19.559329794773838,0.15498154981549817,0.4060764877403623,1.0,1.0,0.6652202531857544,0.7466471822430463,39.0,195.50658423394466
evt_inv_003727_0,cust_b2b_015,inv_003727,2026-05-12T10:13:00.813043+00:00,9571086,SEND_REMINDER,0.8500000000000001,0,5.063072050160045,0.1482889733840304,-0.013059929594337716,0.0,1.0,0.6652670424013057,0.7466054930782516,34.0,203.55270496788486
evt_inv_003883_0,cust_b2b_017,inv_003883,2026-05-12T10:21:01.976504+00:00,7030416,OFFER_PAYMENT_PLAN,0.05,0,2.507349184280068,0.2824427480916031,0.19386408414951117,0.0,1.0,0.6655572656457465,0.7463467867862481,31.0,206.94653544498783
evt_inv_006326_0,cust_b2b_025,inv_006326,2026-05-12T10:32:30.800848+00:00,8770166,ESCALATE_COLLECTIONS,0.05,0,1.1455679028203813,0.20552147239263804,-0.3380347414183802,0.0,1.0,0.6659725685393368,0.7459762314934159,49.0,203.55775307260424
evt_inv_002384_1,cust_b2b_031,inv_002384,2026-05-12T10:39:26.290548+00:00,14232006,OFFER_PAYMENT_PLAN,0.8500000000000001,0,22.58964087768705,0.2952755905511811,0.08356845605014654,1.0,1.0,0.6662229739865099,0.7457526057162457,38.0,203.78269634425988
evt_inv_005759_1,cust_b2b_018,inv_005759,2026-05-12T10:46:55.001423+00:00,1926934,OFFER_PAYMENT_PLAN,0.8500000000000001,0,16.18434589667263,0.6199095022624435,-0.1332113173385342,1.0,1.0,0.666493316683033,0.7455110051614598,33.0,195.87456941970245
evt_inv_003520_1,cust_b2b_024,inv_003520,2026-05-12T10:48:09.538601+00:00,5803822,OFFER_PAYMENT_PLAN,0.8500000000000001,0,18.14645506231204,0.1413427561837456,0.6906545603671299,1.0,1.0,0.6665382159169188,0.7454708624234022,43.0,200.6680644559043
evt_inv_005678_0,cust_b2b_014,inv_005678,2026-05-12T11:02:14.066416+00:00,11658544,SEND_REMINDER,0.8500000000000001,1,8.944963425889716,0.24675324675324675,0.2497802404695643,0.0,1.0,0.6670467683104295,0.7450158447218503,38.0,208.6987876084388
evt_inv_002872_1,cust_b2b_030,inv_002872,2026-05-12T11:07:04.140315+00:00,2578071,ESCALATE_COLLECTIONS,0.05,0,16.77157681593756,0.30633802816901406,0.2158495361612109,1.0,1.0,0.667221371511238,0.7448594776188745,44.0,210.31001143281614
evt_inv_005446_0,cust_b2b_019,inv_005446,2026-05-12T11:25:45.638351+00:00,3770309,SEND_REMINDER,0.8500000000000001,0,3.5339699120937667,0.34408602150537637,0.26696361917165473,0.0,1.0,0.6678960861290362,0.744254538537398,48.0,204.41445546198818
evt_inv_008763_0,cust_b2b_033,inv_008763,2026-05-12T11:43:32.859205+00:00,5402269,ESCALATE_COLLECTIONS,0.05,0,8.21213903321604,0.137546468401487,0.5969343076180621,0.0,1.0,0.6685376372704569,0.7436783091853864,42.0,191.636947796457
evt_inv_003110_0,cust_b2b_039,inv_003110,2026-05-12T11:53:44.951498+00:00,12425520,SEND_REMINDER,0.8500000000000001,0,4.459452986498023,0.413953488372093,0.35517574161179116,0.0,1.0,0.6689053672754841,0.7433475698689339,28.0,195.39145727286495
evt_inv_003952_0,cust_b2b_031,inv_003952,2026-05-12T12:08:43.535402+00:00,16701831,SEND_REMINDER,0.8500000000000001,0,9.636952123979043,0.29411764705882354,0.5319214378577386,0.0,1.0,0.6694449179503701,0.7428616976466227,39.0,203.84470149303357
evt_inv_006365_0,cust_b2b_010,inv_006365,2026-05-12T12:26:36.780884+00:00,2929999,SEND_REMINDER,0.8500000000000001,0,6.025416967133096,0.13533834586466165,0.010287993889437824,0.0,1.0,0.6700888808737504,0.7422808711864833,49.0,202.19201823605295
evt_inv_000793_0,cust_b2b_034,inv_000793,2026-05-12T12:27:07.863972+00:00,5229399,SEND_REMINDER,0.8500000000000001,1,7.634460815428062,0.46255506607929514,0.01363854216221605,0.0,1.0,0.6701075236728651,0.7422640411046602,38.0,192.4421953077867
evt_inv_002118_0,cust_b2b_017,inv_002118,2026-05-12T12:31:59.259473+00:00,5370029,SEND_REMINDER,0.8500000000000001,0,1.751810717543232,0.2813688212927757,-0.442350931293755,0.0,1.0,0.6702822742893376,0.7421062408937908,32.0,207.03747622008962
evt_inv_003895_0,cust_b2b_012,inv_003895,2026-05-12T12:33:37.205359+00:00,4162569,ESCALATE_COLLECTIONS,0.05,0,3.4930998901591823,0.46886446886446886,0.21153779243749393,0.0,1.0,0.6703410043398081,0.7420531907489498,44.0,205.47769716415323
evt_inv_001207_0,cust_b2b_002,inv_001207,2026-05-12T12:36:28.695854+00:00,2624207,SEND_REMINDER,0.8500000000000001,0,9.149884649230374,0.14285714285714285,-0.7743951525575231,0.0,1.0,0.6704438229012815,0.7419602956584099,39.0,205.1009268396615
evt_inv_007315_1,cust_b2b_027,inv_007315,2026-05-12T12:37:00.247477+00:00,2336469,OFFER_PAYMENT_PLAN,0.8500000000000001,0,24.712548794973582,0.15441176470588236,-0.4000178273180259,1.0,1.0,0.6704627385392452,0.7419432028332463,40.0,195.60747533404287
evt_inv_005003_1,cust_b2b_034,inv_005003,2026-05-12T12:37:26.058281+00:00,4043321,OFFER_PAYMENT_PLAN,0.8500000000000001,0,19.59716477160879,0.4649122807017544,-0.5564788556754202,1.0,1.0,0.6704782121516316,0.741929219690094,39.0,192.44935033451634
evt_inv_008320_0,cust_b2b_037,inv_008320,2026-05-12T12:46:16.106033+00:00,2762411,SEND_REMINDER,0.8500000000000001,0,9.56476361954358,0.28063241106719367,-0.11611464418361044,0.0,1.0,0.6707959120099866,0.7416419920896405,31.0,202.74579997546994
evt_inv_003826_1,cust_b2b_022,inv_003826,2026-05-12T12:54:56.755496+00:00,1963554,SEND_REMINDER,0.05,0,23.454935490080395,0.18846153846153846,0.10533223311559768,1.0,1.0,0.6711078589330473,0.7413597248828001,46.0,199.08813113072824
evt_inv_001142_0,cust_b2b_017,inv_001142,2026-05-12T12:58:00.752990+00:00,7951074,SEND_REMINDER,0.8500000000000001,0,9.678637126085494,0.2803030303030303,0.5466349471726643,0.0,1.0,0.6712180725578171,0.7412599402853017,33.0,207.05554906172065
evt_inv_000818_0,cust_b2b_035,inv_000818,2026-05-12T13:00:08.580643+00:00,4787817,SEND_REMINDER,0.8500000000000001,1,7.988682641957569,0.35984848484848486,-0.23745981076618577,0.0,1.0,0.6712946319809155,0.7411906077883119,36.0,209.35279144581253
evt_inv_004132_0,cust_b2b_019,inv_004132,2026-05-12T13:50:12.070847+00:00,2853395,SEND_REMINDER,0.8500000000000001,0,4.42917755634446,0.34285714285714286,-0.40594400369876865,0.0,1.0,0.673091440338434,0.7395592693916643,49.0,204.5147613936555
evt_inv_007833_0,cust_b2b_005,inv_007833,2026-05-12T13:59:33.773776+00:00,7016311,WRITE_OFF,0.05,0,9.238410357650634,0.2342007434944238,-0.24351236125312703,0.0,1.0,0.6734270338586641,0.739253698041695,42.0,202.92278750064574
evt_inv_006977_1,cust_b2b_038,inv_006977,2026-05-12T13:59:46.632823+00:00,4619694,SEND_REMINDER,0.05,1,16.491288771249238,0.27235772357723576,0.17796946642943265,1.0,1.0,0.6734347149664283,0.7392467008232675,35.0,205.58520970235918
evt_inv_006128_0,cust_b2b_008,inv_006128,2026-05-12T14:03:46.190312+00:00,9668672,SEND_REMINDER,0.8500000000000001,0,2.3652901429337083,0.252,0.4952576525877054,0.0,1.0,0.6735777967907548,0.7391163316221018,37.0,194.75468227050703
evt_inv_006927_1,cust_b2b_036,inv_006927,2026-05-12T14:05:52.972272+00:00,3017339,WRITE_OFF,0.05,0,19.907452828617245,0.2753623188405797,-0.4832814408844177,1.0,1.0,0.6736535103394304,0.7390473246060518,33.0,207.04127799625698
evt_inv_005908_1,cust_b2b_004,inv_005908,2026-05-12T14:15:45.795469+00:00,3586902,WRITE_OFF,0.05,0,19.42849196362547,0.16666666666666666,0.3583557982072652,1.0,1.0,0.6740074475425973,0.7387245499217641,32.0,206.90358424156707
evt_inv_006452_1,cust_b2b_033,inv_006452,2026-05-12T14:24:47.182193+00:00,2985608,OFFER_PAYMENT_PLAN,0.8500000000000001,0,22.48076246939985,0.13703703703703704,-0.788453777208835,1.0,1.0,0.6743305401776428,0.7384296327909169,42.0,191.7489191273418
evt_inv_000312_0,cust_b2b_011,inv_000312,2026-05-12T14:27:25.562553+00:00,1526036,SEND_REMINDER,0.8500000000000001,0,3.970186884241804,0.36585365853658536,-0.16651879117606352,0.0,1.0,0.6744250351448344,0.7383433293325598,34.0,205.39934744001593
evt_inv_001681_0,cust_b2b_033,inv_001681,2026-05-12T14:47:36.181798+00:00,3138292,ESCALATE_COLLECTIONS,0.05,0,1.4605022484923595,0.13653136531365315,-0.7009254985673563,0.0,1.0,0.6751469656723295,0.7376832482464587,43.0,191.76476403018205
evt_inv_008884_0,cust_b2b_024,inv_008884,2026-05-12T15:25:08.886867+00:00,3861803,SEND_REMINDER,0.8500000000000001,0,9.166116139755443,0.14084507042253522,-0.37697132433265157,0.0,1.0,0.6764886048491271,0.7364530993276365,43.0,200.86041802378904
evt_inv_008575_0,cust_b2b_008,inv_008575,2026-05-12T15:46:22.141764+00:00,6752249,SEND_REMINDER,0.8500000000000001,0,7.835325249395499,0.250996015936255,-0.40822095258708435,0.0,1.0,0.6772459236283094,0.735756725371123,38.0,194.82593170861264
evt_inv_000385_1,cust_b2b_009,inv_000385,2026-05-12T16:03:04.098842+00:00,5859941,OFFER_PAYMENT_PLAN,0.8500000000000001,0,18.657175392544996,0.1494661921708185,-0.002590208937202617,1.0,1.0,0.6778413733190194,0.7352081831814617,34.0,200.5692553880244
evt_inv_008759_0,cust_b2b_015,inv_008759,2026-05-12T16:36:37.723028+00:00,10075504,SEND_REMINDER,0.8500000000000001,0,1.2144013759577303,0.14772727272727273,0.11800754303017567,0.0,1.0,0.6790366991690515,0.7341043258158877,35.0,203.8191043890057
evt_inv_003558_1,cust_b2b_000,inv_003558,2026-05-12T17:01:28.316669+00:00,3891496,OFFER_PAYMENT_PLAN,0.8500000000000001,0,19.70440113812311,0.35,-0.5150069526388971,1.0,1.0,0.679920386382502,0.7332859388952371,42.0,202.3574924709679
evt_inv_002314_1,cust_b2b_034,inv_002314,2026-05-12T17:14:48.712879+00:00,7577560,OFFER_PAYMENT_PLAN,0.8500000000000001,0,16.93782036090943,0.462882096069869,1.1423397533588497,1.0,1.0,0.6803944883198639,0.7328460549555755,40.0,192.6419736516161
evt_inv_004423_1,cust_b2b_005,inv_004423,2026-05-12T17:17:46.859854+00:00,8635153,OFFER_PAYMENT_PLAN,0.8500000000000001,0,20.499682585791383,0.23333333333333334,0.2771169129576851,1.0,1.0,0.6804999721279826,0.7327481067418836,42.0,203.0604389598824
evt_inv_008808_1,cust_b2b_037,inv_008808,2026-05-12T17:40:47.205775+00:00,3284376,OFFER_PAYMENT_PLAN,0.8500000000000001,0,17.44044191716348,0.2795275590551181,0.3343267803523085,1.0,1.0,0.6813168200032693,0.7319886548168849,32.0,202.9503265928632
evt_inv_001960_0,cust_b2b_031,inv_001960,2026-05-12T17:44:42.277209+00:00,11799238,OFFER_PAYMENT_PLAN,0.05,0,2.756307567166948,0.29296875,-0.358057420331694,0.0,1.0,0.6814558438906781,0.7318592301988434,40.0,204.07802026394884
evt_inv_007758_0,cust_b2b_020,inv_007758,2026-05-12T17:57:24.505414+00:00,6349433,SEND_REMINDER,0.8500000000000001,0,2.446879433538135,0.33955223880597013,0.46056653131667674,0.0,1.0,0.6819064650816504,0.731439384282695,33.0,193.94062410360357
evt_inv_005209_0,cust_b2b_004,inv_005209,2026-05-12T18:01:35.450619+00:00,3782274,SEND_REMINDER,0.8500000000000001,0,2.5463979251456217,0.16605166051660517,0.5140452318951261,0.0,1.0,0.6820547646216278,0.7313010994501074,32.0,207.0604089539501
evt_inv_005976_1,cust_b2b_017,inv_005976,2026-05-12T18:14:30.208096+00:00,8199531,ESCALATE_COLLECTIONS,0.05,0,18.28369751472458,0.2792452830188679,0.641836967352228,1.0,1.0,0.6825124413048655,0.7308739750901467,34.0,207.27533442173726
evt_inv_000967_0,cust_b2b_036,inv_000967,2026-05-12T18:27:43.033436+00:00,2983246,SEND_REMINDER,0.8500000000000001,1,6.30313983465496,0.2743682310469314,-0.5060687365437212,0.0,1.0,0.6829805144051532,0.7304365933760932,33.0,207.22310740787586
evt_inv_001189_0,cust_b2b_027,inv_001189,2026-05-12T18:28:26.276998+00:00,2645857,SEND_REMINDER,0.8500000000000001,0,9.114992056508822,0.15384615384615385,-0.12194430273501704,0.0,1.0,0.6830060367464563,0.7304127283720474,41.0,195.85152660164727
evt_inv_001401_0,cust_b2b_013,inv_001401,2026-05-12T18:31:43.582728+00:00,2542731,SEND_REMINDER,0.8500000000000001,0,3.53849262741673,0.1916376306620209,0.13305584763774664,0.0,1.0,0.683122475961932,0.7303038291256864,36.0,206.46935559512704
evt_inv_002079_0,cust_b2b_030,inv_002079,2026-05-12T19:05:03.119188+00:00,1997914,SEND_REMINDER,0.8500000000000001,0,7.930764150277522,0.30526315789473685,-0.39531208250418953,0.0,1.0,0.6843015145963147,0.7291991752060542,44.0,210.641944058667
evt_inv_006543_0,cust_b2b_009,inv_006543,2026-05-12T19:11:26.493780+00:00,7146154,SEND_REMINDER,0.8500000000000001,0,3.654496202539363,0.14893617021276595,0.5455723745252385,0.0,1.0,0.6845273697345408,0.728987160438585,34.0,200.70007014425792
evt_inv_006172_0,cust_b2b_011,inv_006172,2026-05-12T19:42:41.446533+00:00,1548149,SEND_REMINDER,0.8500000000000001,0,2.183992534435664,0.3643724696356275,-0.1327050686467673,0.0,1.0,0.685631002619991,0.7279492621373456,35.0,205.61828128238596
evt_inv_003270_0,cust_b2b_035,inv_003270,2026-05-12T19:44:51.868063+00:00,6322543,SEND_REMINDER,0.8500000000000001,0,8.165780554755209,0.3622641509433962,0.487793325216817,0.0,1.0,0.685707712704314,0.727877003852861,37.0,209.63384801316639
evt_inv_001690_0,cust_b2b_003,inv_001690,2026-05-12T19:59:26.868146+00:00,7345946,SEND_REMINDER,0.8500000000000001,1,9.483072547985115,0.15789473684210525,1.3328101709105105,0.0,1.0,0.6862221648898648,0.7273920128884199,35.0,197.76126647426
evt_inv_007363_1,cust_b2b_013,inv_007363,2026-05-12T20:16:34.845816+00:00,2665014,SEND_REMINDER,0.05,1,18.793019726509517,0.1909722222222222,0.2596819596513565,1.0,1.0,0.6868261212811961,0.7268217657210243,37.0,206.54217114012235
evt_inv_004740_0,cust_b2b_015,inv_004740,2026-05-12T20:25:10.401729+00:00,7109326,SEND_REMINDER,0.8500000000000001,0,5.140680008260237,0.1471698113207547,-0.6527207425333557,0.0,1.0,0.6871288417664402,0.7265355839962075,36.0,203.97781594804488
evt_inv_005228_1,cust_b2b_016,inv_005228,2026-05-12T20:28:00.107973+00:00,9260670,OFFER_PAYMENT_PLAN,0.8500000000000001,1,23.56325321646114,0.23161764705882354,-0.17030001193089486,1.0,1.0,0.6872284625983376,0.7264413535824659,26.0,198.54104420037183
evt_inv_000903_1,cust_b2b_002,inv_000903,2026-05-12T21:02:32.273736+00:00,5246312,OFFER_PAYMENT_PLAN,0.8500000000000001,0,20.38367233139863,0.1422924901185771,0.9498279020648642,1.0,1.0,0.6884438210178482,0.7252896699266749,38.0,205.45235713922708
evt_inv_007018_0,cust_b2b_026,inv_007018,2026-05-12T21:07:32.637137+00:00,4678381,SEND_REMINDER,0.8500000000000001,0,5.949290703428699,0.27898550724637683,-0.04800817002111425,0.0,1.0,0.6886198288886903,0.72512256292389,30.0,195.01679082593773
evt_inv_005262_1,cust_b2b_008,inv_005262,2026-05-12T21:11:12.269280+00:00,6172794,OFFER_PAYMENT_PLAN,0.8500000000000001,0,20.256612195827266,0.25,-0.5877305259272768,1.0,1.0,0.6887485039354956,0.7250003436734472,38.0,195.05151188819488
evt_inv_003674_0,cust_b2b_037,inv_003674,2026-05-12T22:07:06.855535+00:00,2771610,SEND_REMINDER,0.8500000000000001,0,7.874543001110289,0.2784313725490196,-0.10817608937321643,0.0,1.0,0.6907111443403039,0.7231307731552488,33.0,203.13527624285962
evt_inv_005268_1,cust_b2b_005,inv_005268,2026-05-12T22:38:59.781727+00:00,10449807,OFFER_PAYMENT_PLAN,0.8500000000000001,0,19.783467267912222,0.23247232472324722,0.8607206098467534,1.0,1.0,0.6918280533338641,0.7220622858315452,42.0,203.2835051852717
evt_inv_004588_0,cust_b2b_037,inv_004588,2026-05-12T22:53:07.464149+00:00,3049204,SEND_REMINDER,0.8500000000000001,0,9.744493966278652,0.27734375,0.1313801233237996,0.0,1.0,0.692322465207009,0.7215882511305806,34.0,203.16722773144352
evt_inv_000051_0,cust_b2b_031,inv_000051,2026-05-12T23:12:21.970157+00:00,18534528,SEND_REMINDER,0.8500000000000001,0,5.482514655404546,0.2918287937743191,0.8646150638778116,0.0,1.0,0.6929953098622199,0.7209420923409631,41.0,204.305563006398
evt_inv_001722_1,cust_b2b_004,inv_001722,2026-05-12T23:14:54.181222+00:00,3327184,OFFER_PAYMENT_PLAN,0.8500000000000001,0,20.407383790850364,0.16544117647058823,0.1513899811956799,1.0,1.0,0.6930839732968,0.720856855387476,32.0,207.2779868544533
evt_inv_005402_0,cust_b2b_008,inv_005402,2026-05-12T23:17:20.381354+00:00,6758408,SEND_REMINDER,0.8500000000000001,0,2.8814898162179174,0.2490118577075099,-0.4063131854899825,0.0,1.0,0.6931691254724298,0.7207749742407729,39.0,195.139105777938
evt_inv_006525_0,cust_b2b_002,inv_006525,2026-05-12T23:53:52.979333+00:00,3127482,SEND_REMINDER,0.8500000000000001,0,7.713939095351086,0.14173228346456693,-0.443455433455429,0.0,1.0,0.694445011735706,0.7195457773313628,39.0,205.57134678733533
evt_inv_001608_1,cust_b2b_023,inv_001608,2026-05-13T00:09:25.466990+00:00,2321747,OFFER_PAYMENT_PLAN,0.8500000000000001,1,20.25291829545909,0.41015625,0.07823550636140099,1.0,1.0,0.6949869716443857,0.7190223287524288,36.0,196.29958918317683
evt_inv_003091_0,cust_b2b_018,inv_003091,2026-05-13T00:36:25.661625+00:00,1716973,SEND_REMINDER,0.8500000000000001,1,5.297551579930266,0.6171171171171171,-0.39109985411776804,0.0,1.0,0.6959276869195246,0.7181118677329043,31.0,196.45061872759686
evt_inv_002747_1,cust_b2b_009,inv_002747,2026-05-13T01:00:55.025603+00:00,4642750,OFFER_PAYMENT_PLAN,0.8500000000000001,1,22.438108402940394,0.14840989399293286,-0.521337052635086,1.0,1.0,0.6967797957879781,0.7172851010453678,34.0,200.9427614848024
evt_inv_005372_1,cust_b2b_028,inv_005372,2026-05-13T01:03:23.929555+00:00,4128365,OFFER_PAYMENT_PLAN,0.8500000000000001,0,23.852271660385398,0.3453815261044177,-0.4930912055412636,1.0,1.0,0.6968660929014158,0.7172012608496413,27.0,192.84183739666688
evt_inv_004223_1,cust_b2b_039,inv_004223,2026-05-13T01:11:01.545290+00:00,8262284,OFFER_PAYMENT_PLAN,0.8500000000000001,1,20.162406478559394,0.41203703703703703,-0.6014660459512537,1.0,1.0,0.6971312404255633,0.7169435358678642,28.0,195.94512155286642
evt_inv_000117_1,cust_b2b_027,inv_000117,2026-05-13T01:15:57.207346+00:00,2635814,OFFER_PAYMENT_PLAN,0.8500000000000001,0,18.197325701564257,0.15328467153284672,-0.1309711849032219,1.0,1.0,0.6973024995471623,0.7167769695834819,42.0,196.1345234806688
evt_inv_004655_1,cust_b2b_003,inv_004655,2026-05-13T01:32:49.521206+00:00,4748155,OFFER_PAYMENT_PLAN,0.8500000000000001,0,22.514765643283297,0.16104868913857678,-0.02260958741455573,1.0,1.0,0.6978885701865786,0.716206355461143,36.0,197.99277866245333
evt_inv_004396_0,cust_b2b_034,inv_004396,2026-05-13T01:33:55.276617+00:00,6442199,SEND_REMINDER,0.8500000000000001,1,1.8614753027379938,0.4608695652173913,0.5966003731303956,0.0,1.0,0.697926622585051,0.716169274324879,41.0,192.98857739858352
evt_inv_003549_0,cust_b2b_037,inv_003549,2026-05-13T01:38:44.219738+00:00,2447267,OFFER_PAYMENT_PLAN,0.05,0,7.360218895052457,0.27626459143968873,-0.3880754066544785,0.0,1.0,0.6980938094859314,0.7160063080430369,34.0,203.28223647668736
evt_inv_002932_0,cust_b2b_024,inv_002932,2026-05-13T01:47:19.114587+00:00,5847941,SEND_REMINDER,0.8500000000000001,1,1.56550626799347,0.14035087719298245,0.7149088002725792,0.0,1.0,0.698391641177122,0.7157158064021821,44.0,201.29248084462628
evt_inv_007053_0,cust_b2b_008,inv_007053,2026-05-13T02:12:24.155755+00:00,7914219,SEND_REMINDER,0.8500000000000001,0,4.161794415350355,0.24803149606299213,-0.04825435369636149,0.0,1.0,0.6992615119489562,0.7148659579997216,40.0,195.26067724090845
evt_inv_000034_1,cust_b2b_008,inv_000034,2026-05-13T02:21:37.460063+00:00,8258717,OFFER_PAYMENT_PLAN,0.8500000000000001,0,20.545451327154318,0.24705882352941178,0.0584675930083853,1.0,1.0,0.6995810461107826,0.714553258982522,41.0,195.26708122595377
evt_inv_006034_0,cust_b2b_019,inv_006034,2026-05-13T02:28:42.464423+00:00,3422339,SEND_REMINDER,0.8500000000000001,1,4.481524574818804,0.3416370106761566,0.011594335246293849,0.0,1.0,0.6998263918857751,0.7143129714768852,49.0,205.04150206005087
evt_inv_000853_0,cust_b2b_013,inv_000853,2026-05-13T02:45:44.609760+00:00,2815939,SEND_REMINDER,0.8500000000000001,0,5.583158476362023,0.19377162629757785,0.41596818758961634,0.0,1.0,0.7004161161692959,0.7137347295811796,38.0,206.8124230376262
evt_inv_003982_0,cust_b2b_024,inv_003982,2026-05-13T02:56:38.926751+00:00,5606667,SEND_REMINDER,0.8500000000000001,0,4.216440317975079,0.14335664335664336,0.5822686162659191,0.0,1.0,0.7007933719863739,0.7133643177086779,45.0,201.34062681874562
evt_inv_004597_1,cust_b2b_017,inv_004597,2026-05-13T03:12:02.227797+00:00,5764724,OFFER_PAYMENT_PLAN,0.8500000000000001,1,16.655411172211302,0.2781954887218045,-0.29111475184260294,1.0,1.0,0.7013253811454104,0.7128412935298044,34.0,207.64862168679588
evt_inv_002438_1,cust_b2b_015,inv_002438,2026-05-13T03:14:41.406260+00:00,10116096,OFFER_PAYMENT_PLAN,0.8500000000000001,1,22.199316434829015,0.14661654135338345,0.12855498965332587,1.0,1.0,0.7014170608684109,0.7127510832841435,37.0,204.2622025745552
evt_inv_000960_1,cust_b2b_009,inv_000960,2026-05-13T03:15:02.314406+00:00,7320794,OFFER_PAYMENT_PLAN,0.8500000000000001,1,24.75239786884464,0.15140845070422534,0.6200011112921641,1.0,1.0,0.701429102169726,0.7127392332609256,35.0,201.03590140150035
evt_inv_000608_0,cust_b2b_032,inv_000608,2026-05-13T03:47:33.963417+00:00,6473104,SEND_REMINDER,0.8500000000000001,0,1.2133638833035088,0.10606060606060606,-0.03571298406529403,0.0,1.0,0.7025522028355383,0.7116322099869655,37.0,211.09296841311155
evt_inv_008000_0,cust_b2b_023,inv_008000,2026-05-13T03:49:02.208135+00:00,2135781,WRITE_OFF,0.05,1,6.0710668056273445,0.41245136186770426,-0.1282752483287093,0.0,1.0,0.7026029430907493,0.711582113575248,35.0,196.4520977612442
evt_inv_008784_0,cust_b2b_030,inv_008784,2026-05-13T04:28:06.454633+00:00,2378394,SEND_REMINDER,0.8500000000000001,0,6.19329938224525,0.3041958041958042,0.005501496347384185,0.0,1.0,0.7039495639408796,0.7102499640460712,45.0,211.03295488557296
evt_inv_002508_0,cust_b2b_020,inv_002508,2026-05-13T04:37:50.743994+00:00,6877550,SEND_REMINDER,0.8500000000000001,0,2.2238003069867176,0.3382899628252788,0.7068126069046097,0.0,1.0,0.7042848080672849,0.7099175368489129,32.0,194.3853722353132
evt_inv_008710_0,cust_b2b_011,inv_008710,2026-05-13T04:43:55.065176+00:00,1992271,OFFER_PAYMENT_PLAN,0.05,0,8.76008008416262,0.3629032258064516,0.5464078060871587,0.0,1.0,0.7044937629461708,0.7097101788546819,35.0,205.9941333500101
evt_inv_005872_0,cust_b2b_022,inv_005872,2026-05-13T04:56:18.994899+00:00,2715927,SEND_REMINDER,0.8500000000000001,1,9.660444763018585,0.18773946360153257,1.1036140574613578,0.0,1.0,0.7049202510730745,0.709286570877437,46.0,199.75574964233547
evt_inv_006889_0,cust_b2b_014,inv_006889,2026-05-13T05:17:06.694794+00:00,9722713,SEND_REMINDER,0.8500000000000001,0,1.8807654767170845,0.25,-0.2068043364164459,0.0,1.0,0.7056349741264872,0.7085755311111948,37.0,209.4591189554003
evt_inv_001144_0,cust_b2b_015,inv_001144,2026-05-13T05:24:39.699155+00:00,10132177,WRITE_OFF,0.05,0,4.18377379924377,0.149812734082397,0.13273334381360288,0.0,1.0,0.7058942923150199,0.7083171945372195,38.0,204.35246059417776
evt_inv_007392_1,cust_b2b_033,inv_007392,2026-05-13T05:30:07.912287+00:00,4156181,OFFER_PAYMENT_PLAN,0.8500000000000001,0,22.068746461752955,0.13602941176470587,-0.1174047873026628,1.0,1.0,0.7060821158259911,0.7081299638559942,41.0,192.37763128120832
evt_inv_005353_0,cust_b2b_013,inv_005353,2026-05-13T05:47:44.524635+00:00,2444941,SEND_REMINDER,0.8500000000000001,0,8.836623104975375,0.19310344827586207,0.03179223495390744,0.0,1.0,0.7066864363174757,0.7075268763269041,39.0,206.93881094127696
evt_inv_005890_0,cust_b2b_035,inv_005890,2026-05-13T06:06:51.392692+00:00,5911351,OFFER_PAYMENT_PLAN,0.05,0,1.2294032891196318,0.3609022556390977,0.29347958086267467,0.0,1.0,0.707341794785993,0.7068716894521453,37.0,210.0657869556329
evt_inv_000914_0,cust_b2b_026,inv_000914,2026-05-13T06:10:33.406192+00:00,3732167,SEND_REMINDER,0.8500000000000001,0,2.568386664923958,0.2779783393501805,-0.5439294449626806,0.0,1.0,0.7074685905087471,0.706744786640529,30.0,195.39388306037154
evt_inv_008769_0,cust_b2b_022,inv_008769,2026-05-13T06:19:11.166033+00:00,2402513,ESCALATE_COLLECTIONS,0.05,0,7.127843110763029,0.19083969465648856,0.6877629808003789,0.0,1.0,0.7077642035782936,0.7064487469966831,47.0,199.81329791934968
evt_inv_003098_0,cust_b2b_030,inv_003098,2026-05-13T06:26:22.962839+00:00,2514834,SEND_REMINDER,0.8500000000000001,0,8.639592536842803,0.30313588850174217,0.14923263547085683,0.0,1.0,0.7080106416387051,0.7062017638935414,46.0,211.1150903972225
evt_inv_006494_0,cust_b2b_017,inv_006494,2026-05-13T06:56:17.411173+00:00,4819580,WRITE_OFF,0.05,0,6.367453002233803,0.2808988764044944,-0.653268239322154,0.0,1.0,0.7090338579287135,0.7051744382142087,35.0,207.8043529758746
evt_inv_004968_0,cust_b2b_005,inv_004968,2026-05-13T07:16:07.762711+00:00,6975541,SEND_REMINDER,0.8500000000000001,0,2.353981294559217,0.23161764705882354,-0.25662425104336506,0.0,1.0,0.7097117886193465,0.7044921412583167,41.0,203.64262533554896
evt_inv_001256_0,cust_b2b_023,inv_001256,2026-05-13T07:18:28.798849+00:00,2991244,SEND_REMINDER,0.8500000000000001,1,3.9507847202774773,0.41472868217054265,0.8216934313264926,0.0,1.0,0.7097920682276855,0.7044112576336814,35.0,196.59754441302653
evt_inv_006205_1,cust_b2b_003,inv_006205,2026-05-13T07:37:07.436359+00:00,5644280,OFFER_PAYMENT_PLAN,0.8500000000000001,0,20.12107966087909,0.16044776119402984,0.44495104952469594,1.0,1.0,0.7104284846866074,0.7037693998362609,37.0,198.24576379153268
evt_inv_007881_0,cust_b2b_020,inv_007881,2026-05-13T07:46:04.708603+00:00,5595991,SEND_REMINDER,0.8500000000000001,0,4.56735214612847,0.337037037037037,0.10925717861814091,0.0,1.0,0.7107339438902878,0.703460916470956,33.0,194.51608941828343
evt_inv_001830_0,cust_b2b_037,inv_001830,2026-05-13T07:52:36.156751+00:00,2590644,SEND_REMINDER,0.8500000000000001,0,4.740904779844117,0.2751937984496124,-0.2643449224411465,0.0,1.0,0.7109564123392117,0.7032360768289386,35.0,203.54186537730683
evt_inv_003918_1,cust_b2b_009,inv_003918,2026-05-13T08:03:32.456965+00:00,7100200,OFFER_PAYMENT_PLAN,0.8500000000000001,0,17.24603662858172,0.1543859649122807,0.5259874797436876,1.0,1.0,0.7113292423383691,0.702858953840898,36.0,201.23625027370932
evt_inv_001774_0,cust_b2b_014,inv_001774,2026-05-13T08:03:37.367490+00:00,12351399,SEND_REMINDER,0.8500000000000001,0,8.97864301507897,0.24892703862660945,0.4131965986534477,0.0,1.0,0.7113320311478044,0.702856131411784,38.0,209.5747517412301
evt_inv_005644_0,cust_b2b_019,inv_005644,2026-05-13T08:11:31.747079+00:00,2731886,SEND_REMINDER,0.8500000000000001,0,6.482617506002734,0.34397163120567376,-0.49511723089596626,0.0,1.0,0.7116013903342243,0.7025834194417051,50.0,205.27957246115372
evt_inv_008839_1,cust_b2b_018,inv_008839,2026-05-13T08:21:22.701353+00:00,2320115,OFFER_PAYMENT_PLAN,0.8500000000000001,1,22.919584128179263,0.6188340807174888,0.3497195388064988,1.0,1.0,0.7119367959597025,0.7022435464699074,32.0,196.7735011318564
evt_inv_000598_0,cust_b2b_036,inv_000598,2026-05-13T08:46:34.080294+00:00,4865344,SEND_REMINDER,0.8500000000000001,0,9.859539612878798,0.27697841726618705,0.7518813220109714,0.0,1.0,0.7127938647913895,0.7013735854134759,33.0,207.81953156133204
evt_inv_007595_1,cust_b2b_022,inv_007595,2026-05-13T08:48:26.325700+00:00,2186694,OFFER_PAYMENT_PLAN,0.8500000000000001,0,16.50098455490868,0.19011406844106463,0.40140371687709075,1.0,1.0,0.7128574742323736,0.701308934372749,46.0,199.91694560067785
evt_inv_001295_0,cust_b2b_024,inv_001295,2026-05-13T08:57:10.856230+00:00,4848313,SEND_REMINDER,0.8500000000000001,0,4.9368103598821405,0.14285714285714285,0.16536289798945658,0.0,1.0,0.7131546478059012,0.7010067391351106,45.0,201.59099637290123
evt_inv_006022_1,cust_b2b_025,inv_006022,2026-05-13T09:12:44.650880+00:00,9626593,SEND_REMINDER,0.05,0,22.60930424478854,0.20489296636085627,-0.12691384481379092,1.0,1.0,0.7136833735228797,0.7004684449402427,47.0,204.5023578183384
evt_inv_005355_0,cust_b2b_034,inv_005355,2026-05-13T09:15:20.480226+00:00,4685980,SEND_REMINDER,0.8500000000000001,1,6.598072350132603,0.46320346320346323,-0.2475690181366957,0.0,1.0,0.7137715664140071,0.700378576898876,42.0,193.30900799590867
evt_inv_003245_1,cust_b2b_009,inv_003245,2026-05-13T10:01:38.598539+00:00,7904303,OFFER_PAYMENT_PLAN,0.8500000000000001,0,24.384601665941396,0.15384615384615385,0.8686827679480907,1.0,1.0,0.7153419646124602,0.698774551385771,37.0,201.31826580119173
evt_inv_005537_0,cust_b2b_019,inv_005537,2026-05-13T10:09:25.423151+00:00,4231663,SEND_REMINDER,0.8500000000000001,0,7.055866994873855,0.34275618374558303,0.6055425894287995,0.0,1.0,0.7156054949215729,0.698504671164088,51.0,205.36144371198625
evt_inv_001293_0,cust_b2b_034,inv_001293,2026-05-13T10:11:55.142572+00:00,6032486,SEND_REMINDER,0.8500000000000001,1,4.819545461081453,0.46551724137931033,0.3996620370932848,0.0,1.0,0.7156899924792279,0.6984180944570972,42.0,193.34829806936213
evt_inv_007121_0,cust_b2b_029,inv_007121,2026-05-13T10:43:23.701636+00:00,6119680,SEND_REMINDER,0.8500000000000001,0,7.6191651662600695,0.2217741935483871,0.2329037830768169,0.0,1.0,0.7167549439268451,0.6973251396274375,34.0,207.51190743867437
evt_inv_002053_0,cust_b2b_014,inv_002053,2026-05-13T10:51:27.754423+00:00,11075148,SEND_REMINDER,0.8500000000000001,0,6.4234097656291285,0.24786324786324787,0.11218065669404359,0.0,1.0,0.7170276308710906,0.697044745025304,38.0,209.69130714555118
evt_inv_007160_0,cust_b2b_033,inv_007160,2026-05-13T10:52:28.778689+00:00,4473899,SEND_REMINDER,0.8500000000000001,0,9.241133607072202,0.13553113553113552,0.06473179850915715,0.0,1.0,0.7170620005776579,0.6970093882635778,41.0,192.6014839016008
evt_inv_006577_1,cust_b2b_007,inv_006577,2026-05-13T11:16:22.423431+00:00,3397623,OFFER_PAYMENT_PLAN,0.8500000000000001,0,21.61880644065635,0.2920962199312715,-0.5161408196803541,1.0,1.0,0.7178689472446783,0.6961782635085767,52.0,210.27101367096267
evt_inv_002233_1,cust_b2b_005,inv_002233,2026-05-13T11:25:52.383096+00:00,7126567,OFFER_PAYMENT_PLAN,0.8500000000000001,0,16.211988642359362,0.23076923076923078,-0.20805338588752223,1.0,1.0,0.7181894893239186,0.6958475820354979,42.0,203.81605844185424
evt_inv_005244_0,cust_b2b_022,inv_005244,2026-05-13T11:50:22.578648+00:00,1491037,SEND_REMINDER,0.8500000000000001,0,3.7709749814153337,0.1893939393939394,-0.5216244299154529,0.0,1.0,0.7190156155636923,0.6949939169342165,47.0,200.0432911209094
evt_inv_006460_0,cust_b2b_028,inv_006460,2026-05-13T11:54:26.488727+00:00,4604552,SEND_REMINDER,0.8500000000000001,0,1.4388114898813853,0.344,-0.26160390059043587,0.0,1.0,0.719152574409198,0.6948521963127287,28.0,193.29395035004458
evt_inv_008878_1,cust_b2b_034,inv_008878,2026-05-13T11:58:09.134766+00:00,6000589,OFFER_PAYMENT_PLAN,0.8500000000000001,0,21.25966326486111,0.4678111587982833,0.38433004037358964,1.0,1.0,0.7192775688183508,0.6947228073086147,43.0,193.42207112716218
evt_inv_003974_0,cust_b2b_036,inv_003974,2026-05-13T12:04:42.351674+00:00,4281359,SEND_REMINDER,0.8500000000000001,0,5.9229271847547125,0.27598566308243727,0.361559269529045,0.0,1.0,0.7194982655552258,0.69449423745847,33.0,207.95712729489648
evt_inv_006085_0,cust_b2b_001,inv_006085,2026-05-13T12:09:30.266235+00:00,6295155,SEND_REMINDER,0.8500000000000001,0,4.529987451512222,0.04938271604938271,-0.2236684943731261,0.0,1.0,0.7196598142854282,0.6943268334888569,32.0,196.39072536535528
evt_inv_002133_1,cust_b2b_013,inv_002133,2026-05-13T12:23:19.922170+00:00,1690491,OFFER_PAYMENT_PLAN,0.8500000000000001,0,24.91359653947046,0.19243986254295534,-0.7494585022270859,1.0,1.0,0.7201251159956115,0.6938442313028963,40.0,207.21352619051493
evt_inv_001244_1,cust_b2b_003,inv_001244,2026-05-13T12:28:31.416215+00:00,4834729,OFFER_PAYMENT_PLAN,0.8500000000000001,1,17.785925895079867,0.15985130111524162,0.0225611968691772,1.0,1.0,0.7202997298159581,0.6936629579464784,38.0,198.44812466949801
evt_inv_007851_0,cust_b2b_001,inv_007851,2026-05-13T12:35:14.341423+00:00,5341262,SEND_REMINDER,0.8500000000000001,0,9.335598301022273,0.04918032786885246,-0.5685968349310843,0.0,1.0,0.7205255293973865,0.6934284112196557,33.0,196.40859660595433
evt_inv_008687_0,cust_b2b_014,inv_008687,2026-05-13T12:35:48.620537+00:00,10814343,SEND_REMINDER,0.8500000000000001,0,1.7656988871374213,0.24680851063829787,0.05066723926856622,0.0,1.0,0.7205447359133411,0.6934084536170391,39.0,209.76377087372452
evt_inv_000383_1,cust_b2b_029,inv_000383,2026-05-13T12:36:38.985112+00:00,5124684,OFFER_PAYMENT_PLAN,0.8500000000000001,0,19.302414111707602,0.22088353413654618,-0.21143783883700998,1.0,1.0,0.7205729540761563,0.6933791299526988,35.0,207.59055655297053
evt_inv_001525_1,cust_b2b_002,inv_001525,2026-05-13T12:57:17.105639+00:00,4699081,OFFER_PAYMENT_PLAN,0.8500000000000001,0,17.76602523938554,0.1411764705882353,0.5899844127927172,1.0,1.0,0.7212662703820252,0.6926579005607337,39.0,206.11537602698843
evt_inv_004155_1,cust_b2b_007,inv_004155,2026-05-13T13:05:21.301960+00:00,3347029,OFFER_PAYMENT_PLAN,0.8500000000000001,0,24.51865897721708,0.2910958904109589,-0.5456821578475114,1.0,1.0,0.7215372118052409,0.6923756581367653,53.0,210.34669513541314
evt_inv_003206_1,cust_b2b_008,inv_003206,2026-05-13T13:28:57.706706+00:00,10670681,OFFER_PAYMENT_PLAN,0.8500000000000001,0,21.14079014462262,0.24609375,0.8056699429932155,1.0,1.0,0.7223291542487893,0.6915494146640779,42.0,195.7305100065527
evt_inv_005361_0,cust_b2b_017,inv_005361,2026-05-13T13:47:48.602529+00:00,7122374,SEND_REMINDER,0.8500000000000001,0,1.9214386880439636,0.2798507462686567,0.22909971187288783,0.0,1.0,0.7229607832551594,0.6908890691529909,35.0,208.09013065360787
evt_inv_007290_0,cust_b2b_011,inv_007290,2026-05-13T13:47:55.579712+00:00,1339996,SEND_REMINDER,0.8500000000000001,0,2.5893106480842714,0.3614457831325301,-0.4509943898422786,0.0,1.0,0.7229646782849155,0.6908849932893235,36.0,206.3719170830667
evt_inv_003432_0,cust_b2b_020,inv_003432,2026-05-13T13:49:12.375058+00:00,3923614,ESCALATE_COLLECTIONS,0.05,1,2.7877029414426535,0.33579335793357934,-0.6705265275688489,0.0,1.0,0.7230075479580609,0.6908401302730409,33.0,194.76826148373263
evt_inv_006951_1,cust_b2b_005,inv_006951,2026-05-13T13:58:57.051528+00:00,7459429,OFFER_PAYMENT_PLAN,0.8500000000000001,0,19.82336507579719,0.22992700729927007,-0.10100303363420426,1.0,1.0,0.7233338421899991,0.6904984813471015,43.0,203.92236247462668
evt_inv_008232_0,cust_b2b_007,inv_008232,2026-05-13T14:01:21.263769+00:00,5043997,SEND_REMINDER,0.8500000000000001,0,5.5673575131040565,0.2901023890784983,0.44517103819185344,0.0,1.0,0.7234142988431936,0.6904141888962093,54.0,210.3855835822815
evt_inv_008756_1,cust_b2b_038,inv_008756,2026-05-13T14:43:50.406509+00:00,2799888,OFFER_PAYMENT_PLAN,0.8500000000000001,0,22.233614927998953,0.27530364372469635,-0.8769459463361543,1.0,1.0,0.7248348545457565,0.6889226615779394,34.0,206.61580893483497
evt_inv_006500_0,cust_b2b_037,inv_006500,2026-05-13T14:45:34.926245+00:00,2816648,SEND_REMINDER,0.8500000000000001,1,9.04276227612919,0.27413127413127414,-0.06930941650044935,0.0,1.0,0.724893034462514,0.6888614436791541,35.0,203.8286566908893
evt_inv_006925_0,cust_b2b_027,inv_006925,2026-05-13T15:05:50.113206+00:00,2691011,SEND_REMINDER,0.8500000000000001,0,1.994392349247882,0.15272727272727274,-0.08136078568080948,0.0,1.0,0.7255690771166765,0.6881493401377743,39.0,196.71083026146093
evt_inv_005515_1,cust_b2b_021,inv_005515,2026-05-13T15:27:55.140706+00:00,6769907,OFFER_PAYMENT_PLAN,0.8500000000000001,1,22.866255314191157,0.3295880149812734,-0.65329398221743,1.0,1.0,0.7263054298823683,0.6873721135770553,28.0,205.64992304116836
evt_inv_003860_0,cust_b2b_034,inv_003860,2026-05-13T16:33:11.504154+00:00,6699655,SEND_REMINDER,0.8500000000000001,1,1.4190563734648993,0.4658119658119658,0.7203529412958489,0.0,1.0,0.7284769861880452,0.6850702742014008,44.0,193.61307077286028
evt_inv_001837_0,cust_b2b_014,inv_001837,2026-05-13T16:36:30.074056+00:00,10124838,SEND_REMINDER,0.8500000000000001,0,8.391086891923015,0.2457627118644068,-0.11195923233069356,0.0,1.0,0.7285868956570869,0.6849533819733787,40.0,209.93091732649359
evt_inv_007362_0,cust_b2b_036,inv_007362,2026-05-13T16:45:26.373402+00:00,3086199,SEND_REMINDER,0.8500000000000001,0,3.5782330349676004,0.275,-0.43725694891080874,0.0,1.0,0.7288836463758197,0.6846375902956899,34.0,208.15208125008175
evt_inv_007692_0,cust_b2b_015,inv_007692,2026-05-13T17:58:59.354416+00:00,9835437,SEND_REMINDER,0.8500000000000001,1,2.8970394629224274,0.14925373134328357,0.05562872682183662,0.0,1.0,0.7313202807652724,0.6820341977799963,37.0,204.8762991967334
evt_inv_004888_0,cust_b2b_035,inv_004888,2026-05-13T18:02:03.698756+00:00,7812746,SEND_REMINDER,0.8500000000000001,0,9.254648183241642,0.3595505617977528,1.192006632929912,0.0,1.0,0.7314218646672594,0.6819252568182742,38.0,210.5624571647088
evt_inv_004036_0,cust_b2b_036,inv_004036,2026-05-13T18:06:02.155493+00:00,3552789,SEND_REMINDER,0.8500000000000001,0,5.935722243906876,0.27402135231316727,-0.12539963432298593,0.0,1.0,0.7315532434117393,0.6817843149074087,35.0,208.20805095020333
evt_inv_006256_1,cust_b2b_008,inv_006256,2026-05-13T18:09:46.532759+00:00,7657054,OFFER_PAYMENT_PLAN,0.8500000000000001,0,18.514699823676846,0.245136186770428,-0.12792153286690314,1.0,1.0,0.7316768402116487,0.6816516716754221,41.0,195.92551956734397
evt_inv_005665_0,cust_b2b_019,inv_005665,2026-05-13T18:34:12.925805+00:00,2836965,SEND_REMINDER,0.8500000000000001,0,8.511570442378849,0.3415492957746479,-0.4180015702271289,0.0,1.0,0.7324840011715705,0.6807842448439054,52.0,205.71199351122996
evt_inv_001141_0,cust_b2b_001,inv_001141,2026-05-13T18:40:41.494985+00:00,8641046,SEND_REMINDER,0.8500000000000001,0,1.4768664477935367,0.04897959183673469,0.624606815224588,0.0,1.0,0.7326977127705677,0.680554231270939,33.0,196.66238310551213
evt_inv_004731_0,cust_b2b_038,inv_004731,2026-05-13T18:52:58.784784+00:00,4126672,SEND_REMINDER,0.8500000000000001,0,3.3396234507310547,0.27419354838709675,-0.1078281854606484,0.0,1.0,0.733103020844886,0.6801176080856183,35.0,206.7888225722786
evt_inv_007845_1,cust_b2b_036,inv_007845,2026-05-13T18:56:45.471458+00:00,4169185,OFFER_PAYMENT_PLAN,0.8500000000000001,0,19.63312566847162,0.2730496453900709,0.2865851307680166,1.0,1.0,0.7332275843294536,0.6799833156617845,36.0,208.24327451461895
evt_inv_007904_1,cust_b2b_001,inv_007904,2026-05-13T19:13:21.462904+00:00,8493986,OFFER_PAYMENT_PLAN,0.8500000000000001,0,20.277825649047994,0.04878048780487805,0.5714299328528195,1.0,1.0,0.7337745863790176,0.6793930058399936,33.0,196.68506791939816
evt_inv_006229_0,cust_b2b_020,inv_006229,2026-05-13T19:15:35.991738+00:00,5913652,SEND_REMINDER,0.8500000000000001,0,5.719569937858786,0.3382352941176471,0.2573738838549864,0.0,1.0,0.7338484336704202,0.6793132387930262,33.0,194.99492371383428
evt_inv_004210_1,cust_b2b_023,inv_004210,2026-05-13T19:27:31.093560+00:00,2589995,OFFER_PAYMENT_PLAN,0.8500000000000001,1,21.52833180120338,0.416988416988417,0.3761171152321721,1.0,1.0,0.7342408309514329,0.6788890941558491,32.0,197.10382097218096
evt_inv_001404_0,cust_b2b_030,inv_001404,2026-05-13T19:28:19.622359+00:00,2178186,SEND_REMINDER,0.8500000000000001,0,9.366892559601887,0.3020833333333333,-0.20540604185989939,0.0,1.0,0.7342674512412937,0.6788603023064572,45.0,211.65810728980844
evt_inv_001737_1,cust_b2b_032,inv_001737,2026-05-13T19:32:40.152669+00:00,5478002,OFFER_PAYMENT_PLAN,0.8500000000000001,0,22.622759825895745,0.10574018126888217,-0.4145447795806431,1.0,1.0,0.7344103448605462,0.67870571337054,33.0,211.74929004797085
evt_inv_003953_0,cust_b2b_027,inv_003953,2026-05-13T19:45:49.583409+00:00,3125295,SEND_REMINDER,0.8500000000000001,0,6.15918234612867,0.15217391304347827,0.30896701104625385,0.0,1.0,0.7348431268886143,0.6782371110935791,37.0,196.9052685739865
evt_inv_006774_0,cust_b2b_017,inv_006774,2026-05-13T20:07:58.953277+00:00,6311687,OFFER_PAYMENT_PLAN,0.05,0,4.267013374256865,0.2788104089219331,-0.0815333433869536,0.0,1.0,0.7355712387753062,0.6774473800130616,36.0,208.35413934281868
evt_inv_007265_0,cust_b2b_009,inv_007265,2026-05-13T20:10:28.868280+00:00,8614500,SEND_REMINDER,0.8500000000000001,0,4.183301514937227,0.15331010452961671,1.1713570884447768,0.0,1.0,0.7356532957913509,0.6773582718113976,37.0,201.74106984912183
evt_inv_008269_1,cust_b2b_025,inv_008269,2026-05-13T20:18:31.737640+00:00,11963108,OFFER_PAYMENT_PLAN,0.8500000000000001,0,23.941748158676617,0.20426829268292682,0.44906887221400144,1.0,1.0,0.7359175242956901,0.6770711908171122,46.0,204.96470835954048
evt_inv_008626_1,cust_b2b_005,inv_008626,2026-05-13T20:38:05.436257+00:00,5581631,WRITE_OFF,0.05,0,22.741470101577193,0.2290909090909091,-0.7049141855263107,1.0,1.0,0.736559310808525,0.6763729604746709,43.0,204.1995428534444
evt_inv_005104_0,cust_b2b_033,inv_005104,2026-05-13T20:47:44.138692+00:00,4726364,SEND_REMINDER,0.8500000000000001,0,8.644892304199843,0.13503649635036497,0.20946164767875855,0.0,1.0,0.7368755054889872,0.6760284678993553,42.0,193.01485612386242
evt_inv_005636_0,cust_b2b_006,inv_005636,2026-05-13T20:49:36.767356+00:00,6114162,SEND_REMINDER,0.8500000000000001,0,6.764183535191492,0.3018181818181818,0.2530914642142274,0.0,1.0,0.7369370254410831,0.6759614046186724,46.0,206.99626271639386
evt_inv_001546_0,cust_b2b_001,inv_001546,2026-05-13T20:57:56.757335+00:00,4477793,WRITE_OFF,0.05,0,9.5663984134424,0.048582995951417005,-0.8808277691461903,0.0,1.0,0.7372100559334966,0.6756636244689592,34.0,196.7576986419732
evt_inv_005525_0,cust_b2b_028,inv_005525,2026-05-13T21:02:40.037428+00:00,5030568,SEND_REMINDER,0.8500000000000001,0,8.687443917523726,0.3426294820717131,-0.05450614588576618,0.0,1.0,0.7373646938439665,0.6754948617660934,27.0,193.67466271926983
evt_inv_002059_0,cust_b2b_025,inv_002059,2026-05-13T21:06:57.962710+00:00,7111645,SEND_REMINDER,0.8500000000000001,0,4.6371120900725264,0.20364741641337386,-0.7468828034936926,0.0,1.0,0.7375054573819154,0.6753411732834683,47.0,204.99834522378214
evt_inv_003235_0,cust_b2b_038,inv_003235,2026-05-13T21:08:31.046119+00:00,5158424,SEND_REMINDER,0.8500000000000001,0,9.476094416679578,0.27309236947791166,0.4902629063459648,0.0,1.0,0.737556250080678,0.6752857009939781,36.0,206.8829459673644
evt_inv_006136_0,cust_b2b_039,inv_006136,2026-05-13T21:12:01.440524+00:00,10618149,SEND_REMINDER,0.8500000000000001,1,9.451560010433841,0.4147465437788018,-0.060127915524212816,0.0,1.0,0.7376710403387388,0.6751603041097447,27.0,196.7791481180759
evt_inv_007486_0,cust_b2b_020,inv_007486,2026-05-13T21:12:02.748201+00:00,7632160,SEND_REMINDER,0.8500000000000001,0,7.298422940806387,0.336996336996337,1.0586669184803479,0.0,1.0,0.7376717537347478,0.6751595246620621,34.0,195.0757889506684
evt_inv_006272_0,cust_b2b_005,inv_006272,2026-05-13T21:31:53.897985+00:00,9076225,SEND_REMINDER,0.8500000000000001,0,8.10587874596411,0.22826086956521738,0.418968238476453,0.0,1.0,0.738321236923619,0.6744492205552448,43.0,204.23690930862165
evt_inv_004334_1,cust_b2b_010,inv_004334,2026-05-13T21:35:10.885368+00:00,2420653,OFFER_PAYMENT_PLAN,0.8500000000000001,0,21.89952865575356,0.1348314606741573,-0.42609618315600745,1.0,1.0,0.7384285798533347,0.674331693201341,45.0,203.57296851943352
evt_inv_007778_0,cust_b2b_012,inv_007778,2026-05-13T21:35:50.193165+00:00,3395937,SEND_REMINDER,0.8500000000000001,1,7.686666021207392,0.46715328467153283,-0.28785358136546496,0.0,1.0,0.7384499973319205,0.674308239190718,38.0,206.8542363748746
evt_inv_003681_0,cust_b2b_004,inv_003681,2026-05-13T21:40:10.823191+00:00,2617569,SEND_REMINDER,0.8500000000000001,0,8.752765533783293,0.16483516483516483,-0.41409315913583467,0.0,1.0,0.7385919869021389,0.6741527103586773,28.0,208.21220724761824
evt_inv_000461_0,cust_b2b_019,inv_000461,2026-05-13T22:06:32.509710+00:00,2507604,SEND_REMINDER,0.8500000000000001,0,9.486324048763498,0.34035087719298246,-0.6597138760012184,0.0,1.0,0.7394529767684117,0.6732082108444124,52.0,205.85944239902133
evt_inv_006760_0,cust_b2b_017,inv_006760,2026-05-13T22:15:02.043480+00:00,5455949,SEND_REMINDER,0.8500000000000001,0,8.894064464251395,0.2777777777777778,-0.4094287449551254,0.0,1.0,0.7397300839425154,0.6729037099841249,37.0,208.4423695535016
evt_inv_004216_1,cust_b2b_039,inv_004216,2026-05-13T22:30:46.028588+00:00,8157441,OFFER_PAYMENT_PLAN,0.8500000000000001,1,23.82396684321531,0.41743119266055045,-0.6255571577780722,1.0,1.0,0.740243133740853,0.67233927666731,28.0,196.83383085029243
evt_inv_006048_0,cust_b2b_006,inv_006048,2026-05-13T22:32:28.689697+00:00,7018555,SEND_REMINDER,0.8500000000000001,0,1.322648099495202,0.3007246376811594,0.660322449100673,0.0,1.0,0.7402989034292279,0.6722778693230075,47.0,207.06769700274867
evt_inv_007311_0,cust_b2b_021,inv_007311,2026-05-13T22:45:58.079486+00:00,8831295,SEND_REMINDER,0.8500000000000001,0,4.804638418269345,0.332089552238806,-0.09098529537789278,0.0,1.0,0.7407384184367981,0.6717935660988061,28.0,205.9541237214909
evt_inv_002147_0,cust_b2b_025,inv_002147,2026-05-13T23:15:12.003903+00:00,7368153,SEND_REMINDER,0.8500000000000001,0,6.687741451932711,0.20303030303030303,-0.6836500638165528,0.0,1.0,0.7416897474155542,0.6707431092293468,48.0,205.08739662647608
evt_inv_001738_0,cust_b2b_020,inv_001738,2026-05-14T00:03:21.552877+00:00,3365537,SEND_REMINDER,0.8500000000000001,0,3.869582904879815,0.3357664233576642,-0.9307422938393902,0.0,1.0,0.7432537897776945,0.669009569424156,34.0,195.1947565973892
evt_inv_000020_0,cust_b2b_008,inv_000020,2026-05-14T00:14:28.847760+00:00,9243424,SEND_REMINDER,0.8500000000000001,0,3.9255516314886063,0.2441860465116279,0.3635198639272184,0.0,1.0,0.7436144046410766,0.6686087175697735,42.0,196.17878710207904
evt_inv_002702_0,cust_b2b_033,inv_002702,2026-05-14T00:22:25.869682+00:00,4144952,WRITE_OFF,0.05,0,3.3811030814512137,0.13454545454545455,-0.12384210166107798,0.0,1.0,0.7438720610094366,0.6683220457605548,41.0,193.16395023254086
evt_inv_005849_0,cust_b2b_010,inv_005849,2026-05-14T00:47:12.463648+00:00,2492132,SEND_REMINDER,0.8500000000000001,0,1.4058888536443068,0.13432835820895522,-0.36485632690987874,0.0,1.0,0.7446743138138269,0.6674280233447695,46.0,203.70632011989701
evt_inv_000211_0,cust_b2b_034,inv_000211,2026-05-14T00:48:10.382507+00:00,6332077,SEND_REMINDER,0.8500000000000001,0,9.672359523995802,0.46808510638297873,0.5436676660856146,0.0,1.0,0.7447055484690873,0.6673931720353122,44.0,193.95680779083872
evt_inv_007843_0,cust_b2b_000,inv_007843,2026-05-14T01:02:18.749957+00:00,6431104,SEND_REMINDER,0.8500000000000001,0,5.863372075927698,0.3486590038314176,0.780408309635087,0.0,1.0,0.7451628716426482,0.6668825194329825,40.0,203.69140952290573
evt_inv_000768_1,cust_b2b_026,inv_000768,2026-05-14T01:08:15.340285+00:00,4524104,ESCALATE_COLLECTIONS,0.05,1,16.964031185259024,0.27697841726618705,-0.1288664259094753,1.0,1.0,0.745354991646164,0.6666677856535044,28.0,196.18395174200077
evt_inv_003906_0,cust_b2b_030,inv_003906,2026-05-14T01:16:19.781144+00:00,2123449,SEND_REMINDER,0.8500000000000001,0,6.6736868987125355,0.30103806228373703,-0.2630681949781045,0.0,1.0,0.7456158944812934,0.6663759733790382,44.0,211.89977579426932
evt_inv_005005_0,cust_b2b_010,inv_005005,2026-05-14T01:25:45.906792+00:00,2186817,ESCALATE_COLLECTIONS,0.05,0,6.9190813112350815,0.13382899628252787,-0.6264363023786007,0.0,1.0,0.7459206451054506,0.6660348273217161,47.0,203.73309608221777
evt_inv_006560_0,cust_b2b_018,inv_006560,2026-05-14T01:33:09.672996+00:00,1492775,SEND_REMINDER,0.8500000000000001,0,4.395487497329441,0.6205357142857143,-0.6664742682513871,0.0,1.0,0.7461594193939045,0.6657673173487502,32.0,197.4900170073529
evt_inv_004587_1,cust_b2b_005,inv_004587,2026-05-14T01:36:12.176236+00:00,7360217,OFFER_PAYMENT_PLAN,0.8500000000000001,0,23.75120881091705,0.22743682310469315,-0.13291003441111426,1.0,1.0,0.746257589842537,0.6656572763835816,44.0,204.40656530690327
evt_inv_006081_0,cust_b2b_017,inv_006081,2026-05-14T01:44:12.615713+00:00,4721578,ESCALATE_COLLECTIONS,0.05,0,2.5090501791943542,0.2767527675276753,-0.6908200164206852,0.0,1.0,0.7465159457871835,0.665367524519695,38.0,208.5876308061939
evt_inv_001063_0,cust_b2b_024,inv_001063,2026-05-14T02:16:18.149038+00:00,4136339,SEND_REMINDER,0.8500000000000001,0,8.754905282971084,0.1423611111111111,-0.22604520842799453,0.0,1.0,0.7475502703924727,0.664205234273369,45.0,202.31260855817632
evt_inv_000500_1,cust_b2b_020,inv_000500,2026-05-14T02:24:25.759511+00:00,6448151,OFFER_PAYMENT_PLAN,0.8500000000000001,0,18.420214761095107,0.33454545454545453,0.5065956753276826,1.0,1.0,0.747811909477315,0.6639106476355775,35.0,195.29272195194025
evt_inv_005207_1,cust_b2b_023,inv_005207,2026-05-14T02:36:12.445056+00:00,3414040,OFFER_PAYMENT_PLAN,0.8500000000000001,1,16.754183214500454,0.41923076923076924,1.2911966118084788,1.0,1.0,0.7481908924932695,0.6634835253343709,32.0,197.40152179967797
evt_inv_000094_0,cust_b2b_018,inv_000094,2026-05-14T02:38:38.020386+00:00,1676053,SEND_REMINDER,0.8500000000000001,1,8.14580733686679,0.6177777777777778,-0.4413606229737331,0.0,1.0,0.7482689316808155,0.6633955124066269,33.0,197.53548399103724
evt_inv_004493_1,cust_b2b_002,inv_004493,2026-05-14T02:57:40.226501+00:00,3596493,OFFER_PAYMENT_PLAN,0.8500000000000001,0,21.094817405262965,0.140625,-0.13504672934656936,1.0,1.0,0.7488808795885485,0.6627046311794432,40.0,206.69897696288845
evt_inv_000414_1,cust_b2b_020,inv_000414,2026-05-14T03:21:21.458842+00:00,6230091,OFFER_PAYMENT_PLAN,0.8500000000000001,0,21.96890644741616,0.3333333333333333,0.40492028672648195,1.0,1.0,0.749641427748776,0.6618441884634002,36.0,195.33225550901366
evt_inv_006493_0,cust_b2b_036,inv_006493,2026-05-14T03:51:14.961071+00:00,3609616,SEND_REMINDER,0.8500000000000001,0,1.7661757044450206,0.27208480565371024,-0.08741744883545557,0.0,1.0,0.7505997786725656,0.6607571204736999,37.0,208.6144491629171
evt_inv_005280_0,cust_b2b_002,inv_005280,2026-05-14T03:51:28.843108+00:00,4898466,SEND_REMINDER,0.8500000000000001,0,6.437268771446569,0.14007782101167315,0.7210942929400488,0.0,1.0,0.7506071903396583,0.6607487009524907,41.0,206.7363452106642
evt_inv_003979_0,cust_b2b_014,inv_003979,2026-05-14T04:19:20.275189+00:00,10245449,SEND_REMINDER,0.8500000000000001,0,3.9217959247925163,0.24472573839662448,-0.08351206752298208,0.0,1.0,0.7514988831304356,0.6597343621895921,40.0,210.41899835811714
evt_inv_008529_1,cust_b2b_029,inv_008529,2026-05-14T04:23:55.963043+00:00,4254038,OFFER_PAYMENT_PLAN,0.8500000000000001,1,17.0938218738768,0.22,-0.6002475628114126,1.0,1.0,0.7516458282774341,0.6595669403730982,36.0,208.24839194569824
evt_inv_000168_0,cust_b2b_024,inv_000168,2026-05-14T04:44:45.492736+00:00,7123705,SEND_REMINDER,0.8500000000000001,0,1.0177990082843,0.14186851211072665,1.4162607599601635,0.0,1.0,0.7523113758151043,0.6588077062536418,46.0,202.41570281394283
evt_inv_008204_0,cust_b2b_017,inv_008204,2026-05-14T05:09:57.685636+00:00,6266920,SEND_REMINDER,0.8500000000000001,0,7.04463860809685,0.2757352941176471,-0.09868682090973112,0.0,1.0,0.753115802151901,0.6578879756836257,38.0,208.7305135599414
evt_inv_008582_1,cust_b2b_027,inv_008582,2026-05-14T05:14:41.709451+00:00,2992194,OFFER_PAYMENT_PLAN,0.8500000000000001,0,24.085647833908325,0.15162454873646208,0.18933765919718318,1.0,1.0,0.7532667661071879,0.6577151200013719,37.0,197.30031632911104
evt_inv_001846_0,cust_b2b_020,inv_001846,2026-05-14T05:27:55.673461+00:00,6435317,SEND_REMINDER,0.8500000000000001,0,5.239157775871894,0.33212996389891697,0.5006116461874286,0.0,1.0,0.7536885622969993,0.6572317331525328,37.0,195.4201515115556
evt_inv_006752_0,cust_b2b_006,inv_006752,2026-05-14T05:31:33.125524+00:00,5739811,SEND_REMINDER,0.8500000000000001,0,6.738438541502509,0.2996389891696751,0.08452834485337057,0.0,1.0,0.7538040303689483,0.6570992952359102,47.0,207.35872056556653
evt_inv_000218_1,cust_b2b_010,inv_000218,2026-05-14T05:42:34.806404+00:00,3508327,OFFER_PAYMENT_PLAN,0.8500000000000001,0,21.587584043314855,0.13333333333333333,0.5057731377300149,1.0,1.0,0.7541552428795337,0.6566961775717227,45.0,203.9114398277238
evt_inv_000542_0,cust_b2b_027,inv_000542,2026-05-14T05:56:34.088243+00:00,3293712,SEND_REMINDER,0.8500000000000001,0,1.5723415459433867,0.1510791366906475,0.46033755380574143,0.0,1.0,0.7546004137606919,0.6561845895418398,38.0,197.32939478734724
evt_inv_001439_1,cust_b2b_024,inv_001439,2026-05-14T06:13:57.208258+00:00,6280855,OFFER_PAYMENT_PLAN,0.8500000000000001,0,20.23034366254886,0.1413793103448276,0.9529037560284837,1.0,1.0,0.7551532205180986,0.655548330438835,47.0,202.47764396582087
evt_inv_006975_0,cust_b2b_007,inv_006975,2026-05-14T06:19:29.077178+00:00,4007511,SEND_REMINDER,0.8500000000000001,0,6.921787772920252,0.2891156462585034,-0.1600294199695683,0.0,1.0,0.7553289836675675,0.655345806755273,53.0,211.06484068191938
evt_inv_003437_1,cust_b2b_022,inv_003437,2026-05-14T06:28:29.455266+00:00,1864977,OFFER_PAYMENT_PLAN,0.8500000000000001,0,17.123558914547086,0.18867924528301888,-0.02546419366379052,1.0,1.0,0.755615060418294,0.6550159390954222,48.0,200.81975960029135
evt_inv_007940_1,cust_b2b_010,inv_007940,2026-05-14T07:26:45.210211+00:00,2344354,OFFER_PAYMENT_PLAN,0.8500000000000001,1,20.48711568032683,0.13284132841328414,-0.49146506403603635,1.0,1.0,0.7574622341467239,0.6528789810075476,46.0,203.98378246438082
evt_inv_008346_0,cust_b2b_015,inv_008346,2026-05-14T07:27:43.979088+00:00,9573440,SEND_REMINDER,0.8500000000000001,0,4.604853131684051,0.1524163568773234,-0.012448113036703312,0.0,1.0,0.757493236290911,0.6528430109708782,37.0,205.43792679711055
evt_inv_002392_1,cust_b2b_020,inv_002392,2026-05-14T07:59:48.168723+00:00,5004235,WRITE_OFF,0.05,0,16.46420509159655,0.33093525179856115,-0.16666264766808486,1.0,1.0,0.7585073535091156,0.6516644801372847,38.0,195.52562020671152
evt_inv_001622_0,cust_b2b_033,inv_001622,2026-05-14T08:45:05.812385+00:00,4036990,SEND_REMINDER,0.8500000000000001,0,4.43532169353148,0.13405797101449277,-0.18573276580635725,0.0,1.0,0.7599365253695177,0.6499972903092014,41.0,193.51302364345602
evt_inv_002605_0,cust_b2b_011,inv_002605,2026-05-14T08:56:24.311608+00:00,2064633,WRITE_OFF,0.05,0,1.5180116033655957,0.36,0.657057338958293,0.0,1.0,0.760292767506733,0.649580562884199,37.0,207.16947185037478
evt_inv_002879_0,cust_b2b_006,inv_002879,2026-05-14T09:08:53.089466+00:00,5093018,SEND_REMINDER,0.8500000000000001,0,8.021825563497911,0.29856115107913667,-0.2067103174879084,0.0,1.0,0.7606856437829526,0.6491204444034366,48.0,207.50964607414892
evt_inv_006401_0,cust_b2b_034,inv_006401,2026-05-14T09:10:41.037640+00:00,6581559,SEND_REMINDER,0.8500000000000001,1,5.018059895134954,0.4661016949152542,0.6635875145144144,0.0,1.0,0.7607422601514213,0.6490540914436232,43.0,194.30577370672418
evt_inv_006063_0,cust_b2b_009,inv_006063,2026-05-14T09:11:57.957890+00:00,4687152,SEND_REMINDER,0.8500000000000001,0,8.719969914700158,0.1527777777777778,-0.5024133939700448,0.0,1.0,0.7607825995461391,0.6490068075358061,37.0,202.28376764553204
evt_inv_001311_0,cust_b2b_001,inv_001311,2026-05-14T09:15:17.079851+00:00,6696446,SEND_REMINDER,0.8500000000000001,0,9.483449175403214,0.04838709677419355,-0.07856171947603724,0.0,1.0,0.7608870117035433,0.6488843929552104,34.0,197.2697394118346
evt_inv_005161_1,cust_b2b_007,inv_005161,2026-05-14T09:24:51.081011+00:00,4653824,OFFER_PAYMENT_PLAN,0.8500000000000001,1,20.4673923263884,0.288135593220339,0.21735020479439152,1.0,1.0,0.7611878863444714,0.6485314191945029,54.0,211.19356757813162
evt_inv_006102_0,cust_b2b_032,inv_006102,2026-05-14T09:26:43.410657+00:00,6386629,SEND_REMINDER,0.8500000000000001,0,4.444743757072741,0.10542168674698796,-0.06863381926279798,0.0,1.0,0.7612467471086605,0.6484623273687401,32.0,212.3284944228368
evt_inv_006767_0,cust_b2b_023,inv_006767,2026-05-14T09:27:03.320651+00:00,2219996,ESCALATE_COLLECTIONS,0.05,0,4.291048504095121,0.421455938697318,-0.034756215661893596,0.0,1.0,0.7612571792963683,0.6484500805534201,33.0,197.68683285980887
evt_inv_007563_1,cust_b2b_033,inv_007563,2026-05-14T09:40:31.067229+00:00,3252485,ESCALATE_COLLECTIONS,0.05,0,21.86305687027934,0.13357400722021662,-0.6354627476458914,1.0,1.0,0.761680245999605,0.6479530869237227,42.0,193.55151038932885
evt_inv_007708_0,cust_b2b_005,inv_007708,2026-05-14T09:48:37.291959+00:00,7101310,ESCALATE_COLLECTIONS,0.05,0,1.2989660662459217,0.22661870503597123,-0.21617612712266587,0.0,1.0,0.7619347554504623,0.6476537874795795,45.0,204.74852266480286
evt_inv_008665_0,cust_b2b_025,inv_008665,2026-05-14T09:53:02.168694+00:00,11637604,SEND_REMINDER,0.8500000000000001,0,7.4850157971306714,0.20241691842900303,0.36882764748442165,0.0,1.0,0.7620733530339412,0.6474906984626158,45.0,205.53033834859602
evt_inv_002366_0,cust_b2b_001,inv_002366,2026-05-14T09:56:44.298701+00:00,6943145,SEND_REMINDER,0.8500000000000001,0,3.3870739917656065,0.04819277108433735,0.010644908233908942,0.0,1.0,0.7621895563452472,0.6473539064516682,35.0,197.2985266670452
evt_inv_003182_1,cust_b2b_007,inv_003182,2026-05-14T09:57:47.620933+00:00,4995450,OFFER_PAYMENT_PLAN,0.8500000000000001,0,21.340705336087936,0.2905405405405405,0.41682424722032735,1.0,1.0,0.7622226777328237,0.6473149075603033,54.0,211.21644419760514
evt_inv_006898_0,cust_b2b_023,inv_006898,2026-05-14T10:10:58.993967+00:00,2013900,SEND_REMINDER,0.8500000000000001,0,4.3178993642185,0.4198473282442748,-0.2636203980622955,0.0,1.0,0.7626364457420963,0.6468273738996075,33.0,197.71733833800718
evt_inv_005576_0,cust_b2b_033,inv_005576,2026-05-14T10:15:26.495007+00:00,5122888,SEND_REMINDER,0.8500000000000001,0,3.2647117854161425,0.13309352517985612,0.4367747609879992,0.0,1.0,0.7627762376832832,0.6466625172574451,42.0,193.57576302565258
evt_inv_007669_0,cust_b2b_007,inv_007669,2026-05-14T10:19:05.015524+00:00,3854390,SEND_REMINDER,0.8500000000000001,0,7.766566745303296,0.2895622895622896,-0.24943606948007613,0.0,1.0,0.762890406708826,0.6465278241124987,55.0,211.23122885722816
evt_inv_000007_0,cust_b2b_015,inv_000007,2026-05-14T10:39:02.221858+00:00,12355204,SEND_REMINDER,0.8500000000000001,0,6.657911824754637,0.15185185185185185,0.7103623825340392,0.0,1.0,0.7635154812845292,0.645789524410898,38.0,205.57077682916488
evt_inv_006551_1,cust_b2b_004,inv_006551,2026-05-14T10:39:15.288078+00:00,3806048,OFFER_PAYMENT_PLAN,0.8500000000000001,1,23.230041946177185,0.16423357664233576,0.5329899808159968,1.0,1.0,0.7635222993609082,0.645781463328448,28.0,208.75323114676385
evt_inv_007429_0,cust_b2b_027,inv_007429,2026-05-14T10:55:08.008601+00:00,2515413,ESCALATE_COLLECTIONS,0.05,1,8.390946603031361,0.15053763440860216,-0.23918532280272356,0.0,1.0,0.764019208497412,0.6451934973688034,39.0,197.53673182853035
evt_inv_001363_0,cust_b2b_025,inv_001363,2026-05-14T11:04:03.260739+00:00,9154556,SEND_REMINDER,0.8500000000000001,1,3.40356105901608,0.20180722891566266,-0.24327729944573576,0.0,1.0,0.7642981805955869,0.6448630018370379,46.0,205.579656543556
evt_inv_003668_0,cust_b2b_005,inv_003668,2026-05-14T11:04:15.965497+00:00,6122055,ESCALATE_COLLECTIONS,0.05,0,9.377500979273902,0.22580645161290322,-0.5311104413372677,0.0,1.0,0.7643048005476646,0.6448551557208755,44.0,204.80105360853202
evt_inv_008086_0,cust_b2b_039,inv_008086,2026-05-14T12:16:45.114784+00:00,12078623,ESCALATE_COLLECTIONS,0.05,0,8.414153018855728,0.4200913242009132,0.27546450384092497,0.0,1.0,0.7665662340191826,0.6421652504314196,26.0,197.40743138497166
evt_inv_003871_0,cust_b2b_021,inv_003871,2026-05-14T12:32:56.267517+00:00,12106153,SEND_REMINDER,0.8500000000000001,0,7.21871325782267,0.3308550185873606,0.8023354700447622,0.0,1.0,0.7670699137261674,0.6415635178656358,28.0,206.52840830518585
evt_inv_000044_0,cust_b2b_033,inv_000044,2026-05-14T12:48:42.376390+00:00,4453735,SEND_REMINDER,0.8500000000000001,0,5.074709865848257,0.13261648745519714,0.05317248563271657,0.0,1.0,0.7675601504321853,0.6409769227269583,43.0,193.6821968379575
evt_inv_001371_0,cust_b2b_012,inv_001371,2026-05-14T12:54:21.998534+00:00,3485102,SEND_REMINDER,0.8500000000000001,0,6.156143948607053,0.4690909090909091,-0.22977084854583302,0.0,1.0,0.7677360199768102,0.6407662628682684,38.0,207.49210449256634
evt_inv_006477_1,cust_b2b_025,inv_006477,2026-05-14T12:54:48.510271+00:00,10176407,ESCALATE_COLLECTIONS,0.05,0,19.965778719843854,0.2042042042042042,0.008622712314348165,1.0,1.0,0.7677497463523949,0.6407498162120948,47.0,205.65656915389022
evt_inv_004253_0,cust_b2b_018,inv_004253,2026-05-14T13:00:39.619921+00:00,1916595,SEND_REMINDER,0.8500000000000001,1,9.547676357718267,0.6194690265486725,-0.14591120728843057,0.0,1.0,0.7679314991244103,0.6405319762920004,34.0,197.96744694860863
evt_inv_004936_1,cust_b2b_037,inv_004936,2026-05-14T13:23:48.499078+00:00,3367765,OFFER_PAYMENT_PLAN,0.8500000000000001,0,19.18841359420238,0.27692307692307694,0.4062896952753227,1.0,1.0,0.7686498498594534,0.6396697650436822,35.0,204.7718693394198
evt_inv_007992_0,cust_b2b_025,inv_007992,2026-05-14T13:27:36.023173+00:00,8735003,SEND_REMINDER,0.8500000000000001,0,7.828220580932295,0.20359281437125748,-0.3467029165433044,0.0,1.0,0.7687674367377044,0.6395284420662928,47.0,205.6793412939586
evt_inv_004950_0,cust_b2b_032,inv_004950,2026-05-14T13:39:32.598566+00:00,6054842,SEND_REMINDER,0.8500000000000001,0,6.199444589181618,0.10510510510510511,-0.19494388734856677,0.0,1.0,0.7691376007394392,0.6390832114277288,33.0,212.5040637273353
evt_inv_008571_0,cust_b2b_021,inv_008571,2026-05-14T13:39:49.130305+00:00,10930436,WRITE_OFF,0.05,1,7.795156049008433,0.3296296296296296,0.48162167942369616,0.0,1.0,0.7691461375583032,0.6390729372138549,29.0,206.57485347633852
evt_inv_004008_0,cust_b2b_009,inv_004008,2026-05-14T13:42:06.308607+00:00,6352880,SEND_REMINDER,0.8500000000000001,0,9.258929875257856,0.1522491349480969,0.20749217465223113,0.0,1.0,0.7692169697203747,0.638987678671666,38.0,202.47136429735045
evt_inv_006991_0,cust_b2b_036,inv_006991,2026-05-14T13:43:29.208795+00:00,4344331,WRITE_OFF,0.05,1,3.662546621846462,0.2711267605633803,0.4036489134206424,0.0,1.0,0.7692597707387246,0.638936151053456,38.0,209.02572517823648
evt_inv_008275_0,cust_b2b_015,inv_008275,2026-05-14T13:47:45.969828+00:00,11535261,SEND_REMINDER,0.8500000000000001,0,9.247519662336238,0.15129151291512916,0.4973090836367184,0.0,1.0,0.7693923134790502,0.638776539925626,39.0,205.70183872696808
evt_inv_008886_0,cust_b2b_038,inv_008886,2026-05-14T14:03:40.483498+00:00,6978333,SEND_REMINDER,0.8500000000000001,0,5.297408434658994,0.272,1.5452380869832314,0.0,1.0,0.7698847530133021,0.6381829417006121,34.0,207.58791630739407
evt_inv_006559_0,cust_b2b_001,inv_006559,2026-05-14T14:12:19.695079+00:00,4749200,OFFER_PAYMENT_PLAN,0.05,0,6.2541228293566125,0.048,-0.7826868055929844,0.0,1.0,0.7701524252024465,0.6378598921038929,36.0,197.47601968067656
evt_inv_008250_0,cust_b2b_012,inv_008250,2026-05-14T14:24:46.554804+00:00,3509538,SEND_REMINDER,0.8500000000000001,1,9.318119296894482,0.4673913043478261,-0.21385297491391772,0.0,1.0,0.7705372204277338,0.6373950046364515,39.0,207.55488870866293
evt_inv_000434_0,cust_b2b_020,inv_000434,2026-05-14T14:34:36.241503+00:00,4886362,SEND_REMINDER,0.8500000000000001,0,5.293346411499732,0.32974910394265233,-0.221623309875289,0.0,1.0,0.7708408391096937,0.6370277864902467,37.0,195.79978771574588
evt_inv_004572_0,cust_b2b_008,inv_004572,2026-05-14T15:02:13.346644+00:00,6249815,SEND_REMINDER,0.8500000000000001,0,9.829785157621053,0.24324324324324326,-0.5638699058218459,0.0,1.0,0.7716931145107581,0.6359950762519203,42.0,196.79527435768833
evt_inv_005602_0,cust_b2b_004,inv_005602,2026-05-14T15:02:48.411831+00:00,3013119,SEND_REMINDER,0.8500000000000001,0,3.057348724521623,0.16727272727272727,-0.09888447631592255,0.0,1.0,0.7717111341483294,0.6359732112530363,29.0,208.93625341242205
evt_inv_003556_0,cust_b2b_005,inv_003556,2026-05-14T15:10:53.989649+00:00,6189153,WRITE_OFF,0.05,0,3.7264150450451634,0.225,-0.5095314244026145,0.0,1.0,0.77196060388646,0.6356703753103898,44.0,204.97232703621583
evt_inv_005068_1,cust_b2b_028,inv_005068,2026-05-14T15:15:36.452410+00:00,7089571,ESCALATE_COLLECTIONS,0.05,1,18.47978752905791,0.3412698412698413,0.9464303013028946,1.0,1.0,0.7721056668659733,0.6354941692835983,27.0,194.43364900377978
evt_inv_002772_0,cust_b2b_012,inv_002772,2026-05-14T15:26:04.145078+00:00,4428525,SEND_REMINDER,0.8500000000000001,1,6.8524983658601855,0.4693140794223827,0.38478443223987496,0.0,1.0,0.7724278838237921,0.6351024832981669,40.0,207.59745341090715
evt_inv_000093_0,cust_b2b_018,inv_000093,2026-05-14T15:32:01.722633+00:00,1449352,SEND_REMINDER,0.8500000000000001,1,8.174316641306856,0.6211453744493393,-0.719810289637211,0.0,1.0,0.7726113522594137,0.6348792785718244,34.0,198.0725638781474
evt_inv_005700_0,cust_b2b_001,inv_005700,2026-05-14T15:53:47.969011+00:00,6236790,SEND_REMINDER,0.8500000000000001,0,3.033127239399398,0.04780876494023904,-0.24477338800741863,0.0,1.0,0.773281022164777,0.6340634516827143,37.0,197.5464858141504
evt_inv_005855_0,cust_b2b_039,inv_005855,2026-05-14T16:03:01.454361+00:00,15402556,SEND_REMINDER,0.8500000000000001,1,7.078162959985496,0.41818181818181815,1.0392484609231072,0.0,1.0,0.7735645162479975,0.6337175547529054,26.0,197.5645649448918
evt_inv_004900_1,cust_b2b_027,inv_004900,2026-05-14T16:23:01.776617+00:00,3026843,OFFER_PAYMENT_PLAN,0.8500000000000001,0,20.090024550371403,0.15357142857142858,0.22047955421359425,1.0,1.0,0.7741787872074258,0.6329669860569659,38.0,197.76443747686343
evt_inv_007703_0,cust_b2b_022,inv_007703,2026-05-14T16:29:35.660382+00:00,1859251,SEND_REMINDER,0.8500000000000001,0,9.453951094265186,0.18796992481203006,-0.03306244221625618,0.0,1.0,0.7743802005381122,0.632720558394109,47.0,201.23719252987289
evt_inv_005619_0,cust_b2b_026,inv_005619,2026-05-14T16:32:47.727351+00:00,3940621,SEND_REMINDER,0.8500000000000001,1,1.2738716209612948,0.27956989247311825,-0.43467682735317015,0.0,1.0,0.7744783859566944,0.6326003712344102,28.0,196.82599325897368
evt_inv_002486_0,cust_b2b_002,inv_002486,2026-05-14T16:42:36.547956+00:00,3569675,SEND_REMINDER,0.8500000000000001,1,5.446555754892964,0.13953488372093023,-0.1526817775727852,0.0,1.0,0.7747792771920698,0.6322318179542483,41.0,207.2718510538035
evt_inv_006324_0,cust_b2b_031,inv_006324,2026-05-14T17:02:25.822979+00:00,14563013,ESCALATE_COLLECTIONS,0.05,0,2.5861543227219808,0.29069767441860467,0.14365683702537754,0.0,1.0,0.7753864696975458,0.6314869932231201,36.0,206.0486631547989
evt_inv_000003_1,cust_b2b_001,inv_000003,2026-05-14T17:06:22.662489+00:00,6253240,OFFER_PAYMENT_PLAN,0.8500000000000001,0,23.604921920064964,0.047619047619047616,-0.23882506238934245,1.0,1.0,0.7755073042533049,0.6313385946144683,38.0,197.59688735903606
evt_inv_000870_0,cust_b2b_014,inv_000870,2026-05-14T17:30:22.390347+00:00,12518580,SEND_REMINDER,0.8500000000000001,0,1.176910456205763,0.24369747899159663,0.45262782850412264,0.0,1.0,0.7762412363060207,0.6304359944182284,40.0,210.96832839467788
evt_inv_008102_1,cust_b2b_023,inv_008102,2026-05-14T18:03:27.029745+00:00,2728299,OFFER_PAYMENT_PLAN,0.8500000000000001,0,22.885850976868607,0.41825095057034223,0.5297000616487278,1.0,1.0,0.7772512262897633,0.6291903775734806,34.0,198.04544060395025
evt_inv_008838_1,cust_b2b_021,inv_008838,2026-05-14T18:06:32.260877+00:00,11109347,OFFER_PAYMENT_PLAN,0.8500000000000001,0,21.22188220251557,0.33210332103321033,0.5304251560196924,1.0,1.0,0.7773453891227489,0.6290740385754304,29.0,206.76007489499443
evt_inv_006651_1,cust_b2b_032,inv_006651,2026-05-14T18:13:23.318034+00:00,10691932,OFFER_PAYMENT_PLAN,0.8500000000000001,0,24.014807023876656,0.10479041916167664,1.5703792930558778,1.0,1.0,0.7775542891288824,0.6288158136189631,34.0,212.69423409154578
evt_inv_003767_0,cust_b2b_023,inv_003767,2026-05-14T18:32:49.475667+00:00,2471984,OFFER_PAYMENT_PLAN,0.05,0,6.787104540278794,0.4166666666666667,0.2450695957104513,0.0,1.0,0.7781464656442543,0.6280828591876676,35.0,198.06583928360783
evt_inv_008169_0,cust_b2b_036,inv_008169,2026-05-14T18:33:35.681540+00:00,3427018,SEND_REMINDER,0.8500000000000001,0,2.5779234606555526,0.2736842105263158,-0.2094620860716795,0.0,1.0,0.7781699148256063,0.6280538063417088,37.0,209.22718898315233
evt_inv_000096_1,cust_b2b_005,inv_000096,2026-05-14T18:41:17.372766+00:00,6837209,OFFER_PAYMENT_PLAN,0.8500000000000001,0,18.259104076062645,0.22419928825622776,-0.3011128113153776,1.0,1.0,0.7784041605635944,0.6277634608809961,43.0,205.11843100747998
evt_inv_007567_0,cust_b2b_011,inv_007567,2026-05-14T18:57:30.804275+00:00,1435755,SEND_REMINDER,0.8500000000000001,0,4.828939150392571,0.35856573705179284,-0.3045684366870444,0.0,1.0,0.7788976901235037,0.6271510091838093,35.0,207.586908108093
evt_inv_006330_1,cust_b2b_001,inv_006330,2026-05-14T18:57:53.317152+00:00,7699563,WRITE_OFF,0.05,0,21.350440297193032,0.04743083003952569,0.28416612025054605,1.0,1.0,0.7789090984475674,0.6271368402155926,39.0,197.6743254917134
evt_inv_002505_0,cust_b2b_003,inv_002505,2026-05-14T19:23:59.450332+00:00,3611168,SEND_REMINDER,0.8500000000000001,0,7.296901292085361,0.16296296296296298,-0.6158421807267166,0.0,1.0,0.7797020982416036,0.6261506511995661,37.0,199.73664358289375
evt_inv_006973_1,cust_b2b_027,inv_006973,2026-05-14T19:29:08.338038+00:00,2304227,OFFER_PAYMENT_PLAN,0.8500000000000001,0,22.166811750702905,0.15302491103202848,-0.4289962820421592,1.0,1.0,0.7798583538370835,0.6259560271700516,38.0,197.89368008590588
evt_inv_004005_0,cust_b2b_002,inv_004005,2026-05-14T19:44:39.535064+00:00,3910564,SEND_REMINDER,0.8500000000000001,0,8.810076954854443,0.14285714285714285,0.07147765894232556,0.0,1.0,0.7803291201455081,0.6253690624366839,42.0,207.39827451570864
evt_inv_008751_0,cust_b2b_022,inv_008751,2026-05-14T19:47:11.837703+00:00,1734810,SEND_REMINDER,0.8500000000000001,0,6.857863259289932,0.18726591760299627,-0.19817533501804072,0.0,1.0,0.7804060746575627,0.6252730272749454,47.0,201.37441680441552
evt_inv_001336_0,cust_b2b_019,inv_001336,2026-05-14T19:49:15.432575+00:00,4352243,SEND_REMINDER,0.8500000000000001,0,6.313390052799244,0.33916083916083917,0.6940346416266012,0.0,1.0,0.7804685152043219,0.6251950869726673,52.0,206.76410585810413
evt_inv_007915_0,cust_b2b_007,inv_007915,2026-05-14T19:52:08.841156+00:00,3316819,SEND_REMINDER,0.8500000000000001,0,6.597459760662261,0.28859060402684567,-0.5633221674213117,0.0,1.0,0.7805561086821814,0.6250857230803873,54.0,211.62918980203403
evt_inv_004939_1,cust_b2b_025,inv_004939,2026-05-14T20:10:43.327420+00:00,11235333,WRITE_OFF,0.05,0,20.17420567501072,0.20298507462686566,0.2696625700681608,1.0,1.0,0.7811187007507447,0.6243825552795885,46.0,205.95928694496357
evt_inv_005131_0,cust_b2b_000,inv_005131,2026-05-14T20:24:47.543445+00:00,5077667,SEND_REMINDER,0.8500000000000001,0,4.73688663753853,0.3473282442748092,0.09004093955260516,0.0,1.0,0.781544438917894,0.6238495732117754,40.0,204.49868722531758
evt_inv_008581_1,cust_b2b_014,inv_008581,2026-05-14T20:31:08.016867+00:00,9511683,OFFER_PAYMENT_PLAN,0.8500000000000001,0,23.990015685884188,0.24267782426778242,-0.25657778637749284,1.0,1.0,0.7817361928045385,0.6236092725893878,41.0,211.09385647939428
evt_inv_008100_1,cust_b2b_015,inv_008100,2026-05-14T20:34:29.672401+00:00,9087435,OFFER_PAYMENT_PLAN,0.8500000000000001,1,16.15664911500842,0.15073529411764705,-0.1387310352952779,1.0,1.0,0.7818377947364976,0.6234818864422368,38.0,205.98428898822522
evt_inv_001953_1,cust_b2b_030,inv_001953,2026-05-14T21:01:38.588089+00:00,2743955,OFFER_PAYMENT_PLAN,0.8500000000000001,0,19.18033732474492,0.3,0.3905985223407372,1.0,1.0,0.7826577447714995,0.6224522909823614,44.0,212.72291013390725
evt_inv_002974_0,cust_b2b_001,inv_002974,2026-05-14T21:16:57.669268+00:00,7992911,SEND_REMINDER,0.8500000000000001,0,8.110190939462663,0.047244094488188976,0.39024071714926756,0.0,1.0,0.7831197859729834,0.6218708875784656,39.0,197.77090364120204
evt_inv_008428_0,cust_b2b_004,inv_008428,2026-05-14T21:26:47.598045+00:00,2543493,SEND_REMINDER,0.8500000000000001,0,1.596645881645979,0.16666666666666666,-0.4731230548037958,0.0,1.0,0.7834161278585461,0.6214975226106072,30.0,209.20291066027528
evt_inv_001844_0,cust_b2b_024,inv_001844,2026-05-14T22:10:18.530305+00:00,4625283,SEND_REMINDER,0.8500000000000001,0,1.3818185114671535,0.140893470790378,0.04275174214550713,0.0,1.0,0.7847255523198199,0.6198433733906926,45.0,203.14177963766338
evt_inv_003610_0,cust_b2b_029,inv_003610,2026-05-14T22:26:43.977863+00:00,5329924,SEND_REMINDER,0.8500000000000001,1,8.664660722134876,0.22310756972111553,-0.11978244617529694,0.0,1.0,0.7852188625192886,0.6192183281718286,35.0,209.0003365616714
evt_inv_000483_0,cust_b2b_003,inv_000483,2026-05-14T22:42:43.174951+00:00,3123728,OFFER_PAYMENT_PLAN,0.05,0,3.381044299686483,0.16236162361623616,-0.8701680668730878,0.0,1.0,0.7856985537241596,0.6186095559201813,38.0,199.87464965487138
evt_inv_008255_0,cust_b2b_037,inv_008255,2026-05-14T22:57:21.345026+00:00,3310238,OFFER_PAYMENT_PLAN,0.05,1,4.898218022793342,0.27586206896551724,0.35664553271547916,0.0,1.0,0.7861373097474951,0.6180518831157875,34.0,205.17016616752258
evt_inv_000433_0,cust_b2b_028,inv_000433,2026-05-14T23:02:17.810963+00:00,6136657,SEND_REMINDER,0.8500000000000001,0,9.117415453095864,0.3438735177865613,0.4831930418318915,0.0,1.0,0.7862853422829102,0.6178635452193686,26.0,194.75773880184465
evt_inv_002729_0,cust_b2b_038,inv_002729,2026-05-14T23:14:26.141803+00:00,4642141,SEND_REMINDER,0.8500000000000001,0,8.028746093056467,0.27091633466135456,0.19098134035317915,0.0,1.0,0.7866488236938303,0.6174007030941195,33.0,207.97038920443933
evt_inv_004347_1,cust_b2b_037,inv_004347,2026-05-14T23:29:44.730690+00:00,2117433,OFFER_PAYMENT_PLAN,0.8500000000000001,0,16.489716045738206,0.2786259541984733,-0.6727131718222265,1.0,1.0,0.7871068669319271,0.6168166502524114,35.0,205.19265905714943
evt_inv_004711_0,cust_b2b_034,inv_004711,2026-05-14T23:37:53.202565+00:00,4469295,SEND_REMINDER,0.8500000000000001,1,3.4953766981321386,0.46835443037974683,-0.3517240751503381,0.0,1.0,0.7873502609353918,0.6165059339576305,42.0,194.9079978378022
evt_inv_007457_0,cust_b2b_000,inv_007457,2026-05-15T00:45:40.375104+00:00,5422335,SEND_REMINDER,0.8500000000000001,0,7.054508381894348,0.34600760456273766,0.26585065344714276,0.0,1.0,0.789372070981703,0.6139150865991625,41.0,204.6798542584014
evt_inv_008800_0,cust_b2b_001,inv_008800,2026-05-15T01:04:16.002843+00:00,4670831,SEND_REMINDER,0.8500000000000001,0,1.651849404054279,0.047058823529411764,-0.8110249693219314,0.0,1.0,0.7899251655611673,0.6132032557098522,40.0,197.92875472424802
evt_inv_004857_0,cust_b2b_026,inv_004857,2026-05-15T01:25:46.595920+00:00,4916710,SEND_REMINDER,0.8500000000000001,0,5.267842001368461,0.28214285714285714,0.07690258694388218,0.0,1.0,0.7905642018401414,0.612379165851403,27.0,197.19611905259333
evt_inv_000242_0,cust_b2b_007,inv_000242,2026-05-15T01:54:29.511721+00:00,3679905,SEND_REMINDER,0.8500000000000001,0,2.1424313403758415,0.28762541806020064,-0.3513171176217419,0.0,1.0,0.7914159623424972,0.6112779846759566,54.0,211.88081793357105
evt_inv_006578_0,cust_b2b_024,inv_006578,2026-05-15T02:00:48.811553+00:00,3933212,WRITE_OFF,0.05,0,7.092401991095426,0.1404109589041096,-0.33771448872918197,0.0,1.0,0.7916032714274253,0.6110354005009841,46.0,203.3018523372834
evt_inv_007133_1,cust_b2b_023,inv_007133,2026-05-15T02:10:16.144856+00:00,2527405,OFFER_PAYMENT_PLAN,0.8500000000000001,0,22.53260318765779,0.41509433962264153,0.30661293311096033,1.0,1.0,0.7918832980169513,0.6106724509274969,33.0,198.38350906587834
evt_inv_005406_1,cust_b2b_007,inv_005406,2026-05-15T02:11:14.662237+00:00,3401406,OFFER_PAYMENT_PLAN,0.8500000000000001,0,18.10567918095829,0.2866666666666667,-0.513931615187939,1.0,1.0,0.7919121717884323,0.610635007327068,55.0,211.89245162010593
evt_inv_008828_0,cust_b2b_030,inv_008828,2026-05-15T02:43:04.796313+00:00,2441171,SEND_REMINDER,0.8500000000000001,0,8.99749598473678,0.29896907216494845,0.07163387592396986,0.0,1.0,0.792853701717262,0.6094120179921256,45.0,212.96001902539214
evt_inv_007751_1,cust_b2b_021,inv_007751,2026-05-15T02:46:53.764530+00:00,12207264,OFFER_PAYMENT_PLAN,0.8500000000000001,0,23.954688538762035,0.33088235294117646,0.829916711205403,1.0,1.0,0.7929664364030933,0.6092653204788363,29.0,207.1214348909817
evt_inv_002169_0,cust_b2b_008,inv_002169,2026-05-15T02:54:11.671613+00:00,8488810,SEND_REMINDER,0.8500000000000001,0,5.560207905780228,0.2423076923076923,0.1297479994811742,0.0,1.0,0.7931819685338092,0.608984699966125,41.0,197.2896994151904
evt_inv_001825_0,cust_b2b_007,inv_001825,2026-05-15T03:38:13.635220+00:00,5616972,ESCALATE_COLLECTIONS,0.05,1,6.118049328382554,0.2857142857142857,0.779728747829689,0.0,1.0,0.7944802005322964,0.6072900550496131,56.0,211.9528563999999
evt_inv_004172_1,cust_b2b_013,inv_004172,2026-05-15T03:47:08.668588+00:00,1991657,OFFER_PAYMENT_PLAN,0.8500000000000001,1,23.412057301399415,0.1917808219178082,-0.43759373413953984,1.0,1.0,0.7947426694073741,0.6069465292949958,35.0,208.85506260740064
evt_inv_008105_1,cust_b2b_010,inv_008105,2026-05-15T03:55:08.392837+00:00,2542430,OFFER_PAYMENT_PLAN,0.8500000000000001,0,19.843805583877682,0.13602941176470587,-0.3217631726792418,1.0,1.0,0.7949778792434512,0.6066384190879974,44.0,204.83682855959015
evt_inv_000135_0,cust_b2b_006,inv_000135,2026-05-15T04:01:11.697594+00:00,4339656,SEND_REMINDER,0.8500000000000001,0,5.705765728585687,0.2974910394265233,-0.5459350926973049,0.0,1.0,0.7951559288677513,0.6064050204166054,48.0,208.2959725571203
evt_inv_000021_0,cust_b2b_033,inv_000021,2026-05-15T04:12:05.335615+00:00,4692190,SEND_REMINDER,0.8500000000000001,0,8.323558350865994,0.13214285714285715,0.18987075794277372,0.0,1.0,0.7954760934442768,0.6059849707365952,43.0,194.3234347919438
evt_inv_004654_1,cust_b2b_006,inv_004654,2026-05-15T04:12:29.631574+00:00,5846385,OFFER_PAYMENT_PLAN,0.8500000000000001,0,17.191210329248193,0.29642857142857143,0.13251653423214926,1.0,1.0,0.7954879897994358,0.6059693540805943,49.0,208.30381901521574
evt_inv_005254_0,cust_b2b_031,inv_005254,2026-05-15T04:44:50.102477+00:00,21769637,SEND_REMINDER,0.8500000000000001,0,3.528219608792053,0.28957528957528955,1.4518917229950603,0.0,1.0,0.7964371380352299,0.6047213285127723,35.0,206.53644416750888
evt_inv_000356_0,cust_b2b_037,inv_000356,2026-05-15T05:02:30.550731+00:00,3128931,ESCALATE_COLLECTIONS,0.05,0,3.7945385221829206,0.27756653992395436,0.20018243531344865,0.0,1.0,0.7969550109612155,0.6040386663979458,36.0,205.4237449372588
evt_inv_002740_0,cust_b2b_006,inv_002740,2026-05-15T05:09:05.162261+00:00,3958596,SEND_REMINDER,0.8500000000000001,1,9.929791556678225,0.29537366548042704,-0.7175192458554676,0.0,1.0,0.7971475712629614,0.6037845225157413,49.0,208.34311913890568
evt_inv_000088_1,cust_b2b_008,inv_000088,2026-05-15T05:36:48.385737+00:00,8452822,OFFER_PAYMENT_PLAN,0.8500000000000001,0,16.195876182027376,0.2413793103448276,0.1185993950204338,1.0,1.0,0.7979582907448819,0.602712673030447,42.0,197.4026243471892
evt_inv_002205_1,cust_b2b_014,inv_002205,2026-05-15T05:50:43.707866+00:00,7430467,OFFER_PAYMENT_PLAN,0.8500000000000001,0,22.608468224609368,0.24166666666666667,-0.7474525991055044,1.0,1.0,0.7983649154912439,0.602173946391455,40.0,211.48246401410844
evt_inv_000122_0,cust_b2b_015,inv_000122,2026-05-15T05:54:21.015403+00:00,9207191,SEND_REMINDER,0.8500000000000001,0,8.405301053987403,0.15384615384615385,-0.10761381322959937,0.0,1.0,0.7984706385723239,0.6020337526566971,37.0,206.37307768038795
evt_inv_001039_0,cust_b2b_022,inv_001039,2026-05-15T06:01:50.009912+00:00,1515131,ESCALATE_COLLECTIONS,0.05,0,6.840518359696679,0.1865671641791045,-0.4896561734231505,0.0,1.0,0.7986890025407322,0.6017440296508892,47.0,201.80124750128266
evt_inv_004824_0,cust_b2b_002,inv_004824,2026-05-15T06:12:41.015925+00:00,5524723,OFFER_PAYMENT_PLAN,0.05,0,2.6173315853885373,0.1423076923076923,1.132903006643938,0.0,1.0,0.7990054260551178,0.6013238138760842,41.0,207.83440276641556
evt_inv_001009_1,cust_b2b_028,inv_001009,2026-05-15T06:24:11.435547+00:00,5945510,OFFER_PAYMENT_PLAN,0.8500000000000001,1,21.605213070304263,0.3425196850393701,0.3902713395805664,1.0,1.0,0.7993407651033052,0.6008779753361431,27.0,195.06460945675335
evt_inv_002358_0,cust_b2b_025,inv_002358,2026-05-15T06:33:16.390634+00:00,13935159,SEND_REMINDER,0.8500000000000001,0,2.608471486808798,0.20238095238095238,0.9352063853622896,0.0,1.0,0.7996052758865924,0.600525938469211,39.0,206.39161406549587
evt_inv_002427_0,cust_b2b_029,inv_002427,2026-05-15T06:48:00.079593+00:00,5024577,SEND_REMINDER,0.8500000000000001,0,9.448115484185035,0.2261904761904762,-0.25614332882407653,0.0,1.0,0.8000338720477171,0.5999548346136874,35.0,209.3484395909496
evt_inv_008196_1,cust_b2b_024,inv_008196,2026-05-15T06:54:38.318649+00:00,3372888,OFFER_PAYMENT_PLAN,0.8500000000000001,0,22.60540891614671,0.13993174061433447,-0.6457529541163268,1.0,1.0,0.8002268878333731,0.5996973636664698,45.0,203.5058975583122
evt_inv_004639_0,cust_b2b_000,inv_004639,2026-05-15T06:56:32.701384+00:00,4748541,SEND_REMINDER,0.8500000000000001,0,4.701373383962708,0.3446969696969697,-0.07784121133383508,0.0,1.0,0.8002823107590301,0.5996234010495147,41.0,204.93740433108556
evt_inv_006873_0,cust_b2b_037,inv_006873,2026-05-15T07:00:00.032443+00:00,3648268,SEND_REMINDER,0.8500000000000001,0,3.898292209269329,0.2765151515151515,0.6483564391548633,0.0,1.0,0.800382753371539,0.5994893227617938,36.0,205.50533616077738
evt_inv_000142_1,cust_b2b_025,inv_000142,2026-05-15T07:07:04.669361+00:00,14353654,OFFER_PAYMENT_PLAN,0.8500000000000001,0,17.282927878643804,0.20178041543026706,1.0383709729953639,1.0,1.0,0.800588400818902,0.5992146631001557,40.0,206.4150895137192
evt_inv_008814_1,cust_b2b_003,inv_008814,2026-05-15T07:31:07.126849+00:00,4373361,OFFER_PAYMENT_PLAN,0.8500000000000001,0,19.63143895466083,0.16176470588235295,-0.21816145957952565,1.0,1.0,0.8012862646535589,0.5982811396639098,39.0,200.24159354257827
evt_inv_003095_1,cust_b2b_035,inv_003095,2026-05-15T07:31:26.647409+00:00,4551304,WRITE_OFF,0.05,0,22.20133533414431,0.3582089552238806,-0.3492269216027738,1.0,1.0,0.8012957012766653,0.5982685008552073,34.0,212.12452832967372
evt_inv_007489_0,cust_b2b_023,inv_007489,2026-05-15T08:05:38.633833+00:00,1838218,SEND_REMINDER,0.8500000000000001,0,8.878419288468589,0.41353383458646614,-0.458710660617755,0.0,1.0,0.8022865595634466,0.5969390893079864,34.0,198.63029713274454
evt_inv_001383_1,cust_b2b_002,inv_001383,2026-05-15T08:14:00.705347+00:00,3124495,ESCALATE_COLLECTIONS,0.05,0,22.23383804930621,0.1417624521072797,-0.4454198173696498,1.0,1.0,0.8025286629089396,0.5966135643861857,42.0,207.91865843101337
evt_inv_008372_0,cust_b2b_026,inv_008372,2026-05-15T08:28:29.510154+00:00,4711037,SEND_REMINDER,0.8500000000000001,0,3.065167134106093,0.28113879003558717,-0.030892754959240935,0.0,1.0,0.8029472962530934,0.5960500309872042,28.0,197.48967130067055
evt_inv_002261_0,cust_b2b_006,inv_002261,2026-05-15T08:42:44.294287+00:00,4525063,WRITE_OFF,0.05,0,8.392816433368559,0.2978723404255319,-0.4624496199081719,0.0,1.0,0.8033587875564332,0.5954953051501395,48.0,208.49148872253954
evt_inv_002997_0,cust_b2b_008,inv_002997,2026-05-15T09:00:56.654242+00:00,11674010,SEND_REMINDER,0.8500000000000001,0,6.9564098562078565,0.24045801526717558,1.1164911167461886,0.0,1.0,0.8038840895247046,0.5947859872332542,42.0,197.5443867141465
evt_inv_005452_1,cust_b2b_013,inv_005452,2026-05-15T09:07:09.618632+00:00,3537978,OFFER_PAYMENT_PLAN,0.8500000000000001,0,17.597486577924077,0.1945392491467577,1.163656808448303,1.0,1.0,0.8040632999417199,0.5945436987193051,34.0,209.0772958254942
evt_inv_008187_0,cust_b2b_023,inv_008187,2026-05-15T09:39:13.183929+00:00,2911120,OFFER_PAYMENT_PLAN,0.05,0,4.349839484025184,0.41198501872659177,0.7327175257724962,0.0,1.0,0.8049864184687343,0.5932932378519746,34.0,198.6952803514449
evt_inv_003533_1,cust_b2b_007,inv_003533,2026-05-15T09:43:49.652933+00:00,4498651,OFFER_PAYMENT_PLAN,0.8500000000000001,0,23.21359032765587,0.28807947019867547,0.12674550243972818,1.0,1.0,0.8051189360916308,0.5931133945095833,55.0,212.20674549389878
evt_inv_008251_1,cust_b2b_005,inv_008251,2026-05-15T10:13:03.157219+00:00,8423695,OFFER_PAYMENT_PLAN,0.8500000000000001,0,16.950092250975946,0.22340425531914893,0.20911067166873015,1.0,1.0,0.805958493095577,0.591972049515099,43.0,205.76548869790554
evt_inv_005508_0,cust_b2b_001,inv_005508,2026-05-15T10:22:38.705578+00:00,6011235,SEND_REMINDER,0.8500000000000001,0,7.082609232960854,0.046875,-0.3263342469111361,0.0,1.0,0.8062337062010008,0.5915971695211181,40.0,198.3165174873823
evt_inv_005246_1,cust_b2b_016,inv_005246,2026-05-15T10:35:38.854494+00:00,10484822,OFFER_PAYMENT_PLAN,0.8500000000000001,0,20.869582205080448,0.23443223443223443,0.13765910246433055,1.0,1.0,0.8066064758946023,0.5910888199288583,24.0,201.1296870999246
evt_inv_004592_1,cust_b2b_010,inv_004592,2026-05-15T10:44:50.198127+00:00,3436488,OFFER_PAYMENT_PLAN,0.8500000000000001,0,21.82155837637436,0.13553113553113552,0.4442242773753159,1.0,1.0,0.8068697248640893,0.5907294195295753,44.0,205.12134019488886
evt_inv_005138_0,cust_b2b_009,inv_005138,2026-05-15T10:45:56.942305+00:00,6311618,SEND_REMINDER,0.8500000000000001,0,3.0203016269302814,0.15172413793103448,0.1899067777196856,0.0,1.0,0.8069015822111444,0.5906859035266981,38.0,203.3490336688492
evt_inv_007118_0,cust_b2b_017,inv_007118,2026-05-15T10:55:00.839066+00:00,7006467,SEND_REMINDER,0.8500000000000001,1,4.212357150727514,0.27472527472527475,0.18468731357906173,0.0,1.0,0.8071610995013649,0.5903312285926839,37.0,209.9701333912994
evt_inv_008435_0,cust_b2b_002,inv_008435,2026-05-15T11:10:53.546767+00:00,2876637,SEND_REMINDER,0.8500000000000001,0,5.889596706450761,0.14122137404580154,-0.6084037279567244,0.0,1.0,0.8076153029070389,0.5897096934173389,41.0,208.04149224374865
evt_inv_003889_0,cust_b2b_019,inv_003889,2026-05-15T11:13:50.840818+00:00,4116839,SEND_REMINDER,0.8500000000000001,1,8.842422020795356,0.33797909407665505,0.5212752873251204,0.0,1.0,0.8076997750360564,0.589593990307486,50.0,207.40618234239534
evt_inv_007916_0,cust_b2b_002,inv_007916,2026-05-15T11:18:52.448240+00:00,4849837,OFFER_PAYMENT_PLAN,0.05,0,2.7769359971327887,0.14068441064638784,0.6891171653831901,0.0,1.0,0.8078434384499615,0.5893971317824199,42.0,208.04703508487378
evt_inv_000511_0,cust_b2b_015,inv_000511,2026-05-15T11:22:07.249191+00:00,9720046,ESCALATE_COLLECTIONS,0.05,0,8.546217257449939,0.15328467153284672,0.02564572071771591,0.0,1.0,0.8079362016785574,0.5892699670076742,38.0,206.60069612700624
evt_inv_004159_0,cust_b2b_027,inv_004159,2026-05-15T11:25:51.099182+00:00,2959235,SEND_REMINDER,0.8500000000000001,0,7.870892706155362,0.1524822695035461,0.1597150347489249,0.0,1.0,0.8080427731955558,0.5891238211839983,38.0,198.55806389544227
evt_inv_001105_0,cust_b2b_033,inv_001105,2026-05-15T11:38:13.638115+00:00,4299486,OFFER_PAYMENT_PLAN,0.05,0,4.404168384732764,0.13167259786476868,-0.035253223747293026,0.0,1.0,0.8083960951845476,0.5886388988933503,44.0,194.63325310791893
evt_inv_004590_0,cust_b2b_033,inv_004590,2026-05-15T11:40:23.839688+00:00,6054380,SEND_REMINDER,0.8500000000000001,0,4.343395832945444,0.13120567375886524,0.970767408132763,0.0,1.0,0.8084580189606215,0.5885538476454532,45.0,194.63476007057557
evt_inv_006946_0,cust_b2b_032,inv_006946,2026-05-15T11:42:20.155494+00:00,7671750,SEND_REMINDER,0.8500000000000001,0,2.858465480859241,0.1044776119402985,0.42060716107807233,0.0,1.0,0.8085133311075916,0.5884778614538579,34.0,213.42266971029736
evt_inv_005972_0,cust_b2b_015,inv_005972,2026-05-15T11:45:55.126098+00:00,8046104,SEND_REMINDER,0.8500000000000001,0,6.800299296633966,0.15272727272727274,-0.4093093791658832,0.0,1.0,0.8086155381911507,0.5883374128812783,38.0,206.6172224800963
evt_inv_002555_1,cust_b2b_027,inv_002555,2026-05-15T11:47:11.784114+00:00,3747870,ESCALATE_COLLECTIONS,0.05,0,21.474644966781597,0.1519434628975265,0.8685279522102451,1.0,1.0,0.8086519790971942,0.5882873249545592,39.0,198.572886637701
evt_inv_007898_0,cust_b2b_023,inv_007898,2026-05-15T11:50:22.976393+00:00,1998678,SEND_REMINDER,0.8500000000000001,1,4.156851005459149,0.41044776119402987,-0.2805242502962612,0.0,1.0,0.808742852615183,0.5881623911334831,35.0,198.7863659123725
evt_inv_008141_0,cust_b2b_029,inv_008141,2026-05-15T12:09:33.494236+00:00,4263840,SEND_REMINDER,0.8500000000000001,0,3.188551483638687,0.22529644268774704,-0.5958702714460529,0.0,1.0,0.8092892850837043,0.5874102936182739,36.0,209.57174300116495
evt_inv_004830_1,cust_b2b_013,inv_004830,2026-05-15T12:23:53.229867+00:00,1854377,OFFER_PAYMENT_PLAN,0.8500000000000001,1,20.08010354440691,0.19387755102040816,-0.5797502825937592,1.0,1.0,0.8096971554774341,0.586847949993652,35.0,209.2139116962709
evt_inv_000420_1,cust_b2b_006,inv_000420,2026-05-15T12:32:57.118243+00:00,5827470,OFFER_PAYMENT_PLAN,0.8500000000000001,1,24.9005779827198,0.2968197879858657,0.12399931251906951,1.0,1.0,0.80995498181674,0.5864920523163503,47.0,208.65135937018616
evt_inv_000995_0,cust_b2b_022,inv_000995,2026-05-15T12:49:48.837048+00:00,1785412,SEND_REMINDER,0.8500000000000001,0,1.628776964531593,0.18587360594795538,-0.13103418310106607,0.0,1.0,0.8104341636003767,0.5858297248086323,47.0,202.08456725980037
evt_inv_000626_0,cust_b2b_039,inv_000626,2026-05-15T12:56:23.089619+00:00,12899768,SEND_REMINDER,0.8500000000000001,0,3.112682065030993,0.42081447963800905,0.4641499963733752,0.0,1.0,0.8106207473596853,0.585571519073482,25.0,198.43495424185514
evt_inv_008351_1,cust_b2b_031,inv_008351,2026-05-15T13:07:38.340254+00:00,11572021,OFFER_PAYMENT_PLAN,0.8500000000000001,0,23.494523688937146,0.28846153846153844,-0.39930473828615154,1.0,1.0,0.8109401249920368,0.5851291427350885,33.0,206.88561358622664
evt_inv_002672_1,cust_b2b_038,inv_002672,2026-05-15T13:11:06.751788+00:00,4180789,OFFER_PAYMENT_PLAN,0.8500000000000001,1,18.71060730782149,0.2698412698412698,-0.07645768503464077,1.0,1.0,0.8110386499844393,0.5849925710907944,32.0,208.5514147829721
evt_inv_008029_0,cust_b2b_005,inv_008029,2026-05-15T13:20:06.083197+00:00,5207703,ESCALATE_COLLECTIONS,0.05,0,9.18275592291473,0.2226148409893993,-0.8251715328185392,0.0,1.0,0.811293508089464,0.584639071335376,44.0,205.8953836745034
evt_inv_004066_0,cust_b2b_029,inv_004066,2026-05-15T13:28:57.475858+00:00,4323173,SEND_REMINDER,0.8500000000000001,1,3.2490167316356615,0.22440944881889763,-0.5693737294345492,0.0,1.0,0.8115444640912399,0.5842906663663747,37.0,209.62688167734441
evt_inv_006609_0,cust_b2b_013,inv_006609,2026-05-15T13:50:03.668176+00:00,1844926,SEND_REMINDER,0.8500000000000001,0,8.8490834515787,0.19661016949152543,-0.5895369426344579,0.0,1.0,0.8121418341881399,0.5834600596112162,36.0,209.27375473225143
evt_inv_000920_1,cust_b2b_022,inv_000920,2026-05-15T13:51:27.510669+00:00,2195791,OFFER_PAYMENT_PLAN,0.8500000000000001,0,24.218347038218994,0.18518518518518517,0.41347469638887635,1.0,1.0,0.8121813597867951,0.5834050383866021,48.0,202.12737598226695
evt_inv_006528_1,cust_b2b_025,inv_006528,2026-05-15T14:02:09.324131+00:00,8830533,OFFER_PAYMENT_PLAN,0.8500000000000001,0,20.577415540131074,0.20118343195266272,-0.3231533534538049,1.0,1.0,0.8124838043583376,0.5829837627716596,41.0,206.70333783282146
evt_inv_004070_0,cust_b2b_032,inv_004070,2026-05-15T14:09:32.067530+00:00,6480619,SEND_REMINDER,0.8500000000000001,0,3.0300685541510926,0.10416666666666667,-0.032851984083095295,0.0,1.0,0.8126923129149831,0.5826930620222752,35.0,213.52489091441453
evt_inv_001954_1,cust_b2b_000,inv_001954,2026-05-15T14:15:30.786398+00:00,3530967,OFFER_PAYMENT_PLAN,0.8500000000000001,0,19.072482762336136,0.3433962264150943,-0.6989070864168004,1.0,1.0,0.8128611741203007,0.5824574762227421,42.0,205.24224327801207
evt_inv_005654_0,cust_b2b_002,inv_005654,2026-05-15T14:27:57.209775+00:00,3473996,SEND_REMINDER,0.8500000000000001,0,7.210283668261317,0.14015151515151514,-0.2155976750490276,0.0,1.0,0.8132123221484697,0.5819671117046852,43.0,208.17834019523585
evt_inv_005530_0,cust_b2b_038,inv_005530,2026-05-15T14:54:33.920875+00:00,4539635,SEND_REMINDER,0.8500000000000001,0,7.576113512226291,0.2727272727272727,0.13156045037525857,0.0,1.0,0.8139624868514719,0.5809174381945919,33.0,208.6232570177725
evt_inv_004643_0,cust_b2b_031,inv_004643,2026-05-15T15:15:28.366967+00:00,13980124,SEND_REMINDER,0.8500000000000001,1,2.289884087671692,0.28735632183908044,0.03784367673338575,0.0,1.0,0.8145508987485187,0.5800920904028777,34.0,206.97438704355343
evt_inv_005566_0,cust_b2b_032,inv_005566,2026-05-15T15:20:11.973609+00:00,5009712,SEND_REMINDER,0.8500000000000001,0,3.1650797856414883,0.10385756676557864,-0.592821176261372,0.0,1.0,0.8146838116305626,0.5799054121726215,36.0,213.57396390145036
evt_inv_001364_0,cust_b2b_009,inv_001364,2026-05-15T15:23:52.176050+00:00,7653280,SEND_REMINDER,0.8500000000000001,1,4.191498557298834,0.15120274914089346,0.7617009272073929,0.0,1.0,0.8147869804881481,0.5797604474496395,38.0,203.54203405941712
evt_inv_008488_1,cust_b2b_015,inv_008488,2026-05-15T16:01:33.737763+00:00,8822786,OFFER_PAYMENT_PLAN,0.8500000000000001,0,22.042368527115116,0.15217391304347827,-0.20749721709055688,1.0,1.0,0.8158450698964698,0.5782705438854935,39.0,206.79475270769936
evt_inv_004665_0,cust_b2b_029,inv_004665,2026-05-15T16:19:29.752227+00:00,6495315,SEND_REMINDER,0.8500000000000001,1,1.2645606721731197,0.22745098039215686,0.40065325618544373,0.0,1.0,0.8163475354537826,0.5775609936262448,38.0,209.74531080198528
evt_inv_008565_0,cust_b2b_027,inv_008565,2026-05-15T16:21:39.371677+00:00,3250815,SEND_REMINDER,0.8500000000000001,0,3.606545152511678,0.15140845070422534,0.4217821051562676,0.0,1.0,0.8164080220992808,0.5774754899144554,39.0,198.76348371598385
evt_inv_008509_0,cust_b2b_027,inv_008509,2026-05-15T16:24:46.964357+00:00,1981497,SEND_REMINDER,0.8500000000000001,0,2.559933411785405,0.15087719298245614,-0.7190606866287773,0.0,1.0,0.8164955459714668,0.5773517328360211,40.0,198.76565492756185
evt_inv_004235_0,cust_b2b_029,inv_004235,2026-05-15T16:34:49.743185+00:00,5725977,SEND_REMINDER,0.8500000000000001,0,1.302199949345026,0.23046875,0.05708528447686449,0.0,1.0,0.8167766534924203,0.5769539828354794,39.0,209.75595884549094
evt_inv_000539_0,cust_b2b_002,inv_000539,2026-05-15T16:45:20.114143+00:00,3667705,SEND_REMINDER,0.8500000000000001,0,6.9641256422271685,0.13962264150943396,-0.08822010087023457,0.0,1.0,0.8170704214076389,0.5765378794673801,44.0,208.2737441809708
evt_inv_007722_0,cust_b2b_038,inv_007722,2026-05-15T16:58:13.883963+00:00,3859501,SEND_REMINDER,0.8500000000000001,0,3.733036756491714,0.27165354330708663,-0.2627037335900909,0.0,1.0,0.817430726807929,0.5760269150571533,34.0,208.7091362201871
evt_inv_006481_1,cust_b2b_005,inv_006481,2026-05-15T17:11:41.862868+00:00,9511658,OFFER_PAYMENT_PLAN,0.8500000000000001,0,22.332183376884462,0.22183098591549297,0.559006194915955,1.0,1.0,0.8178066206031676,0.5754931201132006,44.0,206.05621445773536
evt_inv_007395_0,cust_b2b_008,inv_007395,2026-05-15T17:14:34.694422+00:00,10286751,SEND_REMINDER,0.8500000000000001,0,2.9105988512578316,0.23954372623574144,0.6867323557241868,0.0,1.0,0.8178869812990541,0.5753789063056802,42.0,197.88718810510795
evt_inv_004250_0,cust_b2b_028,inv_004250,2026-05-15T17:19:02.872289+00:00,5848898,SEND_REMINDER,0.8500000000000001,0,6.6096833472024645,0.34509803921568627,0.34330599249597643,0.0,1.0,0.8180116431554755,0.5752016617344556,27.0,195.51937145608244
evt_inv_001354_0,cust_b2b_038,inv_001354,2026-05-15T17:20:19.256496+00:00,4802447,SEND_REMINDER,0.8500000000000001,1,5.127613763989666,0.27058823529411763,0.2839082939751415,0.0,1.0,0.8180471431482834,0.5751511728119243,35.0,208.72447618006035
evt_inv_006586_0,cust_b2b_032,inv_006586,2026-05-15T17:24:33.043984+00:00,5200189,SEND_REMINDER,0.8500000000000001,0,6.636461794384647,0.10355029585798817,-0.5203071780958638,0.0,1.0,0.8181650699417475,0.5749834070016415,37.0,213.66031888263487
evt_inv_005278_1,cust_b2b_015,inv_005278,2026-05-15T17:29:56.900237+00:00,11487190,OFFER_PAYMENT_PLAN,0.8500000000000001,0,19.971535158134145,0.15162454873646208,0.4848184802840763,1.0,1.0,0.8183155054460794,0.574769287233171,40.0,206.85613190299895
evt_inv_003608_0,cust_b2b_008,inv_003608,2026-05-15T17:45:25.336890+00:00,8774990,SEND_REMINDER,0.8500000000000001,0,8.099171483838749,0.23863636363636365,0.21840382960959184,0.0,1.0,0.818746465894371,0.5741552269077393,43.0,197.90860757812266
evt_inv_004700_0,cust_b2b_032,inv_004700,2026-05-15T18:03:38.295720+00:00,6479995,SEND_REMINDER,0.8500000000000001,0,9.515362770825236,0.10324483775811209,-0.03308960069281707,0.0,1.0,0.8192532034998413,0.5734319389040408,38.0,213.68746299995715
evt_inv_006583_0,cust_b2b_005,inv_006583,2026-05-15T18:14:22.417194+00:00,8566587,ESCALATE_COLLECTIONS,0.05,0,3.0240743751705175,0.22105263157894736,0.25506570786439375,0.0,1.0,0.8195515436860752,0.5730054687712598,45.0,206.0997393920574
evt_inv_000348_0,cust_b2b_038,inv_000348,2026-05-15T18:16:06.762952+00:00,3778712,SEND_REMINDER,0.8500000000000001,1,8.556723794566764,0.2734375,-0.3095359236208696,0.0,1.0,0.819599853014063,0.5729363672689369,36.0,208.7632204677437
evt_inv_002094_0,cust_b2b_000,inv_002094,2026-05-15T18:18:09.021447+00:00,3352191,SEND_REMINDER,0.8500000000000001,0,4.04938497369624,0.34210526315789475,-0.7900981882765018,0.0,1.0,0.8196564480527838,0.5728553981289642,42.0,205.4107413688513
evt_inv_007464_1,cust_b2b_025,inv_007464,2026-05-15T18:23:17.760506+00:00,14128957,OFFER_PAYMENT_PLAN,0.8500000000000001,0,24.161580614578778,0.20058997050147492,0.9829802711244588,1.0,1.0,0.819799331750916,0.5726509020867352,41.0,206.88468547605103
evt_inv_006378_0,cust_b2b_009,inv_006378,2026-05-15T19:30:10.541953+00:00,3680924,SEND_REMINDER,0.8500000000000001,1,4.191473856978795,0.1541095890410959,-0.9312511498919818,0.0,1.0,0.8216517932235209,0.5699897636735001,39.0,203.71307996106952
evt_inv_001286_0,cust_b2b_013,inv_001286,2026-05-15T19:40:58.662471+00:00,2149745,SEND_REMINDER,0.8500000000000001,0,3.9233910974719723,0.19594594594594594,-0.27389004494760494,0.0,1.0,0.8219501819863934,0.5695593896447804,37.0,209.5174467958515
evt_inv_005214_1,cust_b2b_023,inv_005214,2026-05-15T19:45:37.370726+00:00,1889796,OFFER_PAYMENT_PLAN,0.8500000000000001,0,17.72583094630487,0.41263940520446096,-0.4014340252468023,1.0,1.0,0.8220784274123141,0.5693742698641173,35.0,199.1163936245696
evt_inv_001454_1,cust_b2b_007,inv_001454,2026-05-15T20:04:10.757132+00:00,5459031,OFFER_PAYMENT_PLAN,0.8500000000000001,0,16.496209761857514,0.2871287128712871,0.6875076395531367,1.0,1.0,0.8225903274471954,0.5686344635970597,54.0,212.63754531101372
evt_inv_001793_1,cust_b2b_025,inv_001793,2026-05-15T20:19:31.843291+00:00,7002476,OFFER_PAYMENT_PLAN,0.8500000000000001,0,17.73642778773456,0.2,-0.7737943878813757,1.0,1.0,0.8230133106839205,0.5680220862229678,41.0,206.96540402680202
evt_inv_008037_0,cust_b2b_001,inv_008037,2026-05-15T20:24:51.152567+00:00,7127731,SEND_REMINDER,0.8500000000000001,0,2.190898617469487,0.04669260700389105,0.07739126230605275,0.0,1.0,0.8231598381991266,0.567809722333096,41.0,198.73471710530876
evt_inv_007009_0,cust_b2b_015,inv_007009,2026-05-15T20:40:41.848983+00:00,10074379,SEND_REMINDER,0.8500000000000001,0,9.085235012850076,0.1510791366906475,0.11771520175625863,0.0,1.0,0.8235957778402614,0.5671772163298652,40.0,206.98859658755308
evt_inv_005403_1,cust_b2b_010,inv_005403,2026-05-15T20:47:23.110962+00:00,2920901,SEND_REMINDER,0.05,0,22.94772049314116,0.13503649635036497,0.0024937157364435442,1.0,1.0,0.8237796297515393,0.5669101530281644,44.0,205.5397766860284
evt_inv_003035_0,cust_b2b_032,inv_003035,2026-05-15T21:24:41.174683+00:00,7548882,SEND_REMINDER,0.8500000000000001,0,4.003594443665401,0.10294117647058823,0.37383181804845117,0.0,1.0,0.8248034861919664,0.5654194983952876,38.0,213.82707965461213
evt_inv_000876_1,cust_b2b_012,inv_000876,2026-05-15T21:31:38.506207+00:00,4565750,OFFER_PAYMENT_PLAN,0.8500000000000001,0,23.145802661531242,0.4712230215827338,0.47417374126556305,1.0,1.0,0.8249941063174927,0.5651413314750582,37.0,208.851323331381
evt_inv_008066_1,cust_b2b_034,inv_008066,2026-05-15T21:36:11.614829+00:00,5497732,OFFER_PAYMENT_PLAN,0.8500000000000001,0,18.158411603753226,0.47058823529411764,0.14261929956183292,1.0,1.0,0.8251188004838486,0.5649592596710802,41.0,195.82348872049087
evt_inv_004121_0,cust_b2b_029,inv_004121,2026-05-15T21:49:36.910018+00:00,5139918,SEND_REMINDER,0.8500000000000001,1,2.30012394513235,0.22957198443579765,-0.20463493418632264,0.0,1.0,0.8254862430022422,0.5644222378805102,39.0,209.97456031346292
evt_inv_007346_0,cust_b2b_032,inv_007346,2026-05-15T22:05:21.403945+00:00,5094301,SEND_REMINDER,0.8500000000000001,0,7.020216898708293,0.10263929618768329,-0.5606182272163311,0.0,1.0,0.8259167541684602,0.5637920850666805,39.0,213.85532304884782
evt_inv_008043_1,cust_b2b_023,inv_008043,2026-05-15T22:50:52.947631+00:00,2334680,ESCALATE_COLLECTIONS,0.05,0,21.34872547297715,0.4111111111111111,0.0925975834769793,1.0,1.0,0.8271591148937001,0.5619677914687555,36.0,199.24504613503737
evt_inv_005020_0,cust_b2b_002,inv_005020,2026-05-15T22:57:17.216335+00:00,5100368,SEND_REMINDER,0.8500000000000001,0,1.7957962844121682,0.13909774436090225,0.8538589560305603,0.0,1.0,0.8273335648230459,0.5617109332362964,45.0,208.53204397485788
evt_inv_008641_0,cust_b2b_019,inv_008641,2026-05-15T23:25:01.915870+00:00,3483412,SEND_REMINDER,0.8500000000000001,0,9.079444133192963,0.3402777777777778,0.056415021123220055,0.0,1.0,0.8280883820380596,0.5605975664713402,49.0,207.91394941475355
evt_inv_000812_1,cust_b2b_020,inv_000812,2026-05-15T23:26:58.670338+00:00,6035309,WRITE_OFF,0.05,0,16.1667931158102,0.32857142857142857,0.31409906728390496,1.0,1.0,0.8281412652801245,0.5605194418931732,35.0,197.16949175318086
evt_inv_006550_0,cust_b2b_026,inv_006550,2026-05-15T23:33:27.492449+00:00,4416230,SEND_REMINDER,0.8500000000000001,0,1.310201543032,0.2801418439716312,-0.18540458112490701,0.0,1.0,0.8283173267958244,0.5602592311866172,28.0,198.11812016982685
evt_inv_005442_0,cust_b2b_005,inv_005442,2026-05-15T23:36:08.957028+00:00,7456783,SEND_REMINDER,0.8500000000000001,0,1.7990997265213826,0.2202797202797203,-0.10185404189383535,0.0,1.0,0.8283904151215103,0.560151158291056,45.0,206.3231947142116
evt_inv_003762_0,cust_b2b_037,inv_003762,2026-05-15T23:44:37.524673+00:00,3197700,SEND_REMINDER,0.8500000000000001,1,5.986344269526782,0.27547169811320754,0.2595278042131712,0.0,1.0,0.8286205304692726,0.559810697008213,36.0,206.20299232084395
evt_inv_000798_1,cust_b2b_015,inv_000798,2026-05-15T23:52:41.832630+00:00,10971846,OFFER_PAYMENT_PLAN,0.8500000000000001,0,23.55643637108959,0.15053763440860216,0.350912178489469,1.0,1.0,0.8288395387843114,0.559486388527737,40.0,207.1219297316225
evt_inv_006952_1,cust_b2b_004,inv_006952,2026-05-15T23:56:10.552032+00:00,3754632,OFFER_PAYMENT_PLAN,0.8500000000000001,0,23.54798011553689,0.16606498194945848,0.49201720951016703,1.0,1.0,0.8289338843962784,0.5593465967534775,28.0,210.30664855364785
evt_inv_007615_0,cust_b2b_028,inv_007615,2026-05-15T23:59:11.707200+00:00,4536973,SEND_REMINDER,0.8500000000000001,0,9.87096105001544,0.34375,-0.294455942911774,0.0,1.0,0.8290157512753618,0.5592252534867748,26.0,195.797251489779
evt_inv_006038_0,cust_b2b_023,inv_006038,2026-05-16T00:13:09.627039+00:00,1995168,SEND_REMINDER,0.8500000000000001,0,8.076334141675165,0.4095940959409594,-0.2844214496053153,0.0,1.0,0.8293941893522061,0.5586638333280551,36.0,199.30218362818468
evt_inv_000616_0,cust_b2b_014,inv_000616,2026-05-16T00:19:34.712694+00:00,9465138,OFFER_PAYMENT_PLAN,0.05,0,2.2507727685252448,0.24066390041493776,-0.2675558223704544,0.0,1.0,0.8295679819140473,0.5584057336588288,39.0,212.2524987922027
evt_inv_008636_0,cust_b2b_009,inv_008636,2026-05-16T00:51:09.205735+00:00,4327845,SEND_REMINDER,0.8500000000000001,0,4.774566147869503,0.15699658703071673,-0.6555442649625338,0.0,1.0,0.8304218135147718,0.5571351825534244,40.0,203.9359811622587
evt_inv_005014_0,cust_b2b_014,inv_005014,2026-05-16T00:54:57.018378+00:00,15960024,SEND_REMINDER,0.8500000000000001,0,8.759547063182463,0.2396694214876033,1.2643256683251112,0.0,1.0,0.8305243556690046,0.5569823108866068,40.0,212.27706251539996
evt_inv_000675_1,cust_b2b_026,inv_000675,2026-05-16T00:58:52.382217+00:00,4240013,OFFER_PAYMENT_PLAN,0.8500000000000001,0,21.770631448436987,0.2791519434628975,-0.2777618678187799,1.0,1.0,0.8306302671820704,0.5568243522342052,29.0,198.17743602362205
evt_inv_004083_0,cust_b2b_008,inv_004083,2026-05-16T00:59:11.310601+00:00,7172615,SEND_REMINDER,0.8500000000000001,1,6.855324071520804,0.23773584905660378,-0.2779958110928646,0.0,1.0,0.8306387834719915,0.5568116480392361,44.0,198.20983412570828
evt_inv_004211_1,cust_b2b_013,inv_004211,2026-05-16T01:13:26.111722+00:00,2195008,OFFER_PAYMENT_PLAN,0.8500000000000001,0,20.443096877237352,0.19528619528619529,-0.2270196816842454,1.0,1.0,0.8310231744424893,0.5562377940589152,37.0,209.7483200510804
evt_inv_002231_0,cust_b2b_027,inv_002231,2026-05-16T01:15:49.956226+00:00,2765013,SEND_REMINDER,0.8500000000000001,0,8.29408210327203,0.15034965034965034,-0.014848619266839629,0.0,1.0,0.8310878201470455,0.5561412007783924,41.0,199.13443955567132
evt_inv_005320_1,cust_b2b_034,inv_005320,2026-05-16T02:11:57.772128+00:00,5854348,WRITE_OFF,0.05,0,21.008540707882204,0.4686192468619247,0.3140356718965534,1.0,1.0,0.8325981525455817,0.5538775283198302,39.0,196.01499517071056
evt_inv_003087_0,cust_b2b_030,inv_003087,2026-05-16T02:29:09.948545+00:00,1840131,SEND_REMINDER,0.8500000000000001,1,7.49559983487674,0.2979452054794521,-0.561527631718005,0.0,1.0,0.833059809005882,0.5531829305203511,45.0,213.95035643548658
evt_inv_001373_1,cust_b2b_033,inv_001373,2026-05-16T02:43:51.518011+00:00,4158353,OFFER_PAYMENT_PLAN,0.8500000000000001,0,24.690766331593238,0.13074204946996468,-0.11615969338829513,1.0,1.0,0.8334536454380341,0.552589378205962,46.0,195.26216375486376
evt_inv_006201_0,cust_b2b_005,inv_006201,2026-05-16T03:04:33.322498+00:00,6729796,SEND_REMINDER,0.8500000000000001,0,1.626071905739468,0.21951219512195122,-0.3356574494687635,0.0,1.0,0.8340076974605087,0.551752807493193,45.0,206.46792116641757
evt_inv_005585_0,cust_b2b_030,inv_005585,2026-05-16T03:14:32.364926+00:00,2433406,ESCALATE_COLLECTIONS,0.05,0,6.236099130677882,0.3003412969283277,0.06345318077035976,0.0,1.0,0.8342746701446615,0.5513490498359603,46.0,213.98186588433714
evt_inv_005140_1,cust_b2b_014,inv_005140,2026-05-16T03:24:02.327388+00:00,12281276,OFFER_PAYMENT_PLAN,0.8500000000000001,0,17.87827699034667,0.23868312757201646,0.3966576047746175,1.0,1.0,0.834528501422037,0.5509647722988187,41.0,212.3805961844986
evt_inv_005010_0,cust_b2b_019,inv_005010,2026-05-16T03:27:32.822411+00:00,3479447,SEND_REMINDER,0.8500000000000001,0,4.247228753118665,0.3391003460207612,0.05350496251952935,0.0,1.0,0.8346222000718492,0.5508228237348434,50.0,208.0823626849101
evt_inv_003058_0,cust_b2b_022,inv_003058,2026-05-16T03:28:20.011023+00:00,2430648,SEND_REMINDER,0.8500000000000001,0,8.474675500874831,0.18450184501845018,0.7250940249320549,0.0,1.0,0.8346432020500345,0.5507909996284119,49.0,202.69465029192497
evt_inv_002986_0,cust_b2b_004,inv_002986,2026-05-16T03:35:52.523852+00:00,2937422,SEND_REMINDER,0.8500000000000001,0,3.288854348486775,0.16546762589928057,-0.15920648893422454,0.0,1.0,0.8348445378500448,0.5504857833059317,27.0,210.45921767192758
evt_inv_000247_1,cust_b2b_005,inv_000247,2026-05-16T03:38:38.261803+00:00,5465744,OFFER_PAYMENT_PLAN,0.8500000000000001,1,21.571482876827208,0.21875,-0.7421839545073105,1.0,1.0,0.834918251443643,0.5503739759529785,46.0,206.4915894454059
evt_inv_006508_1,cust_b2b_038,inv_006508,2026-05-16T03:44:10.774564+00:00,4500029,OFFER_PAYMENT_PLAN,0.8500000000000001,0,16.50108176091644,0.27626459143968873,0.10860097646047763,1.0,1.0,0.8350660946266144,0.5501496320139225,36.0,209.15771134288332
evt_inv_005632_0,cust_b2b_005,inv_005632,2026-05-16T04:03:51.910888+00:00,8955819,SEND_REMINDER,0.8500000000000001,0,9.178354756337386,0.22145328719723184,0.3802449498164114,0.0,1.0,0.835590768838145,0.5493524069597563,47.0,206.50910853203945
evt_inv_002946_1,cust_b2b_001,inv_002946,2026-05-16T04:09:57.074646+00:00,6277788,OFFER_PAYMENT_PLAN,0.8500000000000001,0,21.048757657794958,0.046511627906976744,-0.22994850260411057,1.0,1.0,0.8357528247364457,0.5491058331005525,41.0,199.05770231455378
evt_inv_000282_1,cust_b2b_027,inv_000282,2026-05-16T04:21:04.927211+00:00,2614012,ESCALATE_COLLECTIONS,0.05,0,21.00427900314837,0.14982578397212543,-0.15056593096166565,1.0,1.0,0.8360490225588539,0.5486547474308273,42.0,199.2630850531798
evt_inv_008194_1,cust_b2b_025,inv_008194,2026-05-16T04:31:38.569029+00:00,10795556,OFFER_PAYMENT_PLAN,0.8500000000000001,0,18.649564040349187,0.19941348973607037,0.16125141815044314,1.0,1.0,0.8363298225702528,0.548226620914754,40.0,207.3071485376546
evt_inv_008371_1,cust_b2b_019,inv_008371,2026-05-16T04:38:14.507942+00:00,3039644,SEND_REMINDER,0.05,0,21.93387554648584,0.33793103448275863,-0.2692587152082329,1.0,1.0,0.8365051726321423,0.5479590278110853,51.0,208.13145626744463
evt_inv_007518_1,cust_b2b_031,inv_007518,2026-05-16T04:45:42.055520+00:00,15568847,OFFER_PAYMENT_PLAN,0.8500000000000001,1,24.50723413959585,0.2900763358778626,0.32624827008721957,1.0,1.0,0.8367032756131338,0.5476564877532742,32.0,207.53704547588305
evt_inv_002222_0,cust_b2b_031,inv_002222,2026-05-16T05:07:39.347521+00:00,15127113,OFFER_PAYMENT_PLAN,0.05,0,2.6764044627603316,0.29277566539923955,0.24605928711785613,0.0,1.0,0.8372857281771077,0.5467655890698778,33.0,207.55229191107398
evt_inv_004547_0,cust_b2b_028,inv_004547,2026-05-16T05:09:22.389318+00:00,6280804,SEND_REMINDER,0.8500000000000001,0,5.125556685169874,0.3424124513618677,0.5532671716332981,0.0,1.0,0.8373312490444694,0.5466958746630788,27.0,196.0126529031835
evt_inv_002301_0,cust_b2b_021,inv_002301,2026-05-16T05:20:25.824621+00:00,9998098,SEND_REMINDER,0.8500000000000001,0,9.353775584940863,0.32967032967032966,0.22729693272674556,0.0,1.0,0.8376241964411506,0.5462469272557209,28.0,208.22805595685315
evt_inv_006078_0,cust_b2b_034,inv_006078,2026-05-16T05:29:34.480403+00:00,4668546,SEND_REMINDER,0.8500000000000001,1,1.0615340468497778,0.4666666666666667,-0.2559490415758378,0.0,1.0,0.8378662797944586,0.5458755326843236,38.0,196.1522255905511
evt_inv_001780_0,cust_b2b_004,inv_001780,2026-05-16T05:53:10.885700+00:00,2896969,SEND_REMINDER,0.8500000000000001,0,9.729260630705815,0.16487455197132617,-0.19144275477302686,0.0,1.0,0.8384904787925682,0.5449162476695016,28.0,210.55456908220995
evt_inv_003258_0,cust_b2b_032,inv_003258,2026-05-16T06:10:27.807647+00:00,6135730,SEND_REMINDER,0.8500000000000001,0,4.602626690467287,0.1023391812865497,-0.1641499640552541,0.0,1.0,0.838946746089199,0.5442135217231792,40.0,214.1922027213242
evt_inv_005253_0,cust_b2b_019,inv_005253,2026-05-16T06:20:32.079285+00:00,3613512,SEND_REMINDER,0.8500000000000001,0,4.87315407262771,0.33676975945017185,0.1518929018337333,0.0,1.0,0.8392123666328198,0.5438038283154519,52.0,208.2024929727986
evt_inv_000228_0,cust_b2b_003,inv_000228,2026-05-16T06:43:53.013717+00:00,6536391,SEND_REMINDER,0.8500000000000001,0,7.856149033855875,0.16117216117216118,0.9104176862453459,0.0,1.0,0.8398274076654083,0.5428535026450506,37.0,201.20879130724725
evt_inv_008227_0,cust_b2b_011,inv_008227,2026-05-16T07:02:38.846953+00:00,1576815,SEND_REMINDER,0.8500000000000001,0,2.7514289140522186,0.35714285714285715,-0.08887141616484512,0.0,1.0,0.8403208933452799,0.5420892880397018,31.0,209.09047341687253
evt_inv_001495_0,cust_b2b_001,inv_001495,2026-05-16T07:21:46.247135+00:00,6811533,SEND_REMINDER,0.8500000000000001,0,1.9067764478881095,0.04633204633204633,-0.03694607442508325,0.0,1.0,0.8408231169268631,0.5413099722353124,42.0,199.190910329472
evt_inv_000431_0,cust_b2b_036,inv_000431,2026-05-16T07:25:51.038132+00:00,3297118,SEND_REMINDER,0.8500000000000001,1,9.615389422934843,0.2727272727272727,-0.2962837070545139,0.0,1.0,0.8409301698083483,0.5411436496034139,35.0,210.76347783259976
evt_inv_002115_0,cust_b2b_017,inv_002115,2026-05-16T07:41:10.471480+00:00,8624385,SEND_REMINDER,0.8500000000000001,0,8.354102428516448,0.2773722627737226,0.8046294449751025,0.0,1.0,0.8413319658254765,0.5405187538654318,38.0,210.83552265535909
evt_inv_002541_0,cust_b2b_001,inv_002541,2026-05-16T07:52:24.149142+00:00,7521815,ESCALATE_COLLECTIONS,0.05,0,3.6339840926259956,0.046153846153846156,0.2198924470888823,0.0,1.0,0.8416260708764668,0.5400606973489559,43.0,199.2121823434513
evt_inv_002203_0,cust_b2b_023,inv_002203,2026-05-16T07:53:40.158592+00:00,3648511,OFFER_PAYMENT_PLAN,0.05,0,4.395936968142616,0.40808823529411764,1.551569590389263,0.0,1.0,0.8416592383959883,0.5400090058718325,37.0,199.62198144708987
evt_inv_001237_1,cust_b2b_006,inv_001237,2026-05-16T07:53:53.489391+00:00,6185343,OFFER_PAYMENT_PLAN,0.8500000000000001,0,17.103249185573766,0.2992957746478873,0.2851427231933642,1.0,1.0,0.8416650551024388,0.5399999398327824,43.0,209.4575673695821
evt_inv_000123_0,cust_b2b_011,inv_000123,2026-05-16T08:24:11.422072+00:00,1208281,SEND_REMINDER,0.8500000000000001,1,3.462978899202465,0.3557312252964427,-0.6524014149024887,0.0,1.0,0.8424573694457744,0.5387630097422297,32.0,209.1471004437166
evt_inv_000215_1,cust_b2b_013,inv_000215,2026-05-16T08:30:03.339972+00:00,2064113,OFFER_PAYMENT_PLAN,0.8500000000000001,0,19.76190495367632,0.19463087248322147,-0.3625640424615201,1.0,1.0,0.8426105367869754,0.5385234287341314,36.0,210.05152871138003
evt_inv_002958_0,cust_b2b_008,inv_002958,2026-05-16T09:08:15.518672+00:00,8788016,SEND_REMINDER,0.8500000000000001,0,2.221542655950291,0.24060150375939848,0.22243917652319625,0.0,1.0,0.8436065078013626,0.536961879461838,44.0,198.549466163559
evt_inv_006506_1,cust_b2b_023,inv_006506,2026-05-16T09:11:11.958749+00:00,2347016,OFFER_PAYMENT_PLAN,0.8500000000000001,0,16.896525552251603,0.4065934065934066,0.10629591815630424,1.0,1.0,0.8436830525973743,0.5368416030450472,38.0,199.6758217266868
evt_inv_004956_0,cust_b2b_022,inv_004956,2026-05-16T09:21:29.925763+00:00,2111110,SEND_REMINDER,0.8500000000000001,0,8.565676313439207,0.18382352941176472,0.30111614648087726,0.0,1.0,0.8439510092971889,0.5364202586650285,49.0,202.93990393474346
evt_inv_007780_0,cust_b2b_022,inv_007780,2026-05-16T09:37:54.121028+00:00,1536018,SEND_REMINDER,0.8500000000000001,0,9.24211922785208,0.18315018315018314,-0.4619420658126998,0.0,1.0,0.8443773317829895,0.5357489352028982,50.0,202.95129508364062
evt_inv_000321_0,cust_b2b_018,inv_000321,2026-05-16T10:01:35.045698+00:00,1998261,SEND_REMINDER,0.8500000000000001,1,1.6762677256525036,0.6228070175438597,-0.04560316136529931,0.0,1.0,0.8449918896409743,0.5347791193015818,30.0,199.84308845066252
evt_inv_003368_0,cust_b2b_029,inv_003368,2026-05-16T10:01:57.048451+00:00,3992349,OFFER_PAYMENT_PLAN,0.05,0,6.033452536391541,0.23255813953488372,-0.7171116676858781,0.0,1.0,0.8450013971989925,0.5347640963375819,38.0,210.48312673051146
evt_inv_008727_1,cust_b2b_014,inv_008727,2026-05-16T10:03:47.101784+00:00,17349284,OFFER_PAYMENT_PLAN,0.8500000000000001,0,23.23489437499621,0.23770491803278687,1.5919960966378393,1.0,1.0,0.8450489480771748,0.5346889519652153,41.0,212.65819774000548
evt_inv_003985_0,cust_b2b_010,inv_003985,2026-05-16T10:06:14.348387+00:00,3000074,SEND_REMINDER,0.8500000000000001,0,6.235190781450975,0.13454545454545455,0.07032547018667515,0.0,1.0,0.8451125586457202,0.5345884054291526,43.0,206.09453637845365
evt_inv_001818_1,cust_b2b_007,inv_001818,2026-05-16T10:28:29.384072+00:00,4097841,OFFER_PAYMENT_PLAN,0.8500000000000001,0,21.23511024365273,0.28618421052631576,-0.10728641074851662,1.0,1.0,0.8456887483229688,0.5336764384530484,52.0,213.23776090060178
evt_inv_000611_1,cust_b2b_006,inv_000611,2026-05-16T10:31:17.977460+00:00,5291869,OFFER_PAYMENT_PLAN,0.8500000000000001,0,20.805665900479113,0.2982456140350877,-0.11717176228476779,1.0,1.0,0.8457614417769017,0.5335612276050955,44.0,209.56687857408474
evt_inv_008190_0,cust_b2b_026,inv_008190,2026-05-16T10:49:20.082750+00:00,5141411,ESCALATE_COLLECTIONS,0.05,0,5.354911251720209,0.27816901408450706,0.19467103946657457,0.0,1.0,0.8462276460805587,0.5328215189056807,30.0,198.58747885386666
evt_inv_008085_1,cust_b2b_035,inv_008085,2026-05-16T10:53:04.912678+00:00,5491583,OFFER_PAYMENT_PLAN,0.8500000000000001,0,23.048889390950983,0.35687732342007433,0.09511333612510525,1.0,1.0,0.8463244285804645,0.5326677778765581,31.0,213.26455454806828
evt_inv_004213_0,cust_b2b_019,inv_004213,2026-05-16T11:05:39.298284+00:00,3820795,ESCALATE_COLLECTIONS,0.05,0,1.1135907144105974,0.3356164383561644,0.3040143888426515,0.0,1.0,0.8466489647094901,0.5321517927775388,52.0,208.40049319269278
evt_inv_002465_1,cust_b2b_031,inv_002465,2026-05-16T11:18:11.722835+00:00,13917680,OFFER_PAYMENT_PLAN,0.8500000000000001,0,16.660601276027283,0.2916666666666667,0.026508181090553196,1.0,1.0,0.8469723438354708,0.5316369520432614,33.0,207.80961106979694
evt_inv_006348_0,cust_b2b_030,inv_006348,2026-05-16T11:37:13.089761+00:00,2129449,SEND_REMINDER,0.8500000000000001,0,7.401517570633684,0.29931972789115646,-0.25674826816426005,0.0,1.0,0.8474622860171951,0.5308556053942632,45.0,214.3309483476995
evt_inv_004228_0,cust_b2b_022,inv_004228,2026-05-16T11:39:05.738775+00:00,1929357,SEND_REMINDER,0.8500000000000001,0,3.8565632836971,0.18248175182481752,0.05995765135563817,0.0,1.0,0.8475106025613464,0.5307784646593188,51.0,203.03545732608288
evt_inv_003133_0,cust_b2b_030,inv_003133,2026-05-16T11:42:31.320699+00:00,2289005,SEND_REMINDER,0.8500000000000001,0,2.9194817084272104,0.2983050847457627,-0.08866500195072824,0.0,1.0,0.8475987610702242,0.530637673212354,46.0,214.33463157615788
evt_inv_006347_0,cust_b2b_026,inv_006347,2026-05-16T11:55:19.244573+00:00,4386720,SEND_REMINDER,0.8500000000000001,0,5.404208211370788,0.2771929824561403,-0.20087123848540908,0.0,1.0,0.8479278585540323,0.530111636061663,30.0,198.63330248608187
evt_inv_003191_1,cust_b2b_020,inv_003191,2026-05-16T12:48:01.337978+00:00,4315057,SEND_REMINDER,0.05,0,17.443229731995125,0.3274021352313167,-0.4880072200760507,1.0,1.0,0.8492795476689333,0.5279434154445455,34.0,197.72577262864843
evt_inv_001420_0,cust_b2b_027,inv_001420,2026-05-16T13:24:19.566983+00:00,1933692,ESCALATE_COLLECTIONS,0.05,0,4.329777188280368,0.14930555555555555,-0.762027721583681,0.0,1.0,0.8502074431410148,0.5264478166234693,42.0,199.640337828323
evt_inv_004471_0,cust_b2b_034,inv_004471,2026-05-16T13:42:30.304221+00:00,5187315,SEND_REMINDER,0.8500000000000001,0,6.942752841134636,0.46887966804979253,-0.006589877428929436,0.0,1.0,0.8506710926897405,0.5256982899554106,39.0,196.49453836622365
evt_inv_005718_0,cust_b2b_018,inv_005718,2026-05-16T13:45:16.222541+00:00,2313348,SEND_REMINDER,0.8500000000000001,0,7.186272579609829,0.6244541484716157,0.3414078307315937,0.0,1.0,0.8507415631992884,0.5255842393424971,31.0,199.9984261456077
evt_inv_008538_1,cust_b2b_011,inv_008538,2026-05-16T14:04:10.694344+00:00,1562900,OFFER_PAYMENT_PLAN,0.8500000000000001,0,18.95540544406416,0.35826771653543305,-0.11014980628115324,1.0,1.0,0.8512229977721031,0.5248041616297209,31.0,209.3832031320488
evt_inv_000671_0,cust_b2b_008,inv_000671,2026-05-16T14:06:31.581377+00:00,8243989,SEND_REMINDER,0.8500000000000001,0,1.6993889885075428,0.2397003745318352,0.053905125286384414,0.0,1.0,0.851282735927768,0.5247072550587938,44.0,198.75659651894296
evt_inv_002348_0,cust_b2b_016,inv_002348,2026-05-16T14:07:39.239104+00:00,9082622,SEND_REMINDER,0.8500000000000001,0,6.9303315233848535,0.23357664233576642,-0.2150913560331261,0.0,1.0,0.8513114198692455,0.524660715510709,24.0,202.27691377364408
evt_inv_004976_0,cust_b2b_011,inv_004976,2026-05-16T14:12:06.626494+00:00,1964881,SEND_REMINDER,0.8500000000000001,0,7.493339206535897,0.3568627450980392,0.5045258221529471,0.0,1.0,0.8514247556266001,0.5244767730855049,32.0,209.38871160600533
evt_inv_003291_0,cust_b2b_007,inv_003291,2026-05-16T14:19:37.240212+00:00,4226644,SEND_REMINDER,0.8500000000000001,0,9.467032055383216,0.28524590163934427,-0.03207867308659175,0.0,1.0,0.8516156644077006,0.5241667293289708,53.0,213.39826849481997
evt_inv_001630_0,cust_b2b_014,inv_001630,2026-05-16T14:23:47.067782+00:00,9493661,SEND_REMINDER,0.8500000000000001,0,9.295556924179103,0.23673469387755103,-0.2608283884440223,0.0,1.0,0.8517214586915041,0.5239948060853433,42.0,212.83875290201732
evt_inv_005851_0,cust_b2b_004,inv_005851,2026-05-16T14:28:07.355758+00:00,2757038,SEND_REMINDER,0.8500000000000001,0,3.5611865003250767,0.16428571428571428,-0.30295259328807017,0.0,1.0,0.8518316457176718,0.5238156616157281,26.0,210.91216711528628
evt_inv_005099_0,cust_b2b_016,inv_005099,2026-05-16T14:42:10.350148+00:00,10046175,SEND_REMINDER,0.8500000000000001,0,8.405184911365598,0.23272727272727273,0.027309005182108305,0.0,1.0,0.8521882496640638,0.5232353076145562,25.0,202.30088496628193
evt_inv_003313_0,cust_b2b_020,inv_003313,2026-05-16T14:42:22.551128+00:00,4473962,SEND_REMINDER,0.8500000000000001,0,4.7839441488461,0.3262411347517731,-0.4139142800818648,0.0,1.0,0.8521934080268491,0.5232269061464484,35.0,197.80518481787624
evt_inv_007198_1,cust_b2b_003,inv_007198,2026-05-16T14:45:44.530936+00:00,4213026,OFFER_PAYMENT_PLAN,0.8500000000000001,0,18.245805265460138,0.16058394160583941,-0.30181753697207425,1.0,1.0,0.8522787895531854,0.5230878175581584,37.0,201.54341534913738
evt_inv_006395_0,cust_b2b_019,inv_006395,2026-05-16T15:04:38.193717+00:00,3304556,SEND_REMINDER,0.8500000000000001,0,1.6820862206645955,0.33447098976109213,-0.07484446866696619,0.0,1.0,0.8527575936268461,0.5223068892057147,52.0,208.56645263058212
evt_inv_008039_1,cust_b2b_010,inv_008039,2026-05-16T15:29:44.859449+00:00,3045390,OFFER_PAYMENT_PLAN,0.8500000000000001,0,18.9746141627451,0.13405797101449277,0.10915007602203529,1.0,1.0,0.8533928285208096,0.5212683380268287,43.0,206.31919507130274
evt_inv_002552_0,cust_b2b_003,inv_002552,2026-05-16T15:39:39.817869+00:00,7660368,ESCALATE_COLLECTIONS,0.05,0,3.625257921721806,0.16,1.496862587779298,0.0,1.0,0.8536433244217015,0.5208580177651734,38.0,201.5808607997511
evt_inv_003751_1,cust_b2b_019,inv_003751,2026-05-16T15:39:54.288003+00:00,3046188,OFFER_PAYMENT_PLAN,0.8500000000000001,0,23.219592521897194,0.3333333333333333,-0.2644563963743423,1.0,1.0,0.8536494143387542,0.5208480367622613,53.0,208.59094446259746
evt_inv_006301_1,cust_b2b_035,inv_006301,2026-05-16T16:26:24.069931+00:00,6709336,OFFER_PAYMENT_PLAN,0.8500000000000001,0,17.92277471804467,0.35555555555555557,0.6705770214230954,1.0,1.0,0.8548213439602459,0.5189224122255648,31.0,213.49602627553017
evt_inv_006511_0,cust_b2b_016,inv_006511,2026-05-16T16:32:16.882768+00:00,8792333,OFFER_PAYMENT_PLAN,0.05,1,7.441992214015669,0.2318840579710145,-0.2881190839861876,0.0,1.0,0.8549692440475565,0.518678697974719,26.0,202.3773494642069
evt_inv_001752_1,cust_b2b_018,inv_001752,2026-05-16T16:44:42.802260+00:00,1974154,OFFER_PAYMENT_PLAN,0.8500000000000001,1,22.973449211943272,0.6217391304347826,-0.07521290243623036,1.0,1.0,0.8552817067385504,0.518163296768878,32.0,200.12303933679604
evt_inv_005787_1,cust_b2b_006,inv_005787,2026-05-16T17:03:41.831298+00:00,4740936,OFFER_PAYMENT_PLAN,0.8500000000000001,0,17.653800210457998,0.2972027972027972,-0.3652460803835178,1.0,1.0,0.8557582419468632,0.5173759091221912,43.0,209.83937688239635
evt_inv_000110_1,cust_b2b_031,inv_000110,2026-05-16T17:03:50.577590+00:00,15758647,SEND_REMINDER,0.05,0,19.63273508114787,0.29056603773584905,0.3607029490718474,1.0,1.0,0.8557618983261712,0.5173698612918883,34.0,208.04964411094807
evt_inv_008357_1,cust_b2b_026,inv_008357,2026-05-16T17:07:56.215317+00:00,5156052,OFFER_PAYMENT_PLAN,0.8500000000000001,0,18.880114201075216,0.2762237762237762,0.202344244168145,1.0,1.0,0.8558645694968955,0.5171999987237953,31.0,198.85039705487543
evt_inv_007828_1,cust_b2b_000,inv_007828,2026-05-16T17:12:47.582612+00:00,4394619,SEND_REMINDER,0.05,0,16.579258146925486,0.3408239700374532,-0.25837156132236533,1.0,1.0,0.8559863109055026,0.5169984869826877,39.0,206.3653543453031
evt_inv_004424_0,cust_b2b_037,inv_004424,2026-05-16T17:19:17.970760+00:00,3308740,SEND_REMINDER,0.8500000000000001,1,4.089786415659013,0.2781954887218045,0.3553522338197685,0.0,1.0,0.8561493516238442,0.5167284467823222,35.0,206.93540489129214
evt_inv_006606_0,cust_b2b_037,inv_006606,2026-05-16T17:28:59.684735+00:00,2358481,SEND_REMINDER,0.8500000000000001,0,8.865002411162582,0.2808988764044944,-0.46469505830434454,0.0,1.0,0.8563921391243067,0.5163259668524277,36.0,206.94213769193425
evt_inv_006807_0,cust_b2b_028,inv_006807,2026-05-16T17:45:00.467734+00:00,4429779,SEND_REMINDER,0.8500000000000001,0,1.9640981662046175,0.34108527131782945,-0.3465657931683579,0.0,1.0,0.8567927227102593,0.5156609645016197,27.0,196.53739918114775
evt_inv_004739_0,cust_b2b_000,inv_004739,2026-05-16T18:08:46.366272+00:00,5183095,SEND_REMINDER,0.8500000000000001,0,2.366309068272714,0.33955223880597013,0.14381829261034837,0.0,1.0,0.8573862770753548,0.5146734614130235,40.0,206.40422915617864
evt_inv_004299_0,cust_b2b_019,inv_004299,2026-05-16T18:24:05.118526+00:00,2762464,OFFER_PAYMENT_PLAN,0.05,0,4.362668416738337,0.33220338983050846,-0.4726765409215886,0.0,1.0,0.857768120343816,0.5140368194223415,52.0,208.70495870476142
evt_inv_008032_0,cust_b2b_007,inv_008032,2026-05-16T18:27:17.132470+00:00,5794104,SEND_REMINDER,0.8500000000000001,0,3.1852389750528483,0.28431372549019607,0.8831552637646743,0.0,1.0,0.8578478636773699,0.5139037291012516,54.0,213.57025798854227
evt_inv_001555_0,cust_b2b_004,inv_001555,2026-05-16T18:58:10.543786+00:00,2753453,SEND_REMINDER,0.8500000000000001,0,7.806642365063093,0.16370106761565836,-0.30580867863597877,0.0,1.0,0.8586165229061347,0.5126184415260332,26.0,211.0997040137585
evt_inv_008788_0,cust_b2b_026,inv_008788,2026-05-16T18:58:33.510082+00:00,4090079,SEND_REMINDER,0.8500000000000001,0,1.9061748046919185,0.27526132404181186,-0.35634380683840355,0.0,1.0,0.8586260355679546,0.5126025078409757,32.0,198.92721759614165
evt_inv_002107_1,cust_b2b_039,inv_002107,2026-05-16T19:08:07.265693+00:00,10168228,OFFER_PAYMENT_PLAN,0.8500000000000001,0,22.5666076618056,0.4189189189189189,-0.163512138568677,1.0,1.0,0.8588635897129431,0.5122043871985063,22.0,199.6931044279007
evt_inv_006233_1,cust_b2b_032,inv_006233,2026-05-16T19:13:16.306570+00:00,7010538,OFFER_PAYMENT_PLAN,0.8500000000000001,1,23.509429373507214,0.10204081632653061,0.1688859428942092,1.0,1.0,0.858991466554299,0.5119899026220093,39.0,214.73581960700676
evt_inv_008339_0,cust_b2b_013,inv_008339,2026-05-16T19:34:06.642800+00:00,2502771,SEND_REMINDER,0.8500000000000001,0,4.460829827324731,0.1939799331103679,0.09167576933005081,0.0,1.0,0.8595082915702158,0.511121802237049,36.0,210.51267804966483
evt_inv_002473_0,cust_b2b_037,inv_002473,2026-05-16T19:44:24.961918+00:00,1978986,SEND_REMINDER,0.8500000000000001,0,5.905100090723417,0.2798507462686567,-0.7921885025520204,0.0,1.0,0.8597635488888791,0.5106923144144624,36.0,207.03618025192304
evt_inv_003499_0,cust_b2b_009,inv_003499,2026-05-16T19:55:48.448521+00:00,7235778,SEND_REMINDER,0.8500000000000001,0,4.983688890252282,0.1564625850340136,0.5837687546752299,0.0,1.0,0.8600454592122739,0.5102174125687488,41.0,204.73087980560908
evt_inv_008001_0,cust_b2b_026,inv_008001,2026-05-16T19:58:02.531489+00:00,4939459,SEND_REMINDER,0.8500000000000001,0,6.857031298128584,0.2743055555555556,0.0888255503469644,0.0,1.0,0.8601007321881208,0.5101242304473084,33.0,198.96852571427135
evt_inv_005948_0,cust_b2b_023,inv_005948,2026-05-16T20:04:25.278651+00:00,2886522,SEND_REMINDER,0.8500000000000001,1,8.902407333176443,0.4051094890510949,0.7054019542003952,0.0,1.0,0.8602584563745436,0.5098582040490155,38.0,200.12944811443177
evt_inv_003487_1,cust_b2b_007,inv_003487,2026-05-16T20:22:27.026564+00:00,5524348,OFFER_PAYMENT_PLAN,0.8500000000000001,0,16.024663515973437,0.28338762214983715,0.7256460311536157,1.0,1.0,0.860703783013508,0.5091060772631142,53.0,213.65023361462417
evt_inv_001162_0,cust_b2b_021,inv_001162,2026-05-16T20:27:33.519644+00:00,6252201,SEND_REMINDER,0.8500000000000001,0,7.3603871303430655,0.3284671532846715,-0.7945147620301924,0.0,1.0,0.8608298384675487,0.5088929054368257,27.0,208.8580061307281
evt_inv_002769_0,cust_b2b_025,inv_002769,2026-05-16T20:38:15.551824+00:00,7004998,SEND_REMINDER,0.8500000000000001,0,6.974419619912549,0.19883040935672514,-0.7731725494520357,0.0,1.0,0.8610937243704391,0.5084462585660812,40.0,207.97840991259537
evt_inv_007095_1,cust_b2b_010,inv_007095,2026-05-16T20:57:32.745729+00:00,3455646,OFFER_PAYMENT_PLAN,0.8500000000000001,0,17.655360287097153,0.13357400722021662,0.46063820924621507,1.0,1.0,0.8615687649873967,0.5076408801486461,40.0,206.54683264398173
evt_inv_001599_0,cust_b2b_024,inv_001599,2026-05-16T21:02:44.073327+00:00,4189677,WRITE_OFF,0.05,0,7.052934298182123,0.13945578231292516,-0.196722690177754,0.0,1.0,0.8616964397625095,0.5074241280237035,45.0,205.09485305226949
evt_inv_002785_1,cust_b2b_019,inv_002785,2026-05-16T21:43:43.164265+00:00,2823530,OFFER_PAYMENT_PLAN,0.8500000000000001,0,24.430828135157114,0.3310810810810811,-0.4278609200991515,1.0,1.0,0.8627029905640883,0.5057109352898932,51.0,208.8435934934059
evt_inv_000053_0,cust_b2b_021,inv_000053,2026-05-16T21:52:44.756367+00:00,8521217,SEND_REMINDER,0.8500000000000001,0,3.6777444205891623,0.32727272727272727,-0.17556904866073764,0.0,1.0,0.8629242165449704,0.5053333518582056,28.0,208.91716396316963
evt_inv_002151_0,cust_b2b_007,inv_002151,2026-05-16T22:15:36.004919+00:00,4658391,WRITE_OFF,0.05,1,3.5253325574356436,0.2824675324675325,0.22001660598767372,0.0,1.0,0.86348359614294,0.5043769217480674,54.0,213.72880975300146
evt_inv_000729_0,cust_b2b_024,inv_000729,2026-05-16T22:32:21.250405+00:00,4663565,SEND_REMINDER,0.8500000000000001,0,7.239685760695288,0.13898305084745763,0.0637976279258227,0.0,1.0,0.8638929970893082,0.5036753811534295,44.0,205.1570888980756
evt_inv_006715_1,cust_b2b_038,inv_006715,2026-05-16T22:45:20.969289+00:00,6846264,OFFER_PAYMENT_PLAN,0.8500000000000001,0,20.64392175054615,0.2751937984496124,1.4686793609315807,1.0,1.0,0.864210156533378,0.5031310021699661,35.0,209.9501904484932
evt_inv_005980_0,cust_b2b_008,inv_005980,2026-05-16T22:46:43.551977+00:00,7613269,SEND_REMINDER,0.8500000000000001,0,5.367977866788316,0.23880597014925373,-0.1414857136980829,0.0,1.0,0.8642437278846743,0.5030733334336069,43.0,199.1178461786701
evt_inv_006340_0,cust_b2b_026,inv_006340,2026-05-16T22:53:10.623764+00:00,5509761,SEND_REMINDER,0.8500000000000001,0,8.153814321026442,0.27335640138408307,0.387727430175592,0.0,1.0,0.8644010282507907,0.502803005519036,34.0,199.09014715263757
evt_inv_003848_0,cust_b2b_001,inv_003848,2026-05-16T23:37:59.693901+00:00,6754074,SEND_REMINDER,0.8500000000000001,0,5.094630586924658,0.04597701149425287,-0.05772319856142688,0.0,1.0,0.8654914923388234,0.500923623608546,41.0,199.8688437411149
evt_inv_000447_0,cust_b2b_021,inv_000447,2026-05-17T00:14:55.228010+00:00,8589823,SEND_REMINDER,0.8500000000000001,0,6.02381296653563,0.32608695652173914,-0.15685446779899026,0.0,1.0,0.8663868594987862,0.49937341708167693,29.0,209.0158962738566
evt_inv_000536_0,cust_b2b_038,inv_000536,2026-05-17T00:17:47.591782+00:00,4380573,SEND_REMINDER,0.8500000000000001,1,3.414097939908214,0.27413127413127414,0.039354120194824246,0.0,1.0,0.8664564007580404,0.49925274719867285,36.0,210.01438746808844
evt_inv_000085_1,cust_b2b_005,inv_000085,2026-05-17T00:29:40.882112+00:00,8953668,OFFER_PAYMENT_PLAN,0.8500000000000001,0,24.361777138098624,0.2206896551724138,0.37955318611132577,1.0,1.0,0.866744003573107,0.4987532779542023,44.0,207.36036977306028
evt_inv_003004_0,cust_b2b_027,inv_003004,2026-05-17T00:50:20.889997+00:00,2778014,WRITE_OFF,0.05,0,6.380988438755119,0.14878892733564014,-0.0031641931064573165,0.0,1.0,0.8672432965853505,0.4978845895664716,41.0,200.11674202986842
evt_inv_005915_0,cust_b2b_017,inv_005915,2026-05-17T00:56:30.595483+00:00,5161652,SEND_REMINDER,0.8500000000000001,0,8.440709774794453,0.27636363636363637,-0.5221954594460675,0.0,1.0,0.867391991180744,0.4976254953632342,39.0,211.55450557205714
evt_inv_008500_0,cust_b2b_029,inv_008500,2026-05-17T01:25:07.172910+00:00,5298030,SEND_REMINDER,0.8500000000000001,1,9.761272577150722,0.23166023166023167,-0.13402585938651865,0.0,1.0,0.8680813799211665,0.4964219151429188,39.0,211.12421613397024
evt_inv_001155_0,cust_b2b_011,inv_001155,2026-05-17T01:33:29.012505+00:00,1629669,SEND_REMINDER,0.8500000000000001,0,2.153250317060241,0.35546875,-0.008051844965224266,0.0,1.0,0.8682826065592228,0.4960698692187643,32.0,209.8618873700219
evt_inv_000286_0,cust_b2b_025,inv_000286,2026-05-17T01:33:36.045322+00:00,8501162,ESCALATE_COLLECTIONS,0.05,0,2.960686741992711,0.19825072886297376,-0.4043478247809853,0.0,1.0,0.8682854255497631,0.4960649350416404,41.0,208.18350821697723
evt_inv_008419_1,cust_b2b_006,inv_008419,2026-05-17T01:46:49.137568+00:00,8489237,OFFER_PAYMENT_PLAN,0.8500000000000001,1,22.214626717611477,0.2961672473867596,1.3225428330466988,1.0,1.0,0.8686031438134365,0.49550840412390035,42.0,210.2026558901465
evt_inv_004197_1,cust_b2b_030,inv_004197,2026-05-17T01:47:56.567990+00:00,2113938,WRITE_OFF,0.05,0,17.69899600684047,0.2972972972972973,-0.2730872832054719,1.0,1.0,0.86863014045744,0.4954610772693329,41.0,214.92172934572486
evt_inv_003238_0,cust_b2b_038,inv_003238,2026-05-17T01:59:47.540709+00:00,4401080,SEND_REMINDER,0.8500000000000001,1,8.838764368575019,0.27692307692307694,0.05124210964953112,0.0,1.0,0.8689146306588098,0.4949619830118917,37.0,210.08522021029728
evt_inv_004274_0,cust_b2b_032,inv_004274,2026-05-17T02:15:38.835624+00:00,8526865,SEND_REMINDER,0.8500000000000001,0,1.3430949211904806,0.10465116279069768,0.7461460404647874,0.0,1.0,0.8692948353513107,0.49429392999665456,40.0,215.0291359155126
evt_inv_003832_0,cust_b2b_011,inv_003832,2026-05-17T02:27:44.703825+00:00,1654595,SEND_REMINDER,0.8500000000000001,0,8.502023190940122,0.3540856031128405,0.03006306199533349,0.0,1.0,0.8695845981298792,0.493783987888729,33.0,209.89956898251614
evt_inv_007271_1,cust_b2b_034,inv_007271,2026-05-17T02:55:35.295036+00:00,5618033,OFFER_PAYMENT_PLAN,0.8500000000000001,0,24.62240788464643,0.4669421487603306,0.20044525483593797,1.0,1.0,0.8702503527157651,0.4926097071699729,40.0,197.04529057473312
evt_inv_005071_0,cust_b2b_024,inv_005071,2026-05-17T02:59:02.870349+00:00,4930617,SEND_REMINDER,0.8500000000000001,0,6.315572804088499,0.13851351351351351,0.21060929726095062,0.0,1.0,0.8703329637262296,0.4924637369913825,45.0,205.34229283261004
evt_inv_006127_0,cust_b2b_009,inv_006127,2026-05-17T03:01:03.500727+00:00,6028283,SEND_REMINDER,0.8500000000000001,0,5.240955912277569,0.15593220338983052,0.06915421558343843,0.0,1.0,0.8703809610644436,0.49237890147378927,42.0,205.02619290984572
evt_inv_008053_0,cust_b2b_025,inv_008053,2026-05-17T03:07:40.823913+00:00,9169530,SEND_REMINDER,0.8500000000000001,1,2.872093648891205,0.19767441860465115,-0.23958595122805262,0.0,1.0,0.8705389925785394,0.4920994436090552,40.0,208.24884130251465
evt_inv_003669_0,cust_b2b_020,inv_003669,2026-05-17T03:10:24.950851+00:00,4269532,SEND_REMINDER,0.8500000000000001,0,4.507142890542019,0.3250883392226148,-0.5092343006104686,0.0,1.0,0.8706042463189548,0.49198398987304925,35.0,198.32465703689988
evt_inv_004337_0,cust_b2b_018,inv_004337,2026-05-17T03:19:40.588843+00:00,2154121,SEND_REMINDER,0.8500000000000001,1,1.403566333850561,0.6233766233766234,0.14583472215908086,0.0,1.0,0.8708250437165836,0.491593066708645,31.0,200.5639859407613
evt_inv_006672_0,cust_b2b_002,inv_006672,2026-05-17T03:20:18.599489+00:00,3401871,SEND_REMINDER,0.8500000000000001,0,7.356406850491686,0.13857677902621723,-0.2630249046815657,0.0,1.0,0.8708401418343521,0.49156632041864456,43.0,209.71469887247932
evt_inv_006753_0,cust_b2b_001,inv_006753,2026-05-17T03:25:14.185728+00:00,5672604,SEND_REMINDER,0.8500000000000001,0,5.599343627712854,0.04580152671755725,-0.4487832321330503,0.0,1.0,0.8709575229017862,0.4913583145737789,41.0,200.02665035949107
evt_inv_007237_1,cust_b2b_001,inv_007237,2026-05-17T03:37:35.790018+00:00,8527241,OFFER_PAYMENT_PLAN,0.8500000000000001,0,22.604976715140747,0.045627376425855515,0.5834549353607523,1.0,1.0,0.8712518047158069,0.4908363197436082,42.0,200.0352337424771
evt_inv_002857_0,cust_b2b_011,inv_002857,2026-05-17T03:52:48.023916+00:00,1517730,SEND_REMINDER,0.8500000000000001,0,3.4856876831827295,0.35271317829457366,-0.17921890129179197,0.0,1.0,0.8716133662898404,0.4901939817101925,34.0,209.95863518727637
evt_inv_005898_1,cust_b2b_035,inv_005898,2026-05-17T03:52:56.832919+00:00,5672517,OFFER_PAYMENT_PLAN,0.8500000000000001,0,19.251722895024315,0.35424354243542433,0.18061568462656477,1.0,1.0,0.8716168554072916,0.49018777766270805,31.0,213.97279436566637
evt_inv_005124_0,cust_b2b_032,inv_005124,2026-05-17T03:54:42.629704+00:00,4875283,SEND_REMINDER,0.8500000000000001,0,7.074979050230914,0.10434782608695652,-0.6439975505488417,0.0,1.0,0.8716587565201794,0.4901132646457291,41.0,215.0979298284736
evt_inv_002328_0,cust_b2b_005,inv_002328,2026-05-17T04:09:35.878787+00:00,7027317,SEND_REMINDER,0.8500000000000001,0,3.8772114769022656,0.21993127147766323,-0.23997284086033932,0.0,1.0,0.8720122763535286,0.4894840037107824,44.0,207.513089641979
evt_inv_006198_0,cust_b2b_019,inv_006198,2026-05-17T04:10:21.111774+00:00,4705535,ESCALATE_COLLECTIONS,0.05,1,4.648184720231508,0.32996632996632996,0.953309534814147,0.0,1.0,0.8720301660614475,0.4894521319586262,51.0,209.11208825623763
evt_inv_001154_1,cust_b2b_018,inv_001154,2026-05-17T04:12:41.046269+00:00,1816530,OFFER_PAYMENT_PLAN,0.8500000000000001,0,17.25344229128001,0.625,-0.26881705574918113,1.0,1.0,0.8720855029679971,0.489353528150207,32.0,200.60079679060087
evt_inv_006734_1,cust_b2b_031,inv_006734,2026-05-17T04:18:51.277771+00:00,14784414,OFFER_PAYMENT_PLAN,0.8500000000000001,1,16.474983776233145,0.2894736842105263,0.18384828968108202,1.0,1.0,0.8722318567399951,0.48909261708586504,33.0,208.51840221489704
evt_inv_001782_0,cust_b2b_033,inv_001782,2026-05-17T04:27:40.214697+00:00,4929959,SEND_REMINDER,0.8500000000000001,0,4.492134127276442,0.13028169014084506,0.3261753076869415,0.0,1.0,0.8724408118789744,0.48871978655253573,44.0,196.33425515169725
evt_inv_007890_1,cust_b2b_033,inv_007890,2026-05-17T04:28:17.643432+00:00,3529152,OFFER_PAYMENT_PLAN,0.8500000000000001,0,18.003804015823277,0.12982456140350876,-0.4768591890918125,1.0,1.0,0.8724555919651119,0.4886934008648022,45.0,196.33468835464942
evt_inv_005425_0,cust_b2b_027,inv_005425,2026-05-17T04:29:36.706037+00:00,2588355,SEND_REMINDER,0.8500000000000001,0,8.490188936520784,0.1482758620689655,-0.1736263715157181,0.0,1.0,0.8724868100631384,0.4886376635768563,40.0,200.26900841922043
evt_inv_003866_0,cust_b2b_022,inv_003866,2026-05-17T04:30:03.819769+00:00,1898967,SEND_REMINDER,0.8500000000000001,0,6.252870340145029,0.18181818181818182,0.019634402167898166,0.0,1.0,0.872497515178641,0.488618548570454,50.0,203.73751844869798
evt_inv_004570_1,cust_b2b_033,inv_004570,2026-05-17T05:25:36.824537+00:00,4433267,OFFER_PAYMENT_PLAN,0.8500000000000001,0,20.972443828464804,0.12937062937062938,0.041439134510972864,1.0,1.0,0.8738102695071334,0.4862670181123442,46.0,196.37449369151145
evt_inv_001183_0,cust_b2b_005,inv_001183,2026-05-17T05:37:53.369292+00:00,9144267,SEND_REMINDER,0.8500000000000001,0,9.418290597595725,0.2191780821917808,0.44085108855950395,0.0,1.0,0.8740995141024259,0.4857468882513844,45.0,207.57440318948747
evt_inv_000330_1,cust_b2b_021,inv_000330,2026-05-17T05:42:50.201109+00:00,13368679,OFFER_PAYMENT_PLAN,0.8500000000000001,0,21.509187414077147,0.3249097472924188,1.1467293838687245,1.0,1.0,0.8742159938336181,0.4855372242428992,30.0,209.2436158699128
evt_inv_005217_0,cust_b2b_029,inv_005217,2026-05-17T05:46:51.165023+00:00,6041724,SEND_REMINDER,0.8500000000000001,1,6.696340511139395,0.23461538461538461,0.19809009204344455,0.0,1.0,0.8743105134653604,0.48536700139578703,39.0,211.30597530194095
evt_inv_001026_0,cust_b2b_018,inv_001026,2026-05-17T06:02:44.126724+00:00,1944310,SEND_REMINDER,0.8500000000000001,1,3.1942395176321017,0.6223175965665236,-0.11186961171148019,0.0,1.0,0.8746839939959165,0.4846936255485022,33.0,200.67722133290934
evt_inv_001984_0,cust_b2b_037,inv_001984,2026-05-17T06:12:43.162086+00:00,2960511,OFFER_PAYMENT_PLAN,0.05,0,4.716164529981532,0.2788104089219331,0.05484055286876793,0.0,1.0,0.8749184998288304,0.4842701917909762,37.0,207.47250201312616
evt_inv_006088_0,cust_b2b_003,inv_006088,2026-05-17T06:32:45.604680+00:00,5367608,ESCALATE_COLLECTIONS,0.05,0,6.219905254571803,0.15942028985507245,0.3005953588013551,0.0,1.0,0.8753886042085779,0.4834198916281351,36.0,202.20106666562083
evt_inv_007129_0,cust_b2b_023,inv_007129,2026-05-17T06:34:25.081908+00:00,2066109,SEND_REMINDER,0.8500000000000001,0,4.91952686570687,0.4072727272727273,-0.20564376487401329,0.0,1.0,0.8754274586079941,0.4833495264455618,39.0,200.5669458373209
evt_inv_005311_1,cust_b2b_037,inv_005311,2026-05-17T07:04:29.546255+00:00,3360779,WRITE_OFF,0.05,1,23.597185035397487,0.2777777777777778,0.40026050051418677,1.0,1.0,0.8761312747940309,0.4820725975698955,38.0,207.50845553359946
evt_inv_007739_0,cust_b2b_015,inv_007739,2026-05-17T07:08:39.523584+00:00,8232200,ESCALATE_COLLECTIONS,0.05,0,9.898978192993264,0.15,-0.36095455395801407,0.0,1.0,0.8762286295025914,0.4818956202747753,39.0,208.42468078432867
evt_inv_007575_0,cust_b2b_023,inv_007575,2026-05-17T07:11:08.373621+00:00,2626353,SEND_REMINDER,0.8500000000000001,1,3.505172537070098,0.4057971014492754,0.4164921833428402,0.0,1.0,0.8762865827865676,0.48179022907095165,40.0,200.5924468988134
evt_inv_007422_1,cust_b2b_013,inv_007422,2026-05-17T07:12:01.634089+00:00,1569954,OFFER_PAYMENT_PLAN,0.8500000000000001,1,20.005538420791254,0.19333333333333333,-0.8742768481107986,1.0,1.0,0.8763073161416047,0.48175251704241007,36.0,210.99734230069478
evt_inv_006437_0,cust_b2b_000,inv_006437,2026-05-17T07:15:07.352037+00:00,4759949,SEND_REMINDER,0.8500000000000001,0,4.240807433245845,0.3382899628252788,-0.0720224319260004,0.0,1.0,0.8763796001464028,0.4816210091422832,40.0,206.95030538031756
evt_inv_008365_0,cust_b2b_025,inv_008365,2026-05-17T07:49:53.024139+00:00,8734678,WRITE_OFF,0.05,0,9.90781903594745,0.2,-0.3467829978361862,0.0,1.0,0.8771900169777158,0.4801433891189534,39.0,208.44481584216715
evt_inv_008164_0,cust_b2b_020,inv_008164,2026-05-17T08:00:00.601638+00:00,6936050,SEND_REMINDER,0.8500000000000001,0,9.308741617024715,0.323943661971831,0.7340898621796413,0.0,1.0,0.8774256311607128,0.47971268670134715,35.0,198.52576410618678
evt_inv_002668_1,cust_b2b_014,inv_002668,2026-05-17T08:09:16.072421+00:00,12233098,OFFER_PAYMENT_PLAN,0.8500000000000001,0,17.011653735252683,0.23577235772357724,0.3852943180811251,1.0,1.0,0.8776408536868022,0.47931882076536586,39.0,213.57867193719525
evt_inv_008108_0,cust_b2b_020,inv_008108,2026-05-17T08:09:47.370524+00:00,5813123,SEND_REMINDER,0.8500000000000001,0,1.7740397318407002,0.32280701754385965,0.2104996836866299,0.0,1.0,0.8776529751781482,0.4792966254428929,36.0,198.53255541274015
evt_inv_006239_0,cust_b2b_023,inv_006239,2026-05-17T08:10:33.249185+00:00,1931404,SEND_REMINDER,0.8500000000000001,1,7.962400578591051,0.40794223826714804,-0.35522921764888055,0.0,1.0,0.8776707425823209,0.47926408963638967,41.0,200.6337070326523
evt_inv_002918_0,cust_b2b_031,inv_002918,2026-05-17T08:12:04.057103+00:00,12216531,SEND_REMINDER,0.8500000000000001,0,5.047305751638752,0.29213483146067415,-0.2823052790383302,0.0,1.0,0.8777059061592788,0.47919968937085017,34.0,208.68035567938844
evt_inv_001171_0,cust_b2b_008,inv_001171,2026-05-17T08:21:06.621883+00:00,7023237,ESCALATE_COLLECTIONS,0.05,0,9.362455536126271,0.2379182156133829,-0.32427179124448013,0.0,1.0,0.8779159052081734,0.478814852925965,44.0,199.51672430257977
evt_inv_006784_1,cust_b2b_005,inv_006784,2026-05-17T08:22:54.633185+00:00,5643013,WRITE_OFF,0.05,0,22.216045724311222,0.21843003412969283,-0.6851731779821358,1.0,1.0,0.8779576907156235,0.4787382304697314,46.0,207.68900115121676
evt_inv_007445_0,cust_b2b_003,inv_007445,2026-05-17T08:57:20.377528+00:00,5124042,OFFER_PAYMENT_PLAN,0.05,0,9.210085378169637,0.1588447653429603,0.17351243291248866,0.0,1.0,0.8787555620849458,0.4772721048885751,36.0,202.3014691291403
evt_inv_008712_0,cust_b2b_033,inv_008712,2026-05-17T09:14:17.141938+00:00,3817963,SEND_REMINDER,0.8500000000000001,0,5.130016639156176,0.1289198606271777,-0.3112937903811897,0.0,1.0,0.8791473773552252,0.4765499857196822,46.0,196.53329366142782
evt_inv_003115_0,cust_b2b_035,inv_003115,2026-05-17T09:17:35.627342+00:00,6254239,SEND_REMINDER,0.8500000000000001,0,5.881713574427077,0.35294117647058826,0.4555156501226825,0.0,1.0,0.8792237954837094,0.47640898129151626,32.0,214.1982433751909
evt_inv_006153_0,cust_b2b_030,inv_006153,2026-05-17T09:23:19.401058+00:00,2031890,SEND_REMINDER,0.8500000000000001,0,3.2514410867934687,0.2962962962962963,-0.3595210107833773,0.0,1.0,0.8793560970198903,0.4761647347651287,41.0,215.23796583956982
evt_inv_004242_0,cust_b2b_020,inv_004242,2026-05-17T09:26:12.611677+00:00,5895817,SEND_REMINDER,0.8500000000000001,0,3.4378043151049327,0.32167832167832167,0.2490577338509494,0.0,1.0,0.8794227315325994,0.47604165706767887,36.0,198.58562533349036
evt_inv_008170_0,cust_b2b_024,inv_008170,2026-05-17T09:28:38.602866+00:00,4464355,SEND_REMINDER,0.8500000000000001,0,5.182196292405269,0.13804713804713806,-0.045718416421111165,0.0,1.0,0.8794788812916404,0.4759379133479541,44.0,205.61284529230124
evt_inv_004420_0,cust_b2b_035,inv_004420,2026-05-17T09:34:32.497795+00:00,4810810,SEND_REMINDER,0.8500000000000001,0,7.239774990205009,0.3516483516483517,-0.22659383665608096,0.0,1.0,0.8796149422400171,0.4756864023577837,33.0,214.21001270914144
evt_inv_001214_0,cust_b2b_000,inv_001214,2026-05-17T09:35:35.097056+00:00,6630356,SEND_REMINDER,0.8500000000000001,0,4.7605028714506386,0.337037037037037,0.8820437323607846,0.0,1.0,0.8796390021083957,0.4756419093916617,40.0,207.04784872543982
evt_inv_005975_0,cust_b2b_012,inv_005975,2026-05-17T09:35:51.959794+00:00,4864359,SEND_REMINDER,0.8500000000000001,1,1.948935048727078,0.46953405017921146,0.6686907653123395,0.0,1.0,0.8796454828744985,0.4756299238467764,35.0,210.35425682196592
evt_inv_008673_1,cust_b2b_001,inv_008673,2026-05-17T10:11:54.695709+00:00,11189823,OFFER_PAYMENT_PLAN,0.8500000000000001,0,16.732023601397607,0.045454545454545456,1.5462457303080464,1.0,1.0,0.8804753215646235,0.4740919827582754,42.0,200.30906366945126
evt_inv_007517_0,cust_b2b_037,inv_007517,2026-05-17T10:24:17.820973+00:00,2961900,SEND_REMINDER,0.8500000000000001,0,2.6340053986236405,0.28044280442804426,0.056039475298328895,0.0,1.0,0.8807598371127515,0.4735632052103703,37.0,207.64720871320557
evt_inv_006919_0,cust_b2b_024,inv_006919,2026-05-17T10:51:47.920810+00:00,3942816,SEND_REMINDER,0.8500000000000001,0,4.162650396704511,0.13758389261744966,-0.33243453099258397,0.0,1.0,0.8813904645304055,0.47238845141988384,45.0,205.67059202775872
evt_inv_001332_0,cust_b2b_006,inv_001332,2026-05-17T11:16:34.498629+00:00,5560986,SEND_REMINDER,0.8500000000000001,0,4.054585612802647,0.2986111111111111,0.004006692383324315,0.0,1.0,0.8819572562401847,0.4713293945483191,42.0,210.5983197913198
evt_inv_007019_0,cust_b2b_027,inv_007019,2026-05-17T11:36:05.845677+00:00,2864062,SEND_REMINDER,0.8500000000000001,1,2.310082306547831,0.14776632302405499,0.07417440356607047,0.0,1.0,0.8824029626851401,0.47049443295801835,41.0,200.56517901690628
evt_inv_002355_1,cust_b2b_011,inv_002355,2026-05-17T11:37:11.633867+00:00,1396649,OFFER_PAYMENT_PLAN,0.8500000000000001,0,19.82351769371964,0.35135135135135137,-0.3643664035857604,1.0,1.0,0.8824279721498052,0.47044752520082694,34.0,210.2811306728216
evt_inv_000956_0,cust_b2b_011,inv_000956,2026-05-17T11:49:34.263166+00:00,1291136,OFFER_PAYMENT_PLAN,0.05,0,8.326811256707781,0.35,-0.5257071307058384,0.0,1.0,0.8827101106671581,0.4699179295642735,35.0,210.28972591933743
evt_inv_007313_0,cust_b2b_001,inv_007313,2026-05-17T11:57:41.626749+00:00,4946489,SEND_REMINDER,0.8500000000000001,0,3.6158579486659033,0.045283018867924525,-0.7113470935421112,0.0,1.0,0.8828950963152465,0.4695702811108167,42.0,200.38252351945212
evt_inv_006642_0,cust_b2b_027,inv_006642,2026-05-17T12:12:17.560111+00:00,3662175,SEND_REMINDER,0.8500000000000001,1,5.942192523177597,0.1506849315068493,0.791506645409406,0.0,1.0,0.8832272248439356,0.4689452732403645,42.0,200.5903146006382
evt_inv_007956_1,cust_b2b_030,inv_007956,2026-05-17T12:12:41.505003+00:00,3559907,OFFER_PAYMENT_PLAN,0.8500000000000001,1,18.560113546090093,0.2953020134228188,1.2501580222891138,1.0,1.0,0.8832362978404047,0.468928184455974,42.0,215.3555827833744
evt_inv_003360_0,cust_b2b_006,inv_003360,2026-05-17T12:13:01.392102+00:00,5439575,SEND_REMINDER,0.8500000000000001,1,9.539485391972173,0.2975778546712803,-0.05066228511470092,0.0,1.0,0.8832438330408091,0.46891399146898927,43.0,210.63751994724967
evt_inv_003986_1,cust_b2b_010,inv_003986,2026-05-17T12:13:51.472808+00:00,2600134,ESCALATE_COLLECTIONS,0.05,0,24.47219795418338,0.13309352517985612,-0.27232469522308617,1.0,1.0,0.8832628075567532,0.46887824942831574,37.0,207.1831605036979
evt_inv_003472_0,cust_b2b_016,inv_003472,2026-05-17T12:15:36.723732+00:00,12360224,SEND_REMINDER,0.8500000000000001,1,7.337635186847653,0.23465703971119134,0.6094526973692092,0.0,1.0,0.8833026801820142,0.46880313051777966,24.0,203.19910688277287
evt_inv_006313_1,cust_b2b_036,inv_006313,2026-05-17T12:20:23.196383+00:00,3568392,OFFER_PAYMENT_PLAN,0.8500000000000001,1,18.867463485892408,0.27526132404181186,-0.11497080356571582,1.0,1.0,0.8834111733936022,0.468598654205642,32.0,211.96801670124964
evt_inv_000399_1,cust_b2b_004,inv_000399,2026-05-17T12:23:34.212955+00:00,2543748,OFFER_PAYMENT_PLAN,0.8500000000000001,0,24.16060380630767,0.16312056737588654,-0.47291997923743767,1.0,1.0,0.8834834890794445,0.46846229786826077,26.0,211.82567240691992
evt_inv_003063_0,cust_b2b_018,inv_003063,2026-05-17T12:32:48.596813+00:00,1295732,ESCALATE_COLLECTIONS,0.05,1,6.084733826258923,0.6239316239316239,-0.9084963500435547,0.0,1.0,0.8836932503649463,0.46806649021206,34.0,200.9481064033782
evt_inv_003332_1,cust_b2b_035,inv_003332,2026-05-17T12:40:39.508180+00:00,5265965,OFFER_PAYMENT_PLAN,0.8500000000000001,1,20.193340486136975,0.35036496350364965,-0.011504952015395982,1.0,1.0,0.8838712890207984,0.4677302047598726,34.0,214.33926051452036
evt_inv_008461_0,cust_b2b_009,inv_008461,2026-05-17T12:42:01.781486+00:00,4885792,SEND_REMINDER,0.8500000000000001,0,5.850064629706456,0.1554054054054054,-0.41775630508866496,0.0,1.0,0.8839023811672702,0.4676714451052469,42.0,205.4296452334507
evt_inv_002901_1,cust_b2b_008,inv_002901,2026-05-17T12:44:57.074821+00:00,15210020,OFFER_PAYMENT_PLAN,0.8500000000000001,0,16.5188364165494,0.23703703703703705,2.2119114965182836,1.0,1.0,0.8839686137571027,0.4675462435870342,43.0,199.69994713751203
evt_inv_000467_0,cust_b2b_033,inv_000467,2026-05-17T12:45:14.463882+00:00,4532562,SEND_REMINDER,0.8500000000000001,0,8.504446445488792,0.1284722222222222,0.09836121711613896,0.0,1.0,0.8839751830487431,0.46753382311223335,47.0,196.67979044318488
evt_inv_002911_1,cust_b2b_025,inv_002911,2026-05-17T12:51:34.416090+00:00,12463660,SEND_REMINDER,0.05,0,18.42401912753028,0.1994219653179191,0.572461863464491,1.0,1.0,0.8841186789682131,0.4672624118196347,39.0,208.65432269345624
evt_inv_007559_0,cust_b2b_023,inv_007559,2026-05-17T12:55:47.474085+00:00,2244049,SEND_REMINDER,0.8500000000000001,0,3.45886208217473,0.41007194244604317,-0.008045818319053676,0.0,1.0,0.8842142047280162,0.4670816204446519,41.0,200.8317883393639
evt_inv_008430_0,cust_b2b_024,inv_008430,2026-05-17T13:18:46.537678+00:00,5962392,SEND_REMINDER,0.8500000000000001,0,7.478250618087973,0.13712374581939799,0.777828381244715,0.0,1.0,0.884734131632871,0.4660960376615851,46.0,205.77265935262392
evt_inv_002795_0,cust_b2b_022,inv_002795,2026-05-17T13:29:39.776332+00:00,1417090,SEND_REMINDER,0.8500000000000001,0,3.115119224687077,0.18115942028985507,-0.6197411923583569,0.0,1.0,0.8849800286518708,0.4656289820096404,48.0,204.1122401681796
evt_inv_004355_0,cust_b2b_010,inv_004355,2026-05-17T13:39:22.659756+00:00,2034558,SEND_REMINDER,0.8500000000000001,0,9.593145155334112,0.13261648745519714,-0.7568844438369962,0.0,1.0,0.8851992338685922,0.46521211974588245,37.0,207.24254924151742
evt_inv_006816_1,cust_b2b_012,inv_006816,2026-05-17T13:55:45.241247+00:00,4034586,OFFER_PAYMENT_PLAN,0.8500000000000001,0,20.440351590881654,0.4714285714285714,0.128168686506104,1.0,1.0,0.885568309183558,0.4645091708134235,34.0,210.53473461656498
evt_inv_002063_0,cust_b2b_002,inv_002063,2026-05-17T14:16:23.132622+00:00,3318512,SEND_REMINDER,0.8500000000000001,0,7.087951605494091,0.13805970149253732,-0.3178395212203051,0.0,1.0,0.8860324888287961,0.46362315380042135,43.0,210.17030689484707
evt_inv_003250_0,cust_b2b_031,inv_003250,2026-05-17T14:31:39.470901+00:00,15769385,SEND_REMINDER,0.8500000000000001,0,6.859543157538523,0.291044776119403,0.36265236346758656,0.0,1.0,0.8863755228112964,0.46296698862986013,34.0,208.94396000574912
evt_inv_004919_0,cust_b2b_032,inv_004919,2026-05-17T14:38:51.045548+00:00,6503222,SEND_REMINDER,0.8500000000000001,0,5.848127181202775,0.10404624277456648,-0.024247134515794966,0.0,1.0,0.8865369157595006,0.46265786170304324,39.0,215.54524945629433
evt_inv_008469_0,cust_b2b_019,inv_008469,2026-05-17T14:52:54.559838+00:00,4897527,SEND_REMINDER,0.8500000000000001,0,6.174599816532112,0.33221476510067116,1.0942090510480482,0.0,1.0,0.8868520475957826,0.4620535095366854,49.0,209.55830871994053
evt_inv_008095_0,cust_b2b_031,inv_008095,2026-05-17T15:24:11.358163+00:00,16803927,SEND_REMINDER,0.8500000000000001,0,8.778027825709854,0.2899628252788104,0.5504550528323693,0.0,1.0,0.8875517297795749,0.46070807130468694,35.0,208.9804401823898
evt_inv_007963_0,cust_b2b_026,inv_007963,2026-05-17T16:03:58.834303+00:00,5792108,SEND_REMINDER,0.8500000000000001,0,7.045862498139692,0.27241379310344827,0.5357082316484739,0.0,1.0,0.8884388458281094,0.4589950078417159,34.0,199.80598292276576
evt_inv_003497_0,cust_b2b_026,inv_003497,2026-05-17T16:04:57.461547+00:00,3885702,SEND_REMINDER,0.8500000000000001,0,2.6164257134258944,0.27147766323024053,-0.4634603686779768,0.0,1.0,0.8884605884115305,0.458952920068537,35.0,199.80666147882957
evt_inv_002309_0,cust_b2b_003,inv_002309,2026-05-17T16:10:36.606399+00:00,3524205,SEND_REMINDER,0.8500000000000001,0,6.765604141032696,0.15827338129496402,-0.6612158319925885,0.0,1.0,0.8885863250274654,0.45870943196557845,34.0,202.60235140773543
evt_inv_005057_0,cust_b2b_022,inv_005057,2026-05-17T16:15:16.761160+00:00,2369038,SEND_REMINDER,0.8500000000000001,0,7.51017767573151,0.18050541516245489,0.6433466192343386,0.0,1.0,0.888690140971681,0.4585082696525044,49.0,204.2272515666551
evt_inv_004582_0,cust_b2b_023,inv_004582,2026-05-17T16:20:42.024042+00:00,2814572,SEND_REMINDER,0.8500000000000001,0,8.322374811100559,0.40860215053763443,0.6255040712564971,0.0,1.0,0.8888106153409019,0.45827468843186975,40.0,200.97408637128197
evt_inv_003050_1,cust_b2b_019,inv_003050,2026-05-17T16:29:39.760468+00:00,4075219,OFFER_PAYMENT_PLAN,0.8500000000000001,0,19.570258368012695,0.3311036789297659,0.49073153498255406,1.0,1.0,0.8890096532952158,0.45788845404521855,50.0,209.62549854204562
evt_inv_007681_0,cust_b2b_000,inv_007681,2026-05-17T16:29:40.444373+00:00,5854151,SEND_REMINDER,0.8500000000000001,0,3.2494288465465515,0.33579335793357934,0.4861136407213878,0.0,1.0,0.8890099063291481,0.4578879627688844,41.0,207.3354106156808
evt_inv_003707_1,cust_b2b_019,inv_003707,2026-05-17T16:42:17.201742+00:00,2842725,OFFER_PAYMENT_PLAN,0.8500000000000001,0,23.172435951026124,0.33,-0.41377410032034845,1.0,1.0,0.8892897281631625,0.45734426790273475,51.0,209.63426522345642
evt_inv_006553_1,cust_b2b_011,inv_006553,2026-05-17T16:46:13.803183+00:00,1364533,OFFER_PAYMENT_PLAN,0.8500000000000001,1,20.781636758790597,0.3486590038314176,-0.4134747014226499,1.0,1.0,0.8893771466951171,0.45717424570556486,36.0,210.49573911397178
evt_inv_003924_0,cust_b2b_030,inv_003924,2026-05-17T16:46:42.613011+00:00,1634944,SEND_REMINDER,0.8500000000000001,1,7.878903497476898,0.2976588628762542,-0.777679961568135,0.0,1.0,0.8893877890128234,0.4571535417722162,42.0,215.54587338532554
evt_inv_001318_0,cust_b2b_006,inv_001318,2026-05-17T16:48:32.272294+00:00,7581326,SEND_REMINDER,0.8500000000000001,0,2.269740830457957,0.3,0.9137273832878638,0.0,1.0,0.8894282926169762,0.4570747338154349,44.0,210.8288495791065
evt_inv_007565_1,cust_b2b_010,inv_007565,2026-05-17T16:53:19.042415+00:00,1827725,OFFER_PAYMENT_PLAN,0.8500000000000001,0,22.6684746242148,0.13214285714285715,-0.934089606677745,1.0,1.0,0.8895341806311685,0.4568686260719111,37.0,207.37722959636343
evt_inv_008264_1,cust_b2b_002,inv_008264,2026-05-17T17:35:43.136147+00:00,5028434,OFFER_PAYMENT_PLAN,0.8500000000000001,0,24.38750613280415,0.137546468401487,0.806557407136991,1.0,1.0,0.8904714787765149,0.4550390592966354,43.0,210.3087328615778
evt_inv_002825_0,cust_b2b_036,inv_002825,2026-05-17T17:37:26.058540+00:00,3624759,SEND_REMINDER,0.8500000000000001,0,4.269420574102754,0.2777777777777778,-0.07729646674012558,0.0,1.0,0.8905093184015541,0.45496500287384684,33.0,212.18818871694933
evt_inv_006143_0,cust_b2b_002,inv_006143,2026-05-17T17:48:31.596986+00:00,4242276,SEND_REMINDER,0.8500000000000001,0,4.424458703256003,0.13703703703703704,0.289602146280889,0.0,1.0,0.8907538562625847,0.45448604769930456,44.0,210.31762708425344
evt_inv_006036_0,cust_b2b_013,inv_006036,2026-05-17T17:49:11.080986+00:00,1685641,WRITE_OFF,0.05,0,2.78529584176722,0.19601328903654486,-0.7544802348291527,0.0,1.0,0.8907683557193179,0.4544576288820583,37.0,211.43981275088993
evt_inv_001037_1,cust_b2b_014,inv_001037,2026-05-17T18:10:03.979608+00:00,9922541,ESCALATE_COLLECTIONS,0.05,0,24.41817523287817,0.23481781376518218,-0.15967282131117935,1.0,1.0,0.8912279787365757,0.45355560840664044,40.0,213.9958930851958
evt_inv_005304_1,cust_b2b_039,inv_005304,2026-05-17T18:16:47.601483+00:00,9230691,OFFER_PAYMENT_PLAN,0.8500000000000001,1,20.606473248112845,0.4170403587443946,-0.3789424227764322,1.0,1.0,0.8913758520024775,0.4532649230492664,21.0,200.65746016621577
evt_inv_003093_0,cust_b2b_027,inv_003093,2026-05-17T18:26:26.444938+00:00,2768731,SEND_REMINDER,0.8500000000000001,0,4.952974620875572,0.15358361774744028,-0.011506809377260271,0.0,1.0,0.8915877549809158,0.4528479603223255,42.0,200.8501396565051
evt_inv_005935_0,cust_b2b_016,inv_005935,2026-05-17T18:35:36.139253+00:00,8283155,SEND_REMINDER,0.8500000000000001,0,3.730638945847323,0.23741007194244604,-0.41621273921388807,0.0,1.0,0.8917888064855857,0.4524519031090649,25.0,203.46298900684727
evt_inv_007253_1,cust_b2b_007,inv_007253,2026-05-17T19:13:54.366281+00:00,3767556,OFFER_PAYMENT_PLAN,0.8500000000000001,0,19.408307684789044,0.284789644012945,-0.3001385042391357,1.0,1.0,0.8926274804880394,0.4507950544067391,49.0,214.6026333798695
evt_inv_003702_0,cust_b2b_032,inv_003702,2026-05-17T19:15:52.230515+00:00,8051278,SEND_REMINDER,0.8500000000000001,0,8.045419595980121,0.1037463976945245,0.5650918930260079,0.0,1.0,0.8926704088032767,0.4507100412094131,40.0,215.73762428229622
evt_inv_003734_1,cust_b2b_019,inv_003734,2026-05-17T19:20:54.793578+00:00,3531001,OFFER_PAYMENT_PLAN,0.8500000000000001,0,23.49188617589131,0.3289036544850498,0.09133918590075168,1.0,1.0,0.8927805707485685,0.4504917895965033,52.0,209.74442253637153
evt_inv_004890_0,cust_b2b_006,inv_004890,2026-05-17T19:21:05.647027+00:00,3840850,ESCALATE_COLLECTIONS,0.05,0,4.240730763366521,0.29896907216494845,-0.7705378420347816,0.0,1.0,0.8927845214529043,0.45048396004087493,45.0,210.93479141629965
evt_inv_005169_0,cust_b2b_003,inv_005169,2026-05-17T19:26:50.775813+00:00,5106907,OFFER_PAYMENT_PLAN,0.05,1,2.8308477441531235,0.15770609318996415,0.16457208068774723,0.0,1.0,0.8929101140661394,0.45023496998611057,34.0,202.73862651669572
evt_inv_008274_0,cust_b2b_001,inv_008274,2026-05-17T19:35:21.673357+00:00,5411844,SEND_REMINDER,0.8500000000000001,0,9.614302027645659,0.045112781954887216,-0.5430744903709724,0.0,1.0,0.8930959025659764,0.44986632327822007,43.0,200.70034813297607
evt_inv_005069_0,cust_b2b_001,inv_005069,2026-05-17T19:35:55.654203+00:00,9628247,SEND_REMINDER,0.8500000000000001,0,7.816068176110656,0.0449438202247191,0.9815790395016778,0.0,1.0,0.8931082543431914,0.4498418011079642,44.0,200.7007414298046
evt_inv_000438_1,cust_b2b_005,inv_000438,2026-05-17T19:48:41.838603+00:00,11285859,OFFER_PAYMENT_PLAN,0.8500000000000001,0,19.995824804035767,0.21768707482993196,1.1295998467603405,1.0,1.0,0.8933865777403375,0.44928879655897047,45.0,208.16524195466556
evt_inv_007954_1,cust_b2b_008,inv_007954,2026-05-17T20:16:38.181000+00:00,8757353,OFFER_PAYMENT_PLAN,0.8500000000000001,1,19.2663684697637,0.23616236162361623,0.2129400563551313,1.0,1.0,0.8939943299468471,0.44807827220574725,43.0,200.0136173479187
evt_inv_007660_1,cust_b2b_036,inv_007660,2026-05-17T20:24:47.338903+00:00,4102032,OFFER_PAYMENT_PLAN,0.8500000000000001,0,24.457631607825505,0.2768166089965398,0.2417018871138214,1.0,1.0,0.8941713633792343,0.4477248852951121,33.0,212.30440723967607
evt_inv_007865_0,cust_b2b_005,inv_007865,2026-05-17T20:27:55.045200+00:00,6396562,OFFER_PAYMENT_PLAN,0.05,1,4.952310193355764,0.21694915254237288,-0.44282753928242163,0.0,1.0,0.894239259960891,0.4475892603097152,46.0,208.19247814213261
evt_inv_005123_1,cust_b2b_022,inv_005123,2026-05-17T21:02:33.314847+00:00,1945347,OFFER_PAYMENT_PLAN,0.8500000000000001,0,22.734064446586803,0.17985611510791366,0.08117464078898468,1.0,1.0,0.8949896305642069,0.4460869435239553,50.0,204.42674871581096
evt_inv_006825_0,cust_b2b_018,inv_006825,2026-05-17T21:03:01.281479+00:00,2214399,SEND_REMINDER,0.8500000000000001,1,8.875947967667354,0.625531914893617,0.21987199297516866,0.0,1.0,0.8949997108639209,0.44606671872433823,32.0,201.30241988331022
evt_inv_007953_0,cust_b2b_011,inv_007953,2026-05-17T21:03:49.366737+00:00,1272785,WRITE_OFF,0.05,0,5.513924798367338,0.3511450381679389,-0.553767204999937,0.0,1.0,0.8950170416578974,0.4460319440824228,37.0,210.6746229514056
evt_inv_004455_1,cust_b2b_010,inv_004455,2026-05-17T21:12:10.038467+00:00,3578263,OFFER_PAYMENT_PLAN,0.8500000000000001,0,19.234628223925814,0.13167259786476868,0.5656909310308564,1.0,1.0,0.8951974124965888,0.44566982471265904,38.0,207.55698649511336
evt_inv_005930_0,cust_b2b_035,inv_005930,2026-05-17T21:25:03.322338+00:00,5550986,SEND_REMINDER,0.8500000000000001,0,7.05626762567552,0.3527272727272727,0.1231848216531832,0.0,1.0,0.8954757060521453,0.4451103906565334,32.0,214.70342503023915
evt_inv_005704_0,cust_b2b_021,inv_005704,2026-05-17T21:33:31.846869+00:00,6608149,SEND_REMINDER,0.8500000000000001,1,3.915689862050443,0.3237410071942446,-0.6974186151931108,0.0,1.0,0.8956585260515848,0.4447424026457367,28.0,209.90382010324456
evt_inv_006783_0,cust_b2b_012,inv_006783,2026-05-17T21:50:43.757678+00:00,6440747,ESCALATE_COLLECTIONS,0.05,1,9.076934123093189,0.4697508896797153,1.6955649745206969,0.0,1.0,0.8960290441963931,0.4439954413690509,35.0,210.86457855673504
evt_inv_006848_0,cust_b2b_016,inv_006848,2026-05-17T21:50:56.878744+00:00,7729176,SEND_REMINDER,0.8500000000000001,1,5.256432399096322,0.23655913978494625,-0.5555767040074094,0.0,1.0,0.8960337514393476,0.4439859415359111,26.0,203.59864571392578
evt_inv_008870_0,cust_b2b_002,inv_008870,2026-05-17T22:01:40.446262+00:00,3535869,OFFER_PAYMENT_PLAN,0.05,0,6.39000422628144,0.13653136531365315,-0.1749112896143478,0.0,1.0,0.8962645106163161,0.4435199285372592,45.0,210.49342395087237
evt_inv_007073_0,cust_b2b_031,inv_007073,2026-05-17T22:04:33.731441+00:00,12090296,SEND_REMINDER,0.8500000000000001,0,3.9725773806528055,0.28888888888888886,-0.3052211192704334,0.0,1.0,0.8963266027704196,0.4433944306890179,35.0,209.25847691015255
evt_inv_002331_0,cust_b2b_026,inv_002331,2026-05-17T22:22:16.431584+00:00,5492025,SEND_REMINDER,0.8500000000000001,0,7.826859088280826,0.2705479452054795,0.37843134062776995,0.0,1.0,0.896707008840762,0.4426246042594712,34.0,200.06868659500276
evt_inv_002156_0,cust_b2b_032,inv_002156,2026-05-17T22:32:24.607598+00:00,5941537,SEND_REMINDER,0.8500000000000001,0,3.9822027658916874,0.10344827586206896,-0.2380788129989624,0.0,1.0,0.8969244151788066,0.4421838909957663,40.0,215.8741101281646
evt_inv_007001_0,cust_b2b_012,inv_007001,2026-05-17T22:35:10.849004+00:00,4428035,SEND_REMINDER,0.8500000000000001,0,1.240272935947765,0.4716312056737589,0.3844648884159503,0.0,1.0,0.8969838042544191,0.4420634059784523,35.0,210.8954476693027
evt_inv_003642_1,cust_b2b_019,inv_003642,2026-05-17T23:14:56.112947+00:00,2598420,OFFER_PAYMENT_PLAN,0.8500000000000001,0,17.498944030294194,0.32781456953642385,-0.5930653893449337,1.0,1.0,0.8978341475973431,0.44033378635774956,53.0,209.9069378068551
evt_inv_000351_1,cust_b2b_030,inv_000351,2026-05-17T23:15:38.120368+00:00,2675149,OFFER_PAYMENT_PLAN,0.8500000000000001,0,18.70001226388054,0.3,0.3181161483770111,1.0,1.0,0.8978490933095505,0.44030331096099873,42.0,215.8159602760278
evt_inv_005744_0,cust_b2b_038,inv_005744,2026-05-17T23:32:16.519140+00:00,3398794,SEND_REMINDER,0.8500000000000001,1,1.2910990718936068,0.2796934865900383,-0.5297688990126034,0.0,1.0,0.8982040065435978,0.439578846885321,36.0,210.98277783103114
evt_inv_000884_0,cust_b2b_037,inv_000884,2026-05-17T23:50:33.994614+00:00,2851786,SEND_REMINDER,0.8500000000000001,0,2.5903098638474207,0.27941176470588236,-0.03898655207077256,0.0,1.0,0.8985934653430684,0.43878216012360366,38.0,208.20711813034995
evt_inv_008734_0,cust_b2b_009,inv_008734,2026-05-18T00:08:10.110366+00:00,6227882,SEND_REMINDER,0.8500000000000001,0,3.417689569563524,0.15488215488215487,0.15422003269808193,0.0,1.0,0.8989675797101081,0.43801517168946374,42.0,205.9061305214049
evt_inv_007491_0,cust_b2b_018,inv_007491,2026-05-18T00:15:13.493289+00:00,1886310,SEND_REMINDER,0.8500000000000001,0,6.000621176078494,0.6271186440677966,-0.18310846229240468,0.0,1.0,0.8991173734307115,0.4377076065081101,33.0,201.43589455703386
evt_inv_000164_1,cust_b2b_018,inv_000164,2026-05-18T00:18:00.227897+00:00,2735619,OFFER_PAYMENT_PLAN,0.8500000000000001,0,19.181061525670206,0.6244725738396625,0.8600688522069864,1.0,1.0,0.8991763355880669,0.4375864686189647,34.0,201.43782435574857
evt_inv_001518_0,cust_b2b_013,inv_001518,2026-05-18T00:36:50.679398+00:00,2679417,SEND_REMINDER,0.8500000000000001,0,3.242244798674196,0.19536423841059603,0.27459696930916644,0.0,1.0,0.8995756652817178,0.43676495101250373,36.0,211.72290995472895
evt_inv_008198_1,cust_b2b_028,inv_008198,2026-05-18T01:07:50.727968+00:00,7096878,OFFER_PAYMENT_PLAN,0.8500000000000001,0,24.150308975048027,0.33976833976833976,0.949982199288389,1.0,1.0,0.900231089986373,0.43541243048625367,22.0,197.84492534125468
evt_inv_005521_0,cust_b2b_032,inv_005521,2026-05-18T01:25:31.790394+00:00,6047409,SEND_REMINDER,0.8500000000000001,0,8.986871272861627,0.10315186246418338,-0.1977737023098464,0.0,1.0,0.9006040654226152,0.4346404460519727,41.0,215.99433215127434
evt_inv_002791_1,cust_b2b_039,inv_002791,2026-05-18T01:33:21.559490+00:00,12287191,OFFER_PAYMENT_PLAN,0.8500000000000001,0,21.6682603952285,0.41964285714285715,0.3233898743040976,1.0,1.0,0.9007689831576172,0.4342985597272828,20.0,200.96063097647848
evt_inv_002307_0,cust_b2b_031,inv_002307,2026-05-18T01:33:44.168333+00:00,11412643,SEND_REMINDER,0.8500000000000001,0,5.189554639353283,0.2878228782287823,-0.42823689524172054,0.0,1.0,0.9007769169732979,0.4342821039924169,36.0,209.4037365963943
evt_inv_005920_0,cust_b2b_001,inv_005920,2026-05-18T01:36:12.822332+00:00,3862736,SEND_REMINDER,0.8500000000000001,0,3.024344804686602,0.04477611940298507,-1.1032325072046822,0.0,1.0,0.9008290746265625,0.4341739033007984,45.0,200.95094013499556
evt_inv_005825_1,cust_b2b_001,inv_005825,2026-05-18T01:40:07.226583+00:00,6377776,OFFER_PAYMENT_PLAN,0.8500000000000001,0,16.818632318725836,0.04460966542750929,-0.1937929052109252,1.0,1.0,0.9009112927329643,0.43400327490264284,46.0,200.95365314715517
evt_inv_003643_0,cust_b2b_000,inv_003643,2026-05-18T01:48:40.108638+00:00,10820097,OFFER_PAYMENT_PLAN,0.05,0,7.9463432748672895,0.33455882352941174,3.019167388336253,0.0,1.0,0.9010910751736062,0.4336298816300306,41.0,207.72360117431234
evt_inv_001653_0,cust_b2b_009,inv_001653,2026-05-18T01:57:13.661586+00:00,5405828,SEND_REMINDER,0.8500000000000001,0,5.55987817853022,0.15436241610738255,-0.1961257592009382,0.0,1.0,0.9012709377233282,0.4332559253089478,42.0,205.98186606793445
evt_inv_007037_1,cust_b2b_018,inv_007037,2026-05-18T02:00:46.322989+00:00,2336590,OFFER_PAYMENT_PLAN,0.8500000000000001,1,22.735191421392877,0.6218487394957983,0.3699548114451795,1.0,1.0,0.9013453730625649,0.43310104878504474,35.0,201.5091911970812
evt_inv_000866_1,cust_b2b_027,inv_000866,2026-05-18T02:02:10.663989+00:00,3822576,ESCALATE_COLLECTIONS,0.05,0,17.135185507271874,0.15306122448979592,0.935672620575739,1.0,1.0,0.9013748865683456,0.43303962158664194,43.0,201.16662367329684
evt_inv_006694_0,cust_b2b_033,inv_006694,2026-05-18T02:05:26.258545+00:00,3937281,SEND_REMINDER,0.8500000000000001,0,6.417338148844946,0.12802768166089964,-0.24289239471236493,0.0,1.0,0.9014433149976386,0.43289715851004146,46.0,197.2354825110465
evt_inv_000119_0,cust_b2b_018,inv_000119,2026-05-18T02:07:34.438029+00:00,2536393,SEND_REMINDER,0.8500000000000001,1,8.018895405593028,0.6234309623430963,0.6153659992186599,0.0,1.0,0.9014881461634725,0.43280379195051605,36.0,201.5139147507854
evt_inv_003562_0,cust_b2b_002,inv_003562,2026-05-18T02:22:41.247738+00:00,4315268,SEND_REMINDER,0.8500000000000001,0,6.093623969614055,0.13602941176470587,0.3375993100896832,0.0,1.0,0.9018050293972921,0.4321431347988176,45.0,210.67468322720538
evt_inv_004498_1,cust_b2b_003,inv_004498,2026-05-18T02:29:24.458949+00:00,6897529,OFFER_PAYMENT_PLAN,0.8500000000000001,0,19.562653577047705,0.16071428571428573,1.0988445386501433,1.0,1.0,0.901945775430586,0.4318493003154213,35.0,203.032071923362
evt_inv_000873_0,cust_b2b_011,inv_000873,2026-05-18T02:33:46.353881+00:00,1584301,SEND_REMINDER,0.8500000000000001,0,3.6347594337599527,0.34980988593155893,-0.07742463196212557,0.0,1.0,0.9020371419212416,0.43165842351859385,37.0,210.90375474706107
evt_inv_000417_0,cust_b2b_037,inv_000417,2026-05-18T02:45:29.084628+00:00,2997258,SEND_REMINDER,0.8500000000000001,1,7.311647718027041,0.2783882783882784,0.08655249371908366,0.0,1.0,0.9022821018405124,0.4311461570027817,38.0,208.32858907958575
evt_inv_006444_0,cust_b2b_028,inv_006444,2026-05-18T02:52:02.731498+00:00,6510335,SEND_REMINDER,0.8500000000000001,0,2.1317255089297125,0.3384615384615385,0.6648480277952814,0.0,1.0,0.902419193287955,0.4308591412347155,23.0,197.91728649322508
evt_inv_008207_0,cust_b2b_020,inv_008207,2026-05-18T02:58:54.529087+00:00,6695194,SEND_REMINDER,0.8500000000000001,0,6.597721206768139,0.3205574912891986,0.621785235846709,0.0,1.0,0.902562508192929,0.43055884476397527,33.0,199.31666604426005
evt_inv_004869_1,cust_b2b_038,inv_004869,2026-05-18T03:01:45.610826+00:00,4305265,OFFER_PAYMENT_PLAN,0.8500000000000001,0,16.127798640550594,0.2824427480916031,-0.004300550102207882,1.0,1.0,0.9026220191391623,0.4304340722632699,37.0,211.12825342924612
evt_inv_004459_1,cust_b2b_033,inv_004459,2026-05-18T03:05:36.710099+00:00,4811880,OFFER_PAYMENT_PLAN,0.8500000000000001,1,20.081373923413867,0.12758620689655173,0.25848460024809994,1.0,1.0,0.9027023798550768,0.4302655150066997,47.0,197.27727014477674
evt_inv_006369_0,cust_b2b_004,inv_006369,2026-05-18T03:32:41.847208+00:00,3061073,SEND_REMINDER,0.8500000000000001,1,6.583770837123752,0.1625441696113074,-0.06067091200702155,0.0,1.0,0.9032666036338386,0.42907976270128373,26.0,212.45701076633267
evt_inv_007205_0,cust_b2b_031,inv_007205,2026-05-18T04:04:01.757633+00:00,21807881,SEND_REMINDER,0.8500000000000001,1,6.899729975268268,0.2867647058823529,1.4588343108608108,0.0,1.0,0.9039173379477146,0.42770719675674995,36.0,209.50810684292182
evt_inv_001071_0,cust_b2b_001,inv_001071,2026-05-18T04:22:33.541992+00:00,6132374,SEND_REMINDER,0.8500000000000001,0,9.264252524334086,0.044444444444444446,-0.2825304115118823,0.0,1.0,0.9043012026784257,0.4268949927492156,46.0,201.06645772365223
evt_inv_008541_1,cust_b2b_025,inv_008541,2026-05-18T04:24:28.269330+00:00,13190449,OFFER_PAYMENT_PLAN,0.8500000000000001,1,20.834738930531508,0.1988472622478386,0.7516252744790908,1.0,1.0,0.9043407729425279,0.4268111601091414,38.0,209.30216821706458
evt_inv_003379_0,cust_b2b_031,inv_003379,2026-05-18T04:49:48.256900+00:00,18466819,SEND_REMINDER,0.8500000000000001,0,3.081439376503514,0.2893772893772894,0.8523236752577604,0.0,1.0,0.9048642936404495,0.42570014105537995,37.0,209.539895028884
evt_inv_005310_0,cust_b2b_029,inv_005310,2026-05-18T04:53:49.106035+00:00,6746954,SEND_REMINDER,0.8500000000000001,0,9.11555922329759,0.23754789272030652,0.5130294603870849,0.0,1.0,0.9049471226872895,0.4255240359133615,39.0,212.2691459155079
evt_inv_005489_0,cust_b2b_002,inv_005489,2026-05-18T04:54:37.853780+00:00,3860368,OFFER_PAYMENT_PLAN,0.05,0,6.501232519803191,0.13553113553113552,0.03847000666148419,0.0,1.0,0.904963883074818,0.4254883903588289,45.0,210.7801995008475
evt_inv_005139_1,cust_b2b_001,inv_005139,2026-05-18T04:58:39.183934+00:00,6360155,OFFER_PAYMENT_PLAN,0.8500000000000001,0,18.462488237134373,0.04428044280442804,-0.2001645533028647,1.0,1.0,0.9050468362184831,0.42531191407120744,47.0,201.0915230239128
evt_inv_004460_1,cust_b2b_024,inv_004460,2026-05-18T05:07:37.005580+00:00,3553015,ESCALATE_COLLECTIONS,0.05,0,21.065353761221573,0.13666666666666666,-0.5467278784290365,1.0,1.0,0.905231579466434,0.4249185657707901,47.0,206.43157680519212
evt_inv_008868_1,cust_b2b_025,inv_008868,2026-05-18T05:18:34.303202+00:00,9772978,OFFER_PAYMENT_PLAN,0.8500000000000001,0,17.518121349965796,0.20114942528735633,-0.09082786601077628,1.0,1.0,0.9054571309047234,0.42443772699158905,39.0,209.3397380535483
evt_inv_003927_0,cust_b2b_017,inv_003927,2026-05-18T05:19:41.299157+00:00,7678301,SEND_REMINDER,0.8500000000000001,0,7.521002381019683,0.2753623188405797,0.44211584196007264,0.0,1.0,0.9054801061999226,0.42438871011865636,38.0,212.73726834605802
evt_inv_000033_0,cust_b2b_023,inv_000033,2026-05-18T05:32:22.808993+00:00,3277454,OFFER_PAYMENT_PLAN,0.05,1,1.2351859284039717,0.40714285714285714,1.1395208942555541,0.0,1.0,0.9057410684892897,0.4238314722290922,41.0,201.52386397487908
evt_inv_007786_0,cust_b2b_024,inv_007786,2026-05-18T05:33:40.460284+00:00,4369470,SEND_REMINDER,0.8500000000000001,0,5.972712380847928,0.1362126245847176,-0.097881616283306,0.0,1.0,0.9057676595939462,0.4237746415651898,47.0,206.44967234574605
evt_inv_000836_0,cust_b2b_014,inv_000836,2026-05-18T05:45:47.212939+00:00,8705522,SEND_REMINDER,0.8500000000000001,0,8.496186540249198,0.23387096774193547,-0.4467186661244418,0.0,1.0,0.906016357740145,0.42324267212472994,40.0,214.4790323598547
evt_inv_004849_1,cust_b2b_015,inv_004849,2026-05-18T06:02:45.997322+00:00,10659542,OFFER_PAYMENT_PLAN,0.8500000000000001,1,21.85346177878597,0.1494661921708185,0.2697633307958134,1.0,1.0,0.906364464511434,0.42249669521891103,37.0,209.37892237852452
evt_inv_008139_1,cust_b2b_032,inv_008139,2026-05-18T06:19:31.731486+00:00,5086106,SEND_REMINDER,0.05,0,16.816419560688132,0.10285714285714286,-0.5637382237729553,1.0,1.0,0.9067075097198427,0.4217599931449655,41.0,216.19849813613723
evt_inv_006539_0,cust_b2b_033,inv_006539,2026-05-18T06:20:50.075887+00:00,3438084,OFFER_PAYMENT_PLAN,0.05,0,9.979663601995643,0.13058419243986255,-0.52906511783421,0.0,1.0,0.9067342070239531,0.42170259403119986,48.0,197.41284150806277
evt_inv_006781_1,cust_b2b_012,inv_006781,2026-05-18T06:54:19.089730+00:00,4766194,ESCALATE_COLLECTIONS,0.05,1,20.22353731040014,0.46996466431095407,0.6047448578073628,1.0,1.0,0.9074175740597609,0.42023011111473013,36.0,211.2420708258612
evt_inv_006259_0,cust_b2b_034,inv_006259,2026-05-18T06:54:53.928789+00:00,4341642,SEND_REMINDER,0.8500000000000001,1,3.4682086561000904,0.46502057613168724,-0.41308344326466473,0.0,1.0,0.9074294034948,0.42020456645908966,39.0,198.21147846539853
evt_inv_008334_1,cust_b2b_007,inv_008334,2026-05-18T07:05:36.735894+00:00,5579969,OFFER_PAYMENT_PLAN,0.8500000000000001,1,18.90634760302579,0.2838709677419355,0.7581225157928868,1.0,1.0,0.9076475365096554,0.4197331884280226,48.0,215.09687376891483
evt_inv_003198_0,cust_b2b_015,inv_003198,2026-05-18T07:18:31.270450+00:00,8645676,SEND_REMINDER,0.8500000000000001,0,4.05320590389387,0.1524822695035461,-0.2535174142345178,0.0,1.0,0.9079100452224821,0.4191650626950087,38.0,209.4315297063891
evt_inv_001113_1,cust_b2b_038,inv_001113,2026-05-18T07:20:16.102448+00:00,4772058,OFFER_PAYMENT_PLAN,0.8500000000000001,0,19.654517548060262,0.2813688212927757,0.26629214280540325,1.0,1.0,0.9079455480311133,0.4190881551779785,38.0,211.30777300820057
evt_inv_001922_1,cust_b2b_024,inv_001922,2026-05-18T07:37:36.720217+00:00,3709865,ESCALATE_COLLECTIONS,0.05,0,18.277241061668988,0.1357615894039735,-0.46049939056083705,1.0,1.0,0.9082976143170054,0.4183245675621222,48.0,206.53574016904676
evt_inv_007922_1,cust_b2b_017,inv_007922,2026-05-18T07:41:16.000367+00:00,7207944,OFFER_PAYMENT_PLAN,0.8500000000000001,1,19.422016088660953,0.2743682310469314,0.26188795229576506,1.0,1.0,0.9083717202120819,0.41816362577218885,38.0,212.83558664710165
evt_inv_000979_0,cust_b2b_023,inv_000979,2026-05-18T07:41:28.928057+00:00,1779356,SEND_REMINDER,0.8500000000000001,0,6.452063924928364,0.4092526690391459,-0.5240743159772788,0.0,1.0,0.9083760882445241,0.4181541370183687,42.0,201.6135181307046
evt_inv_000103_0,cust_b2b_011,inv_000103,2026-05-18T07:47:50.839519+00:00,1281287,SEND_REMINDER,0.8500000000000001,1,5.292151975022838,0.3484848484848485,-0.5407664503857353,0.0,1.0,0.9085050845009941,0.4178737984557557,37.0,211.12186221972033
evt_inv_003132_1,cust_b2b_010,inv_003132,2026-05-18T08:13:52.106078+00:00,3081923,WRITE_OFF,0.05,0,18.868743440675782,0.13120567375886524,0.14044976915725804,1.0,1.0,0.909031525512172,0.4167273516641467,38.0,208.01650116653616
evt_inv_004962_1,cust_b2b_036,inv_004962,2026-05-18T08:27:45.507027+00:00,3223624,OFFER_PAYMENT_PLAN,0.8500000000000001,0,20.285691201040514,0.27586206896551724,-0.3454058218306552,1.0,1.0,0.9093119464819667,0.41611510905658894,33.0,212.8064693707424
evt_inv_007789_0,cust_b2b_031,inv_007789,2026-05-18T09:19:28.569509+00:00,12446062,SEND_REMINDER,0.8500000000000001,0,7.864856088722244,0.28832116788321166,-0.24063799400066313,0.0,1.0,0.9103524313063883,0.4138338444527557,38.0,209.7271671655661
evt_inv_002454_1,cust_b2b_032,inv_002454,2026-05-18T10:28:12.533468+00:00,6721792,OFFER_PAYMENT_PLAN,0.8500000000000001,0,22.27916477838803,0.10256410256410256,0.0589614291540834,1.0,1.0,0.9117263752004215,0.4107980242940564,42.0,216.37119260351884
evt_inv_005532_1,cust_b2b_007,inv_005532,2026-05-18T10:37:04.896751+00:00,4014962,OFFER_PAYMENT_PLAN,0.8500000000000001,0,20.138965873607912,0.2861736334405145,-0.15567896969669745,1.0,1.0,0.9119030004070883,0.4104057965581747,49.0,215.24372748253106
evt_inv_004330_0,cust_b2b_020,inv_004330,2026-05-18T10:42:09.043216+00:00,4237624,SEND_REMINDER,0.8500000000000001,1,9.051790018329001,0.3194444444444444,-0.5241120513669828,0.0,1.0,0.9120038330800104,0.4101816773667109,34.0,199.63836180964043
evt_inv_001703_0,cust_b2b_005,inv_001703,2026-05-18T10:44:36.697230+00:00,8986875,SEND_REMINDER,0.8500000000000001,0,1.7068748381702559,0.2195945945945946,0.3902327297166278,0.0,1.0,0.912052764466567,0.4100728652677386,45.0,208.78740467025293
evt_inv_005702_0,cust_b2b_034,inv_005702,2026-05-18T10:49:23.480949+00:00,8037898,SEND_REMINDER,0.8500000000000001,0,4.843158797123051,0.4672131147540984,1.3636124094732462,0.0,1.0,0.9121477652546341,0.40986150629325613,39.0,198.37432050428194
evt_inv_002168_0,cust_b2b_012,inv_002168,2026-05-18T10:56:43.455575+00:00,3968940,SEND_REMINDER,0.8500000000000001,0,4.193150403423449,0.47183098591549294,0.08540615732236219,0.0,1.0,0.9122934172811964,0.40953720317621567,34.0,211.41040839350774
evt_inv_005282_0,cust_b2b_020,inv_005282,2026-05-18T11:27:11.620337+00:00,5930484,SEND_REMINDER,0.8500000000000001,0,2.196740385165294,0.3217993079584775,0.2652217634937898,0.0,1.0,0.9128973895666197,0.40818911808431557,35.0,199.6696416374266
evt_inv_001323_0,cust_b2b_015,inv_001323,2026-05-18T12:06:21.790282+00:00,16111274,SEND_REMINDER,0.8500000000000001,0,1.8239923914049665,0.1519434628975265,1.6863351488471006,0.0,1.0,0.9136708904935628,0.4064547992885557,39.0,209.63141998222042
evt_inv_001259_0,cust_b2b_022,inv_001259,2026-05-18T12:21:51.873603+00:00,2072222,SEND_REMINDER,0.8500000000000001,0,9.27276305885737,0.17921146953405018,0.24951746101863143,0.0,1.0,0.9139760948246862,0.40576803482903406,49.0,205.06515796067015
evt_inv_000042_0,cust_b2b_000,inv_000042,2026-05-18T12:25:41.317038+00:00,3632244,SEND_REMINDER,0.8500000000000001,1,8.885271420028191,0.3333333333333333,-0.6472473979841948,0.0,1.0,0.9140513066957796,0.40559858077628663,41.0,208.16597627153592
evt_inv_001659_0,cust_b2b_035,inv_001659,2026-05-18T12:25:59.768414+00:00,5813682,SEND_REMINDER,0.8500000000000001,0,9.478802685474857,0.35144927536231885,0.24732504742407255,0.0,1.0,0.9140573537169142,0.40558495301974895,33.0,215.32907834130162
evt_inv_005577_0,cust_b2b_031,inv_005577,2026-05-18T12:34:38.137287+00:00,14406326,WRITE_OFF,0.05,0,8.20341506027744,0.2872727272727273,0.1152131815577319,0.0,1.0,0.9142271543584307,0.4052020609938777,39.0,209.86269457040387
evt_inv_004808_0,cust_b2b_005,inv_004808,2026-05-18T12:44:06.944739+00:00,5371343,SEND_REMINDER,0.8500000000000001,0,4.544826721294794,0.21885521885521886,-0.7725440978675452,0.0,1.0,0.91441329246353,0.4047818308249604,46.0,208.87039364606105
evt_inv_003964_0,cust_b2b_009,inv_003964,2026-05-18T12:46:48.473014+00:00,8677091,OFFER_PAYMENT_PLAN,0.05,0,6.101996986735075,0.15384615384615385,1.1980324271646294,0.0,1.0,0.9144661162038868,0.4046624794998658,41.0,206.4329634224257
evt_inv_000446_0,cust_b2b_022,inv_000446,2026-05-18T13:04:28.709612+00:00,2133951,SEND_REMINDER,0.8500000000000001,0,1.4610080904462395,0.17857142857142858,0.3314222618331237,0.0,1.0,0.9148124530491583,0.4038789122325918,50.0,205.09475097003838
evt_inv_005947_0,cust_b2b_024,inv_005947,2026-05-18T13:04:49.133754+00:00,4290426,SEND_REMINDER,0.8500000000000001,0,3.3681575176250274,0.1353135313531353,-0.14133597102861645,0.0,1.0,0.914819118207848,0.4038638148700814,47.0,206.76296717758078
evt_inv_000067_1,cust_b2b_005,inv_000067,2026-05-18T13:09:19.384995+00:00,6527560,WRITE_OFF,0.05,0,19.353794078789388,0.2181208053691275,-0.4006977164300378,1.0,1.0,0.9149072877992944,0.4036640369561538,47.0,208.88789874160534
evt_inv_008713_0,cust_b2b_016,inv_008713,2026-05-18T13:24:44.978988+00:00,8371697,SEND_REMINDER,0.8500000000000001,0,4.291874897343016,0.2392857142857143,-0.39393827242719,0.0,1.0,0.9152089326496167,0.4029796640009884,26.0,204.24711909637813
evt_inv_004626_1,cust_b2b_012,inv_004626,2026-05-18T13:49:36.896921+00:00,4327770,OFFER_PAYMENT_PLAN,0.8500000000000001,0,17.320591899836007,0.47017543859649125,0.3191511883160541,1.0,1.0,0.9156940610026572,0.4018760836930482,34.0,211.53047137205144
evt_inv_008801_0,cust_b2b_021,inv_008801,2026-05-18T13:57:44.099916+00:00,10535826,SEND_REMINDER,0.8500000000000001,0,6.148083670852293,0.32616487455197135,0.37397920500787246,0.0,1.0,0.9158521970544619,0.4015155702466781,24.0,210.5872952542487
evt_inv_001576_0,cust_b2b_005,inv_001576,2026-05-18T14:07:49.490722+00:00,5656537,WRITE_OFF,0.05,1,2.660833425274841,0.21739130434782608,-0.6808239275575371,0.0,1.0,0.9160484966719067,0.4010675151955586,46.0,208.92852496530472
evt_inv_005384_0,cust_b2b_003,inv_005384,2026-05-18T14:11:16.014164+00:00,3846433,SEND_REMINDER,0.8500000000000001,0,5.1610857148035585,0.1601423487544484,-0.4930909509775637,0.0,1.0,0.9161154123190808,0.4009146434235604,34.0,203.51947418279443
evt_inv_005376_0,cust_b2b_029,inv_005376,2026-05-18T14:15:19.162472+00:00,4650222,SEND_REMINDER,0.8500000000000001,1,7.755357112647557,0.2366412213740458,-0.4233212692892573,0.0,1.0,0.9161941620877937,0.4007346470624241,39.0,212.65907712427216
evt_inv_006446_1,cust_b2b_007,inv_006446,2026-05-18T14:26:40.078598+00:00,3158184,OFFER_PAYMENT_PLAN,0.8500000000000001,0,21.45231492308732,0.28525641025641024,-0.6559481572528408,1.0,1.0,0.9164145059056548,0.4002305002941364,49.0,215.4031624576149
evt_inv_001167_1,cust_b2b_023,inv_001167,2026-05-18T14:37:05.477576+00:00,2752412,ESCALATE_COLLECTIONS,0.05,0,22.644819561659652,0.4078014184397163,0.5564768908070419,1.0,1.0,0.9166166400211098,0.3997673513887937,43.0,201.90213560199967
evt_inv_005148_0,cust_b2b_008,inv_005148,2026-05-18T14:39:58.687677+00:00,5802536,SEND_REMINDER,0.8500000000000001,0,6.721755527399366,0.23897058823529413,-0.70243271123512,0.0,1.0,0.9166725815668314,0.3996390599073128,41.0,200.77982691593465
evt_inv_003197_0,cust_b2b_024,inv_003197,2026-05-18T14:45:52.314437+00:00,4971444,SEND_REMINDER,0.8500000000000001,0,9.626823595077807,0.13486842105263158,0.23305421287655043,0.0,1.0,0.916786736403323,0.399377114961466,48.0,206.83314287992312
evt_inv_001670_0,cust_b2b_017,inv_001670,2026-05-18T14:49:06.030065+00:00,5817626,SEND_REMINDER,0.8500000000000001,0,8.096130026671212,0.27697841726618705,-0.2708442461966835,0.0,1.0,0.9168492383319164,0.39923360851785095,38.0,213.13269347230775
evt_inv_005225_0,cust_b2b_013,inv_005225,2026-05-18T14:57:14.408481+00:00,2482587,ESCALATE_COLLECTIONS,0.05,0,6.83034919592841,0.19471947194719472,0.07077558646270543,0.0,1.0,0.9170067128635904,0.39887176957402326,37.0,212.32040681911462
evt_inv_007261_1,cust_b2b_020,inv_007261,2026-05-18T15:09:41.283551+00:00,6500649,OFFER_PAYMENT_PLAN,0.8500000000000001,1,24.17011106906973,0.32068965517241377,0.5310740665024352,1.0,1.0,0.917247261817637,0.3983182906772512,36.0,199.82415162833726
evt_inv_000227_0,cust_b2b_037,inv_000227,2026-05-18T15:10:05.879974+00:00,2628248,SEND_REMINDER,0.8500000000000001,0,1.1576502822730745,0.28102189781021897,-0.2318938679008974,0.0,1.0,0.9172551780015434,0.3983000607950706,39.0,208.84568161831126
evt_inv_006076_1,cust_b2b_039,inv_006076,2026-05-18T15:25:02.273724+00:00,8569707,OFFER_PAYMENT_PLAN,0.8500000000000001,1,24.15903970266913,0.4177777777777778,-0.5308252720860794,1.0,1.0,0.9175434287296278,0.3976355824056474,18.0,201.53818553936944
evt_inv_001862_1,cust_b2b_003,inv_001862,2026-05-18T15:40:52.115293+00:00,4067006,OFFER_PAYMENT_PLAN,0.8500000000000001,0,23.266991678291582,0.1595744680851064,-0.37800486035536035,1.0,1.0,0.9178483412448302,0.3969312566101512,35.0,203.58169757549527
evt_inv_007700_1,cust_b2b_035,inv_007700,2026-05-18T15:56:42.404063+00:00,5133017,OFFER_PAYMENT_PLAN,0.8500000000000001,0,20.76665912722878,0.35018050541516244,-0.07433107193479879,1.0,1.0,0.918152856280557,0.39622636523060273,33.0,215.4754051428042
evt_inv_000617_1,cust_b2b_002,inv_000617,2026-05-18T16:13:36.793086+00:00,4139347,OFFER_PAYMENT_PLAN,0.8500000000000001,0,21.15370402182398,0.13503649635036497,0.2219185334877454,1.0,1.0,0.9184773145514046,0.3954736687245311,46.0,211.2517150020707
evt_inv_001778_0,cust_b2b_009,inv_001778,2026-05-18T16:23:37.442072+00:00,9241952,SEND_REMINDER,0.8500000000000001,1,6.314322809943488,0.15333333333333332,1.4387666765038052,0.0,1.0,0.9186691447984574,0.3950278501514431,41.0,206.58353019392834
evt_inv_002656_1,cust_b2b_028,inv_002656,2026-05-18T16:26:54.112304+00:00,6459570,OFFER_PAYMENT_PLAN,0.8500000000000001,1,22.082889223120446,0.3371647509578544,0.6401698811443042,1.0,1.0,0.9187319086668386,0.3948818557459785,23.0,198.48315895626146
evt_inv_002191_0,cust_b2b_019,inv_002191,2026-05-18T16:54:53.169792+00:00,5346586,SEND_REMINDER,0.8500000000000001,1,3.800069407472019,0.32673267326732675,1.4237653389955691,0.0,1.0,0.9192668057790567,0.39363503374670544,53.0,210.64301485366718
evt_inv_007831_0,cust_b2b_019,inv_007831,2026-05-18T17:04:07.008158+00:00,3617885,SEND_REMINDER,0.8500000000000001,0,1.6908815320114385,0.32894736842105265,0.15510236342641034,0.0,1.0,0.9194428709226093,0.3932236095526182,54.0,210.64942501994196
evt_inv_003219_1,cust_b2b_026,inv_003219,2026-05-18T17:09:50.653564+00:00,3876850,OFFER_PAYMENT_PLAN,0.8500000000000001,0,20.70065445257649,0.2696245733788396,-0.46809954231997464,1.0,1.0,0.9195520231823532,0.39296828963828756,34.0,200.8517215716291
evt_inv_004724_0,cust_b2b_000,inv_004724,2026-05-18T17:25:44.104431+00:00,6169583,SEND_REMINDER,0.8500000000000001,0,7.502293658332938,0.3357664233576642,0.6470105972790607,0.0,1.0,0.9198544969766416,0.3922597409776456,42.0,208.3743418663511
evt_inv_003604_1,cust_b2b_030,inv_003604,2026-05-18T17:44:49.717589+00:00,2561552,OFFER_PAYMENT_PLAN,0.8500000000000001,0,23.619266212021227,0.29900332225913623,0.19844807957843413,1.0,1.0,0.9202172104259706,0.39140808069819527,39.0,216.58623339200517
evt_inv_005899_0,cust_b2b_029,inv_005899,2026-05-18T17:57:39.653758+00:00,5109864,SEND_REMINDER,0.8500000000000001,0,2.991963224590621,0.23954372623574144,-0.21805622724233434,0.0,1.0,0.9204605374655053,0.39083551395531224,40.0,212.81348095859576
evt_inv_005592_0,cust_b2b_034,inv_005592,2026-05-18T18:05:24.551313+00:00,4939043,SEND_REMINDER,0.8500000000000001,0,7.087686214787644,0.46530612244897956,-0.1259281476449013,0.0,1.0,0.9206072890292902,0.39048971738848753,39.0,198.67711067053537
evt_inv_005591_0,cust_b2b_014,inv_005591,2026-05-18T18:16:36.422771+00:00,9793669,SEND_REMINDER,0.8500000000000001,0,4.9351019349299605,0.23293172690763053,-0.19006863047211822,0.0,1.0,0.9208191453249571,0.3899898737185563,40.0,215.00043525142925
evt_inv_006104_0,cust_b2b_018,inv_006104,2026-05-18T18:21:42.749065+00:00,1519883,SEND_REMINDER,0.8500000000000001,1,7.740663512572466,0.625,-0.633178853637133,0.0,1.0,0.9209156468762459,0.3897619418805606,34.0,202.19039983222538
evt_inv_006536_0,cust_b2b_030,inv_006536,2026-05-18T18:30:00.896221+00:00,2768942,SEND_REMINDER,0.8500000000000001,1,6.217100630734421,0.2980132450331126,0.4169216836134693,0.0,1.0,0.9210724570096491,0.3893912286354279,40.0,216.61761277432834
evt_inv_000114_0,cust_b2b_039,inv_000114,2026-05-18T18:47:54.071528+00:00,12118032,SEND_REMINDER,0.8500000000000001,1,4.1444833594404145,0.42035398230088494,0.28452005921872164,0.0,1.0,0.9214097713174538,0.3885923742441653,19.0,201.67906282877325
evt_inv_002310_0,cust_b2b_017,inv_002310,2026-05-18T19:10:26.247367+00:00,6514758,SEND_REMINDER,0.8500000000000001,0,5.2337058962602985,0.27598566308243727,-0.0037221554498372343,0.0,1.0,0.9218337929848468,0.3875854204058386,39.0,213.31417746885964
evt_inv_006561_0,cust_b2b_036,inv_006561,2026-05-18T19:21:25.369601+00:00,3312593,SEND_REMINDER,0.8500000000000001,1,6.221816528314577,0.27491408934707906,-0.28594068585393956,0.0,1.0,0.9220400847261108,0.38709440987731464,33.0,213.2604029653451
evt_inv_002445_1,cust_b2b_036,inv_002445,2026-05-18T19:21:29.018735+00:00,5350423,OFFER_PAYMENT_PLAN,0.8500000000000001,0,19.027921678503677,0.2773972602739726,1.0760966377171346,1.0,1.0,0.9220412261023468,0.3870916911633223,34.0,213.26044520069465
evt_inv_002025_0,cust_b2b_028,inv_002025,2026-05-18T19:26:50.541412+00:00,6226757,SEND_REMINDER,0.8500000000000001,0,3.9799370380698518,0.33969465648854963,0.5269932101608071,0.0,1.0,0.9221417604980529,0.38685213395501883,24.0,198.60811762649232
evt_inv_002887_1,cust_b2b_007,inv_002887,2026-05-18T19:28:26.276063+00:00,4142047,OFFER_PAYMENT_PLAN,0.8500000000000001,0,17.650136809530963,0.28434504792332266,-0.0814747003200141,1.0,1.0,0.9221716829878067,0.38678079980195,50.0,215.61272492827183
evt_inv_008229_0,cust_b2b_015,inv_008229,2026-05-18T19:32:42.952577+00:00,10945521,SEND_REMINDER,0.8500000000000001,0,4.362069393688225,0.15140845070422534,0.34407182410265996,0.0,1.0,0.9222518816758171,0.3865895326381906,37.0,209.94138713841764
evt_inv_003595_0,cust_b2b_039,inv_003595,2026-05-18T19:34:40.202004+00:00,10383110,WRITE_OFF,0.05,1,1.1094760064841038,0.42290748898678415,-0.11413587549478114,0.0,1.0,0.9222885031104826,0.38650215656607306,19.0,201.71154119076178
evt_inv_005735_0,cust_b2b_039,inv_005735,2026-05-18T19:42:05.783778+00:00,13367700,OFFER_PAYMENT_PLAN,0.05,0,7.42116547009937,0.42543859649122806,0.5716727887655884,0.0,1.0,0.9224275996563469,0.3861700705547106,19.0,201.716698387214
evt_inv_008528_0,cust_b2b_034,inv_008528,2026-05-18T19:58:22.418128+00:00,4619797,SEND_REMINDER,0.8500000000000001,0,4.16055205918742,0.4634146341463415,-0.27938161263619626,0.0,1.0,0.9227320557456222,0.3854420232660912,40.0,198.7555582031135
evt_inv_000277_1,cust_b2b_032,inv_000277,2026-05-18T20:09:56.420137+00:00,6685735,OFFER_PAYMENT_PLAN,0.8500000000000001,0,24.522127752727865,0.10227272727272728,0.045234757828567444,1.0,1.0,0.9229480547626194,0.38492452274426053,42.0,216.77517277329807
evt_inv_005737_1,cust_b2b_009,inv_005737,2026-05-18T20:10:13.455889+00:00,3864025,SEND_REMINDER,0.05,0,19.69365568850995,0.15614617940199335,-0.8532165787936477,1.0,1.0,0.9229533532673069,0.3849118180734826,42.0,206.74089146495643
evt_inv_006474_0,cust_b2b_021,inv_006474,2026-05-18T20:22:33.019386+00:00,7793721,SEND_REMINDER,0.8500000000000001,0,3.3979077197294716,0.325,-0.37401651996685215,0.0,1.0,0.9231832056662966,0.3843602070658464,23.0,210.85452811848617
evt_inv_001405_0,cust_b2b_038,inv_001405,2026-05-18T20:23:37.415658+00:00,3577713,SEND_REMINDER,0.8500000000000001,1,7.8717300253697955,0.2803030303030303,-0.4260521732610291,0.0,1.0,0.9232032040833351,0.3843121699481605,38.0,211.85176968887842
evt_inv_005103_0,cust_b2b_006,inv_005103,2026-05-18T20:39:09.181068+00:00,5534052,SEND_REMINDER,0.8500000000000001,1,8.585148439948448,0.2979452054794521,-0.008121001675901664,0.0,1.0,0.9234922863065418,0.38361699275751104,39.0,211.9889989862173
evt_inv_005622_0,cust_b2b_028,inv_005622,2026-05-18T20:49:45.688189+00:00,5114730,SEND_REMINDER,0.8500000000000001,0,4.999776429507728,0.33840304182509506,-0.013592962059051245,0.0,1.0,0.9236894630833093,0.3831419786304651,25.0,198.6657003438172
evt_inv_004687_0,cust_b2b_017,inv_004687,2026-05-18T20:52:36.363511+00:00,6932033,SEND_REMINDER,0.8500000000000001,0,9.362596821750659,0.275,0.15616619997329964,0.0,1.0,0.9237422932379489,0.3830145893872651,40.0,213.38512788719618
evt_inv_004266_0,cust_b2b_010,inv_004266,2026-05-18T21:00:13.339115+00:00,2816756,SEND_REMINDER,0.8500000000000001,0,5.353945921877017,0.13074204946996468,-0.08673310246520041,0.0,1.0,0.9238836571380622,0.38267347448340283,35.0,208.54869136373387
evt_inv_002915_0,cust_b2b_028,inv_002915,2026-05-18T21:02:31.372798+00:00,7301706,SEND_REMINDER,0.8500000000000001,0,5.958600963978999,0.3371212121212121,1.0495545456675022,0.0,1.0,0.9239263326337978,0.3825704273279115,26.0,198.67456243420497
evt_inv_005485_1,cust_b2b_015,inv_005485,2026-05-18T21:12:55.956214+00:00,9480935,OFFER_PAYMENT_PLAN,0.8500000000000001,1,24.089816027919113,0.15087719298245614,-0.03648457127595483,1.0,1.0,0.9241192897047541,0.3821040936650389,38.0,210.01098208791748
evt_inv_004248_1,cust_b2b_013,inv_004248,2026-05-18T21:25:06.494269+00:00,2472655,OFFER_PAYMENT_PLAN,0.8500000000000001,0,22.643963489445035,0.19407894736842105,0.06049012084486765,1.0,1.0,0.9243446814523714,0.3815585274511815,37.0,212.5897596638847
evt_inv_003666_0,cust_b2b_023,inv_003666,2026-05-18T21:25:52.443835+00:00,2675946,SEND_REMINDER,0.8500000000000001,1,9.023546633227024,0.40636042402826855,0.4715630794535114,0.0,1.0,0.9243588474338685,0.38152420784365715,43.0,202.18601252629423
evt_inv_006705_0,cust_b2b_000,inv_006705,2026-05-18T21:47:16.473263+00:00,5764646,SEND_REMINDER,0.8500000000000001,0,5.601375333827503,0.33454545454545453,0.44045842533717094,0.0,1.0,0.9247541907710018,0.38056495720372036,41.0,208.55596650561492
evt_inv_000950_0,cust_b2b_014,inv_000950,2026-05-18T21:53:25.362544+00:00,9995095,SEND_REMINDER,0.8500000000000001,0,2.0736804886931695,0.232,-0.14256041793563837,0.0,1.0,0.9248675850474031,0.3802892979411655,41.0,215.15100168399155
evt_inv_003156_0,cust_b2b_010,inv_003156,2026-05-18T21:54:39.814658+00:00,2594739,WRITE_OFF,0.05,0,6.590315613784309,0.13028169014084506,-0.2769475212518147,0.0,1.0,0.9248904611998189,0.38023365813876375,36.0,208.58649779362577
evt_inv_008739_1,cust_b2b_020,inv_008739,2026-05-18T22:30:27.937985+00:00,4277580,OFFER_PAYMENT_PLAN,0.8500000000000001,1,21.041690814255347,0.3230240549828179,-0.5054816422981122,1.0,1.0,0.925549051595845,0.37862772361520464,37.0,200.1302471657616
evt_inv_003618_0,cust_b2b_006,inv_003618,2026-05-18T23:51:20.454869+00:00,4839230,SEND_REMINDER,0.8500000000000001,0,6.982962598150093,0.3003412969283277,-0.32098637129142116,0.0,1.0,0.9270265114066087,0.3749957961754941,40.0,212.12246280335546
evt_inv_002284_0,cust_b2b_031,inv_002284,2026-05-19T00:09:50.368009+00:00,16292238,SEND_REMINDER,0.8500000000000001,0,7.490619065532865,0.286231884057971,0.4575670961850774,0.0,1.0,0.9273624479536405,0.3741642555421768,39.0,210.3454750185812
evt_inv_006859_1,cust_b2b_033,inv_006859,2026-05-19T00:11:01.935790+00:00,5166299,WRITE_OFF,0.05,1,22.653529285233304,0.13013698630136986,0.46166070504015694,1.0,1.0,0.9273840837227184,0.3741106270313289,47.0,198.15603433101032
evt_inv_007627_1,cust_b2b_019,inv_007627,2026-05-19T00:13:08.111404+00:00,2959936,OFFER_PAYMENT_PLAN,0.8500000000000001,0,17.602697234904223,0.32786885245901637,-0.32775514015169643,1.0,1.0,0.927422220518781,0.3740160757080015,54.0,210.94735445566084
evt_inv_006566_0,cust_b2b_039,inv_006566,2026-05-19T00:23:02.652839+00:00,12095469,SEND_REMINDER,0.8500000000000001,1,2.823093254631699,0.42358078602620086,0.27933539456232687,0.0,1.0,0.9276017919516292,0.3735704961156949,20.0,201.91180103838792
evt_inv_006461_0,cust_b2b_006,inv_006461,2026-05-19T00:39:42.968857+00:00,7200140,SEND_REMINDER,0.8500000000000001,0,9.618634804401214,0.29931972789115646,0.74208660396907,0.0,1.0,0.9279034377814572,0.372820613906143,41.0,212.15605671525336
evt_inv_002833_0,cust_b2b_003,inv_002833,2026-05-19T01:02:41.063504+00:00,4378189,SEND_REMINDER,0.8500000000000001,0,9.346454686991553,0.15901060070671377,-0.2156427636021441,0.0,1.0,0.9283180100630014,0.37178713290358667,34.0,203.97184743904495
evt_inv_001900_1,cust_b2b_009,inv_001900,2026-05-19T01:05:59.991972+00:00,4863615,ESCALATE_COLLECTIONS,0.05,0,21.878101312186388,0.15562913907284767,-0.4272078324556173,1.0,1.0,0.928377758664944,0.371637911435654,43.0,206.94629118814666
evt_inv_001375_0,cust_b2b_019,inv_001375,2026-05-19T01:10:13.728903+00:00,2824745,SEND_REMINDER,0.8500000000000001,0,9.467191177472905,0.32679738562091504,-0.426969400312277,0.0,1.0,0.9284539342986731,0.37144756276669155,54.0,210.98700280633838
evt_inv_006453_1,cust_b2b_039,inv_006453,2026-05-19T01:17:35.310321+00:00,10211259,SEND_REMINDER,0.05,0,23.896615898248537,0.4260869565217391,-0.15362437266927018,1.0,1.0,0.9285864106024141,0.37111625947204857,21.0,201.94967901850654
evt_inv_007743_0,cust_b2b_027,inv_007743,2026-05-19T01:55:19.669118+00:00,3311315,SEND_REMINDER,0.8500000000000001,0,6.50115649622844,0.15254237288135594,0.47615902257824233,0.0,1.0,0.929263870118724,0.3694166478273159,41.0,202.16186678821165
evt_inv_004055_1,cust_b2b_030,inv_004055,2026-05-19T02:08:04.898880+00:00,1963362,OFFER_PAYMENT_PLAN,0.8500000000000001,1,24.42369619833599,0.30033003300330036,-0.4317109602129247,1.0,1.0,0.9294921113101566,0.3688419919317584,41.0,216.9357146569529
evt_inv_004641_0,cust_b2b_011,inv_004641,2026-05-19T02:08:53.142775+00:00,1092481,ESCALATE_COLLECTIONS,0.05,0,3.05340989525402,0.35094339622641507,-0.8294736037667509,0.0,1.0,0.9295064888640693,0.3688057580347545,37.0,211.88647221110614
evt_inv_001095_0,cust_b2b_017,inv_001095,2026-05-19T02:24:38.104639+00:00,7993838,SEND_REMINDER,0.8500000000000001,0,8.489752510325726,0.27402135231316727,0.5630211959400544,0.0,1.0,0.9297878197879466,0.3680959252341392,40.0,213.6157035946933
evt_inv_002104_1,cust_b2b_037,inv_002104,2026-05-19T02:29:19.768476+00:00,2927722,SEND_REMINDER,0.05,0,22.943976879442396,0.28,0.02654453364521609,1.0,1.0,0.9298715709539207,0.367884304546535,39.0,209.31737014263732
evt_inv_000299_1,cust_b2b_021,inv_000299,2026-05-19T02:40:50.308250+00:00,12579423,WRITE_OFF,0.05,0,18.305848778770876,0.3238434163701068,0.9314349322029941,1.0,1.0,0.930076695291781,0.36736540511474336,24.0,211.11722822107652
evt_inv_005419_0,cust_b2b_014,inv_005419,2026-05-19T02:41:39.232135+00:00,9886380,SEND_REMINDER,0.8500000000000001,0,9.7755806729137,0.23107569721115537,-0.1682018433362224,0.0,1.0,0.9300912171126541,0.3673286373942301,42.0,215.35116221166257
evt_inv_004914_1,cust_b2b_016,inv_004914,2026-05-19T02:48:21.398643+00:00,8606838,OFFER_PAYMENT_PLAN,0.8500000000000001,0,18.04031802055572,0.23843416370106763,-0.3347838622738012,1.0,1.0,0.930210535009255,0.36702637583393877,24.0,204.8051795090515
evt_inv_006141_1,cust_b2b_031,inv_006141,2026-05-19T02:52:56.964935+00:00,13682427,OFFER_PAYMENT_PLAN,0.8500000000000001,1,23.06265890101119,0.2851985559566787,-0.01619789921300701,1.0,1.0,0.9302922354540757,0.36681924248035114,40.0,210.4587458163343
evt_inv_000413_0,cust_b2b_024,inv_000413,2026-05-19T03:00:24.630505+00:00,5530483,SEND_REMINDER,0.8500000000000001,0,3.801159278197671,0.13442622950819672,0.5403860839050476,0.0,1.0,0.9304248619088091,0.3664827094720478,48.0,207.34323913071808
evt_inv_003138_1,cust_b2b_006,inv_003138,2026-05-19T03:17:23.432912+00:00,4247457,WRITE_OFF,0.05,0,23.96768293149648,0.2983050847457627,-0.5874505079564183,1.0,1.0,0.9307262408821769,0.3657166451411966,42.0,212.2655528269977
evt_inv_001468_0,cust_b2b_026,inv_001468,2026-05-19T03:21:09.124744+00:00,4892097,SEND_REMINDER,0.8500000000000001,0,8.536052270463033,0.2687074829931973,0.06400265741354884,0.0,1.0,0.9307929190093238,0.3655469079640837,35.0,201.27624091398647
evt_inv_001446_0,cust_b2b_001,inv_001446,2026-05-19T03:23:40.257417+00:00,5911209,SEND_REMINDER,0.8500000000000001,0,3.7302723362798806,0.04411764705882353,-0.3625038430685001,0.0,1.0,0.930837552162241,0.3654332380676495,43.0,202.02556322626188
evt_inv_002009_0,cust_b2b_016,inv_002009,2026-05-19T03:25:38.896075+00:00,10776228,SEND_REMINDER,0.8500000000000001,0,3.2457636859546595,0.2375886524822695,0.21096797092902347,0.0,1.0,0.930872579316982,0.365344003749547,25.0,204.8310764700759
evt_inv_000436_0,cust_b2b_030,inv_000436,2026-05-19T03:28:18.439800+00:00,2474099,SEND_REMINDER,0.8500000000000001,0,4.595315172763137,0.3026315789473684,0.10632135641293243,0.0,1.0,0.9309196698920921,0.36522399730576083,42.0,216.99142693612066
evt_inv_008460_1,cust_b2b_021,inv_008460,2026-05-19T03:32:05.155270+00:00,6736905,OFFER_PAYMENT_PLAN,0.8500000000000001,1,16.73415005680831,0.32269503546099293,-0.6622964943317637,1.0,1.0,0.9309865601188455,0.36505345482282353,24.0,211.1528167282495
evt_inv_004162_0,cust_b2b_008,inv_004162,2026-05-19T03:43:10.018524+00:00,9063167,SEND_REMINDER,0.8500000000000001,0,4.835253150073897,0.23809523809523808,0.3076781384370809,0.0,1.0,0.931182541485006,0.3645532532203287,41.0,201.32370806000299
evt_inv_008680_0,cust_b2b_025,inv_008680,2026-05-19T03:57:51.654830+00:00,8935646,SEND_REMINDER,0.8500000000000001,0,3.2926416746384795,0.20057306590257878,-0.2972417539611799,0.0,1.0,0.9314420064433053,0.36388980287014033,39.0,210.28368888258174
evt_inv_003782_0,cust_b2b_033,inv_003782,2026-05-19T04:09:37.860234+00:00,4285576,SEND_REMINDER,0.8500000000000001,0,7.943166933333964,0.13310580204778158,-0.043227409535304184,0.0,1.0,0.9316495012477476,0.36335823483832463,47.0,198.321727900959
evt_inv_005958_0,cust_b2b_036,inv_005958,2026-05-19T04:11:13.879255+00:00,3702450,SEND_REMINDER,0.8500000000000001,0,4.758743511195302,0.2764505119453925,-0.02536952478519608,0.0,1.0,0.9316776897952322,0.36328595119797724,34.0,213.62832553078064
evt_inv_007583_1,cust_b2b_036,inv_007583,2026-05-19T04:34:58.231791+00:00,2719073,OFFER_PAYMENT_PLAN,0.8500000000000001,0,20.058426284664904,0.2755102040816326,-0.6826356634200373,1.0,1.0,0.9320951818462841,0.3622134342883247,35.0,213.64481109254928
evt_inv_007621_0,cust_b2b_011,inv_007621,2026-05-19T04:35:03.721753+00:00,1459352,SEND_REMINDER,0.8500000000000001,0,2.863509444382884,0.34962406015037595,-0.26848557458332745,0.0,1.0,0.9320967886210131,0.36220929949739616,36.0,211.98798354187068
evt_inv_007439_0,cust_b2b_017,inv_007439,2026-05-19T05:17:14.186884+00:00,5626690,SEND_REMINDER,0.8500000000000001,0,1.8013931261208636,0.2730496453900709,-0.34400571698861265,0.0,1.0,0.9328354394671386,0.3603027100566277,41.0,213.73556565771537
evt_inv_000918_0,cust_b2b_008,inv_000918,2026-05-19T05:24:23.280174+00:00,6173792,SEND_REMINDER,0.8500000000000001,0,6.608007907622237,0.23722627737226276,-0.5874213305921931,0.0,1.0,0.9329603065283677,0.35997925835038624,42.0,201.3940004402009
evt_inv_003737_0,cust_b2b_022,inv_003737,2026-05-19T05:32:57.435861+00:00,1831625,SEND_REMINDER,0.8500000000000001,1,9.493324292051241,0.17793594306049823,-0.0697174739767619,0.0,1.0,0.9331097792202627,0.35959162938465716,50.0,205.78119456088157
evt_inv_001164_0,cust_b2b_031,inv_001164,2026-05-19T05:57:32.639347+00:00,17999030,SEND_REMINDER,0.8500000000000001,0,8.62674287455232,0.28776978417266186,0.7674047756274054,0.0,1.0,0.9335377487322396,0.3584791091429762,41.0,210.58693649239103
evt_inv_003474_0,cust_b2b_028,inv_003474,2026-05-19T06:03:14.469043+00:00,6119448,SEND_REMINDER,0.8500000000000001,1,1.1817390272422563,0.33584905660377357,0.47482763169006414,0.0,1.0,0.9336367272697474,0.3582212465684235,27.0,199.0500612333284
evt_inv_005651_1,cust_b2b_027,inv_005651,2026-05-19T06:03:24.205869+00:00,2555978,SEND_REMINDER,0.05,0,18.61655077019643,0.15202702702702703,-0.20272640743947176,1.0,1.0,0.9336395455744261,0.3582139010976251,40.0,202.33414151913442
evt_inv_002751_1,cust_b2b_006,inv_002751,2026-05-19T06:23:12.819359+00:00,4984405,ESCALATE_COLLECTIONS,0.05,0,17.552680414051967,0.2972972972972973,-0.25561671483856974,1.0,1.0,0.9339831531494954,0.35731704358024435,42.0,212.3945966516234
evt_inv_002807_1,cust_b2b_001,inv_002807,2026-05-19T06:45:36.146049+00:00,6611069,OFFER_PAYMENT_PLAN,0.8500000000000001,0,20.548486036789175,0.04395604395604396,-0.10943398557171805,1.0,1.0,0.9343704485846399,0.3563030519259394,44.0,202.16579341875868
evt_inv_001541_0,cust_b2b_015,inv_001541,2026-05-19T06:52:14.219365+00:00,9201224,SEND_REMINDER,0.8500000000000001,0,7.867420170566369,0.15384615384615385,-0.1091644018504889,0.0,1.0,0.9344850059495541,0.35600249108041626,37.0,210.41327680031648
evt_inv_003792_0,cust_b2b_011,inv_003792,2026-05-19T07:03:24.716129+00:00,1229249,SEND_REMINDER,0.8500000000000001,1,1.9523908629132083,0.34831460674157305,-0.6203386598373399,0.0,1.0,0.9346777426395737,0.35549615667991535,37.0,212.0910043101105
evt_inv_001563_0,cust_b2b_000,inv_001563,2026-05-19T07:13:04.748289+00:00,5207054,SEND_REMINDER,0.8500000000000001,1,8.75725031504529,0.3333333333333333,0.1560390276440888,0.0,1.0,0.9348442536358889,0.3550580536249782,40.0,208.94888635544885
evt_inv_008747_1,cust_b2b_005,inv_008747,2026-05-19T07:14:06.763296+00:00,4966152,OFFER_PAYMENT_PLAN,0.8500000000000001,1,16.562720756958942,0.22,-0.90285595983675,1.0,1.0,0.9348620442578249,0.3550112085640122,45.0,209.64122487934856
evt_inv_001042_1,cust_b2b_011,inv_001042,2026-05-19T07:40:06.143658+00:00,1212329,OFFER_PAYMENT_PLAN,0.8500000000000001,1,16.69392950653019,0.35074626865671643,-0.6462120199387569,1.0,1.0,0.9353086214372163,0.3538329869659048,38.0,212.11648379539733
evt_inv_005625_1,cust_b2b_034,inv_005625,2026-05-19T07:50:04.267186+00:00,5151585,OFFER_PAYMENT_PLAN,0.8500000000000001,1,21.609663546783526,0.46153846153846156,-0.023764678373109766,1.0,1.0,0.9354795187777186,0.3533809133886661,39.0,199.24979256721576
evt_inv_003199_0,cust_b2b_035,inv_003199,2026-05-19T07:55:25.047867+00:00,6880534,SEND_REMINDER,0.8500000000000001,0,2.4432048087427223,0.3489208633093525,0.7514789357745895,0.0,1.0,0.9355710830149222,0.35313842700318754,34.0,216.14117648311708
evt_inv_003631_1,cust_b2b_006,inv_003631,2026-05-19T08:05:03.630764+00:00,7332771,OFFER_PAYMENT_PLAN,0.8500000000000001,0,24.04480947602797,0.2962962962962963,0.8018078277444529,1.0,1.0,0.9357360758689577,0.3527010012990668,42.0,212.4653236354699
evt_inv_002461_0,cust_b2b_025,inv_002461,2026-05-19T08:09:44.942120+00:00,10857344,SEND_REMINDER,0.8500000000000001,0,4.079505155549056,0.2,0.17648306523400134,0.0,1.0,0.9358162227448406,0.35248829377382035,39.0,210.4586111891749
evt_inv_002046_0,cust_b2b_020,inv_002046,2026-05-19T08:12:50.042561+00:00,6641109,SEND_REMINDER,0.8500000000000001,0,5.68612136810165,0.3253424657534247,0.5965669319173573,0.0,1.0,0.9358689323221863,0.35234832412561734,37.0,200.53466967243153
evt_inv_006167_0,cust_b2b_028,inv_006167,2026-05-19T08:13:54.513677+00:00,4495175,SEND_REMINDER,0.8500000000000001,0,6.366998402126738,0.3383458646616541,-0.3147751697776571,0.0,1.0,0.9358872863323131,0.35229957036808734,28.0,199.1408024906701
evt_inv_005841_0,cust_b2b_023,inv_005841,2026-05-19T08:19:36.937071+00:00,3687725,SEND_REMINDER,0.8500000000000001,1,7.48047980613585,0.4084507042253521,1.5951153773593494,0.0,1.0,0.9359847268349815,0.352040610060324,42.0,202.63999971652376
evt_inv_000266_0,cust_b2b_009,inv_000266,2026-05-19T08:20:06.210374+00:00,6524461,SEND_REMINDER,0.8500000000000001,0,7.496807215701099,0.1551155115511551,0.280617050363771,0.0,1.0,0.9359930535642166,0.3520184706510917,42.0,207.2477520492749
evt_inv_007213_0,cust_b2b_002,inv_007213,2026-05-19T08:22:25.433349+00:00,4121538,SEND_REMINDER,0.8500000000000001,0,7.433132374370866,0.13454545454545455,0.21020773694514353,0.0,1.0,0.936032648078551,0.35191317356850327,42.0,211.92450019029866
evt_inv_000456_1,cust_b2b_028,inv_000456,2026-05-19T08:38:27.689230+00:00,5402878,OFFER_PAYMENT_PLAN,0.8500000000000001,0,22.33098966898644,0.33707865168539325,0.12648376652263926,1.0,1.0,0.9363059862965316,0.35118527877073535,29.0,199.15785313364321
evt_inv_008520_1,cust_b2b_010,inv_008520,2026-05-19T08:39:58.485297+00:00,4774032,OFFER_PAYMENT_PLAN,0.8500000000000001,0,21.25769159977923,0.12982456140350876,1.5901704529281324,1.0,1.0,0.9363317485875113,0.35111658546279684,31.0,209.03463055565524
evt_inv_006719_0,cust_b2b_032,inv_006719,2026-05-19T08:52:56.244035+00:00,6875192,SEND_REMINDER,0.8500000000000001,0,4.966322381951834,0.10198300283286119,0.11736016548236505,0.0,1.0,0.9365522217656417,0.3505280814797017,41.0,217.3050318461915
evt_inv_000999_1,cust_b2b_021,inv_000999,2026-05-19T08:59:02.990641+00:00,8987354,OFFER_PAYMENT_PLAN,0.8500000000000001,0,23.15115302395223,0.3250883392226148,-0.048415414238161376,1.0,1.0,0.9366560559998935,0.35025052856309047,25.0,211.3798750080081
evt_inv_004296_0,cust_b2b_018,inv_004296,2026-05-19T09:14:04.465383+00:00,2292109,SEND_REMINDER,0.8500000000000001,1,9.783722227455744,0.6265560165975104,0.3153198361728184,0.0,1.0,0.936910934229305,0.3495681640561262,35.0,202.81009562294085
evt_inv_005177_1,cust_b2b_006,inv_005177,2026-05-19T09:16:04.080254+00:00,4395661,WRITE_OFF,0.05,0,21.660196601037487,0.2953020134228188,-0.5207171183186333,1.0,1.0,0.9369447161556418,0.3494776085359746,43.0,212.5146343934565
evt_inv_007235_0,cust_b2b_008,inv_007235,2026-05-19T09:17:33.801146+00:00,11308361,SEND_REMINDER,0.8500000000000001,0,1.7527136625764452,0.23636363636363636,1.003216646229982,0.0,1.0,0.9369700496061765,0.34940968238015274,42.0,201.5559277662685
evt_inv_005297_0,cust_b2b_014,inv_005297,2026-05-19T09:37:03.829071+00:00,9347710,SEND_REMINDER,0.8500000000000001,1,9.277526978762085,0.23015873015873015,-0.29525248107622587,0.0,1.0,0.9372999659687767,0.34852370621656426,43.0,215.63964134286502
evt_inv_000726_1,cust_b2b_003,inv_000726,2026-05-19T09:47:59.264590+00:00,5389839,OFFER_PAYMENT_PLAN,0.8500000000000001,0,17.59719271852936,0.15845070422535212,0.31219472006751986,1.0,1.0,0.9374844150519568,0.34802725688470215,35.0,204.3366414330982
evt_inv_007514_0,cust_b2b_012,inv_007514,2026-05-19T09:58:06.884322+00:00,4027846,SEND_REMINDER,0.8500000000000001,0,3.7464035803621334,0.46853146853146854,0.12377773725060846,0.0,1.0,0.9376551732043766,0.34756693767254454,32.0,212.36970733734347
evt_inv_002332_0,cust_b2b_038,inv_002332,2026-05-19T09:58:22.334253+00:00,4746404,SEND_REMINDER,0.8500000000000001,0,6.7933915888946546,0.2830188679245283,0.2514212745374309,0.0,1.0,0.9376595121208006,0.3475552320558305,37.0,212.41756735779617
evt_inv_002045_1,cust_b2b_030,inv_002045,2026-05-19T10:29:24.706457+00:00,3061242,OFFER_PAYMENT_PLAN,0.8500000000000001,0,16.55462357952923,0.3016393442622951,0.7248421864715923,1.0,1.0,0.938181464979213,0.3461438122651593,43.0,217.28386057798764
evt_inv_001153_0,cust_b2b_034,inv_001153,2026-05-19T10:42:47.909351+00:00,6144566,SEND_REMINDER,0.8500000000000001,1,7.104920045489309,0.4637096774193548,0.4535358061994682,0.0,1.0,0.9384059168765885,0.34553485377167004,39.0,199.36974212930622
evt_inv_005222_0,cust_b2b_014,inv_005222,2026-05-19T10:56:06.292316+00:00,10028876,SEND_REMINDER,0.8500000000000001,0,1.2357782209490504,0.233201581027668,-0.13459270010772317,0.0,1.0,0.938628630149579,0.3449294053332144,44.0,215.69453096375355
evt_inv_007755_0,cust_b2b_010,inv_007755,2026-05-19T11:07:01.562346+00:00,4834029,SEND_REMINDER,0.8500000000000001,1,8.028247575208418,0.12937062937062938,1.6415734296294313,0.0,1.0,0.9388111294230737,0.3444323783725522,32.0,209.13674950297607
evt_inv_006254_0,cust_b2b_011,inv_006254,2026-05-19T11:14:35.240251+00:00,1643599,SEND_REMINDER,0.8500000000000001,0,4.636300579062014,0.35315985130111527,0.013249331416995797,0.0,1.0,0.938937329082257,0.3440882038894641,38.0,212.2654316726374
evt_inv_006269_0,cust_b2b_004,inv_006269,2026-05-19T11:30:51.045816+00:00,3469485,SEND_REMINDER,0.8500000000000001,0,5.98948575926104,0.16549295774647887,0.2647879437492766,0.0,1.0,0.9392083414991639,0.34334777013749485,24.0,213.78906167614855
evt_inv_000829_0,cust_b2b_033,inv_000829,2026-05-19T11:36:51.591545+00:00,2998964,SEND_REMINDER,0.8500000000000001,0,7.9488837762422975,0.1326530612244898,-0.7807973747231219,0.0,1.0,0.9393083288619594,0.3430741367846797,45.0,198.63230349483956
evt_inv_006895_0,cust_b2b_004,inv_006895,2026-05-19T12:23:01.854520+00:00,3028685,SEND_REMINDER,0.8500000000000001,0,4.3964725080791105,0.1649122807017544,-0.08648056060114209,0.0,1.0,0.9400739243540088,0.34097069778743927,25.0,213.82529788799798
evt_inv_002976_1,cust_b2b_029,inv_002976,2026-05-19T12:27:48.857168+00:00,6434310,OFFER_PAYMENT_PLAN,0.8500000000000001,0,20.948470841666776,0.23863636363636365,0.37340969344428093,1.0,1.0,0.9401529717765086,0.34075268107499823,40.0,213.58442081287845
evt_inv_002188_0,cust_b2b_003,inv_002188,2026-05-19T12:27:49.695897+00:00,5666452,SEND_REMINDER,0.8500000000000001,1,5.760226614607104,0.15789473684210525,0.4565194104732989,0.0,1.0,0.9401532027086479,0.3407520439214885,36.0,204.44764179544822
evt_inv_008311_0,cust_b2b_013,inv_008311,2026-05-19T12:34:25.392259+00:00,2429778,SEND_REMINDER,0.8500000000000001,0,4.483813329037618,0.19344262295081968,0.016090206502584678,0.0,1.0,0.94026210387604,0.34045142974380777,38.0,213.22122839062126
evt_inv_005865_0,cust_b2b_016,inv_005865,2026-05-19T12:37:44.976691+00:00,10725047,SEND_REMINDER,0.8500000000000001,0,6.745588089867562,0.23674911660777384,0.1980924291728951,0.0,1.0,0.9403169958328366,0.340299790402388,26.0,205.2144801809021
evt_inv_002144_1,cust_b2b_033,inv_002144,2026-05-19T12:50:31.146974+00:00,2792470,OFFER_PAYMENT_PLAN,0.8500000000000001,0,20.249871710021452,0.13220338983050847,-0.899173238647236,1.0,1.0,0.9405274894597471,0.3397175909053657,45.0,198.6834557567478
evt_inv_004909_0,cust_b2b_015,inv_004909,2026-05-19T13:04:48.758112+00:00,9719779,SEND_REMINDER,0.8500000000000001,1,1.9619303544603939,0.15331010452961671,0.025576291063045695,0.0,1.0,0.9407626774969288,0.3390657526628274,38.0,210.6720098876599
evt_inv_007642_1,cust_b2b_025,inv_007642,2026-05-19T13:38:09.324764+00:00,10153582,OFFER_PAYMENT_PLAN,0.8500000000000001,0,20.10807422475062,0.19943019943019943,0.0029960958914789096,1.0,1.0,0.9413095490792027,0.3375445641871722,40.0,210.68667117348545
evt_inv_006754_1,cust_b2b_009,inv_006754,2026-05-19T14:02:22.025123+00:00,6335294,OFFER_PAYMENT_PLAN,0.8500000000000001,0,18.12922270267162,0.15460526315789475,0.19999707235133013,1.0,1.0,0.941705115377958,0.3364394086176393,42.0,207.48543509036062
evt_inv_007516_1,cust_b2b_005,inv_007516,2026-05-19T14:06:17.332434+00:00,8195743,OFFER_PAYMENT_PLAN,0.8500000000000001,0,24.83883668913583,0.22259136212624583,0.1358000396575015,1.0,1.0,0.9417690668160708,0.3362603526858127,45.0,209.92745831844744
evt_inv_007573_0,cust_b2b_012,inv_007573,2026-05-19T14:12:12.305720+00:00,3931200,SEND_REMINDER,0.8500000000000001,1,7.044653978583104,0.46689895470383275,0.06082214466957989,0.0,1.0,0.9418654764586388,0.33599021452319294,33.0,212.5461589738948
evt_inv_000230_0,cust_b2b_035,inv_000230,2026-05-19T14:16:28.626971+00:00,7274215,ESCALATE_COLLECTIONS,0.05,0,6.550374301698458,0.34767025089605735,0.9375172925774315,0.0,1.0,0.9419350443379119,0.33579513434255714,33.0,216.40580124127504
evt_inv_005721_0,cust_b2b_025,inv_005721,2026-05-19T14:33:01.501635+00:00,7893839,SEND_REMINDER,0.8500000000000001,0,9.034442534432594,0.19886363636363635,-0.5540612941862294,0.0,1.0,0.9422041379872663,0.3350393444950493,41.0,210.72477507245162
evt_inv_003391_0,cust_b2b_002,inv_003391,2026-05-19T14:58:17.549536+00:00,4033591,SEND_REMINDER,0.8500000000000001,0,8.608337311754976,0.13405797101449277,0.1523764925192123,0.0,1.0,0.9426138545590961,0.33388489213087097,41.0,212.19940894246665
evt_inv_002430_0,cust_b2b_039,inv_002430,2026-05-19T15:00:15.809796+00:00,10623007,WRITE_OFF,0.05,0,9.954683179751678,0.42424242424242425,-0.059011541223165806,0.0,1.0,0.9426457552896756,0.33379481726707044,22.0,202.52098109576323
evt_inv_002069_0,cust_b2b_022,inv_002069,2026-05-19T15:06:29.619686+00:00,1975254,SEND_REMINDER,0.8500000000000001,0,7.385959933348304,0.18085106382978725,0.12085568760307915,0.0,1.0,0.9427465339830152,0.33351007880274247,51.0,206.17948372552442
evt_inv_002412_0,cust_b2b_010,inv_002412,2026-05-19T15:13:05.169348+00:00,2369958,SEND_REMINDER,0.8500000000000001,0,1.3720438689223027,0.13240418118466898,-0.4695292908336565,0.0,1.0,0.9428530800347138,0.333208747587835,33.0,209.3076245840211
evt_inv_000354_1,cust_b2b_015,inv_000354,2026-05-19T15:33:29.448618+00:00,9270830,OFFER_PAYMENT_PLAN,0.8500000000000001,0,16.693409951884107,0.15625,-0.09107788651534798,1.0,1.0,0.9431822439158358,0.33227587147111476,39.0,210.7752586203716
evt_inv_000347_0,cust_b2b_030,inv_000347,2026-05-19T15:37:00.722990+00:00,2771041,SEND_REMINDER,0.8500000000000001,1,1.2553535744345594,0.3006535947712418,0.4191328846582329,0.0,1.0,0.9432389544844273,0.332114851735246,44.0,217.4974718804509
evt_inv_006648_0,cust_b2b_025,inv_006648,2026-05-19T15:42:37.634613+00:00,8671669,SEND_REMINDER,0.8500000000000001,0,2.3179587628531,0.19830028328611898,-0.36231556385213703,0.0,1.0,0.9433293319124536,0.33185805934707063,42.0,210.7731099448787
evt_inv_004269_0,cust_b2b_013,inv_004269,2026-05-19T15:45:11.236891+00:00,1970082,SEND_REMINDER,0.8500000000000001,0,6.634283422321332,0.19281045751633988,-0.45993576453806134,0.0,1.0,0.9433705129253395,0.33174097627966,39.0,213.35370344423484
evt_inv_001060_0,cust_b2b_039,inv_001060,2026-05-19T15:55:01.193103+00:00,10298603,SEND_REMINDER,0.8500000000000001,0,3.6744888211615274,0.4224137931034483,-0.13355404953270222,0.0,1.0,0.9435285460167713,0.3312912356997653,21.0,202.55900636552042
evt_inv_008762_0,cust_b2b_038,inv_008762,2026-05-19T15:57:13.204669+00:00,4605855,SEND_REMINDER,0.8500000000000001,0,9.973510559332698,0.2819548872180451,0.16994695008652203,0.0,1.0,0.94356387894024,0.33119058917675814,38.0,212.6667672468799
evt_inv_002596_0,cust_b2b_015,inv_002596,2026-05-19T16:14:31.073217+00:00,7623641,SEND_REMINDER,0.8500000000000001,0,1.4317408563384597,0.15570934256055363,-0.5190818141857828,0.0,1.0,0.9438412906426985,0.33039917989899,40.0,210.80374964581742
evt_inv_007580_0,cust_b2b_038,inv_007580,2026-05-19T16:22:16.936650+00:00,3431660,SEND_REMINDER,0.8500000000000001,0,4.810483658345023,0.2808988764044944,-0.5107166812157052,0.0,1.0,0.9439655953633116,0.33004386794847246,38.0,212.68417155220868
evt_inv_005533_1,cust_b2b_001,inv_005533,2026-05-19T16:58:15.538585+00:00,6950162,ESCALATE_COLLECTIONS,0.05,0,24.136041732572288,0.043795620437956206,0.013182400365431493,1.0,1.0,0.9445398215675139,0.3283969023502034,45.0,202.5912493508828
evt_inv_008613_0,cust_b2b_008,inv_008613,2026-05-19T17:10:16.576619+00:00,8912481,SEND_REMINDER,0.8500000000000001,0,7.4474413131043615,0.23550724637681159,0.260997090167288,0.0,1.0,0.9447309902671932,0.32784654341439756,43.0,201.8842006305412
evt_inv_003147_1,cust_b2b_003,inv_003147,2026-05-19T17:30:24.186827+00:00,5751224,OFFER_PAYMENT_PLAN,0.8500000000000001,0,20.963792403712254,0.16083916083916083,0.5007502668501534,1.0,1.0,0.9450504454386576,0.32692454110420466,36.0,204.6577632182515
evt_inv_001739_1,cust_b2b_004,inv_001739,2026-05-19T17:46:54.920313+00:00,3681443,OFFER_PAYMENT_PLAN,0.8500000000000001,1,19.191138833723397,0.16433566433566432,0.43369415423758134,1.0,1.0,0.9453118572080259,0.3261678902373941,26.0,214.05021763096957
evt_inv_006060_0,cust_b2b_032,inv_006060,2026-05-19T17:49:56.205236+00:00,5936214,SEND_REMINDER,0.8500000000000001,0,2.8364701636343668,0.1016949152542373,-0.24010508319673163,0.0,1.0,0.9453596249054539,0.32602941523522005,41.0,217.67794806378984
evt_inv_002853_1,cust_b2b_016,inv_002853,2026-05-19T18:21:26.279512+00:00,10092843,OFFER_PAYMENT_PLAN,0.8500000000000001,0,17.47053890177103,0.23591549295774647,0.039049219528421976,1.0,1.0,0.9458564418870475,0.32458526051066183,27.0,205.4531526672562
evt_inv_001544_0,cust_b2b_016,inv_001544,2026-05-19T18:23:21.198941+00:00,8005532,SEND_REMINDER,0.8500000000000001,0,6.861239420936151,0.23508771929824562,-0.4860541024419224,0.0,1.0,0.9458865779910984,0.32449742922909225,28.0,205.4544827532369
evt_inv_001477_0,cust_b2b_000,inv_001477,2026-05-19T18:55:09.660484+00:00,5410796,SEND_REMINDER,0.8500000000000001,0,4.075772213449938,0.33574007220216606,0.2599649819994028,0.0,1.0,0.946385854267695,0.32303841078423656,39.0,209.43644320956128
evt_inv_004416_0,cust_b2b_007,inv_004416,2026-05-19T19:11:10.193832+00:00,3638036,SEND_REMINDER,0.8500000000000001,1,9.151344259473875,0.28343949044585987,-0.3757647639079616,0.0,1.0,0.9466362899211068,0.32230379241393076,47.0,216.60073323578914
evt_inv_001920_0,cust_b2b_001,inv_001920,2026-05-19T19:16:02.995684+00:00,6976456,SEND_REMINDER,0.8500000000000001,0,3.870966734853319,0.04363636363636364,0.022690020229380308,0.0,1.0,0.9467125174651065,0.32207981817381903,44.0,202.68693751175167
evt_inv_008296_1,cust_b2b_000,inv_008296,2026-05-19T19:18:09.015839+00:00,4950068,OFFER_PAYMENT_PLAN,0.8500000000000001,1,20.306322316487893,0.3345323741007194,0.02495445563801778,1.0,1.0,0.9467453090297318,0.32198341545830866,40.0,209.4524079706133
evt_inv_003067_1,cust_b2b_002,inv_003067,2026-05-19T19:28:37.119223+00:00,2728775,OFFER_PAYMENT_PLAN,0.8500000000000001,0,21.62782740207895,0.13357400722021662,-0.7056337416939861,1.0,1.0,0.9469086007129431,0.3215028800739675,41.0,212.3871354434757
evt_inv_000629_0,cust_b2b_023,inv_000629,2026-05-19T19:50:13.041716+00:00,2008989,SEND_REMINDER,0.8500000000000001,1,9.673868839013146,0.4105263157894737,-0.26907357207965243,0.0,1.0,0.9472447384065675,0.32051116292739845,43.0,203.1195842610222
evt_inv_005770_0,cust_b2b_027,inv_005770,2026-05-19T19:51:13.293214+00:00,3300467,SEND_REMINDER,0.8500000000000001,0,2.8948120884990107,0.15151515151515152,0.4664084510366927,0.0,1.0,0.9472603412365739,0.32046504633168593,41.0,202.90901521524745
evt_inv_007589_0,cust_b2b_031,inv_007589,2026-05-19T20:06:28.381668+00:00,15483686,SEND_REMINDER,0.8500000000000001,0,9.822682859360947,0.2867383512544803,0.31078866355164536,0.0,1.0,0.9474970380756378,0.31976454280906974,40.0,211.1764705470338
evt_inv_003384_1,cust_b2b_004,inv_003384,2026-05-19T20:14:25.992536+00:00,3021296,OFFER_PAYMENT_PLAN,0.8500000000000001,0,21.692394284795856,0.1672473867595819,-0.09236864130026076,1.0,1.0,0.9476203711984046,0.3193988605017212,27.0,214.15266059651844
evt_inv_007976_0,cust_b2b_015,inv_007976,2026-05-19T20:24:57.156217+00:00,10437920,SEND_REMINDER,0.8500000000000001,0,7.900522908395822,0.15517241379310345,0.2121774617236119,0.0,1.0,0.9477831396644915,0.3189155376705862,40.0,210.97766264350378
evt_inv_000041_0,cust_b2b_020,inv_000041,2026-05-19T20:25:38.694266+00:00,4735490,SEND_REMINDER,0.8500000000000001,0,6.385480474857604,0.3242320819112628,-0.2919708930272788,0.0,1.0,0.9477938431131856,0.3188837263905735,36.0,201.0435661042005
evt_inv_007405_0,cust_b2b_011,inv_007405,2026-05-19T20:29:40.073189+00:00,1667717,SEND_REMINDER,0.8500000000000001,0,2.166683475823794,0.35185185185185186,0.05012867228133023,0.0,1.0,0.9478560200634955,0.3186988629245333,38.0,212.65090427608501
evt_inv_005317_0,cust_b2b_031,inv_005317,2026-05-19T20:38:09.651550+00:00,12387185,SEND_REMINDER,0.8500000000000001,0,2.4752344503308272,0.2857142857142857,-0.25132610217819595,0.0,1.0,0.9479871642652539,0.3183085553175135,41.0,211.19847598548054
evt_inv_008060_1,cust_b2b_000,inv_008060,2026-05-19T20:44:33.416911+00:00,4506362,OFFER_PAYMENT_PLAN,0.8500000000000001,0,20.25683307146513,0.33691756272401435,-0.20137312886397934,1.0,1.0,0.9480858233560667,0.3180145775766403,41.0,209.5124126126525
evt_inv_008266_0,cust_b2b_008,inv_008266,2026-05-19T21:00:28.397935+00:00,9091507,SEND_REMINDER,0.8500000000000001,0,4.386922901581002,0.23465703971119134,0.31645752832453655,0.0,1.0,0.9483309358861111,0.31728289591683434,44.0,202.0440596735566
evt_inv_005519_1,cust_b2b_012,inv_005519,2026-05-19T21:46:31.183952+00:00,5627937,ESCALATE_COLLECTIONS,0.05,0,17.514243537839548,0.46875,1.1660925640413995,1.0,1.0,0.9490368727198815,0.31516505868840783,34.0,212.86165524972571
evt_inv_004701_1,cust_b2b_015,inv_004701,2026-05-19T21:49:22.665198+00:00,7604843,ESCALATE_COLLECTIONS,0.05,0,23.476978335084517,0.15463917525773196,-0.5239663106353312,1.0,1.0,0.9490805331184339,0.31503355639618663,40.0,211.03629121967512
evt_inv_001099_0,cust_b2b_002,inv_001099,2026-05-19T22:07:19.269654+00:00,2893415,SEND_REMINDER,0.8500000000000001,0,3.664592340561093,0.13309352517985612,-0.5973710208638714,0.0,1.0,0.9493542282600463,0.3142078122592941,42.0,212.49734551790667
evt_inv_000139_0,cust_b2b_035,inv_000139,2026-05-19T22:26:00.993828+00:00,4581498,SEND_REMINDER,0.8500000000000001,0,2.1210946966600552,0.3464285714285714,-0.334958220066647,0.0,1.0,0.9496386295347984,0.3133472088518899,32.0,216.7457591910082
evt_inv_003880_1,cust_b2b_002,inv_003880,2026-05-19T22:31:31.763036+00:00,3756741,OFFER_PAYMENT_PLAN,0.8500000000000001,0,21.254424203195715,0.13261648745519714,-0.02967253923266505,1.0,1.0,0.9497223436307503,0.3130933886375039,43.0,212.5141567839014
evt_inv_008376_0,cust_b2b_036,inv_008376,2026-05-19T22:32:34.391379+00:00,3654871,SEND_REMINDER,0.8500000000000001,0,4.491780601516402,0.2745762711864407,-0.057170573559619985,0.0,1.0,0.9497381865460417,0.313045327414795,35.0,214.39314627296085
evt_inv_003343_1,cust_b2b_023,inv_003343,2026-05-19T22:40:37.817614+00:00,2348901,OFFER_PAYMENT_PLAN,0.8500000000000001,1,19.163699521948754,0.4125874125874126,0.10838889349916869,1.0,1.0,0.9498603956701613,0.3126743173612513,43.0,203.2379265746531
evt_inv_008093_0,cust_b2b_030,inv_008093,2026-05-19T22:42:40.367403+00:00,2016398,SEND_REMINDER,0.8500000000000001,0,5.064304549051293,0.30293159609120524,-0.3758400368087268,0.0,1.0,0.949891352969653,0.3125802577794735,42.0,217.79306961671014
evt_inv_003971_0,cust_b2b_027,inv_003971,2026-05-19T22:59:34.928610+00:00,2166208,SEND_REMINDER,0.8500000000000001,0,9.685432525625687,0.15100671140939598,-0.5530457543062578,0.0,1.0,0.9501472834806611,0.3118014427393178,40.0,203.03982118048597
evt_inv_002197_0,cust_b2b_017,inv_002197,2026-05-19T23:13:09.366693+00:00,7229644,SEND_REMINDER,0.8500000000000001,0,9.995644462246908,0.27208480565371024,0.27020259607816915,0.0,1.0,0.9503522694326975,0.3111760980283055,40.0,214.48273209068702
evt_inv_000688_0,cust_b2b_025,inv_000688,2026-05-19T23:17:10.978738+00:00,9923705,SEND_REMINDER,0.8500000000000001,0,2.579447832735531,0.1977401129943503,-0.05367163596477234,0.0,1.0,0.9504130016217027,0.3109905566868957,42.0,211.0887736500309
evt_inv_001203_0,cust_b2b_003,inv_001203,2026-05-19T23:37:44.439035+00:00,4368058,OFFER_PAYMENT_PLAN,0.05,1,7.826955467428677,0.1602787456445993,-0.22092856456983323,0.0,1.0,0.950722482635445,0.3100431599172864,36.0,204.91285872991594
evt_inv_004608_0,cust_b2b_011,inv_004608,2026-05-20T00:00:46.070526+00:00,2106816,SEND_REMINDER,0.8500000000000001,0,6.764962906806441,0.3505535055350554,0.7215606416364886,0.0,1.0,0.951068019113863,0.308981590096939,39.0,212.7975014674884
evt_inv_000633_1,cust_b2b_037,inv_000633,2026-05-20T00:37:37.867606+00:00,2528991,OFFER_PAYMENT_PLAN,0.8500000000000001,0,20.71607036744408,0.27898550724637683,-0.31754956873877255,1.0,1.0,0.9516187064370937,0.3072813654600496,37.0,210.2398018455358
evt_inv_004461_0,cust_b2b_001,inv_004461,2026-05-20T00:45:53.485992+00:00,5897818,SEND_REMINDER,0.8500000000000001,0,1.8076513437350905,0.043478260869565216,-0.3673460231119414,0.0,1.0,0.9517416873873409,0.3069002451760132,44.0,202.91599411254276
evt_inv_000949_0,cust_b2b_005,inv_000949,2026-05-20T00:49:02.128823+00:00,9027524,SEND_REMINDER,0.8500000000000001,0,9.529924699963214,0.22185430463576158,0.403305813110846,0.0,1.0,0.9517884564319027,0.30675516980643713,45.0,210.37381012850946
evt_inv_004064_0,cust_b2b_035,inv_004064,2026-05-20T01:00:12.761454+00:00,6266761,SEND_REMINDER,0.8500000000000001,0,9.725140070039298,0.34519572953736655,0.46143293619377995,0.0,1.0,0.9519545431539121,0.3062393635191702,32.0,216.8528398348185
evt_inv_000418_0,cust_b2b_023,inv_000418,2026-05-20T01:09:08.292567+00:00,1936655,SEND_REMINDER,0.8500000000000001,1,9.148464915516815,0.4146341463414634,-0.3493981500048257,0.0,1.0,0.9520869703350268,0.30582740380526724,44.0,203.34105707179228
evt_inv_005732_0,cust_b2b_027,inv_005732,2026-05-20T01:18:25.356105+00:00,1944017,SEND_REMINDER,0.8500000000000001,0,2.1381679830725804,0.1505016722408027,-0.7527472981974244,0.0,1.0,0.9522245329238237,0.3053988194116112,41.0,203.13623816538475
evt_inv_003763_0,cust_b2b_023,inv_003763,2026-05-20T01:20:34.088326+00:00,2197987,SEND_REMINDER,0.8500000000000001,0,3.539743939987245,0.4166666666666667,-0.059196948532081385,0.0,1.0,0.9522562949207375,0.30529976872547654,45.0,203.34899452271642
evt_inv_001109_0,cust_b2b_011,inv_001109,2026-05-20T01:31:40.448418+00:00,1458024,SEND_REMINDER,0.8500000000000001,0,4.327175940088944,0.3492647058823529,-0.2705170890935045,0.0,1.0,0.9524205406986885,0.3047869971885574,40.0,212.86063084122944
evt_inv_000974_0,cust_b2b_019,inv_000974,2026-05-20T01:31:49.626729+00:00,3415004,SEND_REMINDER,0.8500000000000001,0,9.874065495817996,0.3257328990228013,0.0062113369162787885,0.0,1.0,0.9524228010596286,0.30477993375832835,54.0,212.00200162376936
evt_inv_003271_0,cust_b2b_006,inv_003271,2026-05-20T01:37:44.453001+00:00,4215295,SEND_REMINDER,0.8500000000000001,0,1.3930391705616998,0.29431438127090304,-0.6019326666571793,0.0,1.0,0.9525101446728608,0.30450685426651064,42.0,213.19635167062862
evt_inv_000621_0,cust_b2b_026,inv_000621,2026-05-20T01:47:01.255251+00:00,4096317,SEND_REMINDER,0.8500000000000001,0,2.0689458173465938,0.2677966101694915,-0.3530744562379145,0.0,1.0,0.9526470486137504,0.30407828065731796,35.0,202.2108720541164
evt_inv_003706_0,cust_b2b_011,inv_003706,2026-05-20T02:02:35.490566+00:00,2328004,SEND_REMINDER,0.8500000000000001,0,8.964834432137565,0.34798534798534797,1.0597808526894879,0.0,1.0,0.9528763208169674,0.3033590566083692,41.0,212.8821012364667
evt_inv_006145_1,cust_b2b_011,inv_006145,2026-05-20T02:07:58.506984+00:00,1873456,OFFER_PAYMENT_PLAN,0.8500000000000001,1,23.29215306743106,0.3467153284671533,0.3647261931804608,1.0,1.0,0.9529554664780071,0.3031103411460651,42.0,212.88583985240953
evt_inv_008753_0,cust_b2b_024,inv_008753,2026-05-20T02:11:28.993484+00:00,5019401,SEND_REMINDER,0.8500000000000001,1,7.250325860187142,0.13398692810457516,0.25941833605006376,0.0,1.0,0.9530070050626364,0.3029482601064812,46.0,208.3092618503732
evt_inv_006498_1,cust_b2b_009,inv_006498,2026-05-20T02:20:28.944348+00:00,5289163,OFFER_PAYMENT_PLAN,0.8500000000000001,0,24.6834389996599,0.1540983606557377,-0.24584642481796748,1.0,1.0,0.9531390884426925,0.30253244137221585,43.0,207.99801517398157
evt_inv_002921_0,cust_b2b_034,inv_002921,2026-05-20T02:46:16.395350+00:00,3966784,SEND_REMINDER,0.8500000000000001,0,7.1821474150367,0.46586345381526106,-0.5932679971221322,0.0,1.0,0.9535166224680468,0.30134042323778637,38.0,200.03882182836978
evt_inv_004753_0,cust_b2b_028,inv_004753,2026-05-20T02:52:08.853208+00:00,6351750,SEND_REMINDER,0.8500000000000001,1,3.705383441514735,0.3358208955223881,0.587755571717403,0.0,1.0,0.953602403738468,0.3010688552212196,27.0,199.91735734635645
evt_inv_008415_0,cust_b2b_038,inv_008415,2026-05-20T02:58:04.987311+00:00,3795985,WRITE_OFF,0.05,0,2.6086018086187934,0.2798507462686567,-0.29952283314292844,0.0,1.0,0.9536890011754162,0.3007944298637142,36.0,213.12569991634692
evt_inv_006317_0,cust_b2b_012,inv_006317,2026-05-20T03:15:49.423362+00:00,4034082,ESCALATE_COLLECTIONS,0.05,0,3.567485270382089,0.4671280276816609,0.12784046769919663,0.0,1.0,0.9539473582566776,0.29997406167051494,33.0,213.09033857622535
evt_inv_007248_0,cust_b2b_005,inv_007248,2026-05-20T03:24:58.740864+00:00,10580217,SEND_REMINDER,0.8500000000000001,0,9.70770338203293,0.22112211221122113,0.9026611431101399,0.0,1.0,0.9540804110897552,0.29955061204211186,46.0,210.48210424935942
evt_inv_002298_0,cust_b2b_001,inv_002298,2026-05-20T03:41:16.827094+00:00,6463796,WRITE_OFF,0.05,0,5.938499920992033,0.04332129963898917,-0.1626879080233259,0.0,1.0,0.9543168527404422,0.2987964935797896,44.0,203.03779204196906
evt_inv_002240_0,cust_b2b_031,inv_002240,2026-05-20T04:27:14.368221+00:00,13948574,WRITE_OFF,0.05,0,8.759942696222542,0.2846975088967972,0.03211627545284391,0.0,1.0,0.9549802484838121,0.29666938670141946,41.0,211.52422502102885
evt_inv_006364_1,cust_b2b_037,inv_006364,2026-05-20T04:31:51.969871+00:00,3381773,OFFER_PAYMENT_PLAN,0.8500000000000001,0,18.03613641478406,0.2779783393501805,0.41837786021686113,1.0,1.0,0.9550467699128431,0.2964551690880846,38.0,210.40246506619243
evt_inv_006529_0,cust_b2b_034,inv_006529,2026-05-20T05:00:28.356960+00:00,4777680,SEND_REMINDER,0.8500000000000001,0,4.332585831696161,0.464,-0.20349096362480823,0.0,1.0,0.955456999012348,0.2951303492328738,39.0,200.13201582848862
evt_inv_005101_0,cust_b2b_029,inv_005101,2026-05-20T05:06:13.961978+00:00,5913010,SEND_REMINDER,0.8500000000000001,1,9.695143119813606,0.23773584905660378,0.14060982053215046,0.0,1.0,0.9555393788936308,0.29486351992671833,39.0,214.27776693337145
evt_inv_002746_0,cust_b2b_035,inv_002746,2026-05-20T05:18:00.651522+00:00,6829274,SEND_REMINDER,0.8500000000000001,0,6.501827163395495,0.34397163120567376,0.7272553291861266,0.0,1.0,0.9557075964404977,0.29431783857919086,33.0,217.03186634023737
evt_inv_003317_0,cust_b2b_021,inv_003317,2026-05-20T05:19:48.076573+00:00,11842924,SEND_REMINDER,0.8500000000000001,1,2.633558315679146,0.323943661971831,0.7305316098988539,0.0,1.0,0.9557331401849041,0.29423488024417227,23.0,212.22761905814514
evt_inv_005117_0,cust_b2b_017,inv_005117,2026-05-20T05:23:27.980211+00:00,7677159,SEND_REMINDER,0.8500000000000001,0,5.536079726888192,0.2711267605633803,0.4416783192451961,0.0,1.0,0.9557854068555158,0.29406505409864014,40.0,214.73989196936887
evt_inv_002321_0,cust_b2b_006,inv_002321,2026-05-20T05:48:12.995560+00:00,7660597,SEND_REMINDER,0.8500000000000001,1,4.523564169659455,0.29333333333333333,0.949421649148182,0.0,1.0,0.9561375750714849,0.29291797066144765,42.0,213.37029313542646
evt_inv_003589_1,cust_b2b_032,inv_003589,2026-05-20T05:51:35.033845+00:00,5606613,ESCALATE_COLLECTIONS,0.05,0,21.319057445948424,0.10140845070422536,-0.3655829178093275,1.0,1.0,0.956185381640388,0.2927618758261148,41.0,218.17909191343645
evt_inv_002425_0,cust_b2b_037,inv_002425,2026-05-20T06:03:21.085402+00:00,2990419,SEND_REMINDER,0.8500000000000001,0,8.083144989595553,0.27697841726618705,0.08065005792557763,0.0,1.0,0.956352248358882,0.29221631894695976,39.0,210.4659964959483
evt_inv_005682_0,cust_b2b_038,inv_005682,2026-05-20T06:03:58.540362+00:00,4355527,SEND_REMINDER,0.8500000000000001,0,9.002034096134112,0.2788104089219331,0.024835600623618313,0.0,1.0,0.9563610916905979,0.29218737532680605,35.0,213.25479196554747
evt_inv_003431_0,cust_b2b_031,inv_003431,2026-05-20T06:11:06.447177+00:00,8636630,SEND_REMINDER,0.8500000000000001,0,6.87377789550619,0.28368794326241137,-0.9321728936065666,0.0,1.0,0.9564620607805062,0.2918566879266383,41.0,211.59635556450075
evt_inv_005830_0,cust_b2b_029,inv_005830,2026-05-20T06:11:10.107873+00:00,5998816,SEND_REMINDER,0.8500000000000001,0,8.565720147914442,0.24060150375939848,0.17892844655020715,0.0,1.0,0.9564629240666725,0.29185385878180625,40.0,214.32286121455488
evt_inv_001594_1,cust_b2b_000,inv_001594,2026-05-20T06:14:23.837784+00:00,3926057,OFFER_PAYMENT_PLAN,0.8500000000000001,0,23.921994059129087,0.3357142857142857,-0.49737811029817247,1.0,1.0,0.9565085986214301,0.2917041322355033,41.0,209.90813507646263
evt_inv_004770_0,cust_b2b_034,inv_004770,2026-05-20T06:53:16.183507+00:00,6603788,SEND_REMINDER,0.8500000000000001,0,3.2451056929699043,0.46215139442231074,0.6742723602320472,0.0,1.0,0.95705664195378,0.2899009901538007,40.0,200.21034715426046
evt_inv_004589_0,cust_b2b_019,inv_004589,2026-05-20T07:10:47.062037+00:00,3173585,SEND_REMINDER,0.8500000000000001,0,3.856047633783307,0.3246753246753247,-0.17096189737244555,0.0,1.0,0.9573024616253569,0.2890882165810846,52.0,212.23738860650863
evt_inv_006204_0,cust_b2b_004,inv_006204,2026-05-20T07:23:47.962321+00:00,4112840,SEND_REMINDER,0.8500000000000001,0,9.815851277909605,0.16666666666666666,0.7774687268568234,0.0,1.0,0.957484681438166,0.28848411535343477,28.0,214.61749820976183
evt_inv_006285_0,cust_b2b_029,inv_006285,2026-05-20T07:26:31.016246+00:00,8557750,WRITE_OFF,0.05,0,2.124255829697126,0.2397003745318352,1.3216877916078063,0.0,1.0,0.9575226812821398,0.2883579630082403,40.0,214.37518654295414
evt_inv_002739_0,cust_b2b_012,inv_002739,2026-05-20T07:30:29.121838+00:00,3468511,WRITE_OFF,0.05,1,4.846450455654627,0.46551724137931033,-0.24057857710747893,0.0,1.0,0.957578142117532,0.28817373533813867,33.0,213.2671869382193
evt_inv_001585_0,cust_b2b_008,inv_001585,2026-05-20T07:32:21.970032+00:00,7309418,SEND_REMINDER,0.8500000000000001,1,3.5103882948982403,0.23381294964028776,-0.23561554227755085,0.0,1.0,0.9576044149455997,0.28808641841762633,43.0,202.4828741654102
evt_inv_007946_0,cust_b2b_002,inv_007946,2026-05-20T07:35:55.093932+00:00,4033314,SEND_REMINDER,0.8500000000000001,0,7.057369576562261,0.13214285714285715,0.15219435424652855,0.0,1.0,0.957654011811754,0.28792150607561945,43.0,212.89220459519774
evt_inv_005396_1,cust_b2b_033,inv_005396,2026-05-20T07:42:29.373186+00:00,3721641,OFFER_PAYMENT_PLAN,0.8500000000000001,0,21.872654556795517,0.13175675675675674,-0.36651187287971476,1.0,1.0,0.9577456911521781,0.28761639570691494,45.0,199.46954633791293
evt_inv_003998_0,cust_b2b_008,inv_003998,2026-05-20T08:08:35.513523+00:00,8338388,SEND_REMINDER,0.8500000000000001,0,7.837327669178031,0.23655913978494625,0.08314881726448349,0.0,1.0,0.9581088961358644,0.2864041604888371,44.0,202.50803091878228
evt_inv_002274_0,cust_b2b_037,inv_002274,2026-05-20T09:07:50.360470+00:00,2463958,SEND_REMINDER,0.8500000000000001,0,6.131975510203534,0.27598566308243727,-0.37367121746009563,0.0,1.0,0.9589276090519305,0.28365091326831265,39.0,210.59411310553665
evt_inv_008148_0,cust_b2b_008,inv_008148,2026-05-20T09:10:25.575336+00:00,7312668,SEND_REMINDER,0.8500000000000001,0,4.77831823194902,0.2357142857142857,-0.23460897553563603,0.0,1.0,0.9589631761995555,0.2835306450690299,45.0,202.55097144903047
evt_inv_002260_0,cust_b2b_025,inv_002260,2026-05-20T09:16:53.984285+00:00,11270120,SEND_REMINDER,0.8500000000000001,0,6.470047072860508,0.19718309859154928,0.278238037763769,0.0,1.0,0.9590521131598579,0.2832296669553014,42.0,211.5052436216383
evt_inv_006111_0,cust_b2b_026,inv_006111,2026-05-20T09:19:39.591908+00:00,5288861,SEND_REMINDER,0.8500000000000001,0,4.0775282352915,0.2668918918918919,0.27195087438114307,0.0,1.0,0.9590900048762567,0.28310132911461544,36.0,202.52520465431306
evt_inv_001024_0,cust_b2b_037,inv_001024,2026-05-20T09:45:17.093592+00:00,2454682,SEND_REMINDER,0.8500000000000001,0,9.09094780777205,0.275,-0.38167585367237844,0.0,1.0,0.9594409717473976,0.28190959851060304,40.0,210.62011696110903
evt_inv_004981_0,cust_b2b_026,inv_004981,2026-05-20T10:19:05.232631+00:00,3814555,SEND_REMINDER,0.8500000000000001,0,9.431886556426845,0.265993265993266,-0.5007492771754256,0.0,1.0,0.959901671741376,0.28033690550498624,37.0,202.56647364416435
evt_inv_005252_0,cust_b2b_003,inv_005252,2026-05-20T10:23:45.111360+00:00,3687128,SEND_REMINDER,0.8500000000000001,1,6.674389400984038,0.16319444444444445,-0.5762094646055983,0.0,1.0,0.9599650449357338,0.2801198181163457,37.0,205.36147762256473
evt_inv_001248_0,cust_b2b_010,inv_001248,2026-05-20T10:37:38.654651+00:00,2877604,SEND_REMINDER,0.8500000000000001,0,3.5700840708956942,0.13194444444444445,-0.034601079841790276,0.0,1.0,0.9601534940422232,0.2794731970663922,33.0,210.1163454787318
evt_inv_008099_0,cust_b2b_035,inv_008099,2026-05-20T11:00:46.147871+00:00,5046049,SEND_REMINDER,0.8500000000000001,0,8.14936210101048,0.34275618374558303,-0.11542927957369448,0.0,1.0,0.9604662152687619,0.27839656845460653,34.0,217.2698929183576
evt_inv_006491_0,cust_b2b_024,inv_006491,2026-05-20T11:10:57.888737+00:00,4714319,SEND_REMINDER,0.8500000000000001,0,1.40896567023968,0.13680781758957655,0.0916995111618591,0.0,1.0,0.9606037095084241,0.2779217754668663,44.0,208.68390184173714
evt_inv_007319_0,cust_b2b_005,inv_007319,2026-05-20T11:12:53.272325+00:00,8425679,SEND_REMINDER,0.8500000000000001,0,1.2904841800101314,0.22039473684210525,0.20974878223195204,0.0,1.0,0.9606296166948817,0.27783221470636693,46.0,210.8070409560842
evt_inv_004716_0,cust_b2b_014,inv_004716,2026-05-20T11:16:20.832716+00:00,10935380,SEND_REMINDER,0.8500000000000001,0,7.102586709392272,0.23228346456692914,0.0792149612420485,0.0,1.0,0.960676199405554,0.2776711002169655,45.0,216.70858814431844
evt_inv_001077_0,cust_b2b_020,inv_001077,2026-05-20T11:24:27.564666+00:00,4446541,ESCALATE_COLLECTIONS,0.05,0,2.288834505181545,0.3231292517006803,-0.4267000416845324,0.0,1.0,0.9607853305149427,0.27729325391594395,36.0,201.66774284494377
evt_inv_004292_1,cust_b2b_035,inv_004292,2026-05-20T11:44:54.862548+00:00,5379139,OFFER_PAYMENT_PLAN,0.8500000000000001,0,21.05301658545687,0.3415492957746479,0.04197658037920298,1.0,1.0,0.9610598455030535,0.27634032163556416,35.0,217.30054933822157
evt_inv_003528_0,cust_b2b_026,inv_003528,2026-05-20T12:09:21.600779+00:00,4021848,ESCALATE_COLLECTIONS,0.05,0,6.720879502893711,0.2651006711409396,-0.3921045967341772,0.0,1.0,0.9613866773994691,0.2752011201263706,38.0,202.6430519792032
evt_inv_001823_0,cust_b2b_027,inv_001823,2026-05-20T12:51:56.118708+00:00,2990567,SEND_REMINDER,0.8500000000000001,1,2.689321297593107,0.15,0.18787526628679738,0.0,1.0,0.9619526740171197,0.27321612864418005,42.0,203.61784421402783
evt_inv_003875_0,cust_b2b_021,inv_003875,2026-05-20T13:01:24.212949+00:00,8700460,SEND_REMINDER,0.8500000000000001,0,9.650131907732284,0.3263157894736842,-0.12667486437665068,0.0,1.0,0.9620779879119986,0.27277453175690775,23.0,212.54817619212517
evt_inv_002545_1,cust_b2b_009,inv_002545,2026-05-20T13:04:59.778444+00:00,5868719,OFFER_PAYMENT_PLAN,0.8500000000000001,0,20.31613761081448,0.15359477124183007,0.0011507647519173247,1.0,1.0,0.9621254856859615,0.2726069511101152,41.0,208.44559427230942
evt_inv_004816_1,cust_b2b_037,inv_004816,2026-05-20T13:11:31.495252+00:00,2945186,OFFER_PAYMENT_PLAN,0.8500000000000001,0,22.913850024847726,0.27402135231316727,0.0416153618008773,1.0,1.0,0.9622117219830204,0.27230240924103244,41.0,210.76333920254868
evt_inv_001938_0,cust_b2b_031,inv_001938,2026-05-20T13:12:46.159166+00:00,12412559,SEND_REMINDER,0.8500000000000001,0,2.3534804423121907,0.2826855123674912,-0.2467199625084283,0.0,1.0,0.9622281482756504,0.27224435837315875,41.0,211.88917630511173
evt_inv_006057_0,cust_b2b_020,inv_006057,2026-05-20T13:41:49.880124+00:00,5790971,SEND_REMINDER,0.8500000000000001,0,2.672073773692653,0.3220338983050847,0.20017072593806692,0.0,1.0,0.9626107761727407,0.27088834156551256,36.0,201.7631400145946
evt_inv_008607_0,cust_b2b_018,inv_008607,2026-05-20T14:16:39.179460+00:00,1965883,SEND_REMINDER,0.8500000000000001,1,6.610129414505759,0.628099173553719,-0.08537171848723026,0.0,1.0,0.9630667183293186,0.26926287535862964,34.0,204.02021962846604
evt_inv_000134_0,cust_b2b_010,inv_000134,2026-05-20T14:23:10.768114+00:00,2991758,ESCALATE_COLLECTIONS,0.05,0,3.4622403083010154,0.1314878892733564,0.06320082838928205,0.0,1.0,0.9631518682743596,0.2689581354776438,34.0,210.27296716233286
evt_inv_003715_0,cust_b2b_019,inv_003715,2026-05-20T14:35:54.940186+00:00,3951354,WRITE_OFF,0.05,0,8.330295056319894,0.32362459546925565,0.3998293188236791,0.0,1.0,0.9633177578199741,0.26836336834355334,52.0,212.5465075665637
evt_inv_000145_0,cust_b2b_038,inv_000145,2026-05-20T14:38:10.596881+00:00,5209483,WRITE_OFF,0.05,0,8.046701001421543,0.2777777777777778,0.5198609892734349,0.0,1.0,0.9633471683351348,0.26825777390539396,36.0,213.6118759530303
evt_inv_001467_0,cust_b2b_018,inv_001467,2026-05-20T15:01:14.044403+00:00,1564442,SEND_REMINDER,0.8500000000000001,1,7.913828369282586,0.6296296296296297,-0.5784484589300023,0.0,1.0,0.9636464402400565,0.2671807220079083,34.0,204.05117871345578
evt_inv_001402_0,cust_b2b_004,inv_001402,2026-05-20T15:09:13.300354+00:00,3215481,SEND_REMINDER,0.8500000000000001,0,3.6821794106963917,0.16608996539792387,0.06237492287857942,0.0,1.0,0.963749833646285,0.26680753015377595,29.0,214.94070814070838
evt_inv_000878_0,cust_b2b_004,inv_000878,2026-05-20T15:14:11.700244+00:00,4048825,SEND_REMINDER,0.8500000000000001,1,4.168102295593577,0.16551724137931034,0.7264561598812057,0.0,1.0,0.9638141366395963,0.2665751489049001,30.0,214.94416184313778
evt_inv_004688_0,cust_b2b_000,inv_004688,2026-05-20T15:21:29.917170+00:00,4506481,SEND_REMINDER,0.8500000000000001,0,4.804983846330696,0.33451957295373663,-0.20131246177372816,0.0,1.0,0.9639084676157876,0.26623385595859916,39.0,210.28806655083176
evt_inv_008515_0,cust_b2b_009,inv_008515,2026-05-20T15:32:36.332229+00:00,3697665,SEND_REMINDER,0.8500000000000001,1,9.897305604037758,0.15309446254071662,-0.9241165755959642,0.0,1.0,0.9640516890860532,0.2657147733384952,41.0,208.54810068185688
evt_inv_002771_0,cust_b2b_018,inv_002771,2026-05-20T15:32:44.429569+00:00,1971793,SEND_REMINDER,0.8500000000000001,0,7.841870591710628,0.6311475409836066,-0.07811355384121563,0.0,1.0,0.9640534275935889,0.2657084657007616,35.0,204.07305817139616
evt_inv_008421_1,cust_b2b_000,inv_008421,2026-05-20T15:59:31.194435+00:00,4062372,OFFER_PAYMENT_PLAN,0.8500000000000001,1,19.54428291767335,0.3333333333333333,-0.42784557311350596,1.0,1.0,0.9643975850023191,0.2644566089960595,40.0,210.31447022288748
evt_inv_007864_0,cust_b2b_029,inv_007864,2026-05-20T16:09:20.307908+00:00,3747044,ESCALATE_COLLECTIONS,0.05,0,1.784067037666812,0.23880597014925373,-0.8266593671149799,0.0,1.0,0.9645233616081321,0.2639975092915622,37.0,214.73825704829974
evt_inv_007333_0,cust_b2b_037,inv_007333,2026-05-20T16:17:09.416255+00:00,3753771,ESCALATE_COLLECTIONS,0.05,0,2.6725538426995397,0.2730496453900709,0.7394018653728066,0.0,1.0,0.9646233606343868,0.2636318875220174,42.0,210.89225032527193
evt_inv_003633_0,cust_b2b_000,inv_003633,2026-05-20T16:55:17.719492+00:00,4707306,SEND_REMINDER,0.8500000000000001,0,7.2356148800250395,0.33568904593639576,-0.09887470456362232,0.0,1.0,0.9651091671018256,0.26184784814090145,41.0,210.35320315178728
evt_inv_000045_0,cust_b2b_029,inv_000045,2026-05-20T17:18:34.842145+00:00,5809943,SEND_REMINDER,0.8500000000000001,0,1.4511892154633785,0.2379182156133829,0.09458223741752933,0.0,1.0,0.965404153915043,0.2607581630622136,37.0,214.7863419353054
evt_inv_000474_0,cust_b2b_033,inv_000474,2026-05-20T17:23:49.993786+00:00,4072383,SEND_REMINDER,0.8500000000000001,0,9.093589164725568,0.13131313131313133,-0.16544354314525955,0.0,1.0,0.9654705246038539,0.26051231472074265,45.0,199.8732572244835
evt_inv_002268_0,cust_b2b_037,inv_002268,2026-05-20T17:32:17.716028+00:00,6114474,SEND_REMINDER,0.8500000000000001,0,4.752572721535401,0.27208480565371024,2.776625003308344,0.0,1.0,0.965577318829931,0.2601162074173807,42.0,210.94442972078863
evt_inv_006637_0,cust_b2b_001,inv_006637,2026-05-20T17:44:13.256343+00:00,5804434,SEND_REMINDER,0.8500000000000001,0,1.074952102526878,0.04316546762589928,-0.40111374163579344,0.0,1.0,0.9657275495725608,0.25955789334284785,44.0,203.62316738049813
evt_inv_006329_0,cust_b2b_024,inv_006329,2026-05-20T17:45:12.265482+00:00,5039683,SEND_REMINDER,0.8500000000000001,0,6.167532945022749,0.13636363636363635,0.2705683727054381,0.0,1.0,0.9657399243844308,0.25951184645397957,43.0,208.95767935035153
evt_inv_006567_0,cust_b2b_027,inv_006567,2026-05-20T17:48:41.607913+00:00,3399678,WRITE_OFF,0.05,0,6.108021875166592,0.15282392026578073,0.5555783155138408,0.0,1.0,0.9657838078940615,0.2593484844946015,43.0,203.8239262650069
evt_inv_002694_0,cust_b2b_034,inv_002694,2026-05-20T17:53:44.685411+00:00,5480694,WRITE_OFF,0.05,0,7.402191277092197,0.4603174603174603,0.1344295211402516,0.0,1.0,0.9658472916986882,0.25911196251487306,39.0,200.6690103707388
evt_inv_002655_1,cust_b2b_029,inv_002655,2026-05-20T18:10:51.892594+00:00,4859496,OFFER_PAYMENT_PLAN,0.8500000000000001,1,16.863770593222963,0.23703703703703705,-0.32986477446319706,1.0,1.0,0.9660620236801463,0.25831021350891376,38.0,214.82265038957522
evt_inv_008322_0,cust_b2b_016,inv_008322,2026-05-20T18:28:46.042856+00:00,8374630,SEND_REMINDER,0.8500000000000001,0,9.19037328935633,0.23426573426573427,-0.39320040139603496,0.0,1.0,0.9662858570021579,0.25747163447184895,27.0,206.45824252077182
evt_inv_004955_1,cust_b2b_031,inv_004955,2026-05-20T18:51:47.650043+00:00,10482267,OFFER_PAYMENT_PLAN,0.8500000000000001,0,24.714619021842488,0.28169014084507044,-0.5971301530530034,1.0,1.0,0.9665726884470954,0.25639274160583075,42.0,212.12461022730068
evt_inv_007680_1,cust_b2b_001,inv_007680,2026-05-20T18:54:00.336549+00:00,6587333,OFFER_PAYMENT_PLAN,0.8500000000000001,0,17.155664081610492,0.043010752688172046,-0.11801687725180497,1.0,1.0,0.9666001717119378,0.2562891102767582,45.0,203.67162895694818
evt_inv_003929_1,cust_b2b_006,inv_003929,2026-05-20T18:57:58.618245+00:00,4317634,WRITE_OFF,0.05,0,24.199855532119155,0.2956810631229236,-0.5558509601412137,1.0,1.0,0.9666494989431654,0.25610299918768475,41.0,213.91873784243066
evt_inv_003574_0,cust_b2b_009,inv_003574,2026-05-20T18:58:33.532321+00:00,5101918,SEND_REMINDER,0.8500000000000001,0,8.775516686299593,0.15584415584415584,-0.32564724855925403,0.0,1.0,0.9666567235748305,0.25607572857960176,40.0,208.69112383107435
evt_inv_005296_0,cust_b2b_010,inv_005296,2026-05-20T19:24:40.818571+00:00,2405019,ESCALATE_COLLECTIONS,0.05,0,1.6112437892002411,0.1310344827586207,-0.43949028332058776,0.0,1.0,0.9669802434152215,0.25485134656234215,34.0,210.48234274631605
evt_inv_002035_1,cust_b2b_015,inv_002035,2026-05-20T19:39:19.059339+00:00,7421950,OFFER_PAYMENT_PLAN,0.8500000000000001,1,19.96456931379173,0.1541095890410959,-0.5714887759772498,1.0,1.0,0.9671608522650955,0.25416507597593746,38.0,211.945971707425
evt_inv_001934_1,cust_b2b_022,inv_001934,2026-05-20T20:19:32.463972+00:00,1384189,OFFER_PAYMENT_PLAN,0.8500000000000001,0,19.69225962036228,0.18021201413427562,-0.6633959234663328,1.0,1.0,0.9676546567242538,0.25227854708608605,45.0,207.39687775660173
evt_inv_003061_0,cust_b2b_015,inv_003061,2026-05-20T20:32:38.092216+00:00,9488076,SEND_REMINDER,0.8500000000000001,0,2.848370669331209,0.15699658703071673,-0.03462910101250587,0.0,1.0,0.9678146095597311,0.25166422376401704,39.0,211.9829975508975
evt_inv_008387_1,cust_b2b_023,inv_008387,2026-05-20T20:36:13.658511+00:00,2140725,OFFER_PAYMENT_PLAN,0.8500000000000001,0,19.8889338482617,0.41522491349480967,-0.12278505494974123,1.0,1.0,0.9678584303770569,0.25149564359658366,42.0,204.15153584429368
evt_inv_008379_0,cust_b2b_032,inv_008379,2026-05-20T20:39:38.573765+00:00,6500896,SEND_REMINDER,0.8500000000000001,0,6.391652109903179,0.10112359550561797,-0.025132870928483663,0.0,1.0,0.967900058802143,0.25133538583098075,40.0,218.79579955139593
evt_inv_003831_1,cust_b2b_005,inv_003831,2026-05-20T20:55:22.287607+00:00,10820344,OFFER_PAYMENT_PLAN,0.8500000000000001,0,17.94913074977167,0.21967213114754097,0.979887360614112,1.0,1.0,0.9680914312446346,0.2505972480908659,46.0,211.21154344776414
evt_inv_008664_1,cust_b2b_038,inv_008664,2026-05-20T21:03:26.828620+00:00,5649976,OFFER_PAYMENT_PLAN,0.8500000000000001,0,21.149109611473776,0.2767527675276753,0.7752086217106771,1.0,1.0,0.968189470925127,0.2502182015556078,35.0,213.8794249314893
evt_inv_004360_1,cust_b2b_027,inv_004360,2026-05-20T21:05:46.695014+00:00,3361447,OFFER_PAYMENT_PLAN,0.8500000000000001,0,18.598602759161757,0.152317880794702,0.5212168610837472,1.0,1.0,0.9682177432110278,0.25010877979660023,43.0,203.9607906990478
evt_inv_004114_1,cust_b2b_025,inv_004114,2026-05-20T21:06:41.811789+00:00,15822546,OFFER_PAYMENT_PLAN,0.8500000000000001,0,19.463422194841172,0.19662921348314608,1.4004728051991113,1.0,1.0,0.9682288809981814,0.2500656593797108,41.0,211.99815829182526
evt_inv_008532_1,cust_b2b_027,inv_008532,2026-05-20T21:21:32.623935+00:00,2997333,OFFER_PAYMENT_PLAN,0.8500000000000001,0,21.170180939779897,0.15181518151815182,0.1939566325409751,1.0,1.0,0.9684086265524565,0.24936866687453915,44.0,203.97173895044898
evt_inv_000111_1,cust_b2b_024,inv_000111,2026-05-20T21:28:58.839888+00:00,3810901,OFFER_PAYMENT_PLAN,0.8500000000000001,0,19.434928623812255,0.13592233009708737,-0.40495475438816464,1.0,1.0,0.9684984741420315,0.24901948836297266,43.0,209.1130795170864
evt_inv_004147_1,cust_b2b_021,inv_004147,2026-05-20T21:37:10.023153+00:00,9377514,OFFER_PAYMENT_PLAN,0.8500000000000001,1,19.680571969019276,0.32517482517482516,0.05801299158507149,1.0,1.0,0.9685972305277547,0.24863508403675366,24.0,212.9063452917142
evt_inv_004612_0,cust_b2b_026,inv_004612,2026-05-20T21:45:52.409169+00:00,7530995,SEND_REMINDER,0.8500000000000001,1,3.3732998018116938,0.26421404682274247,1.4470786489439598,0.0,1.0,0.9687020930602234,0.24822621719057486,38.0,203.04340855778938
evt_inv_005105_0,cust_b2b_009,inv_005105,2026-05-20T22:04:31.408144+00:00,6813502,SEND_REMINDER,0.8500000000000001,0,9.845609053935057,0.1553398058252427,0.40380156961253233,0.0,1.0,0.9689261374142334,0.2473502379936882,40.0,208.82026591235638
evt_inv_003892_0,cust_b2b_023,inv_003892,2026-05-20T22:41:48.076953+00:00,2138157,SEND_REMINDER,0.8500000000000001,1,1.1047898561559033,0.41379310344827586,-0.12563571282483282,0.0,1.0,0.9693715857788293,0.2455987147454925,43.0,204.23873976145538
evt_inv_007792_0,cust_b2b_015,inv_007792,2026-05-20T22:52:03.338864+00:00,10580335,SEND_REMINDER,0.8500000000000001,0,4.0780878535627645,0.1564625850340136,0.24918231338731361,0.0,1.0,0.9694935643151718,0.2451167655454518,40.0,212.07981753525044
evt_inv_006056_0,cust_b2b_021,inv_006056,2026-05-20T23:11:54.362438+00:00,7142714,SEND_REMINDER,0.8500000000000001,0,8.255678270747136,0.32752613240418116,-0.5515993395500681,0.0,1.0,0.9697290093762361,0.2441836365815363,25.0,212.97213625565868
evt_inv_002214_1,cust_b2b_031,inv_002214,2026-05-20T23:12:39.563770+00:00,12992296,OFFER_PAYMENT_PLAN,0.8500000000000001,0,23.572524803444274,0.2807017543859649,-0.14147889319265564,1.0,1.0,0.9697379272209533,0.24414821832077568,43.0,212.30576663617526
evt_inv_006831_0,cust_b2b_012,inv_006831,2026-05-20T23:20:19.847623+00:00,5355487,SEND_REMINDER,0.8500000000000001,1,5.747864722478434,0.46735395189003437,0.9886160238234474,0.0,1.0,0.9698286637180523,0.24378753666021782,32.0,213.9268018199864
evt_inv_003616_0,cust_b2b_000,inv_003616,2026-05-20T23:27:21.809803+00:00,5250200,SEND_REMINDER,0.8500000000000001,0,5.207275251514348,0.3345070422535211,0.17804759398443104,0.0,1.0,0.9699117279399143,0.24345685450323568,40.0,210.62547271556681
evt_inv_007020_0,cust_b2b_034,inv_007020,2026-05-21T00:12:54.107523+00:00,3094056,ESCALATE_COLLECTIONS,0.05,0,2.1429939812348566,0.45849802371541504,-1.012766424471795,0.0,1.0,0.9704468577601063,0.2413149317044762,35.0,200.93231386740362
evt_inv_008021_0,cust_b2b_021,inv_008021,2026-05-21T00:25:38.492131+00:00,11016451,SEND_REMINDER,0.8500000000000001,0,6.616983540768114,0.3263888888888889,0.50508497365831,0.0,1.0,0.9705957184488475,0.24071549872986076,26.0,213.02334146043927
evt_inv_006367_0,cust_b2b_006,inv_006367,2026-05-21T00:28:50.537473+00:00,4270037,SEND_REMINDER,0.8500000000000001,1,2.580346871824004,0.2947019867549669,-0.5772829999299673,0.0,1.0,0.9706330602754089,0.2405648816855744,41.0,214.14850542608602
evt_inv_004397_0,cust_b2b_035,inv_004397,2026-05-21T00:45:27.981591+00:00,8333649,SEND_REMINDER,0.8500000000000001,0,8.19030184095276,0.34035087719298246,1.4381655480749984,0.0,1.0,0.970826630101099,0.23978251455546934,33.0,217.8425993271545
evt_inv_008411_0,cust_b2b_018,inv_008411,2026-05-21T00:52:43.793115+00:00,2321434,SEND_REMINDER,0.8500000000000001,0,1.158527892082245,0.6285714285714286,0.35133939410482623,0.0,1.0,0.9709110082739963,0.23944062732203944,34.0,204.46193969391462
evt_inv_006186_0,cust_b2b_038,inv_006186,2026-05-21T00:53:01.592085+00:00,3638916,SEND_REMINDER,0.8500000000000001,0,4.413666775610643,0.2757352941176471,-0.3905737776492489,0.0,1.0,0.9709144518023153,0.23942666368098942,35.0,214.03885506418735
evt_inv_000850_0,cust_b2b_007,inv_000850,2026-05-21T02:05:02.977079+00:00,3851882,OFFER_PAYMENT_PLAN,0.05,0,1.2810686093827925,0.2857142857142857,-0.2509004915578743,0.0,1.0,0.9717445558306445,0.23603499362065683,43.0,217.8881497085537
evt_inv_000090_1,cust_b2b_030,inv_000090,2026-05-21T02:10:45.084772+00:00,2116868,OFFER_PAYMENT_PLAN,0.8500000000000001,0,24.620254478637815,0.30194805194805197,-0.27000109057644034,1.0,1.0,0.9718097660484838,0.23576636446446553,36.0,218.93756866033604
evt_inv_000895_1,cust_b2b_025,inv_000895,2026-05-21T02:11:45.315505+00:00,9331655,OFFER_PAYMENT_PLAN,0.8500000000000001,0,24.143034434801812,0.19607843137254902,-0.19962008131809358,1.0,1.0,0.9718212391291984,0.23571906833641904,42.0,212.21000439965417
evt_inv_003394_0,cust_b2b_017,inv_003394,2026-05-21T02:20:11.769503+00:00,8279142,ESCALATE_COLLECTIONS,0.05,1,5.847260976211899,0.27017543859649124,0.6723418433703218,0.0,1.0,0.9719176202134167,0.23532135372440985,39.0,215.61262101209786
evt_inv_002761_1,cust_b2b_024,inv_002761,2026-05-21T02:22:03.528212+00:00,4341816,OFFER_PAYMENT_PLAN,0.8500000000000001,0,21.34850941113231,0.13548387096774195,-0.11308407741770392,1.0,1.0,0.9719388666124762,0.23523358511924972,44.0,209.3166060023224
evt_inv_000510_0,cust_b2b_004,inv_000510,2026-05-21T02:48:15.171912+00:00,3500073,SEND_REMINDER,0.8500000000000001,0,6.122883909215132,0.16838487972508592,0.28916283345067306,0.0,1.0,0.9722368115687112,0.23399910732886645,29.0,215.42614646892036
evt_inv_008175_1,cust_b2b_015,inv_008175,2026-05-21T02:48:16.001986+00:00,10787683,OFFER_PAYMENT_PLAN,0.8500000000000001,0,17.164410239142153,0.15593220338983052,0.303059260713197,1.0,1.0,0.9722369685160543,0.2339984552314666,41.0,212.24385298805427
evt_inv_004243_1,cust_b2b_001,inv_004243,2026-05-21T03:07:42.863982+00:00,4870035,OFFER_PAYMENT_PLAN,0.8500000000000001,0,17.883103849289064,0.04285714285714286,-0.7389928596648948,1.0,1.0,0.972457162040403,0.23308167666362234,45.0,204.0144822837283
evt_inv_006710_0,cust_b2b_020,inv_006710,2026-05-21T04:00:49.419459+00:00,4381352,SEND_REMINDER,0.8500000000000001,0,8.910496162091793,0.32094594594594594,-0.457095995886885,0.0,1.0,0.9730540787683566,0.23057701488280405,36.0,202.3596624605959
evt_inv_007093_0,cust_b2b_014,inv_007093,2026-05-21T04:05:42.486863+00:00,12994866,SEND_REMINDER,0.8500000000000001,0,3.4817604770397903,0.23137254901960785,0.5649644776974577,0.0,1.0,0.9731086533086312,0.23034658420706472,43.0,217.4095332154649
evt_inv_000696_0,cust_b2b_037,inv_000696,2026-05-21T04:10:53.087211+00:00,3797605,SEND_REMINDER,0.8500000000000001,0,4.533071536031045,0.2711267605633803,0.7772295230230464,0.0,1.0,0.9731664332419955,0.2301023537712136,42.0,211.38789466504116
evt_inv_008020_1,cust_b2b_008,inv_008020,2026-05-21T04:14:13.031395+00:00,8252789,OFFER_PAYMENT_PLAN,0.8500000000000001,0,17.30449990294106,0.23487544483985764,0.05663115331249827,1.0,1.0,0.9732035957531812,0.22994512652604465,44.0,203.34527070896786
evt_inv_000295_0,cust_b2b_002,inv_000295,2026-05-21T04:17:14.031752+00:00,4185316,SEND_REMINDER,0.8500000000000001,0,8.68112519792486,0.13167259786476868,0.25214673021532896,0.0,1.0,0.9732372153749306,0.2298027906907376,42.0,213.75422933848162
evt_inv_004752_1,cust_b2b_019,inv_004752,2026-05-21T04:24:34.401245+00:00,3507920,ESCALATE_COLLECTIONS,0.05,0,23.410699966866332,0.3225806451612903,0.07440092235102104,1.0,1.0,0.9733189241638357,0.22945647052230514,47.0,213.12196429178002
evt_inv_006358_0,cust_b2b_033,inv_006358,2026-05-21T04:33:47.765139+00:00,6006067,SEND_REMINDER,0.8500000000000001,0,4.607949790040376,0.13087248322147652,0.9430708063118878,0.0,1.0,0.9734214238840736,0.22902124688225484,44.0,200.3385092077318
evt_inv_003255_0,cust_b2b_031,inv_003255,2026-05-21T04:46:51.862462+00:00,13069724,WRITE_OFF,0.05,0,6.537399057178407,0.27972027972027974,-0.12742324931511662,0.0,1.0,0.9735663291558663,0.22840447179066217,42.0,212.5378534266
evt_inv_000909_0,cust_b2b_010,inv_000909,2026-05-21T04:47:33.615507+00:00,2955499,SEND_REMINDER,0.8500000000000001,0,3.2467793364167137,0.13058419243986255,0.03213559852716367,0.0,1.0,0.9735740343776582,0.22837162605194727,33.0,210.87323159975082
evt_inv_005079_1,cust_b2b_030,inv_005079,2026-05-21T05:03:52.275210+00:00,3176276,OFFER_PAYMENT_PLAN,0.8500000000000001,0,16.234960314974185,0.30097087378640774,0.8460239014333312,1.0,1.0,0.9737543215225474,0.2276016724810329,37.0,219.05779077188402
evt_inv_000579_0,cust_b2b_022,inv_000579,2026-05-21T05:18:02.155291+00:00,2276426,SEND_REMINDER,0.8500000000000001,0,9.362019259684612,0.1795774647887324,0.5204651581960956,0.0,1.0,0.9739103910909381,0.22693291987963302,45.0,207.77083251724707
evt_inv_005961_0,cust_b2b_008,inv_005961,2026-05-21T05:19:12.888006+00:00,8013799,SEND_REMINDER,0.8500000000000001,0,7.799434239076057,0.23404255319148937,-0.01740558751350524,0.0,1.0,0.9739233595440561,0.22687725697922928,45.0,203.3904079382579
evt_inv_003101_0,cust_b2b_024,inv_003101,2026-05-21T05:20:47.204602+00:00,3566815,SEND_REMINDER,0.8500000000000001,0,6.721343618139996,0.13504823151125403,-0.5391411492938694,0.0,1.0,0.9739406470224878,0.22680303366008547,44.0,209.44072262720292
evt_inv_006266_0,cust_b2b_019,inv_006266,2026-05-21T05:51:46.827993+00:00,3386357,SEND_REMINDER,0.8500000000000001,0,7.527408820460122,0.3215434083601286,-0.014811996345718411,0.0,1.0,0.9742803457272396,0.22533931731859477,47.0,213.18252478654813
evt_inv_007128_0,cust_b2b_013,inv_007128,2026-05-21T06:01:59.885711+00:00,1794693,OFFER_PAYMENT_PLAN,0.05,0,3.5629009247981425,0.19218241042345277,-0.641554916759401,0.0,1.0,0.9743918513094578,0.224856665682224,34.0,214.9487109537265
evt_inv_008406_0,cust_b2b_029,inv_008406,2026-05-21T06:07:40.975468+00:00,5164866,SEND_REMINDER,0.8500000000000001,0,4.213032114696892,0.23985239852398524,-0.19349363058767277,0.0,1.0,0.9744537866648925,0.22458810666295825,37.0,215.32044070061093
evt_inv_003294_1,cust_b2b_032,inv_003294,2026-05-21T06:20:20.811753+00:00,6053086,OFFER_PAYMENT_PLAN,0.8500000000000001,1,19.773559285609878,0.10084033613445378,-0.1956123071568831,1.0,1.0,0.9745914922413744,0.2239897838088401,40.0,219.19906619477806
evt_inv_003097_1,cust_b2b_018,inv_003097,2026-05-21T06:51:38.974831+00:00,1881996,OFFER_PAYMENT_PLAN,0.8500000000000001,1,23.45869296671154,0.6260162601626016,-0.18840737674759483,1.0,1.0,0.9749302963982769,0.22251048776353866,35.0,204.7111894822942
evt_inv_008202_1,cust_b2b_009,inv_008202,2026-05-21T06:55:57.523990+00:00,6618567,OFFER_PAYMENT_PLAN,0.8500000000000001,1,20.483205657342868,0.15483870967741936,0.32072355461233315,1.0,1.0,0.974976760593185,0.22230680669565472,40.0,209.18931817909734
evt_inv_005804_0,cust_b2b_010,inv_005804,2026-05-21T07:00:57.916224+00:00,3116908,SEND_REMINDER,0.8500000000000001,0,5.885709460616381,0.13013698630136986,0.17042293675160192,0.0,1.0,0.975030691019585,0.2220701501099837,33.0,210.96587396916013
evt_inv_004475_0,cust_b2b_011,inv_004475,2026-05-21T07:15:50.893358+00:00,1574227,SEND_REMINDER,0.8500000000000001,0,3.2341154405000982,0.3490909090909091,-0.0928290167836846,0.0,1.0,0.9751906709943753,0.22136656297991367,40.0,214.09964062062747
evt_inv_008327_0,cust_b2b_024,inv_008327,2026-05-21T07:17:44.538151+00:00,3245919,SEND_REMINDER,0.8500000000000001,0,1.8635264212350553,0.1346153846153846,-0.7155543092787275,0.0,1.0,0.9752109944394914,0.22127701264328886,45.0,209.52194176550276
evt_inv_000386_1,cust_b2b_034,inv_000386,2026-05-21T07:27:01.978845+00:00,7107237,OFFER_PAYMENT_PLAN,0.8500000000000001,0,16.099977117993888,0.4566929133858268,0.9162673226847475,1.0,1.0,0.9753105641617531,0.22083773100284043,35.0,201.23379385955545
evt_inv_007000_0,cust_b2b_019,inv_007000,2026-05-21T07:30:00.375992+00:00,2685581,WRITE_OFF,0.05,0,3.9677495189652756,0.32051282051282054,-0.5290991729418255,0.0,1.0,0.975342387558603,0.22069713870253016,47.0,213.25073714765188
evt_inv_003382_0,cust_b2b_004,inv_003382,2026-05-21T07:32:11.953511+00:00,2789771,SEND_REMINDER,0.8500000000000001,0,4.6393867966474085,0.1678082191780822,-0.2768680862428092,0.0,1.0,0.975365846044171,0.22059344135884584,30.0,215.6233314411338
evt_inv_006109_0,cust_b2b_015,inv_006109,2026-05-21T07:32:21.609031+00:00,10736001,SEND_REMINDER,0.8500000000000001,0,6.970771896225717,0.1554054054054054,0.2896304433914825,0.0,1.0,0.9753675670580809,0.22058583166468348,41.0,212.44114010663236
evt_inv_006174_0,cust_b2b_024,inv_006174,2026-05-21T07:51:09.703017+00:00,4059888,SEND_REMINDER,0.8500000000000001,0,5.698525154427406,0.134185303514377,-0.268074109993853,0.0,1.0,0.975568231470568,0.21969666757916076,46.0,209.54514969219642
evt_inv_005983_0,cust_b2b_036,inv_005983,2026-05-21T07:51:37.662237+00:00,4181991,SEND_REMINDER,0.8500000000000001,1,8.485233581622854,0.27364864864864863,0.29514442100527233,0.0,1.0,0.9755731945400927,0.21967462779037167,33.0,215.78137857456326
evt_inv_005639_0,cust_b2b_003,inv_005639,2026-05-21T08:00:24.363743+00:00,3353963,SEND_REMINDER,0.8500000000000001,0,5.5252185954510225,0.16608996539792387,-0.7500410143452246,0.0,1.0,0.9756665968150084,0.21925941680899286,34.0,206.26193193255418
evt_inv_004372_0,cust_b2b_027,inv_004372,2026-05-21T08:03:55.203886+00:00,3326501,SEND_REMINDER,0.8500000000000001,0,6.223343462795446,0.1513157894736842,0.4898076939513931,0.0,1.0,0.9757039364890736,0.2190931955121515,45.0,204.4178336258083
evt_inv_002934_0,cust_b2b_027,inv_002934,2026-05-21T08:11:14.481608+00:00,2798229,SEND_REMINDER,0.8500000000000001,0,2.092586796315728,0.15081967213114755,0.015005400281729841,0.0,1.0,0.9757816413689507,0.2187468591027453,46.0,204.42291785870438
evt_inv_000491_0,cust_b2b_004,inv_000491,2026-05-21T08:35:50.405246+00:00,3270772,WRITE_OFF,0.05,0,3.383335492430017,0.16723549488054607,0.1064355765711688,0.0,1.0,0.9760418205248683,0.21758300619878546,31.0,215.66752648435582
evt_inv_000814_0,cust_b2b_020,inv_000814,2026-05-21T08:37:15.110695+00:00,7097958,SEND_REMINDER,0.8500000000000001,1,3.385913441069156,0.31986531986531985,0.8095830693352776,0.0,1.0,0.9760567104758038,0.21751620154635157,37.0,202.55162647954168
evt_inv_005831_0,cust_b2b_025,inv_005831,2026-05-21T08:48:35.174942+00:00,9778980,SEND_REMINDER,0.8500000000000001,0,3.8518758624877303,0.19553072625698323,-0.08934825112477997,0.0,1.0,0.9761760898718671,0.21697981832989083,43.0,212.4855814764703
evt_inv_001179_0,cust_b2b_029,inv_001179,2026-05-21T09:17:45.007400+00:00,4648280,OFFER_PAYMENT_PLAN,0.05,0,3.9216731264361546,0.23897058823529413,-0.4241886136250165,0.0,1.0,0.9764819027673102,0.21559938211398788,38.0,215.45243181093687
evt_inv_005416_0,cust_b2b_024,inv_005416,2026-05-21T09:29:36.701119+00:00,3565696,WRITE_OFF,0.05,0,8.862080975737724,0.1337579617834395,-0.539756360251093,0.0,1.0,0.9766057249049039,0.2150378061713034,47.0,209.61351772578658
evt_inv_002734_1,cust_b2b_025,inv_002734,2026-05-21T09:32:45.157414+00:00,11825287,WRITE_OFF,0.05,0,17.766339585015107,0.19498607242339833,0.41509422292298986,1.0,1.0,0.976638458890308,0.21488908910497112,44.0,212.51625256989269
evt_inv_003725_0,cust_b2b_010,inv_003725,2026-05-21T09:46:51.390914+00:00,2836549,WRITE_OFF,0.05,0,3.4926470849894082,0.1296928327645051,-0.06977571276331572,0.0,1.0,0.9767851665594645,0.2142212370177131,34.0,211.08107622251813
evt_inv_002815_0,cust_b2b_014,inv_002815,2026-05-21T10:01:07.254616+00:00,13466428,SEND_REMINDER,0.8500000000000001,0,3.8919069987246715,0.23046875,0.6761870710250799,0.0,1.0,0.9769330792517847,0.2135456828494221,43.0,217.65634765703976
evt_inv_006176_0,cust_b2b_006,inv_006176,2026-05-21T10:41:25.681014+00:00,5906496,SEND_REMINDER,0.8500000000000001,0,4.3658450224941445,0.297029702970297,0.15958318921738368,0.0,1.0,0.9773485126359824,0.2116362087362011,39.0,214.57391218003406
evt_inv_004512_0,cust_b2b_021,inv_004512,2026-05-21T10:54:21.417317+00:00,11497592,WRITE_OFF,0.05,1,8.743136507783905,0.32525951557093424,0.6363313310487492,0.0,1.0,0.9774809768768447,0.2110235528179009,25.0,213.45994939083764
evt_inv_006463_0,cust_b2b_029,inv_006463,2026-05-21T10:58:37.356445+00:00,6090045,SEND_REMINDER,0.8500000000000001,0,8.153900637030027,0.23809523809523808,0.21966919853172265,0.0,1.0,0.9775245966262257,0.21082140069436672,39.0,215.52248214710838
evt_inv_008267_1,cust_b2b_002,inv_008267,2026-05-21T11:13:26.926453+00:00,3878591,OFFER_PAYMENT_PLAN,0.8500000000000001,0,21.236644971218325,0.13120567375886524,0.05045298051940212,1.0,1.0,0.9776758810031949,0.21011870860212942,43.0,214.04326747159726
evt_inv_003107_0,cust_b2b_023,inv_003107,2026-05-21T11:16:29.874606+00:00,2629526,SEND_REMINDER,0.8500000000000001,0,7.70864938994298,0.41580756013745707,0.42001577407195045,0.0,1.0,0.9777069313876042,0.20997418011897195,41.0,204.76283464169555
evt_inv_003695_0,cust_b2b_008,inv_003695,2026-05-21T11:16:33.009129+00:00,6859871,SEND_REMINDER,0.8500000000000001,0,2.5405586286680606,0.2332155477031802,-0.3748807738284186,0.0,1.0,0.9777074631999243,0.2099717038154635,44.0,203.6385574882968
evt_inv_002466_1,cust_b2b_009,inv_002466,2026-05-21T11:18:13.635367+00:00,5762233,OFFER_PAYMENT_PLAN,0.8500000000000001,0,21.33378787819938,0.15755627009646303,-0.044231747528934856,1.0,1.0,0.9777245324093065,0.2098922073946601,41.0,209.37144909781296
evt_inv_004392_0,cust_b2b_031,inv_004392,2026-05-21T11:47:49.549820+00:00,11829907,SEND_REMINDER,0.8500000000000001,0,1.3524502254063964,0.2787456445993031,-0.3524900710224287,0.0,1.0,0.9780247166455476,0.20848897723955678,41.0,212.83018777101506
evt_inv_008813_0,cust_b2b_037,inv_008813,2026-05-21T12:03:42.273558+00:00,3116001,ESCALATE_COLLECTIONS,0.05,1,5.284375886896147,0.27017543859649124,0.1890244916186055,0.0,1.0,0.9781849263345846,0.2077360100988829,41.0,211.7162417292409
evt_inv_001904_1,cust_b2b_012,inv_001904,2026-05-21T12:05:14.688796+00:00,4577473,SEND_REMINDER,0.05,0,16.625297817691585,0.4691780821917808,0.4818104435152994,1.0,1.0,0.9782004360070913,0.2076629649107818,31.0,214.4579921113482
evt_inv_008777_0,cust_b2b_001,inv_008777,2026-05-21T12:09:26.891603+00:00,5805759,SEND_REMINDER,0.8500000000000001,0,2.077359826456573,0.042704626334519574,-0.40063460623089253,0.0,1.0,0.9782427344209239,0.2074636174192328,44.0,204.39068630711571
evt_inv_006482_0,cust_b2b_030,inv_006482,2026-05-21T12:14:44.973040+00:00,2241291,SEND_REMINDER,0.8500000000000001,0,3.4607008659771155,0.3,-0.13892842163689362,0.0,1.0,0.9782960237977596,0.2072121855043601,37.0,219.35701181157833
evt_inv_005350_1,cust_b2b_005,inv_005350,2026-05-21T12:15:44.470702+00:00,11876794,SEND_REMINDER,0.05,0,19.165392664149014,0.21895424836601307,1.3196481193381526,1.0,1.0,0.9783059844898898,0.20716515322627882,45.0,211.85068908543738
evt_inv_005886_0,cust_b2b_020,inv_005886,2026-05-21T12:40:49.005587+00:00,8197156,ESCALATE_COLLECTIONS,0.05,0,8.491166926503144,0.3221476510067114,1.3221086777886915,0.0,1.0,0.9785571118623343,0.20597567532028394,38.0,202.72076878153186
evt_inv_002786_1,cust_b2b_025,inv_002786,2026-05-21T12:52:29.831549+00:00,12724475,OFFER_PAYMENT_PLAN,0.8500000000000001,0,17.462346667817485,0.19444444444444445,0.6367562818449898,1.0,1.0,0.9786735955527498,0.20542150171745088,43.0,212.6549640760871
evt_inv_007145_1,cust_b2b_006,inv_007145,2026-05-21T13:01:30.151177+00:00,4576041,OFFER_PAYMENT_PLAN,0.8500000000000001,0,17.00601839356019,0.29605263157894735,-0.4394955411594096,1.0,1.0,0.9787631873692383,0.20499420248097083,40.0,214.67118614025298
evt_inv_003003_0,cust_b2b_033,inv_003003,2026-05-21T13:07:23.270390+00:00,4485366,SEND_REMINDER,0.8500000000000001,0,3.0110842388935746,0.13043478260869565,0.07130563311570248,0.0,1.0,0.9788216381896858,0.20471492522935336,44.0,200.69517014814346
evt_inv_006963_1,cust_b2b_006,inv_006963,2026-05-21T13:27:46.801172+00:00,5142151,OFFER_PAYMENT_PLAN,0.8500000000000001,0,19.132922537760624,0.29508196721311475,-0.1845869595240162,1.0,1.0,0.9790235493227599,0.20374712236364348,41.0,214.6894344040793
evt_inv_004387_1,cust_b2b_000,inv_004387,2026-05-21T13:34:22.665894+00:00,6210695,OFFER_PAYMENT_PLAN,0.8500000000000001,1,24.838396888867216,0.3333333333333333,0.6679814612463136,1.0,1.0,0.9790886713649384,0.20343395391340094,39.0,211.21367706847016
evt_inv_007084_0,cust_b2b_000,inv_007084,2026-05-21T14:29:49.829268+00:00,5594599,SEND_REMINDER,0.8500000000000001,0,2.4973673854508394,0.3356643356643357,0.35371981569538813,0.0,1.0,0.9796320491645368,0.200801016555421,40.0,211.25218590382693
evt_inv_003570_0,cust_b2b_029,inv_003570,2026-05-21T14:47:07.054347+00:00,4329442,SEND_REMINDER,0.8500000000000001,0,5.3469800546434705,0.23722627737226276,-0.5665741872080066,0.0,1.0,0.9797999967271035,0.19997991502540458,40.0,215.681159206153
evt_inv_006250_0,cust_b2b_022,inv_006250,2026-05-21T14:51:33.934590+00:00,1985249,SEND_REMINDER,0.8500000000000001,0,8.61910763629011,0.17894736842105263,0.13411856689762466,0.0,1.0,0.9798430986780994,0.19976862109175317,44.0,208.16911699986613
evt_inv_001437_0,cust_b2b_033,inv_001437,2026-05-21T15:10:29.673841+00:00,3387895,SEND_REMINDER,0.8500000000000001,1,2.7130464391189415,0.13,-0.5578365915095537,0.0,1.0,0.9800260143559585,0.19886933193827233,45.0,200.78066092882554
evt_inv_005740_0,cust_b2b_013,inv_005740,2026-05-21T15:11:27.956147+00:00,2761774,SEND_REMINDER,0.8500000000000001,1,5.750579466106776,0.19155844155844157,0.35987940582257605,0.0,1.0,0.9800353787086359,0.19882317892896859,34.0,215.3302858430371
evt_inv_002028_0,cust_b2b_026,inv_002028,2026-05-21T15:13:48.077981+00:00,4734713,ESCALATE_COLLECTIONS,0.05,1,1.6114665435116087,0.26666666666666666,-0.018483994494377036,0.0,1.0,0.9800578835127063,0.1987122164452772,37.0,203.77113620608125
evt_inv_004419_1,cust_b2b_038,inv_004419,2026-05-21T15:15:40.273069+00:00,5912353,OFFER_PAYMENT_PLAN,0.8500000000000001,0,22.544862395918344,0.27472527472527475,0.9273047626539206,1.0,1.0,0.9800758939777373,0.19862336731547722,35.0,214.63791387188076
evt_inv_007801_0,cust_b2b_035,inv_007801,2026-05-21T15:22:07.928500+00:00,6043341,OFFER_PAYMENT_PLAN,0.05,0,4.036724043813013,0.33916083916083917,0.35585312511722267,0.0,1.0,0.9801380615729978,0.19831636406491152,33.0,218.4513950089728
evt_inv_005560_1,cust_b2b_019,inv_005560,2026-05-21T15:24:04.566538+00:00,3504544,OFFER_PAYMENT_PLAN,0.8500000000000001,0,22.0293156313424,0.3194888178913738,0.07192313560882896,1.0,1.0,0.980156747782513,0.1982239889024715,43.0,213.57995231600714
evt_inv_002023_1,cust_b2b_024,inv_002023,2026-05-21T15:25:46.178982+00:00,4820378,OFFER_PAYMENT_PLAN,0.8500000000000001,1,22.690590922956336,0.13333333333333333,0.1500056953788347,1.0,1.0,0.9801730196934075,0.19814351229628224,47.0,209.86084964549573
evt_inv_006351_0,cust_b2b_001,inv_006351,2026-05-21T15:34:58.195142+00:00,6079450,SEND_REMINDER,0.8500000000000001,0,7.299204344750881,0.0425531914893617,-0.30166765566801806,0.0,1.0,0.9802613024442638,0.19770629461470246,45.0,204.53340972770707
evt_inv_003465_1,cust_b2b_017,inv_003465,2026-05-21T15:52:59.496750+00:00,7433837,WRITE_OFF,0.05,0,20.238652258130557,0.2727272727272727,0.34844407086621554,1.0,1.0,0.9804336674892998,0.1968497489291798,36.0,216.17706229968306
evt_inv_008757_1,cust_b2b_014,inv_008757,2026-05-21T16:14:20.781304+00:00,9910478,ESCALATE_COLLECTIONS,0.05,0,20.19425723771416,0.22957198443579765,-0.16251818380078498,1.0,1.0,0.9806369419583909,0.19583459364089773,42.0,217.91553199371546
evt_inv_007481_1,cust_b2b_030,inv_007481,2026-05-21T16:24:19.401191+00:00,3310043,OFFER_PAYMENT_PLAN,0.8500000000000001,0,18.13156237108938,0.2990353697749196,0.9869400000632543,1.0,1.0,0.9807315521404806,0.19536023811442266,37.0,219.53032695222154
evt_inv_002871_1,cust_b2b_011,inv_002871,2026-05-21T16:31:54.764058+00:00,1558197,ESCALATE_COLLECTIONS,0.05,1,21.413213425146427,0.34782608695652173,-0.11734090605642729,1.0,1.0,0.9808033672972574,0.19499937102042497,41.0,214.48579653151566
evt_inv_007143_0,cust_b2b_023,inv_007143,2026-05-21T16:56:46.519456+00:00,2305815,SEND_REMINDER,0.8500000000000001,1,5.138584344247375,0.4143835616438356,0.06054337386927806,0.0,1.0,0.9810377015798908,0.19381699636214889,42.0,204.9991384015276
evt_inv_002674_0,cust_b2b_022,inv_002674,2026-05-21T17:05:27.522746+00:00,1981695,ESCALATE_COLLECTIONS,0.05,0,8.351471603569458,0.17832167832167833,0.12940265203631335,0.0,1.0,0.9811192082157277,0.19340397945787843,45.0,208.26209834426655
evt_inv_000816_1,cust_b2b_024,inv_000816,2026-05-21T17:23:16.267357+00:00,4675324,OFFER_PAYMENT_PLAN,0.8500000000000001,0,16.306392222383643,0.1360759493670886,0.07026177962002064,1.0,1.0,0.9812858602361177,0.19255664231768913,47.0,209.9424478905772
evt_inv_000929_0,cust_b2b_036,inv_000929,2026-05-21T17:24:00.911954+00:00,4932658,SEND_REMINDER,0.8500000000000001,0,1.403436131473428,0.2760942760942761,0.7968722268129046,0.0,1.0,0.981292805857487,0.19252124343131685,32.0,216.17886989072653
evt_inv_004657_1,cust_b2b_016,inv_004657,2026-05-21T17:41:57.899285+00:00,12650486,OFFER_PAYMENT_PLAN,0.8500000000000001,0,21.507153049899333,0.23344947735191637,0.6824736152182056,1.0,1.0,0.9814599720928027,0.19166721988800034,27.0,207.42574085906972
evt_inv_002629_0,cust_b2b_019,inv_002629,2026-05-21T17:46:57.800206+00:00,2609300,ESCALATE_COLLECTIONS,0.05,0,6.981749804750125,0.3184713375796178,-0.5850809982542857,0.0,1.0,0.9815063893763568,0.19142938022515602,41.0,213.67917955753583
evt_inv_007251_0,cust_b2b_011,inv_007251,2026-05-21T18:13:23.682341+00:00,1749297,ESCALATE_COLLECTIONS,0.05,1,6.586828704181101,0.35018050541516244,0.17487298234423362,0.0,1.0,0.9817508866082577,0.19017149272143805,41.0,214.55627012275409
evt_inv_006049_1,cust_b2b_003,inv_006049,2026-05-21T18:21:22.434228+00:00,5303865,OFFER_PAYMENT_PLAN,0.8500000000000001,1,22.988586088560943,0.16551724137931034,0.26733695517289063,1.0,1.0,0.9818243795527144,0.18979169559263503,35.0,206.69315960019844
evt_inv_004140_0,cust_b2b_029,inv_004140,2026-05-21T18:41:06.348080+00:00,5060821,SEND_REMINDER,0.8500000000000001,0,3.471393961276909,0.23636363636363636,-0.2399577218636895,0.0,1.0,0.9820054905854761,0.18885236683710988,40.0,215.84365103177512
evt_inv_005050_0,cust_b2b_035,inv_005050,2026-05-21T18:50:57.598377+00:00,5234043,SEND_REMINDER,0.8500000000000001,0,4.467729625015323,0.33797909407665505,-0.026590375413996305,0.0,1.0,0.9820956015485592,0.18838319834574824,34.0,218.5964143362489
evt_inv_000343_0,cust_b2b_013,inv_000343,2026-05-21T19:04:42.262703+00:00,2599396,SEND_REMINDER,0.8500000000000001,0,1.9395573318912882,0.1941747572815534,0.19173313116309668,0.0,1.0,0.9822209121928576,0.1877287395446704,35.0,215.49225698372666
evt_inv_004571_0,cust_b2b_024,inv_004571,2026-05-21T19:11:21.725936+00:00,3623664,SEND_REMINDER,0.8500000000000001,0,4.670008066637077,0.13564668769716087,-0.5078888359945053,0.0,1.0,0.9822814552451136,0.1874116930224525,48.0,210.01751106857319
evt_inv_006006_0,cust_b2b_014,inv_006006,2026-05-21T19:19:28.323963+00:00,11921785,SEND_REMINDER,0.8500000000000001,0,9.109404270613599,0.22868217054263565,0.31186795898763,0.0,1.0,0.9823550662774225,0.18702546286289673,42.0,218.04409151523282
evt_inv_006050_1,cust_b2b_034,inv_006050,2026-05-21T19:38:39.976338+00:00,4614510,OFFER_PAYMENT_PLAN,0.8500000000000001,0,22.38218785182608,0.4549019607843137,-0.28192303679468733,1.0,1.0,0.9825286795924386,0.18611124033313806,33.0,201.74187253425134
evt_inv_004470_0,cust_b2b_030,inv_004470,2026-05-21T19:51:44.692598+00:00,2004413,SEND_REMINDER,0.8500000000000001,0,2.9147354896885425,0.2980769230769231,-0.38846590020463145,0.0,1.0,0.9826464893744252,0.18548821234816407,38.0,219.67436967683275
evt_inv_004988_0,cust_b2b_006,inv_004988,2026-05-21T19:53:58.698392+00:00,6545016,SEND_REMINDER,0.8500000000000001,0,5.200678918378244,0.29411764705882354,0.4470968851543032,0.0,1.0,0.9826665682287251,0.1853818105575095,42.0,214.95762765894074
evt_inv_004519_0,cust_b2b_031,inv_004519,2026-05-21T20:04:53.566668+00:00,11436171,SEND_REMINDER,0.8500000000000001,0,2.8774998786151547,0.2777777777777778,-0.4239659125340636,0.0,1.0,0.9827645251586875,0.18486180808814887,41.0,213.17537315120646
evt_inv_001799_1,cust_b2b_013,inv_001799,2026-05-21T20:05:46.704066+00:00,3206208,OFFER_PAYMENT_PLAN,0.8500000000000001,0,16.128092483193058,0.1935483870967742,0.8201006022825544,1.0,1.0,0.9827724615216592,0.18481961171547492,36.0,215.5346694994962
evt_inv_004614_1,cust_b2b_034,inv_004614,2026-05-21T20:13:17.608706+00:00,5545261,OFFER_PAYMENT_PLAN,0.8500000000000001,1,22.945785000041134,0.453125,0.1654656187092161,1.0,1.0,0.9828397336961845,0.18446153492805256,34.0,201.76591920517401
evt_inv_004927_0,cust_b2b_028,inv_004927,2026-05-21T20:37:58.725977+00:00,5548555,SEND_REMINDER,0.8500000000000001,0,9.753149456086554,0.3382899628252788,0.1973012426061354,0.0,1.0,0.983059789030873,0.18328516358553265,27.0,201.65751791081357
evt_inv_007837_1,cust_b2b_000,inv_007837,2026-05-21T20:38:51.788112+00:00,4174097,ESCALATE_COLLECTIONS,0.05,0,19.35704543366564,0.3344947735191638,-0.37085646396861793,1.0,1.0,0.9830676465547352,0.18324301432069418,40.0,211.50845857563218
evt_inv_008046_1,cust_b2b_019,inv_008046,2026-05-21T20:43:39.975328+00:00,3132439,OFFER_PAYMENT_PLAN,0.8500000000000001,0,18.368078413493063,0.31746031746031744,-0.201157915842752,1.0,1.0,0.9831102902067897,0.18301409041251876,41.0,213.80188991773863
evt_inv_005538_0,cust_b2b_029,inv_005538,2026-05-21T20:44:25.281762+00:00,5405436,ESCALATE_COLLECTIONS,0.05,0,6.303966645226328,0.23550724637681159,-0.08606069148121978,0.0,1.0,0.9831169894434681,0.18297809996721404,41.0,215.92928683827247
evt_inv_005803_1,cust_b2b_022,inv_005803,2026-05-21T20:58:30.537644+00:00,1840083,OFFER_PAYMENT_PLAN,0.8500000000000001,0,24.98705732928459,0.17770034843205576,-0.05849442404378727,1.0,1.0,0.9832417316218363,0.18230660217691755,45.0,208.42393879447232
evt_inv_008024_0,cust_b2b_024,inv_008024,2026-05-21T20:59:15.444422+00:00,4260481,SEND_REMINDER,0.8500000000000001,0,3.2139735675968675,0.13522012578616352,-0.15779799855925877,0.0,1.0,0.9832483460974091,0.18227092444136475,49.0,210.09243836586657
evt_inv_000344_1,cust_b2b_007,inv_000344,2026-05-21T21:03:07.044986+00:00,4063586,OFFER_PAYMENT_PLAN,0.8500000000000001,1,19.13810419052316,0.2848101265822785,-0.1272873381341662,1.0,1.0,0.9832824387941689,0.1820869175942946,42.0,218.67847456858803
evt_inv_000358_0,cust_b2b_013,inv_000358,2026-05-21T21:11:52.628126+00:00,2898555,SEND_REMINDER,0.8500000000000001,0,5.054785543435721,0.19292604501607716,0.5015194094375865,0.0,1.0,0.9833596793693712,0.18166931769169922,37.0,215.58057139834855
evt_inv_000267_0,cust_b2b_010,inv_000267,2026-05-21T21:16:26.802890+00:00,2819214,SEND_REMINDER,0.8500000000000001,0,7.976152712689614,0.1292517006802721,-0.08462726338471953,0.0,1.0,0.9833999021601655,0.1814514602624542,31.0,211.55995830556682
evt_inv_003387_1,cust_b2b_008,inv_003387,2026-05-21T21:19:31.279972+00:00,13290644,OFFER_PAYMENT_PLAN,0.8500000000000001,0,19.204155930309597,0.2323943661971831,1.6173080772451613,1.0,1.0,0.9834269386959208,0.18130487099680914,44.0,204.05728747490625
evt_inv_007316_1,cust_b2b_030,inv_007316,2026-05-21T22:27:13.770007+00:00,2632515,OFFER_PAYMENT_PLAN,0.8500000000000001,1,16.331344201986614,0.2971246006389776,0.27320356519135747,1.0,1.0,0.9840167878153067,0.17807571787766519,39.0,219.78234510980664
evt_inv_005428_1,cust_b2b_034,inv_005428,2026-05-21T22:29:06.857888+00:00,5979557,OFFER_PAYMENT_PLAN,0.8500000000000001,1,24.191565711093887,0.45525291828793774,0.37422023994706377,1.0,1.0,0.9840330558364729,0.17798580005475953,35.0,201.8602392188569
evt_inv_007572_1,cust_b2b_008,inv_007572,2026-05-21T22:40:10.862073+00:00,5831137,OFFER_PAYMENT_PLAN,0.8500000000000001,0,22.863268629160643,0.23157894736842105,-0.6935722496131148,1.0,1.0,0.9841284090117263,0.17745781069327013,45.0,204.11330115662903
evt_inv_000213_0,cust_b2b_037,inv_000213,2026-05-21T22:55:19.079263+00:00,4418116,SEND_REMINDER,0.8500000000000001,0,1.6681439371676205,0.2727272727272727,1.3127136640406678,0.0,1.0,0.9842583732227373,0.17673555030307464,41.0,212.16875105453087
evt_inv_000032_0,cust_b2b_039,inv_000032,2026-05-21T22:55:21.993132+00:00,10789516,SEND_REMINDER,0.8500000000000001,0,6.29240659636471,0.4206008583690987,-0.020750482853356924,0.0,1.0,0.9842587893389338,0.17673323289369297,19.0,204.85091377325884
evt_inv_004238_0,cust_b2b_005,inv_004238,2026-05-21T23:02:46.745549+00:00,9336607,SEND_REMINDER,0.8500000000000001,0,5.028819059174823,0.2182410423452769,0.5027087773431206,0.0,1.0,0.9843222384192138,0.17637950831485036,43.0,212.3000209702494
evt_inv_005352_0,cust_b2b_022,inv_005352,2026-05-21T23:08:00.623944+00:00,1771895,SEND_REMINDER,0.8500000000000001,1,3.6832519259054766,0.17708333333333334,-0.14897003837966613,0.0,1.0,0.984366940290732,0.1761298579533364,45.0,208.5138703488702
evt_inv_004607_0,cust_b2b_027,inv_004607,2026-05-21T23:25:03.562669+00:00,2456630,SEND_REMINDER,0.8500000000000001,0,3.10622841540805,0.1503267973856209,-0.2920186355704118,0.0,1.0,0.9845121855261214,0.17531616169246875,41.0,205.0575137043206
evt_inv_003853_1,cust_b2b_013,inv_003853,2026-05-21T23:44:02.318614+00:00,1901466,OFFER_PAYMENT_PLAN,0.8500000000000001,0,18.051567467134024,0.19230769230769232,-0.5309893404645689,1.0,1.0,0.9846730842780975,0.1744101978046546,37.0,215.68623911232194
evt_inv_004076_0,cust_b2b_010,inv_004076,2026-05-21T23:49:29.068225+00:00,3209593,SEND_REMINDER,0.8500000000000001,0,8.478786161567747,0.1288135593220339,0.24983190486665055,0.0,1.0,0.9847190979367665,0.17415021722237672,32.0,211.66623452472038
evt_inv_006794_0,cust_b2b_012,inv_006794,2026-05-21T23:51:59.751199+00:00,4733015,SEND_REMINDER,0.8500000000000001,1,7.540963039921817,0.46757679180887374,0.5831319486081376,0.0,1.0,0.9847402943460908,0.1740303211833344,29.0,214.94879144471102
evt_inv_006792_0,cust_b2b_017,inv_006792,2026-05-21T23:52:10.452050+00:00,8505086,SEND_REMINDER,0.8500000000000001,1,8.996092821439248,0.27177700348432055,0.7589173293906565,0.0,1.0,0.9847417990679765,0.17402180658861358,34.0,216.50982798602513
evt_inv_000177_1,cust_b2b_012,inv_000177,2026-05-22T00:07:14.329291+00:00,3701867,OFFER_PAYMENT_PLAN,0.8500000000000001,1,22.528648972246263,0.46938775510204084,-0.08856781745900666,1.0,1.0,0.98486863383988,0.17330255069781375,30.0,214.95937683929878
evt_inv_001951_1,cust_b2b_031,inv_001951,2026-05-22T00:24:57.078770+00:00,11459127,OFFER_PAYMENT_PLAN,0.8500000000000001,1,21.26549526352228,0.2768166089965398,-0.41979854835833963,1.0,1.0,0.9850170900691327,0.1724567547872163,42.0,213.3559693560903
evt_inv_003019_0,cust_b2b_029,inv_003019,2026-05-22T00:30:26.252208+00:00,7941681,SEND_REMINDER,0.8500000000000001,0,7.1663931631792845,0.23465703971119134,1.0465659061329786,0.0,1.0,0.9850629252121124,0.17219475419581265,40.0,216.08624251473125
evt_inv_000977_0,cust_b2b_025,inv_000977,2026-05-22T00:32:24.843818+00:00,9663231,SEND_REMINDER,0.8500000000000001,0,3.2387104081468983,0.19390581717451524,-0.11788204080101451,0.0,1.0,0.9850794212045206,0.17210036002102547,43.0,213.14101745883127
evt_inv_007526_0,cust_b2b_000,inv_007526,2026-05-22T00:52:54.575973+00:00,5746805,SEND_REMINDER,0.8500000000000001,1,1.0903222275663724,0.3333333333333333,0.43135803119834976,0.0,1.0,0.9852499426722207,0.17112144945735433,40.0,211.68487973142388
evt_inv_007917_1,cust_b2b_002,inv_007917,2026-05-22T00:54:46.375717+00:00,3822996,OFFER_PAYMENT_PLAN,0.8500000000000001,0,20.12375990166612,0.13074204946996468,0.013895030998749083,1.0,1.0,0.985265397206296,0.17103244448910768,42.0,214.6136314677042
evt_inv_001249_0,cust_b2b_012,inv_001249,2026-05-22T01:14:53.229890+00:00,2908542,SEND_REMINDER,0.8500000000000001,0,9.46151723282262,0.4711864406779661,-0.6053475720920688,0.0,1.0,0.9854317136835511,0.17007156630871542,31.0,215.00635485548415
evt_inv_000272_0,cust_b2b_007,inv_000272,2026-05-22T01:20:36.633355+00:00,4466741,SEND_REMINDER,0.8500000000000001,0,6.369752106461726,0.2870662460567823,0.1081130887304011,0.0,1.0,0.9854788668359669,0.1697981243114858,42.0,218.85728924878106
evt_inv_007649_0,cust_b2b_033,inv_007649,2026-05-22T01:32:31.827873+00:00,3404139,SEND_REMINDER,0.8500000000000001,0,3.552770041494424,0.132890365448505,-0.5485247753245965,0.0,1.0,0.9855768275035365,0.1692285941797787,43.0,201.21263030419325
evt_inv_001901_1,cust_b2b_029,inv_001901,2026-05-22T01:35:39.307516+00:00,4279474,OFFER_PAYMENT_PLAN,0.8500000000000001,0,22.532944268611466,0.23381294964028776,-0.588888477850369,1.0,1.0,0.9856024522665336,0.1690792893473212,41.0,216.13153250672303
evt_inv_001859_0,cust_b2b_004,inv_001859,2026-05-22T01:40:41.327244+00:00,2715436,SEND_REMINDER,0.8500000000000001,0,3.714443127444251,0.16666666666666666,-0.3361040804440823,0.0,1.0,0.9856436848287459,0.1688387590490168,29.0,216.37922697044374
evt_inv_001916_0,cust_b2b_007,inv_001916,2026-05-22T01:56:21.628997+00:00,3788476,ESCALATE_COLLECTIONS,0.05,0,4.2051414752346865,0.2861635220125786,-0.2879230749500612,0.0,1.0,0.9857716815233433,0.16808983284732115,43.0,218.88211558723262
evt_inv_002204_0,cust_b2b_010,inv_002204,2026-05-22T02:11:33.820959+00:00,3529096,SEND_REMINDER,0.8500000000000001,0,9.7036796732112,0.12837837837837837,0.5235671886335567,0.0,1.0,0.9858953080329175,0.167363202642274,32.0,211.7649006443322
evt_inv_000234_0,cust_b2b_035,inv_000234,2026-05-22T02:27:41.805741+00:00,7413155,SEND_REMINDER,0.8500000000000001,0,9.23114814412941,0.3368055555555556,1.0031754260655141,0.0,1.0,0.9860259102124949,0.16659202979020638,35.0,218.91359266221582
evt_inv_003336_0,cust_b2b_013,inv_003336,2026-05-22T02:31:36.928607+00:00,2486174,WRITE_OFF,0.05,0,7.287154458144771,0.19169329073482427,0.07448961362020629,0.0,1.0,0.9860575423438075,0.16640469700970076,36.0,215.8026119131748
evt_inv_007088_1,cust_b2b_009,inv_007088,2026-05-22T03:22:44.650110+00:00,5154105,OFFER_PAYMENT_PLAN,0.8500000000000001,0,23.323729353120886,0.15705128205128205,-0.30340587465816016,1.0,1.0,0.9864669946795352,0.16395995977044445,41.0,210.04125250919014
evt_inv_006005_0,cust_b2b_031,inv_006005,2026-05-22T03:23:05.913654+00:00,19020369,SEND_REMINDER,0.8500000000000001,0,2.571454533724148,0.2793103448275862,0.9528107623236445,0.0,1.0,0.9864698116001959,0.1639430108344791,43.0,213.47968272279982
evt_inv_006054_0,cust_b2b_038,inv_006054,2026-05-22T03:25:29.113102+00:00,5830081,SEND_REMINDER,0.8500000000000001,1,5.997208905008109,0.2737226277372263,0.8796130348844559,0.0,1.0,0.9864887745831936,0.16382886687439732,35.0,215.14472915003998
evt_inv_005456_0,cust_b2b_007,inv_005456,2026-05-22T03:27:32.795695+00:00,3530124,SEND_REMINDER,0.8500000000000001,0,8.458166545235574,0.2852664576802508,-0.4387738969112302,0.0,1.0,0.9865051424442818,0.16373027799093026,43.0,218.9454392758706
evt_inv_003475_0,cust_b2b_019,inv_003475,2026-05-22T03:31:44.396888+00:00,3566161,SEND_REMINDER,0.8500000000000001,0,2.6586243345075036,0.31645569620253167,0.11714279339373437,0.0,1.0,0.9865384083413494,0.16352971860587576,41.0,214.0852744265384
evt_inv_003321_0,cust_b2b_009,inv_003321,2026-05-22T03:33:37.081023+00:00,5686077,SEND_REMINDER,0.8500000000000001,1,7.866152599269307,0.15654952076677317,-0.07668841624687397,0.0,1.0,0.9865532938537522,0.1634398922733125,42.0,210.04880379290748
evt_inv_004663_1,cust_b2b_023,inv_004663,2026-05-22T03:51:45.858175+00:00,2611586,OFFER_PAYMENT_PLAN,0.8500000000000001,0,18.389451365900317,0.41638225255972694,0.400093258709388,1.0,1.0,0.9866966994037494,0.16257190220252435,43.0,205.45399185892646
evt_inv_000638_1,cust_b2b_026,inv_000638,2026-05-22T03:55:04.182906+00:00,3356361,OFFER_PAYMENT_PLAN,0.8500000000000001,1,23.520081976583214,0.2691029900332226,-0.7408939225501209,1.0,1.0,0.9867227390287673,0.16241378107650611,36.0,204.2997948279016
evt_inv_007715_1,cust_b2b_001,inv_007715,2026-05-22T04:06:40.561637+00:00,7331051,ESCALATE_COLLECTIONS,0.05,0,21.314012943979954,0.04240282685512368,0.1509119918950301,1.0,1.0,0.9868139714090252,0.16185853648154525,43.0,205.05542785843474
evt_inv_002482_0,cust_b2b_030,inv_002482,2026-05-22T04:10:09.589772+00:00,2226841,SEND_REMINDER,0.8500000000000001,0,9.278965732597255,0.29936305732484075,-0.15415135946398867,0.0,1.0,0.9868412951591833,0.16169186178823483,40.0,220.0204911719026
evt_inv_008345_0,cust_b2b_038,inv_008345,2026-05-22T04:13:16.925972+00:00,3733880,SEND_REMINDER,0.8500000000000001,0,4.084149023713788,0.27636363636363637,-0.3355244149106931,0.0,1.0,0.9868657594608956,0.1615424798734676,36.0,215.17792142862132
evt_inv_005443_0,cust_b2b_038,inv_005443,2026-05-22T04:30:58.590820+00:00,4676481,WRITE_OFF,0.05,0,2.0052450801761834,0.2753623188405797,0.21088802100254236,0.0,1.0,0.9870039754441228,0.16069583833284978,37.0,215.19020921621066
evt_inv_005866_0,cust_b2b_002,inv_005866,2026-05-22T04:55:54.304831+00:00,3141291,SEND_REMINDER,0.8500000000000001,0,5.527746388065869,0.13028169014084506,-0.4343749442877276,0.0,1.0,0.9871974669004367,0.15950285685642465,42.0,214.78108435096647
evt_inv_005907_0,cust_b2b_030,inv_005907,2026-05-22T04:58:07.506449+00:00,2509970,SEND_REMINDER,0.8500000000000001,1,5.986564552068219,0.2984126984126984,0.14410950153201177,0.0,1.0,0.9872146284661721,0.1593966039236646,41.0,220.05380039270483
evt_inv_001580_0,cust_b2b_019,inv_001580,2026-05-22T05:06:00.746856+00:00,3326066,SEND_REMINDER,0.8500000000000001,0,3.2982067576937566,0.31545741324921134,-0.05905894149753818,0.0,1.0,0.9872755078030332,0.15901909222562852,42.0,214.15074144005806
evt_inv_004750_1,cust_b2b_038,inv_004750,2026-05-22T05:38:19.228228+00:00,3434656,OFFER_PAYMENT_PLAN,0.8500000000000001,0,22.915028327199547,0.2743682310469314,-0.508980112690596,1.0,1.0,0.9875233741163009,0.15747249148329548,37.0,215.23697585288707
evt_inv_001157_1,cust_b2b_010,inv_001157,2026-05-22T05:46:04.995473+00:00,2624531,OFFER_PAYMENT_PLAN,0.8500000000000001,0,22.797989023846696,0.12794612794612795,-0.2514228476426617,1.0,1.0,0.9875825690380775,0.1571008253706865,33.0,211.91387257158067
evt_inv_007240_0,cust_b2b_036,inv_007240,2026-05-22T06:06:56.573223+00:00,3343160,SEND_REMINDER,0.8500000000000001,0,1.0292264804221525,0.2751677852348993,-0.26551070285261674,0.0,1.0,0.9877409405862047,0.15610199963446877,32.0,216.70868078504296
evt_inv_006667_0,cust_b2b_004,inv_006667,2026-05-22T06:37:26.676715+00:00,2914262,OFFER_PAYMENT_PLAN,0.05,0,3.061918839440101,0.16610169491525423,-0.17766260959395394,0.0,1.0,0.987970698760862,0.15464119240995944,29.0,216.58530740414122
evt_inv_001370_0,cust_b2b_028,inv_001370,2026-05-22T06:37:53.619753+00:00,6055556,WRITE_OFF,0.05,0,8.08768943702314,0.337037037037037,0.4437679891358805,0.0,1.0,0.9879740651565712,0.1546196836693157,27.0,202.07412547765946
evt_inv_006541_0,cust_b2b_016,inv_006541,2026-05-22T06:42:21.327321+00:00,8708571,SEND_REMINDER,0.8500000000000001,0,8.90907546070634,0.2326388888888889,-0.3091910294065877,0.0,1.0,0.9880074884161496,0.15440596761010267,25.0,207.96767868356724
evt_inv_000124_0,cust_b2b_015,inv_000124,2026-05-22T07:00:03.647955+00:00,7244355,SEND_REMINDER,0.8500000000000001,0,6.216328146472909,0.15488215488215487,-0.6176350440494079,0.0,1.0,0.9881396632961038,0.15355782565881346,40.0,213.4187100015819
evt_inv_005000_0,cust_b2b_007,inv_005000,2026-05-22T07:24:19.809532+00:00,5575503,SEND_REMINDER,0.8500000000000001,0,3.2833849112937705,0.284375,0.755515310869864,0.0,1.0,0.9883196571998915,0.15239506288685692,44.0,219.10987230639307
evt_inv_008432_0,cust_b2b_024,inv_008432,2026-05-22T07:24:51.023357+00:00,4555218,WRITE_OFF,0.05,1,7.219281295457966,0.13479623824451412,0.00423353626779958,0.0,1.0,0.9883235005148724,0.1523701359519934,50.0,210.52687793687028
evt_inv_005868_0,cust_b2b_006,inv_005868,2026-05-22T07:39:56.752189+00:00,4737374,ESCALATE_COLLECTIONS,0.05,0,5.061005444479602,0.2931596091205212,-0.3668503090724838,0.0,1.0,0.988434747845229,0.1516467911039946,42.0,215.44788291122214
evt_inv_006267_1,cust_b2b_003,inv_006267,2026-05-22T07:48:36.747960+00:00,4871335,OFFER_PAYMENT_PLAN,0.8500000000000001,0,21.45308424398541,0.16838487972508592,0.04166074879970423,1.0,1.0,0.9884983777890671,0.15123146864453402,33.0,207.25374193505886
evt_inv_008076_1,cust_b2b_014,inv_008076,2026-05-22T07:54:20.324916+00:00,9747579,OFFER_PAYMENT_PLAN,0.8500000000000001,0,19.287411023024152,0.2277992277992278,-0.20093939240166186,1.0,1.0,0.9885403242760221,0.15095703786262168,42.0,218.56830448922207
evt_inv_005467_1,cust_b2b_006,inv_005467,2026-05-22T07:59:28.442198+00:00,6001412,OFFER_PAYMENT_PLAN,0.8500000000000001,0,17.094963964746857,0.2922077922077922,0.20232227236340744,1.0,1.0,0.9885778767769652,0.15071092046413687,42.0,215.46144413818675
evt_inv_003975_0,cust_b2b_000,inv_003975,2026-05-22T08:43:36.084486+00:00,4728532,SEND_REMINDER,0.8500000000000001,0,7.832183323986121,0.3356401384083045,-0.08804747918709876,0.0,1.0,0.9888980384623252,0.1485956578281,40.0,212.0117490429235
evt_inv_004882_0,cust_b2b_008,inv_004882,2026-05-22T08:54:55.560776+00:00,8115949,ESCALATE_COLLECTIONS,0.05,0,6.67860626117705,0.23076923076923078,0.014239458538888932,0.0,1.0,0.9889794732342689,0.14805269845993316,45.0,204.5402073916167
evt_inv_003299_0,cust_b2b_014,inv_003299,2026-05-22T09:01:32.470113+00:00,11738409,WRITE_OFF,0.05,1,8.118598602349731,0.22692307692307692,0.26861709988685556,0.0,1.0,0.9890269046188174,0.14773551346958125,43.0,218.6149728364081
evt_inv_002627_1,cust_b2b_034,inv_002627,2026-05-22T09:04:29.118753+00:00,3933216,OFFER_PAYMENT_PLAN,0.8500000000000001,0,19.256095710646587,0.4573643410852713,-0.6094034039724796,1.0,1.0,0.9890479817390581,0.14759434209310313,34.0,202.30146908997835
evt_inv_006258_0,cust_b2b_028,inv_006258,2026-05-22T09:35:57.401736+00:00,4310330,SEND_REMINDER,0.8500000000000001,0,7.571816416533935,0.33579335793357934,-0.4046330374143045,0.0,1.0,0.9892720262658866,0.14608510549603274,27.0,202.19778036172764
evt_inv_002666_0,cust_b2b_032,inv_002666,2026-05-22T09:37:20.456141+00:00,4657092,SEND_REMINDER,0.8500000000000001,1,9.202001066982413,0.10335195530726257,-0.727062196125929,0.0,1.0,0.9892818277880294,0.14601871526751525,38.0,220.33586763444896
evt_inv_007584_1,cust_b2b_015,inv_007584,2026-05-22T09:38:18.889138+00:00,9794368,OFFER_PAYMENT_PLAN,0.8500000000000001,0,21.095822197931334,0.15436241610738255,0.04495751298763625,1.0,1.0,0.9892887209874022,0.14597200597069945,40.0,213.5286086263944
evt_inv_008514_0,cust_b2b_012,inv_008514,2026-05-22T09:45:15.291581+00:00,4324908,SEND_REMINDER,0.8500000000000001,0,7.601537930451885,0.46959459459459457,0.31728690149997957,0.0,1.0,0.9893377791198578,0.1456391389915074,32.0,215.36077686580256
evt_inv_001279_0,cust_b2b_013,inv_001279,2026-05-22T09:45:41.445400+00:00,2199923,OFFER_PAYMENT_PLAN,0.05,0,3.561617162393872,0.1910828025477707,-0.22192983648258596,0.0,1.0,0.9893408566737162,0.14561823140018357,36.0,216.10405307976055
evt_inv_002999_0,cust_b2b_035,inv_002999,2026-05-22T09:46:54.522611+00:00,4765164,SEND_REMINDER,0.8500000000000001,0,5.737558780740116,0.3356401384083045,-0.24816456358877023,0.0,1.0,0.9893494534219243,0.14555981249555,32.0,219.2186009593257
evt_inv_006768_0,cust_b2b_021,inv_006768,2026-05-22T10:03:20.046953+00:00,7013293,SEND_REMINDER,0.8500000000000001,0,5.705357461433239,0.3275862068965517,-0.5869029333585712,0.0,1.0,0.9894650528026055,0.14477192159509764,25.0,214.42451686347079
evt_inv_008620_0,cust_b2b_008,inv_008620,2026-05-22T10:08:56.850599+00:00,10899499,SEND_REMINDER,0.8500000000000001,0,6.1330777749644145,0.22996515679442509,0.8765554516138363,0.0,1.0,0.9895044151191842,0.14450263824457046,45.0,204.5916112090196
evt_inv_006725_1,cust_b2b_001,inv_006725,2026-05-22T10:16:59.127018+00:00,8113948,OFFER_PAYMENT_PLAN,0.8500000000000001,0,22.242261643116993,0.04225352112676056,0.43400792310952935,1.0,1.0,0.9895606512680373,0.14411702696759335,43.0,205.31258717997162
evt_inv_004947_0,cust_b2b_004,inv_004947,2026-05-22T10:21:28.018911+00:00,2920723,SEND_REMINDER,0.8500000000000001,1,9.234228494969384,0.16554054054054054,-0.17251374771105285,0.0,1.0,0.9895919403299153,0.1439020209520121,30.0,216.740878494375
evt_inv_000860_1,cust_b2b_034,inv_000860,2026-05-22T10:55:28.478698+00:00,4263079,SEND_REMINDER,0.05,1,21.048686119640877,0.4555984555984556,-0.45084660714052455,1.0,1.0,0.9898278519356042,0.14227024823394221,35.0,202.37854501526726
evt_inv_005121_1,cust_b2b_008,inv_005121,2026-05-22T10:59:49.702125+00:00,9150849,OFFER_PAYMENT_PLAN,0.8500000000000001,0,24.058225652180127,0.22916666666666666,0.3348410373124477,1.0,1.0,0.9898578595051402,0.14206131766213526,45.0,204.62694513870898
evt_inv_000300_1,cust_b2b_013,inv_000300,2026-05-22T11:06:22.392748+00:00,2471937,OFFER_PAYMENT_PLAN,0.8500000000000001,1,24.478934667984404,0.19047619047619047,0.059747031809574726,1.0,1.0,0.9899028861535147,0.1417472256692934,37.0,216.1600825629555
evt_inv_008836_0,cust_b2b_004,inv_008836,2026-05-22T11:56:55.524120+00:00,2292345,SEND_REMINDER,0.8500000000000001,0,6.886408695663999,0.16835016835016836,-0.6732599439319055,0.0,1.0,0.9902473124979678,0.13932070948194364,31.0,216.80716906392377
evt_inv_004118_1,cust_b2b_033,inv_004118,2026-05-22T12:43:22.170623+00:00,3639009,OFFER_PAYMENT_PLAN,0.8500000000000001,0,18.778484415681532,0.13245033112582782,-0.413881766284962,1.0,1.0,0.9905585067468644,0.1370906441425604,42.0,201.6784907526929
evt_inv_003344_0,cust_b2b_008,inv_003344,2026-05-22T12:54:43.799074+00:00,10361489,WRITE_OFF,0.05,0,6.157724699327478,0.22837370242214533,0.709885161007198,0.0,1.0,0.9906338620969736,0.13654505215068902,46.0,204.70673792746905
evt_inv_007459_0,cust_b2b_004,inv_007459,2026-05-22T12:56:04.094176+00:00,2770103,SEND_REMINDER,0.8500000000000001,0,4.484545485579486,0.16778523489932887,-0.29254105371653594,0.0,1.0,0.9906427190922727,0.13648077926751567,32.0,216.8482404766024
evt_inv_001345_1,cust_b2b_017,inv_001345,2026-05-22T13:09:55.223205+00:00,6893863,OFFER_PAYMENT_PLAN,0.8500000000000001,0,21.281384299861553,0.2743055555555556,0.14154057217688937,1.0,1.0,0.9907341522532593,0.1358154614136978,34.0,217.06381839291646
evt_inv_002554_0,cust_b2b_017,inv_002554,2026-05-22T13:26:50.606657+00:00,5957074,WRITE_OFF,0.05,0,3.85226099534631,0.27335640138408307,-0.21741153809462846,0.0,1.0,0.9908452489881397,0.13500256500389632,35.0,217.07557051620287
evt_inv_006600_0,cust_b2b_034,inv_006600,2026-05-22T13:29:11.650375+00:00,4956875,SEND_REMINDER,0.8500000000000001,0,4.0980697864581845,0.4576923076923077,-0.1173567249747968,0.0,1.0,0.9908606283286019,0.13488964092267505,36.0,202.4852946874553
evt_inv_001225_1,cust_b2b_026,inv_001225,2026-05-22T13:30:48.156085+00:00,5233375,OFFER_PAYMENT_PLAN,0.8500000000000001,0,18.27777958940789,0.271523178807947,0.24287026053078592,1.0,1.0,0.9908711438502693,0.13481237437586702,36.0,204.69960933228467
evt_inv_000928_0,cust_b2b_027,inv_000928,2026-05-22T13:31:40.817162+00:00,1925264,SEND_REMINDER,0.8500000000000001,0,6.031550057429537,0.1498371335504886,-0.7696025961732079,0.0,1.0,0.9908768794018491,0.1347702113482554,42.0,205.6454448905746
evt_inv_006615_0,cust_b2b_011,inv_006615,2026-05-22T13:40:18.025549+00:00,1766063,SEND_REMINDER,0.8500000000000001,0,4.71023713457628,0.35251798561151076,0.20050998382078394,0.0,1.0,0.9909331155205046,0.13435609612081728,39.0,215.36662131728576
evt_inv_000981_0,cust_b2b_000,inv_000981,2026-05-22T13:40:18.312594+00:00,6618302,SEND_REMINDER,0.8500000000000001,1,7.224380059522945,0.33448275862068966,0.8758955702613925,0.0,1.0,0.9909331466829505,0.13435586628437973,41.0,212.21779334972985
evt_inv_000573_0,cust_b2b_004,inv_000573,2026-05-22T14:16:46.162266+00:00,2791715,SEND_REMINDER,0.8500000000000001,0,3.8674048484658776,0.16722408026755853,-0.2753183452999944,0.0,1.0,0.9911691167683792,0.13260385350581302,33.0,216.90428293135312
evt_inv_008323_0,cust_b2b_007,inv_008323,2026-05-22T14:21:57.627784+00:00,3706544,SEND_REMINDER,0.8500000000000001,0,4.628690917647798,0.2834890965732087,-0.3357629491335709,0.0,1.0,0.9912024579547459,0.1323544005481875,44.0,219.39989335096845
evt_inv_004123_0,cust_b2b_019,inv_004123,2026-05-22T14:53:38.751302+00:00,3343343,SEND_REMINDER,0.8500000000000001,0,1.640964642192315,0.31446540880503143,-0.04637920362923556,0.0,1.0,0.9914046047397077,0.13083160818740994,43.0,214.5588201952156
evt_inv_007933_1,cust_b2b_000,inv_007933,2026-05-22T15:09:21.818580+00:00,4074274,OFFER_PAYMENT_PLAN,0.8500000000000001,1,17.570074227026456,0.33676975945017185,-0.4217747567716938,1.0,1.0,0.991504013172883,0.13007610027236965,42.0,212.27963948382504
evt_inv_001814_0,cust_b2b_017,inv_001814,2026-05-22T15:25:52.697021+00:00,5696492,SEND_REMINDER,0.8500000000000001,0,3.5285237160340994,0.27241379310344827,-0.3172592751837496,0.0,1.0,0.9916078411012627,0.1292822086232018,35.0,217.15823359911198
evt_inv_003123_1,cust_b2b_015,inv_003123,2026-05-22T15:29:40.019489+00:00,10044695,ESCALATE_COLLECTIONS,0.05,0,21.698420902609328,0.15384615384615385,0.11000223355578892,1.0,1.0,0.9916315711539104,0.12910006619218678,41.0,213.77260319063262
evt_inv_002040_1,cust_b2b_012,inv_002040,2026-05-22T15:48:36.737104+00:00,2813137,OFFER_PAYMENT_PLAN,0.8500000000000001,1,19.237375715738466,0.468013468013468,-0.667495249980321,1.0,1.0,0.9917497304560681,0.12818920446089216,33.0,215.61310841120726
evt_inv_004093_1,cust_b2b_039,inv_004093,2026-05-22T15:59:58.323410+00:00,10138019,OFFER_PAYMENT_PLAN,0.8500000000000001,1,21.50544104132376,0.4188034188034188,-0.17045359940534774,1.0,1.0,0.9918201786212582,0.1276429915024545,20.0,205.5624453736981
evt_inv_005821_0,cust_b2b_000,inv_005821,2026-05-22T16:00:58.864956+00:00,5784283,OFFER_PAYMENT_PLAN,0.05,0,9.987349196796043,0.339041095890411,0.45047477930943297,0.0,1.0,0.9918264215955657,0.1275944725485204,43.0,212.31548492798393
evt_inv_005990_0,cust_b2b_035,inv_005990,2026-05-22T16:08:19.276896+00:00,6955104,SEND_REMINDER,0.8500000000000001,0,9.12519409372227,0.33448275862068966,0.7867175790094242,0.0,1.0,0.9918717649306891,0.12724151026013447,31.0,219.48347080058565
evt_inv_007750_0,cust_b2b_014,inv_007750,2026-05-22T16:15:44.895103+00:00,6779036,SEND_REMINDER,0.8500000000000001,0,5.548062395182,0.22988505747126436,-0.9010988098543119,0.0,1.0,0.9919175164404161,0.1268843590781653,42.0,218.91650553304956
evt_inv_004173_0,cust_b2b_013,inv_004173,2026-05-22T16:23:54.052864+00:00,2737963,ESCALATE_COLLECTIONS,0.05,0,5.856423058354862,0.1930379746835443,0.3352225464685962,0.0,1.0,0.9919675900811287,0.12649229315906124,36.0,216.38058788836938
evt_inv_007299_1,cust_b2b_010,inv_007299,2026-05-22T16:24:26.475484+00:00,3502923,OFFER_PAYMENT_PLAN,0.8500000000000001,0,16.55972631708209,0.12751677852348994,0.5011433462353434,1.0,1.0,0.991970903613153,0.12646630533428563,33.0,212.3571767383709
evt_inv_001728_0,cust_b2b_002,inv_001728,2026-05-22T16:35:17.204949+00:00,4793090,SEND_REMINDER,0.8500000000000001,0,2.155811132968471,0.12982456140350876,0.6518016687520256,0.0,1.0,0.992037263005243,0.1259447053633709,41.0,215.26676606530566
evt_inv_007613_1,cust_b2b_019,inv_007613,2026-05-22T16:49:19.389976+00:00,3947521,OFFER_PAYMENT_PLAN,0.8500000000000001,1,20.695090219807042,0.31347962382445144,0.3970161685178385,1.0,1.0,0.9921227392635661,0.12526959022906564,44.0,214.63915166135234
evt_inv_002906_1,cust_b2b_033,inv_002906,2026-05-22T16:54:31.226001+00:00,4351325,OFFER_PAYMENT_PLAN,0.8500000000000001,0,19.530403750404105,0.132013201320132,-0.0055355577490417895,1.0,1.0,0.9921542720248216,0.12501960047487054,41.0,201.8529011158554
evt_inv_007525_1,cust_b2b_010,inv_007525,2026-05-22T16:55:01.108376+00:00,2898128,SEND_REMINDER,0.05,0,24.180933450439817,0.12709030100334448,-0.01701743211121524,1.0,1.0,0.9921572904139926,0.12499564423756686,34.0,212.37841091536575
evt_inv_005637_1,cust_b2b_033,inv_005637,2026-05-22T17:03:43.050959+00:00,4506693,OFFER_PAYMENT_PLAN,0.8500000000000001,0,19.560274127909352,0.13157894736842105,0.08353154978803012,1.0,1.0,0.9922099180284953,0.12457719922155286,42.0,201.85928797880464
evt_inv_005624_1,cust_b2b_019,inv_005624,2026-05-22T17:28:30.669083+00:00,4532435,OFFER_PAYMENT_PLAN,0.8500000000000001,0,22.9509993242145,0.315625,0.8262745089151081,1.0,1.0,0.9923589466346071,0.12338444405293995,44.0,214.6663655399019
evt_inv_007345_0,cust_b2b_030,inv_007345,2026-05-22T17:52:28.653102+00:00,2834412,SEND_REMINDER,0.8500000000000001,0,5.396407990594997,0.30063291139240506,0.48588978392035487,0.0,1.0,0.992501640058348,0.12223131546984849,39.0,220.5915451456299
evt_inv_001512_0,cust_b2b_006,inv_001512,2026-05-22T18:06:25.529253+00:00,6463360,SEND_REMINDER,0.8500000000000001,0,9.09963384917683,0.2912621359223301,0.41032881166810914,0.0,1.0,0.9925840677835919,0.12156014306580061,41.0,215.88293820131935
evt_inv_008244_1,cust_b2b_029,inv_008244,2026-05-22T18:19:22.274098+00:00,5580484,OFFER_PAYMENT_PLAN,0.8500000000000001,0,16.759520169568972,0.23297491039426524,-0.007888707924326076,1.0,1.0,0.9926601667753102,0.12093714606196647,41.0,216.82855758290398
evt_inv_003435_1,cust_b2b_031,inv_003435,2026-05-22T18:23:52.383940+00:00,12253603,OFFER_PAYMENT_PLAN,0.8500000000000001,0,22.461479231716588,0.27835051546391754,-0.27557563357679005,1.0,1.0,0.9926865382583917,0.12072049022668288,42.0,214.10522057333
evt_inv_005151_0,cust_b2b_034,inv_005151,2026-05-22T18:34:29.022699+00:00,5012975,SEND_REMINDER,0.8500000000000001,0,9.349666069356735,0.4559386973180077,-0.09039067106518646,0.0,1.0,0.9927485077797401,0.12020981782325142,37.0,202.69730131157428
evt_inv_007924_0,cust_b2b_024,inv_007924,2026-05-22T18:42:58.720946+00:00,4644367,SEND_REMINDER,0.8500000000000001,0,2.858855201887482,0.1375,0.05324315081174076,0.0,1.0,0.9927979317336757,0.11980094634574351,49.0,210.9978003626661
evt_inv_004664_0,cust_b2b_012,inv_004664,2026-05-22T19:16:00.242424+00:00,4107148,SEND_REMINDER,0.8500000000000001,0,6.20642297696947,0.4697986577181208,0.17543622893833274,0.0,1.0,0.992988474136286,0.1182112102657377,33.0,215.75713046351498
evt_inv_007166_0,cust_b2b_013,inv_007166,2026-05-22T19:46:21.086789+00:00,1751056,SEND_REMINDER,0.8500000000000001,0,3.740034694611953,0.19242902208201892,-0.6867415034276978,0.0,1.0,0.9931613215592736,0.11675011502622613,35.0,216.52117855880147
evt_inv_005638_0,cust_b2b_027,inv_005638,2026-05-22T19:46:22.573824+00:00,2958864,SEND_REMINDER,0.8500000000000001,0,3.6397437113189475,0.14935064935064934,0.15938163343179762,0.0,1.0,0.9931614618406062,0.11674892168508517,42.0,205.90565040750297
evt_inv_008787_0,cust_b2b_030,inv_008787,2026-05-22T20:15:41.960478+00:00,2165452,SEND_REMINDER,0.8500000000000001,1,4.565507388298512,0.2996845425867508,-0.21882113136685166,0.0,1.0,0.9933264313184278,0.11533690148515667,40.0,220.69100472174395
evt_inv_001587_0,cust_b2b_003,inv_001587,2026-05-22T20:24:40.586626+00:00,5104021,OFFER_PAYMENT_PLAN,0.05,0,7.2275324505060405,0.1678082191780822,0.1630663475862101,0.0,1.0,0.9933765344207459,0.11490457285168723,32.0,207.77878636406535
evt_inv_006820_0,cust_b2b_024,inv_006820,2026-05-22T20:26:40.275234+00:00,4985930,SEND_REMINDER,0.8500000000000001,0,1.7228069001931088,0.13707165109034267,0.24101797872371772,0.0,1.0,0.9933876423256217,0.11480850175288727,50.0,211.06980909285198
evt_inv_006240_0,cust_b2b_016,inv_006240,2026-05-22T20:45:09.320380+00:00,8424336,SEND_REMINDER,0.8500000000000001,0,7.312830867064022,0.23183391003460208,-0.38069580547190335,0.0,1.0,0.9934901272141278,0.11391824756401513,24.0,208.5529563810036
evt_inv_007964_0,cust_b2b_031,inv_007964,2026-05-22T20:47:27.671785+00:00,18575764,SEND_REMINDER,0.8500000000000001,1,4.058692435578157,0.2773972602739726,0.8721006445089975,0.0,1.0,0.9935028560512287,0.113807183508123,43.0,214.20493455301812
evt_inv_004161_0,cust_b2b_022,inv_004161,2026-05-22T20:49:06.226302+00:00,2160233,SEND_REMINDER,0.8500000000000001,0,3.2889512625215995,0.17993079584775087,0.366293917000415,0.0,1.0,0.9935119158560535,0.11372806624591061,40.0,209.4174074132017
evt_inv_000297_0,cust_b2b_037,inv_000297,2026-05-22T20:52:38.688223+00:00,3489246,SEND_REMINDER,0.8500000000000001,0,5.015450533692146,0.27177700348432055,0.5111244203357856,0.0,1.0,0.9935314253763798,0.11355750432965211,40.0,213.0835613434177
evt_inv_007730_1,cust_b2b_022,inv_007730,2026-05-22T21:14:57.684463+00:00,2181171,WRITE_OFF,0.05,0,23.46354211937052,0.1793103448275862,0.3940761644555712,1.0,1.0,0.9936537061906274,0.11248249718791921,41.0,209.43536410487778
evt_inv_007150_0,cust_b2b_029,inv_007150,2026-05-22T21:43:08.270471+00:00,5549462,SEND_REMINDER,0.8500000000000001,0,3.723084131231123,0.23214285714285715,-0.021742270751459132,0.0,1.0,0.9938064337379137,0.11112502985884785,41.0,216.97006217055596
evt_inv_003139_1,cust_b2b_019,inv_003139,2026-05-22T21:51:44.180590+00:00,3753006,OFFER_PAYMENT_PLAN,0.8500000000000001,0,21.203638108554074,0.3146417445482866,0.25426520012904413,1.0,1.0,0.9938526717589512,0.11071073496998521,45.0,214.84916081197528
evt_inv_002404_0,cust_b2b_023,inv_002404,2026-05-22T22:10:28.222123+00:00,2352900,SEND_REMINDER,0.8500000000000001,1,8.149641375163467,0.41496598639455784,0.112829487219003,0.0,1.0,0.9939528149772382,0.10980802155955655,42.0,206.2169821823968
evt_inv_004599_0,cust_b2b_035,inv_004599,2026-05-22T22:40:32.209447+00:00,5376648,WRITE_OFF,0.05,1,3.5493212250544164,0.3333333333333333,0.04079960003102422,0.0,1.0,0.9941118220329969,0.10835905727826906,32.0,219.75584270511862
evt_inv_003717_0,cust_b2b_011,inv_003717,2026-05-22T22:41:12.891308+00:00,1699063,ESCALATE_COLLECTIONS,0.05,0,5.8600178979686905,0.35125448028673834,0.09805930131693419,0.0,1.0,0.9941153834608082,0.1083263789045417,38.0,215.74225633764172
evt_inv_000105_0,cust_b2b_029,inv_000105,2026-05-22T23:05:38.609672+00:00,7158627,SEND_REMINDER,0.8500000000000001,0,8.509367979061636,0.2313167259786477,0.6968726827877215,0.0,1.0,0.9942429808329768,0.10714893869916256,41.0,217.02735776315805
evt_inv_004630_0,cust_b2b_016,inv_004630,2026-05-22T23:11:55.785165+00:00,6250753,SEND_REMINDER,0.8500000000000001,0,3.391553237455442,0.23103448275862068,-0.9275025158873024,0.0,1.0,0.9942755900547339,0.10684592187496328,25.0,208.65488305676033
evt_inv_005471_1,cust_b2b_016,inv_005471,2026-05-22T23:17:22.602030+00:00,11436139,OFFER_PAYMENT_PLAN,0.8500000000000001,0,18.086617451074822,0.23024054982817868,0.37698128532512826,1.0,1.0,0.9943037707740885,0.10658335434967704,26.0,208.65866565936722
evt_inv_004776_0,cust_b2b_000,inv_004776,2026-05-22T23:17:25.877351+00:00,4620354,SEND_REMINDER,0.8500000000000001,1,4.9829238805316205,0.3378839590443686,-0.1432276301087105,0.0,1.0,0.9943040528470358,0.10658072289095673,43.0,212.61857534922342
evt_inv_008166_0,cust_b2b_019,inv_008166,2026-05-22T23:27:21.081838+00:00,3644070,SEND_REMINDER,0.8500000000000001,1,7.795281006929506,0.3136645962732919,0.17431857440018725,0.0,1.0,0.9943551966574381,0.10610251118775418,46.0,214.91556013197805
evt_inv_000848_1,cust_b2b_013,inv_000848,2026-05-23T00:19:24.059645+00:00,1950907,OFFER_PAYMENT_PLAN,0.8500000000000001,0,16.258001664862967,0.1918238993710692,-0.47979161595888853,1.0,1.0,0.9946197735113945,0.10359298306421291,35.0,216.7107963001807
evt_inv_001582_0,cust_b2b_028,inv_001582,2026-05-23T00:25:50.993571+00:00,4596829,SEND_REMINDER,0.8500000000000001,0,4.563274886625425,0.33455882352941174,-0.2653585703749988,0.0,1.0,0.9946521133932139,0.10328200870632329,27.0,202.81576174870224
evt_inv_008010_1,cust_b2b_001,inv_008010,2026-05-23T00:34:44.101789+00:00,7018825,ESCALATE_COLLECTIONS,0.05,0,21.5124311229571,0.042105263157894736,0.03801082756465388,1.0,1.0,0.9946965112388481,0.10285353921603363,40.0,205.90824661019428
evt_inv_001817_0,cust_b2b_020,inv_001817,2026-05-23T00:45:03.313006+00:00,5719190,SEND_REMINDER,0.8500000000000001,1,3.5999332602279956,0.3210702341137124,0.16670132629507586,0.0,1.0,0.9947478481409708,0.10235584311072872,33.0,204.22371215443437
evt_inv_006309_0,cust_b2b_018,inv_006309,2026-05-23T00:54:05.569330+00:00,2814738,SEND_REMINDER,0.8500000000000001,0,1.5089291938471714,0.6275303643724697,0.9572479332474579,0.0,1.0,0.9947926004265217,0.10191997908476319,33.0,206.46288617788036
evt_inv_000576_0,cust_b2b_017,inv_000576,2026-05-23T01:06:20.000493+00:00,6103124,SEND_REMINDER,0.8500000000000001,0,7.924433344575747,0.27147766323024053,-0.161449223430756,0.0,1.0,0.9948529083555693,0.10132961431124259,36.0,217.5613273892947
evt_inv_004658_1,cust_b2b_010,inv_004658,2026-05-23T01:07:49.941203+00:00,3159522,OFFER_PAYMENT_PLAN,0.8500000000000001,0,21.757457603884372,0.12666666666666668,0.20693260475931166,1.0,1.0,0.9948602697714771,0.10125731395915888,35.0,212.7206427767868
evt_inv_005398_0,cust_b2b_035,inv_005398,2026-05-23T01:17:47.928291+00:00,7042253,SEND_REMINDER,0.8500000000000001,1,4.0285136196645155,0.3356164383561644,0.8279011434011375,0.0,1.0,0.9949090798728849,0.10077659840701868,31.0,219.86505241396003
evt_inv_008776_0,cust_b2b_019,inv_008776,2026-05-23T01:32:22.100335+00:00,3630035,SEND_REMINDER,0.8500000000000001,0,7.318131073268013,0.3157894736842105,0.16401909627349695,0.0,1.0,0.9949800153165599,0.10007381835754196,46.0,215.00237747569187
evt_inv_000223_1,cust_b2b_014,inv_000223,2026-05-23T02:02:54.359249+00:00,5447208,OFFER_PAYMENT_PLAN,0.8500000000000001,1,22.39309566970285,0.22900763358778625,-1.2152234209714257,1.0,1.0,0.9951270848006127,0.09860063436020171,41.0,219.3242539606725
evt_inv_008494_1,cust_b2b_004,inv_008494,2026-05-23T02:16:24.230324+00:00,3261320,OFFER_PAYMENT_PLAN,0.8500000000000001,0,16.962488790724983,0.16666666666666666,0.09890321040284068,1.0,1.0,0.9951913954160476,0.0979494078076019,33.0,217.40402908943307
evt_inv_001824_1,cust_b2b_032,inv_001824,2026-05-23T02:18:42.091254+00:00,8614518,OFFER_PAYMENT_PLAN,0.8500000000000001,0,21.952194327873265,0.10584958217270195,0.7795151739116933,1.0,1.0,0.9952023002936838,0.0978385480787623,36.0,221.03125692974422
evt_inv_003916_0,cust_b2b_037,inv_003916,2026-05-23T02:22:01.072805+00:00,5120696,SEND_REMINDER,0.8500000000000001,0,9.043554878696376,0.2708333333333333,1.919021576280456,0.0,1.0,0.9952180180715362,0.09767853656645069,41.0,213.31229264644867
evt_inv_003954_1,cust_b2b_029,inv_003954,2026-05-23T02:24:26.783981+00:00,5348990,OFFER_PAYMENT_PLAN,0.8500000000000001,0,23.1759424612992,0.23049645390070922,-0.11126843421397686,1.0,1.0,0.995229511644463,0.09756136095772568,42.0,217.16541533618235
evt_inv_002265_0,cust_b2b_020,inv_002265,2026-05-23T02:27:25.494406+00:00,5392983,ESCALATE_COLLECTIONS,0.05,1,6.9732329645329685,0.3233333333333333,0.01460016852334513,0.0,1.0,0.9952435893333603,0.09741764671172035,34.0,204.29480221692765
evt_inv_007183_0,cust_b2b_032,inv_007183,2026-05-23T02:35:29.642803+00:00,7408769,SEND_REMINDER,0.8500000000000001,0,3.6865576174101977,0.10555555555555556,0.32049107672899735,0.0,1.0,0.9952816232467023,0.09702829704477647,37.0,221.0429184060014
evt_inv_008793_0,cust_b2b_010,inv_008793,2026-05-23T02:38:11.375098+00:00,3322871,SEND_REMINDER,0.8500000000000001,0,2.51894305840519,0.12624584717607973,0.34688292335583554,0.0,1.0,0.9952942947339657,0.09689822944728102,36.0,212.78339085427834
evt_inv_005882_0,cust_b2b_014,inv_005882,2026-05-23T02:53:08.734968+00:00,10456325,SEND_REMINDER,0.8500000000000001,0,8.454293400025714,0.23193916349809887,-0.033774714339370265,0.0,1.0,0.9953642927584876,0.09617652884875656,42.0,219.35914256853115
evt_inv_006777_0,cust_b2b_014,inv_006777,2026-05-23T03:00:27.386055+00:00,10856361,SEND_REMINDER,0.8500000000000001,0,1.5939313621393174,0.23106060606060605,0.06057758593560515,0.0,1.0,0.9953983190516861,0.0958237258150489,43.0,219.36421954870426
evt_inv_007506_0,cust_b2b_027,inv_007506,2026-05-23T03:20:02.394603+00:00,3300848,ESCALATE_COLLECTIONS,0.05,0,3.590372315120037,0.1488673139158576,0.46675174611953685,0.0,1.0,0.9954888486743468,0.09487861806025347,42.0,206.2206946294772
evt_inv_006887_0,cust_b2b_011,inv_006887,2026-05-23T03:33:12.585795+00:00,2413006,OFFER_PAYMENT_PLAN,0.05,1,1.4619097160227659,0.35,1.1897594305219095,0.0,1.0,0.9955492250395516,0.09424298659926006,38.0,215.9450305793911
evt_inv_008312_1,cust_b2b_022,inv_008312,2026-05-23T03:40:10.168391+00:00,2172131,OFFER_PAYMENT_PLAN,0.8500000000000001,0,17.670576649893732,0.17869415807560138,0.3820815934267038,1.0,1.0,0.9955809674834555,0.09390706674530296,39.0,209.70286970590053
evt_inv_006616_0,cust_b2b_028,inv_006616,2026-05-23T03:48:00.186270+00:00,7053845,OFFER_PAYMENT_PLAN,0.05,0,8.060604089990568,0.3333333333333333,0.9290630342589218,0.0,1.0,0.995616560193636,0.09352895310112291,28.0,202.9561459234629
evt_inv_006670_0,cust_b2b_016,inv_006670,2026-05-23T03:54:01.574343+00:00,10242120,SEND_REMINDER,0.8500000000000001,0,4.030006171250201,0.22945205479452055,0.07660266562504438,0.0,1.0,0.9956438291164637,0.09323821932183195,26.0,208.8507833944716
evt_inv_003686_0,cust_b2b_005,inv_003686,2026-05-23T03:56:11.024324+00:00,13959913,SEND_REMINDER,0.8500000000000001,0,1.4742951876165171,0.21753246753246752,1.989591445492394,0.0,1.0,0.9956535762510911,0.09313407592504831,39.0,213.50377419680612
evt_inv_005646_0,cust_b2b_003,inv_005646,2026-05-23T04:00:34.429339+00:00,4801857,SEND_REMINDER,0.8500000000000001,1,6.684755036366798,0.16723549488054607,0.005409616250795601,0.0,1.0,0.9956733761009434,0.0929221616394563,32.0,208.09538176584388
evt_inv_002929_0,cust_b2b_027,inv_002929,2026-05-23T04:04:43.796416+00:00,2299507,SEND_REMINDER,0.8500000000000001,1,3.9127949257710726,0.14838709677419354,-0.43323886604663725,0.0,1.0,0.9956920791730968,0.09272153726052904,42.0,206.25172937268317
evt_inv_002292_1,cust_b2b_002,inv_002292,2026-05-23T04:09:02.938453+00:00,3333463,OFFER_PAYMENT_PLAN,0.8500000000000001,1,19.647713575292386,0.12937062937062938,-0.3080079984487906,1.0,1.0,0.9957114725554385,0.09251304460172213,40.0,215.74854538826187
evt_inv_006462_0,cust_b2b_011,inv_006462,2026-05-23T04:30:41.566703+00:00,1797638,SEND_REMINDER,0.8500000000000001,0,8.649201410291056,0.35231316725978645,0.24879124639056263,0.0,1.0,0.9958080002635739,0.09146817266712023,38.0,215.98494933990483
evt_inv_007172_0,cust_b2b_029,inv_007172,2026-05-23T04:35:06.449992+00:00,5552081,SEND_REMINDER,0.8500000000000001,1,8.137279326142494,0.22968197879858657,-0.020572466525930793,0.0,1.0,0.9958275545465414,0.09125503605749724,43.0,217.25615221130684
evt_inv_007663_1,cust_b2b_035,inv_007663,2026-05-23T05:41:13.482306+00:00,4468804,OFFER_PAYMENT_PLAN,0.8500000000000001,1,24.311824643106103,0.3378839590443686,-0.3882132230666612,1.0,1.0,0.996114951712123,0.08806249471571118,32.0,220.04798706690357
evt_inv_006552_0,cust_b2b_037,inv_006552,2026-05-23T05:42:08.197735+00:00,3254692,SEND_REMINDER,0.8500000000000001,0,4.420314483546923,0.2698961937716263,0.30871058871955914,0.0,1.0,0.9961188440972734,0.08801845507796681,42.0,213.45126399980782
evt_inv_008825_0,cust_b2b_008,inv_008825,2026-05-23T05:58:11.830566+00:00,6372286,SEND_REMINDER,0.8500000000000001,0,3.0574925246905256,0.22758620689655173,-0.5259298712336223,0.0,1.0,0.9961870765810805,0.08724281318733647,45.0,205.41747903270934
evt_inv_002083_0,cust_b2b_018,inv_002083,2026-05-23T06:04:07.077656+00:00,1863678,ESCALATE_COLLECTIONS,0.05,1,9.967635954090518,0.625,-0.21090669102002169,0.0,1.0,0.996212078392743,0.08695685633928729,33.0,206.67818141313919
evt_inv_001687_1,cust_b2b_016,inv_001687,2026-05-23T06:18:11.190077+00:00,11651708,OFFER_PAYMENT_PLAN,0.8500000000000001,0,18.726987590003013,0.22866894197952217,0.43121169528039077,1.0,1.0,0.9962711566395065,0.08627735767963601,27.0,208.95089468768674
evt_inv_008129_0,cust_b2b_013,inv_008129,2026-05-23T06:38:20.760211+00:00,3103512,SEND_REMINDER,0.8500000000000001,0,7.765742719076932,0.19122257053291536,0.7137568991076108,0.0,1.0,0.9963550048502982,0.0853036008018561,36.0,216.9739525567346
evt_inv_008111_0,cust_b2b_016,inv_008111,2026-05-23T06:39:49.336516+00:00,8950986,SEND_REMINDER,0.8500000000000001,0,2.8486518257784867,0.22789115646258504,-0.24820685633902712,0.0,1.0,0.9963611076198908,0.08523228978775826,28.0,208.9659195307281
evt_inv_008132_1,cust_b2b_023,inv_008132,2026-05-23T06:42:34.523156+00:00,1601617,OFFER_PAYMENT_PLAN,0.8500000000000001,1,16.29607021879882,0.41694915254237286,-0.7214491371681392,1.0,1.0,0.9963724750879593,0.08509930015631073,43.0,206.57261066658347
evt_inv_006383_1,cust_b2b_010,inv_006383,2026-05-23T06:46:36.808067+00:00,3032247,ESCALATE_COLLECTIONS,0.05,0,24.728156580510998,0.12582781456953643,0.09788946843945151,1.0,1.0,0.996389116031485,0.08490423696139063,36.0,212.95590743956214
evt_inv_002822_1,cust_b2b_003,inv_002822,2026-05-23T06:47:40.831596+00:00,5140175,OFFER_PAYMENT_PLAN,0.8500000000000001,0,22.9713311213664,0.17006802721088435,0.18193025205206767,1.0,1.0,0.9963935070041896,0.08485269117648535,33.0,208.21142808825843
evt_inv_005813_0,cust_b2b_008,inv_005813,2026-05-23T07:11:16.897857+00:00,7532531,SEND_REMINDER,0.8500000000000001,0,2.2146451352142655,0.2268041237113402,-0.16649735587454922,0.0,1.0,0.9964899443538556,0.08371254865102219,46.0,205.46823212635027
evt_inv_001498_0,cust_b2b_008,inv_001498,2026-05-23T07:19:28.200311+00:00,10508488,SEND_REMINDER,0.8500000000000001,0,1.7891531811727253,0.22602739726027396,0.7554240391741425,0.0,1.0,0.9965230983393074,0.08331695191392333,47.0,205.4739184973478
evt_inv_008539_0,cust_b2b_025,inv_008539,2026-05-23T07:30:39.478732+00:00,13716676,SEND_REMINDER,0.8500000000000001,0,6.24922268099592,0.19337016574585636,0.8813473494031047,0.0,1.0,0.9965681435489953,0.0827764173138056,39.0,214.43146462218542
evt_inv_002439_1,cust_b2b_008,inv_002439,2026-05-23T07:39:22.427957+00:00,10244348,SEND_REMINDER,0.05,0,22.06997868243031,0.22525597269624573,0.6735962921357859,1.0,1.0,0.9966030321585966,0.08235530518607326,48.0,205.48774057658548
evt_inv_001087_0,cust_b2b_008,inv_001087,2026-05-23T08:02:30.806952+00:00,5945581,SEND_REMINDER,0.8500000000000001,0,5.7567488974121215,0.22448979591836735,-0.6581185515237686,0.0,1.0,0.9966947946431228,0.08123722257255683,49.0,205.50380977791647
evt_inv_004546_1,cust_b2b_022,inv_004546,2026-05-23T08:03:00.909200+00:00,2307746,OFFER_PAYMENT_PLAN,0.8500000000000001,1,18.626439118908394,0.1780821917808219,0.5620215633582025,1.0,1.0,0.9966967703058258,0.08121297963956248,38.0,209.88540142822535
evt_inv_004983_1,cust_b2b_033,inv_004983,2026-05-23T08:17:58.586794+00:00,4782529,OFFER_PAYMENT_PLAN,0.8500000000000001,1,22.873721974513064,0.13114754098360656,0.24165877056185153,1.0,1.0,0.9967554154523196,0.08049001035205405,39.0,202.4941900139235
evt_inv_000229_0,cust_b2b_013,inv_000229,2026-05-23T08:23:14.521415+00:00,3072101,SEND_REMINDER,0.8500000000000001,0,1.3457380816364077,0.190625,0.6812304461615911,0.0,1.0,0.9967759306544869,0.08023555363977747,37.0,217.0467970151108
evt_inv_007697_1,cust_b2b_034,inv_007697,2026-05-23T08:35:43.349997+00:00,4618635,ESCALATE_COLLECTIONS,0.05,1,21.66514082246668,0.4541984732824427,-0.2799400469358013,1.0,1.0,0.9968242963586623,0.07963241920887405,37.0,203.28149491456563
evt_inv_008317_1,cust_b2b_015,inv_008317,2026-05-23T08:38:44.388891+00:00,8742701,OFFER_PAYMENT_PLAN,0.8500000000000001,0,21.11956124098933,0.15333333333333332,-0.22830634310107806,1.0,1.0,0.9968359346064285,0.07948659935692495,40.0,214.48723709574816
evt_inv_002282_0,cust_b2b_035,inv_002282,2026-05-23T09:11:13.181718+00:00,5211376,WRITE_OFF,0.05,0,1.128656860253174,0.3401360544217687,-0.03730162353151706,0.0,1.0,0.9969598637736262,0.07791681477365926,33.0,220.1938169212185
evt_inv_001072_0,cust_b2b_010,inv_001072,2026-05-23T09:13:58.482475+00:00,3467284,SEND_REMINDER,0.8500000000000001,0,8.686301122114376,0.1254125412541254,0.4706089181750891,0.0,1.0,0.9969702619787468,0.0777836533600018,36.0,213.0582416340968
evt_inv_006467_0,cust_b2b_006,inv_006467,2026-05-23T09:18:08.793335+00:00,4415041,SEND_REMINDER,0.8500000000000001,0,1.7237174474752064,0.2903225806451613,-0.511990629412143,0.0,1.0,0.9969859738659478,0.07758200767296322,42.0,216.5160778318992
evt_inv_001106_0,cust_b2b_017,inv_001106,2026-05-23T10:02:30.914109+00:00,5163761,SEND_REMINDER,0.8500000000000001,1,3.6539477515996226,0.2705479452054795,-0.5213874737432302,0.0,1.0,0.9971505503040077,0.07543725888720167,37.0,217.9336759265183
evt_inv_003173_0,cust_b2b_015,inv_003173,2026-05-23T10:23:21.562230+00:00,13908570,WRITE_OFF,0.05,0,7.762495679472377,0.15282392026578073,1.1139870987800986,0.0,1.0,0.9972262744260407,0.07442954785808419,41.0,214.5598895649579
evt_inv_008257_0,cust_b2b_031,inv_008257,2026-05-23T10:24:35.545792+00:00,13342214,SEND_REMINDER,0.8500000000000001,1,2.0616746751902677,0.27986348122866894,-0.0779574644029147,0.0,1.0,0.9972307220726715,0.07436993313442117,41.0,214.77238679847662
evt_inv_007818_0,cust_b2b_022,inv_007818,2026-05-23T10:43:00.102798+00:00,1666407,SEND_REMINDER,0.8500000000000001,0,3.2874376398681746,0.18088737201365188,-0.288936316695752,0.0,1.0,0.9972967005864736,0.07347986798663718,39.0,209.9965032059782
evt_inv_001981_0,cust_b2b_021,inv_001981,2026-05-23T10:44:35.206077+00:00,9184802,SEND_REMINDER,0.8500000000000001,0,1.6893357484288773,0.32646048109965636,0.005444798000924599,0.0,1.0,0.9973023442477157,0.07340322988813713,24.0,215.45316453851993
evt_inv_008027_0,cust_b2b_029,inv_008027,2026-05-23T10:53:13.088783+00:00,6718129,SEND_REMINDER,0.8500000000000001,1,1.8001623793774102,0.2323943661971831,0.5001569066543693,0.0,1.0,0.9973329733197697,0.07298589130200187,43.0,217.5187290491708
evt_inv_003346_0,cust_b2b_014,inv_003346,2026-05-23T11:11:51.523101+00:00,9913080,SEND_REMINDER,0.8500000000000001,1,7.6821522511683815,0.23018867924528302,-0.161904284733806,0.0,1.0,0.997398524885779,0.07208455143560315,44.0,219.7054711348861
evt_inv_000017_0,cust_b2b_012,inv_000017,2026-05-23T11:12:44.283653+00:00,3488854,SEND_REMINDER,0.8500000000000001,1,9.223215082367444,0.4682274247491639,-0.22732688720333646,0.0,1.0,0.99740159706842,0.07204203054720956,32.0,216.4215290888509
evt_inv_005568_0,cust_b2b_001,inv_005568,2026-05-23T11:46:21.034127+00:00,4903473,SEND_REMINDER,0.8500000000000001,0,9.95718299777149,0.04195804195804196,-0.726901756217385,0.0,1.0,0.9975176709794443,0.07041658954923258,39.0,206.37464629002815
evt_inv_005284_0,cust_b2b_022,inv_005284,2026-05-23T11:59:17.628583+00:00,2550374,SEND_REMINDER,0.8500000000000001,0,5.815010342206449,0.18027210884353742,0.8839510877548702,0.0,1.0,0.9975616614178364,0.06979062737420992,40.0,210.0494838284983
evt_inv_001562_0,cust_b2b_031,inv_001562,2026-05-23T12:36:16.081427+00:00,17091637,SEND_REMINDER,0.8500000000000001,1,4.61424559573928,0.282312925170068,0.6026837456153549,0.0,1.0,0.9976851625529451,0.0680023265903704,42.0,214.86382818314
evt_inv_006770_1,cust_b2b_032,inv_006770,2026-05-23T12:51:16.634928+00:00,7022192,SEND_REMINDER,0.05,1,18.58901128534625,0.10526315789473684,0.17332268678112273,1.0,1.0,0.9977343815121087,0.06727632532065049,36.0,221.470545629673
evt_inv_008553_0,cust_b2b_005,inv_008553,2026-05-23T12:53:02.921893+00:00,9364944,SEND_REMINDER,0.8500000000000001,1,6.229524839798708,0.2168284789644013,0.5118221084872211,0.0,1.0,0.9977401556775243,0.06719063735811456,39.0,213.87659708533388
evt_inv_008405_0,cust_b2b_015,inv_008405,2026-05-23T12:59:51.384056+00:00,7008004,SEND_REMINDER,0.8500000000000001,0,2.3771270317185067,0.152317880794702,-0.6790480299677969,0.0,1.0,0.9977622773857107,0.06686133281710795,41.0,214.6685680583105
evt_inv_008402_0,cust_b2b_006,inv_008402,2026-05-23T13:04:44.076919+00:00,6080747,SEND_REMINDER,0.8500000000000001,0,2.184656716852028,0.28938906752411575,0.23804515563905507,0.0,1.0,0.997778062354274,0.06662535766921203,43.0,216.67343065115537
evt_inv_005035_0,cust_b2b_019,inv_005035,2026-05-23T13:12:20.021220+00:00,3269302,SEND_REMINDER,0.8500000000000001,0,1.338889659961092,0.3148148148148148,-0.10071671198089681,0.0,1.0,0.9978025403142772,0.06625775835609989,44.0,215.48846452297326
evt_inv_000485_0,cust_b2b_039,inv_000485,2026-05-23T13:12:26.245223+00:00,10967454,WRITE_OFF,0.05,0,2.4419493207821032,0.42127659574468085,0.020136692155210856,0.0,1.0,0.9978028735209441,0.06625274027047365,20.0,206.44610187616158
evt_inv_006416_0,cust_b2b_015,inv_006416,2026-05-23T13:12:35.393358+00:00,9302138,SEND_REMINDER,0.8500000000000001,0,4.769222075157474,0.15181518151815182,-0.08294299834514522,0.0,1.0,0.9978033632274614,0.06624536460739455,42.0,214.67741075856847
evt_inv_006045_1,cust_b2b_013,inv_006045,2026-05-23T13:26:42.054361+00:00,2120065,ESCALATE_COLLECTIONS,0.05,0,22.69926864710159,0.19003115264797507,-0.30462472321555284,1.0,1.0,0.9978484495982098,0.06556273052923306,37.0,217.2575323501363
evt_inv_004374_0,cust_b2b_017,inv_004374,2026-05-23T13:32:50.490046+00:00,8432090,SEND_REMINDER,0.8500000000000001,0,3.265195293503467,0.27303754266211605,0.7309472866385083,0.0,1.0,0.9978679236949194,0.06526566371983539,37.0,218.07973583319927
evt_inv_000623_0,cust_b2b_022,inv_000623,2026-05-23T13:50:51.142977+00:00,1687920,SEND_REMINDER,0.8500000000000001,0,3.1475415803309175,0.17966101694915254,-0.2603911789330359,0.0,1.0,0.9979245327372841,0.0643943084524802,41.0,210.1269550599039
evt_inv_007532_0,cust_b2b_016,inv_007532,2026-05-23T14:03:43.277846+00:00,12330283,SEND_REMINDER,0.8500000000000001,1,4.969302147529012,0.2271186440677966,0.6019205049937145,0.0,1.0,0.9979645142866376,0.06377168826866364,27.0,209.27418274057277
evt_inv_008145_0,cust_b2b_006,inv_008145,2026-05-23T14:13:47.651070+00:00,4014832,SEND_REMINDER,0.8500000000000001,0,6.379444137633583,0.28846153846153844,-0.6921971192100305,0.0,1.0,0.9979955380212316,0.06328432736240693,44.0,216.7213886853101
evt_inv_007147_1,cust_b2b_025,inv_007147,2026-05-23T14:31:22.851312+00:00,8029407,OFFER_PAYMENT_PLAN,0.8500000000000001,0,23.44979022988091,0.1928374655647383,-0.5206418187140484,1.0,1.0,0.9980491331116941,0.06243338766233885,40.0,214.7236332863074
evt_inv_005839_0,cust_b2b_015,inv_005839,2026-05-23T14:47:18.146366+00:00,10514899,SEND_REMINDER,0.8500000000000001,0,1.9382394163154948,0.1513157894736842,0.23217955438516358,0.0,1.0,0.9980970281166992,0.06166297482779256,43.0,214.74318336282212
evt_inv_002652_1,cust_b2b_001,inv_002652,2026-05-23T15:10:29.956933+00:00,6589793,OFFER_PAYMENT_PLAN,0.8500000000000001,0,17.710276869509293,0.041811846689895474,-0.11712724887587457,1.0,1.0,0.9981657440128233,0.06054046150573132,40.0,206.51641622991906
evt_inv_000896_1,cust_b2b_032,inv_000896,2026-05-23T15:12:40.943866+00:00,6555440,OFFER_PAYMENT_PLAN,0.8500000000000001,0,24.3821834334138,0.10773480662983426,-0.004368007436450461,1.0,1.0,0.9981721460503572,0.060434814877058936,37.0,221.56874364978762
evt_inv_002669_0,cust_b2b_003,inv_002669,2026-05-23T15:12:56.385935+00:00,4907901,SEND_REMINDER,0.8500000000000001,0,3.2642095477287687,0.1694915254237288,0.06073939629924255,0.0,1.0,0.9981729000507192,0.060422360135440244,33.0,208.56230255977576
evt_inv_005356_0,cust_b2b_019,inv_005356,2026-05-23T15:18:20.510962+00:00,2904641,SEND_REMINDER,0.8500000000000001,1,3.0458360807483054,0.31384615384615383,-0.3683352972150466,0.0,1.0,0.9981886904583076,0.06016093617231155,45.0,215.57597019128005
evt_inv_004366_1,cust_b2b_003,inv_004366,2026-05-23T15:27:40.594164+00:00,2995321,OFFER_PAYMENT_PLAN,0.8500000000000001,1,24.988468793416956,0.16891891891891891,-0.9371658029687884,1.0,1.0,0.9982158146707834,0.05970918975454603,34.0,208.5725364513169
evt_inv_006251_0,cust_b2b_014,inv_006251,2026-05-23T15:35:40.772165+00:00,10681843,SEND_REMINDER,0.8500000000000001,0,6.630702669529288,0.23308270676691728,0.01941587498990361,0.0,1.0,0.9982389063880958,0.05932188275079029,44.0,219.8886800360864
evt_inv_000100_0,cust_b2b_034,inv_000100,2026-05-23T15:53:42.274875+00:00,7978115,SEND_REMINDER,0.8500000000000001,1,9.17137015413204,0.45627376425855515,1.3348763345120542,0.0,1.0,0.9982903653605055,0.05844952034352682,37.0,203.58564913768456
evt_inv_007155_0,cust_b2b_028,inv_007155,2026-05-23T16:34:02.226268+00:00,4806508,WRITE_OFF,0.05,0,3.9644133299013076,0.33211678832116787,-0.16342800492147283,0.0,1.0,0.9984027475929637,0.056497376919826654,28.0,203.48811397899672
evt_inv_002621_0,cust_b2b_001,inv_002621,2026-05-23T16:41:29.970471+00:00,7169498,SEND_REMINDER,0.8500000000000001,0,6.372521444909404,0.041666666666666664,0.09249430544961684,0.0,1.0,0.9984231222981268,0.0561361635709076,41.0,206.57961083105377
evt_inv_007495_0,cust_b2b_007,inv_007495,2026-05-23T16:47:07.127359+00:00,5036268,SEND_REMINDER,0.8500000000000001,0,3.55865240036545,0.2826086956521739,0.44065796890903575,0.0,1.0,0.9984383784477624,0.055864160627389525,40.0,220.50069774420453
evt_inv_005242_0,cust_b2b_032,inv_005242,2026-05-23T16:52:43.722375+00:00,7581631,SEND_REMINDER,0.8500000000000001,0,8.566107326741662,0.10743801652892562,0.38629924205000704,0.0,1.0,0.9984535352556821,0.05559260684147128,38.0,221.63822025289824
evt_inv_003341_1,cust_b2b_020,inv_003341,2026-05-23T17:03:58.969586+00:00,5033214,OFFER_PAYMENT_PLAN,0.8500000000000001,0,19.736374460298784,0.32558139534883723,-0.15315064279440826,1.0,1.0,0.9984837188046051,0.05504782722439042,33.0,204.90352299448077
evt_inv_004042_1,cust_b2b_011,inv_004042,2026-05-23T17:19:53.893242+00:00,1885402,OFFER_PAYMENT_PLAN,0.8500000000000001,1,20.76449782989997,0.35106382978723405,0.3829935364152758,1.0,1.0,0.9985258964767602,0.05427738078870826,38.0,216.51911978595777
evt_inv_003890_0,cust_b2b_007,inv_003890,2026-05-23T17:23:09.816430+00:00,4059674,SEND_REMINDER,0.8500000000000001,0,1.1724161579336714,0.28173374613003094,-0.12957188076760306,0.0,1.0,0.9985344766381393,0.05411930307198281,41.0,220.5257288677074
evt_inv_000416_0,cust_b2b_006,inv_000416,2026-05-23T17:32:52.675829+00:00,5430468,SEND_REMINDER,0.8500000000000001,0,3.0923455065644956,0.28753993610223644,-0.05476303326229483,0.0,1.0,0.9985598541227079,0.05364902361121238,43.0,216.85964128668365
evt_inv_002696_1,cust_b2b_022,inv_002696,2026-05-23T17:38:14.381123+00:00,2484863,OFFER_PAYMENT_PLAN,0.8500000000000001,1,18.02285667903253,0.17905405405405406,0.7970286402069849,1.0,1.0,0.998573766192352,0.05338945094699684,41.0,210.2848629088212
evt_inv_008333_0,cust_b2b_037,inv_008333,2026-05-23T17:45:40.091188+00:00,2589672,OFFER_PAYMENT_PLAN,0.05,1,1.5058074302523776,0.2689655172413793,-0.2651838762998708,0.0,1.0,0.9985929293174431,0.05302981724660097,41.0,213.95371647032297
evt_inv_007795_1,cust_b2b_013,inv_007795,2026-05-23T18:00:38.553411+00:00,2786280,OFFER_PAYMENT_PLAN,0.8500000000000001,0,17.45466595281234,0.18944099378881987,0.3852560346370885,1.0,1.0,0.9986311646415682,0.052304846875075015,37.0,217.44776960766285
evt_inv_000868_1,cust_b2b_025,inv_000868,2026-05-23T18:03:41.807358+00:00,9530536,OFFER_PAYMENT_PLAN,0.8500000000000001,0,17.845830865382766,0.19230769230769232,-0.15059312555315624,1.0,1.0,0.9986388986484859,0.052156975623009263,40.0,214.87107490720155
evt_inv_008551_0,cust_b2b_034,inv_008551,2026-05-23T18:11:16.341663+00:00,5178727,SEND_REMINDER,0.8500000000000001,1,1.8765963593042816,0.4583333333333333,-0.010717975567765064,0.0,1.0,0.9986579872001419,0.05179019792741998,38.0,203.68118231810627
evt_inv_006738_1,cust_b2b_038,inv_006738,2026-05-23T18:21:57.351177+00:00,5041096,WRITE_OFF,0.05,1,23.26771538257451,0.2733812949640288,0.42224985085583655,1.0,1.0,0.9986846779914238,0.05127293579624843,34.0,216.76727820183032
evt_inv_006154_1,cust_b2b_027,inv_006154,2026-05-23T18:21:58.570185+00:00,3336181,OFFER_PAYMENT_PLAN,0.8500000000000001,0,22.62697786093142,0.15112540192926044,0.4985076913704112,1.0,1.0,0.9986847284940835,0.051271952105401614,40.0,206.84703925427257
evt_inv_003074_0,cust_b2b_010,inv_003074,2026-05-23T18:36:06.502191+00:00,2035423,SEND_REMINDER,0.8500000000000001,1,1.649638427705109,0.125,-0.7561430047259428,0.0,1.0,0.9987196229815873,0.05058769288588031,37.0,213.4486122326634
evt_inv_004533_1,cust_b2b_005,inv_004533,2026-05-23T18:36:34.388979+00:00,8188455,OFFER_PAYMENT_PLAN,0.8500000000000001,0,24.179932568461396,0.21935483870967742,0.13345614094132485,1.0,1.0,0.9987207626286467,0.05056518856342092,38.0,214.1151557321655
evt_inv_001073_1,cust_b2b_032,inv_001073,2026-05-23T18:58:52.878438+00:00,6083452,OFFER_PAYMENT_PLAN,0.8500000000000001,0,22.22881542741489,0.10714285714285714,-0.18405221353096396,1.0,1.0,0.9987748662811834,0.04948501273117127,38.0,221.7258262258575
evt_inv_005580_0,cust_b2b_035,inv_005580,2026-05-23T19:04:54.313646+00:00,4605260,SEND_REMINDER,0.8500000000000001,1,5.427951439676183,0.3389830508474576,-0.3237290226716229,0.0,1.0,0.9987892756807623,0.04919332053336426,31.0,220.60609854075128
evt_inv_007975_1,cust_b2b_033,inv_007975,2026-05-23T19:24:55.920827+00:00,4054424,ESCALATE_COLLECTIONS,0.05,0,22.32283780537285,0.13398692810457516,-0.175738673238494,1.0,1.0,0.9988365679693131,0.04822354702097029,39.0,202.95735360227522
evt_inv_002661_1,cust_b2b_007,inv_002661,2026-05-23T19:55:46.684962+00:00,3213635,OFFER_PAYMENT_PLAN,0.8500000000000001,1,23.214444240645577,0.2808641975308642,-0.6235706824721384,1.0,1.0,0.9989075674112343,0.046729773898129705,42.0,220.63171114238455
evt_inv_007607_0,cust_b2b_009,inv_007607,2026-05-23T20:06:35.456377+00:00,4677971,SEND_REMINDER,0.8500000000000001,0,1.484537077968576,0.1592356687898089,-0.5063264124225947,0.0,1.0,0.9989319269358776,0.04620611808163907,41.0,211.73836832246775
evt_inv_005412_1,cust_b2b_037,inv_005412,2026-05-23T20:13:11.432487+00:00,2063167,OFFER_PAYMENT_PLAN,0.8500000000000001,0,22.780239416721752,0.27147766323024053,-0.7195429754292697,1.0,1.0,0.9989466598082628,0.04588649973483401,42.0,214.05616255017267
evt_inv_003269_0,cust_b2b_005,inv_003269,2026-05-23T20:29:38.158293+00:00,7943581,SEND_REMINDER,0.8500000000000001,1,4.981355453614787,0.21864951768488747,0.054703335717965894,0.0,1.0,0.9989829274642861,0.04509002810915998,39.0,214.19367158070577
evt_inv_005952_0,cust_b2b_037,inv_005952,2026-05-23T20:30:21.034836+00:00,2205195,SEND_REMINDER,0.8500000000000001,1,5.835334983536272,0.2705479452054795,-0.5969766498070477,0.0,1.0,0.9989844890189069,0.04505541809409179,43.0,214.06807924403043
evt_inv_002111_1,cust_b2b_002,inv_002111,2026-05-23T20:30:34.254599+00:00,3796423,SEND_REMINDER,0.05,0,18.13290789520752,0.13240418118466898,-0.0035782552899842964,1.0,1.0,0.9989849702380181,0.04504474706939782,38.0,216.43015784365568
evt_inv_007350_0,cust_b2b_014,inv_007350,2026-05-23T20:40:25.735649+00:00,11893089,SEND_REMINDER,0.8500000000000001,0,3.9180960522136234,0.23220973782771537,0.30509987219443113,0.0,1.0,0.9990063843883832,0.044567296880671396,44.0,220.10031155789503
evt_inv_005974_0,cust_b2b_039,inv_005974,2026-05-23T20:43:56.539869+00:00,7603404,SEND_REMINDER,0.8500000000000001,0,7.9954937658715,0.4194915254237288,-0.752865483528934,0.0,1.0,0.9990139612492268,0.044397130865951456,20.0,206.75964695308775
evt_inv_000954_0,cust_b2b_020,inv_000954,2026-05-23T20:58:36.107769+00:00,4130469,SEND_REMINDER,0.8500000000000001,0,4.286892526857816,0.32450331125827814,-0.574075566517703,0.0,1.0,0.9990452624662735,0.04368710958274496,34.0,205.06645283455723
evt_inv_000679_1,cust_b2b_029,inv_000679,2026-05-23T21:01:42.828498+00:00,8381718,OFFER_PAYMENT_PLAN,0.8500000000000001,1,18.658252945704625,0.23508771929824562,1.2430758536469397,1.0,1.0,0.9990518423710336,0.04353637852467038,41.0,217.94129548105715
evt_inv_006646_0,cust_b2b_027,inv_006646,2026-05-23T21:08:31.632421+00:00,2273898,SEND_REMINDER,0.8500000000000001,0,1.038522627855156,0.15064102564102563,-0.4562556926228066,0.0,1.0,0.9990661689282976,0.04320636646299227,41.0,206.96269969681057
evt_inv_004551_0,cust_b2b_030,inv_004551,2026-05-23T21:14:23.190747+00:00,2027194,SEND_REMINDER,0.8500000000000001,1,4.251605103122625,0.3018867924528302,-0.3644678883240447,0.0,1.0,0.9990784021278744,0.042922562850013585,35.0,221.73175970171368
evt_inv_001263_0,cust_b2b_026,inv_001263,2026-05-23T21:21:27.077982+00:00,3776987,SEND_REMINDER,0.8500000000000001,0,5.539945028342926,0.2706270627062706,-0.5204389189323814,0.0,1.0,0.9990930449555714,0.042580365444705566,34.0,206.0264487060964
evt_inv_000116_1,cust_b2b_022,inv_000116,2026-05-23T21:35:38.308152+00:00,1527570,OFFER_PAYMENT_PLAN,0.8500000000000001,0,18.234241922425422,0.18181818181818182,-0.4731508098513511,1.0,1.0,0.999122095969542,0.04189316585589168,41.0,210.44972317535812
evt_inv_001223_0,cust_b2b_031,inv_001223,2026-05-23T21:46:36.837304+00:00,18785322,SEND_REMINDER,0.8500000000000001,0,9.600216613108655,0.2847457627118644,0.9101422994293393,0.0,1.0,0.9991442461528937,0.04136152051805865,43.0,215.2460128576416
evt_inv_004520_0,cust_b2b_013,inv_004520,2026-05-23T21:56:20.716337+00:00,2545606,SEND_REMINDER,0.8500000000000001,0,5.940173087193833,0.18885448916408668,0.13603230082124831,0.0,1.0,0.9991636488069935,0.040890132094369334,38.0,217.6114520489357
evt_inv_005383_0,cust_b2b_025,inv_005383,2026-05-23T22:15:17.237235+00:00,8154917,SEND_REMINDER,0.8500000000000001,0,4.183041775583895,0.1917808219178082,-0.4897020165999033,0.0,1.0,0.9992007783162994,0.039972548231274455,41.0,215.04579053078393
evt_inv_008225_0,cust_b2b_019,inv_008225,2026-05-23T22:26:35.089203+00:00,4717285,SEND_REMINDER,0.8500000000000001,0,3.7252484743234198,0.3159509202453988,0.96193266865554,0.0,1.0,0.9992225221945457,0.03942526016617632,46.0,215.87336114314584
evt_inv_001064_0,cust_b2b_031,inv_001064,2026-05-23T22:38:48.615530+00:00,15150448,SEND_REMINDER,0.8500000000000001,0,6.4785983521917965,0.28378378378378377,0.250295227748858,0.0,1.0,0.9992457142677232,0.0388330080934711,44.0,215.28226029080892
evt_inv_008792_1,cust_b2b_003,inv_008792,2026-05-23T22:41:03.093572+00:00,5260261,WRITE_OFF,0.05,0,19.671462035231272,0.1717171717171717,0.24458610226796224,1.0,1.0,0.9992499280146073,0.03872442850194144,35.0,208.87349130557163
evt_inv_003480_1,cust_b2b_013,inv_003480,2026-05-23T22:44:04.611358+00:00,2178902,OFFER_PAYMENT_PLAN,0.8500000000000001,0,16.438722907775034,0.1882716049382716,-0.24369722094061008,1.0,1.0,0.9992555969982166,0.038577867589300936,39.0,217.64459898204686
evt_inv_002419_0,cust_b2b_016,inv_002419,2026-05-23T22:59:48.799092+00:00,10493633,SEND_REMINDER,0.8500000000000001,0,6.695593795000743,0.22972972972972974,0.1398758369409286,0.0,1.0,0.9992847382126164,0.03781549914178906,28.0,209.6464688660959
evt_inv_006861_0,cust_b2b_009,inv_006861,2026-05-23T23:07:08.680742+00:00,6491347,SEND_REMINDER,0.8500000000000001,0,3.0197031161505654,0.15873015873015872,0.26650446295855806,0.0,1.0,0.9992981160201043,0.03746031658528873,41.0,211.86375286372797
evt_inv_008703_0,cust_b2b_014,inv_008703,2026-05-23T23:13:42.913250+00:00,9681432,SEND_REMINDER,0.8500000000000001,0,7.4971770647196925,0.23134328358208955,-0.216540778192812,0.0,1.0,0.9993099982597994,0.03714198941898193,45.0,220.20676037271645
evt_inv_006877_0,cust_b2b_005,inv_006877,2026-05-23T23:17:09.586411+00:00,8795216,SEND_REMINDER,0.8500000000000001,0,1.6612450422708542,0.22115384615384615,0.32859416527460106,0.0,1.0,0.9993161869123977,0.03697510750310182,39.0,214.31000755429795
evt_inv_008593_0,cust_b2b_031,inv_008593,2026-05-23T23:47:40.944706+00:00,9367602,SEND_REMINDER,0.8500000000000001,0,6.722445765106422,0.2828282828282828,-0.7994778297158824,0.0,1.0,0.9993698077652396,0.035496300191259475,44.0,215.3300881747954
evt_inv_003619_0,cust_b2b_010,inv_003619,2026-05-23T23:47:43.097680+00:00,4277254,SEND_REMINDER,0.8500000000000001,0,5.3550810297988285,0.12786885245901639,1.1645543175246116,0.0,1.0,0.9993698695149328,0.035494561635638106,38.0,213.66500801378848
evt_inv_005928_0,cust_b2b_006,inv_005928,2026-05-23T23:48:48.610897+00:00,3321107,SEND_REMINDER,0.8500000000000001,0,8.084708122972915,0.28662420382165604,-1.0045683641174081,0.0,1.0,0.9993717470609645,0.03544165876924255,43.0,217.12070534998006
evt_inv_005338_0,cust_b2b_021,inv_005338,2026-05-23T23:49:46.196561+00:00,7314783,SEND_REMINDER,0.8500000000000001,0,5.334261393586519,0.3253424657534247,-0.5046618581900771,0.0,1.0,0.9993733950982495,0.03539515743428824,24.0,215.99843063208775
evt_inv_004342_0,cust_b2b_002,inv_004342,2026-05-24T00:08:57.049127+00:00,4870897,SEND_REMINDER,0.8500000000000001,0,6.501849470473448,0.13194444444444445,0.7029652786757614,0.0,1.0,0.999405877485281,0.0344658098392539,39.0,216.58181055810064
evt_inv_002469_0,cust_b2b_020,inv_002469,2026-05-24T00:11:44.342160+00:00,4488634,SEND_REMINDER,0.8500000000000001,0,6.356996397146864,0.3234323432343234,-0.4070733132220212,0.0,1.0,0.9994105273248273,0.03433071325082891,34.0,205.20057591778973
evt_inv_002178_0,cust_b2b_003,inv_002178,2026-05-24T00:44:57.439209+00:00,5428810,SEND_REMINDER,0.8500000000000001,0,8.819450678586701,0.17114093959731544,0.33252771328985203,0.0,1.0,0.9994645197726371,0.03272115089131262,35.0,208.9595369726694
evt_inv_002950_0,cust_b2b_004,inv_002950,2026-05-24T00:48:36.627277+00:00,3579984,SEND_REMINDER,0.8500000000000001,1,2.01882719155516,0.16611295681063123,0.3528428920108845,0.0,1.0,0.9994702993061035,0.03254413626089582,32.0,218.3430614615671
evt_inv_003273_0,cust_b2b_038,inv_003273,2026-05-24T00:57:36.740699+00:00,4892094,SEND_REMINDER,0.8500000000000001,1,1.199663032789093,0.27598566308243727,0.33587546366305254,0.0,1.0,0.9994844071640188,0.03210794038847483,34.0,217.04203965463284
evt_inv_001143_1,cust_b2b_027,inv_001143,2026-05-24T01:06:53.407752+00:00,2576049,OFFER_PAYMENT_PLAN,0.8500000000000001,0,23.744058798073773,0.1501597444089457,-0.18468683301365288,1.0,1.0,0.9994987481968575,0.03165836939760066,42.0,207.1282295038849
evt_inv_000224_0,cust_b2b_035,inv_000224,2026-05-24T01:07:30.039362+00:00,5537403,SEND_REMINDER,0.8500000000000001,1,4.120357231818476,0.34121621621621623,0.11676610986712864,0.0,1.0,0.9994996848206892,0.03162878504373715,31.0,220.85790092172692
evt_inv_007482_0,cust_b2b_005,inv_007482,2026-05-24T01:19:23.061317+00:00,6973994,SEND_REMINDER,0.8500000000000001,1,4.501001675301963,0.22044728434504793,-0.2571217273810746,0.0,1.0,0.9995177414800941,0.03105293007965293,40.0,214.39488573607363
evt_inv_007714_0,cust_b2b_013,inv_007714,2026-05-24T01:22:41.079917+00:00,1569034,SEND_REMINDER,0.8500000000000001,0,8.99125443339107,0.18769230769230769,-0.8752298703789618,0.0,1.0,0.9995226972645442,0.030893003301884624,39.0,217.75474329406924
evt_inv_008077_0,cust_b2b_016,inv_008077,2026-05-24T01:36:06.066893+00:00,11660730,SEND_REMINDER,0.8500000000000001,0,4.298101619948385,0.22895622895622897,0.43348148327055347,0.0,1.0,0.9995425801099372,0.030242859441026934,29.0,209.75500205824142
evt_inv_005891_0,cust_b2b_000,inv_005891,2026-05-24T01:56:48.289726+00:00,3968489,SEND_REMINDER,0.8500000000000001,1,8.485329718513036,0.3401360544217687,-0.47573396926533973,0.0,1.0,0.9995724326839521,0.029239559132895575,42.0,213.72925141838627
evt_inv_007871_1,cust_b2b_026,inv_007871,2026-05-24T01:57:02.887817+00:00,3250327,OFFER_PAYMENT_PLAN,0.8500000000000001,1,24.97445702686325,0.26973684210526316,-0.796467108622198,1.0,1.0,0.9995727775122636,0.02922776858432432,34.0,206.2178353939943
evt_inv_003909_0,cust_b2b_001,inv_003909,2026-05-24T01:57:45.405697+00:00,7532366,SEND_REMINDER,0.8500000000000001,0,7.694226962744271,0.04152249134948097,0.22370753186730424,0.0,1.0,0.9995737810545383,0.029193427827748197,41.0,206.9659005906108
evt_inv_004985_0,cust_b2b_019,inv_004985,2026-05-24T02:03:12.871846+00:00,2410250,SEND_REMINDER,0.8500000000000001,0,8.300374574644279,0.3149847094801223,-0.7311601024181797,0.0,1.0,0.9995814706471304,0.028928939471053364,47.0,216.02379844226024
evt_inv_003959_1,cust_b2b_005,inv_003959,2026-05-24T02:10:33.171122+00:00,6675077,OFFER_PAYMENT_PLAN,0.8500000000000001,0,17.807978643245434,0.2229299363057325,-0.35325533763010686,1.0,1.0,0.999591699489048,0.028573314693901473,41.0,214.43041941438287
evt_inv_006569_0,cust_b2b_019,inv_006569,2026-05-24T02:21:28.106844+00:00,4110526,SEND_REMINDER,0.8500000000000001,0,5.880735063245886,0.31402439024390244,0.5166426412663208,0.0,1.0,0.9996066806013799,0.028044323794499844,48.0,216.0364747732544
evt_inv_005457_0,cust_b2b_018,inv_005457,2026-05-24T02:30:31.506701+00:00,1979581,SEND_REMINDER,0.8500000000000001,0,2.554049564286304,0.6265060240963856,-0.06854749788590705,0.0,1.0,0.9996188979304635,0.027605414329177905,32.0,207.5298530456001
evt_inv_006800_1,cust_b2b_030,inv_006800,2026-05-24T02:31:47.150498+00:00,2505462,OFFER_PAYMENT_PLAN,0.8500000000000001,0,16.811210439465988,0.30407523510971785,0.13936046322635062,1.0,1.0,0.9996205833589675,0.02754431565817852,36.0,221.95217590253188
evt_inv_006564_1,cust_b2b_032,inv_006564,2026-05-24T02:37:30.830686+00:00,8083701,SEND_REMINDER,0.05,0,20.169908922510743,0.10684931506849316,0.5774351590941988,1.0,1.0,0.9996281939102697,0.027266718535464408,39.0,222.04432104354524
evt_inv_002272_0,cust_b2b_018,inv_002272,2026-05-24T02:50:04.866957+00:00,1848028,SEND_REMINDER,0.8500000000000001,0,2.1022119732707263,0.624,-0.23012924488224287,0.0,1.0,0.9996446213934723,0.026657661546007436,33.0,207.543433604117
evt_inv_001554_0,cust_b2b_003,inv_001554,2026-05-24T02:51:15.523965+00:00,5159458,SEND_REMINDER,0.8500000000000001,1,3.070098967783844,0.1705685618729097,0.19199137914319178,0.0,1.0,0.999646141716114,0.026600589318414764,36.0,209.04724628696945
evt_inv_008685_0,cust_b2b_017,inv_008685,2026-05-24T03:33:00.699797+00:00,6015908,SEND_REMINDER,0.8500000000000001,0,1.8659024994262532,0.272108843537415,-0.1948680402716126,0.0,1.0,0.9996979395883759,0.02457701330015201,35.0,218.66318733495177
evt_inv_002154_0,cust_b2b_000,inv_002154,2026-05-24T03:42:15.285535+00:00,4825964,SEND_REMINDER,0.8500000000000001,0,7.058894698337322,0.3423728813559322,-0.038349180307658624,0.0,1.0,0.9997088526136151,0.024129028284812934,43.0,213.80248053653756
evt_inv_003885_0,cust_b2b_026,inv_003885,2026-05-24T03:58:02.889548+00:00,5185609,SEND_REMINDER,0.8500000000000001,1,8.223536096260911,0.2721311475409836,0.21783565699089,0.0,1.0,0.9997270348106175,0.023363558563931915,34.0,206.30186319180916
evt_inv_007624_1,cust_b2b_010,inv_007624,2026-05-24T04:06:17.438427+00:00,3120136,WRITE_OFF,0.05,0,23.476209826334117,0.12745098039215685,0.17318866808487068,1.0,1.0,0.999736291225575,0.02296405901691487,39.0,213.84457214280496
evt_inv_006302_1,cust_b2b_011,inv_006302,2026-05-24T04:16:40.342434+00:00,1756677,OFFER_PAYMENT_PLAN,0.8500000000000001,1,18.137224994716338,0.35335689045936397,0.18615734853619073,1.0,1.0,0.9997477228775584,0.022460868218673425,38.0,216.97521294789968
evt_inv_008443_0,cust_b2b_028,inv_008443,2026-05-24T04:28:55.035043+00:00,4805804,SEND_REMINDER,0.8500000000000001,0,1.9611175231876112,0.33090909090909093,-0.16376980936318708,0.0,1.0,0.9997608805700853,0.021867365678740338,27.0,203.9845585250034
evt_inv_006203_0,cust_b2b_024,inv_006203,2026-05-24T04:30:34.292005+00:00,5638997,SEND_REMINDER,0.8500000000000001,0,4.604183853200308,0.13664596273291926,0.6000418195222805,0.0,1.0,0.9997626311586992,0.0217871828980898,45.0,212.40585095363198
evt_inv_002017_0,cust_b2b_019,inv_002017,2026-05-24T04:36:02.267878+00:00,3327615,ESCALATE_COLLECTIONS,0.05,0,1.2478315580727657,0.3130699088145897,-0.05792228786172584,0.0,1.0,0.9997683699158579,0.021522233057661308,49.0,216.12992571114958
evt_inv_000992_0,cust_b2b_025,inv_000992,2026-05-24T04:42:30.781728+00:00,11516960,SEND_REMINDER,0.8500000000000001,1,2.358774572841767,0.1912568306010929,0.33908748586221804,0.0,1.0,0.9997750770843854,0.02120837666845657,42.0,215.3146972957436
evt_inv_005496_0,cust_b2b_003,inv_005496,2026-05-24T04:51:59.382530+00:00,6181713,SEND_REMINDER,0.8500000000000001,0,1.459130799285546,0.17333333333333334,0.7253617306524601,0.0,1.0,0.9997847155918886,0.02074903537146599,37.0,209.13108724259283
evt_inv_003231_0,cust_b2b_035,inv_003231,2026-05-24T05:00:16.174326+00:00,5433363,SEND_REMINDER,0.8500000000000001,0,4.817244085686408,0.3434343434343434,0.06760072381131842,0.0,1.0,0.9997929640994404,0.020347701031198165,32.0,221.01954600232432
evt_inv_007873_0,cust_b2b_012,inv_007873,2026-05-24T05:02:22.181811+00:00,4338877,SEND_REMINDER,0.8500000000000001,1,9.182739257761526,0.47,0.3263868375100728,0.0,1.0,0.9997950306574408,0.02024590508441281,29.0,217.16432883605808
evt_inv_004932_1,cust_b2b_038,inv_004932,2026-05-24T05:09:10.780673+00:00,4861651,OFFER_PAYMENT_PLAN,0.8500000000000001,0,17.270454691433976,0.2785714285714286,0.31822836033520485,1.0,1.0,0.9998016604978824,0.019915814461802583,34.0,217.21673919136802
evt_inv_006789_0,cust_b2b_022,inv_006789,2026-05-24T05:13:27.168968+00:00,1903793,SEND_REMINDER,0.8500000000000001,0,7.764978954736064,0.18120805369127516,0.026039075038375506,0.0,1.0,0.9998057649541483,0.019708687537487283,41.0,210.76764980516614
evt_inv_008309_1,cust_b2b_034,inv_008309,2026-05-24T05:27:11.050841+00:00,5445629,SEND_REMINDER,0.05,1,21.162717219693292,0.46037735849056605,0.11757479452872893,1.0,1.0,0.9998186637833857,0.01904309718520599,38.0,204.15056552617548
evt_inv_005739_0,cust_b2b_037,inv_005739,2026-05-24T05:27:58.939501+00:00,3529395,SEND_REMINDER,0.8500000000000001,0,1.7081988835125856,0.27303754266211605,0.5457721922599676,0.0,1.0,0.9998193999099846,0.01900440905785555,44.0,214.4414346221008
evt_inv_002376_0,cust_b2b_008,inv_002376,2026-05-24T05:43:47.959497+00:00,8502246,SEND_REMINDER,0.8500000000000001,0,1.1324714038349737,0.22372881355932203,0.13391049716932138,0.0,1.0,0.9998336790948127,0.018237712239506678,47.0,206.40748052495778
evt_inv_007579_0,cust_b2b_005,inv_007579,2026-05-24T06:29:31.007257+00:00,7990983,SEND_REMINDER,0.8500000000000001,0,5.184957007444274,0.2222222222222222,0.06994785456608676,0.0,1.0,0.999871646045338,0.01602159276059743,42.0,214.61025548075443
evt_inv_000252_1,cust_b2b_007,inv_000252,2026-05-24T06:31:46.696532+00:00,3629952,SEND_REMINDER,0.05,1,20.710817112911684,0.28307692307692306,-0.38048476887446925,1.0,1.0,0.9998733966435229,0.01591196670886993,41.0,221.07337794296612
evt_inv_002708_1,cust_b2b_022,inv_002708,2026-05-24T06:32:30.515715+00:00,1605262,SEND_REMINDER,0.05,0,22.393891336771674,0.1806020066889632,-0.370065931417809,1.0,1.0,0.9998739594101739,0.015876564282673835,42.0,210.82254965178132
evt_inv_006661_0,cust_b2b_015,inv_006661,2026-05-24T06:33:53.034554+00:00,13379771,OFFER_PAYMENT_PLAN,0.05,0,6.215584149976238,0.15081967213114755,0.976584514335934,0.0,1.0,0.9998750157908547,0.015809895547982747,43.0,215.40053160574143
evt_inv_003513_0,cust_b2b_001,inv_003513,2026-05-24T06:36:57.761482+00:00,5909594,SEND_REMINDER,0.8500000000000001,0,5.936049273542504,0.041379310344827586,-0.36308774850215814,0.0,1.0,0.9998773644938866,0.01566065045773636,42.0,207.1597935973858
evt_inv_006576_1,cust_b2b_019,inv_006576,2026-05-24T06:46:01.696958+00:00,4174689,SEND_REMINDER,0.05,0,16.33808227813011,0.31212121212121213,0.5637308132572976,1.0,1.0,0.9998841509679813,0.015221190592036837,49.0,216.2201968810542
evt_inv_000714_0,cust_b2b_037,inv_000714,2026-05-24T06:48:59.416570+00:00,3296150,SEND_REMINDER,0.8500000000000001,0,7.213556865858957,0.272108843537415,0.34448760821135715,0.0,1.0,0.9998863264442531,0.015077605573053416,44.0,214.4976901437257
evt_inv_008455_0,cust_b2b_013,inv_008455,2026-05-24T06:54:25.159180+00:00,3544339,SEND_REMINDER,0.8500000000000001,1,9.404201319694828,0.18711656441717792,1.1702436809640566,0.0,1.0,0.9998902603472747,0.014814427517093958,40.0,217.98511458183862
evt_inv_000963_1,cust_b2b_029,inv_000963,2026-05-24T06:58:14.035233+00:00,6399977,OFFER_PAYMENT_PLAN,0.8500000000000001,0,17.3950469644276,0.23776223776223776,0.3580776779048816,1.0,1.0,0.9998929829850954,0.014629510489683363,42.0,218.35554555900944
evt_inv_004575_0,cust_b2b_025,inv_004575,2026-05-24T07:31:34.346454+00:00,10120306,SEND_REMINDER,0.8500000000000001,1,2.898435796107568,0.19346049046321526,-0.0052069278485151185,0.0,1.0,0.9999153225417942,0.013013367978345144,43.0,215.43209966526365
evt_inv_005377_0,cust_b2b_000,inv_005377,2026-05-24T08:00:10.460934+00:00,7101464,SEND_REMINDER,0.8500000000000001,1,2.712717948429333,0.34121621621621623,1.1223492582036676,0.0,1.0,0.9999324063171444,0.011626813699598648,44.0,213.9815913629243
evt_inv_008504_1,cust_b2b_005,inv_008504,2026-05-24T08:01:44.918930+00:00,7316520,OFFER_PAYMENT_PLAN,0.8500000000000001,1,17.849770729080763,0.22151898734177214,-0.14696331456473163,1.0,1.0,0.9999332908120693,0.011550494610433754,43.0,214.6743053843799
evt_inv_000059_1,cust_b2b_027,inv_000059,2026-05-24T09:02:09.527588+00:00,3785653,OFFER_PAYMENT_PLAN,0.8500000000000001,0,17.620670833079576,0.14968152866242038,0.9024864887506681,1.0,1.0,0.9999628309174547,0.008621878191539324,42.0,207.45827718717192
evt_inv_005028_0,cust_b2b_003,inv_005028,2026-05-24T09:23:52.113742+00:00,5133338,SEND_REMINDER,0.8500000000000001,1,9.244142486979335,0.17275747508305647,0.17836276560847403,0.0,1.0,0.999971351731287,0.007569393417078813,37.0,209.31989200199078
evt_inv_000941_0,cust_b2b_020,inv_000941,2026-05-24T09:27:57.917953+00:00,7023988,SEND_REMINDER,0.8500000000000001,1,9.62695730272895,0.3223684210526316,0.7750928186021845,0.0,1.0,0.9999728354059545,0.0073707835523676175,33.0,205.58684415613064
evt_inv_002737_1,cust_b2b_035,inv_002737,2026-05-24T09:30:34.348607+00:00,6014249,OFFER_PAYMENT_PLAN,0.8500000000000001,0,19.682684125980963,0.3422818791946309,0.3421053522771094,1.0,1.0,0.9999737590813631,0.007244387392181912,33.0,221.20725635279382
evt_inv_005912_0,cust_b2b_031,inv_005912,2026-05-24T09:47:55.792075+00:00,11265907,SEND_REMINDER,0.8500000000000001,1,2.6476985544150304,0.28187919463087246,-0.45487422183976384,0.0,1.0,0.9999795012452953,0.006402896938917969,44.0,215.74692668600983
evt_inv_002805_1,cust_b2b_031,inv_002805,2026-05-24T09:56:20.566029+00:00,11000697,OFFER_PAYMENT_PLAN,0.8500000000000001,0,22.499770406031462,0.2842809364548495,-0.5030185038177801,1.0,1.0,0.9999820296107278,0.005995035913951063,45.0,215.7527689771424
evt_inv_005270_1,cust_b2b_027,inv_005270,2026-05-24T10:18:20.735849+00:00,3917259,OFFER_PAYMENT_PLAN,0.8500000000000001,0,17.532981946157356,0.1492063492063492,1.0207722030271646,1.0,1.0,0.999987855734782,0.004928324558387413,43.0,207.51118469019124
evt_inv_007508_0,cust_b2b_002,inv_007508,2026-05-24T10:48:32.047827+00:00,5328615,SEND_REMINDER,0.8500000000000001,0,1.0204319084711302,0.1314878892733564,1.0039478292981887,0.0,1.0,0.9999939977142358,0.0034647561964640168,40.0,217.02596563565376
evt_inv_005514_0,cust_b2b_014,inv_005514,2026-05-24T10:58:19.791253+00:00,10880765,SEND_REMINDER,0.8500000000000001,1,6.76383629356055,0.23048327137546468,0.06633356438676077,0.0,1.0,0.9999955303927318,0.002989848584637907,45.0,220.69607609034415
evt_inv_005667_0,cust_b2b_037,inv_005667,2026-05-24T10:58:39.323184+00:00,2909663,SEND_REMINDER,0.8500000000000001,0,3.9729598905369716,0.2711864406779661,0.010959929789547034,0.0,1.0,0.9999955774547167,0.0029740664094431747,44.0,214.6710686924978
evt_inv_005846_1,cust_b2b_002,inv_005846,2026-05-24T11:07:43.651192+00:00,4975698,OFFER_PAYMENT_PLAN,0.8500000000000001,0,24.855630770933416,0.1310344827586207,0.7718797763023513,1.0,1.0,0.9999967888121056,0.0025342386385235204,41.0,217.0392943783022
evt_inv_002812_1,cust_b2b_024,inv_002812,2026-05-24T11:08:58.843363+00:00,4359120,OFFER_PAYMENT_PLAN,0.8500000000000001,0,23.440041576864477,0.13622291021671826,-0.10357102729385101,1.0,1.0,0.9999969409391128,0.002473481840752833,46.0,212.6825240017531
evt_inv_003405_0,cust_b2b_024,inv_003405,2026-05-24T11:10:12.848708+00:00,5477478,SEND_REMINDER,0.8500000000000001,0,2.293314641923631,0.13580246913580246,0.511246580330709,0.0,1.0,0.9999970870605009,0.0024136840126341994,47.0,212.6833805451043
evt_inv_002254_1,cust_b2b_008,inv_002254,2026-05-24T11:38:41.014938+00:00,7286985,OFFER_PAYMENT_PLAN,0.8500000000000001,0,20.80845608932217,0.22297297297297297,-0.2425650845044958,1.0,1.0,0.9999994659915331,0.001033448909551198,47.0,206.65392792589773
evt_inv_007124_0,cust_b2b_008,inv_007124,2026-05-24T11:40:10.217229+00:00,7344806,SEND_REMINDER,0.8500000000000001,0,8.413409140717782,0.2222222222222222,-0.22465288710244272,0.0,1.0,0.999999537882351,0.0009613714602083621,48.0,206.65496035982287
evt_inv_007254_0,cust_b2b_039,inv_007254,2026-05-24T11:40:29.979745+00:00,6548096,SEND_REMINDER,0.8500000000000001,0,9.220698042193169,0.4177215189873418,-0.9953574936876421,0.0,1.0,0.9999995531065752,0.0009454029035237864,21.0,207.38225621091587
evt_inv_008790_0,cust_b2b_035,inv_008790,2026-05-24T11:59:37.448800+00:00,4640587,SEND_REMINDER,0.8500000000000001,1,6.621937156877885,0.3411371237458194,-0.30703505420364124,0.0,1.0,0.9999999998339815,1.8221883595733596e-05,34.0,221.31076445688726
evt_inv_001648_0,cust_b2b_012,inv_001648,2026-05-24T12:28:53.601069+00:00,4050775,SEND_REMINDER,0.8500000000000001,0,6.499001934227547,0.4717607973421927,0.13871385464008013,0.0,1.0,0.9999990188949792,-0.0014007887345980595,29.0,217.474414707092
evt_inv_001979_0,cust_b2b_019,inv_001979,2026-05-24T12:32:07.212003+00:00,2657689,SEND_REMINDER,0.8500000000000001,0,2.9043264274970872,0.311178247734139,-0.5495689737650578,0.0,1.0,0.9999987875156744,-0.0015572306126832645,48.0,216.46053849036502
evt_inv_006972_0,cust_b2b_026,inv_006972,2026-05-24T12:36:14.996432+00:00,5483388,ESCALATE_COLLECTIONS,0.05,0,2.255736487474366,0.27450980392156865,0.37390458052570186,0.0,1.0,0.9999984556909265,-0.0017574458063070873,34.0,206.66172554000332
evt_inv_000188_0,cust_b2b_034,inv_000188,2026-05-24T12:47:17.887411+00:00,6077519,SEND_REMINDER,0.8500000000000001,1,3.828973740679993,0.462406015037594,0.4213080162486691,0.0,1.0,0.9999973708983971,-0.0022930757278214193,39.0,204.4562002087068
evt_inv_006545_0,cust_b2b_036,inv_006545,2026-05-24T13:01:34.417365+00:00,3689816,SEND_REMINDER,0.8500000000000001,0,7.757624158040451,0.27424749163879597,-0.0338139896832309,0.0,1.0,0.9999955443729852,-0.002985169036575447,25.0,218.99661879594282
evt_inv_000883_0,cust_b2b_026,inv_000883,2026-05-24T13:08:20.163760+00:00,4872140,SEND_REMINDER,0.8500000000000001,0,4.182211456926215,0.2736156351791531,0.053542668192663845,0.0,1.0,0.9999945119350139,-0.0033130197484194795,34.0,206.6840075692588
evt_inv_004281_1,cust_b2b_013,inv_004281,2026-05-24T13:12:15.266597+00:00,2010989,ESCALATE_COLLECTIONS,0.05,1,16.669815274113315,0.18960244648318042,-0.41757579001778483,1.0,1.0,0.9999938645218718,-0.0035029870985170673,40.0,218.24750008435478
evt_inv_006589_0,cust_b2b_034,inv_006589,2026-05-24T13:35:43.758348+00:00,4623060,SEND_REMINDER,0.8500000000000001,1,6.496352004054087,0.46441947565543074,-0.27781303848351646,0.0,1.0,0.9999892301717496,-0.004641071052220723,40.0,204.4898329741777
evt_inv_007192_0,cust_b2b_025,inv_007192,2026-05-24T13:39:07.864661+00:00,11823464,SEND_REMINDER,0.8500000000000001,0,1.580500776900525,0.1956521739130435,0.4146448109978176,0.0,1.0,0.9999884511548801,-0.004805991766955059,44.0,215.68734871858206
evt_inv_003677_0,cust_b2b_020,inv_003677,2026-05-24T14:22:50.612428+00:00,6629245,SEND_REMINDER,0.8500000000000001,0,9.532464913530422,0.32459016393442625,0.5910348997426735,0.0,1.0,0.9999760205502021,-0.00692519491290604,34.0,205.79162071255635
evt_inv_005834_0,cust_b2b_012,inv_005834,2026-05-24T14:58:48.570641+00:00,5071850,SEND_REMINDER,0.8500000000000001,0,5.896277356321112,0.47019867549668876,0.8038525465919639,0.0,1.0,0.9999624250641622,-0.008668821130911933,29.0,217.57852315121985
evt_inv_003699_0,cust_b2b_033,inv_003699,2026-05-24T15:11:50.423918+00:00,3129048,SEND_REMINDER,0.8500000000000001,0,4.140807394057477,0.13355048859934854,-0.7062247736403258,0.0,1.0,0.9999567489411869,-0.009300550896159701,37.0,203.78159553619534
evt_inv_003103_0,cust_b2b_028,inv_003103,2026-05-24T15:17:24.067706+00:00,5830069,ESCALATE_COLLECTIONS,0.05,0,3.9723921586771684,0.32971014492753625,0.3341524881104585,0.0,1.0,0.9999542052507738,-0.009570130683188818,28.0,204.4348945511905
evt_inv_007686_1,cust_b2b_006,inv_007686,2026-05-24T15:29:26.278316+00:00,6462783,OFFER_PAYMENT_PLAN,0.8500000000000001,0,20.140896217393873,0.2857142857142857,0.410068745530984,1.0,1.0,0.9999484502154856,-0.010153664936784105,42.0,217.77391909324717
evt_inv_003514_0,cust_b2b_001,inv_003514,2026-05-24T15:30:10.642289+00:00,8444645,SEND_REMINDER,0.8500000000000001,0,3.0816569582781828,0.041237113402061855,0.5535881775291266,0.0,1.0,0.9999480855935495,-0.010189510184271743,43.0,207.53008156968278
evt_inv_005094_1,cust_b2b_011,inv_005094,2026-05-24T15:54:34.013558+00:00,1386806,OFFER_PAYMENT_PLAN,0.8500000000000001,0,16.707916476620714,0.35563380281690143,-0.37941622618294635,1.0,1.0,0.9999353380962316,-0.011371878753094901,36.0,217.45986191924578
evt_inv_000933_0,cust_b2b_014,inv_000933,2026-05-24T15:58:52.211770+00:00,11751965,SEND_REMINDER,0.8500000000000001,0,2.4136983690962768,0.23333333333333334,0.27181448398566377,0.0,1.0,0.9999329438188641,-0.011580495055922702,44.0,220.9047846611377
evt_inv_007397_1,cust_b2b_030,inv_007397,2026-05-24T16:00:36.914019+00:00,2076393,OFFER_PAYMENT_PLAN,0.8500000000000001,0,16.722138968039047,0.303125,-0.31263900270468126,1.0,1.0,0.999931960509591,-0.011665091146056352,36.0,222.51386298031775
evt_inv_003495_1,cust_b2b_022,inv_003495,2026-05-24T16:13:55.134965+00:00,1614733,SEND_REMINDER,0.05,0,24.112523058713187,0.18,-0.35750002121060437,1.0,1.0,0.9999242287652517,-0.012310025516492372,43.0,211.22630681902925
evt_inv_003208_1,cust_b2b_026,inv_003208,2026-05-24T16:34:19.675268+00:00,4150182,OFFER_PAYMENT_PLAN,0.8500000000000001,0,18.193213703576504,0.2727272727272727,-0.32484346864249636,1.0,1.0,0.9999115590577111,-0.013299400842797992,35.0,206.82705747097
evt_inv_000243_0,cust_b2b_030,inv_000243,2026-05-24T16:47:40.683816+00:00,3762037,SEND_REMINDER,0.8500000000000001,1,5.734459201472507,0.30218068535825543,1.4630897391306938,0.0,1.0,0.9999027418080632,-0.013946573941935471,37.0,222.54654550112141
evt_inv_008042_0,cust_b2b_008,inv_008042,2026-05-24T16:58:28.475296+00:00,8803939,SEND_REMINDER,0.8500000000000001,1,5.500793163038486,0.2214765100671141,0.22737188696970928,0.0,1.0,0.9998953047728945,-0.014469951386250497,48.0,206.87600501337957
evt_inv_001135_1,cust_b2b_025,inv_001135,2026-05-24T17:00:49.653069+00:00,10472410,OFFER_PAYMENT_PLAN,0.8500000000000001,1,24.240434409066552,0.1951219512195122,0.08159169986759478,1.0,1.0,0.9998936476093653,-0.014584014208663811,45.0,215.8274157140523
evt_inv_001813_1,cust_b2b_005,inv_001813,2026-05-24T17:02:13.865791+00:00,8599990,OFFER_PAYMENT_PLAN,0.8500000000000001,0,18.175400506226598,0.22397476340694006,0.2658083971857948,1.0,1.0,0.9998926529135994,-0.014652052736875353,43.0,215.04964041748562
evt_inv_003390_0,cust_b2b_008,inv_003390,2026-05-24T17:09:03.426079+00:00,8223439,SEND_REMINDER,0.8500000000000001,0,1.461025351756224,0.22408026755852842,0.047538741480380335,0.0,1.0,0.9998877492977141,-0.014982950455488144,49.0,206.88335398077302
evt_inv_008516_0,cust_b2b_003,inv_008516,2026-05-24T17:33:46.369215+00:00,4340473,SEND_REMINDER,0.8500000000000001,0,2.7800098164626363,0.17549668874172186,-0.2353212391576454,0.0,1.0,0.9998690781305489,-0.016181056775326903,36.0,209.66010329217883
evt_inv_002506_1,cust_b2b_014,inv_002506,2026-05-24T17:41:42.535462+00:00,10360359,ESCALATE_COLLECTIONS,0.05,0,22.70536604946119,0.23247232472324722,-0.05640937902897924,1.0,1.0,0.9998627784097471,-0.016565758381096286,45.0,220.9762004446177
evt_inv_000318_0,cust_b2b_014,inv_000318,2026-05-24T17:43:42.566113+00:00,8409511,SEND_REMINDER,0.8500000000000001,0,4.726793741354089,0.23161764705882354,-0.5165356373282943,0.0,1.0,0.9998611670355719,-0.016662732496926878,45.0,220.97758968825988
evt_inv_003531_0,cust_b2b_004,inv_003531,2026-05-24T18:07:18.088433+00:00,2614170,SEND_REMINDER,0.8500000000000001,1,5.652362012915157,0.16887417218543047,-0.41680179560618064,0.0,1.0,0.999841454615396,-0.01780633686553907,33.0,219.06437466939101
evt_inv_005902_1,cust_b2b_005,inv_005902,2026-05-24T18:10:15.619371+00:00,10065798,OFFER_PAYMENT_PLAN,0.8500000000000001,0,18.911684693206457,0.22327044025157233,0.7372209798706346,1.0,1.0,0.9998388900261812,-0.017949762984895958,44.0,215.0968829357777
evt_inv_004771_0,cust_b2b_025,inv_004771,2026-05-24T18:13:27.782014+00:00,11356955,SEND_REMINDER,0.8500000000000001,0,3.668169028773899,0.1972972972972973,0.2996440104388829,0.0,1.0,0.9998360908815108,-0.01810500954927077,46.0,215.8778570212809
evt_inv_007679_0,cust_b2b_035,inv_007679,2026-05-24T18:58:18.076418+00:00,4440926,SEND_REMINDER,0.8500000000000001,0,2.353224768743004,0.3433333333333333,-0.4013871491617317,0.0,1.0,0.9997943715379353,-0.020278427973218466,35.0,221.60151246172086
evt_inv_008765_0,cust_b2b_023,inv_008765,2026-05-24T19:07:50.535285+00:00,2876200,SEND_REMINDER,0.8500000000000001,1,1.6814940849262165,0.4189189189189189,0.6939396513235226,0.0,1.0,0.9997848845935281,-0.020740890489700466,39.0,208.09015710325738
evt_inv_007163_1,cust_b2b_004,inv_007163,2026-05-24T19:54:34.487023+00:00,4383774,OFFER_PAYMENT_PLAN,0.8500000000000001,0,20.366041122280066,0.1716171617161716,0.9933724736737731,1.0,1.0,0.999735326843799,-0.023006004879649326,34.0,219.1388700234413
evt_inv_004452_0,cust_b2b_018,inv_004452,2026-05-24T19:57:11.780849+00:00,1520901,SEND_REMINDER,0.8500000000000001,0,1.1590696431468888,0.6215139442231076,-0.6319280184828219,0.0,1.0,0.9997323947749617,-0.02313306805246922,32.0,208.25670807046217
evt_inv_003027_1,cust_b2b_012,inv_003027,2026-05-24T20:09:23.446269+00:00,4012785,SEND_REMINDER,0.05,1,20.790949966374633,0.46864686468646866,0.11396686824661262,1.0,1.0,0.9997185437384016,-0.023724108109041953,29.0,217.79420458209265
evt_inv_008619_0,cust_b2b_015,inv_008619,2026-05-24T20:25:39.309561+00:00,10331126,SEND_REMINDER,0.8500000000000001,0,8.084406651443434,0.1503267973856209,0.1844280980911933,0.0,1.0,0.9996995260173493,-0.024512398509471175,42.0,215.9781505294276
evt_inv_005074_1,cust_b2b_008,inv_005074,2026-05-24T20:26:21.435438+00:00,9482167,OFFER_PAYMENT_PLAN,0.8500000000000001,0,17.01654579756396,0.22333333333333333,0.43748015938126134,1.0,1.0,0.9996986910687781,-0.02454642693696825,49.0,207.02036797798203
evt_inv_008501_0,cust_b2b_031,inv_008501,2026-05-24T20:28:38.706714+00:00,10069084,SEND_REMINDER,0.8500000000000001,0,6.563644902390908,0.2833333333333333,-0.6721363214639532,0.0,1.0,0.9996959622707356,-0.024657311686147758,45.0,216.1918678276602
evt_inv_002152_0,cust_b2b_020,inv_002152,2026-05-24T20:35:55.849251+00:00,5679487,SEND_REMINDER,0.8500000000000001,0,7.258478053226273,0.3235294117647059,0.14818899891271475,0.0,1.0,0.9996871904236199,-0.02501042388543612,34.0,206.05070910170875
evt_inv_003264_0,cust_b2b_011,inv_003264,2026-05-24T20:37:54.962269+00:00,1348021,SEND_REMINDER,0.8500000000000001,0,9.454028046476319,0.3543859649122807,-0.43872352119274693,0.0,1.0,0.9996847786392962,-0.025106639697526467,36.0,217.65663215895367
evt_inv_002127_0,cust_b2b_002,inv_002127,2026-05-24T20:40:54.259210+00:00,2726779,SEND_REMINDER,0.8500000000000001,0,9.293975163449788,0.13058419243986255,-0.7069464946880932,0.0,1.0,0.9996811307981318,-0.025251469782339515,40.0,217.4373338229534
evt_inv_003694_0,cust_b2b_004,inv_003694,2026-05-24T20:42:04.145522+00:00,3562121,SEND_REMINDER,0.8500000000000001,0,9.219774268501867,0.17105263157894737,0.338607750898668,0.0,1.0,0.9996797032604537,-0.0253079214691998,35.0,219.1718521820012
evt_inv_008684_1,cust_b2b_017,inv_008684,2026-05-24T20:42:15.040686+00:00,8760695,OFFER_PAYMENT_PLAN,0.8500000000000001,0,17.113651321729296,0.2711864406779661,0.8568599803076636,1.0,1.0,0.9996794804224014,-0.025316722189049276,34.0,219.37793665078993
evt_inv_005903_0,cust_b2b_009,inv_005903,2026-05-24T20:59:44.832648+00:00,5646256,SEND_REMINDER,0.8500000000000001,0,5.3081838350377,0.15822784810126583,-0.09365919603808077,0.0,1.0,0.9996576457137974,-0.026164696939727845,40.0,212.7752823996785
evt_inv_004998_0,cust_b2b_036,inv_004998,2026-05-24T21:21:53.475043+00:00,4894493,SEND_REMINDER,0.8500000000000001,0,8.872698199773907,0.2733333333333333,0.7713640964432852,0.0,1.0,0.9996289799153195,-0.027237887463196688,26.0,219.34406159314585
evt_inv_003292_1,cust_b2b_036,inv_003292,2026-05-24T21:32:40.861571+00:00,3311567,OFFER_PAYMENT_PLAN,0.8500000000000001,0,21.42920612006725,0.2724252491694352,-0.2866266805163467,1.0,1.0,0.9996145949255995,-0.027760792707157898,27.0,219.351554492775
evt_inv_001338_0,cust_b2b_009,inv_001338,2026-05-24T21:53:00.685709+00:00,6512351,SEND_REMINDER,0.8500000000000001,0,2.123467683422285,0.15772870662460567,0.27545620859829717,0.0,1.0,0.9995867470620867,-0.028746044907707616,41.0,212.81227143972941
evt_inv_000822_0,cust_b2b_033,inv_000822,2026-05-24T22:10:01.875900+00:00,3528868,SEND_REMINDER,0.8500000000000001,0,2.66587858084972,0.1331168831168831,-0.4770218614027063,0.0,1.0,0.9995626871193093,-0.029570838994284674,38.0,204.07200586006658
evt_inv_007982_1,cust_b2b_001,inv_007982,2026-05-24T22:15:26.489892+00:00,11822919,OFFER_PAYMENT_PLAN,0.8500000000000001,0,24.759466913930694,0.0410958904109589,1.7751738019351244,1.0,1.0,0.999554896436767,-0.029833018775913437,44.0,207.81151499101668
evt_inv_001914_0,cust_b2b_024,inv_001914,2026-05-24T22:25:59.471289+00:00,3820637,SEND_REMINDER,0.8500000000000001,0,9.53979768328389,0.13538461538461538,-0.3996028485510436,0.0,1.0,0.9995395072009664,-0.030344250599567257,45.0,213.15267015831273
evt_inv_002787_1,cust_b2b_014,inv_002787,2026-05-24T23:14:19.608248+00:00,13109956,SEND_REMINDER,0.05,0,24.836980713445,0.23076923076923078,0.5921097848362997,1.0,1.0,0.9994656548117006,-0.03268646282207086,46.0,221.20718508333871
evt_inv_008490_0,cust_b2b_005,inv_008490,2026-05-24T23:26:24.102097+00:00,6996135,SEND_REMINDER,0.8500000000000001,0,7.700036227008047,0.2225705329153605,-0.25000111404363434,0.0,1.0,0.9994463486512456,-0.0332715519279279,44.0,215.3164255599196
evt_inv_003663_0,cust_b2b_018,inv_003663,2026-05-24T23:44:13.144829+00:00,1736673,SEND_REMINDER,0.8500000000000001,1,4.721492963360435,0.6190476190476191,-0.36690354388753577,0.0,1.0,0.9994172354474317,-0.034134872060884766,33.0,208.41436274615629
evt_inv_003301_0,cust_b2b_002,inv_003301,2026-05-25T00:02:39.648441+00:00,4055859,SEND_REMINDER,0.8500000000000001,0,3.027169555349959,0.13013698630136986,0.16701944586872164,0.0,1.0,0.9993863166832985,-0.03502841740915316,40.0,217.57744249460424
evt_inv_008335_0,cust_b2b_011,inv_008335,2026-05-25T00:21:38.709424+00:00,2249453,SEND_REMINDER,0.8500000000000001,1,3.8538193555577744,0.3531468531468531,0.9396678470266951,0.0,1.0,0.999353653682799,-0.035948224863547006,36.0,217.81199960287714
evt_inv_007227_0,cust_b2b_010,inv_007227,2026-05-25T00:36:05.857228+00:00,2523927,SEND_REMINDER,0.8500000000000001,0,7.343217706142901,0.1270358306188925,-0.33761577408516535,0.0,1.0,0.9993282203410833,-0.03664843830128798,37.0,214.69860476781363
evt_inv_007587_0,cust_b2b_006,inv_007587,2026-05-25T00:39:07.372575+00:00,4017059,WRITE_OFF,0.05,1,3.1243373646747252,0.2848101265822785,-0.691194191698622,0.0,1.0,0.9993228344195787,-0.036795007917099345,42.0,218.15564472125024
evt_inv_005616_1,cust_b2b_026,inv_005616,2026-05-25T00:54:03.000100+00:00,4337253,WRITE_OFF,0.05,0,18.21455454277114,0.27184466019417475,-0.22679711168464406,1.0,1.0,0.999295944651565,-0.037518195624741575,35.0,207.17408669357076
evt_inv_005847_0,cust_b2b_026,inv_005847,2026-05-25T00:54:28.994514+00:00,4357816,SEND_REMINDER,0.8500000000000001,0,4.539548802973644,0.2709677419354839,-0.21601983978038214,0.0,1.0,0.9992951563959945,-0.037539184907304825,35.0,207.17438755483877
evt_inv_004082_0,cust_b2b_005,inv_004082,2026-05-25T01:00:19.546520+00:00,7482592,SEND_REMINDER,0.8500000000000001,0,5.0238473380550515,0.221875,-0.09355361719805672,0.0,1.0,0.9992844831831675,-0.037822237762322936,45.0,215.38165061111704
evt_inv_003773_0,cust_b2b_023,inv_003773,2026-05-25T01:20:41.825391+00:00,2252912,SEND_REMINDER,0.8500000000000001,0,1.910655925505389,0.4208754208754209,0.0017962099141039052,0.0,1.0,0.9992466414861995,-0.03880914168789032,40.0,208.34908407207118
evt_inv_004324_0,cust_b2b_024,inv_004324,2026-05-25T01:32:21.490336+00:00,4577496,ESCALATE_COLLECTIONS,0.05,0,4.777889252053203,0.13496932515337423,0.016480800435383084,0.0,1.0,0.9992245412370272,-0.03937405477789334,45.0,213.28209167505779
evt_inv_006516_1,cust_b2b_022,inv_006516,2026-05-25T01:49:57.356840+00:00,2689420,OFFER_PAYMENT_PLAN,0.8500000000000001,0,23.599957224729366,0.17940199335548174,1.0684440357480396,1.0,1.0,0.9991905850443906,-0.040226542961685395,42.0,211.6263325351737
evt_inv_003877_0,cust_b2b_003,inv_003877,2026-05-25T02:15:49.799230+00:00,4226428,SEND_REMINDER,0.8500000000000001,1,8.926782494192032,0.17491749174917492,-0.29482523861889665,0.0,1.0,0.9991393383922931,-0.04147990449616465,37.0,210.02264299143008
evt_inv_004813_0,cust_b2b_023,inv_004813,2026-05-25T02:43:17.028765+00:00,2305325,SEND_REMINDER,0.8500000000000001,1,5.248613635964778,0.41946308724832215,0.05999876944031607,0.0,1.0,0.9990832436794804,-0.042809720845713,41.0,208.4064359629757
evt_inv_003861_1,cust_b2b_007,inv_003861,2026-05-25T03:00:51.367501+00:00,3683207,WRITE_OFF,0.05,0,21.698542658560903,0.2852760736196319,-0.3493896238702987,1.0,1.0,0.9990464102501274,-0.04366085393500736,36.0,221.9269042273237
evt_inv_002551_1,cust_b2b_026,inv_002551,2026-05-25T03:39:22.815153+00:00,4285811,OFFER_PAYMENT_PLAN,0.8500000000000001,0,23.32176040485399,0.27009646302250806,-0.25375853142363863,1.0,1.0,0.9989631223230523,-0.04552669808561186,36.0,207.28889936779737
evt_inv_002811_0,cust_b2b_026,inv_002811,2026-05-25T03:47:10.501689+00:00,4442609,SEND_REMINDER,0.8500000000000001,0,6.739474043429863,0.2692307692307692,-0.17157929162365013,0.0,1.0,0.99894584639051,-0.04590420437332109,37.0,207.2943124064059
evt_inv_004124_1,cust_b2b_024,inv_004124,2026-05-25T04:08:33.417455+00:00,5236161,ESCALATE_COLLECTIONS,0.05,0,17.42707465783078,0.1345565749235474,0.37858267913141647,1.0,1.0,0.9988977242149117,-0.046939711953420914,45.0,213.39056305375036
evt_inv_002323_0,cust_b2b_006,inv_002323,2026-05-25T04:11:49.494076+00:00,6034703,SEND_REMINDER,0.8500000000000001,1,1.4211565752179944,0.2870662460567823,0.2173123642879762,0.0,1.0,0.9988902748138856,-0.04709797110534796,41.0,218.3033544608386
evt_inv_007773_0,cust_b2b_027,inv_007773,2026-05-25T04:26:30.988902+00:00,2825762,SEND_REMINDER,0.8500000000000001,0,3.4035035529687305,0.14873417721518986,0.03975158741383575,0.0,1.0,0.9988564750615352,-0.04780943659618718,40.0,208.2668589153484
evt_inv_000294_1,cust_b2b_034,inv_000294,2026-05-25T04:58:34.798612+00:00,5591311,OFFER_PAYMENT_PLAN,0.8500000000000001,1,23.2172757451801,0.4664179104477612,0.1876002560972935,1.0,1.0,0.9987809493520207,-0.04936208273033337,38.0,205.13070149575688
evt_inv_005653_0,cust_b2b_012,inv_005653,2026-05-25T04:58:55.165124+00:00,3590436,WRITE_OFF,0.05,1,5.957640369965195,0.47039473684210525,-0.161155391322167,0.0,1.0,0.9987801368844516,-0.049378519267757146,28.0,218.1619328095825
evt_inv_005887_1,cust_b2b_020,inv_005887,2026-05-25T05:19:42.862035+00:00,5048816,OFFER_PAYMENT_PLAN,0.8500000000000001,0,18.217506127882213,0.32247557003257327,-0.14587545593990664,1.0,1.0,0.9987298474909667,-0.050385431730515066,35.0,206.41444767559946
evt_inv_001507_0,cust_b2b_003,inv_001507,2026-05-25T05:19:58.641532+00:00,6800150,ESCALATE_COLLECTIONS,0.05,0,4.730054624312346,0.17763157894736842,1.0480360856625692,0.0,1.0,0.9987292049857858,-0.05039816572515521,38.0,210.15052311066506
evt_inv_007393_1,cust_b2b_008,inv_007393,2026-05-25T05:51:56.466755+00:00,10342420,OFFER_PAYMENT_PLAN,0.8500000000000001,0,18.318822255329977,0.22259136212624583,0.7039778196598085,1.0,1.0,0.9986499064993218,-0.05194578182004539,50.0,207.4131345441573
evt_inv_004177_0,cust_b2b_039,inv_004177,2026-05-25T06:15:33.764857+00:00,14965999,OFFER_PAYMENT_PLAN,0.05,1,7.235357603422404,0.41596638655462187,0.938935064770706,0.0,1.0,0.9985897628593365,-0.05308941054988345,21.0,208.15660557562978
evt_inv_005796_0,cust_b2b_029,inv_005796,2026-05-25T06:22:41.507989+00:00,5250388,SEND_REMINDER,0.8500000000000001,0,7.506768614965518,0.23693379790940766,-0.15530161843485485,0.0,1.0,0.9985713541237529,-0.05343454616121048,41.0,219.33086353071482
evt_inv_000692_0,cust_b2b_002,inv_000692,2026-05-25T06:26:26.863386+00:00,3683143,OFFER_PAYMENT_PLAN,0.05,0,5.295943409950324,0.1296928327645051,-0.07806849423900862,0.0,1.0,0.9985616075492975,-0.05361637742857009,41.0,217.84396118610206
evt_inv_001408_0,cust_b2b_021,inv_001408,2026-05-25T06:35:20.638516+00:00,7155768,SEND_REMINDER,0.8500000000000001,0,3.1438404179641255,0.3242320819112628,-0.5480381982683186,0.0,1.0,0.9985383897965324,-0.054047054522409155,23.0,217.28007926582754
evt_inv_005942_1,cust_b2b_036,inv_005942,2026-05-25T06:36:01.079016+00:00,3333783,OFFER_PAYMENT_PLAN,0.8500000000000001,0,24.37997765690002,0.271523178807947,-0.27177804944005973,1.0,1.0,0.9985366231761812,-0.05407968357811631,27.0,219.72887182431012
evt_inv_006547_0,cust_b2b_026,inv_006547,2026-05-25T06:41:31.954875+00:00,5178092,SEND_REMINDER,0.8500000000000001,0,7.358431908465918,0.268370607028754,0.21389552046952218,0.0,1.0,0.998522129002507,-0.054346645639824435,37.0,207.41539404050306
evt_inv_006008_0,cust_b2b_005,inv_006008,2026-05-25T06:42:49.605944+00:00,8144958,ESCALATE_COLLECTIONS,0.05,0,7.7221659481301455,0.22118380062305296,0.11946736873959195,0.0,1.0,0.9985187171201052,-0.05440929663963063,45.0,215.61949852111206
evt_inv_008097_1,cust_b2b_011,inv_008097,2026-05-25T06:52:21.803373+00:00,1501237,OFFER_PAYMENT_PLAN,0.8500000000000001,1,16.329563195440194,0.3554006968641115,-0.2044384101356286,1.0,1.0,0.99849345433574,-0.05487095450856921,37.0,218.08333170876858
evt_inv_004559_0,cust_b2b_020,inv_004559,2026-05-25T07:01:58.385036+00:00,8097177,ESCALATE_COLLECTIONS,0.05,1,2.061496249368766,0.32142857142857145,1.2754913848781018,0.0,1.0,0.9984677820818351,-0.055336137781572314,36.0,206.48546067330133
evt_inv_003362_0,cust_b2b_002,inv_003362,2026-05-25T07:02:26.703782+00:00,3018827,SEND_REMINDER,0.8500000000000001,1,1.1090045859287683,0.1292517006802721,-0.5149038615971562,0.0,1.0,0.998466515608281,-0.055358984899095534,42.0,217.86895933883457
evt_inv_004793_0,cust_b2b_010,inv_004793,2026-05-25T07:11:44.134663+00:00,2426493,WRITE_OFF,0.05,0,2.2716538072300936,0.1266233766233766,-0.42109251417435006,0.0,1.0,0.9984414797067299,-0.05580870542339756,37.0,214.97335334924074
evt_inv_001549_0,cust_b2b_004,inv_001549,2026-05-25T07:15:23.236849+00:00,3369669,SEND_REMINDER,0.8500000000000001,0,9.081804845614112,0.17049180327868851,0.1852458576332357,0.0,1.0,0.9984315837109561,-0.055985468189808284,34.0,219.61165647976054
evt_inv_007814_0,cust_b2b_004,inv_007814,2026-05-25T07:18:58.336605+00:00,2821047,SEND_REMINDER,0.8500000000000001,0,9.487794587514388,0.16993464052287582,-0.251944113243201,0.0,1.0,0.9984218380477775,-0.05615900025194209,35.0,219.6141460602768
evt_inv_004130_0,cust_b2b_005,inv_004130,2026-05-25T07:24:38.129293+00:00,7754469,OFFER_PAYMENT_PLAN,0.05,0,5.543470683539545,0.2204968944099379,-0.0061163890728577475,0.0,1.0,0.9984063813872037,-0.05643312507126933,45.0,215.64853235617616
evt_inv_001398_1,cust_b2b_019,inv_001398,2026-05-25T07:47:40.383902+00:00,2289937,WRITE_OFF,0.05,1,20.579610511358872,0.3102409638554217,-0.819455319070322,1.0,1.0,0.9983427288930901,-0.05754820298061478,47.0,217.26300575772146
evt_inv_007556_0,cust_b2b_034,inv_007556,2026-05-25T08:24:52.242472+00:00,5013111,SEND_REMINDER,0.8500000000000001,1,3.1206087551863684,0.4684014869888476,-0.09032559981248649,0.0,1.0,0.9982373235279796,-0.05934851232925579,39.0,205.27395894783373
evt_inv_005098_0,cust_b2b_001,inv_005098,2026-05-25T08:28:52.074474+00:00,7213758,SEND_REMINDER,0.8500000000000001,0,5.257462070708228,0.040955631399317405,0.10849880628330971,0.0,1.0,0.9982258036519519,-0.059541959351491855,45.0,208.23750555330798
evt_inv_002002_1,cust_b2b_007,inv_002002,2026-05-25T09:05:57.906505+00:00,4389133,OFFER_PAYMENT_PLAN,0.8500000000000001,0,23.271749480375668,0.28440366972477066,0.06279817094893567,1.0,1.0,0.9981171016516451,-0.061337194185253886,33.0,222.18045213247015
evt_inv_006253_1,cust_b2b_036,inv_006253,2026-05-25T09:39:23.960115+00:00,5000409,OFFER_PAYMENT_PLAN,0.8500000000000001,0,24.067265275416194,0.2706270627062706,0.8421553836633827,1.0,1.0,0.9980163667194737,-0.06295499789580622,28.0,219.85621998518653
evt_inv_005850_1,cust_b2b_018,inv_005850,2026-05-25T09:51:27.830425+00:00,2129116,OFFER_PAYMENT_PLAN,0.8500000000000001,0,24.502638470353205,0.6205533596837944,0.1151208694108517,1.0,1.0,0.9979793733925026,-0.06353873057519897,33.0,208.83606049611578
evt_inv_001360_0,cust_b2b_030,inv_001360,2026-05-25T10:17:05.345356+00:00,2552841,SEND_REMINDER,0.8500000000000001,0,1.6600989520280707,0.30434782608695654,0.18927085546734773,0.0,1.0,0.9978996660999725,-0.06477851802537173,36.0,223.27530315783392
evt_inv_001689_0,cust_b2b_034,inv_001689,2026-05-25T10:20:06.912691+00:00,3538908,SEND_REMINDER,0.8500000000000001,1,8.884262601544219,0.4703703703703704,-0.7989370513421769,0.0,1.0,0.9978901516688208,-0.06492491973331808,40.0,205.35398985315044
evt_inv_001568_0,cust_b2b_023,inv_001568,2026-05-25T10:22:33.133323+00:00,2108648,SEND_REMINDER,0.8500000000000001,0,9.94114522124829,0.4214046822742475,-0.15840490286903353,0.0,1.0,0.9978824738502925,-0.06504281960693485,42.0,208.7253723583285
evt_inv_002525_0,cust_b2b_008,inv_002525,2026-05-25T11:03:59.302797+00:00,9081355,WRITE_OFF,0.05,0,9.39353097382725,0.22185430463576158,0.3133127243829414,0.0,1.0,0.9977497970838541,-0.06704731477939879,51.0,207.6298340353744
evt_inv_003811_1,cust_b2b_030,inv_003811,2026-05-25T11:21:55.540666+00:00,1977550,OFFER_PAYMENT_PLAN,0.8500000000000001,1,21.723892568969887,0.30340557275541796,-0.41676428200132914,1.0,1.0,0.9976911138149178,-0.06791495722408075,37.0,223.3203285665063
evt_inv_006391_0,cust_b2b_001,inv_006391,2026-05-25T11:22:46.245151+00:00,8025512,SEND_REMINDER,0.8500000000000001,0,1.4544006223677837,0.04081632653061224,0.4020294476621434,0.0,1.0,0.9976883304759514,-0.06795583295132818,46.0,208.35827141762056
evt_inv_007381_0,cust_b2b_015,inv_007381,2026-05-25T11:46:25.963917+00:00,11303751,SEND_REMINDER,0.8500000000000001,0,6.990087892272917,0.1498371335504886,0.4371539579031734,0.0,1.0,0.9976097174579351,-0.06910030125476184,41.0,216.61757939929862
evt_inv_000935_1,cust_b2b_000,inv_000935,2026-05-25T11:46:35.873296+00:00,5183078,OFFER_PAYMENT_PLAN,0.8500000000000001,0,23.981714281309,0.3434343434343434,0.14380958706434668,1.0,1.0,0.997609164139599,-0.06910828911708455,42.0,215.13882993191874
evt_inv_005575_0,cust_b2b_015,inv_005575,2026-05-25T11:52:51.471300+00:00,9614945,SEND_REMINDER,0.8500000000000001,0,5.966559458570206,0.14935064935064934,-0.0016636531478394887,0.0,1.0,0.9975881444006536,-0.06941105208294139,42.0,216.62204129030488
evt_inv_006868_1,cust_b2b_024,inv_006868,2026-05-25T12:19:17.669868+00:00,5058937,ESCALATE_COLLECTIONS,0.05,0,17.357932215543073,0.13414634146341464,0.28115333573695805,1.0,1.0,0.9974983619711163,-0.07068958809428592,44.0,213.73135301222987
evt_inv_000332_0,cust_b2b_027,inv_000332,2026-05-25T12:20:59.188533+00:00,3361181,SEND_REMINDER,0.8500000000000001,0,2.4162105882059333,0.14826498422712933,0.5209774153614201,0.0,1.0,0.9974925599908773,-0.07077141204502001,40.0,208.59635196663498
evt_inv_005451_0,cust_b2b_028,inv_005451,2026-05-25T12:26:41.603947+00:00,6792962,SEND_REMINDER,0.8500000000000001,0,1.5171348974581487,0.3285198555956679,0.8022406434373955,0.0,1.0,0.9974729408151528,-0.07104739503719117,26.0,205.31634751693954
evt_inv_008706_0,cust_b2b_013,inv_008706,2026-05-25T12:28:45.179081+00:00,2382235,SEND_REMINDER,0.8500000000000001,0,2.6906892536103086,0.19207317073170732,-0.033141555103954126,0.0,1.0,0.9974658416517463,-0.07114699387868324,37.0,219.21729073810624
evt_inv_008495_1,cust_b2b_039,inv_008495,2026-05-25T12:28:52.390044+00:00,10637226,OFFER_PAYMENT_PLAN,0.8500000000000001,0,22.545629645800588,0.41841004184100417,-0.05574427505303904,1.0,1.0,0.9974654270881346,-0.07115280573445616,22.0,208.41584892271067
evt_inv_002122_0,cust_b2b_039,inv_002122,2026-05-25T12:32:17.200405+00:00,8047374,SEND_REMINDER,0.8500000000000001,0,5.21014378489526,0.4166666666666667,-0.6508486096388932,0.0,1.0,0.9974536382487885,-0.0713178767508884,23.0,208.4182194129988
evt_inv_000179_1,cust_b2b_003,inv_000179,2026-05-25T12:46:56.202678+00:00,4955617,OFFER_PAYMENT_PLAN,0.8500000000000001,0,20.898156961593926,0.17704918032786884,0.08563540894431382,1.0,1.0,0.9974027328664377,-0.07202630401847294,38.0,210.46091154985342
evt_inv_002700_0,cust_b2b_021,inv_002700,2026-05-25T12:47:42.275369+00:00,8963117,SEND_REMINDER,0.8500000000000001,0,4.804663567091416,0.3231292517006803,-0.05502690036271191,0.0,1.0,0.9974000507955101,-0.07206343506324085,24.0,217.5386630256963
evt_inv_002177_0,cust_b2b_004,inv_002177,2026-05-25T13:14:05.385572+00:00,2610836,SEND_REMINDER,0.8500000000000001,0,1.6198458416402204,0.16938110749185667,-0.419459018903776,0.0,1.0,0.9973070520218762,-0.07333923907046411,36.0,219.8607554233164
evt_inv_008720_0,cust_b2b_020,inv_008720,2026-05-25T13:35:16.961693+00:00,5970803,SEND_REMINDER,0.8500000000000001,0,9.678287879713695,0.32362459546925565,0.2840215047136518,0.0,1.0,0.997231172299114,-0.07436389577567198,36.0,206.75859234756442
evt_inv_000303_0,cust_b2b_000,inv_000303,2026-05-25T13:59:23.609108+00:00,4175804,SEND_REMINDER,0.8500000000000001,0,4.553287055014399,0.3422818791946309,-0.36998574561192604,0.0,1.0,0.9971435652690613,-0.0755295322539809,42.0,215.23104909641606
evt_inv_005149_0,cust_b2b_039,inv_005149,2026-05-25T14:01:02.578665+00:00,11811802,SEND_REMINDER,0.8500000000000001,0,6.568684687570434,0.4149377593360996,0.2141535133818389,0.0,1.0,0.9971375220097023,-0.07560927324310496,24.0,208.47985573545125
evt_inv_001679_1,cust_b2b_019,inv_001679,2026-05-25T14:08:51.098615+00:00,3341906,OFFER_PAYMENT_PLAN,0.8500000000000001,1,23.588518544165943,0.3123123123123123,-0.0474341983615205,1.0,1.0,0.9971088267904131,-0.07598675895605678,47.0,217.52771310392936
evt_inv_004286_0,cust_b2b_025,inv_004286,2026-05-25T14:11:36.702401+00:00,7642002,SEND_REMINDER,0.8500000000000001,0,1.186768569488768,0.1967654986522911,-0.6161424210400706,0.0,1.0,0.9970986499510516,-0.0761201830383395,43.0,216.7099047109456
evt_inv_007293_0,cust_b2b_026,inv_007293,2026-05-25T14:29:43.842520+00:00,5896053,SEND_REMINDER,0.8500000000000001,0,8.992208211910654,0.267515923566879,0.590187307250232,0.0,1.0,0.9970313986986996,-0.0769960389170421,36.0,207.74053162898335
evt_inv_002150_0,cust_b2b_017,inv_002150,2026-05-25T14:31:31.937996+00:00,5824730,SEND_REMINDER,0.8500000000000001,0,5.468054382155479,0.2702702702702703,-0.2681220042761385,0.0,1.0,0.997024669783623,-0.07708312294437449,32.0,220.1204933326222
evt_inv_005415_1,cust_b2b_003,inv_005415,2026-05-25T14:38:34.555291+00:00,4508290,OFFER_PAYMENT_PLAN,0.8500000000000001,0,20.32675972045809,0.17647058823529413,-0.1477610799157322,1.0,1.0,0.9969982889670111,-0.07742358682502444,38.0,210.53843877916947
evt_inv_002471_0,cust_b2b_013,inv_002471,2026-05-25T14:51:24.824353+00:00,2569001,SEND_REMINDER,0.8500000000000001,0,8.021767363060764,0.19148936170212766,0.16025905968980064,0.0,1.0,0.9969499078130692,-0.07804409850534999,38.0,219.31636070653167
evt_inv_005009_0,cust_b2b_008,inv_005009,2026-05-25T14:59:55.530110+00:00,9783223,SEND_REMINDER,0.8500000000000001,0,3.388163638581032,0.22112211221122113,0.530744307278843,0.0,1.0,0.9969176171030566,-0.07845549508838441,50.0,207.79367925891256
evt_inv_000994_0,cust_b2b_031,inv_000994,2026-05-25T15:00:27.016762+00:00,16045894,SEND_REMINDER,0.8500000000000001,0,5.011644973032739,0.2823920265780731,0.412847704125937,0.0,1.0,0.9969156207210057,-0.0784808585736165,44.0,216.9639547495109
evt_inv_005038_0,cust_b2b_020,inv_005038,2026-05-25T15:00:41.245173+00:00,6562115,SEND_REMINDER,0.8500000000000001,0,3.8135125946978623,0.3225806451612903,0.5597339357692048,0.0,1.0,0.99691471837005,-0.07849231998841649,37.0,206.81790118414372
evt_inv_007117_0,cust_b2b_011,inv_007117,2026-05-25T15:09:43.597650+00:00,1770035,SEND_REMINDER,0.8500000000000001,1,3.30866679532671,0.3576388888888889,0.20658422047115912,0.0,1.0,0.9968802247051775,-0.0789291935329054,38.0,218.4287228462396
evt_inv_002340_0,cust_b2b_022,inv_002340,2026-05-25T15:14:56.290988+00:00,2601434,SEND_REMINDER,0.8500000000000001,0,9.082921797966836,0.17880794701986755,0.9517006031292472,0.0,1.0,0.9968602503713985,-0.07918106610467336,39.0,212.18534797669906
evt_inv_006815_1,cust_b2b_010,inv_006815,2026-05-25T15:30:39.991372+00:00,2435054,OFFER_PAYMENT_PLAN,0.8500000000000001,0,18.43568598123825,0.1262135922330097,-0.4137581206385184,1.0,1.0,0.9967995825115604,-0.0799411802813725,36.0,215.31983317225612
evt_inv_005305_1,cust_b2b_021,inv_005305,2026-05-25T15:38:47.534905+00:00,8388891,OFFER_PAYMENT_PLAN,0.8500000000000001,0,20.77512269082997,0.3220338983050847,-0.21166500952012623,1.0,1.0,0.9967680126323321,-0.08033385956737736,25.0,217.65747389995622
evt_inv_001675_1,cust_b2b_023,inv_001675,2026-05-25T15:39:54.449420+00:00,2977224,ESCALATE_COLLECTIONS,0.05,0,21.92589767242364,0.42,0.8061241291846099,1.0,1.0,0.996763667647791,-0.08038775315509246,42.0,208.94575796130007
evt_inv_001239_0,cust_b2b_017,inv_001239,2026-05-25T15:40:20.911696+00:00,6640253,SEND_REMINDER,0.8500000000000001,1,8.053084483082909,0.26936026936026936,0.044363996998079025,0.0,1.0,0.996761948559184,-0.08040906605911197,32.0,220.16828238007096
evt_inv_008388_0,cust_b2b_039,inv_008388,2026-05-25T16:02:49.931874+00:00,10398018,ESCALATE_COLLECTIONS,0.05,1,8.113160827910843,0.4132231404958678,-0.11071031424482587,0.0,1.0,0.9966737073845946,-0.08149552753524217,25.0,208.56443158277423
evt_inv_007243_0,cust_b2b_029,inv_007243,2026-05-25T16:09:00.229134+00:00,7482502,OFFER_PAYMENT_PLAN,0.05,0,7.871987482444502,0.2361111111111111,0.8415073921968687,0.0,1.0,0.9966492786058301,-0.08179373725706966,39.0,219.73802465508268
evt_inv_006665_0,cust_b2b_014,inv_006665,2026-05-25T16:20:11.790315+00:00,8623114,SEND_REMINDER,0.8500000000000001,0,9.819029287074502,0.22992700729927007,-0.4661552918852462,0.0,1.0,0.996604747586523,-0.08233454371041887,44.0,221.91959459800202
evt_inv_003645_0,cust_b2b_002,inv_003645,2026-05-25T16:51:38.563330+00:00,2900015,SEND_REMINDER,0.8500000000000001,1,2.2691190003868376,0.13220338983050847,-0.5930310710474547,0.0,1.0,0.9964780658550213,-0.08385382680495776,42.0,218.27812437989314
evt_inv_008407_0,cust_b2b_002,inv_008407,2026-05-25T16:52:52.799801+00:00,3673368,ESCALATE_COLLECTIONS,0.05,0,1.75997175271986,0.13513513513513514,-0.0844956910323852,0.0,1.0,0.9964730341104643,-0.08391360015328501,43.0,218.27898359831184
evt_inv_000036_0,cust_b2b_006,inv_000036,2026-05-25T16:56:41.767849+00:00,5843129,SEND_REMINDER,0.8500000000000001,0,3.9073129257139527,0.2893081761006289,0.13105042233593497,0.0,1.0,0.9964574920833451,-0.08409795759095536,38.0,218.83451503692285
evt_inv_001662_0,cust_b2b_020,inv_001662,2026-05-25T16:59:33.981881+00:00,5964837,SEND_REMINDER,0.8500000000000001,0,3.824248916330316,0.3215434083601286,0.28123987497538716,0.0,1.0,0.9964457799642062,-0.0842366166908709,38.0,206.9004560071562
evt_inv_003315_0,cust_b2b_006,inv_003315,2026-05-25T17:02:50.472387+00:00,4998580,SEND_REMINDER,0.8500000000000001,0,2.340643293667165,0.2884012539184953,-0.24923423587639126,0.0,1.0,0.9964323932580097,-0.08439482013793913,39.0,218.8387824505509
evt_inv_007664_1,cust_b2b_015,inv_007664,2026-05-25T17:10:55.494167+00:00,8073762,OFFER_PAYMENT_PLAN,0.8500000000000001,1,23.501381440397147,0.1488673139158576,-0.4021228741554948,1.0,1.0,0.9963992416759427,-0.08478532412868492,41.0,216.84292118459624
evt_inv_008364_0,cust_b2b_011,inv_008364,2026-05-25T17:20:12.653625+00:00,1798147,SEND_REMINDER,0.8500000000000001,0,9.919701163312867,0.35986159169550175,0.24957008228615904,0.0,1.0,0.996360970558317,-0.08523389201537479,39.0,218.51933692002194
evt_inv_001717_0,cust_b2b_029,inv_001717,2026-05-25T17:33:10.061304+00:00,7930557,SEND_REMINDER,0.8500000000000001,0,5.5225290249764605,0.23529411764705882,1.0415982097367809,0.0,1.0,0.9963072331968754,-0.08585975238484495,40.0,219.79647178668043
evt_inv_006200_0,cust_b2b_003,inv_006200,2026-05-25T17:45:29.601608+00:00,6872547,SEND_REMINDER,0.8500000000000001,0,2.4172943740004964,0.1758957654723127,1.0858102610228326,0.0,1.0,0.9962557484973199,-0.08645509577835656,37.0,210.6682425559898
evt_inv_002752_0,cust_b2b_009,inv_002752,2026-05-25T17:48:29.030710+00:00,5144011,ESCALATE_COLLECTIONS,0.05,0,3.0286635690222594,0.15723270440251572,-0.30770791124419367,0.0,1.0,0.9962432035243765,-0.08659953482258348,38.0,213.6424606179784
evt_inv_003536_0,cust_b2b_022,inv_003536,2026-05-25T18:11:05.400054+00:00,2418929,SEND_REMINDER,0.8500000000000001,0,2.84573359328143,0.1782178217821782,0.7095444969872977,0.0,1.0,0.996147694087132,-0.08769134258802175,40.0,212.30767562792826
evt_inv_003911_0,cust_b2b_034,inv_003911,2026-05-25T18:28:43.286567+00:00,5670739,SEND_REMINDER,0.8500000000000001,1,9.407076238809092,0.47232472324723246,0.2257796461936133,0.0,1.0,0.9960723719191285,-0.08854281393428537,41.0,205.69329973597414
evt_inv_000738_1,cust_b2b_034,inv_000738,2026-05-25T18:29:17.557789+00:00,4646167,OFFER_PAYMENT_PLAN,0.8500000000000001,1,16.31209425635284,0.4742647058823529,-0.2667060784993976,1.0,1.0,0.996069919615891,-0.08857039706579405,42.0,205.69369639363956
evt_inv_002101_0,cust_b2b_036,inv_002101,2026-05-25T18:35:02.290397+00:00,4592389,SEND_REMINDER,0.8500000000000001,0,7.701022237711544,0.26973684210526316,0.5694447884805038,0.0,1.0,0.9960452095289261,-0.08884785070263601,28.0,220.228191400486
evt_inv_001520_1,cust_b2b_022,inv_001520,2026-05-25T18:47:24.371231+00:00,2350329,OFFER_PAYMENT_PLAN,0.8500000000000001,0,19.34658196847696,0.17763157894736842,0.6185224550083904,1.0,1.0,0.995991755680721,-0.08944508156424831,41.0,212.3328952017287
evt_inv_001061_1,cust_b2b_016,inv_001061,2026-05-25T19:19:09.592534+00:00,9718439,ESCALATE_COLLECTIONS,0.05,0,20.754809149066237,0.22818791946308725,-0.05513915256672433,1.0,1.0,0.9958528781859675,-0.09097826668344859,27.0,211.4932373087132
evt_inv_000517_0,cust_b2b_031,inv_000517,2026-05-25T19:43:06.106953+00:00,13124019,SEND_REMINDER,0.8500000000000001,0,3.4244361297783827,0.2814569536423841,-0.11756694790372413,0.0,1.0,0.9957466055626711,-0.09213412782687075,45.0,217.16024051561587
evt_inv_004615_0,cust_b2b_006,inv_004615,2026-05-25T20:05:51.654911+00:00,4900701,SEND_REMINDER,0.8500000000000001,0,4.776467992754587,0.2875,-0.2933070784280101,0.0,1.0,0.9956443392001376,-0.09323277223552569,39.0,218.96587947050458
evt_inv_005953_1,cust_b2b_020,inv_005953,2026-05-25T20:21:15.712591+00:00,4212307,OFFER_PAYMENT_PLAN,0.8500000000000001,1,21.73161292255133,0.32051282051282054,-0.5359169158034206,1.0,1.0,0.9955744485189035,-0.09397615365762282,39.0,207.04052233481784
evt_inv_004511_1,cust_b2b_027,inv_004511,2026-05-25T21:41:33.617503+00:00,3010484,OFFER_PAYMENT_PLAN,0.8500000000000001,0,21.942642273959944,0.14779874213836477,0.20577651483684958,1.0,1.0,0.9952010583455043,-0.09785118020743622,40.0,208.98563933896844
evt_inv_001107_1,cust_b2b_002,inv_001107,2026-05-25T21:57:48.307440+00:00,4303367,OFFER_PAYMENT_PLAN,0.8500000000000001,0,24.46905977063426,0.13468013468013468,0.3297735321878773,1.0,1.0,0.9951236848874466,-0.09863494196292609,43.0,218.49073715895176
evt_inv_000263_1,cust_b2b_021,inv_000263,2026-05-25T22:17:12.384143+00:00,12599800,OFFER_PAYMENT_PLAN,0.8500000000000001,1,17.924593363225846,0.32094594594594594,0.9369932242109009,1.0,1.0,0.9950304686160074,-0.09957091204668497,26.0,217.93415039576584
evt_inv_002630_0,cust_b2b_029,inv_002630,2026-05-25T22:29:46.769914+00:00,6750162,SEND_REMINDER,0.8500000000000001,1,7.6508281484687135,0.23448275862068965,0.5144618578643335,0.0,1.0,0.994969589225592,-0.10017742518280649,41.0,220.00245221040515
evt_inv_004249_0,cust_b2b_003,inv_004249,2026-05-25T22:55:26.600499+00:00,5199881,SEND_REMINDER,0.8500000000000001,0,5.598736228080888,0.17532467532467533,0.21308211865272703,0.0,1.0,0.9948441765340571,-0.10141530661726428,38.0,210.88348559871392
evt_inv_005176_0,cust_b2b_023,inv_005176,2026-05-25T23:07:35.668295+00:00,1954021,SEND_REMINDER,0.8500000000000001,0,9.800858522543727,0.4186046511627907,-0.3301138102563151,0.0,1.0,0.9947842598085123,-0.1020013550754616,40.0,209.25665169827857
evt_inv_000331_0,cust_b2b_020,inv_000331,2026-05-25T23:12:14.986184+00:00,4825608,SEND_REMINDER,0.8500000000000001,0,5.661455240968665,0.3226837060702875,-0.2499512192828653,0.0,1.0,0.9947612132537772,-0.10222587053125667,38.0,207.15926392732482
evt_inv_000758_0,cust_b2b_036,inv_000758,2026-05-25T23:33:51.313380+00:00,3365127,SEND_REMINDER,0.8500000000000001,0,9.096697922509284,0.26885245901639343,-0.25082859963542414,0.0,1.0,0.994653589851173,-0.10326778876384714,28.0,220.4357032405595
evt_inv_004437_0,cust_b2b_014,inv_004437,2026-05-25T23:37:24.856606+00:00,16862532,SEND_REMINDER,0.8500000000000001,0,7.4292316053775505,0.2290909090909091,1.477190994750064,0.0,1.0,0.9946357564150885,-0.10343941251082513,44.0,222.2232180504509
evt_inv_005366_1,cust_b2b_011,inv_005366,2026-05-25T23:46:00.686001+00:00,1413168,OFFER_PAYMENT_PLAN,0.8500000000000001,0,21.577751194247245,0.3586206896551724,-0.33910615204439276,1.0,1.0,0.9945925562754164,-0.10385396959930099,38.0,218.78725396140257
evt_inv_006990_0,cust_b2b_025,inv_006990,2026-05-26T00:15:58.032962+00:00,9332027,SEND_REMINDER,0.8500000000000001,0,8.38164227469633,0.19623655913978494,-0.19952834998535535,0.0,1.0,0.9944406806049013,-0.1052983036808312,41.0,217.12959603688773
evt_inv_004567_0,cust_b2b_029,inv_004567,2026-05-26T01:09:29.415071+00:00,5664240,SEND_REMINDER,0.8500000000000001,0,6.816992501596654,0.23711340206185566,0.029515110677747387,0.0,1.0,0.9941640975487334,-0.10787839053820075,41.0,220.11336245527707
evt_inv_004016_0,cust_b2b_006,inv_004016,2026-05-26T01:11:20.446730+00:00,4798095,SEND_REMINDER,0.8500000000000001,0,2.4584460105131702,0.2866043613707165,-0.3395087099558692,0.0,1.0,0.9941544151179297,-0.10796758264186122,38.0,219.1780182647116
evt_inv_007590_0,cust_b2b_032,inv_007590,2026-05-26T01:30:10.252157+00:00,7104370,SEND_REMINDER,0.8500000000000001,0,5.2171554785923915,0.10655737704918032,0.20460741226225648,0.0,1.0,0.9940554363375265,-0.10887510958805033,36.0,223.99755508834798
evt_inv_003926_0,cust_b2b_000,inv_003926,2026-05-26T02:14:51.164521+00:00,3984056,SEND_REMINDER,0.8500000000000001,0,6.132466073663268,0.3411371237458194,-0.46779330616081183,0.0,1.0,0.9938172547419429,-0.11102821342878638,39.0,215.74178469147088
evt_inv_001632_1,cust_b2b_015,inv_001632,2026-05-26T02:28:41.653005+00:00,10137646,OFFER_PAYMENT_PLAN,0.8500000000000001,0,17.65536011190109,0.15161290322580645,0.13415437364129001,1.0,1.0,0.9937425250972688,-0.11169509305830766,41.0,217.2302609859626
evt_inv_005725_0,cust_b2b_029,inv_005725,2026-05-26T03:13:16.525385+00:00,3731654,SEND_REMINDER,0.8500000000000001,0,7.623596479205145,0.2363013698630137,-0.8335318529927928,0.0,1.0,0.993498791099038,-0.11384266372827895,42.0,220.19932438020587
evt_inv_007470_0,cust_b2b_004,inv_007470,2026-05-26T03:17:58.482306+00:00,3501641,SEND_REMINDER,0.8500000000000001,0,8.34239674082485,0.16883116883116883,0.29041235762251166,0.0,1.0,0.9934728288120156,-0.11406900723795006,36.0,220.4467866355129
evt_inv_000092_0,cust_b2b_034,inv_000092,2026-05-26T03:23:38.889294+00:00,6080088,SEND_REMINDER,0.8500000000000001,1,2.033570317522803,0.47619047619047616,0.4225430173981959,0.0,1.0,0.9934414157969773,-0.11434226418650852,43.0,206.06477661938652
evt_inv_000113_0,cust_b2b_010,inv_000113,2026-05-26T03:25:57.112788+00:00,2856218,SEND_REMINDER,0.8500000000000001,0,8.317054700212635,0.12580645161290321,-0.052923589330233736,0.0,1.0,0.9934286389723151,-0.11445321869486029,35.0,215.81655911457787
evt_inv_004843_0,cust_b2b_032,inv_004843,2026-05-26T03:51:09.013577+00:00,6592841,SEND_REMINDER,0.8500000000000001,0,6.320630821858785,0.10626702997275204,0.009870447945605666,0.0,1.0,0.9932880758858457,-0.11566675539235313,37.0,224.0954574195915
evt_inv_002966_1,cust_b2b_007,inv_002966,2026-05-26T04:02:50.241494+00:00,4827424,OFFER_PAYMENT_PLAN,0.8500000000000001,0,22.58854592201491,0.28353658536585363,0.31871485464128746,1.0,1.0,0.9932223787185053,-0.11622954191062619,33.0,222.96994675039437
evt_inv_001458_1,cust_b2b_024,inv_001458,2026-05-26T04:22:22.270219+00:00,4178264,OFFER_PAYMENT_PLAN,0.8500000000000001,0,21.387360432061797,0.1337386018237082,-0.20299705449053007,1.0,1.0,0.99311186095472,-0.11717009700027049,37.0,214.40015625703225
evt_inv_000804_0,cust_b2b_014,inv_000804,2026-05-26T04:24:32.865782+00:00,17055375,SEND_REMINDER,0.8500000000000001,0,1.3726837162769425,0.22826086956521738,1.522674784979054,0.0,1.0,0.9930994911455073,-0.11727489367522126,44.0,222.42261630479933
evt_inv_008174_0,cust_b2b_029,inv_008174,2026-05-26T04:58:19.836790+00:00,7114825,OFFER_PAYMENT_PLAN,0.05,1,6.42231003318533,0.2354948805460751,0.6773114688017814,0.0,1.0,0.9929060818587923,-0.11890127252397781,43.0,220.2722793733179
evt_inv_008741_1,cust_b2b_033,inv_008741,2026-05-26T05:04:07.879897+00:00,2932565,OFFER_PAYMENT_PLAN,0.8500000000000001,0,24.987996414767757,0.13268608414239483,-0.818861605655148,1.0,1.0,0.992872604375052,-0.1191804995857192,34.0,205.3595753507699
evt_inv_004757_1,cust_b2b_006,inv_004757,2026-05-26T05:05:49.911275+00:00,5830229,OFFER_PAYMENT_PLAN,0.8500000000000001,1,18.890570642452772,0.2857142857142857,0.1252419078034875,1.0,1.0,0.9928627753218655,-0.1192623552516169,39.0,219.34085928953576
evt_inv_000404_0,cust_b2b_000,inv_000404,2026-05-26T05:05:54.308406+00:00,4718939,SEND_REMINDER,0.8500000000000001,1,4.674034756170714,0.34,-0.09294093830465479,0.0,1.0,0.9928623515785704,-0.11926588287465614,39.0,215.86057107903216
evt_inv_007202_0,cust_b2b_032,inv_007202,2026-05-26T05:15:24.854417+00:00,6991909,SEND_REMINDER,0.8500000000000001,0,4.894197015007072,0.10597826086956522,0.16179421746430148,0.0,1.0,0.9928072628080652,-0.11972359381323915,38.0,224.15397409597816
evt_inv_008555_0,cust_b2b_035,inv_008555,2026-05-26T06:01:10.474649+00:00,3596004,ESCALATE_COLLECTIONS,0.05,0,8.627925072322494,0.34219269102990035,-0.800664970763933,0.0,1.0,0.9925392101672166,-0.12192586387078815,33.0,223.06184114495477
evt_inv_000704_0,cust_b2b_007,inv_000704,2026-05-26T06:10:16.929930+00:00,4554470,SEND_REMINDER,0.8500000000000001,1,7.490710762292142,0.2826747720364742,0.15933785373945697,0.0,1.0,0.9924852772525966,-0.12236410599859908,34.0,223.0584500887727
evt_inv_002839_0,cust_b2b_016,inv_002839,2026-05-26T06:13:30.592857+00:00,12011911,SEND_REMINDER,0.8500000000000001,0,1.2072106421556072,0.22742474916387959,0.5218279464306202,0.0,1.0,0.9924661170688397,-0.12251941262632678,26.0,211.94764703467604
evt_inv_005053_0,cust_b2b_004,inv_005053,2026-05-26T06:14:33.198831+00:00,2646611,SEND_REMINDER,0.8500000000000001,0,1.3647593967841523,0.16828478964401294,-0.3909496745097783,0.0,1.0,0.9924599179027461,-0.12256961840715046,37.0,220.56941066937188
evt_inv_002820_0,cust_b2b_007,inv_002820,2026-05-26T06:23:44.934218+00:00,3923017,SEND_REMINDER,0.8500000000000001,0,5.729325464128795,0.28484848484848485,-0.2093652420521639,0.0,1.0,0.9924051759317923,-0.12301205950551487,35.0,223.06780199025638
evt_inv_005944_0,cust_b2b_028,inv_005944,2026-05-26T06:31:15.286024+00:00,4961470,SEND_REMINDER,0.8500000000000001,1,5.92344945732859,0.3273381294964029,-0.08809638577813331,0.0,1.0,0.9923603468106765,-0.12337318216611642,25.0,206.06951513357566
evt_inv_004958_0,cust_b2b_006,inv_004958,2026-05-26T06:49:11.790409+00:00,5277112,SEND_REMINDER,0.8500000000000001,1,7.792186647749116,0.28792569659442724,-0.12381627913120952,0.0,1.0,0.9922526564637586,-0.12423633019618019,40.0,219.41264029802582
evt_inv_006208_0,cust_b2b_005,inv_006208,2026-05-26T06:53:03.765093+00:00,6409570,SEND_REMINDER,0.8500000000000001,0,7.800327296873619,0.21981424148606812,-0.4386439060362039,0.0,1.0,0.9922293520715281,-0.12442231667878427,43.0,216.62660684460033
evt_inv_007605_0,cust_b2b_007,inv_007605,2026-05-26T07:01:44.785617+00:00,5779123,SEND_REMINDER,0.8500000000000001,0,1.8796759273798684,0.283987915407855,0.8744078723619413,0.0,1.0,0.9921768827874029,-0.12484003068836641,36.0,223.09418915922473
evt_inv_000005_0,cust_b2b_006,inv_000005,2026-05-26T07:31:03.108018+00:00,4228113,WRITE_OFF,0.05,0,4.913637261623515,0.29012345679012347,-0.596160662177572,0.0,1.0,0.9919985131615813,-0.12624955400005172,41.0,219.44170647406293
evt_inv_001821_1,cust_b2b_010,inv_001821,2026-05-26T07:47:42.533488+00:00,2757295,OFFER_PAYMENT_PLAN,0.8500000000000001,0,22.506919352662617,0.12540192926045016,-0.13767687501904488,1.0,1.0,0.991896235797228,-0.12705060964548684,35.0,215.99833481712417
evt_inv_002409_0,cust_b2b_037,inv_002409,2026-05-26T07:53:35.935565+00:00,3584917,SEND_REMINDER,0.8500000000000001,0,4.662169104562186,0.2702702702702703,0.5936857930089321,0.0,1.0,0.99185991517395,-0.12733384731140707,40.0,216.54255726172104
evt_inv_002850_0,cust_b2b_030,inv_002850,2026-05-26T08:31:02.685572+00:00,2659858,WRITE_OFF,0.05,0,6.120041811399706,0.3055555555555556,0.30200733672390573,0.0,1.0,0.9916271157510974,-0.12913428401148835,37.0,224.20166126218297
evt_inv_005336_1,cust_b2b_037,inv_005336,2026-05-26T08:33:14.549982+00:00,4298280,OFFER_PAYMENT_PLAN,0.8500000000000001,0,17.44570479892146,0.26936026936026936,1.2092988200379917,1.0,1.0,0.9916133509353371,-0.12923994060193628,41.0,216.57008752117872
evt_inv_002844_1,cust_b2b_002,inv_002844,2026-05-26T08:37:01.903338+00:00,2577117,OFFER_PAYMENT_PLAN,0.8500000000000001,0,18.664128178683256,0.1342281879194631,-0.8053601561240716,1.0,1.0,0.9915895919604935,-0.12942210443205596,44.0,218.93464451887212
evt_inv_001056_0,cust_b2b_027,inv_001056,2026-05-26T08:58:09.785177+00:00,2170706,SEND_REMINDER,0.8500000000000001,0,6.9538096294288305,0.14733542319749215,-0.5490026406187415,0.0,1.0,0.9914564815945368,-0.13043789749985216,40.0,209.45550239075314
evt_inv_001532_0,cust_b2b_026,inv_001532,2026-05-26T09:02:52.894072+00:00,4923775,SEND_REMINDER,0.8500000000000001,0,2.577837650687845,0.26666666666666666,0.0806052971128648,0.0,1.0,0.9914266168828905,-0.13066469812518738,33.0,208.51355305898232
evt_inv_000913_0,cust_b2b_033,inv_000913,2026-05-26T09:06:13.079115+00:00,4550195,SEND_REMINDER,0.8500000000000001,0,6.426709983052047,0.13225806451612904,0.10846966837959551,0.0,1.0,0.9914054683649695,-0.1308250637150068,35.0,205.52769108245795
evt_inv_002782_0,cust_b2b_033,inv_002782,2026-05-26T09:27:56.969464+00:00,4398222,ESCALATE_COLLECTIONS,0.05,0,5.736401225163402,0.13183279742765272,0.021348739119375133,0.0,1.0,0.991267084380079,-0.1318695090785481,36.0,205.54278240594567
evt_inv_002451_0,cust_b2b_029,inv_002451,2026-05-26T09:45:36.645473+00:00,3779760,OFFER_PAYMENT_PLAN,0.05,1,3.3059062265533306,0.23809523809523808,-0.8120491201594231,0.0,1.0,0.9911538087577029,-0.13271822551970403,44.0,220.4717794738185
evt_inv_003419_0,cust_b2b_017,inv_003419,2026-05-26T09:47:22.567028+00:00,11602902,SEND_REMINDER,0.8500000000000001,1,1.439721817601824,0.27181208053691275,1.9459161004375118,0.0,1.0,0.9911424461685737,-0.1328030549459457,30.0,220.92316265012187
evt_inv_005191_1,cust_b2b_013,inv_005191,2026-05-26T09:48:09.174231+00:00,2262164,OFFER_PAYMENT_PLAN,0.8500000000000001,0,17.259947117249837,0.19090909090909092,-0.1574779807811865,1.0,1.0,0.991137444144807,-0.13284038096188872,37.0,220.10576290418967
evt_inv_006802_0,cust_b2b_023,inv_006802,2026-05-26T10:27:21.560846+00:00,1988465,SEND_REMINDER,0.8500000000000001,0,9.690534372759641,0.41721854304635764,-0.291864850127977,0.0,1.0,0.9908831532131563,-0.13472407609017997,41.0,209.72871063984385
evt_inv_004556_0,cust_b2b_009,inv_004556,2026-05-26T11:04:57.495970+00:00,5416630,SEND_REMINDER,0.8500000000000001,1,1.4128599997941205,0.15673981191222572,-0.19152205203245154,0.0,1.0,0.9906359257299701,-0.1365300796642455,36.0,214.3622345214607
evt_inv_004563_0,cust_b2b_017,inv_004563,2026-05-26T11:09:08.221122+00:00,6800573,SEND_REMINDER,0.8500000000000001,0,2.9683643193417257,0.27424749163879597,0.1057942706257783,0.0,1.0,0.9906082455479504,-0.13673077141745293,30.0,220.97994105398996
evt_inv_006943_0,cust_b2b_026,inv_006943,2026-05-26T11:10:06.588185+00:00,3742919,SEND_REMINDER,0.8500000000000001,0,9.22062177171721,0.26582278481012656,-0.5382941740349843,0.0,1.0,0.990601795960864,-0.1367774902500807,34.0,208.60190600011074
evt_inv_007072_1,cust_b2b_025,inv_007072,2026-05-26T11:21:17.632239+00:00,12405275,OFFER_PAYMENT_PLAN,0.8500000000000001,0,21.637900019882736,0.19571045576407506,0.5580691917693842,1.0,1.0,0.9905274870055667,-0.1373145931299255,41.0,217.5916284359208
evt_inv_004747_0,cust_b2b_017,inv_004747,2026-05-26T11:34:29.379201+00:00,5639922,SEND_REMINDER,0.8500000000000001,1,5.014219800847295,0.2733333333333333,-0.3389355042936686,0.0,1.0,0.9904394373543774,-0.1379482545491037,31.0,220.99754705027462
evt_inv_008123_0,cust_b2b_009,inv_008123,2026-05-26T11:40:53.216458+00:00,7263388,SEND_REMINDER,0.8500000000000001,0,7.349888695120466,0.159375,0.5955355154618894,0.0,1.0,0.9903966051701457,-0.13825543196363174,37.0,214.3871849900651
evt_inv_002478_1,cust_b2b_008,inv_002478,2026-05-26T11:43:14.574907+00:00,9781903,OFFER_PAYMENT_PLAN,0.8500000000000001,0,19.763618640512746,0.22039473684210525,0.530335219886113,1.0,1.0,0.9903808070566547,-0.13836855500369044,50.0,208.65709412924517
evt_inv_006012_0,cust_b2b_031,inv_006012,2026-05-26T11:57:03.406255+00:00,11200352,SEND_REMINDER,0.8500000000000001,0,1.4983910979254573,0.28052805280528054,-0.4667747084298718,0.0,1.0,0.9902879175165304,-0.1390317964379856,44.0,217.8365981464286
evt_inv_006064_1,cust_b2b_005,inv_006064,2026-05-26T12:27:29.212560+00:00,4815997,OFFER_PAYMENT_PLAN,0.8500000000000001,0,16.962885949835414,0.2191358024691358,-0.9511465731885089,1.0,1.0,0.9900817272617644,-0.14049260956492096,44.0,216.85884581991306
evt_inv_005595_0,cust_b2b_036,inv_005595,2026-05-26T12:32:41.758573+00:00,4086359,SEND_REMINDER,0.8500000000000001,1,2.9727465958406767,0.2679738562091503,0.231226242759664,0.0,1.0,0.990046215080745,-0.14074264458326471,28.0,220.97656487473762
evt_inv_004525_0,cust_b2b_039,inv_004525,2026-05-26T12:38:26.562040+00:00,9012562,SEND_REMINDER,0.8500000000000001,0,5.348978187840732,0.4156378600823045,-0.42906480991284746,0.0,1.0,0.9900069644795648,-0.14101847496678488,22.0,209.42249443192327
evt_inv_005438_1,cust_b2b_015,inv_005438,2026-05-26T12:58:16.572103+00:00,7542154,OFFER_PAYMENT_PLAN,0.8500000000000001,0,16.968194967742203,0.15112540192926044,-0.5402552742603579,1.0,1.0,0.9898709097688361,-0.14197035603750802,41.0,217.66747069774877
evt_inv_002784_1,cust_b2b_009,inv_002784,2026-05-26T13:03:06.988546+00:00,5765624,SEND_REMINDER,0.05,0,16.328955995911905,0.1588785046728972,-0.04278644291768798,1.0,1.0,0.9898375673097518,-0.14220263830995772,38.0,214.4442888336729
evt_inv_008882_1,cust_b2b_009,inv_008882,2026-05-26T13:13:57.324523+00:00,5665634,OFFER_PAYMENT_PLAN,0.8500000000000001,0,23.187436742899127,0.15838509316770186,-0.0854006958266407,1.0,1.0,0.9897627051103519,-0.1427227647316245,39.0,214.451815870445
evt_inv_005723_0,cust_b2b_021,inv_005723,2026-05-26T13:49:06.717596+00:00,14975202,SEND_REMINDER,0.8500000000000001,0,1.7814076303347441,0.32323232323232326,1.5849590799049813,0.0,1.0,0.9895180054837225,-0.1444095454722985,27.0,218.58130703295214
evt_inv_007788_0,cust_b2b_010,inv_007788,2026-05-26T14:01:04.674049+00:00,3224236,SEND_REMINDER,0.8500000000000001,0,8.354506393370595,0.125,0.26237725155649355,0.0,1.0,0.9894340633653705,-0.14498356545585414,35.0,216.25761885139437
evt_inv_005736_0,cust_b2b_013,inv_005736,2026-05-26T14:39:17.445891+00:00,2192451,SEND_REMINDER,0.8500000000000001,0,5.965845441152938,0.1903323262839879,-0.22966679052234468,0.0,1.0,0.9891637672834691,-0.14681635295012277,38.0,220.30794197432292
evt_inv_004321_0,cust_b2b_038,inv_004321,2026-05-26T14:43:15.374468+00:00,4842715,SEND_REMINDER,0.8500000000000001,0,9.440495996648117,0.2775800711743772,0.3072514436203761,0.0,1.0,0.989135523307783,-0.14700651866716063,30.0,219.6154034713999
evt_inv_001861_1,cust_b2b_028,inv_001861,2026-05-26T15:15:29.375932+00:00,3132063,WRITE_OFF,0.05,1,17.58880461641573,0.32974910394265233,-0.9774200963468808,1.0,1.0,0.9889045859976365,-0.14855207771297968,26.0,206.43356710010036
evt_inv_006931_1,cust_b2b_017,inv_006931,2026-05-26T15:21:42.891935+00:00,6907403,SEND_REMINDER,0.05,0,17.81740500195034,0.2757475083056478,0.14672889263593913,1.0,1.0,0.9888597065386844,-0.14885053168943302,30.0,221.1553423365467
evt_inv_002162_1,cust_b2b_032,inv_002162,2026-05-26T15:24:20.857063+00:00,5786617,OFFER_PAYMENT_PLAN,0.8500000000000001,0,22.78032115690336,0.10569105691056911,-0.2970562826853404,1.0,1.0,0.988840699287258,-0.1489767479611716,38.0,224.57684449697717
evt_inv_004254_0,cust_b2b_013,inv_004254,2026-05-26T15:24:58.641088+00:00,2620365,SEND_REMINDER,0.8500000000000001,1,7.159785866286131,0.1897590361445783,0.21344688071449297,0.0,1.0,0.9888361505136333,-0.14900693754781724,39.0,220.33966877058606
evt_inv_007674_1,cust_b2b_009,inv_007674,2026-05-26T15:33:51.671736+00:00,6756820,WRITE_OFF,0.05,0,21.257009367690173,0.15789473684210525,0.3796446278946181,1.0,1.0,0.988771881374668,-0.14943281635169559,40.0,214.54897266689446
evt_inv_005939_1,cust_b2b_003,inv_005939,2026-05-26T15:41:06.952630+00:00,4762664,OFFER_PAYMENT_PLAN,0.8500000000000001,0,18.377931412736572,0.17475728155339806,-0.015039557846948121,1.0,1.0,0.9887192621727238,-0.1497805748707915,39.0,211.58186930393586
evt_inv_008629_0,cust_b2b_002,inv_008629,2026-05-26T15:48:21.664196+00:00,3815399,ESCALATE_COLLECTIONS,0.05,0,2.1864842035109255,0.13377926421404682,0.008899891463334978,0.0,1.0,0.9886665897249806,-0.15012786004461962,44.0,219.23417878807277
evt_inv_008272_0,cust_b2b_005,inv_008272,2026-05-26T16:31:48.762236+00:00,9920713,SEND_REMINDER,0.8500000000000001,0,9.269746214092969,0.21846153846153846,0.6905606244836148,0.0,1.0,0.988348137687847,-0.152210245151122,45.0,217.02851653375373
evt_inv_003577_0,cust_b2b_017,inv_003577,2026-05-26T16:33:11.837864+00:00,7084348,SEND_REMINDER,0.8500000000000001,0,4.796419135019334,0.27483443708609273,0.21452940969670567,0.0,1.0,0.9883379180436621,-0.15227658965553217,31.0,221.20498291443315
evt_inv_005861_0,cust_b2b_038,inv_005861,2026-05-26T16:39:47.269358+00:00,4169482,SEND_REMINDER,0.8500000000000001,1,8.051088271440763,0.2765957446808511,-0.08301228305623577,0.0,1.0,0.9882892125339343,-0.15259237329911376,31.0,219.69632818077358
evt_inv_000594_1,cust_b2b_006,inv_000594,2026-05-26T16:41:41.859838+00:00,7200902,OFFER_PAYMENT_PLAN,0.8500000000000001,0,21.80704113314632,0.28923076923076924,0.7424298167502594,1.0,1.0,0.9882750795071118,-0.15268388004374223,41.0,219.8240994349402
evt_inv_004499_1,cust_b2b_001,inv_004499,2026-05-26T16:56:02.806911+00:00,5094735,WRITE_OFF,0.05,0,24.304500303452304,0.04067796610169491,-0.6577409832190401,1.0,1.0,0.9881686235669968,-0.15337135129386836,45.0,209.58971310466487
evt_inv_008260_1,cust_b2b_027,inv_008260,2026-05-26T17:50:51.815386+00:00,2059984,OFFER_PAYMENT_PLAN,0.8500000000000001,0,18.1358027645559,0.146875,-0.6485185371419262,1.0,1.0,0.987757535668734,-0.15599695743709127,39.0,209.82543329595293
evt_inv_006134_1,cust_b2b_015,inv_006134,2026-05-26T18:05:46.049145+00:00,18302499,OFFER_PAYMENT_PLAN,0.8500000000000001,0,20.010047159755775,0.15064102564102563,2.2557006295275293,1.0,1.0,0.9876445604678036,-0.15671063198889582,41.0,217.88100631165514
evt_inv_005473_0,cust_b2b_035,inv_005473,2026-05-26T18:07:18.035544+00:00,3420393,OFFER_PAYMENT_PLAN,0.05,0,1.2732133360708757,0.34105960264900664,-0.8836524108814509,0.0,1.0,0.9876329098916237,-0.1567840403198107,32.0,223.56609532197783
evt_inv_004697_0,cust_b2b_033,inv_004697,2026-05-26T18:12:16.083889+00:00,5040030,SEND_REMINDER,0.8500000000000001,0,9.569844668004931,0.13141025641025642,0.3892750753792356,0.0,1.0,0.9875951229728175,-0.15702188726513758,35.0,205.90689252660187
evt_inv_003202_0,cust_b2b_033,inv_003202,2026-05-26T18:22:31.637676+00:00,5322504,SEND_REMINDER,0.8500000000000001,0,9.243374397352282,0.13099041533546327,0.5512076291085983,0.0,1.0,0.9875169010351061,-0.1575130793617485,36.0,205.91401699173184
evt_inv_006434_0,cust_b2b_025,inv_006434,2026-05-26T18:25:00.015084+00:00,7656963,SEND_REMINDER,0.8500000000000001,0,1.569014913081892,0.19518716577540107,-0.6124543380037647,0.0,1.0,0.9874980093279526,-0.1576314739299575,42.0,217.88586897810535
evt_inv_006020_0,cust_b2b_019,inv_006020,2026-05-26T18:36:22.300859+00:00,4201450,SEND_REMINDER,0.8500000000000001,0,2.330677778319378,0.3143712574850299,0.5833698781259954,0.0,1.0,0.9874109566451414,-0.15817586003283368,45.0,218.7134909076801
evt_inv_006004_1,cust_b2b_023,inv_006004,2026-05-26T18:38:48.718678+00:00,3077891,OFFER_PAYMENT_PLAN,0.8500000000000001,1,21.356322211464487,0.4158415841584158,0.9179117372105807,1.0,1.0,0.9873922361170371,-0.15829267846554806,42.0,210.06999718881764
evt_inv_008847_1,cust_b2b_008,inv_008847,2026-05-26T18:58:12.381195+00:00,11267525,OFFER_PAYMENT_PLAN,0.8500000000000001,0,17.270406420855917,0.21967213114754097,0.9905662610374594,1.0,1.0,0.9872429624628241,-0.1592210195534088,49.0,208.95915207239258
evt_inv_006315_0,cust_b2b_011,inv_006315,2026-05-26T19:03:56.627231+00:00,1378888,SEND_REMINDER,0.8500000000000001,1,7.731667733253972,0.35738831615120276,-0.3915245192880896,0.0,1.0,0.9871986355675063,-0.15949562355642805,38.0,219.5913736515687
evt_inv_002592_1,cust_b2b_007,inv_002592,2026-05-26T19:13:08.339200+00:00,5027134,OFFER_PAYMENT_PLAN,0.8500000000000001,0,21.389540548527606,0.28313253012048195,0.43532466340128406,1.0,1.0,0.9871274349876611,-0.15993569674929026,37.0,223.60210065902925
evt_inv_001460_0,cust_b2b_031,inv_001460,2026-05-26T19:20:25.489573+00:00,17274575,SEND_REMINDER,0.8500000000000001,0,9.745212370399214,0.27960526315789475,0.6358928529511271,0.0,1.0,0.9870708797257126,-0.1602843672898509,43.0,218.14449262926723
evt_inv_007672_0,cust_b2b_033,inv_007672,2026-05-26T19:21:08.831373+00:00,2936329,SEND_REMINDER,0.8500000000000001,0,8.94264968095939,0.1305732484076433,-0.816703958418098,0.0,1.0,0.9870652657754662,-0.1603189355616121,37.0,205.9547252521097
evt_inv_001170_0,cust_b2b_035,inv_001170,2026-05-26T19:35:09.538363+00:00,6406700,SEND_REMINDER,0.8500000000000001,0,3.770603263655783,0.33993399339933994,0.5275628439365007,0.0,1.0,0.9869561317139347,-0.16098942223719676,33.0,223.6271080860838
evt_inv_005116_0,cust_b2b_017,inv_005116,2026-05-26T19:49:17.380241+00:00,6786790,SEND_REMINDER,0.8500000000000001,1,8.040186792399178,0.2739273927392739,0.10051300670576087,0.0,1.0,0.9868456101990456,-0.1616655239402435,32.0,221.3411581734206
evt_inv_002548_1,cust_b2b_033,inv_002548,2026-05-26T20:04:02.382616+00:00,3476465,OFFER_PAYMENT_PLAN,0.8500000000000001,0,23.869718929746234,0.13015873015873017,-0.5070628441125695,1.0,1.0,0.9867297505313797,-0.16237117791123287,38.0,205.98451172482532
evt_inv_000513_0,cust_b2b_031,inv_000513,2026-05-26T20:05:07.915055+00:00,10984578,SEND_REMINDER,0.8500000000000001,0,3.0630850778267993,0.2786885245901639,-0.5059445073462985,0.0,1.0,0.9867211513172309,-0.1624234267068583,44.0,218.1755392205023
evt_inv_006846_0,cust_b2b_031,inv_006846,2026-05-26T20:11:08.389860+00:00,17640507,SEND_REMINDER,0.8500000000000001,0,2.486109280792056,0.2777777777777778,0.7023212706326374,0.0,1.0,0.986673800087622,-0.16271082391977285,45.0,218.17971138259676
evt_inv_008154_0,cust_b2b_006,inv_008154,2026-05-26T20:54:21.339821+00:00,4553655,OFFER_PAYMENT_PLAN,0.05,0,2.084275605011767,0.2883435582822086,-0.4495754085421168,0.0,1.0,0.9863307290856489,-0.16477770741630182,42.0,219.99955637918688
evt_inv_005153_0,cust_b2b_008,inv_005153,2026-05-26T20:56:42.776968+00:00,8920610,SEND_REMINDER,0.8500000000000001,1,1.8786348294572428,0.21895424836601307,0.2635153797104495,0.0,1.0,0.9863118911165507,-0.16489042859454733,50.0,209.0414483197609
evt_inv_003988_0,cust_b2b_019,inv_003988,2026-05-26T20:57:36.894673+00:00,2471160,SEND_REMINDER,0.8500000000000001,1,3.6069989282879966,0.31343283582089554,-0.6864589923372322,0.0,1.0,0.9863046797888567,-0.16493355821845582,46.0,218.81157648423394
evt_inv_006322_0,cust_b2b_026,inv_006322,2026-05-26T21:06:09.564884+00:00,4679368,SEND_REMINDER,0.8500000000000001,0,2.631261623960431,0.26498422712933756,-0.047490922741557716,0.0,1.0,0.9862362715667586,-0.16534212000001317,35.0,209.01582934153126
evt_inv_004925_0,cust_b2b_032,inv_004925,2026-05-26T21:22:32.130264+00:00,6555174,SEND_REMINDER,0.8500000000000001,0,8.742357812972006,0.10540540540540541,-0.004469324441788538,0.0,1.0,0.9861046898176087,-0.1661250755296074,39.0,224.8255860849478
evt_inv_000196_0,cust_b2b_008,inv_000196,2026-05-26T21:47:56.928809+00:00,8429825,SEND_REMINDER,0.8500000000000001,0,9.6632605620761,0.22149837133550487,0.11147519195156384,0.0,1.0,0.9858992633624782,-0.16733990110348068,50.0,209.07702878088799
evt_inv_008182_0,cust_b2b_030,inv_008182,2026-05-26T22:02:00.309461+00:00,2873340,SEND_REMINDER,0.8500000000000001,1,9.928655204323062,0.3046153846153846,0.5268985778665818,0.0,1.0,0.9857849971884749,-0.16801172375200035,36.0,224.76482820533974
evt_inv_004252_0,cust_b2b_025,inv_004252,2026-05-26T22:38:07.601621+00:00,9841589,SEND_REMINDER,0.8500000000000001,0,2.4609514209920635,0.19466666666666665,-0.07391450184239245,0.0,1.0,0.9854892600078488,-0.1697377931080247,43.0,218.0616512296966
evt_inv_002969_0,cust_b2b_004,inv_002969,2026-05-26T22:46:12.125592+00:00,3259490,SEND_REMINDER,0.8500000000000001,0,1.9427355737181449,0.16774193548387098,0.0974449665734704,0.0,1.0,0.9854227310479158,-0.1701236054581108,37.0,221.2580556550278
evt_inv_002536_1,cust_b2b_006,inv_002536,2026-05-26T23:19:52.393946+00:00,5014788,WRITE_OFF,0.05,0,18.219317321151582,0.2874617737003058,-0.24193575953426366,1.0,1.0,0.9851437045232897,-0.17173200469955877,43.0,220.1006102463808
evt_inv_003304_1,cust_b2b_012,inv_003304,2026-05-26T23:37:02.840205+00:00,3952211,SEND_REMINDER,0.05,1,21.339785304364334,0.4721311475409836,0.0745083002717289,1.0,1.0,0.9850003748569093,-0.17255219944048267,25.0,219.9384105304254
evt_inv_003771_0,cust_b2b_006,inv_003771,2026-05-26T23:38:40.702633+00:00,4375109,OFFER_PAYMENT_PLAN,0.05,0,9.85830859680642,0.2865853658536585,-0.5299713949887611,0.0,1.0,0.9849867271994556,-0.17263008787840353,43.0,220.1136693747021
evt_inv_002093_0,cust_b2b_009,inv_002093,2026-05-26T23:44:56.691103+00:00,6646455,SEND_REMINDER,0.8500000000000001,0,5.90070552095673,0.1574074074074074,0.3326088782677622,0.0,1.0,0.9849342354702869,-0.17292932602239997,38.0,214.8900029836416
evt_inv_007503_0,cust_b2b_031,inv_007503,2026-05-26T23:50:39.603447+00:00,10228354,SEND_REMINDER,0.8500000000000001,0,8.410014560153341,0.2768729641693811,-0.6432236647159056,0.0,1.0,0.9848862822329384,-0.17320222593656473,45.0,218.33215598429078
evt_inv_002595_0,cust_b2b_024,inv_002595,2026-05-26T23:52:11.153604+00:00,4742748,SEND_REMINDER,0.8500000000000001,0,5.215188109778209,0.13333333333333333,0.10732847699319809,0.0,1.0,0.9848734669702826,-0.173275082045676,36.0,215.21252759250805
evt_inv_006638_0,cust_b2b_019,inv_006638,2026-05-27T00:02:16.167064+00:00,4320408,SEND_REMINDER,0.8500000000000001,0,4.945288549137228,0.31547619047619047,0.670671210333165,0.0,1.0,0.9847886412208431,-0.17375653116474693,47.0,218.93980880357785
evt_inv_008807_0,cust_b2b_039,inv_008807,2026-05-27T00:04:02.508088+00:00,12712691,SEND_REMINDER,0.8500000000000001,0,4.104317576629946,0.4139344262295082,0.4211626868476605,0.0,1.0,0.9847737073864867,-0.17384114944475676,23.0,209.89860491858929
evt_inv_005713_0,cust_b2b_020,inv_005713,2026-05-27T00:08:08.721302+00:00,4466784,SEND_REMINDER,0.8500000000000001,0,7.974998948899054,0.321656050955414,-0.4172614117667465,0.0,1.0,0.9847391029160434,-0.17403706268523966,38.0,208.19808030600163
evt_inv_002670_0,cust_b2b_034,inv_002670,2026-05-27T01:15:51.621993+00:00,3833296,SEND_REMINDER,0.8500000000000001,1,3.8656724192119363,0.4781021897810219,-0.6574322829406939,0.0,1.0,0.984162448287202,-0.17726893518420117,40.0,206.97603509969585
evt_inv_003733_0,cust_b2b_013,inv_003733,2026-05-27T01:41:35.415219+00:00,2245968,SEND_REMINDER,0.8500000000000001,0,1.619369283992058,0.1921921921921922,-0.17424877992480706,0.0,1.0,0.9839405538004508,-0.17849646099254285,38.0,220.76787217487836
evt_inv_004822_0,cust_b2b_038,inv_004822,2026-05-27T01:42:29.349574+00:00,5247820,WRITE_OFF,0.05,0,2.942104875587348,0.2791519434628975,0.5420846315383849,0.0,1.0,0.9839327739566059,-0.1785393411381889,32.0,220.0732041091991
evt_inv_002403_1,cust_b2b_009,inv_002403,2026-05-27T01:45:05.802420+00:00,4692289,OFFER_PAYMENT_PLAN,0.8500000000000001,0,19.022871271727013,0.15692307692307692,-0.500224120216435,1.0,1.0,0.9839101956031394,-0.17866372599996877,38.0,214.97344177202845
evt_inv_002649_0,cust_b2b_011,inv_002649,2026-05-27T02:03:09.549712+00:00,2259942,SEND_REMINDER,0.8500000000000001,0,3.34412751387265,0.3595890410958904,0.9557071728665384,0.0,1.0,0.9837533638844302,-0.1795252601893887,38.0,219.88249543954774
evt_inv_006819_1,cust_b2b_019,inv_006819,2026-05-27T02:09:24.370978+00:00,4327791,OFFER_PAYMENT_PLAN,0.8500000000000001,1,18.483048613417846,0.314540059347181,0.6760895159736936,1.0,1.0,0.9836989470054951,-0.1798231955568587,48.0,219.02809820072363
evt_inv_006596_0,cust_b2b_015,inv_006596,2026-05-27T02:09:49.572024+00:00,11192504,SEND_REMINDER,0.8500000000000001,0,6.841354562689006,0.1501597444089457,0.40824770879955696,0.0,1.0,0.9836952850581391,-0.17984322660135527,41.0,218.21715819683308
evt_inv_007250_1,cust_b2b_014,inv_007250,2026-05-27T02:26:48.807873+00:00,9047490,WRITE_OFF,0.05,0,17.295922697460977,0.22743682310469315,-0.3660622413185611,1.0,1.0,0.9835468387421609,-0.18065330331965074,41.0,223.34085637529265
evt_inv_003215_1,cust_b2b_013,inv_003215,2026-05-27T02:42:35.821422+00:00,2607137,OFFER_PAYMENT_PLAN,0.8500000000000001,1,22.365537563675996,0.19161676646706588,0.19974968730661824,1.0,1.0,0.9834083133499327,-0.18140586879767823,39.0,220.8102379874139
evt_inv_004174_0,cust_b2b_030,inv_004174,2026-05-27T02:46:00.190756+00:00,2895804,SEND_REMINDER,0.8500000000000001,0,3.8637497367505738,0.3067484662576687,0.5505630518139435,0.0,1.0,0.9833783434683793,-0.18156826153649838,37.0,224.96204905366957
evt_inv_007167_0,cust_b2b_036,inv_007167,2026-05-27T03:01:55.369396+00:00,3719632,SEND_REMINDER,0.8500000000000001,1,6.006456349168456,0.2703583061889251,-0.013885441134565793,0.0,1.0,0.9832379150950257,-0.18232718480683863,28.0,221.58019462963946
evt_inv_005807_0,cust_b2b_001,inv_005807,2026-05-27T03:18:27.753194+00:00,7205722,SEND_REMINDER,0.8500000000000001,0,8.606824990139398,0.04054054054054054,0.10559302588610553,0.0,1.0,0.9830913965335596,-0.18311555384973566,45.0,210.021946279231
evt_inv_004518_1,cust_b2b_024,inv_004518,2026-05-27T03:26:30.798809+00:00,6163729,OFFER_PAYMENT_PLAN,0.8500000000000001,1,20.24096300375932,0.13293051359516617,0.8885132788672921,1.0,1.0,0.9830198494770837,-0.18349925213485713,35.0,215.3613660786829
evt_inv_001635_1,cust_b2b_038,inv_001635,2026-05-27T03:32:28.333310+00:00,3003461,OFFER_PAYMENT_PLAN,0.8500000000000001,0,21.268605427183175,0.27816901408450706,-0.7589377666711216,1.0,1.0,0.9829667962507564,-0.1837832350039685,32.0,220.14958123577208
evt_inv_006654_0,cust_b2b_027,inv_006654,2026-05-27T03:37:42.893920+00:00,2675804,SEND_REMINDER,0.8500000000000001,0,5.772078207371435,0.14641744548286603,-0.09502833114325686,0.0,1.0,0.98292005192058,-0.1840330718442865,38.0,210.23296892712474
evt_inv_001027_0,cust_b2b_026,inv_001027,2026-05-27T03:39:48.402106+00:00,6971966,SEND_REMINDER,0.8500000000000001,1,5.087525827927768,0.2641509433962264,1.1540852140006703,0.0,1.0,0.982901383432512,-0.18413275223722173,35.0,209.28919551308286
evt_inv_003593_0,cust_b2b_026,inv_003593,2026-05-27T03:54:24.764681+00:00,5477278,SEND_REMINDER,0.8500000000000001,0,7.393976750027625,0.2664576802507837,0.3707023133517813,0.0,1.0,0.9827707487545589,-0.18482871906823248,36.0,209.29933859843743
evt_inv_003159_1,cust_b2b_038,inv_003159,2026-05-27T04:16:39.677137+00:00,4369699,OFFER_PAYMENT_PLAN,0.8500000000000001,0,16.721554309128123,0.2771929824561403,0.03305046675815639,1.0,1.0,0.9825708134895532,-0.18588866689090439,33.0,220.18026808562868
evt_inv_003658_0,cust_b2b_001,inv_003658,2026-05-27T04:51:17.864743+00:00,5663220,ESCALATE_COLLECTIONS,0.05,0,5.474337220387891,0.04040404040404041,-0.45217660604159965,0.0,1.0,0.9822572797953778,-0.18753835951342027,46.0,210.0864151628988
evt_inv_004986_0,cust_b2b_009,inv_004986,2026-05-27T04:59:47.890038+00:00,5528527,SEND_REMINDER,0.8500000000000001,0,5.2725162321064785,0.15644171779141106,-0.14383355342586532,0.0,1.0,0.9821799095648864,-0.18794314365549875,38.0,215.1086511194643
evt_inv_008156_0,cust_b2b_001,inv_008156,2026-05-27T04:59:56.443892+00:00,6823760,SEND_REMINDER,0.8500000000000001,0,3.1360037907574814,0.040268456375838924,-0.03252495168200969,0.0,1.0,0.9821786105331072,-0.18794993219273862,46.0,210.09241723638434
evt_inv_002342_0,cust_b2b_038,inv_002342,2026-05-27T05:02:22.348392+00:00,4198112,SEND_REMINDER,0.8500000000000001,0,6.319832954126012,0.2762237762237762,-0.06641589949919187,0.0,1.0,0.9821564455075548,-0.18806572401148916,34.0,220.2120119658915
evt_inv_005934_0,cust_b2b_002,inv_005934,2026-05-27T05:10:05.320046+00:00,3233981,SEND_REMINDER,0.8500000000000001,0,7.6329543245536815,0.13333333333333333,-0.3734247195560393,0.0,1.0,0.9820860229678886,-0.18843312737179682,42.0,219.79093406410925
evt_inv_000129_1,cust_b2b_022,inv_000129,2026-05-27T05:11:57.319138+00:00,1551065,SEND_REMINDER,0.05,0,19.140194361535087,0.17704918032786884,-0.44197750578915856,1.0,1.0,0.9820689661591361,-0.18852200324398616,39.0,213.76660987657965
evt_inv_004233_1,cust_b2b_027,inv_004233,2026-05-27T05:13:21.815771+00:00,2409647,OFFER_PAYMENT_PLAN,0.8500000000000001,0,18.902938459428427,0.14596273291925466,-0.3342464530987511,1.0,1.0,0.9820560924915035,-0.18858905376590557,39.0,210.29939163373624
evt_inv_006978_1,cust_b2b_032,inv_006978,2026-05-27T06:38:33.677270+00:00,10131492,ESCALATE_COLLECTIONS,0.05,1,18.507109436892122,0.10512129380053908,1.357021708253175,1.0,1.0,0.9812687500619742,-0.19264381680139844,39.0,225.21171510123
evt_inv_003698_0,cust_b2b_019,inv_003698,2026-05-27T07:01:16.203945+00:00,4124994,SEND_REMINDER,0.8500000000000001,0,3.2866835511116683,0.3165680473372781,0.5272605360764342,0.0,1.0,0.9810560636935871,-0.19372403023384668,48.0,219.23078145265745
evt_inv_000125_0,cust_b2b_034,inv_000125,2026-05-27T07:06:17.135041+00:00,4975852,SEND_REMINDER,0.8500000000000001,0,2.0807325448388694,0.48,-0.10823500236456403,0.0,1.0,0.9810089289130818,-0.19396257729986982,40.0,207.21938594516146
evt_inv_005043_1,cust_b2b_036,inv_005043,2026-05-27T07:06:30.354027+00:00,2856079,OFFER_PAYMENT_PLAN,0.8500000000000001,0,16.359207091432705,0.2727272727272727,-0.5910642026792582,1.0,1.0,0.981006857095793,-0.19397305568308762,29.0,221.7500439887997
evt_inv_007229_0,cust_b2b_032,inv_007229,2026-05-27T07:14:34.000561+00:00,3942573,SEND_REMINDER,0.8500000000000001,0,7.0050416463346,0.10752688172043011,-0.9990769289334018,0.0,1.0,0.9809309780156894,-0.19435641581687788,39.0,225.23671884301658
evt_inv_002831_0,cust_b2b_024,inv_002831,2026-05-27T07:16:11.999972+00:00,3875754,SEND_REMINDER,0.8500000000000001,1,5.184003424019866,0.1355421686746988,-0.36930212844428256,0.0,1.0,0.9809155846799648,-0.1944340909716271,36.0,215.52087072177255
evt_inv_001772_0,cust_b2b_039,inv_001772,2026-05-27T07:40:35.831392+00:00,11161249,SEND_REMINDER,0.8500000000000001,0,2.8997687211144374,0.4122448979591837,0.06466740163944651,0.0,1.0,0.9806849201400403,-0.19559419063439168,23.0,210.2156572716384
evt_inv_007427_0,cust_b2b_013,inv_007427,2026-05-27T07:43:17.587954+00:00,2774474,SEND_REMINDER,0.8500000000000001,0,9.900581160982881,0.19402985074626866,0.37303122225998797,0.0,1.0,0.9806593470177711,-0.19572236741537422,38.0,221.0190547296893
evt_inv_006238_0,cust_b2b_035,inv_006238,2026-05-27T07:54:24.325316+00:00,3826905,WRITE_OFF,0.05,0,7.6052319885822754,0.33881578947368424,-0.6915502669174286,0.0,1.0,0.9805537614390196,-0.19625065841364733,32.0,224.14047367581523
evt_inv_005147_0,cust_b2b_023,inv_005147,2026-05-27T08:28:25.471932+00:00,2519181,SEND_REMINDER,0.8500000000000001,0,2.85780565235559,0.41776315789473684,0.2974805666787361,0.0,1.0,0.980228753112149,-0.19786761122579333,41.0,210.64611701815113
evt_inv_003962_1,cust_b2b_014,inv_003962,2026-05-27T08:32:01.940179+00:00,13400052,OFFER_PAYMENT_PLAN,0.8500000000000001,0,17.880457305951506,0.22661870503597123,0.6605315135878211,1.0,1.0,0.9801941288407396,-0.19803906126353843,39.0,223.59448059180147
evt_inv_004277_1,cust_b2b_018,inv_004277,2026-05-27T08:38:49.527683+00:00,2946072,OFFER_PAYMENT_PLAN,0.8500000000000001,0,23.765496859691453,0.6181102362204725,1.1185609151600062,1.0,1.0,0.9801288534997583,-0.19836186764912603,28.0,210.7856171773416
evt_inv_003023_0,cust_b2b_030,inv_003023,2026-05-27T08:43:01.359553+00:00,3604307,SEND_REMINDER,0.8500000000000001,0,6.780697602580231,0.3058103975535168,1.2969301744372124,0.0,1.0,0.9800884693664483,-0.19856130593580532,36.0,225.2099792480701
evt_inv_000811_0,cust_b2b_030,inv_000811,2026-05-27T08:45:33.308864+00:00,2047096,SEND_REMINDER,0.8500000000000001,1,6.348342179356271,0.3048780487804878,-0.34350191585747347,0.0,1.0,0.9800640829183411,-0.19868163823924678,37.0,225.21173792065647
evt_inv_007066_0,cust_b2b_039,inv_007066,2026-05-27T08:45:48.558545+00:00,8404269,SEND_REMINDER,0.8500000000000001,1,8.943666908864973,0.4105691056910569,-0.5688402770337871,0.0,1.0,0.9800616346709446,-0.19869371466182773,24.0,210.26094346553998
evt_inv_007045_0,cust_b2b_016,inv_007045,2026-05-27T08:52:20.176109+00:00,10882543,SEND_REMINDER,0.8500000000000001,0,4.211500683797346,0.22666666666666666,0.23771349841667122,0.0,1.0,0.9799987117757502,-0.19900383141505118,26.0,213.0579431371274
evt_inv_001299_0,cust_b2b_015,inv_001299,2026-05-27T09:11:44.869870+00:00,6920262,SEND_REMINDER,0.8500000000000001,1,5.076628800029781,0.14968152866242038,-0.7018468748927396,0.0,1.0,0.9798109954970952,-0.19992601907453522,41.0,218.51015932930045
evt_inv_002048_0,cust_b2b_023,inv_002048,2026-05-27T09:18:19.022741+00:00,2236951,SEND_REMINDER,0.8500000000000001,0,3.917235580121935,0.4163934426229508,-0.015927954292352144,0.0,1.0,0.9797472724662215,-0.20023806355186208,42.0,210.68076459695507
evt_inv_008440_1,cust_b2b_009,inv_008440,2026-05-27T09:26:09.891087+00:00,6515377,OFFER_PAYMENT_PLAN,0.8500000000000001,0,21.65612948069857,0.1559633027522936,0.27674551351992804,1.0,1.0,0.9796710165056516,-0.200610815807083,38.0,215.29362798345528
evt_inv_005389_0,cust_b2b_006,inv_005389,2026-05-27T09:27:11.985459+00:00,3756000,SEND_REMINDER,0.8500000000000001,0,1.3183797635891334,0.2857142857142857,-0.8087443485559853,0.0,1.0,0.9796609498920233,-0.20065996924314133,44.0,220.5223647777715
evt_inv_007535_0,cust_b2b_000,inv_007535,2026-05-27T09:36:06.179605+00:00,5409846,SEND_REMINDER,0.8500000000000001,0,8.082949027364336,0.34219269102990035,0.25948036460327195,0.0,1.0,0.9795742455524168,-0.20108281241919554,39.0,217.0482084771685
evt_inv_004980_0,cust_b2b_010,inv_004980,2026-05-27T09:45:50.136962+00:00,3395107,OFFER_PAYMENT_PLAN,0.05,0,8.234445723362168,0.12460063897763578,0.4087712247895189,0.0,1.0,0.9794792554102835,-0.2015450029668727,36.0,217.08036726473372
evt_inv_006476_0,cust_b2b_034,inv_006476,2026-05-27T09:59:36.102732+00:00,4488332,SEND_REMINDER,0.8500000000000001,0,4.685032255092784,0.4782608695652174,-0.34257315902925334,0.0,1.0,0.9793445263107284,-0.20219866168007847,40.0,207.3397443675135
evt_inv_008441_0,cust_b2b_028,inv_008441,2026-05-27T10:14:49.381676+00:00,5392832,SEND_REMINDER,0.8500000000000001,0,4.621472253271791,0.33214285714285713,0.12159989785310439,0.0,1.0,0.979195047118092,-0.20292131405891678,25.0,207.22477087029134
evt_inv_000109_0,cust_b2b_037,inv_000109,2026-05-27T10:15:42.333660+00:00,3168664,SEND_REMINDER,0.8500000000000001,1,5.332407024561908,0.2684563758389262,0.2344704577314112,0.0,1.0,0.9791863639471464,-0.20296321011446042,35.0,217.64124242486673
evt_inv_001724_0,cust_b2b_002,inv_001724,2026-05-27T10:25:15.470966+00:00,3182175,OFFER_PAYMENT_PLAN,0.05,0,9.538474136968523,0.132890365448505,-0.407490961528476,0.0,1.0,0.979092265059259,-0.20341665738363163,43.0,220.00980155161105
evt_inv_003602_0,cust_b2b_007,inv_003602,2026-05-27T10:34:18.453553+00:00,6598740,SEND_REMINDER,0.8500000000000001,0,4.271384891590065,0.2822822822822823,1.3529794044253156,0.0,1.0,0.9790029233326505,-0.20384620699469622,38.0,224.24180105663177
evt_inv_000061_0,cust_b2b_012,inv_000061,2026-05-27T11:07:00.418873+00:00,3544222,SEND_REMINDER,0.8500000000000001,1,8.09633399956681,0.4738562091503268,-0.19125919544232128,0.0,1.0,0.9786785332613103,-0.20539797597223416,26.0,220.41754917242102
evt_inv_001696_0,cust_b2b_003,inv_001696,2026-05-27T11:08:25.264592+00:00,3938828,SEND_REMINDER,0.8500000000000001,1,7.4649756688780275,0.17419354838709677,-0.4448830534330639,0.0,1.0,0.9786644494357836,-0.20546507102316616,37.0,212.39249791459793
evt_inv_008854_0,cust_b2b_011,inv_008854,2026-05-27T11:08:41.668245+00:00,1721719,OFFER_PAYMENT_PLAN,0.05,0,3.6967779098317677,0.3583617747440273,0.13270266449505758,0.0,1.0,0.9786617260077678,-0.20547804273813977,38.0,220.26133940404281
evt_inv_002540_0,cust_b2b_001,inv_002540,2026-05-27T11:18:32.387645+00:00,5948580,SEND_REMINDER,0.8500000000000001,0,3.843247552923429,0.04013377926421405,-0.34899034984762395,0.0,1.0,0.9785635368280121,-0.2059451489854806,47.0,210.3553332520432
evt_inv_005446_1,cust_b2b_019,inv_005446,2026-05-27T11:25:45.638351+00:00,3388498,OFFER_PAYMENT_PLAN,0.8500000000000001,0,18.533969912093767,0.31563421828908556,-0.013241360574367035,1.0,1.0,0.9784913803197691,-0.206287708407246,47.0,219.41445546198818
evt_inv_000016_0,cust_b2b_035,inv_000016,2026-05-27T11:29:52.130272+00:00,5523863,SEND_REMINDER,0.8500000000000001,0,3.9952280148328825,0.3377049180327869,0.11036790381171369,0.0,1.0,0.9784502743638499,-0.2064825915115048,32.0,224.29010104799022
evt_inv_006422_0,cust_b2b_023,inv_006422,2026-05-27T11:30:51.693664+00:00,2394912,WRITE_OFF,0.05,1,1.703612984234083,0.4150326797385621,0.15948326859766598,0.0,1.0,0.9784403355167822,-0.20652968269429617,43.0,210.77280939931492
evt_inv_006677_0,cust_b2b_037,inv_006677,2026-05-27T12:07:49.584821+00:00,3660213,SEND_REMINDER,0.8500000000000001,0,8.382649025046472,0.2709030100334448,0.6586643054562186,0.0,1.0,0.9780686413003619,-0.2082828195143901,36.0,217.71910412811152
evt_inv_003952_1,cust_b2b_031,inv_003952,2026-05-27T12:08:43.535402+00:00,17715461,OFFER_PAYMENT_PLAN,0.8500000000000001,0,24.636952123979043,0.275974025974026,0.7159279719745546,1.0,1.0,0.978059560635595,-0.2083254565560986,46.0,218.84470149303357
evt_inv_007436_0,cust_b2b_024,inv_007436,2026-05-27T12:31:16.043458+00:00,4093005,SEND_REMINDER,0.8500000000000001,0,4.9188743497981005,0.13813813813813813,-0.24986799495824188,0.0,1.0,0.9778313066084413,-0.20939421151605042,36.0,215.73966752136994
evt_inv_001207_1,cust_b2b_002,inv_001207,2026-05-27T12:36:28.695854+00:00,3214350,OFFER_PAYMENT_PLAN,0.8500000000000001,0,24.149884649230373,0.13245033112582782,-0.3863331633978084,1.0,1.0,0.9777783760902368,-0.20964123461365994,44.0,220.1009268396615
evt_inv_002146_0,cust_b2b_037,inv_002146,2026-05-27T12:44:44.979332+00:00,4526028,SEND_REMINDER,0.8500000000000001,0,8.387378044673007,0.27,1.405839135909773,0.0,1.0,0.9776942295862329,-0.21003331505688,37.0,217.74474526829053
evt_inv_007490_0,cust_b2b_003,inv_007490,2026-05-27T12:58:47.836111+00:00,4015629,SEND_REMINDER,0.8500000000000001,0,1.6361464294819186,0.17684887459807075,-0.4048110976453142,0.0,1.0,0.9775509601942509,-0.21069912250243963,37.0,212.46914804791763
evt_inv_005230_0,cust_b2b_004,inv_005230,2026-05-27T13:05:15.190010+00:00,3104345,SEND_REMINDER,0.8500000000000001,0,6.283762640229332,0.16720257234726688,-0.02618785754442015,0.0,1.0,0.9774849654299883,-0.2110050766174467,37.0,221.8546189006072
evt_inv_000619_0,cust_b2b_022,inv_000619,2026-05-27T13:10:39.929495+00:00,1429875,SEND_REMINDER,0.8500000000000001,0,2.5506331336718366,0.17647058823529413,-0.602777216907746,0.0,1.0,0.9774295646998684,-0.21126155838350197,38.0,214.09904749645315
evt_inv_004132_1,cust_b2b_019,inv_004132,2026-05-27T13:50:12.070847+00:00,4339000,WRITE_OFF,0.05,0,19.42917755634446,0.31470588235294117,0.684315670277331,1.0,1.0,0.9770228350666575,-0.21313465170710966,48.0,219.5147613936555
evt_inv_006128_1,cust_b2b_008,inv_006128,2026-05-27T14:03:46.190312+00:00,7660277,WRITE_OFF,0.05,0,17.36529014293371,0.22077922077922077,-0.12692308221545973,1.0,1.0,0.9768824179320812,-0.21377731763489485,47.0,209.75468227050703
evt_inv_008556_0,cust_b2b_037,inv_008556,2026-05-27T14:17:12.410185+00:00,3013174,SEND_REMINDER,0.8500000000000001,1,6.257057713993876,0.2691029900332226,0.10028737179259417,0.0,1.0,0.9767429466980376,-0.21441365645787216,38.0,217.80895164389702
evt_inv_005472_0,cust_b2b_003,inv_005472,2026-05-27T14:23:46.309698+00:00,4320395,SEND_REMINDER,0.8500000000000001,0,9.233018516937323,0.1762820512820513,-0.2457972089633583,0.0,1.0,0.9766746536929264,-0.2147245231309231,38.0,212.52815815888607
evt_inv_000312_1,cust_b2b_011,inv_000312,2026-05-27T14:27:25.562553+00:00,1818564,OFFER_PAYMENT_PLAN,0.8500000000000001,0,18.970186884241805,0.35714285714285715,0.28078994055323125,1.0,1.0,0.9766365974891941,-0.21489754871735953,38.0,220.39934744001593
evt_inv_002527_0,cust_b2b_004,inv_002527,2026-05-27T14:30:01.514277+00:00,3034613,SEND_REMINDER,0.8500000000000001,0,7.160089628574335,0.16666666666666666,-0.08175620327883344,0.0,1.0,0.976609509947165,-0.21502061547851226,38.0,221.91348839444723
evt_inv_003016_0,cust_b2b_032,inv_003016,2026-05-27T15:02:37.252234+00:00,8849964,SEND_REMINDER,0.8500000000000001,0,5.997560443887591,0.10723860589812333,0.8691486641471036,0.0,1.0,0.9762684976875883,-0.21656366367149266,40.0,225.5617564781221
evt_inv_008809_0,cust_b2b_017,inv_008809,2026-05-27T15:09:03.614933+00:00,7968452,SEND_REMINDER,0.8500000000000001,0,4.081526307099936,0.27631578947368424,0.553293672852165,0.0,1.0,0.9762008411317308,-0.21686843424920413,31.0,222.1465544082831
evt_inv_002072_0,cust_b2b_022,inv_002072,2026-05-27T15:30:54.562651+00:00,1511007,SEND_REMINDER,0.8500000000000001,0,3.322455887590701,0.1758957654723127,-0.4951282441144937,0.0,1.0,0.9759705700432392,-0.21790237816388072,39.0,214.19643908390466
evt_inv_005330_0,cust_b2b_011,inv_005330,2026-05-27T15:38:02.136389+00:00,1646280,SEND_REMINDER,0.8500000000000001,1,6.452266503815242,0.3559322033898305,0.017348654184495646,0.0,1.0,0.9758952288507088,-0.21823955257107452,39.0,220.44838185941907
evt_inv_008575_1,cust_b2b_008,inv_008575,2026-05-27T15:46:22.141764+00:00,9674684,OFFER_PAYMENT_PLAN,0.8500000000000001,0,22.8353252493955,0.22006472491909385,0.4971199113102617,1.0,1.0,0.9758069769907979,-0.21863381178600996,47.0,209.82593170861264
evt_inv_001393_0,cust_b2b_033,inv_001393,2026-05-27T17:38:50.202995+00:00,3414308,ESCALATE_COLLECTIONS,0.05,0,7.521577568201978,0.12974683544303797,-0.5426950072370783,0.0,1.0,0.9746003572625225,-0.2239512081319579,37.0,206.88367631254786
evt_inv_000686_0,cust_b2b_014,inv_000686,2026-05-27T17:46:58.499466+00:00,10052779,SEND_REMINDER,0.8500000000000001,1,5.908676118582534,0.22580645161290322,-0.12895492990088978,0.0,1.0,0.9745119204072746,-0.22433572382508676,37.0,223.97985743540093
evt_inv_007758_1,cust_b2b_020,inv_007758,2026-05-27T17:57:24.505414+00:00,5423794,OFFER_PAYMENT_PLAN,0.8500000000000001,0,17.446879433538136,0.32063492063492066,0.028966360176343523,1.0,1.0,0.9743983206580873,-0.22482862962420788,37.0,208.94062410360357
evt_inv_004412_0,cust_b2b_007,inv_004412,2026-05-27T18:07:36.360992+00:00,4440511,SEND_REMINDER,0.8500000000000001,0,1.7013244994292873,0.281437125748503,0.09279768558796157,0.0,1.0,0.9742870478203643,-0.22531033808833356,36.0,224.55659165199236
evt_inv_007030_0,cust_b2b_015,inv_007030,2026-05-27T18:34:41.558234+00:00,9282712,SEND_REMINDER,0.8500000000000001,0,5.798903831152972,0.1523809523809524,-0.08799047358973128,0.0,1.0,0.9739903311025147,-0.22658957372044702,41.0,218.90109322240755
evt_inv_005852_0,cust_b2b_001,inv_005852,2026-05-27T18:55:36.330236+00:00,7287510,SEND_REMINDER,0.8500000000000001,0,6.271535680019718,0.04,0.1351674099198599,0.0,1.0,0.9737600948981475,-0.2275769706801432,45.0,210.6727399949973
evt_inv_008742_0,cust_b2b_005,inv_008742,2026-05-27T18:55:53.524676+00:00,7527930,OFFER_PAYMENT_PLAN,0.05,0,5.2997759293680975,0.21779141104294478,-0.07897277860765381,0.0,1.0,0.9737569329636105,-0.22759049959368333,41.0,218.12857165458686
evt_inv_006515_0,cust_b2b_023,inv_006515,2026-05-27T19:01:54.972768+00:00,2110242,SEND_REMINDER,0.8500000000000001,0,2.5089758794947046,0.4169381107491857,-0.1566348203240068,0.0,1.0,0.973690421740339,-0.22787488367768974,43.0,211.0860417963489
evt_inv_002079_1,cust_b2b_030,inv_002079,2026-05-27T19:05:03.119188+00:00,2574967,WRITE_OFF,0.05,0,22.930764150277522,0.3069908814589666,0.2125796012340236,1.0,1.0,0.9736557674452601,-0.22802290788554927,38.0,225.641944058667
evt_inv_006543_1,cust_b2b_009,inv_006543,2026-05-27T19:11:26.493780+00:00,6631463,OFFER_PAYMENT_PLAN,0.8500000000000001,0,18.654496202539363,0.15548780487804878,0.32621975498267136,1.0,1.0,0.9735850848397674,-0.2283245115565628,38.0,215.70007014425792
evt_inv_004492_0,cust_b2b_008,inv_004492,2026-05-27T19:22:38.390056+00:00,7223681,SEND_REMINDER,0.8500000000000001,0,9.312598978991739,0.21935483870967742,-0.262176021953087,0.0,1.0,0.9734609822721347,-0.22885304453681735,47.0,209.97611976754214
evt_inv_003025_0,cust_b2b_007,inv_003025,2026-05-27T19:35:28.491615+00:00,3837832,SEND_REMINDER,0.8500000000000001,0,5.402439953088171,0.28059701492537314,-0.2591046049136429,0.0,1.0,0.9733183878074304,-0.22945874565146654,37.0,224.61761168235023
evt_inv_006172_1,cust_b2b_011,inv_006172,2026-05-27T19:42:41.446533+00:00,1380409,OFFER_PAYMENT_PLAN,0.8500000000000001,0,17.183992534435664,0.3581081081081081,-0.3891988198775125,1.0,1.0,0.9732380549870744,-0.22979923482243444,40.0,220.61828128238596
evt_inv_003270_1,cust_b2b_035,inv_003270,2026-05-27T19:44:51.868063+00:00,5471455,OFFER_PAYMENT_PLAN,0.8500000000000001,0,23.16578055475521,0.3366013071895425,0.08560144021994986,1.0,1.0,0.9732138325192384,-0.22990179684642673,32.0,224.63384801316639
evt_inv_004384_0,cust_b2b_000,inv_004384,2026-05-27T20:08:24.026210+00:00,6318426,ESCALATE_COLLECTIONS,0.05,1,8.888439058181042,0.34105960264900664,0.7229329768395284,0.0,1.0,0.9729508681890817,-0.23101213840426665,40.0,217.48730392398048
evt_inv_000708_0,cust_b2b_019,inv_000708,2026-05-27T20:18:16.354588+00:00,4104009,SEND_REMINDER,0.8500000000000001,0,1.0548647757079668,0.31378299120234604,0.5118602251961581,0.0,1.0,0.9728401909186817,-0.2314777806470912,47.0,219.78425541843387
evt_inv_007775_0,cust_b2b_010,inv_007775,2026-05-27T20:21:33.082764+00:00,1726448,SEND_REMINDER,0.8500000000000001,0,8.045639197377813,0.12420382165605096,-1.0208586487119062,0.0,1.0,0.9728033827224022,-0.2316324212277967,37.0,217.52183654485307
evt_inv_004740_1,cust_b2b_015,inv_004740,2026-05-27T20:25:10.401729+00:00,8361266,OFFER_PAYMENT_PLAN,0.8500000000000001,0,20.140680008260237,0.1518987341772152,-0.32741805145621805,1.0,1.0,0.9727626933772987,-0.23180324064461114,42.0,218.97781594804488
evt_inv_000255_0,cust_b2b_036,inv_000255,2026-05-27T20:32:56.259260+00:00,4066754,SEND_REMINDER,0.8500000000000001,1,4.756509728708414,0.27184466019417475,0.2181229692978066,0.0,1.0,0.9726753682727772,-0.2321693949585459,25.0,222.31006604010625
evt_inv_000388_0,cust_b2b_014,inv_000388,2026-05-27T20:32:57.757726+00:00,12506097,SEND_REMINDER,0.8500000000000001,0,7.193194191073671,0.22857142857142856,0.44968372862736566,0.0,1.0,0.9726750871627475,-0.23217057266790167,38.0,224.09512662822007
evt_inv_004732_0,cust_b2b_012,inv_004732,2026-05-27T20:37:45.238229+00:00,4430703,SEND_REMINDER,0.8500000000000001,1,8.694220511099395,0.4755700325732899,0.3862026357561873,0.0,1.0,0.9726211298324643,-0.2323965098778821,27.0,220.8139012482992
evt_inv_006554_0,cust_b2b_038,inv_006554,2026-05-27T20:47:17.724613+00:00,3706223,SEND_REMINDER,0.8500000000000001,0,4.046648127213406,0.27526132404181186,-0.35155653402549103,0.0,1.0,0.9725135233200491,-0.23284640207575508,33.0,220.86820844993198
evt_inv_003915_0,cust_b2b_018,inv_003915,2026-05-27T20:59:09.233608+00:00,1402360,SEND_REMINDER,0.8500000000000001,1,1.7114405775644288,0.615686274509804,-0.777528953511282,0.0,1.0,0.9723794956023815,-0.23340547665395134,29.0,211.2997341440611
evt_inv_007018_1,cust_b2b_026,inv_007018,2026-05-27T21:07:32.637137+00:00,3881627,OFFER_PAYMENT_PLAN,0.8500000000000001,0,20.949290703428698,0.265625,-0.46559609077922415,1.0,1.0,0.972284474793714,-0.23380098390535423,36.0,210.01679082593773
evt_inv_003285_0,cust_b2b_023,inv_003285,2026-05-27T21:29:11.599677+00:00,1684343,SEND_REMINDER,0.8500000000000001,1,5.9669083067804785,0.4155844155844156,-0.6295836824815781,0.0,1.0,0.9720385437935187,-0.23482135631108075,43.0,211.1883175707537
evt_inv_005448_0,cust_b2b_031,inv_005448,2026-05-27T21:29:36.280618+00:00,16564818,SEND_REMINDER,0.8500000000000001,0,6.346768758872214,0.2750809061488673,0.5070491376305403,0.0,1.0,0.972033860613564,-0.2348407413986985,47.0,219.23420085895404
evt_inv_005909_0,cust_b2b_024,inv_005909,2026-05-27T21:38:48.949192+00:00,4535128,SEND_REMINDER,0.8500000000000001,0,9.698105242027347,0.1377245508982036,-0.006810677098308852,0.0,1.0,0.971928891143338,-0.23527479797224643,37.0,216.11990948588877
evt_inv_005699_0,cust_b2b_026,inv_005699,2026-05-27T22:47:42.248437+00:00,3998214,SEND_REMINDER,0.8500000000000001,0,4.389337602881259,0.26479750778816197,-0.4044912774074537,0.0,1.0,0.9711377012542901,-0.2385195279270299,37.0,210.08634651228888
evt_inv_004588_1,cust_b2b_037,inv_004588,2026-05-27T22:53:07.464149+00:00,2929051,OFFER_PAYMENT_PLAN,0.8500000000000001,1,24.744493966278654,0.271523178807947,0.0276916421247578,1.0,1.0,0.9710749891549725,-0.2387747169146477,38.0,218.16722773144352
evt_inv_003769_0,cust_b2b_019,inv_003769,2026-05-27T23:04:03.828027+00:00,3417114,SEND_REMINDER,0.8500000000000001,0,1.2947413979244198,0.3128654970760234,0.007759884538813041,0.0,1.0,0.9709482167518979,-0.2392896997079263,47.0,219.89938821286898
evt_inv_006791_0,cust_b2b_007,inv_006791,2026-05-27T23:07:10.665063+00:00,4542253,SEND_REMINDER,0.8500000000000001,0,3.4336920395260324,0.27976190476190477,0.1522045499938242,0.0,1.0,0.9709120804599012,-0.2394362796591746,38.0,224.76462757873728
evt_inv_002372_0,cust_b2b_035,inv_002372,2026-05-27T23:07:45.176939+00:00,3517920,SEND_REMINDER,0.8500000000000001,0,2.1286675161311015,0.3355048859934853,-0.8375645736094329,0.0,1.0,0.9709054030705495,-0.23946335479236433,33.0,224.77474279183096
evt_inv_000051_1,cust_b2b_031,inv_000051,2026-05-27T23:12:21.970157+00:00,15661111,WRITE_OFF,0.05,0,20.482514655404547,0.27419354838709675,0.3429971410578132,1.0,1.0,0.9708518215558906,-0.23968049687366969,48.0,219.305563006398
evt_inv_005402_1,cust_b2b_008,inv_005402,2026-05-27T23:17:20.381354+00:00,7112161,WRITE_OFF,0.05,0,17.88148981621792,0.21864951768488747,-0.2967238509637119,1.0,1.0,0.9707940008407987,-0.23991458465778065,48.0,210.139105777938
evt_inv_004057_0,cust_b2b_007,inv_004057,2026-05-27T23:18:43.464620+00:00,3275882,SEND_REMINDER,0.8500000000000001,0,7.208240126954067,0.2789317507418398,-0.5872250817229964,0.0,1.0,0.9707778924257602,-0.23997975659917484,39.0,224.77264609213185
evt_inv_001521_0,cust_b2b_010,inv_001521,2026-05-27T23:30:27.538650+00:00,3142557,SEND_REMINDER,0.8500000000000001,0,5.380468886804753,0.12380952380952381,0.19239849563146127,0.0,1.0,0.9706412089618144,-0.24053200091702448,37.0,217.65302237686274
evt_inv_002086_0,cust_b2b_031,inv_002086,2026-05-27T23:32:27.789771+00:00,11973255,SEND_REMINDER,0.8500000000000001,0,6.875734038194148,0.2733118971061093,-0.3264678270986228,0.0,1.0,0.9706178329320507,-0.2406263127637742,48.0,219.3195192519378
evt_inv_006982_0,cust_b2b_038,inv_006982,2026-05-27T23:45:39.831065+00:00,4731320,OFFER_PAYMENT_PLAN,0.05,0,8.161848934087207,0.2743055555555556,0.24267707818839998,0.0,1.0,0.9704636363535586,-0.2412474466505876,33.0,220.99207542275227
evt_inv_006525_1,cust_b2b_002,inv_006525,2026-05-27T23:53:52.979333+00:00,3607683,OFFER_PAYMENT_PLAN,0.8500000000000001,0,22.713939095351087,0.132013201320132,-0.12768860429533735,1.0,1.0,0.9703674282226342,-0.24163413302882256,44.0,220.57134678733533
evt_inv_007383_0,cust_b2b_002,inv_007383,2026-05-28T00:11:44.136459+00:00,3372517,SEND_REMINDER,0.8500000000000001,0,5.583694871936297,0.13157894736842105,-0.28232716265034674,0.0,1.0,0.9701579257605981,-0.2424739142338695,45.0,220.583744439255
evt_inv_003339_0,cust_b2b_017,inv_003339,2026-05-28T00:12:35.820970+00:00,4545765,SEND_REMINDER,0.8500000000000001,0,9.36231511735843,0.2754098360655738,-0.7581864935479598,0.0,1.0,0.9701477986551204,-0.24251443001319317,30.0,222.5240104966682
evt_inv_005342_0,cust_b2b_019,inv_005342,2026-05-28T00:16:52.917332+00:00,3655771,SEND_REMINDER,0.8500000000000001,0,2.9008744313184494,0.3119533527696793,0.1829061987671985,0.0,1.0,0.9700973978411707,-0.24271596301395054,48.0,219.94995637612388
evt_inv_001488_0,cust_b2b_011,inv_001488,2026-05-28T00:35:36.050251+00:00,1347062,SEND_REMINDER,0.8500000000000001,0,2.788548212125817,0.3569023569023569,-0.4401904436476502,0.0,1.0,0.9698767295270759,-0.24359624283199285,41.0,220.8216910476323
evt_inv_005835_0,cust_b2b_013,inv_005835,2026-05-28T00:41:45.012625+00:00,2211772,SEND_REMINDER,0.8500000000000001,0,7.159680977057288,0.19345238095238096,-0.20966011156812756,0.0,1.0,0.9698040630754639,-0.24388538136247878,38.0,221.72631658930433
evt_inv_007386_0,cust_b2b_008,inv_007386,2026-05-28T01:04:49.404030+00:00,9740927,SEND_REMINDER,0.8500000000000001,0,8.100057462836322,0.21794871794871795,0.5176414431294871,0.0,1.0,0.9695306413475788,-0.2449700705967006,47.0,210.21374724409782
evt_inv_001514_0,cust_b2b_022,inv_001514,2026-05-28T01:47:20.261494+00:00,2253286,WRITE_OFF,0.05,0,6.575834095832019,0.17532467532467533,0.4897619980404811,0.0,1.0,0.9690236619514966,-0.2469678978695644,40.0,214.6245143020013
evt_inv_004873_0,cust_b2b_022,inv_004873,2026-05-28T01:47:45.057556+00:00,1834285,ESCALATE_COLLECTIONS,0.05,0,3.8273028029798764,0.17475728155339806,-0.06618803755237257,0.0,1.0,0.9690187135617285,-0.24698731296804036,40.0,214.62480129345604
evt_inv_004622_0,cust_b2b_018,inv_004622,2026-05-28T01:51:50.939610+00:00,2681733,SEND_REMINDER,0.8500000000000001,1,5.778636578640166,0.6171875,0.7938826793841,0.0,1.0,0.968969623415963,-0.24717983108887898,29.0,211.50299463019738
evt_inv_002349_0,cust_b2b_002,inv_002349,2026-05-28T02:11:27.434770+00:00,2821020,SEND_REMINDER,0.8500000000000001,0,6.650162810676651,0.13114754098360656,-0.6449760721363416,0.0,1.0,0.9687342078414002,-0.24810085561701495,46.0,220.66688446600233
evt_inv_007053_1,cust_b2b_008,inv_007053,2026-05-28T02:12:24.155755+00:00,10085766,OFFER_PAYMENT_PLAN,0.8500000000000001,1,19.161794415350357,0.21725239616613418,0.6244689343147938,1.0,1.0,0.9687228359029365,-0.24814525423665124,48.0,210.26067724090845
evt_inv_000853_1,cust_b2b_013,inv_000853,2026-05-28T02:45:44.609760+00:00,2159627,OFFER_PAYMENT_PLAN,0.8500000000000001,0,20.583158476362023,0.19287833827893175,-0.26365711073773956,1.0,1.0,0.968320465465166,-0.24971078503205296,39.0,221.8124230376262
evt_inv_003982_1,cust_b2b_024,inv_003982,2026-05-28T02:56:38.926751+00:00,4578045,OFFER_PAYMENT_PLAN,0.8500000000000001,0,19.216440317975078,0.1373134328358209,0.01678285994862851,1.0,1.0,0.9681883072822554,-0.25022270408961894,37.0,216.34062681874562
evt_inv_008797_0,cust_b2b_014,inv_008797,2026-05-28T03:00:03.585858+00:00,12044287,SEND_REMINDER,0.8500000000000001,0,2.806358476578903,0.2277580071174377,0.34076130457687104,0.0,1.0,0.9681469149093125,-0.250382809217367,39.0,224.36394408345282
evt_inv_002319_0,cust_b2b_036,inv_002319,2026-05-28T03:09:31.757473+00:00,3735013,SEND_REMINDER,0.8500000000000001,0,7.831407434485802,0.27419354838709675,-0.003605071329657177,0.0,1.0,0.968031863234602,-0.250827254824002,26.0,222.58547689904864
evt_inv_006828_0,cust_b2b_017,inv_006828,2026-05-28T03:10:07.861049+00:00,9374967,SEND_REMINDER,0.8500000000000001,0,1.3922269375484493,0.27450980392156865,1.0922320259716225,0.0,1.0,0.9680245455614652,-0.2508554946388833,31.0,222.64729799758516
evt_inv_006392_0,cust_b2b_037,inv_006392,2026-05-28T03:15:16.236873+00:00,2197123,SEND_REMINDER,0.8500000000000001,0,4.747458682581078,0.2739273927392739,-0.6039425901780351,0.0,1.0,0.9679620086688288,-0.25109669407183816,39.0,218.34927371204495
evt_inv_005219_0,cust_b2b_031,inv_005219,2026-05-28T03:21:03.144739+00:00,13077858,SEND_REMINDER,0.8500000000000001,0,7.286968764079727,0.2724358974358974,-0.12594670443239145,0.0,1.0,0.9678915858615049,-0.2513680131172243,49.0,219.47826178628074
evt_inv_008439_0,cust_b2b_003,inv_008439,2026-05-28T03:30:39.538904+00:00,3461047,SEND_REMINDER,0.8500000000000001,0,9.422648514830637,0.1757188498402556,-0.6941689945456019,0.0,1.0,0.9677744088464184,-0.25181877130580527,39.0,213.07460757098883
evt_inv_007846_0,cust_b2b_035,inv_007846,2026-05-28T03:31:47.558180+00:00,4393777,SEND_REMINDER,0.8500000000000001,0,6.8518143236727616,0.3344155844155844,-0.42366818311046645,0.0,1.0,0.9677605671414108,-0.25187196089706954,34.0,224.9581036858241
evt_inv_002898_0,cust_b2b_004,inv_002898,2026-05-28T03:45:09.925935+00:00,4021777,SEND_REMINDER,0.8500000000000001,0,8.77713154967909,0.16613418530351437,0.7049015668256682,0.0,1.0,0.9675970672502706,-0.2524993375212603,38.0,222.46566908492875
evt_inv_000608_1,cust_b2b_032,inv_000608,2026-05-28T03:47:33.963417+00:00,6242813,OFFER_PAYMENT_PLAN,0.8500000000000001,0,16.213363883303508,0.10695187165775401,-0.12338408780531603,1.0,1.0,0.9675676734177434,-0.25261195014681104,40.0,226.09296841311155
evt_inv_004714_0,cust_b2b_029,inv_004714,2026-05-28T03:54:59.794331+00:00,6036693,SEND_REMINDER,0.8500000000000001,0,1.372172148031247,0.24067796610169492,0.19584351822695165,0.0,1.0,0.9674766093181785,-0.25296049182075975,42.0,222.22829740041445
evt_inv_001719_0,cust_b2b_005,inv_001719,2026-05-28T03:58:43.995591+00:00,8250388,SEND_REMINDER,0.8500000000000001,0,2.1157693762171963,0.21712538226299694,0.15337399838649296,0.0,1.0,0.9674307671880903,-0.25313575547097833,40.0,218.50554469758876
evt_inv_008784_1,cust_b2b_030,inv_008784,2026-05-28T04:28:06.454633+00:00,3068804,OFFER_PAYMENT_PLAN,0.8500000000000001,1,21.19329938224525,0.30606060606060603,0.7328090373254201,1.0,1.0,0.9670692938713218,-0.2545132233327439,36.0,226.03295488557296
evt_inv_002508_1,cust_b2b_020,inv_002508,2026-05-28T04:37:50.743994+00:00,4999164,OFFER_PAYMENT_PLAN,0.8500000000000001,0,17.223800306986718,0.31962025316455694,-0.1690269933950023,1.0,1.0,0.9669490255368763,-0.25496976686125983,33.0,209.3853722353132
evt_inv_003555_0,cust_b2b_015,inv_003555,2026-05-28T04:46:28.883751+00:00,8334850,SEND_REMINDER,0.8500000000000001,0,1.301313937329482,0.15141955835962145,-0.3342820727569914,0.0,1.0,0.9668421929243056,-0.255374575831894,43.0,219.32594652700428
evt_inv_001465_0,cust_b2b_037,inv_001465,2026-05-28T05:18:54.991077+00:00,3092677,SEND_REMINDER,0.8500000000000001,0,2.790563632958275,0.2730263157894737,0.16889570679181662,0.0,1.0,0.9664394214197769,-0.2568946179385758,40.0,218.43513892274106
evt_inv_000161_0,cust_b2b_010,inv_000161,2026-05-28T05:32:07.426116+00:00,2503194,ESCALATE_COLLECTIONS,0.05,0,1.8405018133658793,0.12341772151898735,-0.355378733795634,0.0,1.0,0.9662747322577033,-0.257513381788799,37.0,217.904178481794
evt_inv_005146_0,cust_b2b_010,inv_005146,2026-05-28T05:35:07.008479+00:00,2907659,SEND_REMINDER,0.8500000000000001,0,9.279252514177863,0.12302839116719243,-0.008851440816338894,0.0,1.0,0.9662373551821994,-0.2576535919611994,37.0,217.90625698137015
evt_inv_006901_0,cust_b2b_025,inv_006901,2026-05-28T05:39:04.310578+00:00,12353141,SEND_REMINDER,0.8500000000000001,0,2.81003502800172,0.19414893617021275,0.545217311454301,0.0,1.0,0.9661879335014318,-0.2578388588949167,40.0,219.3539742500311
evt_inv_005353_1,cust_b2b_013,inv_005353,2026-05-28T05:47:44.524635+00:00,1943165,OFFER_PAYMENT_PLAN,0.8500000000000001,0,23.836623104975374,0.19230769230769232,-0.4878080765796681,1.0,1.0,0.9660794669180875,-0.25824496819737597,40.0,221.93881094127696
evt_inv_008026_0,cust_b2b_019,inv_008026,2026-05-28T05:56:51.669295+00:00,2811122,SEND_REMINDER,0.8500000000000001,0,5.310122412783186,0.311046511627907,-0.4369670975423538,0.0,1.0,0.9659652010233744,-0.2586720518569255,49.0,220.18605304236095
evt_inv_007717_0,cust_b2b_013,inv_007717,2026-05-28T06:05:17.400853+00:00,1654130,ESCALATE_COLLECTIONS,0.05,0,1.762782110940011,0.19174041297935104,-0.7871111448404491,0.0,1.0,0.965859415945969,-0.2590667648088262,41.0,221.9509970086086
evt_inv_005890_1,cust_b2b_035,inv_005890,2026-05-28T06:06:51.392692+00:00,4834058,OFFER_PAYMENT_PLAN,0.8500000000000001,1,16.22940328911963,0.3333333333333333,-0.21560807292256523,1.0,1.0,0.965839737674579,-0.2591401187170766,35.0,225.0657869556329
evt_inv_008295_0,cust_b2b_017,inv_008295,2026-05-28T06:19:12.309214+00:00,7258660,SEND_REMINDER,0.8500000000000001,0,5.515747537078935,0.2736156351791531,0.28132076875286677,0.0,1.0,0.9656844232542343,-0.2597182987086908,31.0,222.77859948098413
evt_inv_000528_0,cust_b2b_024,inv_000528,2026-05-28T06:38:44.893749+00:00,3575884,SEND_REMINDER,0.8500000000000001,0,9.452922469080617,0.13690476190476192,-0.5341557738702684,0.0,1.0,0.9654379132336578,-0.26063314388434977,36.0,216.4948625478867
evt_inv_006663_0,cust_b2b_013,inv_006663,2026-05-28T07:47:21.610521+00:00,1822868,SEND_REMINDER,0.8500000000000001,0,7.782018964866564,0.19117647058823528,-0.6123785420249311,0.0,1.0,0.9645656032234613,-0.2638431296777693,41.0,222.0218790649523
evt_inv_004993_0,cust_b2b_025,inv_004993,2026-05-28T07:47:30.423746+00:00,14296434,SEND_REMINDER,0.8500000000000001,0,2.9652994641134125,0.19363395225464192,1.0242655584232765,0.0,1.0,0.9645637242964308,-0.26384999861928954,41.0,219.44316537465878
evt_inv_001774_1,cust_b2b_014,inv_001774,2026-05-28T08:03:37.367490+00:00,9084733,OFFER_PAYMENT_PLAN,0.8500000000000001,0,23.97864301507897,0.22695035460992907,-0.3572779910243633,1.0,1.0,0.964357280582161,-0.26460354379369017,39.0,224.5747517412301
evt_inv_001447_0,cust_b2b_032,inv_001447,2026-05-28T08:12:10.747024+00:00,5572091,SEND_REMINDER,0.8500000000000001,0,4.856467407754707,0.10666666666666667,-0.37872547922798644,0.0,1.0,0.9642474341440331,-0.26500355798865904,41.0,226.27672748263922
evt_inv_006439_0,cust_b2b_032,inv_006439,2026-05-28T08:16:54.193334+00:00,6343023,SEND_REMINDER,0.8500000000000001,0,1.3838053088605786,0.10638297872340426,-0.08523434338828527,0.0,1.0,0.9641867148031624,-0.2652243936689934,42.0,226.28000811122607
evt_inv_003033_0,cust_b2b_009,inv_003033,2026-05-28T08:20:30.528400+00:00,4972994,SEND_REMINDER,0.8500000000000001,0,6.887395114560118,0.15501519756838905,-0.38059228649868787,0.0,1.0,0.9641403378760289,-0.26539293298861005,38.0,216.24803350791467
evt_inv_000598_1,cust_b2b_036,inv_000598,2026-05-28T08:46:34.080294+00:00,4190701,OFFER_PAYMENT_PLAN,0.8500000000000001,0,24.859539612878798,0.2733118971061093,0.3009658861230208,1.0,1.0,0.9638042749071397,-0.26661080186429553,26.0,222.81953156133204
evt_inv_003744_0,cust_b2b_026,inv_003744,2026-05-28T08:51:47.783933+00:00,3785685,SEND_REMINDER,0.8500000000000001,0,2.2650343179092123,0.2639751552795031,-0.5158803725724759,0.0,1.0,0.9637366635205022,-0.26685509810826197,38.0,210.5058550249671
evt_inv_001295_1,cust_b2b_024,inv_001295,2026-05-28T08:57:10.856230+00:00,3558733,OFFER_PAYMENT_PLAN,0.8500000000000001,1,19.93681035988214,0.13649851632047477,-0.5435844126096007,1.0,1.0,0.9636669682180474,-0.2671066722592992,37.0,216.59099637290123
evt_inv_007082_0,cust_b2b_016,inv_007082,2026-05-28T09:11:07.384643+00:00,7708775,SEND_REMINDER,0.8500000000000001,0,8.767164469989467,0.22591362126245848,-0.5607090436811889,0.0,1.0,0.9634862015984278,-0.2677579864904757,27.0,214.07098953220097
evt_inv_001462_0,cust_b2b_022,inv_001462,2026-05-28T09:12:08.914964+00:00,2364548,SEND_REMINDER,0.8500000000000001,0,3.3126814185211986,0.17419354838709677,0.6373890791515227,0.0,1.0,0.9634728880422693,-0.2678058886721664,39.0,214.93341075419661
evt_inv_008036_0,cust_b2b_037,inv_008036,2026-05-28T09:15:35.902615+00:00,2149452,SEND_REMINDER,0.8500000000000001,0,1.5402233753114063,0.2721311475409836,-0.6450817198812901,0.0,1.0,0.9634280838334834,-0.26796702648076376,41.0,218.59950132479858
evt_inv_007971_0,cust_b2b_012,inv_007971,2026-05-28T09:15:37.534519+00:00,4543704,ESCALATE_COLLECTIONS,0.05,1,1.9339741484631745,0.4772727272727273,0.45981262359987557,0.0,1.0,0.9634277304869696,-0.2679682968724602,27.0,221.34020097388293
evt_inv_005337_0,cust_b2b_007,inv_005337,2026-05-28T09:29:49.962318+00:00,5018761,SEND_REMINDER,0.8500000000000001,0,7.438588869985488,0.2781065088757396,0.43043583039525085,0.0,1.0,0.9632429304694476,-0.2686318240652638,38.0,225.19702685251787
evt_inv_000457_0,cust_b2b_026,inv_000457,2026-05-28T09:33:45.620279+00:00,3884149,SEND_REMINDER,0.8500000000000001,0,5.587516340426865,0.2631578947368421,-0.46427394290281665,0.0,1.0,0.9631917609391766,-0.26881523702887117,39.0,210.5349966493386
evt_inv_008308_0,cust_b2b_028,inv_008308,2026-05-28T09:40:37.589112+00:00,7081310,SEND_REMINDER,0.8500000000000001,1,6.782353446260869,0.3309608540925267,0.9424142574489057,0.0,1.0,0.9631022243026747,-0.26913584960618037,24.0,208.20102327116942
evt_inv_006692_0,cust_b2b_031,inv_006692,2026-05-28T10:15:39.144628+00:00,14863417,SEND_REMINDER,0.8500000000000001,0,9.840465040229684,0.2715654952076677,0.1981899726839662,0.0,1.0,0.9626438150694914,-0.2707709092728664,50.0,219.76617845166984
evt_inv_001988_0,cust_b2b_004,inv_001988,2026-05-28T10:19:55.327822+00:00,3504144,SEND_REMINDER,0.8500000000000001,0,9.818213224640203,0.16560509554140126,0.2924070140372954,0.0,1.0,0.9625877443629044,-0.2709701725325792,39.0,222.73980568084622
evt_inv_006876_0,cust_b2b_023,inv_006876,2026-05-28T10:23:29.527554+00:00,2893549,SEND_REMINDER,0.8500000000000001,1,6.75047706692747,0.4174757281553398,0.7132059773560085,0.0,1.0,0.9625408308974678,-0.271136771492198,42.0,211.72602506933413
evt_inv_007524_0,cust_b2b_024,inv_007524,2026-05-28T10:30:04.323642+00:00,6981307,SEND_REMINDER,0.8500000000000001,0,6.402603132530778,0.1390532544378698,1.3379774540291696,0.0,1.0,0.9624542881431568,-0.27144381229795855,38.0,216.65550409757262
evt_inv_007121_1,cust_b2b_029,inv_007121,2026-05-28T10:43:23.701636+00:00,5075068,OFFER_PAYMENT_PLAN,0.8500000000000001,0,22.619165166260068,0.23986486486486486,-0.23359533853852246,1.0,1.0,0.962278757578314,-0.27206541991502015,42.0,222.51190743867437
evt_inv_003653_0,cust_b2b_023,inv_003653,2026-05-28T10:49:08.968623+00:00,2185819,ESCALATE_COLLECTIONS,0.05,0,7.9134708983432684,0.41935483870967744,-0.07270836269354868,0.0,1.0,0.962202818341711,-0.2723338693135108,43.0,211.74384267429386
evt_inv_002053_1,cust_b2b_014,inv_002053,2026-05-28T10:51:27.754423+00:00,10226249,OFFER_PAYMENT_PLAN,0.8500000000000001,0,21.423409765629128,0.22614840989399293,-0.08804051442687076,1.0,1.0,0.9621722722019053,-0.27244177103708367,40.0,224.69130714555118
evt_inv_005522_0,cust_b2b_018,inv_005522,2026-05-28T11:05:12.917037+00:00,1657746,SEND_REMINDER,0.8500000000000001,0,6.589296667834283,0.6186770428015564,-0.46384690149427243,0.0,1.0,0.9619904077384414,-0.2730832389935846,29.0,211.88727677634157
evt_inv_005650_0,cust_b2b_027,inv_005650,2026-05-28T11:11:55.433013+00:00,2545681,SEND_REMINDER,0.8500000000000001,0,4.761755488789466,0.14551083591331268,-0.21198074715842208,0.0,1.0,0.9619015386965161,-0.27339610431254285,36.0,211.5483918333022
evt_inv_005244_1,cust_b2b_022,inv_005244,2026-05-28T11:50:22.578648+00:00,1532650,OFFER_PAYMENT_PLAN,0.8500000000000001,1,18.770974981415335,0.17363344051446947,-0.4664106663448603,1.0,1.0,0.9613901953225296,-0.2751888303287552,40.0,215.0432911209094
evt_inv_006460_1,cust_b2b_028,inv_006460,2026-05-28T11:54:26.488727+00:00,5429096,SEND_REMINDER,0.05,1,16.438811489881385,0.3333333333333333,0.1392287172664441,1.0,1.0,0.961335941086834,-0.2753783004789798,25.0,208.29395035004458
evt_inv_007302_0,cust_b2b_006,inv_007302,2026-05-28T11:56:06.685476+00:00,4765045,SEND_REMINDER,0.8500000000000001,0,2.259481373038467,0.28484848484848485,-0.3543905163571179,0.0,1.0,0.9613136429625156,-0.27545613054375273,41.0,221.625775657608
evt_inv_006085_1,cust_b2b_001,inv_006085,2026-05-28T12:09:30.266235+00:00,5282248,OFFER_PAYMENT_PLAN,0.8500000000000001,0,19.52998745151222,0.03986710963455149,-0.5899362688397486,1.0,1.0,0.9611345834732722,-0.2760802645095437,43.0,211.39072536535528
evt_inv_001606_0,cust_b2b_012,inv_001606,2026-05-28T12:25:30.859379+00:00,3889203,SEND_REMINDER,0.8500000000000001,1,4.158825484200591,0.47896440129449835,0.03346474191706916,0.0,1.0,0.9609200056725691,-0.27682619583093976,27.0,221.47206815976128
evt_inv_008687_1,cust_b2b_014,inv_008687,2026-05-28T12:35:48.620537+00:00,15254068,WRITE_OFF,0.05,0,16.76569888713742,0.22535211267605634,1.0978191376048274,1.0,1.0,0.9607817039879101,-0.2773058190555835,41.0,224.76377087372452
evt_inv_004388_0,cust_b2b_006,inv_004388,2026-05-28T12:54:55.255069+00:00,3742576,SEND_REMINDER,0.8500000000000001,0,6.179874454125692,0.283987915407855,-0.8147888139190739,0.0,1.0,0.960524365909829,-0.27819587073413005,42.0,221.66661558345155
evt_inv_003584_0,cust_b2b_016,inv_003584,2026-05-28T12:55:25.563039+00:00,11640327,SEND_REMINDER,0.8500000000000001,0,8.12336824135203,0.2251655629139073,0.42834869480528787,0.0,1.0,0.9605175527356313,-0.2782193934411362,28.0,214.22675548585187
evt_inv_005361_1,cust_b2b_017,inv_005361,2026-05-28T13:47:48.602529+00:00,4619715,OFFER_PAYMENT_PLAN,0.8500000000000001,1,16.921438688043963,0.2727272727272727,-0.7298508289067793,1.0,1.0,0.9598078767110536,-0.2806578696623682,32.0,223.09013065360787
evt_inv_004432_0,cust_b2b_004,inv_004432,2026-05-28T13:56:14.626891+00:00,3546480,SEND_REMINDER,0.8500000000000001,0,2.5866577044553396,0.16507936507936508,0.3261437933262701,0.0,1.0,0.9596930413113385,-0.2810502916892162,39.0,222.89002904969274
evt_inv_008232_1,cust_b2b_007,inv_008232,2026-05-28T14:01:21.263769+00:00,3331374,ESCALATE_COLLECTIONS,0.05,1,20.567357513104056,0.27728613569321536,-0.5548235108217008,1.0,1.0,0.9596233761389422,-0.28128806581100835,37.0,225.3855835822815
evt_inv_006070_0,cust_b2b_016,inv_006070,2026-05-28T14:13:20.839065+00:00,13007555,SEND_REMINDER,0.8500000000000001,0,9.971137795536498,0.22442244224422442,0.7723013322674834,0.0,1.0,0.9594596637074725,-0.2818459751678987,29.0,214.2808674768972
evt_inv_005760_0,cust_b2b_030,inv_005760,2026-05-28T14:42:48.009766+00:00,3899517,SEND_REMINDER,0.8500000000000001,0,9.645424783380339,0.3081570996978852,1.607917530854186,0.0,1.0,0.959056233828343,-0.28321571346765806,37.0,226.45982473665205
evt_inv_007465_0,cust_b2b_000,inv_007465,2026-05-28T14:53:19.965040+00:00,3513475,ESCALATE_COLLECTIONS,0.05,0,8.498310232454699,0.3432343234323432,-0.7078298812173014,0.0,1.0,0.9589114891495445,-0.2837054035033577,39.0,218.2685069197014
evt_inv_001957_0,cust_b2b_029,inv_001957,2026-05-28T14:57:00.088452+00:00,5989123,ESCALATE_COLLECTIONS,0.05,0,6.802475528468627,0.23905723905723905,0.17459995388306127,0.0,1.0,0.9588610127951198,-0.28387595555368395,43.0,222.68802302681513
evt_inv_006925_1,cust_b2b_027,inv_006925,2026-05-28T15:05:50.113206+00:00,2635364,OFFER_PAYMENT_PLAN,0.8500000000000001,0,16.99439234924788,0.14506172839506173,-0.13137512148502525,1.0,1.0,0.9587393487151494,-0.2842865829145849,37.0,211.71083026146093
evt_inv_000148_0,cust_b2b_031,inv_000148,2026-05-28T15:12:04.845696+00:00,10589357,SEND_REMINDER,0.8500000000000001,0,4.574413296814099,0.27070063694267515,-0.5776899197136506,0.0,1.0,0.9586532249507044,-0.2845768688625522,51.0,219.97203147328364
evt_inv_005433_0,cust_b2b_015,inv_005433,2026-05-28T15:22:25.906164+00:00,6506493,SEND_REMINDER,0.8500000000000001,0,4.668910734426313,0.1509433962264151,-0.8093601370963571,0.0,1.0,0.958510294745513,-0.2850579149346145,41.0,219.7675787308567
evt_inv_002765_0,cust_b2b_029,inv_002765,2026-05-28T15:25:27.870272+00:00,4228397,SEND_REMINDER,0.8500000000000001,1,7.582834432161385,0.23825503355704697,-0.6116985467498018,0.0,1.0,0.958468371992494,-0.28519884272215784,43.0,222.7077890201023
evt_inv_001646_0,cust_b2b_012,inv_001646,2026-05-28T15:30:17.392948+00:00,3980799,OFFER_PAYMENT_PLAN,0.05,0,6.449821123380878,0.4806451612903226,0.09313130918462784,0.0,1.0,0.9584016260847282,-0.28542305989206423,25.0,221.60038452050594
evt_inv_000593_0,cust_b2b_024,inv_000593,2026-05-28T15:36:19.589479+00:00,4530556,SEND_REMINDER,0.8500000000000001,0,3.640287238510119,0.13864306784660768,-0.009324087859003542,0.0,1.0,0.9583180522565313,-0.285703536413619,39.0,216.86818078550752
evt_inv_003078_0,cust_b2b_006,inv_003078,2026-05-28T15:48:18.202496+00:00,4131792,SEND_REMINDER,0.8500000000000001,0,5.360241625656917,0.28313253012048195,-0.6395324264959081,0.0,1.0,0.9581519953242252,-0.2862599410609278,43.0,221.7870200675559
evt_inv_002528_0,cust_b2b_008,inv_002528,2026-05-28T16:13:02.906346+00:00,8125049,SEND_REMINDER,0.8500000000000001,0,4.128457913009605,0.2197452229299363,0.017058702967415414,0.0,1.0,0.9578078871412118,-0.28740920536769127,48.0,210.84445907645326
evt_inv_001683_0,cust_b2b_008,inv_001683,2026-05-28T16:28:13.226779+00:00,7343290,SEND_REMINDER,0.8500000000000001,0,5.953632591520041,0.21904761904761905,-0.22512236728448695,0.0,1.0,0.9575962214309505,-0.28811365240329406,49.0,210.85499519257368
evt_inv_000644_0,cust_b2b_028,inv_000644,2026-05-28T16:28:21.414113+00:00,4431904,SEND_REMINDER,0.8500000000000001,0,2.605289919982704,0.33568904593639576,-0.34553302366221345,0.0,1.0,0.9575943153789889,-0.28811998742511,26.0,208.4841693938587
evt_inv_007281_0,cust_b2b_011,inv_007281,2026-05-28T16:28:22.876800+00:00,1533345,SEND_REMINDER,0.8500000000000001,1,5.2811694140393,0.35570469798657717,-0.15534258263472103,0.0,1.0,0.9575939748537827,-0.2881211191907545,42.0,221.48334413268785
evt_inv_001837_1,cust_b2b_014,inv_001837,2026-05-28T16:36:30.074056+00:00,11940110,SEND_REMINDER,0.05,0,23.391086891923017,0.22456140350877193,0.3161901660103598,1.0,1.0,0.9574804770255556,-0.28849806951678986,41.0,224.93091732649359
evt_inv_007362_1,cust_b2b_036,inv_007362,2026-05-28T16:45:26.373402+00:00,5156564,OFFER_PAYMENT_PLAN,0.8500000000000001,0,18.5782330349676,0.2724358974358974,0.9465262324816093,1.0,1.0,0.9573553687697398,-0.2889129590166484,27.0,223.15208125008175
evt_inv_004531_0,cust_b2b_016,inv_004531,2026-05-28T16:51:20.754010+00:00,10488647,SEND_REMINDER,0.8500000000000001,0,5.636568240709386,0.2236842105263158,0.13862142119199178,0.0,1.0,0.9572725999860353,-0.28918708359118683,30.0,214.39058871468387
evt_inv_006344_0,cust_b2b_026,inv_006344,2026-05-28T17:00:15.758730+00:00,6677447,SEND_REMINDER,0.8500000000000001,1,9.466045425674913,0.2623456790123457,0.9997243693107,0.0,1.0,0.9571474961191853,-0.2896008816850775,39.0,210.84506769622877
evt_inv_005344_0,cust_b2b_009,inv_005344,2026-05-28T17:17:09.011041+00:00,6564364,SEND_REMINDER,0.8500000000000001,0,7.644164329820637,0.15454545454545454,0.29762319169231777,0.0,1.0,0.9569100701367902,-0.2903844308340294,37.0,216.62070113107157
evt_inv_000217_0,cust_b2b_016,inv_000217,2026-05-28T17:26:58.221311+00:00,8866347,SEND_REMINDER,0.8500000000000001,0,5.76396894822091,0.22295081967213115,-0.2694995319707464,0.0,1.0,0.9567717110196705,-0.29083997832569736,31.0,214.4153279195656
evt_inv_000463_0,cust_b2b_014,inv_000463,2026-05-28T17:49:18.783470+00:00,8790834,SEND_REMINDER,0.8500000000000001,0,4.337511345280701,0.22377622377622378,-0.42659702339319955,0.0,1.0,0.9564561105175499,-0.29187618719868275,41.0,224.9814810928542
evt_inv_004036_1,cust_b2b_036,inv_004036,2026-05-28T18:06:02.155493+00:00,4233744,ESCALATE_COLLECTIONS,0.05,0,20.935722243906877,0.2715654952076677,0.32973488260522243,1.0,1.0,0.9562191583174551,-0.2926515355617628,28.0,223.20805095020333
evt_inv_007945_0,cust_b2b_019,inv_007945,2026-05-28T18:07:05.699141+00:00,4150150,SEND_REMINDER,0.8500000000000001,1,2.1733917889486074,0.3101449275362319,0.5457216302166161,0.0,1.0,0.9562041309467499,-0.29270063197808555,50.0,220.6931598692871
evt_inv_005665_1,cust_b2b_019,inv_005665,2026-05-28T18:34:12.925805+00:00,2967720,OFFER_PAYMENT_PLAN,0.8500000000000001,0,23.511570442378847,0.31213872832369943,-0.32204248040254774,1.0,1.0,0.9558184511168126,-0.293957630458298,51.0,220.71199351122996
evt_inv_001141_1,cust_b2b_001,inv_001141,2026-05-28T18:40:41.494985+00:00,7459551,OFFER_PAYMENT_PLAN,0.8500000000000001,0,16.476866447793537,0.039735099337748346,0.1973776023856954,1.0,1.0,0.9557261093189071,-0.2942577169185958,41.0,211.66238310551213
evt_inv_005955_0,cust_b2b_010,inv_005955,2026-05-28T18:49:31.268219+00:00,3542442,SEND_REMINDER,0.8500000000000001,0,1.423313338381061,0.12264150943396226,0.5350011731055373,0.0,1.0,0.9556000591942888,-0.29466680652539035,36.0,218.4579266542844
evt_inv_004731_1,cust_b2b_038,inv_004731,2026-05-28T18:52:58.784784+00:00,3925192,OFFER_PAYMENT_PLAN,0.8500000000000001,0,18.339623450731054,0.27335640138408307,-0.22462348365142304,1.0,1.0,0.9555506365856972,-0.2948270355999751,33.0,221.7888225722786
evt_inv_006373_0,cust_b2b_022,inv_006373,2026-05-28T18:56:45.239997+00:00,1753580,SEND_REMINDER,0.8500000000000001,1,2.155756953284115,0.1762820512820513,-0.17327158805841575,0.0,1.0,0.955496672850505,-0.2950018782509954,40.0,215.3393867383746
evt_inv_000780_0,cust_b2b_030,inv_000780,2026-05-28T19:06:40.257455+00:00,2474385,SEND_REMINDER,0.8500000000000001,0,8.291845517153476,0.3072289156626506,0.10662209235826943,0.0,1.0,0.9553547291544169,-0.2954612351600305,38.0,226.6430683441612
evt_inv_001284_0,cust_b2b_003,inv_001284,2026-05-28T19:10:26.314010+00:00,5085417,SEND_REMINDER,0.8500000000000001,0,4.4273272509738595,0.1751592356687898,0.1533599440352105,0.0,1.0,0.9553007446077357,-0.2956357342269464,40.0,213.72723228286023
evt_inv_006229_1,cust_b2b_020,inv_006229,2026-05-28T19:15:35.991738+00:00,5743712,OFFER_PAYMENT_PLAN,0.8500000000000001,1,20.719569937858786,0.3186119873817035,0.17813526319908926,1.0,1.0,0.9552267387570553,-0.29587476668949025,32.0,209.99492371383428
evt_inv_006974_0,cust_b2b_024,inv_006974,2026-05-28T19:49:36.361596+00:00,3501977,SEND_REMINDER,0.8500000000000001,0,7.048236138189565,0.13823529411764707,-0.5747859698932726,0.0,1.0,0.954737642297247,-0.29744921311157313,40.0,217.0440693516708
evt_inv_006823_0,cust_b2b_020,inv_006823,2026-05-28T19:59:36.424359+00:00,6406845,SEND_REMINDER,0.8500000000000001,1,7.277681860709021,0.32075471698113206,0.48733605270884806,0.0,1.0,0.9545933075436591,-0.2979120964191567,33.0,210.02548427657769
evt_inv_007283_0,cust_b2b_018,inv_007283,2026-05-28T19:59:55.477250+00:00,1320217,SEND_REMINDER,0.8500000000000001,1,5.349626871970305,0.6162790697674418,-0.8784215123645442,0.0,1.0,0.9545887210230712,-0.2979267925104037,28.0,212.25860270473913
evt_inv_006774_1,cust_b2b_017,inv_006774,2026-05-28T20:07:58.953277+00:00,10129614,OFFER_PAYMENT_PLAN,0.8500000000000001,0,19.267013374256866,0.2750809061488673,1.3813923240932313,1.0,1.0,0.9544722602061749,-0.2982996890660732,33.0,223.35413934281868
evt_inv_000985_0,cust_b2b_003,inv_000985,2026-05-28T20:25:13.671107+00:00,4544749,SEND_REMINDER,0.8500000000000001,0,2.792682294329887,0.1746031746031746,-0.12873819786887145,0.0,1.0,0.9542225255448363,-0.2990975956821356,40.0,213.77916928630808
evt_inv_000750_0,cust_b2b_004,inv_000750,2026-05-28T20:26:21.567825+00:00,2961204,SEND_REMINDER,0.8500000000000001,0,5.257617411438407,0.16455696202531644,-0.1402546674254181,0.0,1.0,0.9542061149878341,-0.2991499458796946,39.0,223.16094271791312
evt_inv_000222_0,cust_b2b_002,inv_000222,2026-05-28T20:27:17.265881+00:00,4149797,SEND_REMINDER,0.8500000000000001,0,4.2098460959751804,0.13071895424836602,0.22879065746272764,0.0,1.0,0.9541926506885698,-0.29919288990870224,43.0,221.42787788164597
evt_inv_004212_0,cust_b2b_024,inv_004212,2026-05-28T20:47:06.442195+00:00,5311402,SEND_REMINDER,0.8500000000000001,0,7.940721280949199,0.1378299120234604,0.41994628671855083,0.0,1.0,0.9539047212970577,-0.30010961778520634,41.0,217.0840008400905
evt_inv_005104_1,cust_b2b_033,inv_005104,2026-05-28T20:47:44.138692+00:00,3506191,OFFER_PAYMENT_PLAN,0.8500000000000001,0,23.644892304199843,0.12933753943217666,-0.4900219536437506,1.0,1.0,0.9538955796268083,-0.3001386732302846,33.0,208.01485612386242
evt_inv_005525_1,cust_b2b_028,inv_005525,2026-05-28T21:02:40.037428+00:00,5188773,OFFER_PAYMENT_PLAN,0.8500000000000001,1,23.687443917523726,0.3345070422535211,0.02240145554583247,1.0,1.0,0.9536780573372778,-0.30082912583956334,27.0,208.67466271926983
evt_inv_007486_1,cust_b2b_020,inv_007486,2026-05-28T21:12:02.748201+00:00,7069684,OFFER_PAYMENT_PLAN,0.8500000000000001,0,22.298422940806386,0.322884012539185,0.7963997783902439,1.0,1.0,0.9535411768317459,-0.30126271605747884,34.0,210.0757889506684
evt_inv_006582_0,cust_b2b_019,inv_006582,2026-05-28T21:30:52.523747+00:00,3381914,SEND_REMINDER,0.8500000000000001,1,9.427308206575496,0.3112391930835735,-0.01807315612649292,0.0,1.0,0.9532657615148528,-0.3021330632742929,51.0,220.8346740429666
evt_inv_008630_0,cust_b2b_028,inv_008630,2026-05-28T21:38:09.237403+00:00,7348680,SEND_REMINDER,0.8500000000000001,0,2.1142423139981514,0.3368421052631579,1.0723900250328529,0.0,1.0,0.9531590870850958,-0.30246942772304586,28.0,208.69930623750216
evt_inv_003681_1,cust_b2b_004,inv_003681,2026-05-28T21:40:10.823191+00:00,2760535,OFFER_PAYMENT_PLAN,0.8500000000000001,0,23.752765533783293,0.1640378548895899,-0.3001653220207504,1.0,1.0,0.9531293666518167,-0.302563068509537,39.0,223.21220724761824
evt_inv_006699_0,cust_b2b_030,inv_006699,2026-05-28T21:41:26.507338+00:00,1863987,ESCALATE_COLLECTIONS,0.05,0,3.838869755439119,0.3063063063063063,-0.5363963323823134,0.0,1.0,0.9531108617713768,-0.30262135610928625,38.0,226.75054808818336
evt_inv_004713_0,cust_b2b_035,inv_004713,2026-05-28T21:48:05.877058+00:00,3607184,SEND_REMINDER,0.8500000000000001,0,8.288836937445005,0.33548387096774196,-0.7953817867298688,0.0,1.0,0.9530131562836529,-0.3029289090698837,36.0,225.7194268209859
evt_inv_000461_1,cust_b2b_019,inv_000461,2026-05-28T22:06:32.509710+00:00,3273545,OFFER_PAYMENT_PLAN,0.8500000000000001,0,24.4863240487635,0.3132183908045977,-0.09760312575567677,1.0,1.0,0.9527419010117376,-0.3037809573632627,52.0,220.85944239902133
evt_inv_000600_0,cust_b2b_035,inv_000600,2026-05-28T22:07:54.100851+00:00,4685528,SEND_REMINDER,0.8500000000000001,0,1.6355012046546955,0.33440514469453375,-0.28579780301261004,0.0,1.0,0.9527218714216196,-0.30384376859643997,37.0,225.73317941117566
evt_inv_006760_1,cust_b2b_017,inv_006760,2026-05-28T22:15:02.043480+00:00,6425214,OFFER_PAYMENT_PLAN,0.8500000000000001,0,23.894064464251393,0.27419354838709675,-0.038033110479381925,1.0,1.0,0.9526167491183062,-0.3041731896457511,34.0,223.4423695535016
evt_inv_007311_1,cust_b2b_021,inv_007311,2026-05-28T22:45:58.079486+00:00,9527094,OFFER_PAYMENT_PLAN,0.8500000000000001,0,19.804638418269345,0.3221476510067114,0.0988157108776982,1.0,1.0,0.9521595035589057,-0.3056015048759713,24.0,220.9541237214909
evt_inv_002147_1,cust_b2b_025,inv_002147,2026-05-28T23:15:12.003903+00:00,13200550,OFFER_PAYMENT_PLAN,0.8500000000000001,1,21.68774145193271,0.1931216931216931,0.7541152440262975,1.0,1.0,0.951725445713752,-0.3069506083736602,39.0,220.08739662647608
evt_inv_007216_0,cust_b2b_009,inv_007216,2026-05-28T23:21:44.253970+00:00,5120790,SEND_REMINDER,0.8500000000000001,1,9.965192123237,0.1540785498489426,-0.31760441615780477,0.0,1.0,0.9516281108384033,-0.30725223947455876,38.0,216.87388681312441
evt_inv_001738_1,cust_b2b_020,inv_001738,2026-05-29T00:03:21.552877+00:00,5074981,OFFER_PAYMENT_PLAN,0.8500000000000001,0,18.869582904879813,0.321875,-0.1336753946617077,1.0,1.0,0.9510061773850554,-0.30917187869446416,35.0,210.1947565973892
evt_inv_002032_0,cust_b2b_038,inv_002032,2026-05-29T00:10:35.997541+00:00,3396980,SEND_REMINDER,0.8500000000000001,0,4.225890411269459,0.27241379310344827,-0.5308204600514566,0.0,1.0,0.9508975867255608,-0.30950570198221644,33.0,222.00939216437428
evt_inv_000020_1,cust_b2b_008,inv_000020,2026-05-29T00:14:28.847760+00:00,11299134,OFFER_PAYMENT_PLAN,0.8500000000000001,0,18.925551631488606,0.21835443037974683,1.000358402031835,1.0,1.0,0.9508393369276971,-0.3096846062543266,50.0,211.17878710207904
evt_inv_008728_0,cust_b2b_029,inv_008728,2026-05-29T00:16:22.544660+00:00,7563174,SEND_REMINDER,0.8500000000000001,0,4.664478646108601,0.2408026755852843,0.8775334842995852,0.0,1.0,0.9508108822871941,-0.3097719582600198,43.0,223.0764773810707
evt_inv_002611_0,cust_b2b_038,inv_002611,2026-05-29T00:22:37.601081+00:00,3773752,SEND_REMINDER,0.8500000000000001,0,4.120140383028304,0.27147766323024053,-0.3124110745113749,0.0,1.0,0.9507169609518975,-0.31006009120554084,34.0,222.01774405720212
evt_inv_006742_0,cust_b2b_016,inv_006742,2026-05-29T00:22:39.188219+00:00,10551162,SEND_REMINDER,0.8500000000000001,0,2.618304920539714,0.2222222222222222,0.15434814228491067,0.0,1.0,0.9507165633166775,-0.310061310445734,32.0,214.70399651802845
evt_inv_002704_0,cust_b2b_003,inv_002704,2026-05-29T00:23:14.896226+00:00,4360819,SEND_REMINDER,0.8500000000000001,0,7.776732716456832,0.17405063291139242,-0.22470568721789017,0.0,1.0,0.9507076167579128,-0.3100887412314247,40.0,213.94446124369634
evt_inv_005780_0,cust_b2b_005,inv_005780,2026-05-29T00:38:19.328654+00:00,5508693,SEND_REMINDER,0.8500000000000001,0,4.039617592747913,0.21646341463414634,-0.7283712707923676,0.0,1.0,0.9504807494252109,-0.31078343741597547,40.0,219.36637031173737
evt_inv_001400_0,cust_b2b_026,inv_001400,2026-05-29T00:58:23.291054+00:00,4839035,WRITE_OFF,0.05,1,6.9852600558480065,0.26461538461538464,0.03619241588033486,0.0,1.0,0.9501779605441814,-0.31170794551326425,40.0,211.1770993203511
evt_inv_008057_0,cust_b2b_010,inv_008057,2026-05-29T00:58:27.349750+00:00,3865652,SEND_REMINDER,0.8500000000000001,0,2.7877168048829413,0.12225705329153605,0.8119125889449778,0.0,1.0,0.9501769382869858,-0.3117110616381291,37.0,218.71413130163378
evt_inv_000246_0,cust_b2b_011,inv_000246,2026-05-29T00:59:23.501907+00:00,1715448,SEND_REMINDER,0.8500000000000001,0,8.543210480161038,0.35785953177257523,0.1231145745824227,0.0,1.0,0.9501627942850858,-0.3117541729574086,42.0,221.83821247883813
evt_inv_007843_1,cust_b2b_000,inv_007843,2026-05-29T01:02:18.749957+00:00,5308809,OFFER_PAYMENT_PLAN,0.8500000000000001,1,20.8633720759277,0.34210526315789475,0.20794294607008174,1.0,1.0,0.9501186389900566,-0.31188871708300486,37.0,218.69140952290573
evt_inv_006560_1,cust_b2b_018,inv_006560,2026-05-29T01:33:09.672996+00:00,2460074,OFFER_PAYMENT_PLAN,0.8500000000000001,1,19.39548749732944,0.6177606177606177,0.5216255820771206,1.0,1.0,0.9496511195303861,-0.3133093537937935,29.0,212.4900170073529
evt_inv_005982_0,cust_b2b_037,inv_005982,2026-05-29T01:33:52.578890+00:00,2220333,WRITE_OFF,0.05,0,6.553107266638552,0.27124183006535946,-0.5839127423425866,0.0,1.0,0.9496402568563955,-0.31334227700346956,39.0,219.27886100390847
evt_inv_000765_0,cust_b2b_038,inv_000765,2026-05-29T01:38:39.893631+00:00,4793170,SEND_REMINDER,0.8500000000000001,0,3.2635274204011884,0.2705479452054795,0.27853084246451176,0.0,1.0,0.9495674867058644,-0.31356273405988166,35.0,222.0705483691219
evt_inv_003874_0,cust_b2b_009,inv_003874,2026-05-29T01:57:06.425810+00:00,6000872,SEND_REMINDER,0.8500000000000001,0,7.786458467750242,0.1566265060240964,0.057472227311486566,0.0,1.0,0.9492867497374785,-0.31441161997110373,39.0,216.98178232053192
evt_inv_000713_0,cust_b2b_036,inv_000713,2026-05-29T02:01:34.390671+00:00,4014351,SEND_REMINDER,0.8500000000000001,0,4.734813139684016,0.27070063694267515,0.18309792478007558,0.0,1.0,0.9492186505419604,-0.3146171537969593,27.0,223.5382851536551
evt_inv_004652_0,cust_b2b_019,inv_004652,2026-05-29T02:05:45.161359+00:00,3699780,SEND_REMINDER,0.8500000000000001,1,9.073974683450174,0.3123209169054441,0.21520334959759185,0.0,1.0,0.9491548806745254,-0.3148094860256397,53.0,221.0255610523637
evt_inv_002610_0,cust_b2b_024,inv_002610,2026-05-29T02:11:04.720901+00:00,4694973,SEND_REMINDER,0.8500000000000001,0,4.7551283475696255,0.13742690058479531,0.08106399218642159,0.0,1.0,0.9490735616369096,-0.3150545581353031,41.0,217.30898091770533
evt_inv_002848_0,cust_b2b_007,inv_002848,2026-05-29T02:20:11.956667+00:00,4058260,SEND_REMINDER,0.8500000000000001,1,6.9589079906954785,0.27941176470588236,-0.13039734061860364,0.0,1.0,0.9489341583567887,-0.3154741876979685,34.0,225.89867030563587
evt_inv_008672_0,cust_b2b_017,inv_008672,2026-05-29T02:52:39.969206+00:00,6826960,ESCALATE_COLLECTIONS,0.05,0,2.3583095477073672,0.2733118971061093,0.1159053443361175,0.0,1.0,0.9484364144907925,-0.31696745521874903,35.0,223.63516961977425
evt_inv_003542_0,cust_b2b_019,inv_003542,2026-05-29T02:58:28.449106+00:00,3991756,OFFER_PAYMENT_PLAN,0.05,1,3.2102300138777893,0.3142857142857143,0.42947928384471434,0.0,1.0,0.9483471252898927,-0.3172345030957328,54.0,221.06217317906547
evt_inv_001359_0,cust_b2b_033,inv_001359,2026-05-29T03:17:43.449375+00:00,5069163,SEND_REMINDER,0.8500000000000001,0,1.3156864993944932,0.1289308176100629,0.40597625849451535,0.0,1.0,0.9480506479827356,-0.3181194254670957,34.0,208.2856814789903
evt_inv_006572_0,cust_b2b_015,inv_006572,2026-05-29T03:22:41.209798+00:00,9169529,SEND_REMINDER,0.8500000000000001,0,3.1045830710628075,0.15047021943573669,-0.11740005649257544,0.0,1.0,0.9479740818970267,-0.3183475145992023,41.0,220.26775585625236
evt_inv_003797_0,cust_b2b_022,inv_003797,2026-05-29T03:30:59.057161+00:00,2703333,SEND_REMINDER,0.8500000000000001,0,4.172673690958798,0.17891373801916932,1.0869043134118153,0.0,1.0,0.9478459429006199,-0.318728832280412,40.0,215.69649110369664
evt_inv_003174_0,cust_b2b_023,inv_003174,2026-05-29T03:31:04.245394+00:00,2228242,SEND_REMINDER,0.8500000000000001,0,1.3323720370764947,0.4180064308681672,-0.025599007002627946,0.0,1.0,0.9478446067138806,-0.3187328058474827,40.0,212.43962134062485
evt_inv_006493_1,cust_b2b_036,inv_006493,2026-05-29T03:51:14.961071+00:00,4185533,OFFER_PAYMENT_PLAN,0.8500000000000001,0,16.766175704445022,0.2698412698412698,0.29751141385466373,1.0,1.0,0.9475323413979617,-0.319659916168569,28.0,223.6144491629171
evt_inv_005280_1,cust_b2b_002,inv_005280,2026-05-29T03:51:28.843108+00:00,4662534,OFFER_PAYMENT_PLAN,0.8500000000000001,0,21.43726877144657,0.13029315960912052,0.5659519862521393,1.0,1.0,0.9475287557122533,-0.3196705446211601,44.0,221.7363452106642
evt_inv_007705_0,cust_b2b_033,inv_007705,2026-05-29T03:59:25.920891+00:00,4869967,SEND_REMINDER,0.8500000000000001,0,7.576330119220735,0.12852664576802508,0.2917840749070409,0.0,1.0,0.94740545560195,-0.32003578346125855,35.0,208.3146452696797
evt_inv_000497_0,cust_b2b_008,inv_000497,2026-05-29T04:12:39.377814+00:00,7597367,SEND_REMINDER,0.8500000000000001,0,1.2456217701290706,0.21766561514195584,-0.1464121039564164,0.0,1.0,0.9472000759473754,-0.3206431289226175,50.0,211.344186755485
evt_inv_006540_0,cust_b2b_000,inv_006540,2026-05-29T04:18:01.938225+00:00,4832535,SEND_REMINDER,0.8500000000000001,1,3.3375370042274337,0.3442622950819672,-0.0349969876838602,0.0,1.0,0.9471164725798922,-0.3208899926264799,38.0,218.82732605379235
evt_inv_003979_1,cust_b2b_014,inv_003979,2026-05-29T04:19:20.275189+00:00,8423033,OFFER_PAYMENT_PLAN,0.8500000000000001,0,18.921795924792516,0.2229965156794425,-0.5133464001818129,1.0,1.0,0.9470961589709284,-0.32094994261179405,41.0,225.41899835811714
evt_inv_002754_0,cust_b2b_009,inv_002754,2026-05-29T04:19:42.176452+00:00,5649369,SEND_REMINDER,0.8500000000000001,0,1.9922012959565953,0.15615615615615616,-0.09233244224803261,0.0,1.0,0.9470904790614081,-0.3209667030569253,40.0,217.08080721221418
evt_inv_007558_0,cust_b2b_009,inv_007558,2026-05-29T04:22:18.064076+00:00,6834744,SEND_REMINDER,0.8500000000000001,0,2.2788407971272377,0.15568862275449102,0.412854370793831,0.0,1.0,0.9470500423398811,-0.3210859967423515,41.0,217.08261146712857
evt_inv_006433_0,cust_b2b_022,inv_006433,2026-05-29T04:30:16.236940+00:00,1840121,SEND_REMINDER,0.8500000000000001,0,4.224515466474754,0.17834394904458598,-0.05844404804047179,0.0,1.0,0.9469259121864435,-0.32145188882610715,41.0,215.73766216595723
evt_inv_000168_1,cust_b2b_024,inv_000168,2026-05-29T04:44:45.492736+00:00,4234534,OFFER_PAYMENT_PLAN,0.8500000000000001,1,16.0177990082843,0.13702623906705538,-0.1720625195259432,1.0,1.0,0.9466998977321622,-0.32211690988508135,42.0,217.41570281394283
evt_inv_000813_0,cust_b2b_039,inv_000813,2026-05-29T04:45:13.854178+00:00,14647041,SEND_REMINDER,0.8500000000000001,1,6.185252368462084,0.41295546558704455,0.8656438545686206,0.0,1.0,0.9466925156296058,-0.32213860503033265,22.0,212.09387512795968
evt_inv_008634_0,cust_b2b_022,inv_008634,2026-05-29T04:50:28.769247+00:00,1173430,ESCALATE_COLLECTIONS,0.05,0,9.209908653268783,0.17777777777777778,-0.9430407567560599,0.0,1.0,0.9466105140572975,-0.32237948860958726,42.0,215.75169610469814
evt_inv_001917_0,cust_b2b_022,inv_001917,2026-05-29T04:54:53.213860+00:00,1736009,SEND_REMINDER,0.8500000000000001,0,3.401912706592884,0.17721518987341772,-0.19658514871426466,0.0,1.0,0.9465416072762864,-0.32258175040572934,42.0,215.7547568062395
evt_inv_005574_0,cust_b2b_000,inv_005574,2026-05-29T05:03:19.674797+00:00,6129208,SEND_REMINDER,0.8500000000000001,0,8.236215542720918,0.3464052287581699,0.6264161372261343,0.0,1.0,0.9464095172507964,-0.3229690784844807,39.0,218.85878133818696
evt_inv_008204_1,cust_b2b_017,inv_008204,2026-05-29T05:09:57.685636+00:00,7734799,OFFER_PAYMENT_PLAN,0.8500000000000001,0,22.04463860809685,0.2724358974358974,0.46376443167362663,1.0,1.0,0.9463056008622893,-0.3232734288132287,35.0,223.7305135599414
evt_inv_005669_0,cust_b2b_024,inv_005669,2026-05-29T05:18:17.559191+00:00,4526529,SEND_REMINDER,0.8500000000000001,0,7.4276753627672445,0.13953488372093023,-0.011537976366620293,0.0,1.0,0.9461749505526714,-0.3236556239997224,43.0,217.43899062013529
evt_inv_001846_1,cust_b2b_020,inv_001846,2026-05-29T05:27:55.673461+00:00,5080906,OFFER_PAYMENT_PLAN,0.8500000000000001,0,20.239157775871895,0.32087227414330216,-0.13091278820894067,1.0,1.0,0.9460236582318683,-0.3240975749147056,36.0,210.4201515115556
evt_inv_003613_0,cust_b2b_016,inv_003613,2026-05-29T05:35:32.175677+00:00,10617561,SEND_REMINDER,0.8500000000000001,0,4.615148349054293,0.22149837133550487,0.171052081469692,0.0,1.0,0.945904045883734,-0.32444650711755685,33.0,214.921276465465
evt_inv_000542_1,cust_b2b_027,inv_000542,2026-05-29T05:56:34.088243+00:00,2932587,OFFER_PAYMENT_PLAN,0.8500000000000001,0,16.572341545943388,0.14461538461538462,0.1357643662836084,1.0,1.0,0.9455727309954439,-0.32541083325208753,36.0,212.32939478734724
evt_inv_004456_0,cust_b2b_023,inv_004456,2026-05-29T05:57:57.356778+00:00,2466122,SEND_REMINDER,0.8500000000000001,0,2.142320686619494,0.4166666666666667,0.2385596402768893,0.0,1.0,0.945550834278806,-0.3254744533671635,41.0,212.5416249446076
evt_inv_006975_1,cust_b2b_007,inv_006975,2026-05-29T06:19:29.077178+00:00,4148263,OFFER_PAYMENT_PLAN,0.8500000000000001,1,21.921787772920254,0.28152492668621704,-0.07784468913684406,1.0,1.0,0.9452106087474578,-0.32646118469315827,35.0,226.06484068191938
evt_inv_006804_0,cust_b2b_020,inv_006804,2026-05-29T07:17:38.622826+00:00,6032273,SEND_REMINDER,0.8500000000000001,0,2.659365210166497,0.3198757763975155,0.3126831777152535,0.0,1.0,0.9442863520521414,-0.32912502993248527,37.0,210.49634305513158
evt_inv_008346_1,cust_b2b_015,inv_008346,2026-05-29T07:27:43.979088+00:00,10569577,ESCALATE_COLLECTIONS,0.05,1,19.604853131684052,0.15,0.24638690271575472,1.0,1.0,0.9441252503293589,-0.3295868803373783,41.0,220.43792679711055
evt_inv_000488_0,cust_b2b_023,inv_000488,2026-05-29T07:42:18.893183+00:00,2010276,SEND_REMINDER,0.8500000000000001,0,8.435991493258303,0.41533546325878595,-0.26764424988591473,0.0,1.0,0.9438920127994639,-0.3302542477749176,42.0,212.61409643077357
evt_inv_001001_0,cust_b2b_001,inv_001001,2026-05-29T07:55:20.522207+00:00,6271869,SEND_REMINDER,0.8500000000000001,0,2.6543207080147453,0.039603960396039604,-0.23208897032412573,0.0,1.0,0.9436832445399078,-0.3308503195927616,40.0,212.21422369836532
evt_inv_008069_0,cust_b2b_001,inv_008069,2026-05-29T08:32:27.228545+00:00,5322992,SEND_REMINDER,0.8500000000000001,1,3.697663564893195,0.039473684210526314,-0.5752031210231023,0.0,1.0,0.94308644175009,-0.33254768588452704,41.0,212.23999576245902
evt_inv_003882_0,cust_b2b_017,inv_003882,2026-05-29T08:49:43.288976+00:00,8198580,SEND_REMINDER,0.8500000000000001,0,9.131843159825076,0.2715654952076677,0.6414725274666612,0.0,1.0,0.9428077155361453,-0.33333708393383865,36.0,223.88312470970763
evt_inv_004569_0,cust_b2b_003,inv_004569,2026-05-29T08:50:25.545319+00:00,4584666,SEND_REMINDER,0.8500000000000001,0,1.028534475618446,0.17350157728706625,-0.10791166700005078,0.0,1.0,0.9427963334956624,-0.33336927504965996,40.0,214.29666783042384
evt_inv_003582_0,cust_b2b_030,inv_003582,2026-05-29T08:51:26.837557+00:00,2227714,SEND_REMINDER,0.8500000000000001,0,9.006869890419086,0.30538922155688625,-0.15323140650593142,0.0,1.0,0.9427798220507663,-0.33341596712503946,37.0,227.21582968793646
evt_inv_000328_0,cust_b2b_031,inv_000328,2026-05-29T08:55:16.784228+00:00,16349546,SEND_REMINDER,0.8500000000000001,0,2.271822338550377,0.2698412698412698,0.4679702238157019,0.0,1.0,0.9427178563728749,-0.33359113189012035,51.0,220.71036409518783
evt_inv_007759_0,cust_b2b_022,inv_007759,2026-05-29T09:02:26.832419+00:00,2115615,SEND_REMINDER,0.8500000000000001,0,2.998731128409867,0.17665615141955837,0.30709360806135194,0.0,1.0,0.9426018802958311,-0.3339186955873595,43.0,215.92667368771095
evt_inv_002879_1,cust_b2b_006,inv_002879,2026-05-29T09:08:53.089466+00:00,5337764,OFFER_PAYMENT_PLAN,0.8500000000000001,1,23.021825563497913,0.2822822822822823,-0.09650602002052251,1.0,1.0,0.9424976168606967,-0.3342128696084389,41.0,222.50964607414892
evt_inv_006102_1,cust_b2b_032,inv_006102,2026-05-29T09:26:43.410657+00:00,7505526,OFFER_PAYMENT_PLAN,0.8500000000000001,0,19.444743757072743,0.10610079575596817,0.35732609817555144,1.0,1.0,0.9422082224528402,-0.33502785785999833,40.0,227.3284944228368
evt_inv_001878_0,cust_b2b_005,inv_001878,2026-05-29T09:31:04.824925+00:00,9237429,SEND_REMINDER,0.8500000000000001,0,6.770843662049374,0.21580547112462006,0.4708123875030192,0.0,1.0,0.9421374339385068,-0.33522687179247096,41.0,219.7363413333991
evt_inv_002546_0,cust_b2b_021,inv_002546,2026-05-29T09:33:45.103584+00:00,9810165,SEND_REMINDER,0.8500000000000001,0,1.6770832814265857,0.3210702341137124,0.1760323443577963,0.0,1.0,0.942094011204225,-0.33534888407915375,24.0,221.4039735374378
evt_inv_000749_0,cust_b2b_026,inv_000749,2026-05-29T09:38:36.839829+00:00,4153220,SEND_REMINDER,0.8500000000000001,0,8.998643414835339,0.2668711656441718,-0.3232509802702341,0.0,1.0,0.9420149333919361,-0.3355709541461928,38.0,211.5383672459891
evt_inv_008665_1,cust_b2b_025,inv_008665,2026-05-29T09:53:02.168694+00:00,11969445,OFFER_PAYMENT_PLAN,0.8500000000000001,0,22.48501579713067,0.19525065963060687,0.45063104576440677,1.0,1.0,0.9417800700997256,-0.33622953404327216,38.0,220.53033834859602
evt_inv_000757_0,cust_b2b_023,inv_000757,2026-05-29T09:53:11.064346+00:00,2637805,WRITE_OFF,0.05,0,8.08594650484303,0.4140127388535032,0.42920927097133393,0.0,1.0,0.9417776532944977,-0.3362363034461165,41.0,212.70497804146711
evt_inv_002366_1,cust_b2b_001,inv_002366,2026-05-29T09:56:44.298701+00:00,7171264,OFFER_PAYMENT_PLAN,0.8500000000000001,0,18.387073991765607,0.04262295081967213,0.09313269293120972,1.0,1.0,0.9417197063988633,-0.33639856506834076,42.0,212.2985266670452
evt_inv_007469_0,cust_b2b_031,inv_007469,2026-05-29T10:07:01.660088+00:00,11234868,SEND_REMINDER,0.8500000000000001,0,6.227120084639028,0.2689873417721519,-0.46050885127379754,0.0,1.0,0.9415517794763376,-0.3368682926084645,52.0,220.76018904726735
evt_inv_006898_1,cust_b2b_023,inv_006898,2026-05-29T10:10:58.993967+00:00,2574274,OFFER_PAYMENT_PLAN,0.8500000000000001,1,19.3178993642185,0.4126984126984127,0.35865929880124997,1.0,1.0,0.9414871605312839,-0.3370488489147241,41.0,212.71733833800718
evt_inv_006656_0,cust_b2b_031,inv_006656,2026-05-29T10:16:19.050632+00:00,9704420,SEND_REMINDER,0.8500000000000001,0,3.379612398677946,0.26813880126182965,-0.7383345958948916,0.0,1.0,0.9413999638067625,-0.3372923185378319,53.0,220.7666403267101
evt_inv_007669_1,cust_b2b_007,inv_007669,2026-05-29T10:19:05.015524+00:00,5822439,ESCALATE_COLLECTIONS,0.05,1,22.766566745303294,0.28362573099415206,0.8997000974670213,1.0,1.0,0.9413547232893142,-0.33741856045703633,35.0,226.23122885722816
evt_inv_002779_0,cust_b2b_015,inv_002779,2026-05-29T10:27:04.006198+00:00,10720028,WRITE_OFF,0.05,0,2.9702958247860107,0.1526479750778816,0.2854800711074555,0.0,1.0,0.9412240598641106,-0.33778287276432634,41.0,220.56246414791204
evt_inv_000007_1,cust_b2b_015,inv_000007,2026-05-29T10:39:02.221858+00:00,9158012,OFFER_PAYMENT_PLAN,0.8500000000000001,0,21.65791182475464,0.15217391304347827,-0.1203924035974933,1.0,1.0,0.9410278742799731,-0.3383290407696554,41.0,220.57077682916488
evt_inv_005258_0,cust_b2b_028,inv_005258,2026-05-29T10:40:57.577798+00:00,6088761,SEND_REMINDER,0.8500000000000001,0,7.022877036540034,0.3356643356643357,0.45990949634315875,0.0,1.0,0.9409963344645115,-0.3384167527241422,27.0,209.24292128836228
evt_inv_006673_0,cust_b2b_033,inv_006673,2026-05-29T10:44:02.507278+00:00,4307789,SEND_REMINDER,0.8500000000000001,0,1.2625704293209652,0.128125,-0.030493446646728595,0.0,1.0,0.9409457552788176,-0.33855735942787507,35.0,208.59562427879212
evt_inv_003655_0,cust_b2b_026,inv_003655,2026-05-29T11:29:25.953112+00:00,4609689,SEND_REMINDER,0.8500000000000001,0,6.533982620114953,0.26605504587155965,-0.08401042348208816,0.0,1.0,0.9401984460677446,-0.3406271891845957,39.0,211.6153245756498
evt_inv_008449_0,cust_b2b_029,inv_008449,2026-05-29T11:45:25.114455+00:00,6051146,SEND_REMINDER,0.8500000000000001,0,9.613788356652634,0.24,0.2022980332240996,0.0,1.0,0.9399341693960214,-0.3413557633932835,43.0,223.55497934630156
evt_inv_005819_0,cust_b2b_030,inv_005819,2026-05-29T12:24:36.506681+00:00,2073612,OFFER_PAYMENT_PLAN,0.05,0,1.0493356447895612,0.3044776119402985,-0.3155684301324879,0.0,1.0,0.9392839046209613,-0.3431410009311054,38.0,227.36385826575665
evt_inv_003871_1,cust_b2b_021,inv_003871,2026-05-29T12:32:56.267517+00:00,11129267,OFFER_PAYMENT_PLAN,0.8500000000000001,0,22.21871325782267,0.32,0.5358589712934076,1.0,1.0,0.9391452614760359,-0.34352027283278075,25.0,221.52840830518585
evt_inv_000044_1,cust_b2b_033,inv_000044,2026-05-29T12:48:42.376390+00:00,8171536,ESCALATE_COLLECTIONS,0.05,0,20.074709865848256,0.1277258566978193,2.1844598031452125,1.0,1.0,0.9388823735372137,-0.3442381278433985,34.0,208.6821968379575
evt_inv_008874_0,cust_b2b_010,inv_008874,2026-05-29T12:52:54.988586+00:00,3429236,SEND_REMINDER,0.8500000000000001,0,8.05025610378716,0.121875,0.43801110461171683,0.0,1.0,0.9388120893269429,-0.34442976197416514,36.0,219.210284528899
evt_inv_007992_1,cust_b2b_025,inv_007992,2026-05-29T13:27:36.023173+00:00,8479701,OFFER_PAYMENT_PLAN,0.8500000000000001,1,22.828220580932296,0.19473684210526315,-0.40963825993093733,1.0,1.0,0.9382315956409464,-0.34600790878395205,39.0,220.6793412939586
evt_inv_007809_0,cust_b2b_039,inv_007809,2026-05-29T13:38:42.929653+00:00,10563898,SEND_REMINDER,0.8500000000000001,1,8.607352337995337,0.4153225806451613,-0.07259374920473731,0.0,1.0,0.9380450041908434,-0.34651344867494055,22.0,212.46435053854825
evt_inv_004950_1,cust_b2b_032,inv_004950,2026-05-29T13:39:32.598566+00:00,4896649,OFFER_PAYMENT_PLAN,0.8500000000000001,0,21.199444589181617,0.10582010582010581,-0.635863618717176,1.0,1.0,0.9380310965982742,-0.3465510955323025,40.0,227.5040637273353
evt_inv_004008_1,cust_b2b_009,inv_004008,2026-05-29T13:42:06.308607+00:00,6138629,OFFER_PAYMENT_PLAN,0.8500000000000001,0,24.258929875257856,0.15522388059701492,0.11618202659540333,1.0,1.0,0.937988047295098,-0.3466675974640968,41.0,217.47136429735045
evt_inv_004136_0,cust_b2b_000,inv_004136,2026-05-29T14:06:06.238272+00:00,4405217,SEND_REMINDER,0.8500000000000001,0,5.141760235595805,0.34527687296416937,-0.25296562380524606,0.0,1.0,0.937584066134567,-0.34775870791480096,39.0,219.23570915618015
evt_inv_006559_1,cust_b2b_001,inv_006559,2026-05-29T14:12:19.695079+00:00,5268563,OFFER_PAYMENT_PLAN,0.8500000000000001,0,21.25412282935661,0.042483660130718956,-0.5948848606673882,1.0,1.0,0.9374790832183957,-0.348041618959567,42.0,212.47601968067656
evt_inv_000434_1,cust_b2b_020,inv_000434,2026-05-29T14:34:36.241503+00:00,4104131,OFFER_PAYMENT_PLAN,0.8500000000000001,1,20.293346411499734,0.3188854489164087,-0.5863561215970856,1.0,1.0,0.93710266557197,-0.34905385569838454,38.0,210.79978771574588
evt_inv_000742_0,cust_b2b_033,inv_000742,2026-05-29T14:51:50.514686+00:00,3908609,SEND_REMINDER,0.8500000000000001,0,1.6916350364029964,0.12732919254658384,-0.25932946804656964,0.0,1.0,0.9368106283575295,-0.34983688570013705,34.0,208.76770769786233
evt_inv_004572_1,cust_b2b_008,inv_004572,2026-05-29T15:02:13.346644+00:00,6868499,OFFER_PAYMENT_PLAN,0.8500000000000001,0,24.829785157621053,0.2169811320754717,-0.37220805918148414,1.0,1.0,0.9366344499713631,-0.3503083029658903,49.0,211.79527435768833
evt_inv_003357_0,cust_b2b_014,inv_003357,2026-05-29T15:02:33.386899+00:00,12357109,OFFER_PAYMENT_PLAN,0.05,0,6.774798313207402,0.2222222222222222,0.4145433353064236,0.0,1.0,0.93662877731219,-0.3503234698256341,41.0,225.86567789180654
evt_inv_005602_1,cust_b2b_004,inv_005602,2026-05-29T15:02:48.411831+00:00,2486075,OFFER_PAYMENT_PLAN,0.8500000000000001,0,18.057348724521624,0.16352201257861634,-0.5188793546512787,1.0,1.0,0.9366245241456616,-0.35033484092923595,40.0,223.93625341242205
evt_inv_000018_0,cust_b2b_030,inv_000018,2026-05-29T15:03:50.218804+00:00,2410192,SEND_REMINDER,0.8500000000000001,0,3.967042111527469,0.30357142857142855,0.038999259649895535,0.0,1.0,0.9366070267498553,-0.35038161687336844,39.0,227.47443363755238
evt_inv_004618_0,cust_b2b_028,inv_004618,2026-05-29T15:07:54.862963+00:00,5519779,SEND_REMINDER,0.8500000000000001,0,9.59654029052275,0.3344947735191638,0.1833125543867023,0.0,1.0,0.9365377456926705,-0.35056675668535786,28.0,209.4283065333324
evt_inv_005700_1,cust_b2b_001,inv_005700,2026-05-29T15:53:47.969011+00:00,6791873,OFFER_PAYMENT_PLAN,0.8500000000000001,0,18.0331272393994,0.04234527687296417,-0.04405511515701664,1.0,1.0,0.935755567850866,-0.3526492836177372,43.0,212.5464858141504
evt_inv_005567_0,cust_b2b_011,inv_005567,2026-05-29T16:21:44.576515+00:00,1595492,SEND_REMINDER,0.8500000000000001,1,2.6116597673201025,0.3566666666666667,-0.06031260057838134,0.0,1.0,0.9352769622298689,-0.35391666239676867,43.0,222.4787341756871
evt_inv_007703_1,cust_b2b_022,inv_007703,2026-05-29T16:29:35.660382+00:00,1814370,OFFER_PAYMENT_PLAN,0.8500000000000001,0,24.453951094265186,0.1761006289308176,-0.0926120618019761,1.0,1.0,0.9351421773350298,-0.3542726466566387,42.0,216.23719252987289
evt_inv_004237_0,cust_b2b_015,inv_004237,2026-05-29T16:33:36.144139+00:00,8498682,SEND_REMINDER,0.8500000000000001,0,1.9647766122142585,0.15170278637770898,-0.2917120789654014,0.0,1.0,0.9350733187096552,-0.35445435339026626,40.0,220.81700278149637
evt_inv_006327_0,cust_b2b_012,inv_006327,2026-05-29T16:44:22.230380+00:00,3605950,SEND_REMINDER,0.8500000000000001,0,5.798160544957316,0.4790996784565916,-0.15104932897803683,0.0,1.0,0.9348881475452652,-0.35494246235042437,26.0,222.65182939819428
evt_inv_007862_0,cust_b2b_016,inv_007862,2026-05-29T16:55:52.881029+00:00,9053878,SEND_REMINDER,0.8500000000000001,0,9.495361276897775,0.22077922077922077,-0.2223222938574244,0.0,1.0,0.9346899222649216,-0.35546413210954875,33.0,215.393738332966
evt_inv_008859_0,cust_b2b_003,inv_008859,2026-05-29T17:03:44.124288+00:00,4086939,SEND_REMINDER,0.8500000000000001,0,3.3520336922240936,0.17295597484276728,-0.367604577639833,0.0,1.0,0.9345545025471075,-0.3558200131652637,41.0,214.63924397589236
evt_inv_007643_0,cust_b2b_012,inv_007643,2026-05-29T17:30:07.274251+00:00,3169550,SEND_REMINDER,0.8500000000000001,1,8.41053380037292,0.4775641025641026,-0.4353240682987514,0.0,1.0,0.9340985654867092,-0.35701522370295635,27.0,222.68360073929588
evt_inv_000870_1,cust_b2b_014,inv_000870,2026-05-29T17:30:22.390347+00:00,9271126,OFFER_PAYMENT_PLAN,0.8500000000000001,0,16.176910456205764,0.22145328719723184,-0.31331551263634605,1.0,1.0,0.9340942047793007,-0.3570266328969392,42.0,225.96832839467788
evt_inv_003194_0,cust_b2b_035,inv_003194,2026-05-29T17:32:07.783034+00:00,5373456,SEND_REMINDER,0.8500000000000001,1,9.891926846363324,0.3333333333333333,0.039291226837955606,0.0,1.0,0.9340637971134874,-0.3571061787787125,38.0,226.54167110311076
evt_inv_007396_0,cust_b2b_020,inv_007396,2026-05-29T17:43:23.299380+00:00,7456455,WRITE_OFF,0.05,0,5.27087972837491,0.32098765432098764,0.9767404233752276,0.0,1.0,0.9338687377810337,-0.357615968037305,39.0,210.9308879226493
evt_inv_006384_0,cust_b2b_020,inv_006384,2026-05-29T17:51:06.756897+00:00,5211244,SEND_REMINDER,0.8500000000000001,0,1.1194919575780142,0.32,-0.07014002664784759,0.0,1.0,0.9337347507573396,-0.3579656620796595,39.0,210.9362520142878
evt_inv_004931_0,cust_b2b_022,inv_004931,2026-05-29T18:19:12.575985+00:00,1387500,WRITE_OFF,0.05,0,4.10547478381034,0.1755485893416928,-0.6590022591401902,0.0,1.0,0.9332462708599433,-0.3592372446253443,43.0,216.31331423823926
evt_inv_003767_1,cust_b2b_023,inv_003767,2026-05-29T18:32:49.475667+00:00,2565003,OFFER_PAYMENT_PLAN,0.8500000000000001,0,21.787104540278794,0.41455696202531644,0.3483642835637736,1.0,1.0,0.9330089445602118,-0.35985317751916507,41.0,213.06583928360783
evt_inv_002004_0,cust_b2b_016,inv_002004,2026-05-29T18:38:59.832550+00:00,11661433,SEND_REMINDER,0.8500000000000001,0,5.299633502705371,0.22006472491909385,0.4336584085865305,0.0,1.0,0.9329012142717389,-0.3601323706782205,34.0,215.46534656815757
evt_inv_004673_0,cust_b2b_001,inv_004673,2026-05-29T18:42:34.911962+00:00,6904039,SEND_REMINDER,0.8500000000000001,0,7.541458769023917,0.04220779220779221,-0.003496007655771535,0.0,1.0,0.9328386131144129,-0.3602944932729041,44.0,212.66369580201305
evt_inv_002099_0,cust_b2b_011,inv_002099,2026-05-29T18:47:05.418719+00:00,2368662,SEND_REMINDER,0.8500000000000001,0,3.0506882937292588,0.3588039867109635,1.1219521625676099,0.0,1.0,0.932759839236677,-0.3604983804501325,44.0,222.57966984935095
evt_inv_007567_1,cust_b2b_011,inv_007567,2026-05-29T18:57:30.804275+00:00,1627196,OFFER_PAYMENT_PLAN,0.8500000000000001,0,19.82893915039257,0.3576158940397351,-0.011832936553669966,1.0,1.0,0.9325775510239785,-0.36096968200406904,45.0,222.586908108093
evt_inv_001803_0,cust_b2b_000,inv_001803,2026-05-29T19:05:22.888123+00:00,5977937,SEND_REMINDER,0.8500000000000001,0,3.42817073415104,0.34415584415584416,0.5492549218691222,0.0,1.0,0.9324397896641055,-0.36132539165018396,38.0,219.4435407516844
evt_inv_003310_0,cust_b2b_013,inv_003310,2026-05-29T19:20:26.623156+00:00,2588677,SEND_REMINDER,0.8500000000000001,0,5.216484598077409,0.1906158357771261,0.18063352307759234,0.0,1.0,0.9321756873598347,-0.3620061986972319,38.0,223.50318708156132
evt_inv_002505_1,cust_b2b_003,inv_002505,2026-05-29T19:23:59.450332+00:00,4192341,WRITE_OFF,0.05,0,22.296901292085362,0.1724137931034483,-0.31261009385110805,1.0,1.0,0.9321134196557952,-0.36216649886147584,42.0,214.73664358289375
evt_inv_006801_0,cust_b2b_005,inv_006801,2026-05-29T19:26:21.010369+00:00,6615811,SEND_REMINDER,0.8500000000000001,0,8.35508325074493,0.21515151515151515,-0.37231561607077385,0.0,1.0,0.9320719876004514,-0.3622731151086759,40.0,220.14972310936673
evt_inv_008547_0,cust_b2b_036,inv_008547,2026-05-29T19:30:49.838422+00:00,3807182,SEND_REMINDER,0.8500000000000001,0,6.658501534959674,0.2689873417721519,0.044630968150070345,0.0,1.0,0.9319932729365066,-0.36247557048868584,29.0,224.2669361692938
evt_inv_004005_1,cust_b2b_002,inv_004005,2026-05-29T19:44:39.535064+00:00,4394833,OFFER_PAYMENT_PLAN,0.8500000000000001,0,23.810076954854445,0.12987012987012986,0.3899191548177388,1.0,1.0,0.931750054883779,-0.3631003101404276,40.0,222.39827451570864
evt_inv_008751_1,cust_b2b_022,inv_008751,2026-05-29T19:47:11.837703+00:00,2227648,OFFER_PAYMENT_PLAN,0.8500000000000001,1,21.857863259289932,0.175,0.45574394529597884,1.0,1.0,0.9317053632500842,-0.36321497228367183,43.0,216.37441680441552
evt_inv_007915_1,cust_b2b_007,inv_007915,2026-05-29T19:52:08.841156+00:00,2772349,OFFER_PAYMENT_PLAN,0.8500000000000001,0,21.59745976066226,0.2857142857142857,-0.8812356707276858,1.0,1.0,0.9316181700716709,-0.36343855765770255,35.0,226.62918980203403
evt_inv_002129_0,cust_b2b_018,inv_002129,2026-05-29T20:19:09.769141+00:00,1991171,SEND_REMINDER,0.8500000000000001,1,8.907765473200111,0.6192307692307693,-0.05431127532436498,0.0,1.0,0.9311413586639744,-0.364658429472579,30.0,213.271962564591
evt_inv_001908_0,cust_b2b_007,inv_001908,2026-05-29T20:43:00.903222+00:00,5233087,SEND_REMINDER,0.8500000000000001,0,6.0330536000997395,0.28488372093023256,0.5555797564096656,0.0,1.0,0.9307190491947783,-0.3657349470121332,35.0,226.664514594473
evt_inv_006295_0,cust_b2b_002,inv_006295,2026-05-29T21:09:25.301258+00:00,3066928,SEND_REMINDER,0.8500000000000001,0,8.595388505560349,0.12944983818770225,-0.48327365301014036,0.0,1.0,0.9302500618480316,-0.3669261811750879,41.0,222.4571375503546
evt_inv_002974_1,cust_b2b_001,inv_002974,2026-05-29T21:16:57.669268+00:00,9445526,OFFER_PAYMENT_PLAN,0.8500000000000001,0,23.11019093946266,0.042071197411003236,0.9155073341733561,1.0,1.0,0.9301158795034197,-0.3672661850696033,44.0,212.77090364120204
evt_inv_007585_0,cust_b2b_015,inv_007585,2026-05-29T21:32:52.937714+00:00,7312728,SEND_REMINDER,0.8500000000000001,0,6.541241125819212,0.15123456790123457,-0.5998691286854312,0.0,1.0,0.9298321175112684,-0.3679840122131813,39.0,221.02483604046088
evt_inv_008109_0,cust_b2b_026,inv_008109,2026-05-29T22:12:28.987972+00:00,5507236,SEND_REMINDER,0.8500000000000001,0,9.821937877965079,0.2652439024390244,0.38640402058134427,0.0,1.0,0.929123910722172,-0.3697685201911288,40.0,212.06188747912483
evt_inv_002120_0,cust_b2b_017,inv_002120,2026-05-29T23:09:05.174430+00:00,5787030,SEND_REMINDER,0.8500000000000001,0,7.995430735873151,0.27070063694267515,-0.2825675277030425,0.0,1.0,0.9281056962319952,-0.372316822909902,36.0,224.47990579134844
evt_inv_002729_1,cust_b2b_038,inv_002729,2026-05-29T23:14:26.141803+00:00,4111495,OFFER_PAYMENT_PLAN,0.8500000000000001,1,23.02874609305647,0.2696245733788396,-0.11662620549293136,1.0,1.0,0.9280091050407965,-0.37255751362894296,31.0,222.97038920443933
evt_inv_006660_0,cust_b2b_002,inv_006660,2026-05-29T23:31:49.898679+00:00,5011993,SEND_REMINDER,0.8500000000000001,0,5.109369995691073,0.12903225806451613,0.7957465658984114,0.0,1.0,0.9276945677210683,-0.3733400447592251,41.0,222.55603335384092
evt_inv_002962_0,cust_b2b_006,inv_002962,2026-05-29T23:50:13.777069+00:00,5256906,SEND_REMINDER,0.8500000000000001,1,6.258288101631296,0.2844311377245509,-0.13291495279748433,0.0,1.0,0.927361194753328,-0.3741673615719042,41.0,223.12169106956105
evt_inv_000800_0,cust_b2b_002,inv_000800,2026-05-30T00:05:51.761588+00:00,2980987,SEND_REMINDER,0.8500000000000001,0,2.0405032974359334,0.12861736334405144,-0.5397860760656903,0.0,1.0,0.9270773421652805,-0.3748701130308463,42.0,222.57966602640224
evt_inv_008161_0,cust_b2b_021,inv_008161,2026-05-30T00:08:56.988771+00:00,10871246,SEND_REMINDER,0.8500000000000001,1,9.39289279832768,0.31893687707641194,0.46547567173991977,0.0,1.0,0.9270212258015605,-0.3750088624464388,26.0,222.01174998637063
evt_inv_004485_0,cust_b2b_029,inv_004485,2026-05-30T00:14:33.364768+00:00,6395972,SEND_REMINDER,0.8500000000000001,1,2.7338099663203907,0.23920265780730898,0.3562890535648178,0.0,1.0,0.926919264348923,-0.3752608124742728,39.0,224.07521372492067
evt_inv_006750_0,cust_b2b_001,inv_006750,2026-05-30T00:23:28.949234+00:00,5879192,SEND_REMINDER,0.8500000000000001,0,7.776556201831788,0.041935483870967745,-0.3740808946207714,0.0,1.0,0.9267567780116657,-0.37566191503722635,45.0,212.90043234451477
evt_inv_003897_0,cust_b2b_027,inv_003897,2026-05-30T00:30:56.722079+00:00,2755618,SEND_REMINDER,0.8500000000000001,0,6.796659831422728,0.1441717791411043,-0.02329324760428757,0.0,1.0,0.926620798866443,-0.3759972009312236,34.0,213.10326786415806
evt_inv_007457_1,cust_b2b_000,inv_007457,2026-05-30T00:45:40.375104+00:00,6521457,OFFER_PAYMENT_PLAN,0.8500000000000001,0,22.054508381894347,0.343042071197411,0.8264960907759938,1.0,1.0,0.9263520962522498,-0.37665872320850674,39.0,219.6798542584014
evt_inv_003440_0,cust_b2b_019,inv_003440,2026-05-30T00:47:29.011728+00:00,2931478,SEND_REMINDER,0.8500000000000001,1,1.5786568986971665,0.3162393162393162,-0.34864007857566476,0.0,1.0,0.9263190292529172,-0.37674003775008186,53.0,221.9712074686736
evt_inv_008800_1,cust_b2b_001,inv_008800,2026-05-30T01:04:16.002843+00:00,7807492,OFFER_PAYMENT_PLAN,0.8500000000000001,0,16.65184940405428,0.04180064308681672,0.32319313438048164,1.0,1.0,0.9260121799086409,-0.37749363260967317,46.0,212.92875472424802
evt_inv_004857_1,cust_b2b_026,inv_004857,2026-05-30T01:25:46.595920+00:00,6136774,OFFER_PAYMENT_PLAN,0.8500000000000001,1,20.26784200136846,0.26443768996960487,0.7163518079824954,1.0,1.0,0.9256180152957098,-0.37845909919042947,39.0,212.19611905259333
evt_inv_003701_0,cust_b2b_003,inv_003701,2026-05-30T01:54:39.933092+00:00,4348609,SEND_REMINDER,0.8500000000000001,1,4.919794215213454,0.171875,-0.23107640506275795,0.0,1.0,0.9250870469013797,-0.37975512591048,42.0,215.00794546668547
evt_inv_003628_0,cust_b2b_022,inv_003628,2026-05-30T02:14:38.262662+00:00,1936265,SEND_REMINDER,0.8500000000000001,1,6.6093299944045905,0.17757009345794392,0.06912396556605319,0.0,1.0,0.9247189049077156,-0.3806506888293718,44.0,216.64347264884904
evt_inv_005040_0,cust_b2b_005,inv_005040,2026-05-30T02:38:38.741296+00:00,7256895,SEND_REMINDER,0.8500000000000001,0,8.388463920694228,0.21450151057401812,-0.1661392544251755,0.0,1.0,0.9242752242200738,-0.3817267476781427,40.0,220.44992832843317
evt_inv_000519_0,cust_b2b_029,inv_000519,2026-05-30T02:39:55.243423+00:00,6369910,SEND_REMINDER,0.8500000000000001,1,8.79736376424123,0.24172185430463577,0.3446502656616372,0.0,1.0,0.9242516258386989,-0.38178388144933756,40.0,224.17616139453597
evt_inv_008828_1,cust_b2b_030,inv_008828,2026-05-30T02:43:04.796313+00:00,2391497,WRITE_OFF,0.05,0,23.99749598473678,0.3026706231454006,0.019304600389368667,1.0,1.0,0.9241931398113512,-0.38192543817561586,39.0,227.96001902539214
evt_inv_002697_0,cust_b2b_035,inv_002697,2026-05-30T02:46:27.659000+00:00,5876001,WRITE_OFF,0.05,0,7.190067732583504,0.3354632587859425,0.27677452382840106,0.0,1.0,0.9241305230650205,-0.3820769246363506,39.0,226.92662337123974
evt_inv_002169_1,cust_b2b_008,inv_002169,2026-05-30T02:54:11.671613+00:00,7339023,OFFER_PAYMENT_PLAN,0.8500000000000001,0,20.560207905780228,0.21630094043887146,-0.22644445090479573,1.0,1.0,0.9239872049536132,-0.38242338459096553,47.0,212.2896994151904
evt_inv_000135_1,cust_b2b_006,inv_000135,2026-05-30T04:01:11.697594+00:00,7755023,OFFER_PAYMENT_PLAN,0.8500000000000001,1,20.70576572858569,0.2865671641791045,0.9919401830696946,1.0,1.0,0.9227401170970772,-0.38542272416098194,42.0,223.2959725571203
evt_inv_004755_0,cust_b2b_029,inv_004755,2026-05-30T04:03:54.709254+00:00,5119221,ESCALATE_COLLECTIONS,0.05,0,1.2970654216151956,0.24422442244224424,-0.2138774701151351,0.0,1.0,0.9226893423145082,-0.3855442615047207,41.0,224.2344885453617
evt_inv_000021_1,cust_b2b_033,inv_000021,2026-05-30T04:12:05.335615+00:00,3973167,ESCALATE_COLLECTIONS,0.05,0,23.323558350865994,0.12693498452012383,-0.22232043585486014,1.0,1.0,0.9225364256915995,-0.38591001965765004,34.0,209.3234347919438
evt_inv_000102_0,cust_b2b_021,inv_000102,2026-05-30T04:21:54.724543+00:00,8911085,SEND_REMINDER,0.8500000000000001,0,5.24322161337009,0.3211920529801324,-0.06922030148651082,0.0,1.0,0.922352535411441,-0.3863493243427331,27.0,222.18741822447274
evt_inv_001637_0,cust_b2b_015,inv_001637,2026-05-30T04:44:50.085222+00:00,9991434,WRITE_OFF,0.05,0,7.824565394802846,0.15076923076923077,0.09616293865334358,0.0,1.0,0.9219226071209272,-0.38737411694556,39.0,221.32480302550618
evt_inv_005254_1,cust_b2b_031,inv_005254,2026-05-30T04:44:50.102477+00:00,19011781,OFFER_PAYMENT_PLAN,0.8500000000000001,0,18.528219608792053,0.2672955974842767,0.951251836441639,1.0,1.0,0.9219226017199508,-0.3873741297994964,52.0,221.53644416750888
evt_inv_008343_0,cust_b2b_027,inv_008343,2026-05-30T04:58:00.173936+00:00,3019166,SEND_REMINDER,0.8500000000000001,0,6.209928320976004,0.1437308868501529,0.2135797377129399,0.0,1.0,0.9216751158727153,-0.3879626022969441,34.0,213.28872448286666
evt_inv_007718_0,cust_b2b_012,inv_007718,2026-05-30T05:33:55.355609+00:00,5996604,SEND_REMINDER,0.8500000000000001,0,3.176082698178208,0.4792332268370607,1.4062460894706903,0.0,1.0,0.9209981066622492,-0.3895670513846779,27.0,223.1862405698292
evt_inv_003261_0,cust_b2b_037,inv_003261,2026-05-30T05:42:12.895697+00:00,2023476,SEND_REMINDER,0.8500000000000001,0,1.7867060111793753,0.2703583061889251,-0.7537948728483295,0.0,1.0,0.9208414170378127,-0.38993728299278213,37.0,220.45131837436415
evt_inv_000122_1,cust_b2b_015,inv_000122,2026-05-30T05:54:21.015403+00:00,18959871,OFFER_PAYMENT_PLAN,0.8500000000000001,0,23.4053010539874,0.15030674846625766,2.426511466221793,1.0,1.0,0.9206118430225391,-0.39047898085126675,39.0,221.37307768038795
evt_inv_000864_0,cust_b2b_032,inv_000864,2026-05-30T05:56:32.240324+00:00,6778129,SEND_REMINDER,0.8500000000000001,0,4.9065410962497005,0.10554089709762533,0.08040885423711693,0.0,1.0,0.9205704342959663,-0.3905765936409092,35.0,228.18253180323555
evt_inv_005722_0,cust_b2b_027,inv_005722,2026-05-30T05:58:12.377449+00:00,2851760,OFFER_PAYMENT_PLAN,0.05,0,4.756682801284357,0.14329268292682926,0.06311814631656702,0.0,1.0,0.9205388285272785,-0.3906510785517245,35.0,213.33053239389486
evt_inv_000055_0,cust_b2b_035,inv_000055,2026-05-30T06:00:44.335731+00:00,6204023,SEND_REMINDER,0.8500000000000001,1,7.08917152193337,0.3343949044585987,0.43178544858617923,0.0,1.0,0.9204908551998613,-0.39076410466345046,39.0,227.06153861117573
evt_inv_000832_0,cust_b2b_037,inv_000832,2026-05-30T06:07:45.974271+00:00,2845637,SEND_REMINDER,0.8500000000000001,0,8.503787742558146,0.2694805194805195,-0.044292593156386596,0.0,1.0,0.9203576709690735,-0.3910776872801397,38.0,220.46906233933623
evt_inv_001730_0,cust_b2b_008,inv_001730,2026-05-30T06:11:30.498764+00:00,8426942,SEND_REMINDER,0.8500000000000001,0,2.915485247163878,0.215625,0.11058205595576104,0.0,1.0,0.9202867061531949,-0.39124465297011174,48.0,212.4267228775956
evt_inv_001819_0,cust_b2b_039,inv_001819,2026-05-30T06:11:40.623665+00:00,14451582,SEND_REMINDER,0.8500000000000001,0,4.431317722234262,0.41767068273092367,0.8207307257918851,0.0,1.0,0.9202835052909127,-0.39125218196129014,23.0,213.15390718221124
evt_inv_004824_1,cust_b2b_002,inv_004824,2026-05-30T06:12:41.015925+00:00,2668239,OFFER_PAYMENT_PLAN,0.8500000000000001,0,17.617331585388538,0.1282051282051282,-0.7454403809202227,1.0,1.0,0.9202644117447936,-0.3912970897872985,43.0,222.83440276641556
evt_inv_002358_1,cust_b2b_025,inv_002358,2026-05-30T06:33:16.390634+00:00,9138202,OFFER_PAYMENT_PLAN,0.8500000000000001,0,17.6084714868088,0.1968503937007874,-0.24730890992607008,1.0,1.0,0.9198733562891236,-0.39221551268324795,36.0,221.39161406549587
evt_inv_002427_1,cust_b2b_029,inv_002427,2026-05-30T06:48:00.079593+00:00,7282355,OFFER_PAYMENT_PLAN,0.8500000000000001,0,24.448115484185035,0.24342105263157895,0.7521264892908929,1.0,1.0,0.9195930639226033,-0.39287223977450836,41.0,224.3484395909496
evt_inv_004639_1,cust_b2b_000,inv_004639,2026-05-30T06:56:32.701384+00:00,5566597,OFFER_PAYMENT_PLAN,0.8500000000000001,1,19.701373383962707,0.3419354838709677,0.3394368083661783,1.0,1.0,0.9194302533920194,-0.39325311079187536,40.0,219.93740433108556
evt_inv_006873_1,cust_b2b_037,inv_006873,2026-05-30T07:00:00.032443+00:00,1862962,OFFER_PAYMENT_PLAN,0.8500000000000001,0,18.89829220926933,0.2686084142394822,-0.892314410057945,1.0,1.0,0.9193643594950116,-0.39340713578979103,39.0,220.50533616077738
evt_inv_004265_0,cust_b2b_003,inv_004265,2026-05-30T07:28:57.021220+00:00,5322837,SEND_REMINDER,0.8500000000000001,0,9.74320358817968,0.17445482866043613,0.27723541718715183,0.0,1.0,0.9188112967990614,-0.3946971001596379,42.0,215.2400876903928
evt_inv_000378_0,cust_b2b_019,inv_000378,2026-05-30T07:32:56.774433+00:00,3142946,SEND_REMINDER,0.8500000000000001,0,7.713606423767482,0.3181818181818182,-0.1934471649205064,0.0,1.0,0.918734816443139,-0.394875090446576,51.0,222.25277879626796
evt_inv_002184_0,cust_b2b_024,inv_002184,2026-05-30T07:43:28.430497+00:00,7399229,SEND_REMINDER,0.8500000000000001,0,6.3561873837981455,0.1391304347826087,1.5677303258990694,0.0,1.0,0.9185331555008198,-0.39534395435583275,43.0,218.53981088987553
evt_inv_002054_0,cust_b2b_000,inv_002054,2026-05-30T07:55:52.125037+00:00,6547812,SEND_REMINDER,0.8500000000000001,0,2.9055197015569,0.3440514469453376,0.8399395531804941,0.0,1.0,0.9182954187331162,-0.39589584985671544,41.0,219.9786013641058
evt_inv_007489_1,cust_b2b_023,inv_007489,2026-05-30T08:05:38.633833+00:00,3135600,OFFER_PAYMENT_PLAN,0.8500000000000001,0,23.87841928846859,0.41324921135646686,0.9819965167636394,1.0,1.0,0.9181076956343874,-0.39633099704276853,39.0,213.63029713274454
evt_inv_000353_0,cust_b2b_014,inv_000353,2026-05-30T08:15:26.127351+00:00,11121889,WRITE_OFF,0.05,0,3.0170051433975713,0.2206896551724138,0.12320480436254788,0.0,1.0,0.9179194506368645,-0.3967667855838198,40.0,226.5829549803659
evt_inv_004071_0,cust_b2b_002,inv_004071,2026-05-30T08:15:50.096487+00:00,3967847,SEND_REMINDER,0.8500000000000001,0,7.306883229728134,0.12779552715654952,0.10914524836008054,0.0,1.0,0.9179117660410965,-0.3967845634135927,44.0,222.91992453217063
evt_inv_008372_1,cust_b2b_026,inv_008372,2026-05-30T08:28:29.510154+00:00,4316324,OFFER_PAYMENT_PLAN,0.8500000000000001,1,18.065167134106094,0.26666666666666666,-0.23776667545420263,1.0,1.0,0.9176681168879675,-0.3973477409616063,40.0,212.48967130067055
evt_inv_006565_0,cust_b2b_039,inv_006565,2026-05-30T09:21:36.256293+00:00,12344806,SEND_REMINDER,0.8500000000000001,1,5.912898895122068,0.416,0.3366290218774183,0.0,1.0,0.9166419198025101,-0.3997093830031622,24.0,213.28580107836422
evt_inv_003052_0,cust_b2b_003,inv_003052,2026-05-30T09:30:48.001184+00:00,3960784,SEND_REMINDER,0.8500000000000001,0,5.874150575739609,0.17391304347826086,-0.4334272461750038,0.0,1.0,0.91646362929609,-0.4001180028159678,43.0,215.32470551404558
evt_inv_001474_0,cust_b2b_017,inv_001474,2026-05-30T09:44:34.867469+00:00,6024564,ESCALATE_COLLECTIONS,0.05,0,5.309149991697666,0.2698412698412698,-0.1915509583278188,0.0,1.0,0.9161960951986718,-0.40073022738833447,36.0,224.92122168299838
evt_inv_003736_0,cust_b2b_002,inv_003736,2026-05-30T09:49:19.375233+00:00,3724711,SEND_REMINDER,0.8500000000000001,0,2.702324484767047,0.12738853503184713,-0.050734514826650604,0.0,1.0,0.9161039476142018,-0.40094083998225444,45.0,222.984846739879
evt_inv_001227_0,cust_b2b_012,inv_001227,2026-05-30T10:14:52.466366+00:00,4460320,SEND_REMINDER,0.8500000000000001,0,7.926363968598393,0.47770700636942676,0.40549551166575765,0.0,1.0,0.9156065703100207,-0.4020753765217676,28.0,223.38134601841026
evt_inv_007889_0,cust_b2b_026,inv_007889,2026-05-30T10:17:52.433166+00:00,5287856,SEND_REMINDER,0.8500000000000001,1,8.474521277740937,0.2688821752265861,0.2714240808925572,0.0,1.0,0.9155480919226952,-0.4022085172851416,41.0,212.5656310577614
evt_inv_005508_1,cust_b2b_001,inv_005508,2026-05-30T10:22:38.705578+00:00,6029932,WRITE_OFF,0.05,0,22.082609232960856,0.041666666666666664,-0.31957352250972665,1.0,1.0,0.9154550307127576,-0.4024202861967872,45.0,213.3165174873823
evt_inv_005430_0,cust_b2b_036,inv_005430,2026-05-30T10:41:42.901803+00:00,2673101,SEND_REMINDER,0.8500000000000001,0,6.490061224842136,0.26813880126182965,-0.7133623149472138,0.0,1.0,0.9150825872160484,-0.40326648580558144,29.0,224.89949477323322
evt_inv_005138_1,cust_b2b_009,inv_005138,2026-05-30T10:45:56.942305+00:00,6822572,OFFER_PAYMENT_PLAN,0.8500000000000001,0,18.02030162693028,0.15476190476190477,0.40766712556641,1.0,1.0,0.914999789217057,-0.40345431678535953,39.0,218.3490336688492
evt_inv_005067_0,cust_b2b_014,inv_005067,2026-05-30T10:58:45.322180+00:00,16273837,SEND_REMINDER,0.8500000000000001,0,1.4336927297836046,0.21993127147766323,1.338341451403184,0.0,1.0,0.9147491208170767,-0.40402233349702976,39.0,226.6963715871807
evt_inv_008210_0,cust_b2b_025,inv_008210,2026-05-30T11:02:51.948702+00:00,10102097,SEND_REMINDER,0.8500000000000001,0,6.113243432508481,0.19633507853403143,-0.009695707368915979,0.0,1.0,0.9146685891428614,-0.40420461654390755,37.0,221.5788311727566
evt_inv_003161_0,cust_b2b_026,inv_003161,2026-05-30T11:03:14.702164+00:00,5120826,ESCALATE_COLLECTIONS,0.05,1,1.4015318483884769,0.2710843373493976,0.18388192168785095,0.0,1.0,0.9146611575584022,-0.40422143294724455,42.0,212.59713880079255
evt_inv_008435_1,cust_b2b_002,inv_008435,2026-05-30T11:10:53.546767+00:00,3141113,OFFER_PAYMENT_PLAN,0.8500000000000001,0,20.88959670645076,0.12698412698412698,-0.43449203377547596,1.0,1.0,0.9145112268108678,-0.4045605220938907,46.0,223.04149224374865
evt_inv_001297_0,cust_b2b_024,inv_001297,2026-05-30T11:25:57.060323+00:00,4140412,OFFER_PAYMENT_PLAN,0.05,0,7.115332180708876,0.13872832369942195,-0.22380611812675338,0.0,1.0,0.9142156298510631,-0.40522806188123756,44.0,218.69430892027444
evt_inv_008354_0,cust_b2b_013,inv_008354,2026-05-30T11:28:29.877312+00:00,2168537,SEND_REMINDER,0.8500000000000001,0,5.767987131927896,0.19005847953216373,-0.254430534146545,0.0,1.0,0.9141655854777919,-0.4053409457827397,36.0,224.17544696762957
evt_inv_004862_0,cust_b2b_000,inv_004862,2026-05-30T11:29:11.044701+00:00,5623598,SEND_REMINDER,0.8500000000000001,1,6.515106702439449,0.34294871794871795,0.3685122272679002,0.0,1.0,0.9141521016342214,-0.40537135453524104,42.0,220.12673700837226
evt_inv_001105_1,cust_b2b_033,inv_001105,2026-05-30T11:38:13.638115+00:00,4338481,OFFER_PAYMENT_PLAN,0.8500000000000001,0,19.404168384732763,0.12654320987654322,-0.012898343041893804,1.0,1.0,0.9139742876896149,-0.40577210530328617,34.0,209.63325310791893
evt_inv_007827_0,cust_b2b_017,inv_007827,2026-05-30T11:40:09.996196+00:00,6457891,SEND_REMINDER,0.8500000000000001,0,1.5483255346731828,0.2689873417721519,-0.02551218695797509,0.0,1.0,0.9139361329635566,-0.4058580353567246,36.0,225.0014893766088
evt_inv_004590_1,cust_b2b_033,inv_004590,2026-05-30T11:40:23.839688+00:00,4379063,OFFER_PAYMENT_PLAN,0.8500000000000001,0,19.343395832945443,0.12615384615384614,0.010365690444053116,1.0,1.0,0.9139315930363494,-0.40586825849041286,35.0,209.63476007057557
evt_inv_005972_1,cust_b2b_015,inv_005972,2026-05-30T11:45:55.126098+00:00,13582720,OFFER_PAYMENT_PLAN,0.8500000000000001,0,21.800299296633966,0.14984709480122324,1.0293187245666933,1.0,1.0,0.9138229146475764,-0.4061128915277233,40.0,221.6172224800963
evt_inv_004219_0,cust_b2b_013,inv_004219,2026-05-30T11:52:33.435761+00:00,1765383,SEND_REMINDER,0.8500000000000001,0,6.596065162444172,0.18950437317784258,-0.6719054237446811,0.0,1.0,0.9136921626126391,-0.4064069782622324,37.0,224.19215482004245
evt_inv_008750_0,cust_b2b_009,inv_008750,2026-05-30T11:56:00.096347+00:00,7194875,SEND_REMINDER,0.8500000000000001,0,1.419312354093883,0.1543026706231454,0.5663362275048769,0.0,1.0,0.9136242854089357,-0.40655954682064926,40.0,218.39768128507978
evt_inv_008141_1,cust_b2b_029,inv_008141,2026-05-30T12:09:33.494236+00:00,4689039,OFFER_PAYMENT_PLAN,0.8500000000000001,0,18.188551483638687,0.24262295081967214,-0.4059865254375784,1.0,1.0,0.9133568792597536,-0.40715993308389753,41.0,224.57174300116495
evt_inv_000530_0,cust_b2b_004,inv_000530,2026-05-30T12:16:44.765387+00:00,2998673,SEND_REMINDER,0.8500000000000001,0,1.8874298245817305,0.16300940438871472,-0.11039630054226411,0.0,1.0,0.9132149379641302,-0.40747819215164105,38.0,224.82093343044176
evt_inv_004425_0,cust_b2b_032,inv_004425,2026-05-30T12:29:06.834333+00:00,5403323,SEND_REMINDER,0.8500000000000001,0,1.180991350818106,0.10526315789473684,-0.44297479942819634,0.0,1.0,0.9129704463746136,-0.40802569042468245,35.0,228.4551544190792
evt_inv_004606_0,cust_b2b_035,inv_004606,2026-05-30T12:32:15.612672+00:00,5425519,SEND_REMINDER,0.8500000000000001,1,8.629101575676259,0.33650793650793653,0.06389394491618537,0.0,1.0,0.9129081966561754,-0.40816494763510724,39.0,227.3334283905848
evt_inv_005142_0,cust_b2b_015,inv_005142,2026-05-30T12:37:00.509486+00:00,8112705,SEND_REMINDER,0.8500000000000001,0,4.741352756901795,0.14939024390243902,-0.3920038826728215,0.0,1.0,0.9128142116225063,-0.4083750911355664,41.0,221.6527014544957
evt_inv_003693_0,cust_b2b_002,inv_003693,2026-05-30T12:39:57.173476+00:00,2871897,SEND_REMINDER,0.8500000000000001,0,4.765679740987343,0.12658227848101267,-0.6115207047522806,0.0,1.0,0.9127559073777635,-0.4085053898628458,47.0,223.10333977510268
evt_inv_000554_0,cust_b2b_039,inv_000554,2026-05-30T12:41:22.399936+00:00,9701732,SEND_REMINDER,0.8500000000000001,0,3.1126956957636795,0.41832669322709165,-0.27070510327447284,0.0,1.0,0.912727773521318,-0.40856824575928274,25.0,213.42452959274783
evt_inv_005598_0,cust_b2b_032,inv_005598,2026-05-30T12:54:32.437052+00:00,6275338,WRITE_OFF,0.05,0,8.621785610302423,0.10498687664041995,-0.11100184982172215,0.0,1.0,0.9124667706686975,-0.4091508186786855,36.0,228.47281185796564
evt_inv_000626_1,cust_b2b_039,inv_000626,2026-05-30T12:56:23.089619+00:00,10488166,OFFER_PAYMENT_PLAN,0.8500000000000001,0,18.11268206503099,0.4166666666666667,-0.08999564556505373,1.0,1.0,0.9124301849301221,-0.40923240051147375,26.0,213.43495424185514
evt_inv_006609_1,cust_b2b_013,inv_006609,2026-05-30T13:50:03.668176+00:00,2104738,SEND_REMINDER,0.05,0,23.8490834515787,0.18895348837209303,-0.32049625466406706,1.0,1.0,0.911362150810966,-0.41160543007741035,38.0,224.27375473225143
evt_inv_006445_0,cust_b2b_034,inv_006445,2026-05-30T14:01:17.310144+00:00,5155899,SEND_REMINDER,0.8500000000000001,0,6.77341406040817,0.47653429602888087,-0.021690892977883718,0.0,1.0,0.9111379715382667,-0.41210143996488613,32.0,210.50758241626022
evt_inv_004070_1,cust_b2b_032,inv_004070,2026-05-30T14:09:32.067530+00:00,6633674,OFFER_PAYMENT_PLAN,0.8500000000000001,0,18.030068554151093,0.10471204188481675,0.025415298513657546,1.0,1.0,0.9109731507777236,-0.41246565743356983,36.0,228.52489091441453
evt_inv_006252_0,cust_b2b_015,inv_006252,2026-05-30T14:26:03.251829+00:00,10974661,ESCALATE_COLLECTIONS,0.05,0,8.502175204337465,0.14893617021276595,0.3516436341834795,0.0,1.0,0.9106425151008916,-0.4131951230238839,42.0,221.72842763901477
evt_inv_005654_1,cust_b2b_002,inv_005654,2026-05-30T14:27:57.209775+00:00,3380308,SEND_REMINDER,0.05,0,22.21028366826132,0.12618296529968454,-0.27720413295125496,1.0,1.0,0.9106044639775484,-0.4132789737987669,48.0,223.17834019523585
evt_inv_005530_1,cust_b2b_038,inv_005530,2026-05-30T14:54:33.920875+00:00,3674957,OFFER_PAYMENT_PLAN,0.8500000000000001,0,22.576113512226293,0.272108843537415,-0.3696810235155272,1.0,1.0,0.9100705024036291,-0.4144534722436357,31.0,223.6232570177725
evt_inv_004960_0,cust_b2b_003,inv_004960,2026-05-30T15:17:47.871090+00:00,4494305,SEND_REMINDER,0.8500000000000001,0,2.4730233126437673,0.17337461300309598,-0.15505802976098157,0.0,1.0,0.909603108223281,-0.4154782611768588,43.0,215.56567623054607
evt_inv_004099_0,cust_b2b_028,inv_004099,2026-05-30T15:34:42.228516+00:00,4851547,ESCALATE_COLLECTIONS,0.05,0,5.039454034418376,0.3333333333333333,-0.14153289751705855,0.0,1.0,0.9092622668081878,-0.41622365401168143,26.0,210.44691030130457
evt_inv_002369_0,cust_b2b_015,inv_002369,2026-05-30T15:47:57.723937+00:00,14214766,SEND_REMINDER,0.8500000000000001,0,1.5912670129325532,0.1484848484848485,1.1935486952394578,0.0,1.0,0.9089945393986787,-0.4168080221677409,42.0,221.78530810323127
evt_inv_003991_0,cust_b2b_011,inv_003991,2026-05-30T16:05:59.488737+00:00,1550188,OFFER_PAYMENT_PLAN,0.05,1,9.41522222482773,0.3564356435643564,-0.1295874891276546,0.0,1.0,0.9086298642089732,-0.41760240644371655,42.0,223.46779565974694
evt_inv_000099_0,cust_b2b_012,inv_000099,2026-05-30T16:11:01.883667+00:00,2889664,ESCALATE_COLLECTIONS,0.05,1,6.6064030629065424,0.47619047619047616,-0.6176447728957096,0.0,1.0,0.9085277992796559,-0.41782441041191604,29.0,223.62867723716354
evt_inv_003551_0,cust_b2b_015,inv_003551,2026-05-30T16:15:11.060096+00:00,8268658,SEND_REMINDER,0.8500000000000001,0,7.40149138552324,0.14803625377643503,-0.35148117029424797,0.0,1.0,0.9084436559996428,-0.41800732514395317,43.0,221.80421245692386
evt_inv_006864_0,cust_b2b_019,inv_006864,2026-05-30T16:17:19.109329+00:00,2842481,SEND_REMINDER,0.8500000000000001,0,1.0856460657245461,0.31728045325779036,-0.4139534777788164,0.0,1.0,0.9084004012987319,-0.41810131657327126,50.0,222.61692619090013
evt_inv_008565_1,cust_b2b_027,inv_008565,2026-05-30T16:21:39.371677+00:00,3340481,OFFER_PAYMENT_PLAN,0.8500000000000001,1,18.60654515251168,0.14285714285714285,0.5023731182988963,1.0,1.0,0.9083124553784231,-0.41829234203415705,36.0,213.76348371598385
evt_inv_004325_0,cust_b2b_021,inv_004325,2026-05-30T16:28:32.224756+00:00,11468793,SEND_REMINDER,0.8500000000000001,0,7.8728623810992575,0.3201320132013201,0.6284755380831638,0.0,1.0,0.9081728647309484,-0.41859532697628454,27.0,222.69201892138088
evt_inv_000539_1,cust_b2b_002,inv_000539,2026-05-30T16:45:20.114143+00:00,3819087,OFFER_PAYMENT_PLAN,0.8500000000000001,0,21.964125642227167,0.12578616352201258,0.011324560666824579,1.0,1.0,0.9078316605665814,-0.4193348018861818,49.0,223.2737441809708
evt_inv_008213_0,cust_b2b_028,inv_008213,2026-05-30T16:52:33.807389+00:00,4683611,SEND_REMINDER,0.8500000000000001,0,4.786997007998426,0.33217993079584773,-0.22317128088277002,0.0,1.0,0.9076846556415934,-0.4196529112407087,26.0,210.50097950122435
evt_inv_007395_1,cust_b2b_008,inv_007395,2026-05-30T17:14:34.694422+00:00,8917081,OFFER_PAYMENT_PLAN,0.8500000000000001,0,17.91059885125783,0.21495327102803738,0.26242208884057205,1.0,1.0,0.9072362403119524,-0.4206214500767089,47.0,212.88718810510795
evt_inv_004250_1,cust_b2b_028,inv_004250,2026-05-30T17:19:02.872289+00:00,3314830,OFFER_PAYMENT_PLAN,0.8500000000000001,1,21.609683347202463,0.3310344827586207,-0.8885722696253183,1.0,1.0,0.9071450729387996,-0.4208180326968651,27.0,210.51937145608244
evt_inv_006586_1,cust_b2b_032,inv_006586,2026-05-30T17:24:33.043984+00:00,7303419,OFFER_PAYMENT_PLAN,0.8500000000000001,0,21.636461794384648,0.10443864229765012,0.28038468377293213,1.0,1.0,0.9070327721888225,-0.42106003155780486,37.0,228.66031888263487
evt_inv_003608_1,cust_b2b_008,inv_003608,2026-05-30T17:45:25.336890+00:00,4863900,OFFER_PAYMENT_PLAN,0.8500000000000001,0,23.09917148383875,0.21428571428571427,-0.993212451280956,1.0,1.0,0.9066062451649065,-0.4219776252693849,48.0,212.90860757812266
evt_inv_008654_0,cust_b2b_032,inv_008654,2026-05-30T18:02:58.830839+00:00,7157381,SEND_REMINDER,0.8500000000000001,0,9.098912753662205,0.10416666666666667,0.22478856700016453,0.0,1.0,0.9062467094915659,-0.42274921825558615,38.0,228.68700623049645
evt_inv_002094_1,cust_b2b_000,inv_002094,2026-05-30T18:18:09.021447+00:00,5803351,OFFER_PAYMENT_PLAN,0.8500000000000001,1,19.04938497369624,0.3450479233226837,0.460201499626489,1.0,1.0,0.9059355515011235,-0.42341560732494876,41.0,220.4107413688513
evt_inv_001429_0,cust_b2b_009,inv_001429,2026-05-30T19:22:06.743686+00:00,5066366,SEND_REMINDER,0.8500000000000001,0,1.3367271392257902,0.15384615384615385,-0.3407989247718585,0.0,1.0,0.9046182000140203,-0.42622284336177235,41.0,218.70748044409902
evt_inv_008325_0,cust_b2b_036,inv_008325,2026-05-30T19:22:25.464112+00:00,4565876,SEND_REMINDER,0.8500000000000001,0,2.5923278225027664,0.2672955974842767,0.5517239016018067,0.0,1.0,0.9046117526374919,-0.4262365270482167,30.0,225.26109850367027
evt_inv_000622_0,cust_b2b_027,inv_000622,2026-05-30T19:33:13.651808+00:00,3249603,SEND_REMINDER,0.8500000000000001,0,8.609689785025536,0.14545454545454545,0.4206927456585821,0.0,1.0,0.9043883870060093,-0.4267102593665504,37.0,213.89651936564266
evt_inv_001286_1,cust_b2b_013,inv_001286,2026-05-30T19:40:58.662471+00:00,2290214,OFFER_PAYMENT_PLAN,0.8500000000000001,0,18.92339109747197,0.18840579710144928,-0.1284318037413944,1.0,1.0,0.904227991389536,-0.42705004342306896,38.0,224.5174467958515
evt_inv_000030_0,cust_b2b_026,inv_000030,2026-05-30T19:56:02.857706+00:00,6188192,SEND_REMINDER,0.8500000000000001,1,3.8386427654561937,0.2732732732732733,0.7433006704450994,0.0,1.0,0.9039157428935914,-0.4277105677314118,39.0,212.9671406010426
evt_inv_008074_0,cust_b2b_014,inv_008074,2026-05-30T20:26:43.097095+00:00,9303065,SEND_REMINDER,0.8500000000000001,0,3.728587430000794,0.2191780821917808,-0.3057822831204718,0.0,1.0,0.9032787572998064,-0.4290541767783148,39.0,227.09079027833454
evt_inv_000997_0,cust_b2b_021,inv_000997,2026-05-30T20:35:14.020103+00:00,8067434,ESCALATE_COLLECTIONS,0.05,0,4.575775475599279,0.3190789473684211,-0.29935269647705953,0.0,1.0,0.9031015507018878,-0.4294270474945023,27.0,222.8633359971494
evt_inv_007009_1,cust_b2b_015,inv_007009,2026-05-30T20:40:41.848983+00:00,8062722,ESCALATE_COLLECTIONS,0.05,1,24.085235012850077,0.14759036144578314,-0.4049915376727552,1.0,1.0,0.9029877667095363,-0.42966625789433843,44.0,221.98859658755308
evt_inv_001790_0,cust_b2b_007,inv_001790,2026-05-30T21:04:35.889997+00:00,4246174,SEND_REMINDER,0.8500000000000001,0,5.489304008414331,0.28405797101449276,-0.02067515704207956,0.0,1.0,0.9024892900613033,-0.4307122953023802,32.0,227.6795028673254
evt_inv_007346_1,cust_b2b_032,inv_007346,2026-05-30T22:05:21.403945+00:00,6298351,OFFER_PAYMENT_PLAN,0.8500000000000001,1,22.02021689870829,0.1038961038961039,-0.10224108046044368,1.0,1.0,0.9012166452045728,-0.43336884798773345,38.0,228.85532304884782
evt_inv_001864_0,cust_b2b_039,inv_001864,2026-05-30T22:21:47.825846+00:00,6639206,SEND_REMINDER,0.8500000000000001,1,7.999777199205723,0.4150197628458498,-0.974422092963434,0.0,1.0,0.9008709417317876,-0.4340870262323928,26.0,213.8276016518938
evt_inv_007044_0,cust_b2b_028,inv_007044,2026-05-30T22:28:38.179447+00:00,8059423,ESCALATE_COLLECTIONS,0.05,1,8.718161421330278,0.3333333333333333,1.417901274670446,0.0,1.0,0.9007269597778665,-0.4343857087075052,27.0,210.73436343708704
evt_inv_008628_0,cust_b2b_013,inv_008628,2026-05-30T22:33:45.605081+00:00,1942372,SEND_REMINDER,0.8500000000000001,0,1.5938084328724966,0.18786127167630057,-0.4886296022484368,0.0,1.0,0.9006190275722504,-0.4346094421141976,39.0,224.6374345575407
evt_inv_008883_0,cust_b2b_039,inv_008883,2026-05-30T22:40:11.558796+00:00,6203797,SEND_REMINDER,0.8500000000000001,0,8.716023859087333,0.41732283464566927,-1.0744716652060038,0.0,1.0,0.9004834467381079,-0.4348902874871514,27.0,213.84037633881493
evt_inv_006177_0,cust_b2b_004,inv_006177,2026-05-30T22:40:53.069199+00:00,3959230,SEND_REMINDER,0.8500000000000001,0,2.4347700194731203,0.1625,0.6550586447164641,0.0,1.0,0.9004688594232958,-0.43492049067491495,37.0,225.25436287270426
evt_inv_005020_1,cust_b2b_002,inv_005020,2026-05-30T22:57:17.216335+00:00,4218112,OFFER_PAYMENT_PLAN,0.8500000000000001,0,16.79579628441217,0.12539184952978055,0.27371260673745745,1.0,1.0,0.9001227201776203,-0.43563641792214924,50.0,223.53204397485788
evt_inv_000677_0,cust_b2b_026,inv_000677,2026-05-30T22:57:28.787543+00:00,4368612,SEND_REMINDER,0.8500000000000001,0,8.568009641032965,0.2754491017964072,-0.2103615183222799,0.0,1.0,0.9001186470249138,-0.4356448338704804,38.0,213.09313515934124
evt_inv_005876_0,cust_b2b_026,inv_005876,2026-05-30T23:14:16.770105+00:00,6375134,SEND_REMINDER,0.8500000000000001,0,7.350862645263806,0.2746268656716418,0.8412787735588946,0.0,1.0,0.8997635276014674,-0.4363778115328085,39.0,213.10480162417966
evt_inv_002983_0,cust_b2b_004,inv_002983,2026-05-30T23:19:06.183776+00:00,3755953,SEND_REMINDER,0.8500000000000001,0,5.652812640976308,0.16199376947040497,0.49307007190545454,0.0,1.0,0.8996614548065968,-0.43658821186018965,38.0,225.28090355068397
evt_inv_008563_0,cust_b2b_011,inv_008563,2026-05-30T23:19:06.936907+00:00,1323722,SEND_REMINDER,0.8500000000000001,0,2.9214663859178813,0.35855263157894735,-0.47587942139295075,0.0,1.0,0.8996611891221455,-0.43658875934605446,43.0,223.76857630985538
evt_inv_008641_1,cust_b2b_019,inv_008641,2026-05-30T23:25:01.915870+00:00,3938264,OFFER_PAYMENT_PLAN,0.8500000000000001,0,24.079444133192965,0.3163841807909605,0.3902225736444865,1.0,1.0,0.899535924882946,-0.4368467921880428,49.0,222.91394941475355
evt_inv_006550_1,cust_b2b_026,inv_006550,2026-05-30T23:33:27.492449+00:00,3786529,OFFER_PAYMENT_PLAN,0.8500000000000001,0,16.310201543032,0.27380952380952384,-0.5154378200159465,1.0,1.0,0.8993573903102616,-0.43721423180669183,40.0,213.11812016982685
evt_inv_005442_1,cust_b2b_005,inv_005442,2026-05-30T23:36:08.957028+00:00,8747946,OFFER_PAYMENT_PLAN,0.8500000000000001,0,16.799099726521384,0.21385542168674698,0.31339182501851476,1.0,1.0,0.8993003406000879,-0.43733156460123684,38.0,221.3231947142116
evt_inv_007615_1,cust_b2b_028,inv_007615,2026-05-30T23:59:11.707200+00:00,4859903,OFFER_PAYMENT_PLAN,0.8500000000000001,1,24.87096105001544,0.3356164383561644,-0.13747118566440647,1.0,1.0,0.8988111515950202,-0.4383360739985172,27.0,210.797251489779
evt_inv_006038_1,cust_b2b_023,inv_006038,2026-05-31T00:13:09.627039+00:00,2107468,OFFER_PAYMENT_PLAN,0.8500000000000001,1,23.076334141675165,0.4119496855345912,-0.15971582926920122,1.0,1.0,0.8985141665137943,-0.43894452106618376,38.0,214.30218362818468
evt_inv_005072_0,cust_b2b_003,inv_005072,2026-05-31T00:14:10.857663+00:00,6178334,SEND_REMINDER,0.8500000000000001,0,9.991686363638488,0.1728395061728395,0.7235983062451549,0.0,1.0,0.8984924483088333,-0.438988975182747,44.0,215.9381645010727
evt_inv_000616_1,cust_b2b_014,inv_000616,2026-05-31T00:19:34.712694+00:00,9012608,OFFER_PAYMENT_PLAN,0.8500000000000001,0,17.250772768525245,0.21843003412969283,-0.3742894387142686,1.0,1.0,0.8983775419244566,-0.4392240796743403,40.0,227.2524987922027
evt_inv_007043_0,cust_b2b_020,inv_007043,2026-05-31T00:24:46.630470+00:00,5532006,SEND_REMINDER,0.8500000000000001,0,7.812880454706213,0.31901840490797545,0.07942277842820872,0.0,1.0,0.8982668128150528,-0.43945048981095347,38.0,212.20963018063958
evt_inv_001461_0,cust_b2b_012,inv_001461,2026-05-31T00:46:07.095238+00:00,4209058,SEND_REMINDER,0.8500000000000001,1,8.770989020161355,0.4778481012658228,0.24182130087065976,0.0,1.0,0.8978116569705098,-0.4403796414548107,29.0,223.9863764451628
evt_inv_008636_1,cust_b2b_009,inv_008636,2026-05-31T00:51:09.205735+00:00,7418504,OFFER_PAYMENT_PLAN,0.8500000000000001,0,19.774566147869503,0.15339233038348082,0.6616435777682329,1.0,1.0,0.8977041281907322,-0.44059879508382405,41.0,218.9359811622587
evt_inv_000687_0,cust_b2b_037,inv_000687,2026-05-31T01:12:51.882185+00:00,2820119,SEND_REMINDER,0.8500000000000001,1,6.306983049162575,0.267741935483871,-0.06631440007402205,0.0,1.0,0.8972398600825804,-0.4415434672588778,37.0,221.26426960686504
evt_inv_002231_1,cust_b2b_027,inv_002231,2026-05-31T01:15:49.956226+00:00,2251304,OFFER_PAYMENT_PLAN,0.8500000000000001,0,23.294082103272032,0.14501510574018128,-0.47656292792237614,1.0,1.0,0.8971763180387927,-0.4416725646339776,38.0,214.13443955567132
evt_inv_001798_0,cust_b2b_001,inv_001798,2026-05-31T01:31:40.465762+00:00,6739369,SEND_REMINDER,0.8500000000000001,0,4.292982525119222,0.04153354632587859,-0.06304049080933484,0.0,1.0,0.8968368341892299,-0.4423614956587427,44.0,213.9477878598784
evt_inv_007877_0,cust_b2b_025,inv_007877,2026-05-31T01:58:19.973473+00:00,6504202,SEND_REMINDER,0.8500000000000001,0,7.55069377874912,0.195822454308094,-0.8966256110535088,0.0,1.0,0.8962643601939875,-0.44352023251038075,37.0,222.20068331131372
evt_inv_001692_0,cust_b2b_018,inv_001692,2026-05-31T02:32:56.720707+00:00,2595254,SEND_REMINDER,0.8500000000000001,0,8.594100868705873,0.6206896551724138,0.6876625259054698,0.0,1.0,0.8955188454855998,-0.4450235919365831,28.0,214.5315337632621
evt_inv_008835_0,cust_b2b_009,inv_008835,2026-05-31T02:40:28.713197+00:00,4942548,SEND_REMINDER,0.8500000000000001,0,5.811690304739878,0.15294117647058825,-0.3935680177175683,0.0,1.0,0.895356254141984,-0.4453506238558951,42.0,219.01190138751176
evt_inv_006201_1,cust_b2b_005,inv_006201,2026-05-31T03:04:33.322498+00:00,9722212,OFFER_PAYMENT_PLAN,0.8500000000000001,0,16.62607190573947,0.2132132132132132,0.626721552308984,1.0,1.0,0.8948357966287446,-0.4463954492059705,38.0,221.46792116641757
evt_inv_005010_1,cust_b2b_019,inv_005010,2026-05-31T03:27:32.822411+00:00,2991049,OFFER_PAYMENT_PLAN,0.8500000000000001,0,19.247228753118666,0.3154929577464789,-0.3049217206727407,1.0,1.0,0.8943376583745769,-0.4473926159572581,50.0,223.0823626849101
evt_inv_003058_1,cust_b2b_022,inv_003058,2026-05-31T03:28:20.011023+00:00,2187560,OFFER_PAYMENT_PLAN,0.8500000000000001,0,23.47467550087483,0.18012422360248448,0.40255310777905706,1.0,1.0,0.8943205988790474,-0.4474267162571118,41.0,217.69465029192497
evt_inv_008090_0,cust_b2b_028,inv_008090,2026-05-31T03:31:52.047272+00:00,4605327,SEND_REMINDER,0.8500000000000001,0,4.840409879000261,0.3378839590443686,-0.26122736401713537,0.0,1.0,0.8942439280787359,-0.44757993374850125,28.0,210.9449406109859
evt_inv_002986_1,cust_b2b_004,inv_002986,2026-05-31T03:35:52.523852+00:00,4310423,OFFER_PAYMENT_PLAN,0.8500000000000001,0,18.288854348486776,0.16149068322981366,0.9349199323221985,1.0,1.0,0.8941569416901349,-0.4477536863358522,39.0,225.45921767192758
evt_inv_003795_0,cust_b2b_003,inv_003795,2026-05-31T03:44:55.907094+00:00,5711408,SEND_REMINDER,0.8500000000000001,0,5.660742290648802,0.1723076923076923,0.4799759570210737,0.0,1.0,0.8939602620665952,-0.44814623712112583,45.0,216.08451923986104
evt_inv_005632_1,cust_b2b_005,inv_005632,2026-05-31T04:03:51.910888+00:00,6762727,OFFER_PAYMENT_PLAN,0.8500000000000001,0,24.178354756337384,0.2125748502994012,-0.3250664610249707,1.0,1.0,0.8935485244763488,-0.4489666295017257,39.0,221.50910853203945
evt_inv_007707_0,cust_b2b_003,inv_007707,2026-05-31T04:08:39.084247+00:00,5820353,SEND_REMINDER,0.8500000000000001,0,2.6946411493514226,0.17177914110429449,0.5368187926954643,0.0,1.0,0.893444321027166,-0.4491739587557434,46.0,216.1009911976499
evt_inv_002575_0,cust_b2b_025,inv_002575,2026-05-31T04:13:32.910415+00:00,12553391,SEND_REMINDER,0.8500000000000001,0,7.197137018057026,0.1953125,0.5945816674997084,0.0,1.0,0.8933376537553825,-0.44938606607551634,37.0,222.29458304444128
evt_inv_006193_0,cust_b2b_019,inv_006193,2026-05-31T04:20:17.097349+00:00,3199479,SEND_REMINDER,0.8500000000000001,1,5.884652008045709,0.3146067415730337,-0.15195846373980335,0.0,1.0,0.8931908401047866,-0.4496777992662141,51.0,223.11898623742988
evt_inv_002458_0,cust_b2b_003,inv_002458,2026-05-31T04:23:21.248081+00:00,3380575,SEND_REMINDER,0.8500000000000001,0,2.530762670234494,0.1712538226299694,-0.7361559019407614,0.0,1.0,0.893123919064144,-0.44981069928971723,47.0,216.11120142720574
evt_inv_006619_0,cust_b2b_007,inv_006619,2026-05-31T04:47:54.317470+00:00,4067782,SEND_REMINDER,0.8500000000000001,0,4.009737111937589,0.2832369942196532,-0.12483741127059685,0.0,1.0,0.8925878886983525,-0.4508734422751218,33.0,228.00124392603894
evt_inv_004908_0,cust_b2b_013,inv_004908,2026-05-31T04:48:55.437429+00:00,1740600,SEND_REMINDER,0.8500000000000001,0,5.000319677997894,0.1873198847262248,-0.6975688393829665,0.0,1.0,0.8925656206293376,-0.4509175233571715,40.0,224.89796502453927
evt_inv_002213_0,cust_b2b_036,inv_002213,2026-05-31T04:56:40.094061+00:00,4374875,SEND_REMINDER,0.8500000000000001,1,3.05775371163148,0.2664576802507837,0.424063510804294,0.0,1.0,0.892396259316754,-0.451252608144778,31.0,225.65987894289643
evt_inv_002222_1,cust_b2b_031,inv_002222,2026-05-31T05:07:39.347521+00:00,10944669,OFFER_PAYMENT_PLAN,0.8500000000000001,0,17.67640446276033,0.2664576802507837,-0.5131894289064677,1.0,1.0,0.8921557541382313,-0.45172791629258835,48.0,222.55229191107398
evt_inv_002301_1,cust_b2b_021,inv_002301,2026-05-31T05:20:25.824621+00:00,9218266,OFFER_PAYMENT_PLAN,0.8500000000000001,0,24.353775584940863,0.3180327868852459,0.014573181361342391,1.0,1.0,0.8918758139632198,-0.452280369314703,25.0,223.22805595685315
evt_inv_001780_1,cust_b2b_004,inv_001780,2026-05-31T05:53:10.885700+00:00,2473726,OFFER_PAYMENT_PLAN,0.8500000000000001,0,24.729260630705816,0.1609907120743034,-0.5287196258355085,1.0,1.0,0.8911565528129655,-0.4536959316309904,40.0,225.55456908220995
evt_inv_007543_0,cust_b2b_008,inv_007543,2026-05-31T06:02:58.633278+00:00,7197922,SEND_REMINDER,0.8500000000000001,0,1.5659694328992624,0.21362229102167182,-0.27015599608533175,0.0,1.0,0.8909409860263464,-0.454119102679464,48.0,213.4207985085412
evt_inv_003258_1,cust_b2b_032,inv_003258,2026-05-31T06:10:27.807647+00:00,7052565,OFFER_PAYMENT_PLAN,0.8500000000000001,0,19.602626690467286,0.10621761658031088,0.18488554047334352,1.0,1.0,0.8907761079398671,-0.45444243367394976,37.0,229.1922027213242
evt_inv_004297_0,cust_b2b_002,inv_004297,2026-05-31T06:15:35.668766+00:00,4161380,SEND_REMINDER,0.8500000000000001,0,7.43055795187543,0.125,0.236406960790352,0.0,1.0,0.8906630338235421,-0.45466400801057905,50.0,223.8364242113323
evt_inv_006132_0,cust_b2b_004,inv_006132,2026-05-31T06:16:48.600115+00:00,3209267,SEND_REMINDER,0.8500000000000001,0,5.415249708580853,0.16049382716049382,0.05742290046938754,0.0,1.0,0.890636238839233,-0.45471649416565557,41.0,225.57097781386634
evt_inv_002942_0,cust_b2b_002,inv_002942,2026-05-31T06:25:34.525529+00:00,3438255,SEND_REMINDER,0.8500000000000001,0,3.9652684455553144,0.12461059190031153,-0.23909983317086225,0.0,1.0,0.8904429222276423,-0.45509493762807,51.0,223.84335542387012
evt_inv_003994_0,cust_b2b_029,inv_003994,2026-05-31T06:28:34.922799+00:00,6672185,SEND_REMINDER,0.8500000000000001,0,7.97957985784472,0.24183006535947713,0.47963934089294885,0.0,1.0,0.8903765758058336,-0.45522472830051597,40.0,225.3349539799018
evt_inv_005181_0,cust_b2b_026,inv_005181,2026-05-31T06:31:37.363824+00:00,5769443,SEND_REMINDER,0.8500000000000001,0,3.5711121818907565,0.27299703264094954,0.523829632290527,0.0,1.0,0.890309458491482,-0.45535597955951357,41.0,213.40851219962883
evt_inv_002041_0,cust_b2b_036,inv_002041,2026-05-31T06:35:37.842487+00:00,3662103,SEND_REMINDER,0.8500000000000001,0,9.675568930926987,0.26875,-0.052336426745162444,0.0,1.0,0.8902209604422094,-0.455528968990283,32.0,225.72860288301013
evt_inv_002707_0,cust_b2b_037,inv_002707,2026-05-31T06:37:30.892995+00:00,3453034,SEND_REMINDER,0.8500000000000001,0,2.917669122047873,0.27009646302250806,0.47987403721711896,0.0,1.0,0.8901793453467967,-0.45561028644879015,37.0,221.4897211208635
evt_inv_000228_1,cust_b2b_003,inv_000228,2026-05-31T06:43:53.013717+00:00,5224388,OFFER_PAYMENT_PLAN,0.8500000000000001,0,22.856149033855875,0.17073170731707318,0.22586907398709008,1.0,1.0,0.8900386276566812,-0.455885118510148,48.0,216.20879130724725
evt_inv_001826_0,cust_b2b_032,inv_001826,2026-05-31T06:50:01.755123+00:00,6047631,SEND_REMINDER,0.8500000000000001,0,1.5352656666896958,0.10594315245478036,-0.19768902331575805,0.0,1.0,0.8899027565134251,-0.4561502865830598,38.0,229.2196789652642
evt_inv_001495_1,cust_b2b_001,inv_001495,2026-05-31T07:21:46.247135+00:00,10985546,OFFER_PAYMENT_PLAN,0.8500000000000001,0,16.90677644788811,0.041401273885350316,1.4723792448651354,1.0,1.0,0.8891997457410614,-0.4575191932302203,43.0,214.190910329472
evt_inv_006074_0,cust_b2b_015,inv_006074,2026-05-31T07:40:44.255309+00:00,10364058,SEND_REMINDER,0.8500000000000001,0,4.369914951065148,0.15015015015015015,0.19298517475441557,0.0,1.0,0.8887786642478372,-0.45833665135774404,44.0,222.44695777189065
evt_inv_002115_1,cust_b2b_017,inv_002115,2026-05-31T07:41:10.471480+00:00,4406399,OFFER_PAYMENT_PLAN,0.8500000000000001,0,23.35410242851645,0.26813880126182965,-0.8115877828878559,1.0,1.0,0.8887689549821106,-0.45835547848804753,36.0,225.83552265535909
evt_inv_003055_0,cust_b2b_035,inv_003055,2026-05-31T07:43:48.024860+00:00,4983078,SEND_REMINDER,0.8500000000000001,0,1.1959024730124743,0.33860759493670883,-0.14518671514842268,0.0,1.0,0.8887105960460077,-0.45846862103697983,38.0,228.13310908721164
evt_inv_006985_0,cust_b2b_000,inv_006985,2026-05-31T07:45:07.663324+00:00,4858301,SEND_REMINDER,0.8500000000000001,0,7.828838728314917,0.3471337579617834,-0.021854468083689585,0.0,1.0,0.8886810918903547,-0.4585258083429622,41.0,220.97114231650426
evt_inv_002203_1,cust_b2b_023,inv_002203,2026-05-31T07:53:40.158592+00:00,3215188,WRITE_OFF,0.05,0,19.395936968142614,0.41379310344827586,1.070376233337198,1.0,1.0,0.8884911365553814,-0.4588937788448725,37.0,214.62198144708987
evt_inv_004929_0,cust_b2b_018,inv_004929,2026-05-31T07:56:01.085625+00:00,1933553,SEND_REMINDER,0.8500000000000001,0,7.400101343548697,0.6183206106870229,-0.12508211018909626,0.0,1.0,0.8884388755252057,-0.4589949503594871,26.0,214.75588983870594
evt_inv_007278_0,cust_b2b_024,inv_007278,2026-05-31T08:08:20.240531+00:00,4075112,SEND_REMINDER,0.8500000000000001,0,1.5577506304041737,0.138328530259366,-0.2597046015668677,0.0,1.0,0.8881645805044435,-0.45952549215181293,43.0,219.5570772097219
evt_inv_008282_0,cust_b2b_033,inv_008282,2026-05-31T08:24:41.522542+00:00,2976073,SEND_REMINDER,0.8500000000000001,0,6.200370372040554,0.12576687116564417,-0.793920117241049,0.0,1.0,0.8877999443998661,-0.46022957176130547,33.0,210.49885362211785
evt_inv_007189_0,cust_b2b_013,inv_007189,2026-05-31T08:34:19.963334+00:00,2546456,SEND_REMINDER,0.8500000000000001,0,4.721891172882641,0.1867816091954023,0.13691259862839045,0.0,1.0,0.8875847391936842,-0.46064447326596636,40.0,225.0544988891776
evt_inv_001560_0,cust_b2b_030,inv_001560,2026-05-31T08:37:49.483688+00:00,2925336,SEND_REMINDER,0.8500000000000001,0,1.5220491260145939,0.30177514792899407,0.5816732040836589,0.0,1.0,0.88750674064405,-0.46079473229560136,37.0,229.20636957370743
evt_inv_000581_0,cust_b2b_006,inv_000581,2026-05-31T08:52:01.458480+00:00,6952243,SEND_REMINDER,0.8500000000000001,0,1.4399551877231307,0.28869047619047616,0.630463231141491,0.0,1.0,0.8871893123347564,-0.46140559606379083,39.0,224.4979373821899
evt_inv_007629_0,cust_b2b_014,inv_007629,2026-05-31T08:58:32.636364+00:00,7334088,SEND_REMINDER,0.8500000000000001,0,2.160065603901192,0.21768707482993196,-0.7701846615943546,0.0,1.0,0.8870434266386379,-0.4616859963841047,40.0,227.61289142727085
evt_inv_000432_0,cust_b2b_015,inv_000432,2026-05-31T09:01:09.959787+00:00,8985992,SEND_REMINDER,0.8500000000000001,0,9.176299533199325,0.1497005988023952,-0.1650898728338409,0.0,1.0,0.8869847295259146,-0.4617987544243058,45.0,222.5028108329785
evt_inv_001324_0,cust_b2b_007,inv_001324,2026-05-31T09:21:17.399205+00:00,3632150,WRITE_OFF,0.05,0,3.8513635851700276,0.2824207492795389,-0.3792013054498107,0.0,1.0,0.8865337587684199,-0.4626639110239063,34.0,228.19109440908616
evt_inv_007780_1,cust_b2b_022,inv_007780,2026-05-31T09:37:54.121028+00:00,2439257,OFFER_PAYMENT_PLAN,0.8500000000000001,0,24.24211922785208,0.17956656346749225,0.7365156705954667,1.0,1.0,0.8861608538276677,-0.4633777521023414,41.0,217.95129508364062
evt_inv_005573_0,cust_b2b_038,inv_005573,2026-05-31T09:45:11.244805+00:00,5720587,SEND_REMINDER,0.8500000000000001,0,4.169619666291105,0.2711864406779661,0.8161406885938105,0.0,1.0,0.8859971307620857,-0.4636907205038198,29.0,224.40841122993106
evt_inv_007426_0,cust_b2b_020,inv_007426,2026-05-31T09:51:34.171534+00:00,6008502,SEND_REMINDER,0.8500000000000001,0,2.6914173530426435,0.3180428134556575,0.3015997496470374,0.0,1.0,0.8858536161710501,-0.4639648378020407,35.0,212.60323597999275
evt_inv_005180_0,cust_b2b_004,inv_005180,2026-05-31T09:52:26.002424+00:00,3554804,SEND_REMINDER,0.8500000000000001,0,1.4447432827656104,0.16,0.3327771435082071,0.0,1.0,0.8858341842958852,-0.4640019374235883,42.0,225.7207162665148
evt_inv_003368_1,cust_b2b_029,inv_003368,2026-05-31T10:01:57.048451+00:00,6686894,OFFER_PAYMENT_PLAN,0.8500000000000001,0,21.033452536391543,0.24104234527687296,0.48620792007337926,1.0,1.0,0.885619991059671,-0.4644106280388812,41.0,225.48312673051146
evt_inv_008862_0,cust_b2b_039,inv_008862,2026-05-31T10:06:43.369432+00:00,10355501,SEND_REMINDER,0.8500000000000001,0,5.466235774716438,0.41568627450980394,-0.12047983150122894,0.0,1.0,0.8855125241581766,-0.46461550723045686,28.0,214.31713340636222
evt_inv_005993_0,cust_b2b_037,inv_005993,2026-05-31T10:14:04.758191+00:00,2763660,SEND_REMINDER,0.8500000000000001,1,3.916875646529648,0.2692307692307692,-0.11503662221885654,0.0,1.0,0.8853467617084159,-0.46493129764775076,38.0,221.6401130791553
evt_inv_006625_0,cust_b2b_008,inv_006625,2026-05-31T10:38:54.159490+00:00,8920896,SEND_REMINDER,0.8500000000000001,0,5.987088802857276,0.21296296296296297,0.2636041356137206,0.0,1.0,0.8847865897351553,-0.4659964491547482,49.0,213.61241339524736
evt_inv_006348_1,cust_b2b_030,inv_006348,2026-05-31T11:37:13.089761+00:00,1428018,OFFER_PAYMENT_PLAN,0.8500000000000001,0,22.401517570633686,0.3008849557522124,-0.9956648431540436,1.0,1.0,0.883465583021397,-0.4684960657429933,37.0,229.3309483476995
evt_inv_004228_1,cust_b2b_022,inv_004228,2026-05-31T11:39:05.738775+00:00,1547527,OFFER_PAYMENT_PLAN,0.8500000000000001,0,18.8565632836971,0.17901234567901234,-0.4466709018277555,1.0,1.0,0.8834229354573441,-0.4685764794651236,42.0,218.03545732608288
evt_inv_003133_1,cust_b2b_030,inv_003133,2026-05-31T11:42:31.320699+00:00,2073680,OFFER_PAYMENT_PLAN,0.8500000000000001,0,17.91948170842721,0.3,-0.31549744200161217,1.0,1.0,0.883345085742076,-0.46872322269685374,38.0,229.33463157615788
evt_inv_002356_0,cust_b2b_016,inv_002356,2026-05-31T11:46:36.245716+00:00,15784562,SEND_REMINDER,0.8500000000000001,0,5.289847152408228,0.21935483870967742,1.470911004003498,0.0,1.0,0.8832523057754569,-0.4688980319241475,32.0,217.1789624612853
evt_inv_006347_1,cust_b2b_026,inv_006347,2026-05-31T11:55:19.244573+00:00,5475026,WRITE_OFF,0.05,0,20.404208211370786,0.27218934911242604,0.3695220008130843,1.0,1.0,0.8830540729481473,-0.46927124805349857,42.0,213.63330248608187
evt_inv_007817_0,cust_b2b_020,inv_007817,2026-05-31T11:56:10.434817+00:00,7035782,SEND_REMINDER,0.8500000000000001,0,3.9599611082231423,0.3170731707317073,0.7805920568642556,0.0,1.0,0.8830346617806072,-0.46930777331513335,36.0,212.6897668050176
evt_inv_005766_0,cust_b2b_013,inv_005766,2026-05-31T12:08:10.620031+00:00,2415997,SEND_REMINDER,0.8500000000000001,0,8.209702571324769,0.18624641833810887,0.0018197275671494044,0.0,1.0,0.8827614098510088,-0.4698215547182347,41.0,225.20300186021032
evt_inv_003758_0,cust_b2b_028,inv_003758,2026-05-31T12:15:19.356622+00:00,4892964,SEND_REMINDER,0.8500000000000001,1,3.1465547458363448,0.336734693877551,-0.12139910763370265,0.0,1.0,0.8825985970989143,-0.47012734062063255,29.0,211.3084511358692
evt_inv_003617_0,cust_b2b_003,inv_003617,2026-05-31T13:14:15.833098+00:00,5752402,SEND_REMINDER,0.8500000000000001,0,5.441779941886307,0.1702127659574468,0.501364989861067,0.0,1.0,0.8812515813616345,-0.4726474905758185,48.0,216.4798887537858
evt_inv_003852_0,cust_b2b_026,inv_003852,2026-05-31T13:21:36.683667+00:00,3566816,SEND_REMINDER,0.8500000000000001,0,1.1953339202668767,0.2713864306784661,-0.6305917765504968,0.0,1.0,0.8810831602350856,-0.47296137765165824,42.0,213.69322654966723
evt_inv_004484_0,cust_b2b_022,inv_004484,2026-05-31T13:40:02.011376+00:00,2177053,SEND_REMINDER,0.8500000000000001,0,7.701151149042914,0.17846153846153845,0.38861263283842984,0.0,1.0,0.8806603928879432,-0.4737481107070018,42.0,218.11944196267055
evt_inv_005718_1,cust_b2b_018,inv_005718,2026-05-31T13:45:16.222541+00:00,2131007,OFFER_PAYMENT_PLAN,0.8500000000000001,1,22.186272579609827,0.6159695817490495,0.11744351136935163,1.0,1.0,0.8805400846989673,-0.4739716861146196,27.0,214.9984261456077
evt_inv_000671_1,cust_b2b_008,inv_000671,2026-05-31T14:06:31.581377+00:00,8731586,OFFER_PAYMENT_PLAN,0.8500000000000001,0,16.699388988507543,0.2123076923076923,0.2049577128814694,1.0,1.0,0.8800511803948003,-0.4748788475871699,49.0,213.75659651894296
evt_inv_003291_1,cust_b2b_007,inv_003291,2026-05-31T14:19:37.240212+00:00,6255407,WRITE_OFF,0.05,0,24.467032055383214,0.28160919540229884,1.1525083019725528,1.0,1.0,0.8797495356213408,-0.4754374349733465,34.0,228.39826849481997
evt_inv_005851_1,cust_b2b_004,inv_005851,2026-05-31T14:28:07.355758+00:00,3175737,OFFER_PAYMENT_PLAN,0.8500000000000001,0,18.56118650032508,0.15950920245398773,0.03070321786911453,1.0,1.0,0.8795534927182097,-0.47580001413114537,42.0,225.91216711528628
evt_inv_003313_1,cust_b2b_020,inv_003313,2026-05-31T14:42:22.551128+00:00,6579498,OFFER_PAYMENT_PLAN,0.8500000000000001,0,19.7839441488461,0.3161094224924012,0.5678395675503632,1.0,1.0,0.8792244966797851,-0.4764076872156647,37.0,212.80518481787624
evt_inv_000437_0,cust_b2b_039,inv_000437,2026-05-31T14:54:05.268823+00:00,8182791,SEND_REMINDER,0.8500000000000001,0,8.675789389778235,0.4140625,-0.6197320703365627,0.0,1.0,0.8789538449947967,-0.47690684453975163,29.0,214.5166924270868
evt_inv_006395_1,cust_b2b_019,inv_006395,2026-05-31T15:04:38.193717+00:00,3525798,OFFER_PAYMENT_PLAN,0.8500000000000001,1,16.682086220664594,0.3165266106442577,0.08752128427317263,1.0,1.0,0.8787098314371962,-0.47735629474807845,51.0,223.56645263058212
evt_inv_003835_0,cust_b2b_022,inv_003835,2026-05-31T15:23:58.499818+00:00,1651246,SEND_REMINDER,0.8500000000000001,0,5.737943404476377,0.17791411042944785,-0.30905270060059997,0.0,1.0,0.8782618981052425,-0.47817992255695624,43.0,218.19162354185605
evt_inv_008478_0,cust_b2b_002,inv_008478,2026-05-31T15:55:58.806580+00:00,3461095,SEND_REMINDER,0.8500000000000001,0,9.502053089634039,0.12422360248447205,-0.22408055112969505,0.0,1.0,0.8775188724754546,-0.47954210289546717,51.0,224.23946978787865
evt_inv_007321_0,cust_b2b_007,inv_007321,2026-05-31T16:11:58.348555+00:00,6339579,WRITE_OFF,0.05,1,7.586747321242452,0.2808022922636103,1.2016559261546471,0.0,1.0,0.8771468045177282,-0.48022232697401557,34.0,228.4762905821129
evt_inv_003222_0,cust_b2b_027,inv_003222,2026-05-31T16:21:57.361900+00:00,2678535,SEND_REMINDER,0.8500000000000001,0,1.6392419715149764,0.14457831325301204,-0.09257358397818967,0.0,1.0,0.8769142662794434,-0.48064682418131666,36.0,214.76369193615517
evt_inv_001500_0,cust_b2b_028,inv_001500,2026-05-31T16:24:11.252608+00:00,4670629,WRITE_OFF,0.05,0,2.948782150102681,0.3389830508474576,-0.22948231015755294,0.0,1.0,0.8768622615321243,-0.4807416918686878,30.0,211.48127400607822
evt_inv_001896_0,cust_b2b_019,inv_001896,2026-05-31T16:47:22.378727+00:00,3090799,SEND_REMINDER,0.8500000000000001,1,7.403222360901381,0.31843575418994413,-0.23171739981019962,0.0,1.0,0.8763213243950975,-0.48172703516662035,50.0,223.63779736448532
evt_inv_008121_0,cust_b2b_034,inv_008121,2026-05-31T16:51:01.367165+00:00,4457397,SEND_REMINDER,0.8500000000000001,0,8.337179574408884,0.4748201438848921,-0.3574432456805215,0.0,1.0,0.8762360702090571,-0.4818820906244476,32.0,211.6254534465933
evt_inv_004406_0,cust_b2b_017,inv_004406,2026-05-31T16:53:05.631587+00:00,6530640,SEND_REMINDER,0.8500000000000001,1,4.3291466111015025,0.2672955974842767,0.002363580130147403,0.0,1.0,0.8761876807406213,-0.481970069732936,37.0,226.2187999714065
evt_inv_002229_0,cust_b2b_033,inv_002229,2026-05-31T16:54:16.850211+00:00,5204099,SEND_REMINDER,0.8500000000000001,0,8.731154637910784,0.12538226299694188,0.4833304691817834,0.0,1.0,0.8761599437091228,-0.48202049026947685,32.0,210.85273472939943
evt_inv_008470_0,cust_b2b_004,inv_008470,2026-05-31T17:13:35.852657+00:00,2367023,SEND_REMINDER,0.8500000000000001,0,2.9208517572689843,0.15902140672782875,-0.6137503174471787,0.0,1.0,0.8757081471808619,-0.48284080291651194,43.0,226.0270802738356
evt_inv_003266_0,cust_b2b_025,inv_003266,2026-05-31T17:27:48.384855+00:00,7193156,ESCALATE_COLLECTIONS,0.05,0,9.700459241384346,0.19480519480519481,-0.7267891653862263,0.0,1.0,0.8753753270802729,-0.4834439333977678,37.0,222.84615103564047
evt_inv_001450_0,cust_b2b_017,inv_001450,2026-05-31T17:28:26.560958+00:00,4660048,SEND_REMINDER,0.8500000000000001,0,2.510127128232972,0.26959247648902823,-0.7143963768065836,0.0,1.0,0.8753604137904984,-0.48347093601221497,38.0,226.24334776505202
evt_inv_006606_1,cust_b2b_037,inv_006606,2026-05-31T17:28:59.684735+00:00,3202699,OFFER_PAYMENT_PLAN,0.8500000000000001,1,23.865002411162582,0.2715654952076677,0.26384207223817296,1.0,1.0,0.8753474734899178,-0.4834943646567327,38.0,221.94213769193425
evt_inv_004739_1,cust_b2b_000,inv_004739,2026-05-31T18:08:46.366272+00:00,4674250,OFFER_PAYMENT_PLAN,0.8500000000000001,1,17.366309068272713,0.346031746031746,-0.11573595100268116,1.0,1.0,0.8744134307750256,-0.48518156609690904,40.0,221.40422915617864
evt_inv_006575_0,cust_b2b_034,inv_006575,2026-05-31T18:12:17.370709+00:00,5484870,WRITE_OFF,0.05,1,7.322409071544576,0.4731182795698925,0.1364368251263068,0.0,1.0,0.8743306963575378,-0.48533064338339793,33.0,211.68188867279946
evt_inv_004299_1,cust_b2b_019,inv_004299,2026-05-31T18:24:05.118526+00:00,3552346,OFFER_PAYMENT_PLAN,0.8500000000000001,0,19.362668416738337,0.3203342618384401,0.10700408309652536,1.0,1.0,0.8740530042722097,-0.48583057306300176,51.0,223.70495870476142
evt_inv_008032_1,cust_b2b_007,inv_008032,2026-05-31T18:27:17.132470+00:00,6093256,OFFER_PAYMENT_PLAN,0.8500000000000001,1,18.185238975052847,0.28285714285714286,1.057829131334901,1.0,1.0,0.8739776163399251,-0.4859661779761866,34.0,228.57025798854227
evt_inv_001065_0,cust_b2b_019,inv_001065,2026-05-31T18:28:01.658128+00:00,3029356,SEND_REMINDER,0.8500000000000001,0,3.0256044791775913,0.3194444444444444,-0.2768092784406765,0.0,1.0,0.8739601318061673,-0.48599762140708735,52.0,223.7076964316309
evt_inv_001555_1,cust_b2b_004,inv_001555,2026-05-31T18:58:10.543786+00:00,3355663,OFFER_PAYMENT_PLAN,0.8500000000000001,0,22.80664236506309,0.15853658536585366,0.17408393603473815,1.0,1.0,0.8732488542629998,-0.4872745001827594,44.0,226.0997040137585
evt_inv_008788_1,cust_b2b_026,inv_008788,2026-05-31T18:58:33.510082+00:00,4573013,OFFER_PAYMENT_PLAN,0.8500000000000001,1,16.90617480469192,0.27058823529411763,-0.10323309509960044,1.0,1.0,0.873239811617874,-0.487290705232082,41.0,213.92721759614165
evt_inv_002852_0,cust_b2b_030,inv_002852,2026-05-31T19:00:30.663298+00:00,2370276,SEND_REMINDER,0.8500000000000001,0,1.458944472812982,0.2991202346041056,-0.003050125371379835,0.0,1.0,0.8731936795639234,-0.4873733660856083,37.0,229.63879063400972
evt_inv_008197_0,cust_b2b_010,inv_008197,2026-05-31T19:22:19.724799+00:00,3682199,WRITE_OFF,0.05,0,8.098894166505904,0.12149532710280374,0.654738210205831,0.0,1.0,0.8726776712495171,-0.4882967152280667,31.0,221.48070971654747
evt_inv_002948_0,cust_b2b_013,inv_002948,2026-05-31T19:32:33.339827+00:00,3132648,OFFER_PAYMENT_PLAN,0.05,1,4.331436594158781,0.18571428571428572,0.7439275903051316,0.0,1.0,0.8724354591893784,-0.4887293418130515,42.0,225.5115981541402
evt_inv_008339_1,cust_b2b_013,inv_008339,2026-05-31T19:34:06.642800+00:00,1759092,SEND_REMINDER,0.05,0,19.46082982732473,0.18803418803418803,-0.6784198890294676,1.0,1.0,0.8723986109504782,-0.48879511414464455,43.0,225.51267804966483
evt_inv_002473_1,cust_b2b_037,inv_002473,2026-05-31T19:44:24.961918+00:00,3212511,OFFER_PAYMENT_PLAN,0.8500000000000001,0,20.905100090723415,0.27388535031847133,0.27230968676945067,1.0,1.0,0.8721542922448339,-0.48923091737840213,39.0,222.03618025192304
evt_inv_003499_1,cust_b2b_009,inv_003499,2026-05-31T19:55:48.448521+00:00,7122510,OFFER_PAYMENT_PLAN,0.8500000000000001,0,19.98368889025228,0.15249266862170088,0.5354956532814883,1.0,1.0,0.8718839703438391,-0.4897125098029082,41.0,219.73087980560908
evt_inv_008001_1,cust_b2b_026,inv_008001,2026-05-31T19:58:02.531489+00:00,3945090,OFFER_PAYMENT_PLAN,0.8500000000000001,1,21.857031298128582,0.2727272727272727,-0.4323341901624586,1.0,1.0,0.8718309087474168,-0.4898069686648543,42.0,213.96852571427135
evt_inv_005249_0,cust_b2b_012,inv_005249,2026-05-31T20:05:49.280701+00:00,3784988,SEND_REMINDER,0.8500000000000001,0,2.837155810311516,0.4794952681388013,-0.034421925360015836,0.0,1.0,0.8716461189856458,-0.49013573962450585,28.0,224.79172581395287
evt_inv_002769_1,cust_b2b_025,inv_002769,2026-05-31T20:38:15.551824+00:00,13015140,WRITE_OFF,0.05,1,21.97441961991255,0.19430051813471502,0.7084091588734547,1.0,1.0,0.8708742385625973,-0.49150591106111474,37.0,222.97840991259537
evt_inv_004933_0,cust_b2b_013,inv_004933,2026-05-31T20:38:47.993205+00:00,2042038,SEND_REMINDER,0.8500000000000001,0,6.319891654149892,0.1875,-0.3854233535744263,0.0,1.0,0.8708613542342635,-0.49152873944588893,44.0,225.55760108675645
evt_inv_003969_0,cust_b2b_001,inv_003969,2026-05-31T21:24:41.623269+00:00,8077880,SEND_REMINDER,0.8500000000000001,0,4.606614896124013,0.04126984126984127,0.42096563168578083,0.0,1.0,0.869765550071514,-0.49346518408981666,40.0,214.77627347917348
evt_inv_002718_0,cust_b2b_002,inv_002718,2026-05-31T21:36:14.174199+00:00,3397307,SEND_REMINDER,0.8500000000000001,0,2.9793309260195953,0.1238390092879257,-0.2660259945734323,0.0,1.0,0.8694892722942708,-0.49395182494366746,50.0,224.4757587649592
evt_inv_005231_0,cust_b2b_028,inv_005231,2026-05-31T21:44:31.213225+00:00,5301899,SEND_REMINDER,0.8500000000000001,1,3.746808582853707,0.33783783783783783,0.07739505998932882,0.0,1.0,0.8692908218046107,-0.49430098839296754,30.0,211.70372725395268
evt_inv_005980_1,cust_b2b_008,inv_005980,2026-05-31T22:46:43.551977+00:00,9224979,OFFER_PAYMENT_PLAN,0.8500000000000001,1,20.367977866788316,0.2116564417177914,0.3578060414211975,1.0,1.0,0.8677961506623603,-0.4969203566926898,49.0,214.1178461786701
evt_inv_006340_1,cust_b2b_026,inv_006340,2026-05-31T22:53:10.623764+00:00,6577194,OFFER_PAYMENT_PLAN,0.8500000000000001,0,23.15381432102644,0.27485380116959063,0.9471809730660503,1.0,1.0,0.8676406900040479,-0.49719174676305683,42.0,214.09014715263757
evt_inv_000192_0,cust_b2b_018,inv_000192,2026-05-31T23:07:02.276585+00:00,1968171,SEND_REMINDER,0.8500000000000001,1,9.30642822308735,0.6174242424242424,-0.08256243058403692,0.0,1.0,0.8673063840350763,-0.49777468418150866,27.0,215.38854251185816
evt_inv_002744_0,cust_b2b_008,inv_002744,2026-05-31T23:12:23.447530+00:00,9579491,ESCALATE_COLLECTIONS,0.05,0,2.197785885189537,0.21406727828746178,0.4676302812819598,0.0,1.0,0.8671771756074687,-0.4979997450857314,50.0,214.13566904385812
evt_inv_003126_0,cust_b2b_009,inv_003126,2026-05-31T23:15:55.373274+00:00,9231568,SEND_REMINDER,0.8500000000000001,1,5.318744556842194,0.15204678362573099,1.434341293450159,0.0,1.0,0.8670918850019265,-0.498148233926214,42.0,219.8698488421052
evt_inv_001538_0,cust_b2b_023,inv_001538,2026-05-31T23:29:18.395845+00:00,3195797,SEND_REMINDER,0.8500000000000001,0,3.6553981366792123,0.4125,1.0488433029524993,0.0,1.0,0.8667684737572835,-0.4987107507368067,34.0,215.27172956343966
evt_inv_006875_0,cust_b2b_030,inv_006875,2026-05-31T23:31:33.153545+00:00,2111346,SEND_REMINDER,0.8500000000000001,0,7.742702431009098,0.2982456140350877,-0.2758180349272744,0.0,1.0,0.8667141653546048,-0.4988051278542259,37.0,229.8270139007607
evt_inv_003848_1,cust_b2b_001,inv_003848,2026-05-31T23:37:59.693901+00:00,5478145,OFFER_PAYMENT_PLAN,0.8500000000000001,0,20.09463058692466,0.04113924050632911,-0.5190997494985502,1.0,1.0,0.866558329570167,-0.49907580732045304,41.0,214.8688437411149
evt_inv_001049_0,cust_b2b_001,inv_001049,2026-05-31T23:56:43.591373+00:00,6075773,SEND_REMINDER,0.8500000000000001,0,8.418784653532786,0.04100946372239748,-0.3029974327090548,0.0,1.0,0.8661047442026815,-0.4998625531779789,42.0,214.88185181370844
