event_id,customer_id,invoice_id,event_created_at,amount_paise,action,propensity,outcome,days_overdue,customer_ontime_rate,invoice_size_zscore,chase_rounds_so_far,is_repeat_overdue_this_quarter,quarter_sin,quarter_cos,contacts_last_14d,customer_relationship_days
evt_inv_005318_0,cust_b2b_032,inv_005318,2026-04-02T00:19:04.942990+00:00,5165637,SEND_REMINDER,0.8500000000000001,0,7.2948990183907245,0.14285714285714285,-0.533460966196485,0.0,1.0,-0.8664876031313344,-0.499198591363913,38.0,169.9481880841001
evt_inv_005838_1,cust_b2b_035,inv_005838,2026-04-02T00:44:58.712148+00:00,4047088,OFFER_PAYMENT_PLAN,0.8500000000000001,1,19.87464532209897,0.34810126582278483,-0.5874998483173162,1.0,1.0,-0.8671136543748564,-0.49811033958017975,26.0,168.8422605604529
evt_inv_008342_0,cust_b2b_001,inv_008342,2026-04-02T00:57:39.667379+00:00,8103114,SEND_REMINDER,0.8500000000000001,0,9.257761977007906,0.07692307692307693,0.43009033150914056,0.0,1.0,-0.86741976313818,-0.497577083995338,22.0,154.92416750822727
evt_inv_001344_1,cust_b2b_032,inv_001344,2026-04-02T01:09:30.760832+00:00,5945677,OFFER_PAYMENT_PLAN,0.8500000000000001,0,22.562040652980937,0.14207650273224043,-0.23650244839989926,1.0,1.0,-0.8677055176402383,-0.4970786000791888,39.0,169.98320912393038
evt_inv_005648_0,cust_b2b_013,inv_005648,2026-04-02T01:25:49.680770+00:00,2228248,SEND_REMINDER,0.8500000000000001,0,3.5986616607313433,0.21341463414634146,-0.1925987949981995,0.0,1.0,-0.8680984301713377,-0.49639209858141287,35.0,165.75692617431105
evt_inv_005987_0,cust_b2b_010,inv_005987,2026-04-02T01:50:19.573880+00:00,4348866,SEND_REMINDER,0.8500000000000001,0,6.871972331780058,0.1693548387096774,1.2259078835124821,0.0,1.0,-0.8686873861864586,-0.49536070199455534,30.0,161.75015241424896
evt_inv_006997_0,cust_b2b_016,inv_006997,2026-04-02T01:51:43.675596+00:00,12149660,SEND_REMINDER,0.8500000000000001,0,7.92986975378783,0.2874251497005988,0.5564812786213069,0.0,1.0,-0.8687210469640338,-0.49530166824038946,36.0,157.76585401081982
evt_inv_003112_0,cust_b2b_038,inv_003112,2026-04-02T01:54:26.048122+00:00,4706008,ESCALATE_COLLECTIONS,0.05,0,3.8754218475648887,0.3076923076923077,0.22800429722266982,0.0,1.0,-0.8687860234141864,-0.4951876871653462,34.0,165.08149923128155
evt_inv_006297_0,cust_b2b_023,inv_006297,2026-04-02T01:55:55.401457+00:00,2892811,SEND_REMINDER,0.8500000000000001,0,8.016073615396333,0.41843971631205673,0.7123857759930371,0.0,1.0,-0.868821773469105,-0.49512495993031813,27.0,155.37354675802206
evt_inv_004448_0,cust_b2b_031,inv_004448,2026-04-02T01:57:45.193709+00:00,18864623,SEND_REMINDER,0.8500000000000001,0,8.773073544513133,0.3488372093023256,0.9245379143646231,0.0,1.0,-0.8688656948843433,-0.4950478807682619,30.0,163.42041513084556
evt_inv_002308_1,cust_b2b_029,inv_002308,2026-04-02T02:29:17.406877+00:00,5378304,WRITE_OFF,0.05,0,22.333693697216617,0.2231404958677686,-0.0981774412560428,1.0,1.0,-0.8696215831625312,-0.4937188492430613,25.0,166.16877902710598
evt_inv_001741_0,cust_b2b_028,inv_001741,2026-04-02T02:40:08.190875+00:00,6649164,SEND_REMINDER,0.8500000000000001,0,6.7631297534030015,0.36496350364963503,0.732336574177168,0.0,1.0,-0.8698810841402944,-0.49326149196435964,29.0,151.90901634712262
evt_inv_004683_0,cust_b2b_013,inv_004683,2026-04-02T02:51:07.989013+00:00,3380768,SEND_REMINDER,0.8500000000000001,0,6.935940348198216,0.21212121212121213,1.0008619878828078,0.0,1.0,-0.870143933961398,-0.4927976604958492,36.0,165.81616585306062
evt_inv_004105_0,cust_b2b_013,inv_004105,2026-04-02T02:53:19.090033+00:00,2969805,SEND_REMINDER,0.8500000000000001,1,3.4070192629088805,0.21084337349397592,0.5753000961115436,0.0,1.0,-0.870196132422938,-0.49270548111032875,37.0,165.81768322597108
evt_inv_002297_0,cust_b2b_013,inv_002297,2026-04-02T03:17:07.570322+00:00,2416720,SEND_REMINDER,0.8500000000000001,0,7.310588482907269,0.2155688622754491,0.0025688010044739554,0.0,1.0,-0.8707642552875098,-0.4917007338957188,37.0,165.834216562654
evt_inv_006790_0,cust_b2b_037,inv_006790,2026-04-02T03:17:18.181976+00:00,2294916,SEND_REMINDER,0.8500000000000001,0,6.733243915332941,0.2689655172413793,-0.5195495544782122,0.0,1.0,-0.870768471322909,-0.49169326754590026,34.0,162.35068511370605
evt_inv_002809_0,cust_b2b_005,inv_002809,2026-04-02T03:23:50.809033+00:00,6598022,SEND_REMINDER,0.8500000000000001,1,5.932974987107302,0.25,-0.37803660993297133,0.0,1.0,-0.8709244179826202,-0.49141699010273776,27.0,162.48131800131412
evt_inv_001210_0,cust_b2b_027,inv_001210,2026-04-02T03:29:29.739421+00:00,2733821,SEND_REMINDER,0.8500000000000001,0,8.25760535475225,0.19480519480519481,-0.04288414479600051,0.0,1.0,-0.8710589664883476,-0.4911784572843681,32.0,155.2272611204219
evt_inv_005308_0,cust_b2b_010,inv_005308,2026-04-02T03:31:24.477202+00:00,4010359,SEND_REMINDER,0.8500000000000001,0,6.415109618511082,0.168,0.9358906067445434,0.0,1.0,-0.8711045002649686,-0.49109769864877123,31.0,161.8203480545557
evt_inv_002514_0,cust_b2b_032,inv_002514,2026-04-02T04:02:32.714511+00:00,6643338,SEND_REMINDER,0.8500000000000001,0,4.118712156177273,0.14130434782608695,0.029094292995831706,0.0,1.0,-0.8718448578863032,-0.4897821390957533,40.0,170.10337062484408
evt_inv_001276_0,cust_b2b_013,inv_001276,2026-04-02T04:14:03.911851+00:00,2037454,SEND_REMINDER,0.8500000000000001,0,7.589844249338805,0.21428571428571427,-0.39016987388497965,0.0,1.0,-0.8721182667941205,-0.4892951345803669,38.0,165.87375755256514
evt_inv_007063_1,cust_b2b_027,inv_007063,2026-04-02T04:19:02.264233+00:00,2736913,ESCALATE_COLLECTIONS,0.05,0,17.766366724362396,0.1935483870967742,-0.0401044317309779,1.0,1.0,-0.8722361985332451,-0.48908487399251427,33.0,155.26166534278818
evt_inv_002504_1,cust_b2b_037,inv_002504,2026-04-02T04:21:14.151584+00:00,3203856,OFFER_PAYMENT_PLAN,0.8500000000000001,1,17.468769073117816,0.2671232876712329,0.2648409853300698,1.0,1.0,-0.8722883143705974,-0.48899191875991355,35.0,162.39508291009065
evt_inv_008752_1,cust_b2b_017,inv_008752,2026-04-02T04:28:13.698070+00:00,8303356,OFFER_PAYMENT_PLAN,0.8500000000000001,1,24.73260856002851,0.3108108108108108,0.6816198519579518,1.0,1.0,-0.8724540340341104,-0.4886961822007692,25.0,166.70153222236897
evt_inv_001224_0,cust_b2b_033,inv_001224,2026-04-02T04:47:07.329817+00:00,4283638,OFFER_PAYMENT_PLAN,0.05,0,5.685741699715669,0.18181818181818182,-0.044337856854811834,0.0,1.0,-0.872901313802282,-0.4878968091330891,23.0,151.3477634285504
evt_inv_005783_1,cust_b2b_029,inv_005783,2026-04-02T05:13:52.893735+00:00,8082520,WRITE_OFF,0.05,1,21.5753958443113,0.22131147540983606,1.1094611007828048,1.0,1.0,-0.8735335433152607,-0.48676395583802795,25.0,166.28307864352368
evt_inv_006880_0,cust_b2b_019,inv_006880,2026-04-02T05:13:54.652043+00:00,2712098,ESCALATE_COLLECTIONS,0.05,1,3.9400414717096144,0.421875,-0.5096390670883497,0.0,1.0,-0.8735342348854143,-0.4867627147627003,24.0,164.15622645379278
evt_inv_003561_1,cust_b2b_002,inv_003561,2026-04-02T05:24:37.099593+00:00,3070510,OFFER_PAYMENT_PLAN,0.8500000000000001,1,16.59265277569705,0.1619718309859155,-0.4809186618861039,1.0,1.0,-0.8737868016728799,-0.48630918685778407,31.0,164.80102410516534
evt_inv_007645_0,cust_b2b_004,inv_007645,2026-04-02T05:26:44.536782+00:00,4422507,SEND_REMINDER,0.8500000000000001,0,7.384655240047387,0.19310344827586207,1.0242385412457684,0.0,1.0,-0.8738368733448886,-0.486219208570403,33.0,166.53620856232286
evt_inv_005184_0,cust_b2b_028,inv_005184,2026-04-02T05:40:36.541238+00:00,3136701,SEND_REMINDER,0.8500000000000001,1,5.046800392223621,0.36231884057971014,-0.9751657955191898,0.0,1.0,-0.874163550606458,-0.48563163693391154,30.0,152.03434447633165
evt_inv_002559_0,cust_b2b_024,inv_002559,2026-04-02T05:53:41.789949+00:00,5268211,SEND_REMINDER,0.8500000000000001,0,3.5493358141369304,0.16447368421052633,0.39620199501027553,0.0,1.0,-0.8744715073433014,-0.4850768834367749,34.0,160.463576624281
evt_inv_005464_0,cust_b2b_002,inv_005464,2026-04-02T05:56:28.783986+00:00,3577677,SEND_REMINDER,0.8500000000000001,0,8.587638499660365,0.16783216783216784,-0.14741986397509066,0.0,1.0,-0.8745369532263644,-0.48495888221739775,32.0,164.82315008193336
evt_inv_006052_0,cust_b2b_030,inv_006052,2026-04-02T06:08:52.128436+00:00,2642300,SEND_REMINDER,0.8500000000000001,0,2.7557085985591057,0.3287671232876712,0.2835108354079041,0.0,1.0,-0.8748280808032617,-0.48443351353728814,26.0,170.10292796199835
evt_inv_007409_0,cust_b2b_034,inv_007409,2026-04-02T06:10:27.424955+00:00,8657410,SEND_REMINDER,0.8500000000000001,0,7.977197230907164,0.5042016806722689,1.6613961601345497,0.0,1.0,-0.8748653804431344,-0.4843661487987054,21.0,152.18061615250508
evt_inv_000451_1,cust_b2b_017,inv_000451,2026-04-02T06:30:48.512090+00:00,7742476,WRITE_OFF,0.05,0,19.907482814749173,0.31543624161073824,0.46670593356324963,1.0,1.0,-0.8753428622509298,-0.48350271302894426,26.0,166.7866573846346
evt_inv_007771_0,cust_b2b_022,inv_007771,2026-04-02T06:32:50.253108+00:00,1650882,ESCALATE_COLLECTIONS,0.05,1,8.30043524314257,0.248,-0.3095355917501866,0.0,1.0,-0.8753904199448861,-0.4834166036336733,25.0,158.82277809383172
evt_inv_000703_0,cust_b2b_034,inv_000703,2026-04-02T06:36:04.982541+00:00,2937687,SEND_REMINDER,0.8500000000000001,1,6.20252430086587,0.5,-1.0879287549397105,0.0,1.0,-0.8754664726910943,-0.4832788586249281,22.0,152.19841195789448
evt_inv_008517_0,cust_b2b_032,inv_008517,2026-04-02T07:02:57.426089+00:00,5965281,SEND_REMINDER,0.8500000000000001,0,5.010820941853038,0.14054054054054055,-0.22903960081490135,0.0,1.0,-0.8760953891994255,-0.4821378112360687,40.0,170.22865663848512
evt_inv_007921_0,cust_b2b_034,inv_007921,2026-04-02T07:22:47.050898+00:00,6173278,SEND_REMINDER,0.8500000000000001,1,6.999198987977811,0.5041322314049587,0.467337142446367,0.0,1.0,-0.8765584364406688,-0.4812954472096013,23.0,152.2308433046172
evt_inv_007275_0,cust_b2b_028,inv_007275,2026-04-02T07:59:01.974070+00:00,4193595,SEND_REMINDER,0.8500000000000001,0,1.5499182620929162,0.3669064748201439,-0.46138111679908356,0.0,1.0,-0.8774029050292755,-0.47975425193132804,31.0,152.13047217113936
evt_inv_002583_0,cust_b2b_032,inv_002583,2026-04-02T08:20:52.547196+00:00,9290814,ESCALATE_COLLECTIONS,0.05,1,5.412728152194756,0.13978494623655913,1.0369788978610266,0.0,1.0,-0.8779104597489601,-0.47882483714127594,41.0,170.28276683647846
evt_inv_005754_1,cust_b2b_027,inv_005754,2026-04-02T08:31:40.104569+00:00,2734109,SEND_REMINDER,0.05,0,18.723193250414987,0.19230769230769232,-0.04262486267584486,1.0,1.0,-0.8781608804054728,-0.4783654127604595,32.0,155.4371033096448
evt_inv_002285_0,cust_b2b_030,inv_002285,2026-04-02T08:51:46.241793+00:00,2446295,SEND_REMINDER,0.8500000000000001,0,7.728420734217021,0.32653061224489793,0.07703098339625185,0.0,1.0,-0.878626671700283,-0.47750934208335977,27.0,170.21605427400027
evt_inv_005999_0,cust_b2b_037,inv_005999,2026-04-02T08:58:01.071994+00:00,2519845,SEND_REMINDER,0.8500000000000001,0,1.69242509886134,0.272108843537415,-0.32544192501178865,0.0,1.0,-0.8787712552979864,-0.4772432093408991,35.0,162.58729263705723
evt_inv_006764_1,cust_b2b_002,inv_006764,2026-04-02T09:15:59.169802+00:00,3380568,OFFER_PAYMENT_PLAN,0.8500000000000001,0,24.406800186031184,0.16666666666666666,-0.2770333922987973,1.0,1.0,-0.8791866615491161,-0.4764775064513749,33.0,164.96169621406708
evt_inv_008610_0,cust_b2b_023,inv_008610,2026-04-02T09:20:33.287045+00:00,2446952,SEND_REMINDER,0.8500000000000001,1,2.848146541747651,0.4154929577464789,0.21727247588438695,0.0,1.0,-0.8792921764059537,-0.47628276108975565,26.0,155.68231858195432
evt_inv_001382_0,cust_b2b_016,inv_001382,2026-04-02T09:39:06.148112+00:00,10920753,ESCALATE_COLLECTIONS,0.05,0,1.6603173431219298,0.2857142857142857,0.24732600545105596,0.0,1.0,-0.8797201024660438,-0.47549189406038594,36.0,158.09041966494775
evt_inv_007366_0,cust_b2b_019,inv_007366,2026-04-02T09:50:46.016126+00:00,5074243,OFFER_PAYMENT_PLAN,0.05,0,5.45391568456927,0.4263565891472868,1.223897709513153,0.0,1.0,-0.8799888568786255,-0.4749943281445052,24.0,164.34848761216486
evt_inv_004199_0,cust_b2b_024,inv_004199,2026-04-02T09:57:24.184469+00:00,4585934,SEND_REMINDER,0.8500000000000001,0,3.385335223279837,0.16339869281045752,0.021119789036540066,0.0,1.0,-0.8801416308300379,-0.4747111855432113,33.0,160.632817301593
evt_inv_006047_0,cust_b2b_032,inv_006047,2026-04-02T10:02:41.430324+00:00,6783907,SEND_REMINDER,0.8500000000000001,0,4.134352672582478,0.1443850267379679,0.08260845760389372,0.0,1.0,-0.8802632902710141,-0.4744855527845377,41.0,170.35347150230925
evt_inv_001277_1,cust_b2b_030,inv_001277,2026-04-02T10:17:46.477110+00:00,1770136,SEND_REMINDER,0.05,1,22.084238560462623,0.32432432432432434,-0.6352638569978781,1.0,1.0,-0.880610045403286,-0.4738416907943227,28.0,170.27577921979483
evt_inv_006632_0,cust_b2b_001,inv_006632,2026-04-02T10:37:34.392979+00:00,5718223,SEND_REMINDER,0.8500000000000001,0,5.0949639359691705,0.07633587786259542,-0.43228747131968065,0.0,1.0,-0.8810644628226479,-0.47299620754403393,23.0,155.3268842397073
evt_inv_003844_0,cust_b2b_031,inv_003844,2026-04-02T10:40:22.185186+00:00,9047911,SEND_REMINDER,0.8500000000000001,1,5.436603607309435,0.34615384615384615,-0.8575121889703433,0.0,1.0,-0.8811285835169282,-0.4728767485396713,31.0,163.78334327293814
evt_inv_003879_0,cust_b2b_012,inv_003879,2026-04-02T10:44:31.187460+00:00,3738359,SEND_REMINDER,0.8500000000000001,1,2.2696586034729345,0.49624060150375937,-0.06479689964373642,0.0,1.0,-0.8812237082543835,-0.4726994563254683,32.0,165.4019330681084
evt_inv_006230_0,cust_b2b_006,inv_006230,2026-04-02T10:46:43.900202+00:00,6563313,SEND_REMINDER,0.8500000000000001,0,9.642843391818248,0.3150684931506849,0.455335506465124,0.0,1.0,-0.8812743930765197,-0.47260495565282845,32.0,165.57759527248572
evt_inv_002186_0,cust_b2b_013,inv_002186,2026-04-02T11:20:35.240141+00:00,1253483,OFFER_PAYMENT_PLAN,0.05,1,4.372351313756505,0.21301775147928995,-1.201990039824054,0.0,1.0,-0.8820489247294468,-0.4711578232223536,39.0,166.16995348184795
evt_inv_003899_0,cust_b2b_017,inv_003899,2026-04-02T11:21:14.201298+00:00,4430490,SEND_REMINDER,0.8500000000000001,0,1.4554405813046474,0.31333333333333335,-0.8023567889532619,0.0,1.0,-0.8820637570489342,-0.47113005476271486,26.0,166.98834360231905
evt_inv_007113_1,cust_b2b_002,inv_007113,2026-04-02T11:44:09.025285+00:00,4100096,OFFER_PAYMENT_PLAN,0.8500000000000001,0,18.623983705849145,0.16551724137931034,0.1961086102316692,1.0,1.0,-0.8825865859319724,-0.47014988921932677,34.0,165.06458805993537
evt_inv_008414_0,cust_b2b_015,inv_008414,2026-04-02T11:48:57.096487+00:00,10044051,SEND_REMINDER,0.8500000000000001,0,9.884466274469919,0.17985611510791366,0.10983492811668415,0.0,1.0,-0.882695997917629,-0.46994443848204126,31.0,163.61932861886027
evt_inv_001010_0,cust_b2b_029,inv_001010,2026-04-02T12:03:59.624376+00:00,4642460,SEND_REMINDER,0.8500000000000001,0,1.417345156303785,0.22764227642276422,-0.4267876186646098,0.0,1.0,-0.8830384763117485,-0.4693005959436081,25.0,166.56787876667818
evt_inv_000763_0,cust_b2b_022,inv_000763,2026-04-02T12:29:18.070950+00:00,1546663,OFFER_PAYMENT_PLAN,0.05,1,1.8241303768203903,0.25396825396825395,-0.44781748623832174,0.0,1.0,-0.8836136149303755,-0.46821680823062517,23.0,159.0703222818132
evt_inv_006928_1,cust_b2b_005,inv_006928,2026-04-02T12:45:28.217732+00:00,8382191,OFFER_PAYMENT_PLAN,0.8500000000000001,0,20.71877106130129,0.2550335570469799,0.1957626928674493,1.0,1.0,-0.8839803788958316,-0.46752399909221987,27.0,162.8713343056918
evt_inv_003278_0,cust_b2b_023,inv_003278,2026-04-02T13:05:45.689086+00:00,2516067,SEND_REMINDER,0.8500000000000001,0,8.124605796271922,0.4195804195804196,0.2940225496136166,0.0,1.0,-0.8844398753005356,-0.4666541620711992,26.0,155.8387121240983
evt_inv_004717_0,cust_b2b_027,inv_004717,2026-04-02T13:20:21.479748+00:00,3661949,OFFER_PAYMENT_PLAN,0.05,0,3.9459498666357242,0.1910828025477707,0.7913032254882787,0.0,1.0,-0.8847698857534136,-0.46602816359517524,32.0,155.63758218902277
evt_inv_001767_0,cust_b2b_034,inv_001767,2026-04-02T13:29:04.518846+00:00,5052347,SEND_REMINDER,0.8500000000000001,1,6.412071513849067,0.5081967213114754,-0.07146585462095145,0.0,1.0,-0.8849667630573889,-0.46565419388611473,24.0,152.4852121466099
evt_inv_006264_0,cust_b2b_010,inv_006264,2026-04-02T13:41:56.879659+00:00,2962595,SEND_REMINDER,0.8500000000000001,0,7.212534122326543,0.16666666666666666,0.038214712627620426,0.0,1.0,-0.8852571985655076,-0.46510180862683115,32.0,162.2443341940955
evt_inv_007360_1,cust_b2b_007,inv_007360,2026-04-02T13:45:33.252889+00:00,4095896,OFFER_PAYMENT_PLAN,0.8500000000000001,1,21.82363470848464,0.31097560975609756,-0.10842192833707175,1.0,1.0,-0.885338500879188,-0.46494702801608706,30.0,169.37461123413308
evt_inv_008253_1,cust_b2b_031,inv_008253,2026-04-02T15:25:15.317022+00:00,13290235,OFFER_PAYMENT_PLAN,0.8500000000000001,0,22.42567696496932,0.3511450381679389,-0.08739343073877172,1.0,1.0,-0.8875755380872401,-0.4606622018237944,32.0,163.98118044696426
evt_inv_002780_1,cust_b2b_027,inv_002780,2026-04-02T15:52:34.906548+00:00,2738080,OFFER_PAYMENT_PLAN,0.8500000000000001,0,19.345816740791857,0.189873417721519,-0.03905572657864197,1.0,1.0,-0.888185056123361,-0.45948591499538055,33.0,155.74329314735834
evt_inv_006906_0,cust_b2b_024,inv_006906,2026-04-02T16:08:25.686822+00:00,4794288,SEND_REMINDER,0.8500000000000001,0,2.571999783313458,0.16233766233766234,0.13566260541569114,0.0,1.0,-0.8885377950182695,-0.4588034293944104,34.0,160.89047357883123
evt_inv_008068_0,cust_b2b_007,inv_008068,2026-04-02T16:29:08.848504+00:00,3476435,SEND_REMINDER,0.8500000000000001,0,2.206270774921566,0.3151515151515151,-0.47012255232049405,0.0,1.0,-0.8889982160761681,-0.45791065920481766,31.0,169.4882176648581
evt_inv_003460_0,cust_b2b_015,inv_003460,2026-04-02T16:33:27.143454+00:00,11739285,SEND_REMINDER,0.8500000000000001,0,2.0356104909554333,0.17857142857142858,0.5503226701185416,0.0,1.0,-0.8890937664272094,-0.45772510800728294,31.0,163.81689860689735
evt_inv_008186_1,cust_b2b_001,inv_008186,2026-04-02T16:35:57.283626+00:00,7648907,OFFER_PAYMENT_PLAN,0.8500000000000001,0,24.90397072634974,0.07575757575757576,0.2658486725477937,1.0,1.0,-0.8891492895761053,-0.4576172427327311,24.0,155.57576028886666
evt_inv_003260_1,cust_b2b_009,inv_003260,2026-04-02T17:05:41.537526+00:00,6401724,OFFER_PAYMENT_PLAN,0.8500000000000001,0,23.46044897461442,0.1830065359477124,0.22830867958283846,1.0,1.0,-0.8898081202174511,-0.45633486519779093,31.0,160.61274426168586
evt_inv_001715_1,cust_b2b_003,inv_001715,2026-04-02T17:17:59.595092+00:00,6111754,OFFER_PAYMENT_PLAN,0.8500000000000001,0,22.373195751112302,0.17834394904458598,0.6888599855904263,1.0,1.0,-0.8900801051802636,-0.45580413157659166,23.0,157.6491452583523
evt_inv_007701_1,cust_b2b_003,inv_007701,2026-04-02T17:29:44.465133+00:00,4269976,OFFER_PAYMENT_PLAN,0.8500000000000001,0,18.49466966896303,0.17721518987341772,-0.2721037608894543,1.0,1.0,-0.8903395645290068,-0.4552971116032898,24.0,157.657303476414
evt_inv_004844_0,cust_b2b_016,inv_004844,2026-04-02T17:32:51.317348+00:00,11329157,WRITE_OFF,0.05,0,3.644367894878057,0.28402366863905326,0.35006795025159126,0.0,1.0,-0.8904082955261058,-0.4551626821898902,35.0,158.41941467924573
evt_inv_002305_0,cust_b2b_006,inv_002305,2026-04-02T17:38:54.887262+00:00,5823686,SEND_REMINDER,0.8500000000000001,1,1.1891038374909768,0.3129251700680272,0.1222956790622054,0.0,1.0,-0.8905419715088398,-0.45490108483180025,32.0,165.86383354864452
evt_inv_000602_1,cust_b2b_030,inv_000602,2026-04-02T17:39:04.372822+00:00,1841057,OFFER_PAYMENT_PLAN,0.8500000000000001,0,17.679886231342568,0.3288590604026846,-0.5605523584730441,1.0,1.0,-0.8905454580943608,-0.4548942592158149,29.0,170.58223634609962
evt_inv_001795_1,cust_b2b_024,inv_001795,2026-04-02T17:40:24.603482+00:00,5259960,OFFER_PAYMENT_PLAN,0.8500000000000001,1,20.190081657538624,0.16129032258064516,0.3916658286466563,1.0,1.0,-0.890574946200265,-0.4548365257984401,35.0,160.95434992906465
evt_inv_003794_0,cust_b2b_028,inv_003794,2026-04-02T17:54:49.557106+00:00,4663740,SEND_REMINDER,0.8500000000000001,0,5.450901306235173,0.36428571428571427,-0.2328310061085059,0.0,1.0,-0.8908926149386739,-0.4542139899295614,30.0,152.54421734516896
evt_inv_000809_1,cust_b2b_020,inv_000809,2026-04-02T18:15:35.551226+00:00,5014829,OFFER_PAYMENT_PLAN,0.8500000000000001,1,18.765998976163864,0.41333333333333333,-0.16172300524598188,1.0,1.0,-0.8913494622009898,-0.4533168166238776,28.0,153.95325194864714
evt_inv_004949_0,cust_b2b_006,inv_004949,2026-04-02T18:37:20.625483+00:00,7037707,SEND_REMINDER,0.8500000000000001,1,7.144787360419583,0.31756756756756754,0.6689463780435875,0.0,1.0,-0.8918270025800457,-0.45237661021442216,33.0,165.90440922249374
evt_inv_003447_1,cust_b2b_013,inv_003447,2026-04-02T19:00:06.516725+00:00,2583638,OFFER_PAYMENT_PLAN,0.8500000000000001,0,24.995718979294757,0.21764705882352942,0.17541566658640076,1.0,1.0,-0.8923257343830335,-0.4513920510573707,40.0,166.48906547934703
evt_inv_006845_1,cust_b2b_005,inv_006845,2026-04-02T19:04:11.962649+00:00,6707321,OFFER_PAYMENT_PLAN,0.8500000000000001,1,24.116283008762046,0.25333333333333335,-0.3428853550292852,1.0,1.0,-0.8924152395697792,-0.4512150708737614,28.0,163.13434061260517
evt_inv_008497_0,cust_b2b_036,inv_008497,2026-04-02T19:04:53.866950+00:00,3329599,SEND_REMINDER,0.8500000000000001,0,7.3218815345702,0.2974683544303797,-0.2745745770222638,0.0,1.0,-0.8924305170337465,-0.45118485376492845,21.0,167.24892724021228
evt_inv_008468_0,cust_b2b_037,inv_008468,2026-04-02T19:14:00.360239+00:00,4312328,SEND_REMINDER,0.8500000000000001,1,6.920773231107493,0.2702702702702703,1.2214215060844495,0.0,1.0,-0.8926296637928638,-0.45079073117915697,34.0,163.01506217693046
evt_inv_002675_1,cust_b2b_028,inv_002675,2026-04-02T19:14:48.186578+00:00,3797909,OFFER_PAYMENT_PLAN,0.8500000000000001,1,24.01601176928626,0.3617021276595745,-0.6537348616427371,1.0,1.0,-0.8926470838316811,-0.450756235372064,31.0,152.59975703813583
evt_inv_006484_0,cust_b2b_021,inv_006484,2026-04-02T19:46:08.918601+00:00,11318370,OFFER_PAYMENT_PLAN,0.05,0,2.018953265777625,0.36551724137931035,0.5874427605022463,0.0,1.0,-0.8933310555171083,-0.4493991825189372,28.0,164.8292491742162
evt_inv_002253_1,cust_b2b_025,inv_002253,2026-04-02T19:50:41.342235+00:00,8791122,OFFER_PAYMENT_PLAN,0.8500000000000001,0,23.355569903992706,0.23243243243243245,-0.33286886814905897,1.0,1.0,-0.8934299576470602,-0.44920252757389073,33.0,163.94537507939353
evt_inv_000523_0,cust_b2b_011,inv_000523,2026-04-02T20:12:09.005537+00:00,1743269,SEND_REMINDER,0.8500000000000001,1,3.452839564683843,0.38686131386861317,0.1656553808344444,0.0,1.0,-0.8938968518169739,-0.4482727052941135,23.0,165.6387391412204
evt_inv_007090_0,cust_b2b_001,inv_007090,2026-04-02T20:30:41.530140+00:00,8755327,SEND_REMINDER,0.8500000000000001,0,1.6003736243160724,0.07518796992481203,0.6659309639984148,0.0,1.0,-0.8942994632001763,-0.44746895995127584,25.0,155.7387724012873
evt_inv_000202_0,cust_b2b_031,inv_000202,2026-04-02T20:34:20.044861+00:00,16413575,SEND_REMINDER,0.8500000000000001,0,1.9036704069437915,0.3484848484848485,0.47959353657042425,0.0,1.0,-0.8943784565617253,-0.44731105110232416,33.0,164.19581850065353
evt_inv_004062_0,cust_b2b_022,inv_004062,2026-04-02T20:42:36.018480+00:00,1613630,SEND_REMINDER,0.8500000000000001,0,2.769122357351831,0.25984251968503935,-0.35896336244585497,0.0,1.0,-0.8945576482146296,-0.4469525858754046,24.0,159.41289111896913
evt_inv_006605_0,cust_b2b_030,inv_006605,2026-04-02T21:00:14.200059+00:00,2005318,SEND_REMINDER,0.8500000000000001,1,5.541707363853888,0.32666666666666666,-0.3875123414402879,0.0,1.0,-0.8949394812039891,-0.4461875446293125,30.0,170.7219334205944
evt_inv_003084_0,cust_b2b_002,inv_003084,2026-04-02T21:17:47.197054+00:00,4382377,SEND_REMINDER,0.8500000000000001,0,3.619146961817192,0.1643835616438356,0.38172864454083416,0.0,1.0,-0.8953187939189471,-0.4454259279111645,33.0,165.4629465294756
evt_inv_005165_0,cust_b2b_014,inv_005165,2026-04-02T21:20:43.767576+00:00,12972736,ESCALATE_COLLECTIONS,0.05,1,5.987371646739054,0.24603174603174602,0.5597450328423019,0.0,1.0,-0.8953823350632939,-0.4452981855527857,31.0,169.12829803852256
evt_inv_004439_0,cust_b2b_001,inv_004439,2026-04-02T21:31:11.736321+00:00,5569487,SEND_REMINDER,0.8500000000000001,0,4.417997685433369,0.07462686567164178,-0.48607073950248386,0.0,1.0,-0.8956081699044881,-0.4448437995525323,26.0,155.78078867653082
evt_inv_000382_0,cust_b2b_022,inv_000382,2026-04-02T21:42:38.270846+00:00,1516889,SEND_REMINDER,0.8500000000000001,0,3.3091769154675736,0.2578125,-0.4873230242780138,0.0,1.0,-0.8958548027586941,-0.44434690544008665,25.0,159.4545838546899
evt_inv_001640_1,cust_b2b_037,inv_001640,2026-04-02T21:43:10.521021+00:00,4596120,OFFER_PAYMENT_PLAN,0.8500000000000001,1,24.671271788084077,0.2751677852348993,1.4663265517501647,1.0,1.0,-0.8958663816355185,-0.4443235603198232,34.0,163.11865200079532
evt_inv_005411_0,cust_b2b_030,inv_005411,2026-04-02T22:09:48.508646+00:00,2271732,SEND_REMINDER,0.8500000000000001,0,3.543946337605399,0.33112582781456956,-0.10686044851986322,0.0,1.0,-0.8964393498900973,-0.44316643822453405,31.0,170.7702471773899
evt_inv_004536_0,cust_b2b_028,inv_004536,2026-04-02T23:03:02.613587+00:00,5709992,SEND_REMINDER,0.8500000000000001,0,9.869098017895377,0.36619718309859156,0.27578008999451026,0.0,1.0,-0.8975801355136377,-0.4408513358620112,31.0,152.75825735073434
evt_inv_002345_1,cust_b2b_006,inv_002345,2026-04-02T23:05:24.299939+00:00,5827667,OFFER_PAYMENT_PLAN,0.8500000000000001,0,18.895599172408883,0.3221476510067114,0.12408834749352403,1.0,1.0,-0.8976306008506946,-0.440748572789999,32.0,166.09056286203784
evt_inv_001074_0,cust_b2b_029,inv_001074,2026-04-02T23:05:54.527747+00:00,3737920,WRITE_OFF,0.05,0,2.049923559162081,0.22580645161290322,-0.8307337079213006,0.0,1.0,-0.8976413657601673,-0.44072664824834623,26.0,167.02754200013933
evt_inv_000232_0,cust_b2b_008,inv_000232,2026-04-02T23:07:54.289542+00:00,9974105,SEND_REMINDER,0.8500000000000001,0,8.843027300199616,0.29457364341085274,0.5898775647546664,0.0,1.0,-0.8976840107898308,-0.4406397811958004,25.0,155.13255378936856
evt_inv_004025_0,cust_b2b_009,inv_004025,2026-04-02T23:32:00.642673+00:00,4755150,SEND_REMINDER,0.8500000000000001,1,5.0828290473476665,0.18181818181818182,-0.47343376411895605,0.0,1.0,-0.8981983673116316,-0.4395903695017889,31.0,160.88102094162946
evt_inv_006125_0,cust_b2b_023,inv_006125,2026-04-03T00:19:24.452184+00:00,2281284,SEND_REMINDER,0.8500000000000001,0,4.097883149162928,0.4166666666666667,0.033302106233783886,0.0,1.0,-0.8992061135159405,-0.4375252740306067,26.0,156.3065218821812
evt_inv_003622_0,cust_b2b_034,inv_003622,2026-04-03T00:27:02.835922+00:00,6217010,SEND_REMINDER,0.8500000000000001,0,5.121400215365764,0.5121951219512195,0.48835810846817646,0.0,1.0,-0.8993681044188333,-0.4371921920095036,25.0,152.94213711276788
evt_inv_007342_1,cust_b2b_004,inv_007342,2026-04-03T00:34:42.163740+00:00,3857905,OFFER_PAYMENT_PLAN,0.8500000000000001,0,20.827790964009097,0.1917808219178082,0.5743144979996181,1.0,1.0,-0.8995303051946123,-0.43685836381656656,34.0,167.33340331878162
evt_inv_000599_0,cust_b2b_035,inv_000599,2026-04-03T00:40:11.653315+00:00,4780647,SEND_REMINDER,0.8500000000000001,1,1.7742008553807442,0.3522012578616352,-0.2408477605532978,0.0,1.0,-0.8996465803389727,-0.43661886180557097,25.0,169.83893812025104
evt_inv_006507_0,cust_b2b_003,inv_006507,2026-04-03T00:42:52.705859+00:00,5154570,SEND_REMINDER,0.8500000000000001,0,2.2261651893033623,0.1761006289308176,0.18944071260790737,0.0,1.0,-0.8997033917359206,-0.4365017833856817,24.0,157.95809329963615
evt_inv_002760_1,cust_b2b_021,inv_002760,2026-04-03T00:57:47.465206+00:00,9402167,OFFER_PAYMENT_PLAN,0.8500000000000001,0,17.717894839528373,0.363013698630137,0.06473800662077396,1.0,1.0,-0.900018741225727,-0.4358511964449081,29.0,165.04566753770186
evt_inv_004268_0,cust_b2b_000,inv_004268,2026-04-03T01:35:45.742163+00:00,4396770,SEND_REMINDER,0.8500000000000001,1,7.257659009156845,0.35877862595419846,-0.2572743036904978,0.0,1.0,-0.9008195740806807,-0.4341936145927309,32.0,162.71463859936594
evt_inv_004051_0,cust_b2b_030,inv_004051,2026-04-03T01:40:38.670915+00:00,2360315,SEND_REMINDER,0.8500000000000001,1,7.88131788440992,0.32894736842105265,-0.013544110973673109,0.0,1.0,-0.9009223194834934,-0.4339803846448386,32.0,170.91666109254137
evt_inv_007144_0,cust_b2b_039,inv_007144,2026-04-03T01:45:57.581073+00:00,11176952,SEND_REMINDER,0.8500000000000001,1,2.128575958530629,0.42857142857142855,0.06827563581104826,0.0,1.0,-0.9010341205349134,-0.4337482145575648,21.0,155.96938122628524
evt_inv_005640_0,cust_b2b_014,inv_005640,2026-04-03T02:01:45.022248+00:00,10308469,SEND_REMINDER,0.8500000000000001,0,8.30177356753884,0.25196850393700787,-0.0686479731856384,0.0,1.0,-0.9013659141788191,-0.43305829718016225,31.0,169.32345144908535
evt_inv_004307_0,cust_b2b_038,inv_004307,2026-04-03T02:06:19.135653+00:00,4803621,SEND_REMINDER,0.8500000000000001,0,5.696655890122541,0.3053435114503817,0.2845892543023106,0.0,1.0,-0.9014618100993224,-0.43285864313012534,28.0,166.08975255918838
evt_inv_003223_0,cust_b2b_018,inv_003223,2026-04-03T02:14:17.722433+00:00,2453157,SEND_REMINDER,0.8500000000000001,0,4.0326669028362545,0.5887096774193549,0.5131298308102031,0.0,1.0,-0.901629133037406,-0.4325100073503684,20.0,156.518582394349
evt_inv_005966_0,cust_b2b_018,inv_005966,2026-04-03T02:41:37.592819+00:00,2252389,SEND_REMINDER,0.8500000000000001,1,2.0698916531851506,0.584,0.26653295843772135,0.0,1.0,-0.9022014398832584,-0.4313149219219935,21.0,156.53756237567677
evt_inv_000825_0,cust_b2b_019,inv_000825,2026-04-03T02:46:24.452919+00:00,4684693,SEND_REMINDER,0.8500000000000001,0,4.074051032201874,0.4230769230769231,0.9380137039425548,0.0,1.0,-0.9023013899171091,-0.4311057895153497,24.0,165.05379359356493
evt_inv_007611_0,cust_b2b_005,inv_007611,2026-04-03T02:54:53.274970+00:00,6529275,ESCALATE_COLLECTIONS,0.05,0,4.233402017121282,0.2582781456953642,-0.4001459554179001,0.0,1.0,-0.9024785584078867,-0.4307347810590906,28.0,163.46120765336096
evt_inv_000584_1,cust_b2b_003,inv_000584,2026-04-03T02:57:33.195001+00:00,5026789,OFFER_PAYMENT_PLAN,0.8500000000000001,1,16.692350562285167,0.175,0.12277007896935065,1.0,1.0,-0.9025342100043316,-0.4306181600581389,25.0,158.0516174795209
evt_inv_003777_0,cust_b2b_033,inv_003777,2026-04-03T03:06:45.162354+00:00,3955170,SEND_REMINDER,0.8500000000000001,0,4.034879776307077,0.18055555555555555,-0.23263776568820965,0.0,1.0,-0.9027261768827527,-0.4302155849927442,24.0,152.27806241624583
evt_inv_006226_0,cust_b2b_036,inv_006226,2026-04-03T03:09:44.794732+00:00,3006614,OFFER_PAYMENT_PLAN,0.05,0,4.620753609199509,0.29559748427672955,-0.4904500974440349,0.0,1.0,-0.9027886118993846,-0.4300845524135716,20.0,167.58562779324848
evt_inv_006671_1,cust_b2b_023,inv_006671,2026-04-03T03:17:29.406770+00:00,2033790,OFFER_PAYMENT_PLAN,0.8500000000000001,0,22.66157284145314,0.41379310344827586,-0.241533175898319,1.0,1.0,-0.9029500093812394,-0.4297455998127494,27.0,156.4301903380322
evt_inv_001620_0,cust_b2b_011,inv_001620,2026-04-03T03:23:25.742504+00:00,2090054,WRITE_OFF,0.05,1,6.213903006230532,0.391304347826087,0.6959286990357368,0.0,1.0,-0.9030737074839034,-0.4294855979555977,24.0,165.93823841167708
evt_inv_007523_1,cust_b2b_036,inv_007523,2026-04-03T03:36:03.932992+00:00,3199881,OFFER_PAYMENT_PLAN,0.8500000000000001,1,20.70534382660852,0.29375,-0.36127483623959705,1.0,1.0,-0.9033366559919475,-0.42893226264911094,21.0,167.60390485644447
evt_inv_006224_1,cust_b2b_033,inv_006224,2026-04-03T03:42:12.912168+00:00,3649223,OFFER_PAYMENT_PLAN,0.8500000000000001,0,24.526805293421873,0.1793103448275862,-0.40802646701298145,1.0,1.0,-0.9034644992449181,-0.4286629195581645,25.0,152.3026891501947
evt_inv_002501_0,cust_b2b_013,inv_002501,2026-04-03T04:03:15.009404+00:00,2284446,OFFER_PAYMENT_PLAN,0.05,0,4.333267970913475,0.21637426900584794,-0.13440481461215092,0.0,1.0,-0.9039011812474964,-0.42774134069479497,41.0,166.86624710758096
evt_inv_005971_1,cust_b2b_019,inv_005971,2026-04-03T04:15:03.876526+00:00,4644426,OFFER_PAYMENT_PLAN,0.8500000000000001,0,24.238949446262836,0.4198473282442748,0.9084624136940321,1.0,1.0,-0.9041460349855036,-0.42722353331715307,25.0,165.1153609964201
evt_inv_000023_1,cust_b2b_027,inv_000023,2026-04-03T05:13:43.858166+00:00,3400588,OFFER_PAYMENT_PLAN,0.8500000000000001,1,22.8937713716289,0.18867924528301888,0.556395865654445,1.0,1.0,-0.9053574962882259,-0.4246502136049327,33.0,156.29964675405085
evt_inv_001348_0,cust_b2b_027,inv_001348,2026-04-03T05:18:20.142589+00:00,3174038,SEND_REMINDER,0.8500000000000001,0,9.347008865772427,0.19375,0.35277643662162844,0.0,1.0,-0.9054522743872218,-0.4244480872933783,34.0,156.30284449042276
evt_inv_005322_0,cust_b2b_009,inv_005322,2026-04-03T05:20:02.192655+00:00,4859414,SEND_REMINDER,0.8500000000000001,0,9.26682716613434,0.1870967741935484,-0.42899840232967934,0.0,1.0,-0.9054872707806755,-0.424373423359856,32.0,161.12270554790553
evt_inv_005089_0,cust_b2b_009,inv_005089,2026-04-03T05:26:43.722147+00:00,5979031,SEND_REMINDER,0.8500000000000001,1,5.574605043540242,0.1858974358974359,0.04816386644461391,0.0,1.0,-0.9056249089493297,-0.4240796202253985,33.0,161.12735287998495
evt_inv_004224_0,cust_b2b_003,inv_004224,2026-04-03T05:32:05.150494+00:00,5004457,SEND_REMINDER,0.8500000000000001,0,1.4973528507854854,0.18012422360248448,0.11111796544491505,0.0,1.0,-0.9057350209704138,-0.42384439572527555,26.0,158.1589317792074
evt_inv_008353_0,cust_b2b_023,inv_008353,2026-04-03T05:40:29.441872+00:00,2825555,SEND_REMINDER,0.8500000000000001,1,4.113839945744537,0.410958904109589,0.6376999784353466,0.0,1.0,-0.9059076534338873,-0.4234752926085627,28.0,156.52949629986986
evt_inv_007351_0,cust_b2b_024,inv_007351,2026-04-03T05:59:36.019452+00:00,5246516,SEND_REMINDER,0.8500000000000001,0,4.103859246038358,0.16666666666666666,0.38427494736587964,0.0,1.0,-0.9062995978645131,-0.4226358230328115,35.0,161.46767650278755
evt_inv_000037_0,cust_b2b_011,inv_000037,2026-04-03T06:05:07.824112+00:00,1951067,SEND_REMINDER,0.8500000000000001,0,8.99609206210518,0.39568345323741005,0.4834029193643129,0.0,1.0,-0.9064128763766275,-0.4223928237300542,23.0,166.05053102287567
evt_inv_002238_0,cust_b2b_016,inv_002238,2026-04-03T06:10:27.971127+00:00,9780910,SEND_REMINDER,0.8500000000000001,1,3.4564449285816834,0.2823529411764706,-0.03942337431927548,0.0,1.0,-0.9065221131946817,-0.42215833319863394,35.0,158.945533357243
evt_inv_000233_0,cust_b2b_027,inv_000233,2026-04-03T06:12:20.848958+00:00,2959429,SEND_REMINDER,0.8500000000000001,0,2.578193554260626,0.19254658385093168,0.159889222169739,0.0,1.0,-0.9065606135828433,-0.42207564949935045,35.0,156.3403526659953
evt_inv_004922_1,cust_b2b_024,inv_004922,2026-04-03T06:26:53.074947+00:00,5378702,OFFER_PAYMENT_PLAN,0.8500000000000001,0,23.51686276887553,0.16560509554140126,0.4569442556838524,1.0,1.0,-0.9068578582459457,-0.42143662030912354,36.0,161.48662390434876
evt_inv_005405_0,cust_b2b_003,inv_005405,2026-04-03T06:46:27.800793+00:00,4112289,SEND_REMINDER,0.8500000000000001,0,7.48388834066008,0.17901234567901234,-0.35437792847195004,0.0,1.0,-0.9072574795115179,-0.42057563632527234,27.0,158.21058282433827
evt_inv_006713_0,cust_b2b_021,inv_006713,2026-04-03T06:51:04.049111+00:00,7540585,SEND_REMINDER,0.8500000000000001,0,7.227497721870321,0.36054421768707484,-0.4430672990121417,0.0,1.0,-0.9073513356741233,-0.42037311242559805,30.0,165.2909983699336
evt_inv_000316_0,cust_b2b_001,inv_000316,2026-04-03T07:01:46.928977+00:00,7540862,SEND_REMINDER,0.8500000000000001,0,8.57402188683167,0.07407407407407407,0.22677957526245396,0.0,1.0,-0.9075695809297041,-0.4199017215624167,26.0,156.1770293322721
evt_inv_007361_1,cust_b2b_037,inv_007361,2026-04-03T07:03:43.520055+00:00,2748671,OFFER_PAYMENT_PLAN,0.8500000000000001,0,21.621415768665116,0.28,-0.12797183225170666,1.0,1.0,-0.9076091351086475,-0.41981621915706496,34.0,163.50792282295689
evt_inv_000336_0,cust_b2b_030,inv_000336,2026-04-03T07:07:03.613206+00:00,2872862,SEND_REMINDER,0.8500000000000001,0,5.2105337266666,0.3333333333333333,0.5263951757212935,0.0,1.0,-0.9076769990600236,-0.41966947158137424,33.0,171.14333866535853
evt_inv_001011_0,cust_b2b_038,inv_001011,2026-04-03T07:09:45.953481+00:00,4627848,SEND_REMINDER,0.8500000000000001,1,8.563420153530458,0.30303030303030304,0.18269606313756734,0.0,1.0,-0.9077320412442037,-0.4195504037641143,29.0,166.30047961738723
evt_inv_005375_0,cust_b2b_019,inv_005375,2026-04-03T07:20:38.202201+00:00,2184964,SEND_REMINDER,0.8500000000000001,1,5.173864948710057,0.4166666666666667,-0.8964936549274855,0.0,1.0,-0.9079530315872779,-0.41907194183274976,26.0,165.24423050654565
evt_inv_008540_0,cust_b2b_020,inv_008540,2026-04-03T07:44:16.568621+00:00,4948101,SEND_REMINDER,0.8500000000000001,0,8.002745964005065,0.41721854304635764,-0.1928362327407256,0.0,1.0,-0.9084327219822231,-0.4180310869205409,29.0,154.5148377981255
evt_inv_004375_0,cust_b2b_028,inv_004375,2026-04-03T07:44:34.149952+00:00,5095377,SEND_REMINDER,0.8500000000000001,0,1.6201569436055094,0.36363636363636365,-0.023001008813146744,0.0,1.0,-0.9084386604889207,-0.4180181815771838,30.0,153.12042791052374
evt_inv_004706_1,cust_b2b_026,inv_004706,2026-04-03T07:45:27.203485+00:00,4588636,OFFER_PAYMENT_PLAN,0.8500000000000001,0,23.187124779241117,0.33112582781456956,-0.09504446975502732,1.0,1.0,-0.9084565794517,-0.417979237822786,23.0,155.4597834920098
evt_inv_002200_0,cust_b2b_014,inv_002200,2026-04-03T07:47:47.360203+00:00,8489625,SEND_REMINDER,0.8500000000000001,0,9.419353431584204,0.25,-0.4976399453600751,0.0,1.0,-0.9085039097007438,-0.41787635259543315,30.0,169.56375628651946
evt_inv_004129_0,cust_b2b_000,inv_004129,2026-04-03T08:01:26.569213+00:00,5867933,OFFER_PAYMENT_PLAN,0.05,0,4.352069393591611,0.36363636363636365,0.4931435085701294,0.0,1.0,-0.9087803195325025,-0.41727488641230587,33.0,162.98247224577366
evt_inv_005206_0,cust_b2b_025,inv_005206,2026-04-03T08:07:39.649771+00:00,10054747,SEND_REMINDER,0.8500000000000001,0,7.64116457080755,0.23118279569892472,-0.021368034160482573,0.0,1.0,-0.908906068922214,-0.4170009087236712,31.0,164.45716104624913
evt_inv_001624_0,cust_b2b_027,inv_001624,2026-04-03T08:12:18.746387+00:00,3049088,SEND_REMINDER,0.8500000000000001,0,2.939067402747951,0.19135802469135801,0.24047350052475708,0.0,1.0,-0.9090000863649026,-0.416795924870433,36.0,156.42366166401095
evt_inv_001330_0,cust_b2b_038,inv_001330,2026-04-03T08:22:54.490826+00:00,4784337,SEND_REMINDER,0.8500000000000001,0,5.431409500918879,0.3082706766917293,0.27341040017833923,0.0,1.0,-0.9092140728212712,-0.41632892018661893,30.0,166.3512728736979
evt_inv_001506_0,cust_b2b_037,inv_001506,2026-04-03T08:36:15.203717+00:00,2192186,SEND_REMINDER,0.8500000000000001,0,5.3331718994497725,0.2781456953642384,-0.608203096222272,0.0,1.0,-0.9094832449304481,-0.41574057679132387,34.0,163.57217842089304
evt_inv_003383_0,cust_b2b_016,inv_003383,2026-04-03T08:38:19.527521+00:00,10926515,SEND_REMINDER,0.8500000000000001,0,7.167142763001674,0.28654970760233917,0.24877554510284766,0.0,1.0,-0.9095250041713874,-0.41564921121907333,36.0,159.04821340810065
evt_inv_006245_1,cust_b2b_038,inv_006245,2026-04-03T08:45:19.357232+00:00,4944863,OFFER_PAYMENT_PLAN,0.8500000000000001,0,17.80970958542745,0.30597014925373134,0.36646512700794537,1.0,1.0,-0.9096659533401211,-0.41534064734120185,31.0,166.36683845709624
evt_inv_004682_0,cust_b2b_019,inv_004682,2026-04-03T08:57:12.337192+00:00,3251918,SEND_REMINDER,0.8500000000000001,0,2.719724043463748,0.42105263157894735,-0.11347487488714916,0.0,1.0,-0.9099050818050826,-0.41481651619153975,27.0,165.31129225413724
evt_inv_008599_0,cust_b2b_029,inv_008599,2026-04-03T08:58:31.491745+00:00,6909893,SEND_REMINDER,0.8500000000000001,0,5.432209214613664,0.224,0.5857941337006924,0.0,1.0,-0.9099316110623108,-0.4147583190118646,24.0,167.4390809353054
evt_inv_003876_0,cust_b2b_031,inv_003876,2026-04-03T09:35:05.582369+00:00,14330759,SEND_REMINDER,0.8500000000000001,1,9.364850964977379,0.3458646616541353,0.10149534185968237,0.0,1.0,-0.9106654954405355,-0.4131444728107155,33.0,164.73801222182223
evt_inv_003827_0,cust_b2b_023,inv_003827,2026-04-03T09:47:05.424620+00:00,2067787,SEND_REMINDER,0.8500000000000001,1,5.121348185275357,0.41496598639455784,-0.2037804092600306,0.0,1.0,-0.9109056464304596,-0.41261471532303196,29.0,156.70074610018563
evt_inv_003683_1,cust_b2b_039,inv_003683,2026-04-03T10:07:41.333652+00:00,14429539,SEND_REMINDER,0.05,0,17.004837451762825,0.43333333333333335,0.8156654562627984,1.0,1.0,-0.9113172468095482,-0.4117048404712592,22.0,156.317804288541
evt_inv_000728_1,cust_b2b_022,inv_000728,2026-04-03T10:25:30.731857+00:00,1463357,OFFER_PAYMENT_PLAN,0.8500000000000001,1,23.227038381015614,0.2558139534883721,-0.558352392606765,1.0,1.0,-0.9116726599250659,-0.4109172193339618,26.0,159.98435770898251
evt_inv_001706_0,cust_b2b_007,inv_001706,2026-04-03T10:26:33.702908+00:00,4963254,SEND_REMINDER,0.8500000000000001,1,2.219101307661586,0.3132530120481928,0.3980250815089043,0.0,1.0,-0.9116935670534596,-0.4108708310325021,31.0,170.2364219982466
evt_inv_007619_0,cust_b2b_028,inv_007619,2026-04-03T10:31:08.033182+00:00,4945553,SEND_REMINDER,0.8500000000000001,0,4.1040925190999875,0.3611111111111111,-0.09583417686527167,0.0,1.0,-0.911784620384876,-0.41066873027978107,31.0,153.23609785530604
evt_inv_007939_1,cust_b2b_022,inv_007939,2026-04-03T10:43:10.186773+00:00,1942776,ESCALATE_COLLECTIONS,0.05,0,19.384869921927077,0.26153846153846155,0.07776320538314443,1.0,1.0,-0.9120240971520213,-0.4101366189625603,27.0,159.99661991865707
evt_inv_000469_0,cust_b2b_012,inv_000469,2026-04-03T11:03:21.179039+00:00,2982333,SEND_REMINDER,0.8500000000000001,0,9.845650888255703,0.5,-0.5572792331493676,0.0,1.0,-0.9124249829872227,-0.4092439986374464,30.0,166.41501167433685
evt_inv_001708_0,cust_b2b_020,inv_001708,2026-04-03T11:18:16.314640+00:00,6859030,SEND_REMINDER,0.8500000000000001,0,4.735014293381032,0.4144736842105263,0.6981773254078348,0.0,1.0,-0.9127207463769302,-0.40858394380242047,30.0,154.66344596964356
evt_inv_008383_1,cust_b2b_012,inv_008383,2026-04-03T11:36:30.289330+00:00,4464869,OFFER_PAYMENT_PLAN,0.8500000000000001,1,18.57817629137339,0.4962962962962963,0.40845896343420274,1.0,1.0,-0.9130815601699812,-0.40777697884695874,31.0,166.43803378419395
evt_inv_007951_1,cust_b2b_027,inv_007951,2026-04-03T11:41:35.147435+00:00,2588084,OFFER_PAYMENT_PLAN,0.8500000000000001,0,19.79058091871312,0.1901840490797546,-0.173870036389682,1.0,1.0,-0.9131819811073382,-0.4075520449965587,37.0,156.56899037984735
evt_inv_007453_0,cust_b2b_015,inv_007453,2026-04-03T11:57:27.707151+00:00,10087943,SEND_REMINDER,0.8500000000000001,0,5.834423035238798,0.1773049645390071,0.12123964891270873,0.0,1.0,-0.913495399303012,-0.4068490573323608,29.0,164.6252384644996
evt_inv_006426_0,cust_b2b_026,inv_006426,2026-04-03T12:03:48.525500+00:00,5888567,OFFER_PAYMENT_PLAN,0.05,0,5.9558937868900905,0.32894736842105265,0.5862637758583907,0.0,1.0,-0.9136205475403079,-0.4065679464888349,23.0,155.63919694125215
evt_inv_006580_1,cust_b2b_014,inv_006580,2026-04-03T12:05:20.788764+00:00,8376113,OFFER_PAYMENT_PLAN,0.8500000000000001,0,18.007603069293506,0.24806201550387597,-0.5244129867844205,1.0,1.0,-0.9136508549755827,-0.4064998341972437,30.0,169.7426154133839
evt_inv_005794_1,cust_b2b_008,inv_005794,2026-04-03T12:11:43.427806+00:00,7753493,OFFER_PAYMENT_PLAN,0.8500000000000001,0,16.252153623283583,0.2923076923076923,-0.09804573132739573,1.0,1.0,-0.9137764933584964,-0.40621733122240083,23.0,155.67687251928274
evt_inv_007761_0,cust_b2b_008,inv_007761,2026-04-03T12:30:56.861227+00:00,6144373,SEND_REMINDER,0.8500000000000001,0,4.594075728856394,0.2900763358778626,-0.5965350480449929,0.0,1.0,-0.9141546911968138,-0.40536551476767,24.0,155.6902224431353
evt_inv_000524_0,cust_b2b_000,inv_000524,2026-04-03T12:50:08.807484+00:00,6043500,WRITE_OFF,0.05,1,8.027662640576256,0.3609022556390977,0.5826974180364275,0.0,1.0,-0.9145316088885002,-0.404514445160876,33.0,163.18296111465554
evt_inv_002597_0,cust_b2b_008,inv_002597,2026-04-03T12:54:00.835297+00:00,8840537,SEND_REMINDER,0.8500000000000001,1,3.1199702860583605,0.2878787878787879,0.2387096056045247,0.0,1.0,-0.9146074327056909,-0.40434297822455767,25.0,155.70624066153752
evt_inv_002885_1,cust_b2b_011,inv_002885,2026-04-03T13:13:10.869841+00:00,2248103,OFFER_PAYMENT_PLAN,0.8500000000000001,0,24.14676006636949,0.39285714285714285,0.9376043856218167,1.0,1.0,-0.9149827751480849,-0.403492901030872,23.0,166.34778849659378
evt_inv_000952_0,cust_b2b_035,inv_000952,2026-04-03T13:36:16.247619+00:00,6620885,SEND_REMINDER,0.8500000000000001,0,1.5404428471836291,0.35625,0.6287786283146006,0.0,1.0,-0.9154338785199434,-0.4024684013160952,24.0,170.37788018396125
evt_inv_000939_1,cust_b2b_037,inv_000939,2026-04-03T13:57:00.672322+00:00,4504049,OFFER_PAYMENT_PLAN,0.8500000000000001,1,24.83226216095582,0.27631578947368424,1.3868717849988659,1.0,1.0,-0.9158381071139445,-0.4015477076985337,34.0,163.7949269001143
evt_inv_006410_0,cust_b2b_008,inv_006410,2026-04-03T14:07:35.798626+00:00,9202071,SEND_REMINDER,0.8500000000000001,0,6.293355369411776,0.2932330827067669,0.3507093346844479,0.0,1.0,-0.9160440593949686,-0.4010776498973576,26.0,155.75733977413964
evt_inv_001266_1,cust_b2b_032,inv_001266,2026-04-03T14:12:35.531803+00:00,5606862,OFFER_PAYMENT_PLAN,0.8500000000000001,0,23.75293712150268,0.14361702127659576,-0.3654881627005756,1.0,1.0,-0.9161411700221185,-0.4008557802882526,36.0,171.52701434350885
evt_inv_004128_1,cust_b2b_011,inv_004128,2026-04-03T14:32:41.200406+00:00,1741086,OFFER_PAYMENT_PLAN,0.8500000000000001,1,19.13786403637787,0.3900709219858156,0.1623172220838841,1.0,1.0,-0.9165312520110274,-0.3999630784048681,24.0,166.40300065590523
evt_inv_006695_0,cust_b2b_015,inv_006695,2026-04-03T15:10:25.259662+00:00,7148642,SEND_REMINDER,0.8500000000000001,0,5.118391425133969,0.176056338028169,-0.6425050521848976,0.0,1.0,-0.9172614149611591,-0.3982856972368608,30.0,164.7592379148582
evt_inv_008284_1,cust_b2b_011,inv_008284,2026-04-03T15:30:32.078778+00:00,1707374,OFFER_PAYMENT_PLAN,0.8500000000000001,0,22.9757143611584,0.39436619718309857,0.11076788780414569,1.0,1.0,-0.9176493620556342,-0.39739105213742243,25.0,166.44317285928557
evt_inv_006278_0,cust_b2b_004,inv_006278,2026-04-03T15:33:47.194828+00:00,3395832,SEND_REMINDER,0.8500000000000001,0,9.53068037956141,0.19047619047619047,0.2060946217298143,0.0,1.0,-0.9177120026158461,-0.3972463722361897,34.0,167.9577671045246
evt_inv_007651_0,cust_b2b_011,inv_007651,2026-04-03T15:46:45.424015+00:00,1525439,SEND_REMINDER,0.8500000000000001,0,2.929048686099859,0.3916083916083916,-0.16743187097897558,0.0,1.0,-0.9179616203728211,-0.3966692117148803,26.0,166.45443842915782
evt_inv_008149_0,cust_b2b_036,inv_008149,2026-04-03T15:55:38.692566+00:00,3543650,SEND_REMINDER,0.8500000000000001,0,3.697502083791754,0.2981366459627329,-0.13150753534124884,0.0,1.0,-0.9181324571947206,-0.39627363152950834,21.0,168.11750161076907
evt_inv_007146_1,cust_b2b_036,inv_007146,2026-04-03T16:04:36.128602+00:00,4649711,OFFER_PAYMENT_PLAN,0.8500000000000001,1,20.230903643153013,0.2962962962962963,0.6077571128030016,1.0,1.0,-0.9183044566314682,-0.3958748854509262,22.0,168.12372193526514
evt_inv_004017_1,cust_b2b_009,inv_004017,2026-04-03T16:17:21.212894+00:00,5907764,WRITE_OFF,0.05,0,19.38603841585153,0.1910828025477707,0.017791138503380852,1.0,1.0,-0.9185490131903766,-0.39530710892543447,32.0,161.57917568955202
evt_inv_007781_0,cust_b2b_038,inv_007781,2026-04-03T16:17:39.680307+00:00,3432397,SEND_REMINDER,0.8500000000000001,0,9.902535107318226,0.3037037037037037,-0.5102897991159889,0.0,1.0,-0.9185549118969597,-0.39529340220900305,30.0,166.6809625667645
evt_inv_005208_1,cust_b2b_002,inv_005208,2026-04-03T16:21:47.397827+00:00,3954951,WRITE_OFF,0.05,0,21.96518116473541,0.16326530612244897,0.10066478847962153,1.0,1.0,-0.9186340159782058,-0.3951095350504129,32.0,166.2573932976878
evt_inv_000966_0,cust_b2b_033,inv_000966,2026-04-03T16:33:35.711577+00:00,6119038,SEND_REMINDER,0.8500000000000001,0,6.929214863119673,0.1780821917808219,1.007833345512908,0.0,1.0,-0.9188599999960348,-0.3945837051973724,26.0,152.8383696989208
evt_inv_004108_0,cust_b2b_004,inv_004108,2026-04-03T16:48:54.426258+00:00,2889275,SEND_REMINDER,0.8500000000000001,0,5.399332047940651,0.1891891891891892,-0.19757429182502792,0.0,1.0,-0.9191526630086297,-0.39390148779122985,35.0,168.00993413495715
evt_inv_007883_0,cust_b2b_018,inv_007883,2026-04-03T17:03:36.229864+00:00,2444218,SEND_REMINDER,0.8500000000000001,1,5.089428712076266,0.5873015873015873,0.5021504950264136,0.0,1.0,-0.9194330913387604,-0.393246475573845,22.0,157.1361577118407
evt_inv_002909_0,cust_b2b_001,inv_002909,2026-04-03T17:04:15.872966+00:00,9386757,WRITE_OFF,0.05,0,3.5998814000189117,0.07352941176470588,0.8942562346971995,0.0,1.0,-0.9194456875467473,-0.3932170236036192,26.0,156.5954198877043
evt_inv_002632_0,cust_b2b_010,inv_002632,2026-04-03T17:07:10.471798+00:00,2371635,SEND_REMINDER,0.8500000000000001,0,4.301899118030081,0.16535433070866143,-0.4680920006744086,0.0,1.0,-0.9195011533903754,-0.39308730444237105,30.0,163.38685262163912
evt_inv_007353_0,cust_b2b_031,inv_007353,2026-04-03T17:14:25.095864+00:00,12632049,SEND_REMINDER,0.8500000000000001,0,6.135228044409676,0.35074626865671643,-0.2068753647203441,0.0,1.0,-0.9196391435048554,-0.39276436413408977,33.0,165.05698807245423
evt_inv_000520_0,cust_b2b_035,inv_000520,2026-04-03T17:16:51.421982+00:00,3759586,SEND_REMINDER,0.8500000000000001,0,1.7398866192597253,0.35403726708074534,-0.7233626079364598,0.0,1.0,-0.9196855755084832,-0.39265562800198095,24.0,170.53106507242077
evt_inv_002296_1,cust_b2b_035,inv_002296,2026-04-03T17:55:15.192956+00:00,6657883,OFFER_PAYMENT_PLAN,0.8500000000000001,0,20.1699675014008,0.35185185185185186,0.6462623995276683,1.0,1.0,-0.9204149098947101,-0.390942954462045,25.0,170.55772908831673
evt_inv_007981_1,cust_b2b_014,inv_007981,2026-04-03T18:02:58.534040+00:00,7903727,OFFER_PAYMENT_PLAN,0.8500000000000001,0,21.85976970117082,0.24615384615384617,-0.6358297786007301,1.0,1.0,-0.9205612105807843,-0.3905983327845126,31.0,169.99096894667989
evt_inv_002834_0,cust_b2b_017,inv_002834,2026-04-03T18:06:38.070569+00:00,9872096,SEND_REMINDER,0.8500000000000001,1,7.243997122526103,0.31125827814569534,1.2827182986789571,0.0,1.0,-0.9206304845382708,-0.39043502780722517,27.0,168.26986986703085
evt_inv_006683_0,cust_b2b_005,inv_006683,2026-04-03T18:08:37.818001+00:00,6805578,SEND_REMINDER,0.8500000000000001,0,9.137638608508684,0.2565789473684211,-0.31128547068909174,0.0,1.0,-0.9206682581968837,-0.3903459470120272,25.0,164.09575097547187
evt_inv_008564_1,cust_b2b_020,inv_008564,2026-04-03T18:13:05.961582+00:00,3733190,OFFER_PAYMENT_PLAN,0.8500000000000001,0,24.5921236549242,0.4117647058823529,-0.7593159866938622,1.0,1.0,-0.9207528113311287,-0.3901464602246479,31.0,154.95152058702595
evt_inv_002333_1,cust_b2b_023,inv_002333,2026-04-03T18:22:16.243596+00:00,1721790,OFFER_PAYMENT_PLAN,0.8500000000000001,0,21.77649097555988,0.4189189189189189,-0.5879997005590827,1.0,1.0,-0.9209261951905354,-0.38973701775926267,30.0,157.05851020870807
evt_inv_002022_0,cust_b2b_031,inv_002022,2026-04-03T18:30:04.407466+00:00,14260663,SEND_REMINDER,0.8500000000000001,1,7.691065405345027,0.34814814814814815,0.0887706543259779,0.0,1.0,-0.9210735617732597,-0.3893886153989625,34.0,165.1095264011747
evt_inv_003013_0,cust_b2b_031,inv_003013,2026-04-03T18:37:07.973351+00:00,10030090,SEND_REMINDER,0.8500000000000001,0,1.155006635841176,0.35294117647058826,-0.6792150026311953,0.0,1.0,-0.9212067764268008,-0.38907335435023327,35.0,165.1144287841037
evt_inv_006942_0,cust_b2b_017,inv_006942,2026-04-03T18:59:14.501377+00:00,7438960,SEND_REMINDER,0.8500000000000001,0,3.5396307309537427,0.3157894736842105,0.3504070230811401,0.0,1.0,-0.9216232812316604,-0.3880857218344779,28.0,168.30640263101762
evt_inv_007823_0,cust_b2b_029,inv_007823,2026-04-03T19:00:34.002155+00:00,7952461,SEND_REMINDER,0.8500000000000001,0,7.6617639125399135,0.2222222222222222,1.0513798735630884,0.0,1.0,-0.9216482093517291,-0.38802651739121036,25.0,167.85716554652322
evt_inv_005810_0,cust_b2b_025,inv_005810,2026-04-03T19:01:29.091828+00:00,7566953,SEND_REMINDER,0.8500000000000001,0,2.85516934894696,0.22994652406417113,-0.6346431511769188,0.0,1.0,-0.9216654809393461,-0.3879854910236256,31.0,164.91120551449828
evt_inv_004443_0,cust_b2b_012,inv_004443,2026-04-03T19:29:11.726882+00:00,2804907,SEND_REMINDER,0.8500000000000001,0,9.165959567487239,0.5,-0.6728561156022602,0.0,1.0,-0.9221858870061417,-0.3867469325110358,31.0,166.76629116326401
evt_inv_006003_1,cust_b2b_036,inv_006003,2026-04-03T20:09:06.855688+00:00,4533874,OFFER_PAYMENT_PLAN,0.8500000000000001,0,20.468985258626592,0.3006134969325153,0.5303349336561464,1.0,1.0,-0.9229326381014543,-0.3849614857710962,23.0,168.29352201728346
evt_inv_002895_1,cust_b2b_035,inv_002895,2026-04-03T20:24:18.600494+00:00,5304474,OFFER_PAYMENT_PLAN,0.8500000000000001,1,19.241697825108346,0.3496932515337423,0.006692704789100218,1.0,1.0,-0.9232159928227004,-0.38428144711447565,26.0,170.66124074964125
evt_inv_004163_1,cust_b2b_014,inv_004163,2026-04-03T20:36:18.212777+00:00,9428530,WRITE_OFF,0.05,0,21.705334262886346,0.24427480916030533,-0.27619014058565083,1.0,1.0,-0.9234392822350341,-0.3837445661181993,32.0,170.09744670983818
evt_inv_005393_1,cust_b2b_003,inv_005393,2026-04-03T20:51:35.267993+00:00,5232608,OFFER_PAYMENT_PLAN,0.8500000000000001,0,24.169438063476683,0.17791411042944785,0.23015787539273447,1.0,1.0,-0.9237233839952268,-0.3830601909105236,28.0,158.7974748058206
evt_inv_004782_1,cust_b2b_010,inv_004782,2026-04-03T21:04:31.428191+00:00,1925469,OFFER_PAYMENT_PLAN,0.8500000000000001,0,23.837375173094983,0.1640625,-0.8503472400639799,1.0,1.0,-0.9239634404852928,-0.38248079774882915,30.0,163.55167850581822
evt_inv_000154_0,cust_b2b_018,inv_000154,2026-04-03T21:08:01.334934+00:00,2122330,ESCALATE_COLLECTIONS,0.05,0,9.35682367015221,0.5905511811023622,0.10678655566514215,0.0,1.0,-0.9240282995467937,-0.3823240793314762,23.0,157.30589272423063
evt_inv_003629_0,cust_b2b_010,inv_003629,2026-04-03T21:36:02.029312+00:00,5032099,SEND_REMINDER,0.8500000000000001,0,3.091021468970281,0.16279069767441862,1.8112705623306529,0.0,1.0,-0.9245466584636356,-0.38106886034380383,31.0,163.57356046322755
evt_inv_007081_1,cust_b2b_001,inv_007081,2026-04-03T21:37:25.824519+00:00,8850899,OFFER_PAYMENT_PLAN,0.8500000000000001,0,21.082566661770038,0.072992700729927,0.70048974710473,1.0,1.0,-0.9245724579216777,-0.3810062598602121,26.0,156.78511840104738
evt_inv_005463_1,cust_b2b_026,inv_005463,2026-04-03T21:45:49.091132+00:00,4313328,OFFER_PAYMENT_PLAN,0.8500000000000001,0,22.88793143263971,0.32679738562091504,-0.23933692109634813,1.0,1.0,-0.9247273180094886,-0.3806302501470135,24.0,156.0433701545857
evt_inv_001977_1,cust_b2b_006,inv_001977,2026-04-03T21:57:32.703476+00:00,6562168,WRITE_OFF,0.05,0,18.784702416989703,0.32,0.45482016486533816,1.0,1.0,-0.9249435700971751,-0.38010444898197665,31.0,167.04343790297753
evt_inv_001783_0,cust_b2b_019,inv_001783,2026-04-03T22:17:35.088637+00:00,3058988,SEND_REMINDER,0.8500000000000001,0,6.414859770588639,0.417910447761194,-0.25506274482928815,0.0,1.0,-0.9253124257393184,-0.379205636525116,24.0,165.86711113659393
evt_inv_008321_0,cust_b2b_009,inv_008321,2026-04-03T22:33:34.279612+00:00,6134859,SEND_REMINDER,0.8500000000000001,0,6.791774583253735,0.189873417721519,0.11457520088308362,0.0,1.0,-0.9256060504305864,-0.37848836099184163,32.0,161.84043803582745
evt_inv_004311_0,cust_b2b_025,inv_004311,2026-04-03T23:04:27.088915+00:00,13494189,SEND_REMINDER,0.8500000000000001,0,1.5837551338361266,0.22872340425531915,0.8265013226470177,0.0,1.0,-0.926171652447385,-0.3771022012702662,31.0,165.07993233263838
evt_inv_001228_0,cust_b2b_005,inv_001228,2026-04-03T23:13:15.844510+00:00,6024191,WRITE_OFF,0.05,0,7.308700764103351,0.2549019607843137,-0.562584082045608,0.0,1.0,-0.9263326835358285,-0.3767064631955635,26.0,164.30730220822525
evt_inv_002102_1,cust_b2b_005,inv_002102,2026-04-03T23:21:13.545087+00:00,9114868,OFFER_PAYMENT_PLAN,0.8500000000000001,0,17.640228919974668,0.2532467532467532,0.431396078879101,1.0,1.0,-0.9264780205668969,-0.37634887724881644,26.0,164.31283115008154
evt_inv_000508_1,cust_b2b_012,inv_000508,2026-04-03T23:23:02.395758+00:00,3072345,OFFER_PAYMENT_PLAN,0.8500000000000001,1,23.64562750899143,0.49635036496350365,-0.49864432268643816,1.0,1.0,-0.9265111183062456,-0.3762673885083721,30.0,166.92868316414305
evt_inv_003196_0,cust_b2b_026,inv_003196,2026-04-03T23:27:49.848109+00:00,5542577,SEND_REMINDER,0.8500000000000001,0,3.1663831456958595,0.3246753246753247,0.4049262423563002,0.0,1.0,-0.9265984882076722,-0.3760521794262818,25.0,156.1142122492253
evt_inv_001250_0,cust_b2b_021,inv_001250,2026-04-03T23:29:47.472502+00:00,6706751,SEND_REMINDER,0.8500000000000001,0,5.4351758937901185,0.3581081081081081,-0.6705218230140629,0.0,1.0,-0.9266342252220948,-0.37596411084975656,29.0,165.9845565110356
evt_inv_006370_0,cust_b2b_000,inv_006370,2026-04-03T23:38:59.943340+00:00,4175121,SEND_REMINDER,0.8500000000000001,0,3.0744916818649983,0.3656716417910448,-0.37033430731020944,0.0,1.0,-0.9268019666616859,-0.37555041551305895,33.0,163.63355296483664
evt_inv_004410_1,cust_b2b_029,inv_004410,2026-04-03T23:48:24.581368+00:00,5136912,OFFER_PAYMENT_PLAN,0.8500000000000001,1,19.364201136831888,0.2204724409448819,-0.20597745039509147,1.0,1.0,-0.9269732114687743,-0.37512753193982834,26.0,168.05705650964032
evt_inv_002899_0,cust_b2b_000,inv_002899,2026-04-03T23:51:11.715149+00:00,3172733,SEND_REMINDER,0.8500000000000001,0,4.846407976680034,0.362962962962963,-0.8816369971356728,0.0,1.0,-0.9270238632032471,-0.37500234272831867,34.0,163.64202254596202
evt_inv_002990_0,cust_b2b_004,inv_002990,2026-04-04T00:02:10.958984+00:00,3379058,SEND_REMINDER,0.8500000000000001,0,9.408304370139904,0.18791946308724833,0.19272774928203382,0.0,1.0,-0.9272234894382494,-0.374508478721052,36.0,168.3108199304047
evt_inv_008704_0,cust_b2b_018,inv_008704,2026-04-04T00:03:32.617941+00:00,1980386,OFFER_PAYMENT_PLAN,0.05,1,9.718865769730252,0.5859375,-0.06755860930064596,0.0,1.0,-0.9272481983502001,-0.37444729756844014,23.0,157.42778257384214
evt_inv_000006_0,cust_b2b_032,inv_000006,2026-04-04T00:22:38.317849+00:00,6526845,SEND_REMINDER,0.8500000000000001,0,2.303106400384517,0.14285714285714285,-0.015254005456712865,0.0,1.0,-0.9275944461710073,-0.3735887356876574,37.0,171.95065770052213
evt_inv_002912_0,cust_b2b_021,inv_002912,2026-04-04T00:31:01.262428+00:00,6912766,SEND_REMINDER,0.8500000000000001,0,9.299279653485648,0.35570469798657717,-0.6143249312207724,0.0,1.0,-0.9277461925523078,-0.37321173910355,30.0,166.02707722776475
evt_inv_001058_0,cust_b2b_025,inv_001058,2026-04-04T00:34:51.706820+00:00,7613611,SEND_REMINDER,0.8500000000000001,0,8.511323939803546,0.2275132275132275,-0.623141370841777,0.0,1.0,-0.9278156701077984,-0.3730389822825719,32.0,165.1427172620895
evt_inv_006626_0,cust_b2b_003,inv_006626,2026-04-04T00:37:02.895832+00:00,5524292,SEND_REMINDER,0.8500000000000001,0,4.363707220897341,0.17682926829268292,0.3823464727190688,0.0,1.0,-0.9278552084123063,-0.37294062828036806,28.0,158.9540445724774
evt_inv_000097_0,cust_b2b_000,inv_000097,2026-04-04T00:54:07.518260+00:00,4269065,SEND_REMINDER,0.8500000000000001,1,1.7060080929301549,0.3602941176470588,-0.3224145353008263,0.0,1.0,-0.9281636547437345,-0.37217231225972935,35.0,163.6857239708581
evt_inv_001832_0,cust_b2b_019,inv_001832,2026-04-04T00:58:52.525226+00:00,3736959,SEND_REMINDER,0.8500000000000001,0,2.3412456277599407,0.4148148148148148,0.24248847329913614,0.0,1.0,-0.9282493384842067,-0.3719585536099859,25.0,165.9791185045276
evt_inv_004178_0,cust_b2b_008,inv_004178,2026-04-04T01:01:43.393391+00:00,7647256,SEND_REMINDER,0.8500000000000001,0,1.8897789696925165,0.291044776119403,-0.13095671098390835,0.0,1.0,-0.9283006842333645,-0.371830390973986,27.0,156.21159434317823
evt_inv_004151_1,cust_b2b_028,inv_004151,2026-04-04T01:06:36.067031+00:00,4973859,SEND_REMINDER,0.05,1,24.736863672982725,0.3586206896551724,-0.08207385269033371,1.0,1.0,-0.9283885913186687,-0.37161084955816076,32.0,153.84406121004233
evt_inv_006594_0,cust_b2b_004,inv_006594,2026-04-04T01:09:48.028923+00:00,3297462,SEND_REMINDER,0.8500000000000001,1,9.481203575599805,0.18666666666666668,0.12770484597223172,0.0,1.0,-0.9284462205552703,-0.37146684311878275,37.0,168.35777675839458
evt_inv_002978_0,cust_b2b_012,inv_002978,2026-04-04T01:17:14.697967+00:00,3514136,SEND_REMINDER,0.8500000000000001,0,5.904541622913561,0.5,-0.21085758346254577,0.0,1.0,-0.9285802294387789,-0.371131725261294,30.0,167.00799221749287
evt_inv_005144_0,cust_b2b_011,inv_005144,2026-04-04T01:51:57.626352+00:00,1603307,SEND_REMINDER,0.8500000000000001,1,7.367901460037496,0.3888888888888889,-0.04836165576443039,0.0,1.0,-0.9292035485610648,-0.3695683500267911,27.0,166.87471854880735
evt_inv_003286_0,cust_b2b_031,inv_003286,2026-04-04T01:52:55.324692+00:00,21679045,SEND_REMINDER,0.8500000000000001,0,3.478280487649005,0.35036496350364965,1.4354463137887363,0.0,1.0,-0.9292207774094887,-0.3695250286929227,34.0,165.4170601653719
evt_inv_005325_0,cust_b2b_012,inv_005325,2026-04-04T01:56:50.545627+00:00,3175665,SEND_REMINDER,0.8500000000000001,0,1.78974484000078,0.49640287769784175,-0.43134079586318197,0.0,1.0,-0.9292909939855775,-0.36934841071446,31.0,167.0354904542946
evt_inv_003999_0,cust_b2b_037,inv_003999,2026-04-04T02:02:06.433053+00:00,2493657,SEND_REMINDER,0.8500000000000001,1,1.3185128011244278,0.28104575163398693,-0.3480419934697086,0.0,1.0,-0.9293852377687676,-0.36911120250879864,35.0,164.29846579747166
evt_inv_003152_0,cust_b2b_008,inv_003152,2026-04-04T02:02:36.520504+00:00,8335366,SEND_REMINDER,0.8500000000000001,0,2.3992139315211136,0.28888888888888886,0.08221262046165756,0.0,1.0,-0.9293942110841767,-0.36908860779387476,28.0,156.2538759069839
evt_inv_008831_0,cust_b2b_019,inv_008831,2026-04-04T02:10:09.609203+00:00,2477323,SEND_REMINDER,0.8500000000000001,1,4.680294276659048,0.4117647058823529,-0.6819363212644519,0.0,1.0,-0.9295292743501511,-0.3687483262688544,26.0,166.02862179129772
evt_inv_002599_0,cust_b2b_012,inv_002599,2026-04-04T02:26:41.619679+00:00,5254062,SEND_REMINDER,0.8500000000000001,0,5.443291587146106,0.4928571428571429,0.9225468407115116,0.0,1.0,-0.9298245522234643,-0.36800312781610184,32.0,167.05622047805
evt_inv_000166_0,cust_b2b_012,inv_000166,2026-04-04T02:38:45.619693+00:00,3176759,SEND_REMINDER,0.8500000000000001,0,1.3986973970248167,0.48936170212765956,-0.43062857116389514,0.0,1.0,-0.9300396780670862,-0.3674591095902655,33.0,167.06460010784284
evt_inv_007736_1,cust_b2b_015,inv_007736,2026-04-04T02:46:51.824959+00:00,9510828,ESCALATE_COLLECTIONS,0.05,0,20.556147898985852,0.17482517482517482,-0.028717229346219,1.0,1.0,-0.9301839680922509,-0.36709370125916685,31.0,165.2428787169092
evt_inv_001725_0,cust_b2b_031,inv_001725,2026-04-04T02:49:26.232467+00:00,12292586,SEND_REMINDER,0.8500000000000001,0,9.71503284810382,0.34782608695652173,-0.2684988496792582,0.0,1.0,-0.930229761219812,-0.3669776441977514,35.0,165.45630678313046
evt_inv_001543_0,cust_b2b_021,inv_001543,2026-04-04T03:08:41.429814+00:00,10138234,SEND_REMINDER,0.8500000000000001,0,3.877699282883952,0.35333333333333333,0.2655233706454011,0.0,1.0,-0.9305719023233718,-0.36610918399606013,31.0,166.13656990585022
evt_inv_003277_0,cust_b2b_002,inv_003277,2026-04-04T03:10:42.242960+00:00,3623788,SEND_REMINDER,0.8500000000000001,0,8.253572169719462,0.16216216216216217,-0.11709824908563211,0.0,1.0,-0.9306076373859669,-0.3660183400308088,32.0,166.70802807931656
evt_inv_004393_1,cust_b2b_025,inv_004393,2026-04-04T03:14:20.247313+00:00,9960355,OFFER_PAYMENT_PLAN,0.8500000000000001,0,22.838423989507405,0.22631578947368422,-0.04463701947381969,1.0,1.0,-0.930672097988569,-0.36585440550245596,33.0,165.2534642585324
evt_inv_004896_1,cust_b2b_008,inv_004896,2026-04-04T03:46:03.708512+00:00,9191971,OFFER_PAYMENT_PLAN,0.8500000000000001,0,23.788481780570475,0.2867647058823529,0.3475804221358066,1.0,1.0,-0.9312336957119991,-0.3644225623785826,29.0,156.32571836078623
evt_inv_006292_0,cust_b2b_009,inv_006292,2026-04-04T03:47:23.769646+00:00,4276256,SEND_REMINDER,0.8500000000000001,0,7.673032668694767,0.18867924528301888,-0.6775307625436189,0.0,1.0,-0.9312572687042412,-0.3643623189704401,33.0,162.05837194826327
evt_inv_003118_0,cust_b2b_016,inv_003118,2026-04-04T04:10:19.081735+00:00,11202221,SEND_REMINDER,0.8500000000000001,0,5.289906794896542,0.28488372093023256,0.31813480838989694,0.0,1.0,-0.931661603435442,-0.36332720333619556,33.0,159.86209713743128
evt_inv_008612_0,cust_b2b_010,inv_008612,2026-04-04T04:17:51.859301+00:00,3486964,ESCALATE_COLLECTIONS,0.05,0,2.5487307554315226,0.16153846153846155,0.4874705243613132,0.0,1.0,-0.931794466008873,-0.3629863263474802,32.0,163.85260942143404
evt_inv_002733_0,cust_b2b_008,inv_002733,2026-04-04T04:19:29.578619+00:00,10464682,WRITE_OFF,0.05,0,6.929308563841825,0.2846715328467153,0.7418534605046098,0.0,1.0,-0.9318231243002734,-0.3629127512492188,30.0,156.3489344499865
evt_inv_003146_0,cust_b2b_007,inv_003146,2026-04-04T04:39:02.652967+00:00,4169236,SEND_REMINDER,0.8500000000000001,1,1.2611550590557186,0.31736526946107785,-0.06559911342807823,0.0,1.0,-0.9321667000538758,-0.3620293404002879,32.0,170.99509040169892
evt_inv_000959_1,cust_b2b_002,inv_000959,2026-04-04T04:42:59.912792+00:00,3126298,ESCALATE_COLLECTIONS,0.05,0,17.352359737240064,0.1610738255033557,-0.44423402007467544,1.0,1.0,-0.9322360880565503,-0.3618506268130813,32.0,166.77212148015198
evt_inv_000583_0,cust_b2b_015,inv_000583,2026-04-04T05:44:47.816142+00:00,11694031,SEND_REMINDER,0.8500000000000001,0,9.390834560658075,0.1736111111111111,0.5385639266828404,0.0,1.0,-0.9333160323296641,-0.3590559619285181,31.0,165.36644342967853
evt_inv_007354_0,cust_b2b_025,inv_007354,2026-04-04T06:04:29.573886+00:00,9681975,SEND_REMINDER,0.8500000000000001,0,3.5024328986965307,0.225130890052356,-0.11326152311011489,0.0,1.0,-0.9336584647176024,-0.3581645868328827,34.0,165.37162776053833
evt_inv_007500_0,cust_b2b_020,inv_007500,2026-04-04T06:08:00.455546+00:00,6242210,SEND_REMINDER,0.8500000000000001,0,4.326638584840165,0.4090909090909091,0.41057128234486356,0.0,1.0,-0.9337194814020569,-0.3580054888549531,29.0,155.4479846375389
evt_inv_005730_1,cust_b2b_014,inv_005730,2026-04-04T06:21:46.672810+00:00,10168929,ESCALATE_COLLECTIONS,0.05,1,24.223238776124,0.24242424242424243,-0.10155996757212214,1.0,1.0,-0.9339582786274623,-0.3573820557655735,31.0,170.50402610835908
evt_inv_008867_1,cust_b2b_005,inv_008867,2026-04-04T06:24:30.138259+00:00,8429980,SEND_REMINDER,0.05,0,24.347505581393662,0.25161290322580643,0.21113193569860678,1.0,1.0,-0.9340054748639229,-0.3572586918805725,27.0,164.60677320067953
evt_inv_006803_1,cust_b2b_013,inv_006803,2026-04-04T06:36:17.275683+00:00,2017898,OFFER_PAYMENT_PLAN,0.8500000000000001,0,20.675977511785227,0.21511627906976744,-0.4104209958910363,1.0,1.0,-0.9342094539876947,-0.3567249585885647,39.0,167.97252333765948
evt_inv_004103_1,cust_b2b_037,inv_004103,2026-04-04T06:53:40.045116+00:00,3366551,OFFER_PAYMENT_PLAN,0.8500000000000001,1,17.093250916491826,0.2857142857142857,0.40524215242556927,1.0,1.0,-0.9345096921774066,-0.3559376844708756,36.0,164.50093815930663
evt_inv_004999_0,cust_b2b_025,inv_004999,2026-04-04T07:23:31.584501+00:00,8591905,ESCALATE_COLLECTIONS,0.05,1,8.76279250123402,0.22395833333333334,-0.38197855699320316,0.0,1.0,-0.9350239698928475,-0.3545845114014701,35.0,165.42651214265655
evt_inv_004094_0,cust_b2b_033,inv_004094,2026-04-04T07:53:15.625078+00:00,3665871,SEND_REMINDER,0.8500000000000001,0,3.119301647015576,0.17687074829931973,-0.39848236023771844,0.0,1.0,-0.935534147895739,-0.35323626388154666,26.0,153.4770261051749
evt_inv_007320_0,cust_b2b_035,inv_007320,2026-04-04T08:05:42.933891+00:00,4429149,ESCALATE_COLLECTIONS,0.05,0,7.624289750593486,0.35365853658536583,-0.4069525776390637,0.0,1.0,-0.9357472764131126,-0.3526712841803848,26.0,171.14832794173594
evt_inv_003724_0,cust_b2b_021,inv_003724,2026-04-04T08:20:30.407429+00:00,7073640,SEND_REMINDER,0.8500000000000001,0,4.641344397589586,0.3509933774834437,-0.5704413159719338,0.0,1.0,-0.9359999359702523,-0.35200017026087305,31.0,166.35310899860673
evt_inv_002088_1,cust_b2b_036,inv_002088,2026-04-04T08:28:19.070695+00:00,3676489,OFFER_PAYMENT_PLAN,0.8500000000000001,1,18.401174150039836,0.29878048780487804,-0.04272102371718248,1.0,1.0,-0.9361331680104933,-0.35164569064704554,23.0,168.80685783911994
evt_inv_008265_0,cust_b2b_001,inv_008265,2026-04-04T08:34:49.849903+00:00,6486394,SEND_REMINDER,0.8500000000000001,0,4.332839512532821,0.07246376811594203,-0.15451659423489628,0.0,1.0,-0.9362441564603832,-0.3513500811068435,27.0,157.24164647262802
evt_inv_005605_1,cust_b2b_009,inv_005605,2026-04-04T08:49:30.639972+00:00,5055289,OFFER_PAYMENT_PLAN,0.8500000000000001,0,24.364953298578698,0.1875,-0.345519796014019,1.0,1.0,-0.936493974640015,-0.3506836686573056,33.0,162.26817368814966
evt_inv_008412_1,cust_b2b_000,inv_008412,2026-04-04T08:56:17.036976+00:00,6290329,OFFER_PAYMENT_PLAN,0.8500000000000001,1,19.040746777688554,0.36496350364963503,0.7086012214503483,1.0,1.0,-0.9366090809636692,-0.3503761256940759,34.0,164.02055636340904
evt_inv_006164_0,cust_b2b_032,inv_006164,2026-04-04T09:04:00.607683+00:00,5627269,SEND_REMINDER,0.8500000000000001,0,2.433672677317338,0.14210526315789473,-0.35771929185570345,0.0,1.0,-0.9367402576371343,-0.35002527011905193,36.0,172.31272124026142
evt_inv_003122_0,cust_b2b_034,inv_003122,2026-04-04T09:06:45.325186+00:00,4925075,SEND_REMINDER,0.8500000000000001,0,1.7604117247722906,0.5080645161290323,-0.13264207136873732,0.0,1.0,-0.9367868361279262,-0.34990059110757427,23.0,154.3030455533225
evt_inv_004382_0,cust_b2b_024,inv_004382,2026-04-04T09:14:25.938188+00:00,5344220,SEND_REMINDER,0.8500000000000001,0,8.105267957163838,0.16455696202531644,0.43798795252555406,0.0,1.0,-0.9369169992763132,-0.34955190811533104,37.0,162.60297648815495
evt_inv_007245_0,cust_b2b_017,inv_007245,2026-04-04T09:34:59.225941+00:00,4911930,SEND_REMINDER,0.8500000000000001,0,2.4627665756753196,0.3137254901960784,-0.6178820314518015,0.0,1.0,-0.9372648710950288,-0.3486180738447436,28.0,168.91455916531598
evt_inv_008318_0,cust_b2b_009,inv_008318,2026-04-04T09:35:02.401507+00:00,7354467,SEND_REMINDER,0.8500000000000001,0,5.463151872050044,0.18633540372670807,0.6343520626911472,0.0,1.0,-0.9372657656214705,-0.34861566888767176,34.0,162.29979129850258
evt_inv_002920_1,cust_b2b_010,inv_002920,2026-04-04T10:03:57.502105+00:00,2231147,SEND_REMINDER,0.05,1,23.264921383025644,0.16030534351145037,-0.5884562451415765,1.0,1.0,-0.9377536037767504,-0.3473012793004331,31.0,164.09295250944885
evt_inv_000465_0,cust_b2b_036,inv_000465,2026-04-04T10:03:59.204244+00:00,2760331,SEND_REMINDER,0.8500000000000001,0,3.844708321864167,0.30303030303030304,-0.6550593957930424,0.0,1.0,-0.9377540814426369,-0.34729998954459573,24.0,168.87329457001206
evt_inv_007404_1,cust_b2b_001,inv_007404,2026-04-04T10:03:59.569811+00:00,5661953,OFFER_PAYMENT_PLAN,0.8500000000000001,0,21.020200973843032,0.07194244604316546,-0.452634982556434,1.0,1.0,-0.9377541840301208,-0.3472997125452342,28.0,157.30356452710922
evt_inv_005992_0,cust_b2b_026,inv_005992,2026-04-04T10:25:36.430174+00:00,4997301,SEND_REMINDER,0.8500000000000001,0,4.992853463451592,0.3225806451612903,0.11914119882646405,0.0,1.0,-0.9381176019482163,-0.34631685623851477,25.0,156.57100139349453
evt_inv_002684_1,cust_b2b_011,inv_002684,2026-04-04T11:09:17.373418+00:00,1449614,OFFER_PAYMENT_PLAN,0.8500000000000001,1,22.735517040000957,0.3931034482758621,-0.283375839114923,1.0,1.0,-0.9388489212431521,-0.344329352627059,28.0,167.26175265836707
evt_inv_007979_0,cust_b2b_018,inv_007979,2026-04-04T11:18:37.075752+00:00,2715067,WRITE_OFF,0.05,1,9.871894032773602,0.5891472868217055,0.8348252774396624,0.0,1.0,-0.9390045489492165,-0.34390472089327073,22.0,157.89658416887912
evt_inv_006366_0,cust_b2b_013,inv_006366,2026-04-04T11:22:28.115652+00:00,2308466,OFFER_PAYMENT_PLAN,0.05,0,6.217497311145535,0.2138728323699422,-0.10953124578361453,0.0,1.0,-0.939068734613314,-0.34372941636081894,40.0,168.17125991137763
evt_inv_007136_1,cust_b2b_005,inv_007136,2026-04-04T11:28:42.870099+00:00,8032514,OFFER_PAYMENT_PLAN,0.8500000000000001,0,21.867142768081226,0.25,0.08330449043298618,1.0,1.0,-0.9391727763103696,-0.3434450410727641,28.0,164.8180316710572
evt_inv_006031_1,cust_b2b_039,inv_006031,2026-04-04T11:43:37.337263+00:00,16141465,OFFER_PAYMENT_PLAN,0.8500000000000001,0,16.589186389521593,0.4297520661157025,1.2090374372267925,1.0,1.0,-0.9394207558489421,-0.34276616443313407,21.0,157.38442470070666
evt_inv_008642_0,cust_b2b_012,inv_008642,2026-04-04T12:13:56.837786+00:00,3649836,SEND_REMINDER,0.8500000000000001,1,7.117621029058523,0.4859154929577465,-0.12246124290040496,0.0,1.0,-0.9399236744958326,-0.34138466005702733,34.0,167.46403550243488
evt_inv_008770_0,cust_b2b_010,inv_008770,2026-04-04T12:40:52.806193+00:00,2801422,SEND_REMINDER,0.8500000000000001,0,9.102443185758467,0.16666666666666666,-0.09987038440002842,0.0,1.0,-0.940368632479241,-0.3401570740836096,31.0,164.20192593639206
evt_inv_003815_0,cust_b2b_036,inv_003815,2026-04-04T12:45:50.759518+00:00,3457817,OFFER_PAYMENT_PLAN,0.05,1,1.2437860724768988,0.30120481927710846,-0.18887639005060947,0.0,1.0,-0.9404504990890636,-0.33993066758256923,25.0,168.98569683012707
evt_inv_005273_0,cust_b2b_005,inv_005273,2026-04-04T12:53:16.416639+00:00,6653994,SEND_REMINDER,0.8500000000000001,0,1.7353035933620768,0.2484076433121019,-0.3600358047338439,0.0,1.0,-0.940572847523605,-0.33959198827613285,28.0,164.87675327452976
evt_inv_003324_0,cust_b2b_021,inv_003324,2026-04-04T14:02:45.360060+00:00,10061507,SEND_REMINDER,0.8500000000000001,0,7.5286799841765975,0.34868421052631576,0.24459381449554435,0.0,1.0,-0.9417114588297258,-0.3364216525564156,32.0,166.59078206147026
evt_inv_002897_1,cust_b2b_027,inv_002897,2026-04-04T14:04:14.723706+00:00,2903993,OFFER_PAYMENT_PLAN,0.8500000000000001,0,24.200018845875434,0.18902439024390244,0.11006392308344325,1.0,1.0,-0.9417357486633585,-0.336353652707182,37.0,157.66805954964616
evt_inv_003228_0,cust_b2b_036,inv_003228,2026-04-04T14:14:50.368847+00:00,4462021,SEND_REMINDER,0.8500000000000001,1,3.7287447326963035,0.30538922155688625,0.4823096286920574,0.0,1.0,-0.941908380979951,-0.3358699180333475,26.0,169.04749786402422
evt_inv_003073_1,cust_b2b_035,inv_003073,2026-04-04T14:17:07.570585+00:00,6892330,OFFER_PAYMENT_PLAN,0.8500000000000001,0,24.483952150734908,0.3515151515151515,0.757052988240565,1.0,1.0,-0.9419456104470569,-0.33576549399770267,26.0,171.40625197754093
evt_inv_006265_0,cust_b2b_029,inv_006265,2026-04-04T14:27:39.234039+00:00,4110933,SEND_REMINDER,0.8500000000000001,0,1.5687687991799917,0.2265625,-0.6641550306555213,0.0,1.0,-0.9421168619438507,-0.3352846826818538,26.0,168.66764276740528
evt_inv_003323_1,cust_b2b_006,inv_003323,2026-04-04T14:30:11.186177+00:00,4794061,ESCALATE_COLLECTIONS,0.05,0,22.782773466796517,0.31788079470198677,-0.3413251260313867,1.0,1.0,-0.9421580213614562,-0.3351690063002034,30.0,167.73277219349131
evt_inv_005462_1,cust_b2b_039,inv_005462,2026-04-04T14:31:09.617503+00:00,11226389,OFFER_PAYMENT_PLAN,0.8500000000000001,0,18.045883613220525,0.4262295081967213,0.07963558715344068,1.0,1.0,-0.9421738449285185,-0.33512452302481827,22.0,157.50077053681505
evt_inv_004500_0,cust_b2b_024,inv_004500,2026-04-04T14:31:44.478532+00:00,3914484,SEND_REMINDER,0.8500000000000001,0,2.6821837518836,0.16352201257861634,-0.34801036213145037,0.0,1.0,-0.942183284512088,-0.33509798326163326,38.0,162.82332996436597
evt_inv_000315_0,cust_b2b_026,inv_000315,2026-04-04T14:35:11.052794+00:00,3129118,SEND_REMINDER,0.8500000000000001,0,4.063535510304172,0.32051282051282054,-0.8599945902781531,0.0,1.0,-0.9422392048406351,-0.3349407124571268,26.0,156.74431878492933
evt_inv_004672_0,cust_b2b_002,inv_004672,2026-04-04T14:47:21.263575+00:00,4072431,SEND_REMINDER,0.8500000000000001,0,9.26889586530063,0.16,0.177916680773655,0.0,1.0,-0.9424366648683454,-0.3343847076524731,32.0,167.1918130401402
evt_inv_006662_1,cust_b2b_019,inv_006662,2026-04-04T14:52:33.516684+00:00,3894032,OFFER_PAYMENT_PLAN,0.8500000000000001,0,20.45737773839098,0.41605839416058393,0.3577612083304789,1.0,1.0,-0.9425210026839483,-0.3341469130482049,27.0,166.55806516492365
evt_inv_005609_1,cust_b2b_022,inv_005609,2026-04-04T15:04:34.839514+00:00,2445263,OFFER_PAYMENT_PLAN,0.8500000000000001,0,19.50938926906052,0.2595419847328244,0.7444849561478315,1.0,1.0,-0.9427155985374209,-0.33359751239215224,26.0,161.17815525130823
evt_inv_006866_1,cust_b2b_009,inv_006866,2026-04-04T15:16:21.882177+00:00,5652237,OFFER_PAYMENT_PLAN,0.8500000000000001,1,19.66530217513307,0.18518518518518517,-0.09111012491395855,1.0,1.0,-0.9429060311383562,-0.33305887834272363,35.0,162.5368223247753
evt_inv_002190_1,cust_b2b_038,inv_002190,2026-04-04T15:19:56.857402+00:00,5153775,OFFER_PAYMENT_PLAN,0.8500000000000001,0,20.903153182052232,0.3014705882352941,0.4875681766662859,1.0,1.0,-0.942963870866501,-0.33289508593619227,29.0,167.6408835979527
evt_inv_004632_0,cust_b2b_004,inv_004632,2026-04-04T15:35:21.217091+00:00,2705233,SEND_REMINDER,0.8500000000000001,1,7.846643349606499,0.19205298013245034,-0.3442348486948262,0.0,1.0,-0.9432122483932889,-0.3321906899370852,37.0,168.958855325156
evt_inv_006123_0,cust_b2b_028,inv_006123,2026-04-04T15:51:55.121053+00:00,6132105,WRITE_OFF,0.05,0,7.715443350036096,0.363013698630137,0.48098052337882957,0.0,1.0,-0.9434787255630799,-0.3314330919052391,33.0,154.45886507603748
evt_inv_001213_0,cust_b2b_020,inv_001213,2026-04-04T16:05:04.007125+00:00,3858129,SEND_REMINDER,0.8500000000000001,0,4.115097587638749,0.4064516129032258,-0.7010604477437182,0.0,1.0,-0.943689801893889,-0.3308316154805533,30.0,155.86260907711087
evt_inv_007434_0,cust_b2b_026,inv_007434,2026-04-04T16:15:14.743752+00:00,5072400,WRITE_OFF,0.05,1,2.790335721881178,0.3184713375796178,0.15850133015341705,0.0,1.0,-0.9438529487809199,-0.33036587456570377,27.0,156.8138059487953
evt_inv_004552_0,cust_b2b_023,inv_004552,2026-04-04T16:36:29.455822+00:00,2589367,OFFER_PAYMENT_PLAN,0.05,1,6.790543988976038,0.4161073825503356,0.3754204136115031,0.0,1.0,-0.9441927237250427,-0.32939353433952706,27.0,157.98505201687476
evt_inv_003850_0,cust_b2b_018,inv_003850,2026-04-04T16:59:22.010402+00:00,1882874,SEND_REMINDER,0.8500000000000001,0,3.4686849198834713,0.5923076923076923,-0.18732953922835763,0.0,1.0,-0.944557458646988,-0.328346169940116,22.0,158.1332153569539
evt_inv_006130_0,cust_b2b_010,inv_006130,2026-04-04T17:06:09.197196+00:00,3836251,SEND_REMINDER,0.8500000000000001,0,8.225169072123373,0.16541353383458646,0.7867234934799188,0.0,1.0,-0.9446654387338228,-0.3280353774546796,32.0,164.3861434248465
evt_inv_008137_0,cust_b2b_019,inv_008137,2026-04-04T17:08:50.358752+00:00,4135261,OFFER_PAYMENT_PLAN,0.05,0,8.321582766818407,0.41304347826086957,0.534794943616181,0.0,1.0,-0.9447081482165552,-0.3279123582502603,28.0,166.6527045407055
evt_inv_000681_0,cust_b2b_020,inv_000681,2026-04-04T17:15:35.454616+00:00,3558913,SEND_REMINDER,0.8500000000000001,0,9.70988025278747,0.40384615384615385,-0.8405764776511846,0.0,1.0,-0.944815432073742,-0.3276031124933161,31.0,155.91158416380418
evt_inv_008786_0,cust_b2b_037,inv_008786,2026-04-04T17:16:53.638096+00:00,3600002,SEND_REMINDER,0.8500000000000001,0,3.2318782627723466,0.2903225806451613,0.6067035244743022,0.0,1.0,-0.9448361261988448,-0.3275434240365093,36.0,164.93373437435463
evt_inv_008489_1,cust_b2b_021,inv_008489,2026-04-04T17:32:48.526023+00:00,8047473,OFFER_PAYMENT_PLAN,0.8500000000000001,0,23.619359325417456,0.3464052287581699,-0.30479770343179663,1.0,1.0,-0.9450885680115837,-0.3268143182509208,32.0,166.7366520378969
evt_inv_005797_0,cust_b2b_014,inv_005797,2026-04-04T17:35:23.544723+00:00,9230455,SEND_REMINDER,0.8500000000000001,0,4.799701605020193,0.24812030075187969,-0.32290817487182444,0.0,1.0,-0.9451294969156603,-0.3266959351751271,31.0,170.9718139777235
evt_inv_004528_0,cust_b2b_018,inv_004528,2026-04-04T17:51:37.953533+00:00,1530243,SEND_REMINDER,0.8500000000000001,1,1.2698910293580035,0.5877862595419847,-0.620454278986397,0.0,1.0,-0.9453864262007806,-0.325951691444171,23.0,158.16951099505346
evt_inv_006394_0,cust_b2b_000,inv_006394,2026-04-04T18:11:57.784109+00:00,5012052,SEND_REMINDER,0.8500000000000001,1,1.997383475481445,0.3695652173913043,0.05657190561050138,0.0,1.0,-0.9457072415081222,-0.32501971226234583,34.0,164.4064446404106
evt_inv_003280_1,cust_b2b_038,inv_003280,2026-04-04T18:12:09.670288+00:00,5109068,OFFER_PAYMENT_PLAN,0.8500000000000001,0,24.117634968058,0.29927007299270075,0.461651926300432,1.0,1.0,-0.9457103630523732,-0.3250106293882531,30.0,167.76047633968437
evt_inv_006298_1,cust_b2b_023,inv_006298,2026-04-04T18:23:10.486167+00:00,1310987,OFFER_PAYMENT_PLAN,0.8500000000000001,0,17.22806045121189,0.42,-1.0441849294023913,1.0,1.0,-0.9458837690522629,-0.32450561696754254,28.0,158.05913801624203
evt_inv_005558_1,cust_b2b_016,inv_005558,2026-04-04T18:36:09.724793+00:00,10519195,OFFER_PAYMENT_PLAN,0.8500000000000001,0,22.084340510062432,0.2832369942196532,0.14630634246684776,1.0,1.0,-0.9460879040943206,-0.32390998398693366,32.0,160.46337772838265
evt_inv_001890_0,cust_b2b_010,inv_001890,2026-04-04T18:46:35.140458+00:00,4516837,SEND_REMINDER,0.8500000000000001,1,1.0125594182696034,0.16417910447761194,1.3698183764413623,0.0,1.0,-0.9462514712304861,-0.32343183701382966,33.0,164.45588813852928
evt_inv_008635_1,cust_b2b_010,inv_008635,2026-04-04T19:09:30.474355+00:00,2055570,OFFER_PAYMENT_PLAN,0.8500000000000001,1,18.105845334230853,0.17037037037037037,-0.7388819882941324,1.0,1.0,-0.9466103170229597,-0.32238006716559225,34.0,164.4718063549292
evt_inv_005400_0,cust_b2b_017,inv_005400,2026-04-04T19:51:21.618563+00:00,6292253,WRITE_OFF,0.05,0,1.659269778794989,0.3116883116883117,-0.08898009009087901,0.0,1.0,-0.9472624970067202,-0.320458674035504,27.0,169.34259611696572
evt_inv_000587_1,cust_b2b_025,inv_000587,2026-04-04T19:58:05.704324+00:00,7726667,OFFER_PAYMENT_PLAN,0.8500000000000001,0,22.82537188689081,0.22797927461139897,-0.5952714592535239,1.0,1.0,-0.9473670796360222,-0.32014936579964487,31.0,165.95051815912515
evt_inv_001002_0,cust_b2b_029,inv_001002,2026-04-04T20:13:06.625690+00:00,7633064,SEND_REMINDER,0.8500000000000001,0,3.911845991275746,0.2248062015503876,0.9087449818047919,0.0,1.0,-0.9475998861301846,-0.319459630948984,26.0,168.90754313374325
evt_inv_005329_0,cust_b2b_023,inv_005329,2026-04-04T20:17:59.550585+00:00,1540559,SEND_REMINDER,0.8500000000000001,0,5.61090878656577,0.41721854304635764,-0.7892518991898837,0.0,1.0,-0.9476754724842159,-0.31923533459161146,29.0,158.13887255811193
evt_inv_002457_0,cust_b2b_036,inv_002457,2026-04-04T20:21:13.443352+00:00,3718587,SEND_REMINDER,0.8500000000000001,1,8.100690189153731,0.30952380952380953,-0.014584251838258473,0.0,1.0,-0.9477254753821042,-0.31908685856951957,27.0,169.30193159671737
evt_inv_001973_0,cust_b2b_030,inv_001973,2026-04-04T20:21:43.210277+00:00,2023326,SEND_REMINDER,0.8500000000000001,0,6.538269934440935,0.33116883116883117,-0.3685425778071308,0.0,1.0,-0.9477331498983295,-0.3190640634477512,31.0,172.69518585368203
evt_inv_008127_1,cust_b2b_012,inv_008127,2026-04-04T20:25:27.387755+00:00,4022629,OFFER_PAYMENT_PLAN,0.8500000000000001,1,18.344385650842828,0.48951048951048953,0.12037949085647509,1.0,1.0,-0.9477909297778774,-0.3188923853446281,35.0,167.8053613122606
evt_inv_006014_1,cust_b2b_020,inv_006014,2026-04-04T20:35:10.935473+00:00,4276588,OFFER_PAYMENT_PLAN,0.8500000000000001,1,22.79678680234227,0.4012738853503185,-0.5059444109016119,1.0,1.0,-0.9479411885042265,-0.31844544766285265,31.0,156.05018926632033
evt_inv_007777_0,cust_b2b_013,inv_007777,2026-04-04T20:42:21.963460+00:00,2252211,SEND_REMINDER,0.8500000000000001,0,4.887093649053063,0.21264367816091953,-0.1677848106684852,0.0,1.0,-0.9480520393307836,-0.31811527898034436,41.0,168.56007759433692
evt_inv_003438_0,cust_b2b_008,inv_003438,2026-04-04T20:42:37.866753+00:00,6950264,SEND_REMINDER,0.8500000000000001,0,7.700459953457492,0.2826086956521739,-0.3468781064956111,0.0,1.0,-0.9480561271049238,-0.3181030962735391,28.0,157.03166926634987
evt_inv_008857_0,cust_b2b_004,inv_008857,2026-04-04T20:55:57.593994+00:00,3043816,SEND_REMINDER,0.8500000000000001,0,9.11906807705667,0.19736842105263158,-0.07442230173273703,0.0,1.0,-0.9482614866854833,-0.31749039807376384,38.0,169.1814985763462
evt_inv_007632_0,cust_b2b_029,inv_007632,2026-04-04T21:22:00.752640+00:00,5636969,SEND_REMINDER,0.8500000000000001,0,3.6009312847706867,0.2230769230769231,0.017336429261685268,0.0,1.0,-0.9486617420869337,-0.31629242656216766,27.0,168.95539182528822
evt_inv_005158_0,cust_b2b_012,inv_005158,2026-04-04T21:29:09.335819+00:00,3933123,SEND_REMINDER,0.8500000000000001,1,2.916446991405271,0.4930555555555556,0.06207466637059236,0.0,1.0,-0.9487712188425278,-0.3159638813156723,36.0,167.8495968222635
evt_inv_008733_0,cust_b2b_005,inv_008733,2026-04-04T21:36:51.603414+00:00,10526397,OFFER_PAYMENT_PLAN,0.05,1,4.00724785162542,0.2468354430379747,0.8853522474149962,0.0,1.0,-0.9488891723540374,-0.31560947164061803,29.0,165.24035497331752
evt_inv_000831_0,cust_b2b_015,inv_000831,2026-04-04T21:39:12.455690+00:00,13549017,SEND_REMINDER,0.8500000000000001,0,4.346058192952058,0.1724137931034483,1.020561241142884,0.0,1.0,-0.9489250863064485,-0.3155014747640641,31.0,166.0292286096337
evt_inv_003186_0,cust_b2b_027,inv_003186,2026-04-04T21:52:12.324155+00:00,2991557,SEND_REMINDER,0.8500000000000001,0,3.4683355991470304,0.18787878787878787,0.1887657404879104,0.0,1.0,-0.949123711616753,-0.314903445593786,37.0,157.99303177707213
evt_inv_000808_0,cust_b2b_029,inv_000808,2026-04-04T21:56:15.033478+00:00,4976974,SEND_REMINDER,0.8500000000000001,0,9.5096281223174,0.22137404580152673,-0.27740188113146447,0.0,1.0,-0.9491854505486481,-0.31471730245850776,28.0,168.97916822387754
evt_inv_002570_0,cust_b2b_002,inv_002570,2026-04-04T21:58:01.971535+00:00,2333174,SEND_REMINDER,0.8500000000000001,0,6.176856325786713,0.15894039735099338,-0.9657700966846462,0.0,1.0,-0.9492126412199525,-0.3146352836988275,32.0,167.49089530819126
evt_inv_006709_0,cust_b2b_007,inv_006709,2026-04-04T22:11:49.188114+00:00,3933422,OFFER_PAYMENT_PLAN,0.05,0,1.4003982993563893,0.32142857142857145,-0.2032897570018855,0.0,1.0,-0.9494227344888319,-0.31400075037450015,31.0,171.72618455849033
evt_inv_003026_0,cust_b2b_006,inv_003026,2026-04-04T22:31:37.884167+00:00,5822549,SEND_REMINDER,0.8500000000000001,1,3.4144149290371644,0.3157894736842105,0.12178372963088419,0.0,1.0,-0.9497238921831788,-0.3130886912943899,30.0,168.06710897578378
evt_inv_007609_1,cust_b2b_038,inv_007609,2026-04-04T22:38:44.074750+00:00,5763462,OFFER_PAYMENT_PLAN,0.8500000000000001,1,20.133203529239385,0.2971014492753623,0.8409948559671121,1.0,1.0,-0.9498316547538853,-0.3127616146963947,31.0,167.94559676169598
evt_inv_006523_0,cust_b2b_006,inv_006523,2026-04-04T23:08:23.297267+00:00,5257075,SEND_REMINDER,0.8500000000000001,0,3.9157485601962128,0.3202614379084967,-0.1328384466518885,0.0,1.0,-0.950280315496641,-0.31139576422874515,31.0,168.09263459036504
evt_inv_004087_0,cust_b2b_026,inv_004087,2026-04-04T23:09:43.169508+00:00,4817444,SEND_REMINDER,0.8500000000000001,0,5.37526687089373,0.3227848101265823,0.02487594892738284,0.0,1.0,-0.9503004105618021,-0.31133443382650494,27.0,157.10163495060507
evt_inv_007076_0,cust_b2b_005,inv_007076,2026-04-04T23:13:16.711275+00:00,8615305,SEND_REMINDER,0.8500000000000001,1,7.619724891108813,0.25157232704402516,0.270733737595709,0.0,1.0,-0.9503541161183651,-0.31117045807222954,30.0,165.30731224021662
evt_inv_004826_1,cust_b2b_020,inv_004826,2026-04-04T23:50:50.086388+00:00,7396328,OFFER_PAYMENT_PLAN,0.8500000000000001,1,16.02602177242949,0.4050632911392405,0.9487046175302324,1.0,1.0,-0.9509191129538853,-0.309439558910938,32.0,156.18605906857422
evt_inv_008050_0,cust_b2b_000,inv_008050,2026-04-05T00:02:06.903442+00:00,4633095,SEND_REMINDER,0.8500000000000001,1,2.398242393480946,0.37410071942446044,-0.1367283804027256,0.0,1.0,-0.9510881981680293,-0.30891947058334074,35.0,164.64960574379938
evt_inv_007178_0,cust_b2b_025,inv_007178,2026-04-05T00:09:07.860230+00:00,10421271,SEND_REMINDER,0.8500000000000001,0,9.836092209360407,0.2268041237113402,0.06898510691135536,0.0,1.0,-0.9511932198445752,-0.3085959470273544,32.0,166.1248486672987
evt_inv_002012_1,cust_b2b_032,inv_002012,2026-04-05T00:27:52.833352+00:00,6759981,OFFER_PAYMENT_PLAN,0.8500000000000001,0,18.821799749576357,0.14136125654450263,0.07350005221198322,1.0,1.0,-0.9514733417561037,-0.30773118127266996,36.0,172.9542979262519
evt_inv_003403_0,cust_b2b_012,inv_003403,2026-04-05T00:33:43.562180+00:00,2908186,SEND_REMINDER,0.8500000000000001,0,3.493716930614988,0.496551724137931,-0.60557933839793,0.0,1.0,-0.9515605136065706,-0.3074615243323947,36.0,167.97777073847993
evt_inv_007058_0,cust_b2b_006,inv_007058,2026-04-05T00:42:32.530222+00:00,5963557,SEND_REMINDER,0.8500000000000001,0,7.894749836827851,0.3181818181818182,0.18527675857551948,0.0,1.0,-0.9516918413472943,-0.3070547819412626,32.0,168.15801923105133
evt_inv_000205_0,cust_b2b_016,inv_000205,2026-04-05T01:04:26.020806+00:00,7085717,SEND_REMINDER,0.8500000000000001,0,2.9595988329349194,0.28160919540229884,-0.717451282010789,0.0,1.0,-0.9520171918395745,-0.30604454976668155,33.0,160.73301078408977
evt_inv_006532_0,cust_b2b_037,inv_006532,2026-04-05T01:14:43.895154+00:00,3091817,SEND_REMINDER,0.8500000000000001,0,3.4897009403551236,0.28846153846153844,0.16815435589090766,0.0,1.0,-0.9521698679344129,-0.30556921081444477,36.0,165.2655660532686
evt_inv_003234_0,cust_b2b_015,inv_003234,2026-04-05T01:20:12.785144+00:00,9160811,SEND_REMINDER,0.8500000000000001,0,1.584221836442032,0.17123287671232876,-0.1196652476719056,0.0,1.0,-0.9522510395150848,-0.3053161603034474,32.0,166.18270464497255
evt_inv_003840_1,cust_b2b_035,inv_003840,2026-04-05T01:21:45.187269+00:00,5340835,OFFER_PAYMENT_PLAN,0.8500000000000001,0,21.754446342199596,0.3493975903614458,0.0238757586726665,1.0,1.0,-0.9522738326886525,-0.3052450615103612,25.0,171.86779846693727
evt_inv_004953_0,cust_b2b_003,inv_004953,2026-04-05T01:25:30.885795+00:00,5796092,SEND_REMINDER,0.8500000000000001,0,5.723659815312681,0.17575757575757575,0.5241602164365099,0.0,1.0,-0.9523294842590112,-0.3050713906792403,27.0,159.98770186371488
evt_inv_000435_0,cust_b2b_022,inv_000435,2026-04-05T01:56:48.148524+00:00,1829327,SEND_REMINDER,0.8500000000000001,1,7.566078304621923,0.25757575757575757,-0.07276678734246483,0.0,1.0,-0.9527911424482188,-0.30362647920136665,25.0,161.63108706855496
evt_inv_000551_0,cust_b2b_014,inv_000551,2026-04-05T01:57:26.017597+00:00,9850313,SEND_REMINDER,0.8500000000000001,0,6.477914727155705,0.2462686567164179,-0.1767086451649012,0.0,1.0,-0.9528004326912877,-0.30359732453250465,31.0,171.3204537100631
evt_inv_004762_0,cust_b2b_024,inv_004762,2026-04-05T02:17:31.600100+00:00,4691624,SEND_REMINDER,0.8500000000000001,0,2.9000718902354716,0.1625,0.07922287757159363,0.0,1.0,-0.953095726303597,-0.30266902137783946,38.0,163.3134586862126
evt_inv_008138_0,cust_b2b_025,inv_008138,2026-04-05T03:05:48.773666+00:00,12838057,SEND_REMINDER,0.8500000000000001,0,9.77859125642748,0.22564102564102564,0.6647557935295793,0.0,1.0,-0.9538016569033663,-0.30043701384548666,32.0,166.24754442465942
evt_inv_001280_0,cust_b2b_030,inv_001280,2026-04-05T03:25:41.960371+00:00,1948279,SEND_REMINDER,0.8500000000000001,1,3.851356245301025,0.32903225806451614,-0.4476000199284025,0.0,1.0,-0.9540908715184285,-0.299517293132142,31.0,172.98961583162145
evt_inv_001245_0,cust_b2b_034,inv_001245,2026-04-05T03:32:10.660668+00:00,6154091,SEND_REMINDER,0.8500000000000001,0,1.5092699335154192,0.504,0.45811461777738616,0.0,1.0,-0.954184896461392,-0.29921761874087993,19.0,155.07069989917815
evt_inv_003244_0,cust_b2b_001,inv_003244,2026-04-05T03:38:26.479294+00:00,6951984,SEND_REMINDER,0.8500000000000001,0,5.1214833630359,0.07142857142857142,0.013840915752988988,0.0,1.0,-0.954275715884647,-0.2989278476034718,26.0,158.03582042390585
evt_inv_002741_0,cust_b2b_010,inv_002741,2026-04-05T03:52:09.090592+00:00,3765570,SEND_REMINDER,0.8500000000000001,0,1.286914915028738,0.17647058823529413,0.7261668289293535,0.0,1.0,-0.9544741990235149,-0.2982934853435783,35.0,164.83475330212164
evt_inv_003470_0,cust_b2b_039,inv_003470,2026-04-05T03:56:17.566535+00:00,15486707,SEND_REMINDER,0.8500000000000001,1,1.5745407996828509,0.42276422764227645,1.0585848796141397,0.0,1.0,-0.9545340694295448,-0.2981018455130276,23.0,158.05989031727196
evt_inv_000730_1,cust_b2b_010,inv_000730,2026-04-05T04:31:28.980992+00:00,2620320,OFFER_PAYMENT_PLAN,0.8500000000000001,0,21.438213191357004,0.17518248175182483,-0.25503010036210366,1.0,1.0,-0.9550412629337967,-0.2964729095445631,36.0,164.86206684842136
evt_inv_001716_0,cust_b2b_005,inv_001716,2026-04-05T04:38:42.295977+00:00,14757257,SEND_REMINDER,0.8500000000000001,0,5.442548478017122,0.25625,2.2460223047872985,0.0,1.0,-0.9551450079743559,-0.2961385043213187,31.0,165.53330280390256
evt_inv_008459_0,cust_b2b_032,inv_008459,2026-04-05T04:45:45.948016+00:00,6033126,SEND_REMINDER,0.8500000000000001,0,8.794761549903345,0.140625,-0.20321102734901364,0.0,1.0,-0.9552463262918471,-0.2958115212528577,36.0,173.13338490152069
evt_inv_006165_0,cust_b2b_009,inv_006165,2026-04-05T05:09:26.920601+00:00,6334739,SEND_REMINDER,0.8500000000000001,0,9.934538171349056,0.1901840490797546,0.19976062438691594,0.0,1.0,-0.9555853409150861,-0.2947145334526254,34.0,163.11535286209207
evt_inv_000743_0,cust_b2b_036,inv_000743,2026-04-05T05:23:56.131626+00:00,4770157,SEND_REMINDER,0.8500000000000001,0,3.2725270175230623,0.3136094674556213,0.6882605495235566,0.0,1.0,-0.9557920957017172,-0.29404331278592183,27.0,169.67881456285738
evt_inv_004476_0,cust_b2b_039,inv_004476,2026-04-05T05:34:23.147699+00:00,14018346,WRITE_OFF,0.05,0,2.075383260718374,0.4274193548387097,0.7211803014623028,0.0,1.0,-0.9559409480950974,-0.293559029421761,24.0,158.12801046963867
evt_inv_005544_0,cust_b2b_021,inv_005544,2026-04-05T05:35:57.421998+00:00,10096122,ESCALATE_COLLECTIONS,0.05,1,8.793698622647556,0.34415584415584416,0.25403603610012354,0.0,1.0,-0.955963307410513,-0.29348620901969635,31.0,167.2388383339005
evt_inv_003600_0,cust_b2b_031,inv_003600,2026-04-05T05:50:56.880139+00:00,14730421,SEND_REMINDER,0.8500000000000001,0,8.466955825772322,0.34532374100719426,0.17404680853757287,0.0,1.0,-0.9561763556112188,-0.2927913539878661,33.0,166.582355946005
evt_inv_005362_0,cust_b2b_023,inv_005362,2026-04-05T05:51:00.170879+00:00,2732180,SEND_REMINDER,0.8500000000000001,0,3.0476415219681625,0.4144736842105263,0.5340100398933858,0.0,1.0,-0.9561771341380212,-0.2927888115205234,30.0,158.536796404113
evt_inv_008291_0,cust_b2b_030,inv_008291,2026-04-05T06:03:58.467836+00:00,2750882,SEND_REMINDER,0.8500000000000001,0,3.55846151392576,0.3333333333333333,0.39789614045630955,0.0,1.0,-0.956361074567474,-0.29218743137264896,32.0,173.09952911245628
evt_inv_007505_0,cust_b2b_007,inv_007505,2026-04-05T06:04:43.678552+00:00,6122804,SEND_REMINDER,0.8500000000000001,0,8.81490729213283,0.31952662721893493,1.0750824007311957,0.0,1.0,-0.956371747912949,-0.29215249407446564,32.0,172.05459301263474
evt_inv_005200_0,cust_b2b_015,inv_005200,2026-04-05T06:15:21.206803+00:00,10279862,SEND_REMINDER,0.8500000000000001,0,5.998857506995901,0.17006802721088435,0.17110767874914268,0.0,1.0,-0.956522119677533,-0.2916597925110679,33.0,166.38766322899767
evt_inv_005748_0,cust_b2b_022,inv_005748,2026-04-05T06:22:10.835196+00:00,2109694,SEND_REMINDER,0.8500000000000001,0,2.445039341735011,0.2631578947368421,0.2992368868090091,0.0,1.0,-0.9566186034873012,-0.29134317816280775,26.0,161.815377423551
evt_inv_000130_0,cust_b2b_003,inv_000130,2026-04-05T07:12:36.919799+00:00,5259464,SEND_REMINDER,0.8500000000000001,0,5.976324585628904,0.1746987951807229,0.24417016513503778,0.0,1.0,-0.9573281195140301,-0.2890032380229172,28.0,160.22874392394107
evt_inv_005174_0,cust_b2b_000,inv_005174,2026-04-05T07:23:18.881896+00:00,4397176,SEND_REMINDER,0.8500000000000001,0,6.096823283401939,0.37857142857142856,-0.25706736278765724,0.0,1.0,-0.95747790247607,-0.2885066139103667,33.0,164.9559943833085
evt_inv_003527_0,cust_b2b_035,inv_003527,2026-04-05T07:27:35.200439+00:00,6890166,SEND_REMINDER,0.8500000000000001,1,1.5286835382061044,0.3473053892215569,0.7560305771242444,0.0,1.0,-0.957537634899095,-0.28830830330021257,24.0,172.12184954529957
evt_inv_008794_0,cust_b2b_018,inv_008794,2026-04-05T07:32:44.389574+00:00,1840741,SEND_REMINDER,0.8500000000000001,1,8.994902158543923,0.5909090909090909,-0.23907971506901252,0.0,1.0,-0.9576096336183642,-0.2880690708863107,24.0,158.73972437515104
evt_inv_005688_0,cust_b2b_032,inv_005688,2026-04-05T08:02:15.295317+00:00,6523542,OFFER_PAYMENT_PLAN,0.05,0,6.933513216288124,0.13989637305699482,-0.01651166937656893,0.0,1.0,-0.9580208604080466,-0.286698501954625,37.0,173.26983568046816
evt_inv_007065_1,cust_b2b_018,inv_007065,2026-04-05T08:22:13.250766+00:00,2258796,OFFER_PAYMENT_PLAN,0.8500000000000001,1,20.384123456041362,0.5939849624060151,0.27440297140518755,1.0,1.0,-0.9582979286170841,-0.2857710272372027,25.0,158.77408619450048
evt_inv_005235_0,cust_b2b_008,inv_005235,2026-04-05T08:27:43.288959+00:00,7796627,SEND_REMINDER,0.8500000000000001,1,6.4695914865020985,0.2805755395683453,-0.08468310912562756,0.0,1.0,-0.9583741034966186,-0.28551545973388665,29.0,157.52131535670026
evt_inv_003251_0,cust_b2b_030,inv_003251,2026-04-05T08:33:13.184790+00:00,2320976,SEND_REMINDER,0.8500000000000001,0,3.1194288397480086,0.33121019108280253,-0.05498561343501604,0.0,1.0,-0.9584501774050234,-0.2852599821781515,33.0,173.20317166979802
evt_inv_000643_0,cust_b2b_021,inv_000643,2026-04-05T08:47:02.896497+00:00,10056451,SEND_REMINDER,0.8500000000000001,0,9.92345069518716,0.34838709677419355,0.24321466647902276,0.0,1.0,-0.9586412076954638,-0.28461734822069884,31.0,167.3715405850422
evt_inv_002496_0,cust_b2b_004,inv_002496,2026-04-05T08:59:39.166617+00:00,2679080,SEND_REMINDER,0.8500000000000001,0,5.1976875436664525,0.19607843137254902,-0.3650756286506872,0.0,1.0,-0.958814953661013,-0.28403148528997524,38.0,169.68406307430075
evt_inv_000260_1,cust_b2b_016,inv_000260,2026-04-05T09:06:25.614008+00:00,10330059,OFFER_PAYMENT_PLAN,0.8500000000000001,1,17.095638205422063,0.28,0.0987255702512867,1.0,1.0,-0.9589081832190444,-0.28371657716029136,34.0,161.0677282979943
evt_inv_006450_0,cust_b2b_026,inv_006450,2026-04-05T09:19:22.263206+00:00,3729539,SEND_REMINDER,0.8500000000000001,0,3.9681104883991614,0.32075471698113206,-0.5453070383407068,0.0,1.0,-0.9590860408012832,-0.28311475825205445,26.0,157.52500409063188
evt_inv_002657_1,cust_b2b_000,inv_002657,2026-04-05T09:24:39.123875+00:00,5850135,OFFER_PAYMENT_PLAN,0.8500000000000001,0,20.11631769440546,0.375886524822695,0.48406500144684667,1.0,1.0,-0.9591584954198309,-0.2828691935576695,33.0,165.0402564432517
evt_inv_007929_1,cust_b2b_037,inv_007929,2026-04-05T09:29:27.034504+00:00,5560813,OFFER_PAYMENT_PLAN,0.8500000000000001,0,23.376559496079274,0.28662420382165604,2.2988302226897073,1.0,1.0,-0.9592242756875068,-0.2826460488522313,37.0,165.60912090685193
evt_inv_008230_0,cust_b2b_008,inv_008230,2026-04-05T09:41:52.357759+00:00,10829902,SEND_REMINDER,0.8500000000000001,1,2.875176473013053,0.2857142857142857,0.8549947930563263,0.0,1.0,-0.9593943219696203,-0.28206831614425026,30.0,157.57280920854643
evt_inv_003359_0,cust_b2b_004,inv_003359,2026-04-05T09:48:30.444803+00:00,3825987,SEND_REMINDER,0.8500000000000001,0,7.253701243594622,0.19480519480519481,0.5488791949524761,0.0,1.0,-0.9594850033910889,-0.2817596995093552,39.0,169.71798990515364
evt_inv_000788_0,cust_b2b_009,inv_000788,2026-04-05T09:51:05.700391+00:00,6037742,SEND_REMINDER,0.8500000000000001,0,6.999295403779245,0.18902439024390244,0.07318558350424444,0.0,1.0,-0.9595203426110279,-0.2816393298451328,35.0,163.31094059114824
evt_inv_002003_0,cust_b2b_028,inv_002003,2026-04-05T09:51:45.498411+00:00,6393436,SEND_REMINDER,0.8500000000000001,1,3.575395729502669,0.36054421768707484,0.6080203971398447,0.0,1.0,-0.9595293989900605,-0.28160847372508757,33.0,155.20875370287095
evt_inv_003306_0,cust_b2b_026,inv_003306,2026-04-05T09:58:32.672502+00:00,3016505,SEND_REMINDER,0.8500000000000001,0,6.7252657557230595,0.31875,-0.919016113176421,0.0,1.0,-0.959621997919714,-0.2812927676080142,27.0,157.55220790192868
evt_inv_008671_0,cust_b2b_011,inv_008671,2026-04-05T10:00:41.587682+00:00,1565075,SEND_REMINDER,0.8500000000000001,0,8.981029540055356,0.3972602739726027,-0.10682348787488753,0.0,1.0,-0.9596512939697158,-0.28119280570855665,27.0,168.21411624938514
evt_inv_001201_0,cust_b2b_031,inv_001201,2026-04-05T10:10:02.632266+00:00,11318200,SEND_REMINDER,0.8500000000000001,0,3.814060228197813,0.34285714285714286,-0.44538144290205,0.0,1.0,-0.9597786704056668,-0.28075773156643513,34.0,166.76228363265918
evt_inv_001356_0,cust_b2b_010,inv_001356,2026-04-05T10:49:47.799410+00:00,4131854,SEND_REMINDER,0.8500000000000001,0,3.2504824560912104,0.17391304347826086,1.0399819869023825,0.0,1.0,-0.9603179833816857,-0.27890745919342574,36.0,165.12478465418303
evt_inv_003943_0,cust_b2b_016,inv_003943,2026-04-05T10:58:34.311612+00:00,8427921,OFFER_PAYMENT_PLAN,0.05,0,4.647657186199208,0.2840909090909091,-0.37979407832379125,0.0,1.0,-0.9604365531503528,-0.2784988821749013,35.0,161.14560674248577
evt_inv_002444_1,cust_b2b_025,inv_002444,2026-04-05T11:02:04.916432+00:00,9405007,OFFER_PAYMENT_PLAN,0.8500000000000001,1,24.175900016485464,0.22448979591836735,-0.1815377319702282,1.0,1.0,-0.9604839323721267,-0.27833543729639587,33.0,166.57828681778363
evt_inv_008679_0,cust_b2b_031,inv_008679,2026-04-05T11:05:13.245973+00:00,12050178,SEND_REMINDER,0.8500000000000001,0,5.071473348277832,0.3404255319148936,-0.3125036993041019,0.0,1.0,-0.960526276824551,-0.2781892728513554,35.0,166.80060092093245
evt_inv_004378_0,cust_b2b_012,inv_004378,2026-04-05T11:06:51.389007+00:00,2820865,SEND_REMINDER,0.8500000000000001,1,5.789341931955508,0.4931506849315068,-0.6624610104840188,0.0,1.0,-0.9605483347169764,-0.2781131005048905,37.0,168.4174446600813
evt_inv_007285_1,cust_b2b_001,inv_007285,2026-04-05T11:07:26.252971+00:00,5704933,OFFER_PAYMENT_PLAN,0.8500000000000001,0,20.19759064239275,0.07092198581560284,-0.4370930483126422,1.0,1.0,-0.9605561690260399,-0.27808604090464145,27.0,158.347623359984
evt_inv_006882_1,cust_b2b_003,inv_006882,2026-04-05T11:31:01.138791+00:00,6340394,OFFER_PAYMENT_PLAN,0.8500000000000001,1,21.490536855907774,0.17365269461077845,0.8081545587582316,1.0,1.0,-0.9608734658609487,-0.2769876939583568,29.0,160.40819090301602
evt_inv_000962_1,cust_b2b_005,inv_000962,2026-04-05T11:41:55.241364+00:00,7219294,OFFER_PAYMENT_PLAN,0.8500000000000001,0,17.04383517809552,0.2546583850931677,-0.17823169701405364,1.0,1.0,-0.9610197278959157,-0.276479805039826,32.0,165.82720263477196
evt_inv_000425_1,cust_b2b_023,inv_000425,2026-04-05T12:09:14.410101+00:00,1547807,OFFER_PAYMENT_PLAN,0.8500000000000001,1,23.9046932107928,0.4117647058823529,-0.7812034920767675,1.0,1.0,-0.9613850784010586,-0.2752067060007632,30.0,158.79946120992693
evt_inv_005963_1,cust_b2b_010,inv_005963,2026-04-05T12:10:35.498800+00:00,2730145,OFFER_PAYMENT_PLAN,0.8500000000000001,0,19.007335035679322,0.17266187050359713,-0.16093746865824732,1.0,1.0,-0.9614031082983764,-0.2751437140009206,36.0,165.18089228600826
evt_inv_004558_1,cust_b2b_030,inv_004558,2026-04-05T12:35:21.669760+00:00,3015296,OFFER_PAYMENT_PLAN,0.8500000000000001,0,20.393994240541574,0.3291139240506329,0.6764407188246183,1.0,1.0,-0.9617328241030861,-0.2739890053317875,34.0,173.37132543102848
evt_inv_008192_0,cust_b2b_021,inv_008192,2026-04-05T12:59:59.333697+00:00,7799453,SEND_REMINDER,0.8500000000000001,0,1.8220997511323107,0.34615384615384615,-0.37245296180947207,0.0,1.0,-0.9620592775796059,-0.27284051462898035,31.0,167.54719379337527
evt_inv_004383_0,cust_b2b_016,inv_004383,2026-04-05T13:40:18.527411+00:00,8999638,SEND_REMINDER,0.8500000000000001,0,4.0194097074487685,0.2824858757062147,-0.23596743434570364,0.0,1.0,-0.9625907779070013,-0.27095939601422575,36.0,161.2579240549777
evt_inv_007710_0,cust_b2b_029,inv_007710,2026-04-05T13:57:17.927280+00:00,5255483,SEND_REMINDER,0.8500000000000001,0,8.229751634041097,0.2196969696969697,-0.15302609715909632,0.0,1.0,-0.9628136401372507,-0.2701664197594822,28.0,169.64656282806698
evt_inv_007568_0,cust_b2b_009,inv_007568,2026-04-05T14:17:13.912848+00:00,7824043,SEND_REMINDER,0.8500000000000001,0,2.324971043074741,0.18787878787878787,0.8344771856391723,0.0,1.0,-0.9630742749120491,-0.2692358464295401,36.0,163.49575786495015
evt_inv_005800_0,cust_b2b_003,inv_005800,2026-04-05T14:32:11.460618+00:00,4273737,WRITE_OFF,0.05,0,4.208199530809557,0.17857142857142858,-0.27014127727380005,0.0,1.0,-0.9632692819733017,-0.26853731659983443,30.0,160.53400481305187
evt_inv_002271_0,cust_b2b_017,inv_002271,2026-04-05T14:39:39.725938+00:00,6856826,SEND_REMINDER,0.8500000000000001,0,9.836166575468145,0.3096774193548387,0.12734904547276588,0.0,1.0,-0.9633664853084879,-0.2681883945743568,23.0,170.12613902639404
evt_inv_007912_0,cust_b2b_018,inv_007912,2026-04-05T14:50:25.463204+00:00,1788596,SEND_REMINDER,0.8500000000000001,1,3.0893409519846786,0.5970149253731343,-0.30312748974008846,0.0,1.0,-0.9635062869419349,-0.26768570194047686,26.0,159.04367198661345
evt_inv_006227_0,cust_b2b_008,inv_006227,2026-04-05T14:54:38.971498+00:00,5455437,SEND_REMINDER,0.8500000000000001,1,3.6681173007103745,0.2907801418439716,-0.8099603149914916,0.0,1.0,-0.9635610995954684,-0.2674883312340403,31.0,157.790015386082
evt_inv_008153_1,cust_b2b_030,inv_008153,2026-04-05T15:16:49.791725+00:00,2536128,OFFER_PAYMENT_PLAN,0.8500000000000001,0,16.252822579268788,0.3270440251572327,0.17166474713254093,1.0,1.0,-0.9638481814907417,-0.266452027646611,35.0,173.48345647228345
evt_inv_005435_0,cust_b2b_003,inv_005435,2026-04-05T15:33:43.656581+00:00,5368699,SEND_REMINDER,0.8500000000000001,1,4.387380058550237,0.17751479289940827,0.3011645509917576,0.0,1.0,-0.9640661424401851,-0.2656623289073948,30.0,160.57673856262758
evt_inv_000817_1,cust_b2b_034,inv_000817,2026-04-05T15:48:08.985491+00:00,5455916,SEND_REMINDER,0.05,1,22.224920961629465,0.5,0.12251941387787184,1.0,1.0,-0.9642516593235139,-0.26498818368344285,20.0,155.5817916216626
evt_inv_006841_0,cust_b2b_021,inv_006841,2026-04-05T15:58:54.049254+00:00,12073279,SEND_REMINDER,0.8500000000000001,0,2.3404677719924214,0.34394904458598724,0.7933680874803161,0.0,1.0,-0.9643896471266138,-0.2644855544543129,32.0,167.6714381863963
evt_inv_005326_0,cust_b2b_012,inv_005326,2026-04-05T16:09:45.066584+00:00,4478501,SEND_REMINDER,0.8500000000000001,0,5.549430367139957,0.4965986394557823,0.4173393048322367,0.0,1.0,-0.9645286428370098,-0.26397821339458294,38.0,168.62778815055813
evt_inv_001292_0,cust_b2b_015,inv_001292,2026-04-05T16:14:22.901632+00:00,7660610,WRITE_OFF,0.05,1,3.324873766549767,0.16891891891891891,-0.5094756440983,0.0,1.0,-0.9645878808621579,-0.263761672905393,33.0,166.80365506729459
evt_inv_002423_0,cust_b2b_029,inv_002423,2026-04-05T16:41:32.339936+00:00,5371171,SEND_REMINDER,0.8500000000000001,0,2.4893484575533074,0.21804511278195488,-0.10136278930654605,0.0,1.0,-0.96493431947195,-0.2624914457752954,29.0,169.76061853009895
evt_inv_007796_1,cust_b2b_030,inv_007796,2026-04-05T16:50:21.873026+00:00,2343792,OFFER_PAYMENT_PLAN,0.8500000000000001,1,16.292986643199004,0.325,-0.03094997107568302,1.0,1.0,-0.9650465446177273,-0.26207855067018515,36.0,173.5484111169703
evt_inv_001358_0,cust_b2b_024,inv_001358,2026-04-05T17:01:29.948025+00:00,5324298,OFFER_PAYMENT_PLAN,0.05,1,5.629977115422271,0.16149068322981366,0.42703561607446194,0.0,1.0,-0.9651878792004407,-0.26155756124523605,35.0,163.92732845386658
evt_inv_000147_0,cust_b2b_034,inv_000147,2026-04-05T17:11:26.479252+00:00,6529325,SEND_REMINDER,0.8500000000000001,1,3.5731109854856076,0.5039370078740157,0.6384796280341983,0.0,1.0,-0.9653138406503539,-0.2610922998651307,21.0,155.63963298463963
evt_inv_008413_0,cust_b2b_022,inv_008413,2026-04-05T17:23:00.838910+00:00,1813404,SEND_REMINDER,0.8500000000000001,0,1.8155261623744496,0.26119402985074625,-0.09389402906985155,0.0,1.0,-0.9654601767463264,-0.26055066132511,26.0,162.27428950357688
evt_inv_008375_0,cust_b2b_022,inv_008375,2026-04-05T17:23:25.200019+00:00,1871040,SEND_REMINDER,0.8500000000000001,0,8.69605378174792,0.25925925925925924,-0.01741971518872574,0.0,1.0,-0.9654653053247804,-0.260531656836801,27.0,162.27457146085126
evt_inv_006730_0,cust_b2b_014,inv_006730,2026-04-05T17:24:36.727406+00:00,10593536,ESCALATE_COLLECTIONS,0.05,0,2.7687474813269355,0.24444444444444444,-0.0014122728398116404,0.0,1.0,-0.9654803613374379,-0.26047585660043504,30.0,171.96432766619262
evt_inv_004232_1,cust_b2b_037,inv_004232,2026-04-05T17:45:04.447454+00:00,2771209,OFFER_PAYMENT_PLAN,0.8500000000000001,0,20.826181102493162,0.2848101265822785,-0.10852219613298661,1.0,1.0,-0.9657382849912866,-0.2595179471676064,37.0,165.95330392710642
evt_inv_005429_1,cust_b2b_034,inv_005429,2026-04-05T18:06:36.356608+00:00,7390299,ESCALATE_COLLECTIONS,0.05,1,21.018756232650894,0.5078125,1.0523279625527913,1.0,1.0,-0.9660086674775228,-0.25850967942864506,22.0,155.67794175033546
evt_inv_006033_0,cust_b2b_025,inv_006033,2026-04-05T18:13:30.911730+00:00,11214687,SEND_REMINDER,0.8500000000000001,0,7.512850707987211,0.22842639593908629,0.2645730279418355,0.0,1.0,-0.966095206265483,-0.2581860810168783,32.0,166.87789324484496
evt_inv_003820_0,cust_b2b_027,inv_003820,2026-04-05T18:32:32.272803+00:00,1990103,OFFER_PAYMENT_PLAN,0.05,1,6.450053044039565,0.18674698795180722,-0.7113256954727007,0.0,1.0,-0.9663329064033255,-0.2572949941256181,34.0,158.85437377530533
evt_inv_002391_0,cust_b2b_010,inv_002391,2026-04-05T18:34:02.703201+00:00,2831387,SEND_REMINDER,0.8500000000000001,0,9.17576464671627,0.17142857142857143,-0.0741982544194027,0.0,1.0,-0.966351704323493,-0.25722438366352474,37.0,165.44717937398278
evt_inv_005642_0,cust_b2b_003,inv_005642,2026-04-05T18:37:19.564774+00:00,4706196,SEND_REMINDER,0.8500000000000001,0,5.207250338913934,0.18235294117647058,-0.04450203068504904,0.0,1.0,-0.9663926084304342,-0.2570706641587515,30.0,160.70423750004045
evt_inv_005728_0,cust_b2b_011,inv_005728,2026-04-05T18:38:59.548949+00:00,1791337,SEND_REMINDER,0.8500000000000001,0,4.577125706869374,0.3945578231292517,0.23915681645033438,0.0,1.0,-0.9664133738852971,-0.2569925889508039,28.0,168.57404635663855
evt_inv_004870_0,cust_b2b_028,inv_004870,2026-04-05T18:39:28.815912+00:00,4509597,SEND_REMINDER,0.8500000000000001,0,1.441593892488111,0.36486486486486486,-0.3077643849586691,0.0,1.0,-0.9664194510718418,-0.2569697347743503,34.0,155.57522728505842
evt_inv_004621_1,cust_b2b_025,inv_004621,2026-04-05T18:58:27.747614+00:00,10181064,OFFER_PAYMENT_PLAN,0.8500000000000001,1,16.075998550350562,0.22727272727272727,0.009770938081896373,1.0,1.0,-0.9666555266215309,-0.2560802468993865,33.0,166.90910662313775
evt_inv_005465_0,cust_b2b_032,inv_005465,2026-04-05T19:28:31.660921+00:00,8334737,SEND_REMINDER,0.8500000000000001,0,5.038154794871099,0.13917525773195877,0.6730039202350317,0.0,1.0,-0.9670277629658757,-0.25467097528618016,37.0,173.74641398607807
evt_inv_008160_0,cust_b2b_029,inv_008160,2026-04-05T19:28:33.636086+00:00,5283585,SEND_REMINDER,0.8500000000000001,1,5.267113768712771,0.21641791044776118,-0.14047651398849,0.0,1.0,-0.9670281694139461,-0.25466943193071384,29.0,169.87660575406255
evt_inv_005212_1,cust_b2b_008,inv_005212,2026-04-05T19:31:18.957118+00:00,7354925,OFFER_PAYMENT_PLAN,0.8500000000000001,1,18.888087717353027,0.29577464788732394,-0.22151803745876478,1.0,1.0,-0.9670621803341529,-0.2545402509768433,31.0,157.98214484928005
evt_inv_004032_0,cust_b2b_038,inv_004032,2026-04-05T19:54:46.873094+00:00,2767764,SEND_REMINDER,0.8500000000000001,1,4.100745125695732,0.302158273381295,-0.89556779968994,0.0,1.0,-0.9673511266572592,-0.2534399292829195,29.0,168.83174026104888
evt_inv_003048_0,cust_b2b_020,inv_003048,2026-04-05T19:58:01.586150+00:00,6393348,SEND_REMINDER,0.8500000000000001,1,3.4147372884451075,0.4088050314465409,0.48104263508805684,0.0,1.0,-0.9673909890447594,-0.25328773028909685,30.0,157.02438661211895
evt_inv_002386_1,cust_b2b_031,inv_002386,2026-04-05T19:59:11.119511+00:00,27159273,OFFER_PAYMENT_PLAN,0.8500000000000001,0,16.989222697981702,0.3380281690140845,2.4302846326429237,1.0,1.0,-0.9674052183728042,-0.2532333774704018,36.0,167.17140964244405
evt_inv_005528_0,cust_b2b_032,inv_005528,2026-04-05T19:59:11.289231+00:00,8359193,SEND_REMINDER,0.8500000000000001,0,6.773380867218107,0.13846153846153847,0.6823140445790824,0.0,1.0,-0.9674052531006492,-0.25323324480263043,38.0,173.7677059804073
evt_inv_000751_0,cust_b2b_027,inv_000751,2026-04-05T20:22:04.054239+00:00,2370039,SEND_REMINDER,0.8500000000000001,0,6.590117155622008,0.19161676646706588,-0.3698456179075542,0.0,1.0,-0.967685550658815,-0.25216001873045985,35.0,158.9304360604477
evt_inv_006628_0,cust_b2b_023,inv_006628,2026-04-05T20:24:06.803838+00:00,2920009,SEND_REMINDER,0.8500000000000001,1,2.52998057866915,0.4155844155844156,0.7425884370605116,0.0,1.0,-0.9677105562580272,-0.25206403810694544,30.0,159.14312317447127
evt_inv_002029_0,cust_b2b_013,inv_002029,2026-04-05T20:31:02.229069+00:00,2781477,SEND_REMINDER,0.8500000000000001,1,8.5361240342365,0.21142857142857144,0.38028291964879424,0.0,1.0,-0.9677951128441643,-0.25173918954932545,35.0,169.55221029814967
evt_inv_008183_0,cust_b2b_038,inv_008183,2026-04-05T20:43:37.452429+00:00,5411198,SEND_REMINDER,0.8500000000000001,0,7.14354328946234,0.30714285714285716,0.6367922344160225,0.0,1.0,-0.967948553378808,-0.25114855765437466,30.0,168.8656590033551
evt_inv_006844_0,cust_b2b_015,inv_006844,2026-04-05T20:45:08.951448+00:00,8247711,SEND_REMINDER,0.8500000000000001,0,2.8126025651537985,0.174496644295302,-0.35692414209871864,0.0,1.0,-0.9679671189734719,-0.25107699334307093,31.0,166.9916880512762
evt_inv_001092_0,cust_b2b_032,inv_001092,2026-04-05T21:03:42.150883+00:00,5792215,OFFER_PAYMENT_PLAN,0.05,0,1.939810429169296,0.1377551020408163,-0.29492513942981363,0.0,1.0,-0.9681925687370379,-0.25020621463580056,39.0,173.8125076198984
evt_inv_005684_1,cust_b2b_014,inv_005684,2026-04-05T21:41:46.954995+00:00,11727856,WRITE_OFF,0.05,0,19.924673361918796,0.2426470588235294,0.26612803892915826,1.0,1.0,-0.9686528426647771,-0.2484183374822528,30.0,172.1429182632809
evt_inv_008588_0,cust_b2b_020,inv_008588,2026-04-05T21:45:32.884031+00:00,4250030,SEND_REMINDER,0.8500000000000001,0,1.6366753665999487,0.4125,-0.5183277808678766,0.0,1.0,-0.9686981767350891,-0.2482415001366897,31.0,157.09905441166643
evt_inv_007965_0,cust_b2b_039,inv_007965,2026-04-05T21:54:40.586506+00:00,9149299,SEND_REMINDER,0.8500000000000001,0,4.133226724185337,0.424,-0.39764492652136446,0.0,1.0,-0.9688079426561466,-0.24781277256502482,22.0,158.80876786323668
evt_inv_000371_0,cust_b2b_020,inv_000371,2026-04-05T21:57:00.268944+00:00,5632595,SEND_REMINDER,0.8500000000000001,1,8.315098974798378,0.40993788819875776,0.1263243047184762,0.0,1.0,-0.968835906269231,-0.24770342493287786,32.0,157.10701025557051
evt_inv_003442_0,cust_b2b_007,inv_003442,2026-04-05T22:30:10.405488+00:00,4669838,SEND_REMINDER,0.8500000000000001,1,9.812141589977584,0.3176470588235294,0.2267004961563747,0.0,1.0,-0.969232979297671,-0.2461451438516722,31.0,172.73893012994822
evt_inv_004723_0,cust_b2b_012,inv_004723,2026-04-05T22:36:28.571414+00:00,3594532,ESCALATE_COLLECTIONS,0.05,1,2.814431722553362,0.49324324324324326,-0.15848708384211893,0.0,1.0,-0.9693081478045913,-0.24584896705016393,39.0,168.8963472342374
evt_inv_007926_0,cust_b2b_025,inv_007926,2026-04-05T22:39:59.526812+00:00,9499709,SEND_REMINDER,0.8500000000000001,0,4.16674107434897,0.23115577889447236,-0.15819247240118833,0.0,1.0,-0.9693500403438587,-0.2456837383413061,32.0,167.06294666015035
evt_inv_006086_0,cust_b2b_003,inv_006086,2026-04-05T22:50:39.013457+00:00,2966315,SEND_REMINDER,0.8500000000000001,0,8.505729409792313,0.18128654970760233,-0.9522997404017155,0.0,1.0,-0.9694768605801652,-0.24518282321489568,31.0,160.8801570449887
evt_inv_001278_1,cust_b2b_026,inv_001278,2026-04-05T23:17:22.970840+00:00,5718406,OFFER_PAYMENT_PLAN,0.8500000000000001,0,24.235042074839633,0.3167701863354037,0.49708036190809984,1.0,1.0,-0.9697938115830701,-0.24392614254150952,26.0,158.1069567252845
evt_inv_006055_0,cust_b2b_000,inv_006055,2026-04-05T23:34:01.763469+00:00,4834536,OFFER_PAYMENT_PLAN,0.05,0,1.152755954789412,0.3732394366197183,-0.03397630821273153,0.0,1.0,-0.9699903556509994,-0.24314339379067587,32.0,165.6301018089289
evt_inv_003080_0,cust_b2b_024,inv_003080,2026-04-05T23:43:49.879619+00:00,4935383,OFFER_PAYMENT_PLAN,0.05,0,7.960033006276368,0.16666666666666666,0.21322987463717957,0.0,1.0,-0.9701057906006626,-0.24268241601538276,36.0,164.20672581027995
evt_inv_006732_0,cust_b2b_014,inv_006732,2026-04-05T23:52:28.369406+00:00,7070065,SEND_REMINDER,0.8500000000000001,0,8.57811988343322,0.24087591240875914,-0.8324570175585613,0.0,1.0,-0.970207377640172,-0.2422759673855018,29.0,172.23367537451915
evt_inv_006212_1,cust_b2b_038,inv_006212,2026-04-06T00:04:55.013737+00:00,4834060,OFFER_PAYMENT_PLAN,0.8500000000000001,0,16.576991820743427,0.3049645390070922,0.30223425877025983,1.0,1.0,-0.9703533675229867,-0.24169059174241625,31.0,169.00544559256673
evt_inv_003965_0,cust_b2b_008,inv_003965,2026-04-06T00:28:30.982181+00:00,6970476,SEND_REMINDER,0.8500000000000001,0,2.128541309624401,0.3006993006993007,-0.3406164495456529,0.0,1.0,-0.9706292589592759,-0.24058021874661042,31.0,158.18853402825212
evt_inv_008622_0,cust_b2b_027,inv_008622,2026-04-06T00:41:11.273752+00:00,2754706,SEND_REMINDER,0.8500000000000001,0,5.548762580762516,0.19047619047619047,-0.024112719956609678,0.0,1.0,-0.9707768721394424,-0.23998388387381486,35.0,159.1103807307422
evt_inv_003423_1,cust_b2b_000,inv_003423,2026-04-06T00:55:46.962988+00:00,6202917,OFFER_PAYMENT_PLAN,0.8500000000000001,0,23.187219990834894,0.3706293706293706,0.6640139268960086,1.0,1.0,-0.9709464361536634,-0.23929692459473878,33.0,165.68687495150945
evt_inv_001528_1,cust_b2b_032,inv_001528,2026-04-06T00:57:48.622480+00:00,6548161,OFFER_PAYMENT_PLAN,0.8500000000000001,0,16.44683063805888,0.13705583756345177,-0.007139354257892524,1.0,1.0,-0.9709699552217801,-0.23920147586629645,40.0,173.97508252263853
evt_inv_004787_0,cust_b2b_014,inv_004787,2026-04-06T01:18:41.228919+00:00,10204668,SEND_REMINDER,0.8500000000000001,0,8.944573881845653,0.2391304347826087,-0.09313053810446975,0.0,1.0,-0.971211561923346,-0.23821860126030162,29.0,172.29354643370323
evt_inv_001572_0,cust_b2b_032,inv_001572,2026-04-06T01:25:20.441695+00:00,7120257,WRITE_OFF,0.05,0,3.305848843745562,0.13636363636363635,0.2106556001773018,0.0,1.0,-0.9712883542881288,-0.2379053022197244,41.0,173.99420080059258
evt_inv_007822_0,cust_b2b_038,inv_007822,2026-04-06T01:42:12.663591+00:00,6277301,ESCALATE_COLLECTIONS,0.05,0,6.916337682522127,0.3028169014084507,1.138859978984411,0.0,1.0,-0.9714826117504468,-0.23711080757006953,32.0,169.07301098439868
evt_inv_002522_0,cust_b2b_015,inv_002522,2026-04-06T01:54:09.654865+00:00,14461424,SEND_REMINDER,0.8500000000000001,1,5.393627626257925,0.17333333333333334,1.2576400609836262,0.0,1.0,-0.9716198177395958,-0.23654794392611964,32.0,167.20627952600867
evt_inv_008159_0,cust_b2b_028,inv_008159,2026-04-06T01:57:42.408181+00:00,8375807,SEND_REMINDER,0.8500000000000001,0,8.88922862626442,0.3624161073825503,1.5717038077054386,0.0,1.0,-0.9716604682283226,-0.23638090972478462,35.0,155.87955126965417
evt_inv_000746_0,cust_b2b_025,inv_000746,2026-04-06T02:01:48.996663+00:00,12094566,SEND_REMINDER,0.8500000000000001,0,2.727170178552055,0.23,0.48147499846144476,0.0,1.0,-0.9717075476277882,-0.2361873025443785,33.0,167.20310256120354
evt_inv_000820_1,cust_b2b_021,inv_000820,2026-04-06T02:27:28.346300+00:00,9423075,OFFER_PAYMENT_PLAN,0.8500000000000001,0,22.490093681039575,0.34177215189873417,0.07044131952538972,1.0,1.0,-0.9720005726414647,-0.23497848153536277,32.0,168.10794625406277
evt_inv_003893_0,cust_b2b_018,inv_003893,2026-04-06T02:32:36.505387+00:00,1210628,SEND_REMINDER,0.8500000000000001,1,1.883774069915477,0.6,-1.013026991814855,0.0,1.0,-0.9720590520491447,-0.23473644652954567,27.0,159.53129978966015
evt_inv_000470_0,cust_b2b_039,inv_000470,2026-04-06T02:36:20.033649+00:00,7078248,SEND_REMINDER,0.8500000000000001,1,8.415461217280846,0.42063492063492064,-0.8735375566166579,0.0,1.0,-0.9721014333357904,-0.23456087334954637,23.0,159.00436331628666
evt_inv_000563_1,cust_b2b_009,inv_000563,2026-04-06T02:42:08.940127+00:00,6665941,OFFER_PAYMENT_PLAN,0.8500000000000001,0,17.6114319196568,0.18674698795180722,0.34091364750231035,1.0,1.0,-0.9721675231340031,-0.23428680492827075,35.0,164.01306142142153
evt_inv_001329_0,cust_b2b_019,inv_001329,2026-04-06T02:42:10.323103+00:00,2788080,SEND_REMINDER,0.8500000000000001,0,6.130666689546945,0.41007194244604317,-0.4538772941146095,0.0,1.0,-0.9721677849433188,-0.23428571855407868,28.0,168.05085227625148
evt_inv_007080_1,cust_b2b_004,inv_007080,2026-04-06T02:45:49.520740+00:00,3283125,OFFER_PAYMENT_PLAN,0.8500000000000001,0,18.770840222270927,0.1935483870967742,0.11627932287597982,1.0,1.0,-0.9722092656051065,-0.2341135277415201,37.0,170.42446069146308
evt_inv_002818_1,cust_b2b_002,inv_002818,2026-04-06T03:00:57.383648+00:00,4223377,ESCALATE_COLLECTIONS,0.05,1,22.62604991484968,0.15789473684210525,0.27717469250625554,1.0,1.0,-0.9723807435826319,-0.23340027744132585,29.0,168.70125887431263
evt_inv_007332_0,cust_b2b_038,inv_007332,2026-04-06T03:19:28.095280+00:00,5015145,ESCALATE_COLLECTIONS,0.05,0,8.111704373108644,0.3006993006993007,0.40720638552086236,0.0,1.0,-0.972589824099306,-0.232527490973607,31.0,169.14055070302527
evt_inv_003854_0,cust_b2b_035,inv_003854,2026-04-06T03:48:17.906972+00:00,7693203,SEND_REMINDER,0.8500000000000001,1,6.695920884285053,0.35119047619047616,1.1355152653168923,0.0,1.0,-0.9729138839673978,-0.23116784893984044,23.0,172.9695660560955
evt_inv_003609_0,cust_b2b_036,inv_003609,2026-04-06T03:50:05.961194+00:00,4134942,SEND_REMINDER,0.8500000000000001,0,2.7685164875036543,0.31176470588235294,0.2636978589773074,0.0,1.0,-0.9729340635875278,-0.23108290268009993,28.0,170.613650553222
evt_inv_006588_0,cust_b2b_034,inv_006588,2026-04-06T04:04:07.310830+00:00,5351647,SEND_REMINDER,0.8500000000000001,1,7.529861999820905,0.5116279069767442,0.07240016329627956,0.0,1.0,-0.9730909357639644,-0.23042141986805828,21.0,156.092883350127
evt_inv_004288_0,cust_b2b_009,inv_004288,2026-04-06T04:11:28.085165+00:00,6517362,SEND_REMINDER,0.8500000000000001,0,4.036193216043346,0.18562874251497005,0.27759173782405305,0.0,1.0,-0.9731729399505501,-0.23007483336515333,36.0,164.07508856306274
evt_inv_004282_0,cust_b2b_032,inv_004282,2026-04-06T04:51:05.355884+00:00,7392088,SEND_REMINDER,0.8500000000000001,0,5.930099791319123,0.135678391959799,0.314140553082105,0.0,1.0,-0.9736130924700194,-0.22820505290410514,40.0,174.1370817518498
evt_inv_000259_0,cust_b2b_019,inv_000259,2026-04-06T04:54:35.387600+00:00,2767502,SEND_REMINDER,0.8500000000000001,1,7.478864293385375,0.40714285714285714,-0.468978886304275,0.0,1.0,-0.9736518072233986,-0.22803981733594225,29.0,168.14280904126176
evt_inv_006360_0,cust_b2b_030,inv_006360,2026-04-06T04:58:33.046493+00:00,3107440,SEND_REMINDER,0.8500000000000001,1,6.202340427264614,0.32919254658385094,0.7735094927644122,0.0,1.0,-0.9736955806241973,-0.2278528390714221,36.0,174.0540959950663
evt_inv_008201_0,cust_b2b_024,inv_008201,2026-04-06T05:15:21.848897+00:00,5559659,SEND_REMINDER,0.8500000000000001,0,9.355531640953146,0.1656441717791411,0.5564257335142117,0.0,1.0,-0.9738809880222958,-0.2270590697785861,37.0,164.43695693617542
evt_inv_004748_0,cust_b2b_001,inv_004748,2026-04-06T05:55:17.149719+00:00,6794647,SEND_REMINDER,0.8500000000000001,0,5.037004244148294,0.07042253521126761,-0.04305194757406747,0.0,1.0,-0.9743186268920005,-0.22517374023470535,27.0,159.13085133161053
evt_inv_004644_0,cust_b2b_038,inv_004644,2026-04-06T06:10:21.766816+00:00,3755562,SEND_REMINDER,0.8500000000000001,1,4.249658040369137,0.2986111111111111,-0.322955359194338,0.0,1.0,-0.9744829576179967,-0.22446150073471732,31.0,169.25922745690974
evt_inv_005579_0,cust_b2b_028,inv_005579,2026-04-06T06:13:52.218111+00:00,5949400,SEND_REMINDER,0.8500000000000001,1,1.6242115937347508,0.36,0.3921627778854868,0.0,1.0,-0.9745211130819709,-0.22429578720403212,36.0,156.05744258828486
evt_inv_002581_0,cust_b2b_036,inv_002581,2026-04-06T06:14:26.107280+00:00,4012761,SEND_REMINDER,0.8500000000000001,1,7.029283463455922,0.30994152046783624,0.18203485156985552,0.0,1.0,-0.9745272546577117,-0.22426910159293797,29.0,170.71388372551417
evt_inv_000951_1,cust_b2b_013,inv_000951,2026-04-06T06:26:02.550772+00:00,3005410,OFFER_PAYMENT_PLAN,0.8500000000000001,0,24.85033559578887,0.2159090909090909,0.6121699621915289,1.0,1.0,-0.9746533060375357,-0.2237206584786074,36.0,169.9654084660052
evt_inv_002838_0,cust_b2b_029,inv_002838,2026-04-06T06:26:09.389086+00:00,4742147,SEND_REMINDER,0.8500000000000001,1,7.692544901597217,0.2222222222222222,-0.3822700411531158,0.0,1.0,-0.9746545421942107,-0.2237152730150394,29.0,170.33326956193164
evt_inv_003473_0,cust_b2b_023,inv_003473,2026-04-06T06:31:45.741782+00:00,2560997,SEND_REMINDER,0.8500000000000001,0,5.603294884175792,0.41935483870967744,0.3439156163609953,0.0,1.0,-0.9747153076790073,-0.2234503725130443,30.0,159.56510162289666
evt_inv_003594_0,cust_b2b_030,inv_003594,2026-04-06T06:32:53.163189+00:00,2677855,OFFER_PAYMENT_PLAN,0.05,0,1.107321035671489,0.3333333333333333,0.32096600249059787,0.0,1.0,-0.974727479369601,-0.22339727160774372,37.0,174.1196066049703
evt_inv_004680_0,cust_b2b_020,inv_004680,2026-04-06T06:37:00.039773+00:00,6348995,SEND_REMINDER,0.8500000000000001,0,2.885875265033438,0.41358024691358025,0.4603623063560781,0.0,1.0,-0.9747720236899673,-0.22320282666526817,33.0,157.46811871424057
evt_inv_007745_0,cust_b2b_029,inv_007745,2026-04-06T06:50:16.237194+00:00,6091114,SEND_REMINDER,0.8500000000000001,1,7.715496540860522,0.22794117647058823,0.2201468975206887,0.0,1.0,-0.9749154185262765,-0.222575665156223,30.0,170.3500154891076
evt_inv_003940_0,cust_b2b_021,inv_003940,2026-04-06T06:50:18.072311+00:00,11769341,SEND_REMINDER,0.8500000000000001,1,7.614763586643824,0.33962264150943394,0.7104594028895568,0.0,1.0,-0.974915748564062,-0.22257421953536002,32.0,168.29046623104156
evt_inv_005658_0,cust_b2b_023,inv_005658,2026-04-06T06:57:00.385648+00:00,3901665,WRITE_OFF,0.05,1,6.362771721102021,0.4166666666666667,1.8326904389309566,0.0,1.0,-0.974988051110165,-0.22225728377806275,31.0,159.58263222319496
evt_inv_003842_0,cust_b2b_032,inv_003842,2026-04-06T07:07:07.364137+00:00,9159068,SEND_REMINDER,0.8500000000000001,0,8.910531716630432,0.135,0.986823349156911,0.0,1.0,-0.975096940473733,-0.22177907177812184,41.0,174.23154943996485
evt_inv_001306_1,cust_b2b_038,inv_001306,2026-04-06T07:09:00.619497+00:00,6582321,OFFER_PAYMENT_PLAN,0.8500000000000001,0,23.197043148805395,0.30344827586206896,1.3156753859516133,1.0,1.0,-0.9751172320395703,-0.2216898368881323,31.0,169.2999549184923
evt_inv_003172_0,cust_b2b_036,inv_003172,2026-04-06T07:29:30.212227+00:00,3325243,SEND_REMINDER,0.8500000000000001,0,3.5826335648083445,0.313953488372093,-0.2774860883815123,0.0,1.0,-0.9753370082153537,-0.2207209106666674,30.0,170.76601456981396
evt_inv_001540_0,cust_b2b_035,inv_001540,2026-04-06T08:13:31.369129+00:00,6172748,SEND_REMINDER,0.8500000000000001,1,5.468191633721209,0.35502958579881655,0.4170058545012253,0.0,1.0,-0.9758058306046434,-0.2186389282766952,24.0,173.15374964587818
evt_inv_007410_0,cust_b2b_037,inv_007410,2026-04-06T08:26:00.390977+00:00,2759460,SEND_REMINDER,0.8500000000000001,0,8.156596415477786,0.2830188679245283,-0.1186614334485664,0.0,1.0,-0.9759379780021122,-0.21804830449501,36.0,166.56506253269694
evt_inv_003037_0,cust_b2b_018,inv_003037,2026-04-06T08:28:15.964462+00:00,1452445,SEND_REMINDER,0.8500000000000001,1,6.4395003596817615,0.6029411764705882,-0.7160107961577757,0.0,1.0,-0.9759618585676321,-0.21794139262933337,27.0,159.7782842696869
evt_inv_005711_0,cust_b2b_026,inv_005711,2026-04-06T08:59:26.727997+00:00,6036284,SEND_REMINDER,0.8500000000000001,1,6.92850425409471,0.3148148148148148,0.6636835248047035,0.0,1.0,-0.9762901878882213,-0.21646586112637145,27.0,158.51116687755723
evt_inv_003993_0,cust_b2b_027,inv_003993,2026-04-06T09:19:55.277450+00:00,3944961,SEND_REMINDER,0.8500000000000001,0,5.016621138121295,0.1893491124260355,1.0456696967027304,0.0,1.0,-0.9765045916009831,-0.21549659529142692,36.0,159.47061225502082
evt_inv_004595_0,cust_b2b_008,inv_004595,2026-04-06T09:23:36.206512+00:00,7108547,SEND_REMINDER,0.8500000000000001,0,8.609862195376092,0.2986111111111111,-0.2978435129783304,0.0,1.0,-0.9765430455710008,-0.2153222704387874,32.0,158.56012227281977
evt_inv_004541_0,cust_b2b_013,inv_004541,2026-04-06T09:40:49.974912+00:00,2773400,OFFER_PAYMENT_PLAN,0.05,0,5.088244103216896,0.21468926553672316,0.37191835728642125,0.0,1.0,-0.9767225653731498,-0.21450648076664983,37.0,170.1006795787428
evt_inv_005635_1,cust_b2b_015,inv_005635,2026-04-06T09:52:29.258316+00:00,11752304,OFFER_PAYMENT_PLAN,0.8500000000000001,0,17.171653628572336,0.17880794701986755,0.5537053246910693,1.0,1.0,-0.9768436135335475,-0.21395456222927617,33.0,167.53845086224007
evt_inv_001220_0,cust_b2b_006,inv_001220,2026-04-06T09:52:48.851851+00:00,5431525,WRITE_OFF,0.05,0,4.504165265429442,0.3161290322580645,-0.05428725939292337,0.0,1.0,-0.976847000744757,-0.213939096791523,28.0,169.54015258323838
evt_inv_000842_0,cust_b2b_015,inv_000842,2026-04-06T10:22:35.030137+00:00,9347636,SEND_REMINDER,0.8500000000000001,0,2.7829810297114292,0.17763157894736842,-0.0711207536963424,0.0,1.0,-0.9771547557094773,-0.21252901777016664,34.0,167.55935099905952
evt_inv_006115_0,cust_b2b_027,inv_006115,2026-04-06T10:41:16.802119+00:00,1968756,SEND_REMINDER,0.8500000000000001,0,9.34584588927005,0.18823529411764706,-0.7305123396797059,0.0,1.0,-0.977346994258639,-0.21164322057085574,37.0,159.52711138313322
evt_inv_001379_0,cust_b2b_034,inv_001379,2026-04-06T11:03:39.394929+00:00,5318079,OFFER_PAYMENT_PLAN,0.05,1,6.355203294204198,0.5153846153846153,0.056264664337105856,0.0,1.0,-0.9775760193162635,-0.2105828256476974,21.0,156.38422691609142
evt_inv_005997_1,cust_b2b_002,inv_005997,2026-04-06T11:21:28.060542+00:00,3810128,WRITE_OFF,0.05,0,17.69102394107317,0.16339869281045752,0.005433687395223959,1.0,1.0,-0.9777574944042563,-0.20973860430619515,28.0,169.04883615318252
evt_inv_006726_1,cust_b2b_020,inv_006726,2026-04-06T11:35:09.480669+00:00,6102356,OFFER_PAYMENT_PLAN,0.8500000000000001,0,24.988182966127077,0.4110429447852761,0.3453611033578292,1.0,1.0,-0.9778964880323929,-0.2090895948963313,34.0,157.67517242831264
evt_inv_001994_0,cust_b2b_029,inv_001994,2026-04-06T11:47:46.586884+00:00,5465237,SEND_REMINDER,0.8500000000000001,0,1.7438537429034062,0.23357664233576642,-0.059355026082377735,0.0,1.0,-0.9780242174951078,-0.20849131874752486,31.0,170.55661675866347
evt_inv_005679_0,cust_b2b_036,inv_005679,2026-04-06T11:48:59.950930+00:00,3235482,SEND_REMINDER,0.8500000000000001,1,9.185236557043877,0.31213872832369943,-0.3374798648435877,0.0,1.0,-0.9780365751050819,-0.20843334127898402,31.0,170.94621987888024
evt_inv_001089_1,cust_b2b_020,inv_001089,2026-04-06T11:54:11.290895+00:00,4852452,OFFER_PAYMENT_PLAN,0.8500000000000001,1,18.88470507941436,0.40853658536585363,-0.23743483853353067,1.0,1.0,-0.9780889796877983,-0.2081872902299314,35.0,157.6883878244405
evt_inv_001880_0,cust_b2b_012,inv_001880,2026-04-06T11:56:19.263229+00:00,3174067,SEND_REMINDER,0.8500000000000001,0,9.502088642804308,0.4966442953020134,-0.4323819021361078,0.0,1.0,-0.9781105019746978,-0.20808615025225652,38.0,169.4517950561743
evt_inv_000071_0,cust_b2b_029,inv_000071,2026-04-06T11:58:29.484772+00:00,6236240,SEND_REMINDER,0.8500000000000001,1,4.045426782463522,0.2318840579710145,0.28495650156447655,0.0,1.0,-0.9781323917959502,-0.20798323038056135,32.0,170.56405770645202
evt_inv_002011_1,cust_b2b_023,inv_002011,2026-04-06T12:03:11.934612+00:00,2435525,ESCALATE_COLLECTIONS,0.05,0,20.912338111172936,0.42038216560509556,0.20458267169227742,1.0,1.0,-0.9781798334836788,-0.20775998980997853,31.0,159.79526589176268
evt_inv_008271_0,cust_b2b_029,inv_008271,2026-04-06T12:24:04.233717+00:00,5874004,ESCALATE_COLLECTIONS,0.05,0,7.692562646963614,0.23741007194244604,0.12319040387775908,0.0,1.0,-0.978389562135177,-0.20677007690895824,33.0,170.581821004425
evt_inv_005203_0,cust_b2b_002,inv_005203,2026-04-06T12:40:41.728991+00:00,4358815,SEND_REMINDER,0.8500000000000001,0,2.1263303509730824,0.16233766233766234,0.3662349288976326,0.0,1.0,-0.9785559007792994,-0.20598142889594157,28.0,169.10385546393198
evt_inv_002143_0,cust_b2b_021,inv_002143,2026-04-06T12:43:02.460223+00:00,9306244,SEND_REMINDER,0.8500000000000001,0,3.4475340896549906,0.34375,0.03857201722076657,0.0,1.0,-0.9785793174338654,-0.2058701520149781,33.0,168.53542442446886
evt_inv_001366_0,cust_b2b_001,inv_001366,2026-04-06T12:59:04.976841+00:00,5871229,SEND_REMINDER,0.8500000000000001,0,5.767922060460192,0.06993006993006994,-0.37696040767504835,0.0,1.0,-0.9787391339597112,-0.2051090140773789,28.0,159.42515488625673
evt_inv_006105_0,cust_b2b_004,inv_006105,2026-04-06T13:10:10.841492+00:00,5093235,SEND_REMINDER,0.8500000000000001,0,5.677464312357397,0.19230769230769232,1.5587327957353636,0.0,1.0,-0.978849347878029,-0.20458238965941625,37.0,170.85804079276053
evt_inv_001746_1,cust_b2b_035,inv_001746,2026-04-06T13:42:02.810513+00:00,4864859,OFFER_PAYMENT_PLAN,0.8500000000000001,1,23.200435474133144,0.3588235294117647,-0.2010527826624228,1.0,1.0,-0.9791642419263744,-0.20306990750169904,25.0,173.38189132855692
evt_inv_001871_0,cust_b2b_026,inv_001871,2026-04-06T14:07:19.358689+00:00,5481600,SEND_REMINDER,0.8500000000000001,1,2.8950244680322186,0.31901840490797545,0.3729674690496432,0.0,1.0,-0.979412349681361,-0.20186988208159087,27.0,158.72497047352797
evt_inv_008363_0,cust_b2b_025,inv_008363,2026-04-06T14:09:42.880835+00:00,12496846,SEND_REMINDER,0.8500000000000001,1,6.855345386367954,0.22885572139303484,0.5806427098697025,0.0,1.0,-0.9794357537773035,-0.2017562990904753,33.0,167.70858733170388
evt_inv_000173_1,cust_b2b_024,inv_000173,2026-04-06T14:14:27.948809+00:00,9193237,WRITE_OFF,0.05,0,19.05954796270224,0.16463414634146342,2.553987167120032,1.0,1.0,-0.9794822006268971,-0.20153068911481167,35.0,164.81133309256128
evt_inv_001361_0,cust_b2b_012,inv_001361,2026-04-06T14:14:52.140175+00:00,3723939,SEND_REMINDER,0.8500000000000001,0,5.508470780912261,0.49333333333333335,-0.07418968887952247,0.0,1.0,-0.979486139795562,-0.20151154296562984,39.0,169.54800890971327
evt_inv_008133_0,cust_b2b_012,inv_008133,2026-04-06T14:19:01.110480+00:00,3679042,SEND_REMINDER,0.8500000000000001,1,6.821057237922783,0.4900662251655629,-0.1034360938503254,0.0,1.0,-0.979526658794309,-0.20131449205473853,40.0,169.55089051046477
evt_inv_004035_0,cust_b2b_013,inv_004035,2026-04-06T14:19:08.165315+00:00,2879375,SEND_REMINDER,0.8500000000000001,0,9.223967986528125,0.21348314606741572,0.48165814546279845,0.0,1.0,-0.9795278063650932,-0.20130890829168144,37.0,170.29394567136293
evt_inv_002500_0,cust_b2b_017,inv_002500,2026-04-06T14:24:18.899739+00:00,7285476,SEND_REMINDER,0.8500000000000001,0,3.9392792100100906,0.3076923076923077,0.2915959605257561,0.0,1.0,-0.9795783202304779,-0.20106296161758705,21.0,171.11548131575603
evt_inv_003532_0,cust_b2b_032,inv_003532,2026-04-06T14:42:23.266933+00:00,6796937,SEND_REMINDER,0.8500000000000001,0,8.097369349698148,0.13432835820895522,0.08756888139993932,0.0,1.0,-0.9797541142331455,-0.2002045844710464,40.0,174.54770572232056
evt_inv_002557_0,cust_b2b_035,inv_002557,2026-04-06T14:48:48.706037+00:00,4640812,SEND_REMINDER,0.8500000000000001,0,5.397531202177268,0.36257309941520466,-0.30692856896339876,0.0,1.0,-0.9798164191490525,-0.19989943663234358,26.0,173.42825586009357
evt_inv_008496_0,cust_b2b_025,inv_008496,2026-04-06T14:49:55.840700+00:00,11230607,SEND_REMINDER,0.8500000000000001,1,2.3458807753790714,0.23267326732673269,0.2684975506275008,0.0,1.0,-0.979827261519944,-0.19984628488497666,34.0,167.73651510792968
evt_inv_002273_0,cust_b2b_013,inv_002273,2026-04-06T15:27:26.613647+00:00,3488849,SEND_REMINDER,0.8500000000000001,0,6.914159781920615,0.2122905027932961,1.1127824998787028,0.0,1.0,-0.9801890965051596,-0.19806396717323163,37.0,170.34138141595116
evt_inv_002112_0,cust_b2b_026,inv_002112,2026-04-06T15:32:34.833570+00:00,2883844,OFFER_PAYMENT_PLAN,0.05,1,4.837817926976521,0.3231707317073171,-0.9885450498170703,0.0,1.0,-0.9802383936849832,-0.1978198461881005,27.0,158.784177358728
evt_inv_003847_1,cust_b2b_014,inv_003847,2026-04-06T15:33:38.704557+00:00,6502626,OFFER_PAYMENT_PLAN,0.8500000000000001,0,22.724696922014274,0.23741007194244604,-0.9662929728308749,1.0,1.0,-0.9802486017063167,-0.1977692565916427,30.0,172.88726721654666
evt_inv_000490_1,cust_b2b_027,inv_000490,2026-04-06T15:41:56.695328+00:00,2870057,OFFER_PAYMENT_PLAN,0.8500000000000001,0,22.806977319730926,0.1871345029239766,0.07956283441049697,1.0,1.0,-0.9803281023006323,-0.1973748004169758,37.0,159.7359064434219
evt_inv_007496_0,cust_b2b_028,inv_007496,2026-04-06T15:44:07.784866+00:00,5050109,SEND_REMINDER,0.8500000000000001,1,3.3759448012380098,0.36423841059602646,-0.04500678689399686,0.0,1.0,-0.9803490033984342,-0.19727095968666228,36.0,156.45345609239888
evt_inv_000022_0,cust_b2b_032,inv_000022,2026-04-06T16:05:54.692212+00:00,7400298,SEND_REMINDER,0.8500000000000001,0,9.154606520122506,0.13366336633663367,0.3172664110983416,0.0,1.0,-0.9805567770278112,-0.19623559061707263,41.0,174.60570832971916
evt_inv_000415_1,cust_b2b_015,inv_000415,2026-04-06T16:15:09.199874+00:00,6759439,OFFER_PAYMENT_PLAN,0.8500000000000001,0,21.938611548208705,0.17647058823529413,-0.743634912332887,1.0,1.0,-0.9806446029050573,-0.19579622772970504,34.0,167.804190926573
evt_inv_003410_0,cust_b2b_015,inv_003410,2026-04-06T16:17:30.007814+00:00,11031458,SEND_REMINDER,0.8500000000000001,0,5.077058407443364,0.17532467532467533,0.3664015164453976,0.0,1.0,-0.9806668734745119,-0.1956846526167186,35.0,167.80582064809937
evt_inv_002688_0,cust_b2b_036,inv_002688,2026-04-06T16:18:37.285505+00:00,3348504,SEND_REMINDER,0.8500000000000001,0,4.656958419963198,0.3160919540229885,-0.2619389171410995,0.0,1.0,-0.9806775098166416,-0.19563134140477298,32.0,171.13345754756583
evt_inv_006829_1,cust_b2b_024,inv_006829,2026-04-06T16:25:28.497872+00:00,4432617,OFFER_PAYMENT_PLAN,0.8500000000000001,0,22.96626204095903,0.16363636363636364,-0.06316619216133842,1.0,1.0,-0.9807424579047965,-0.19530548190682814,35.0,164.90231166967962
evt_inv_007970_1,cust_b2b_033,inv_007970,2026-04-06T16:39:43.959135+00:00,4665090,OFFER_PAYMENT_PLAN,0.8500000000000001,0,23.67170448245782,0.17567567567567569,0.1743352223255361,1.0,1.0,-0.9808772250329922,-0.19462751452859053,22.0,155.84263182342826
evt_inv_006015_0,cust_b2b_037,inv_006015,2026-04-06T16:45:19.285548+00:00,2807333,WRITE_OFF,0.05,0,7.142569570309724,0.28125,-0.07734831639997701,0.0,1.0,-0.9809299236220597,-0.19436173734256484,36.0,166.91180899763398
evt_inv_003071_0,cust_b2b_012,inv_003071,2026-04-06T16:45:36.216881+00:00,3541390,OFFER_PAYMENT_PLAN,0.05,1,8.37823713928275,0.4934210526315789,-0.19310414451791566,0.0,1.0,-0.9809325825744528,-0.19434831731665256,39.0,169.65268572344087
evt_inv_001296_0,cust_b2b_012,inv_001296,2026-04-06T16:47:42.328265+00:00,4577971,WRITE_OFF,0.05,0,3.158012393303601,0.49673202614379086,0.4821347379177188,0.0,1.0,-0.9809523817448439,-0.19424835842065166,40.0,169.6541453459378
evt_inv_007025_1,cust_b2b_039,inv_007025,2026-04-06T16:47:54.253116+00:00,9233250,OFFER_PAYMENT_PLAN,0.8500000000000001,1,19.907148025315934,0.4251968503937008,-0.37835421789441576,1.0,1.0,-0.9809542533894101,-0.19423890639422606,22.0,159.59573159715086
evt_inv_008278_0,cust_b2b_001,inv_008278,2026-04-06T16:48:31.806160+00:00,6866610,SEND_REMINDER,0.8500000000000001,0,9.560272075269305,0.06944444444444445,-0.01703013152785451,0.0,1.0,-0.9809601468679384,-0.19420914050793978,28.0,159.5844931885588
evt_inv_007107_0,cust_b2b_003,inv_007107,2026-04-06T16:51:26.507567+00:00,5121517,SEND_REMINDER,0.8500000000000001,0,7.370813222898399,0.18023255813953487,0.172195155225331,0.0,1.0,-0.9809875521847201,-0.19407066357033698,30.0,161.6307067453306
evt_inv_003690_0,cust_b2b_026,inv_003690,2026-04-06T16:53:47.021128+00:00,4678785,ESCALATE_COLLECTIONS,0.05,1,5.609569256412812,0.32727272727272727,-0.047796704998307904,0.0,1.0,-0.9810095802881027,-0.1939592827965718,28.0,158.84056841843275
evt_inv_002917_0,cust_b2b_003,inv_002917,2026-04-06T16:56:44.058495+00:00,4050832,SEND_REMINDER,0.8500000000000001,0,8.361554896320014,0.1791907514450867,-0.3864439257000665,0.0,1.0,-0.9810373161705289,-0.19381894716700368,31.0,161.63438210329846
evt_inv_005481_0,cust_b2b_031,inv_005481,2026-04-06T17:00:05.098959+00:00,12044595,SEND_REMINDER,0.8500000000000001,0,1.6995724902766696,0.3356643356643357,-0.3135173043126906,0.0,1.0,-0.9810687881993043,-0.1936595797298669,36.0,168.04703440457592
evt_inv_006685_1,cust_b2b_015,inv_006685,2026-04-06T17:24:45.178194+00:00,7362609,WRITE_OFF,0.05,0,24.29631736348683,0.17419354838709677,-0.5869080717162388,1.0,1.0,-0.98129969135494,-0.19248614429797137,36.0,167.85252400898585
evt_inv_002928_1,cust_b2b_013,inv_002928,2026-04-06T17:30:15.369337+00:00,3543783,ESCALATE_COLLECTIONS,0.05,1,23.778995604699354,0.2111111111111111,1.169667311317667,1.0,1.0,-0.9813510121111957,-0.19222432475712273,38.0,170.42666794013923
evt_inv_007340_0,cust_b2b_005,inv_007340,2026-04-06T17:32:31.445759+00:00,8260987,OFFER_PAYMENT_PLAN,0.05,0,7.158842580388529,0.25308641975308643,0.1567827893575219,0.0,1.0,-0.9813721417916931,-0.1921164212533253,29.0,167.07067722267197
evt_inv_004418_0,cust_b2b_005,inv_004418,2026-04-06T17:33:05.605282+00:00,9806035,SEND_REMINDER,0.8500000000000001,0,6.697734782665632,0.25153374233128833,0.6536796727069653,0.0,1.0,-0.9813774441526835,-0.19208933366625736,30.0,167.0710725875283
evt_inv_005763_0,cust_b2b_004,inv_005763,2026-04-06T18:09:31.649757+00:00,3060864,SEND_REMINDER,0.8500000000000001,0,5.9831993850954674,0.1910828025477707,-0.06083751078133621,0.0,1.0,-0.9817152145530045,-0.19035555551427538,38.0,171.06592051804896
evt_inv_008843_0,cust_b2b_020,inv_008843,2026-04-06T18:27:15.194076+00:00,5783334,ESCALATE_COLLECTIONS,0.05,0,3.3882132017685116,0.4121212121212121,0.19661012097326888,0.0,1.0,-0.9818784375125873,-0.1895118306276424,36.0,157.96134966681998
evt_inv_001206_0,cust_b2b_038,inv_001206,2026-04-06T19:04:13.096913+00:00,5627092,SEND_REMINDER,0.8500000000000001,1,5.8354882817276925,0.3013698630136986,0.7619432364695125,0.0,1.0,-0.982216487787578,-0.18775188712296545,32.0,169.79662711080843
evt_inv_007255_0,cust_b2b_017,inv_007255,2026-04-06T19:21:31.709931+00:00,8655381,SEND_REMINDER,0.8500000000000001,0,9.072442916433259,0.3057324840764331,0.816506283796268,0.0,1.0,-0.9823737075860299,-0.18692752243497293,22.0,171.32187958186827
evt_inv_002804_0,cust_b2b_039,inv_002804,2026-04-06T19:30:30.672176+00:00,14102691,SEND_REMINDER,0.8500000000000001,1,4.890286380805595,0.4296875,0.7405613222183279,0.0,1.0,-0.9824550202014111,-0.18649968708028708,23.0,159.70865311404387
evt_inv_004256_1,cust_b2b_025,inv_004256,2026-04-06T19:36:57.889815+00:00,11406462,OFFER_PAYMENT_PLAN,0.8500000000000001,0,18.32910855571273,0.23645320197044334,0.31184814412193274,1.0,1.0,-0.9825133242613654,-0.18619228675990052,34.0,167.9358443800907
evt_inv_002713_0,cust_b2b_003,inv_002713,2026-04-06T19:38:04.261638+00:00,4811662,SEND_REMINDER,0.8500000000000001,0,7.159786053928495,0.1781609195402299,0.01052563498085229,0.0,1.0,-0.982523308330735,-0.1861395943554929,32.0,161.7464214915215
evt_inv_004505_0,cust_b2b_014,inv_004505,2026-04-06T19:38:34.687626+00:00,11434706,SEND_REMINDER,0.8500000000000001,0,6.702943213505774,0.2357142857142857,0.19698578126569294,0.0,1.0,-0.9825278842557376,-0.18611543906926153,31.0,173.0573596131848
evt_inv_008594_0,cust_b2b_016,inv_008594,2026-04-06T19:41:47.044448+00:00,10227939,SEND_REMINDER,0.8500000000000001,1,5.836413000287526,0.2808988764044944,0.07303538034227251,0.0,1.0,-0.9825568000680337,-0.18596272379180212,33.0,162.50894855772543
evt_inv_005611_0,cust_b2b_020,inv_005611,2026-04-06T20:33:04.563102+00:00,6938102,SEND_REMINDER,0.8500000000000001,0,9.698854414688437,0.40963855421686746,0.7350465288967579,0.0,1.0,-0.9830161961539238,-0.18351882219290358,36.0,158.04872662313235
evt_inv_004089_1,cust_b2b_025,inv_004089,2026-04-06T20:41:22.718366+00:00,11767974,OFFER_PAYMENT_PLAN,0.8500000000000001,0,19.412838500690576,0.23529411764705882,0.4009658070817799,1.0,1.0,-0.983089986661783,-0.18312312285818858,34.0,167.98057619202666
evt_inv_001709_0,cust_b2b_013,inv_001709,2026-04-06T20:52:38.408848+00:00,2830269,SEND_REMINDER,0.8500000000000001,0,6.417592001915342,0.2154696132596685,0.4308079371729406,0.0,1.0,-0.9831898204723852,-0.18258635469135925,38.0,170.56721237892557
evt_inv_008119_1,cust_b2b_027,inv_008119,2026-04-06T20:55:20.266777+00:00,2801629,SEND_REMINDER,0.05,0,22.30110414268113,0.18604651162790697,0.018060572071355318,1.0,1.0,-0.9832136916013106,-0.18245776675089226,36.0,159.95354037222867
evt_inv_001704_1,cust_b2b_031,inv_001704,2026-04-06T21:05:59.471281+00:00,14392383,OFFER_PAYMENT_PLAN,0.8500000000000001,1,22.49053599536731,0.3333333333333333,0.11268202105852328,1.0,1.0,-0.9833077983972791,-0.18194992061305165,36.0,168.21780260274565
evt_inv_004111_0,cust_b2b_027,inv_004111,2026-04-06T21:11:35.131394+00:00,3105870,SEND_REMINDER,0.8500000000000001,0,1.1954791139487124,0.18497109826589594,0.2915082195945292,0.0,1.0,-0.9833571108741664,-0.18168322017515057,37.0,159.9648235275251
evt_inv_008545_0,cust_b2b_038,inv_008545,2026-04-06T21:45:49.135938+00:00,5583973,SEND_REMINDER,0.8500000000000001,1,8.411307265536882,0.30612244897959184,0.7369475405733227,0.0,1.0,-0.9836572928471365,-0.18005091010223379,33.0,169.90884978471635
evt_inv_002110_0,cust_b2b_033,inv_002110,2026-04-06T22:01:07.084024+00:00,4061446,OFFER_PAYMENT_PLAN,0.05,1,4.663949900154257,0.174496644295302,-0.17171313524798254,0.0,1.0,-0.9837905701521918,-0.17932125941902538,23.0,156.06581613927156
evt_inv_003318_1,cust_b2b_017,inv_003318,2026-04-06T22:17:46.124713+00:00,8081210,OFFER_PAYMENT_PLAN,0.8500000000000001,1,18.78401488388809,0.3037974683544304,0.5964997476077519,1.0,1.0,-0.9839350062600548,-0.17852703844523385,23.0,171.44426864184993
evt_inv_006431_0,cust_b2b_012,inv_006431,2026-04-06T22:37:02.684330+00:00,3764857,SEND_REMINDER,0.8500000000000001,0,9.004385623354864,0.4935064935064935,-0.04753539153388801,0.0,1.0,-0.9841014148368414,-0.1776074472428643,38.0,169.896742059653
evt_inv_006019_0,cust_b2b_029,inv_006019,2026-04-06T22:50:44.713545+00:00,8933293,SEND_REMINDER,0.8500000000000001,0,1.580779563468283,0.2357142857142857,1.4893963653636986,0.0,1.0,-0.984219167867784,-0.17695374989427848,32.0,171.01701174317182
evt_inv_007159_0,cust_b2b_009,inv_007159,2026-04-06T22:59:02.307668+00:00,6653874,SEND_REMINDER,0.8500000000000001,0,7.575520488396948,0.18452380952380953,0.33577062153791026,0.0,1.0,-0.984290235645953,-0.17655801316291042,33.0,164.85812354573343
evt_inv_000779_0,cust_b2b_021,inv_000779,2026-04-06T23:10:19.278730+00:00,10940354,ESCALATE_COLLECTIONS,0.05,0,1.5274853900196441,0.3416149068322981,0.48432705108405505,0.0,1.0,-0.9843866670378055,-0.176019572088449,34.0,168.9710357497761
evt_inv_001100_0,cust_b2b_024,inv_001100,2026-04-06T23:12:44.127225+00:00,4073230,SEND_REMINDER,0.8500000000000001,0,6.926430170140944,0.16265060240963855,-0.26073960081655156,0.0,1.0,-0.9844072617822336,-0.17590435739459415,36.0,165.18513145385955
evt_inv_000612_1,cust_b2b_014,inv_000612,2026-04-06T23:13:58.255594+00:00,10368791,OFFER_PAYMENT_PLAN,0.8500000000000001,1,20.013836090899378,0.23404255319148937,-0.054420552745268844,1.0,1.0,-0.9844177962322643,-0.17584539363091706,32.0,173.20693794614522
evt_inv_008823_0,cust_b2b_016,inv_008823,2026-04-06T23:19:43.955551+00:00,9775035,SEND_REMINDER,0.8500000000000001,0,2.591479795654162,0.2849162011173184,-0.04090134266452615,0.0,1.0,-0.9844668773260185,-0.17557040595714904,34.0,162.66030169548787
evt_inv_000996_1,cust_b2b_037,inv_000996,2026-04-07T00:10:17.927131+00:00,1963033,OFFER_PAYMENT_PLAN,0.8500000000000001,0,23.448777485210535,0.2795031055900621,-0.80595600687207,1.0,1.0,-0.9848943326506877,-0.1731564423074014,35.0,167.22082105299774
evt_inv_008722_0,cust_b2b_026,inv_008722,2026-04-07T00:13:42.847830+00:00,4455262,SEND_REMINDER,0.8500000000000001,1,2.3681947644505694,0.3313253012048193,-0.16494749327592476,0.0,1.0,-0.9849229904963486,-0.17299336054233297,28.0,159.14607567192652
evt_inv_003119_0,cust_b2b_015,inv_003119,2026-04-07T00:29:24.626108+00:00,9814886,SEND_REMINDER,0.8500000000000001,0,4.460123937034962,0.17307692307692307,0.05028884526833206,0.0,1.0,-0.9850543495024738,-0.17224380548007584,36.0,168.14742502650537
evt_inv_003131_1,cust_b2b_012,inv_003131,2026-04-07T01:03:32.578434+00:00,4251844,OFFER_PAYMENT_PLAN,0.8500000000000001,1,21.647545192145564,0.49032258064516127,0.26969215668642127,1.0,1.0,-0.9853380283690376,-0.1706135101620552,39.0,169.9984769451215
evt_inv_000101_0,cust_b2b_006,inv_000101,2026-04-07T01:30:37.982081+00:00,6289028,ESCALATE_COLLECTIONS,0.05,1,3.0693337188662326,0.3141025641025641,0.33183039170881246,0.0,1.0,-0.9855612559957752,-0.16931925667221157,27.0,170.19141566460053
evt_inv_000203_0,cust_b2b_007,inv_000203,2026-04-07T01:32:11.859649+00:00,4476201,WRITE_OFF,0.05,0,9.924539567613465,0.3216374269005848,0.11363675453247342,0.0,1.0,-0.9855740969090707,-0.16924449622327364,30.0,173.86533584941125
evt_inv_004566_0,cust_b2b_009,inv_004566,2026-04-07T01:46:20.592537+00:00,5774186,SEND_REMINDER,0.8500000000000001,0,7.112015929499785,0.1834319526627219,-0.03913752628841796,0.0,1.0,-0.9856899322529433,-0.16856855417066352,34.0,164.97430739839004
evt_inv_005929_0,cust_b2b_005,inv_005929,2026-04-07T02:05:36.277620+00:00,6418055,SEND_REMINDER,0.8500000000000001,0,3.1589206516860022,0.25,-0.43591518165933846,0.0,1.0,-0.985846915129856,-0.16764802393391504,29.0,167.42698314699774
evt_inv_001449_0,cust_b2b_033,inv_001449,2026-04-07T02:08:44.088416+00:00,4272985,SEND_REMINDER,0.8500000000000001,0,9.402172863363884,0.18,-0.05044524010782561,0.0,1.0,-0.9858723452717495,-0.16749841440557064,24.0,156.23777220863064
evt_inv_007893_1,cust_b2b_029,inv_007893,2026-04-07T02:24:35.401408+00:00,3625317,OFFER_PAYMENT_PLAN,0.8500000000000001,0,19.0089824167856,0.23404255319148937,-0.8810193971058,1.0,1.0,-0.9860008071112802,-0.1667405420883115,31.0,171.1655150749199
evt_inv_002726_0,cust_b2b_024,inv_002726,2026-04-07T02:29:42.202702+00:00,5226849,SEND_REMINDER,0.8500000000000001,0,7.418526812619661,0.16167664670658682,0.37346295733441154,0.0,1.0,-0.986042112200629,-0.16649610496021255,37.0,165.3219147348464
evt_inv_001416_1,cust_b2b_033,inv_001416,2026-04-07T02:45:48.574884+00:00,3521241,OFFER_PAYMENT_PLAN,0.8500000000000001,0,16.723835115165958,0.17880794701986755,-0.48139378061789817,1.0,1.0,-0.9861718201884647,-0.16572610254926773,25.0,156.2635185797785
evt_inv_006953_1,cust_b2b_025,inv_006953,2026-04-07T02:50:03.002980+00:00,8441406,OFFER_PAYMENT_PLAN,0.8500000000000001,0,16.33397675473388,0.23414634146341465,-0.41907850508524974,1.0,1.0,-0.9862058699339513,-0.16552335819399705,35.0,168.23659800467797
evt_inv_007231_0,cust_b2b_023,inv_007231,2026-04-07T03:11:10.034724+00:00,2640749,OFFER_PAYMENT_PLAN,0.05,1,1.6954739956552416,0.4177215189873418,0.4324781455020897,0.0,1.0,-0.9863748143082989,-0.1645136033836378,29.0,160.42579945787404
evt_inv_004200_1,cust_b2b_038,inv_004200,2026-04-07T03:16:43.793198+00:00,4487274,OFFER_PAYMENT_PLAN,0.8500000000000001,0,21.97515947328557,0.3108108108108108,0.10120703102911854,1.0,1.0,-0.9864191452002049,-0.1642475874480263,34.0,170.13864905855078
evt_inv_005479_0,cust_b2b_031,inv_005479,2026-04-07T03:37:11.262142+00:00,13636591,SEND_REMINDER,0.8500000000000001,0,6.734709662225325,0.33793103448275863,-0.02451866045413051,0.0,1.0,-0.9865815645148192,-0.16326915372933057,37.0,168.48946684882063
evt_inv_007734_0,cust_b2b_029,inv_007734,2026-04-07T03:53:57.678359+00:00,8151934,SEND_REMINDER,0.8500000000000001,0,8.773376144784589,0.2323943661971831,1.1404598031190412,0.0,1.0,-0.986714009943803,-0.16246680454979315,32.0,171.2275784655585
evt_inv_005874_0,cust_b2b_030,inv_005874,2026-04-07T03:58:01.644799+00:00,2696555,OFFER_PAYMENT_PLAN,0.05,0,9.860384406331518,0.3312883435582822,0.3406661174397739,0.0,1.0,-0.9867460179251716,-0.1622722900214849,37.0,175.01206588286263
evt_inv_001980_0,cust_b2b_003,inv_001980,2026-04-07T04:03:16.636791+00:00,6828877,SEND_REMINDER,0.8500000000000001,0,3.5899382795710535,0.17714285714285713,1.0630246602790463,0.0,1.0,-0.9867872876223975,-0.16202113746925667,33.0,162.09725916689976
evt_inv_005346_0,cust_b2b_022,inv_005346,2026-04-07T04:19:47.667381+00:00,2052099,SEND_REMINDER,0.8500000000000001,0,8.252200738109778,0.25735294117647056,0.22281757201919836,0.0,1.0,-0.986916713751534,-0.1612308907060697,26.0,163.73038705532005
evt_inv_000074_1,cust_b2b_016,inv_000074,2026-04-07T04:31:51.905403+00:00,10677776,OFFER_PAYMENT_PLAN,0.8500000000000001,1,23.71360700357953,0.2833333333333333,0.18620046727854525,1.0,1.0,-0.9870108972084184,-0.1606533186455634,34.0,162.87706037433045
evt_inv_003716_1,cust_b2b_018,inv_003716,2026-04-07T04:42:56.849156+00:00,2630696,OFFER_PAYMENT_PLAN,0.8500000000000001,0,23.032999914988157,0.6058394160583942,0.7311949062742896,1.0,1.0,-0.9870970721146295,-0.16012298467967,26.0,160.62181302771762
evt_inv_006275_0,cust_b2b_013,inv_006275,2026-04-07T04:45:06.916845+00:00,2239622,SEND_REMINDER,0.8500000000000001,0,9.47136014420799,0.21428571428571427,-0.180820685249564,0.0,1.0,-0.9871138952139565,-0.16001924220396108,39.0,170.8953201103742
evt_inv_004629_1,cust_b2b_004,inv_004629,2026-04-07T04:55:06.539882+00:00,2872941,WRITE_OFF,0.05,0,23.36639031615738,0.189873417721519,-0.21059051363648354,1.0,1.0,-0.9871913101256443,-0.15954095778957217,37.0,171.51424100560567
evt_inv_002428_0,cust_b2b_023,inv_002428,2026-04-07T05:28:37.577448+00:00,2572854,SEND_REMINDER,0.8500000000000001,1,9.981302465663509,0.42138364779874216,0.35708304740196306,0.0,1.0,-0.9874492550145295,-0.15793659731439932,29.0,160.5212571282922
evt_inv_003001_0,cust_b2b_022,inv_003001,2026-04-07T05:35:38.295076+00:00,1857710,SEND_REMINDER,0.8500000000000001,0,3.4997833606479536,0.25547445255474455,-0.035106058332633784,0.0,1.0,-0.987502888413138,-0.15760090537718846,26.0,163.783056357346
evt_inv_008715_0,cust_b2b_026,inv_008715,2026-04-07T05:37:02.509873+00:00,4772687,SEND_REMINDER,0.8500000000000001,0,1.7913020726689814,0.33532934131736525,0.001418598442676814,0.0,1.0,-0.9875136104707202,-0.1575337079328828,28.0,159.37060879742282
evt_inv_001484_1,cust_b2b_034,inv_001484,2026-04-07T05:47:27.660966+00:00,4248990,OFFER_PAYMENT_PLAN,0.8500000000000001,0,19.96848367769963,0.5190839694656488,-0.4576191724381196,1.0,1.0,-0.9875930604792827,-0.15703485884721222,22.0,157.1646466618846
evt_inv_006681_0,cust_b2b_023,inv_006681,2026-04-07T05:54:07.094556+00:00,1803598,SEND_REMINDER,0.8500000000000001,1,6.605860508867831,0.425,-0.4971544921861158,0.0,1.0,-0.987643692268508,-0.1567161035829715,30.0,160.53895987259298
evt_inv_003163_0,cust_b2b_005,inv_003163,2026-04-07T06:05:23.202312+00:00,6681116,SEND_REMINDER,0.8500000000000001,0,4.514819194350625,0.24848484848484848,-0.3513130553646133,0.0,1.0,-0.9877291605309392,-0.15617652012017116,30.0,167.59349847907836
evt_inv_003102_0,cust_b2b_024,inv_003102,2026-04-07T06:11:54.467129+00:00,4005727,SEND_REMINDER,0.8500000000000001,0,2.1639055842574835,0.16071428571428573,-0.29784941840108164,0.0,1.0,-0.9877784865140834,-0.1558642408634728,38.0,165.47622335090213
evt_inv_004967_0,cust_b2b_032,inv_004967,2026-04-07T06:13:24.833036+00:00,7639705,SEND_REMINDER,0.8500000000000001,0,9.885529818269331,0.1330049261083744,0.4084075243718204,0.0,1.0,-0.9877898647312825,-0.15579211512189794,40.0,175.19425162629307
evt_inv_005900_0,cust_b2b_017,inv_005900,2026-04-07T06:15:05.202232+00:00,6333352,WRITE_OFF,0.05,0,9.906734683626397,0.3081761006289308,-0.0732318692123934,0.0,1.0,-0.9878024963166825,-0.15571200425956389,23.0,171.7757394464692
evt_inv_003135_0,cust_b2b_001,inv_003135,2026-04-07T06:24:46.494911+00:00,9162792,SEND_REMINDER,0.8500000000000001,0,6.00286988390685,0.06896551724137931,0.8132705970930398,0.0,1.0,-0.9878755249278696,-0.15524801850099773,28.0,160.15132986392555
evt_inv_000874_1,cust_b2b_038,inv_000874,2026-04-07T06:26:31.486500+00:00,4229370,OFFER_PAYMENT_PLAN,0.8500000000000001,0,24.132823710134495,0.3087248322147651,-0.048295787696299164,1.0,1.0,-0.9878886919313722,-0.15516421093191063,34.0,170.27045106436466
evt_inv_007092_0,cust_b2b_018,inv_007092,2026-04-07T06:29:50.045874+00:00,1544012,SEND_REMINDER,0.8500000000000001,1,9.037190592156724,0.6014492753623188,-0.6035419077288436,0.0,1.0,-0.9879135738403875,-0.15500571157835838,27.0,160.6960398415861
evt_inv_004799_0,cust_b2b_036,inv_004799,2026-04-07T06:32:07.259329+00:00,4926791,SEND_REMINDER,0.8500000000000001,0,8.726364586239121,0.3142857142857143,0.7929514602548066,0.0,1.0,-0.9879307534997157,-0.15489617906676736,32.0,171.72616557793833
evt_inv_003813_1,cust_b2b_024,inv_003813,2026-04-07T06:45:41.837300+00:00,5336074,OFFER_PAYMENT_PLAN,0.8500000000000001,0,19.2825937363326,0.15976331360946747,0.4335098592389675,1.0,1.0,-0.9880324917840226,-0.15424589193575025,39.0,165.49968828343373
evt_inv_005661_0,cust_b2b_006,inv_005661,2026-04-07T06:46:16.514825+00:00,5598494,SEND_REMINDER,0.8500000000000001,1,4.4316614180190514,0.3184713375796178,0.020896046407931745,0.0,1.0,-0.9880368134017171,-0.15421820697628583,27.0,170.41061164544274
evt_inv_003825_0,cust_b2b_012,inv_003825,2026-04-07T06:59:22.285370+00:00,3366427,SEND_REMINDER,0.8500000000000001,1,9.74083731587026,0.4935897435897436,-0.30707687360846747,0.0,1.0,-0.9881345305481439,-0.1535908510895075,40.0,170.24558003465418
evt_inv_007909_1,cust_b2b_006,inv_007909,2026-04-07T07:01:26.481772+00:00,7650770,OFFER_PAYMENT_PLAN,0.8500000000000001,0,18.48483324917077,0.3227848101265823,0.9449969347498968,1.0,1.0,-0.9881499389557044,-0.15349168753335685,28.0,170.4211436702853
evt_inv_004152_0,cust_b2b_003,inv_004152,2026-04-07T07:18:01.464133+00:00,6043384,ESCALATE_COLLECTIONS,0.05,0,7.668226591338643,0.17613636363636365,0.6531872971470739,0.0,1.0,-0.9882730220613581,-0.15269719665308337,34.0,162.23250022410025
evt_inv_005906_0,cust_b2b_036,inv_005906,2026-04-07T07:21:40.110222+00:00,4833197,SEND_REMINDER,0.8500000000000001,0,8.064732670307869,0.3125,0.7303953952498727,0.0,1.0,-0.9882999838082388,-0.15252259506261634,33.0,171.7605735743823
evt_inv_005365_1,cust_b2b_016,inv_005365,2026-04-07T08:15:12.758646+00:00,10827671,OFFER_PAYMENT_PLAN,0.8500000000000001,0,20.84165339342387,0.287292817679558,0.22390931965602015,1.0,1.0,-0.9886925858204199,-0.14995656285648795,35.0,163.03216284241856
evt_inv_004264_0,cust_b2b_016,inv_004264,2026-04-07T08:29:49.384410+00:00,12612964,SEND_REMINDER,0.8500000000000001,0,6.061680177889353,0.2857142857142857,0.6730342811549797,0.0,1.0,-0.9887985570529159,-0.1492562011109468,36.0,163.04230897394962
evt_inv_002395_0,cust_b2b_017,inv_002395,2026-04-07T08:48:05.541548+00:00,8880686,SEND_REMINDER,0.8500000000000001,0,6.928903131455732,0.30625,0.9028370983739483,0.0,1.0,-0.9889303683761823,-0.14838034405994752,23.0,171.8819933737277
evt_inv_005816_0,cust_b2b_035,inv_005816,2026-04-07T08:58:41.893386+00:00,6471930,SEND_REMINDER,0.8500000000000001,0,7.06779615831725,0.36046511627906974,0.5583881653296117,0.0,1.0,-0.9890065328557958,-0.14787182953002861,27.0,174.18512145441096
evt_inv_008493_0,cust_b2b_025,inv_008493,2026-04-07T09:05:51.510419+00:00,13960068,SEND_REMINDER,0.8500000000000001,0,5.801763720684008,0.23300970873786409,0.9413466916011501,0.0,1.0,-0.989057805543851,-0.14752849654484282,35.0,168.49757610004212
evt_inv_003599_0,cust_b2b_033,inv_003599,2026-04-07T09:14:00.361462+00:00,5621925,WRITE_OFF,0.05,0,6.8349710789393034,0.17763157894736842,0.7228553654178541,0.0,1.0,-0.9891160025500727,-0.14713780445339178,26.0,156.53309944295793
evt_inv_004497_0,cust_b2b_000,inv_004497,2026-04-07T09:16:42.866006+00:00,4489050,ESCALATE_COLLECTIONS,0.05,0,3.770685383398356,0.3680555555555556,-0.2102038241948379,0.0,1.0,-0.9891353143021477,-0.14700792495777698,34.0,167.0347441994003
evt_inv_000056_0,cust_b2b_016,inv_000056,2026-04-07T09:58:29.199931+00:00,11226547,SEND_REMINDER,0.8500000000000001,0,2.9842189927160163,0.28415300546448086,0.3242544828088949,0.0,1.0,-0.9894310024810073,-0.1450044527917295,37.0,163.10388091284995
evt_inv_001731_0,cust_b2b_019,inv_001731,2026-04-07T10:27:25.245066+00:00,3170625,OFFER_PAYMENT_PLAN,0.05,0,2.070378042618553,0.41134751773049644,-0.17313388041108896,0.0,1.0,-0.9896334359736012,-0.14361637233645774,28.0,169.37394165082523
evt_inv_000597_0,cust_b2b_018,inv_000597,2026-04-07T10:41:21.055384+00:00,1820049,SEND_REMINDER,0.8500000000000001,1,5.148555080172561,0.60431654676259,-0.2644949966904124,0.0,1.0,-0.9897302021409825,-0.1429479869392004,27.0,160.87070430350607
evt_inv_004300_0,cust_b2b_020,inv_004300,2026-04-07T10:41:25.653789+00:00,3606853,SEND_REMINDER,0.8500000000000001,1,2.093046672159513,0.40718562874251496,-0.8182236472318813,0.0,1.0,-0.9897307332740735,-0.14294430948017808,36.0,158.63785961720393
evt_inv_007936_0,cust_b2b_021,inv_007936,2026-04-07T10:46:43.393286+00:00,12563983,OFFER_PAYMENT_PLAN,0.05,0,4.19177045497819,0.3395061728395062,0.9272232190062824,0.0,1.0,-0.9897674002846709,-0.14269020055254003,33.0,169.45464818677596
evt_inv_003932_0,cust_b2b_017,inv_003932,2026-04-07T10:49:29.858545+00:00,5582340,OFFER_PAYMENT_PLAN,0.05,0,2.782864196400917,0.30434782608695654,-0.36099939980672596,0.0,1.0,-0.9897865842652153,-0.14255706790123707,24.0,171.9663025982353
evt_inv_001881_0,cust_b2b_019,inv_001881,2026-04-07T11:06:30.064237+00:00,3379619,SEND_REMINDER,0.8500000000000001,0,3.5092929390148244,0.4084507042253521,-0.01975726673911234,0.0,1.0,-0.9899037647883596,-0.14174108951829031,28.0,169.40108076159592
evt_inv_008544_0,cust_b2b_001,inv_008544,2026-04-07T11:06:40.184544+00:00,6301451,SEND_REMINDER,0.8500000000000001,0,9.817464820017793,0.0684931506849315,-0.22139212702098937,0.0,1.0,-0.9899049238343117,-0.14173299463634223,29.0,160.34709016059335
evt_inv_003242_0,cust_b2b_000,inv_003242,2026-04-07T11:18:42.164923+00:00,5190888,SEND_REMINDER,0.8500000000000001,1,4.622135953257731,0.36551724137931035,0.147793072662414,0.0,1.0,-0.9899874390971661,-0.14115548317311197,34.0,167.11945830724127
evt_inv_005051_0,cust_b2b_037,inv_005051,2026-04-07T11:18:43.492757+00:00,2844002,SEND_REMINDER,0.8500000000000001,0,8.745631283276122,0.2777777777777778,-0.045703808602578534,0.0,1.0,-0.989987590545118,-0.1411544209958439,35.0,167.68500584033725
evt_inv_005562_1,cust_b2b_005,inv_005562,2026-04-07T11:21:29.515422+00:00,5751312,OFFER_PAYMENT_PLAN,0.8500000000000001,0,19.017252210020843,0.2469879518072289,-0.650343792154399,1.0,1.0,-0.9900065175165178,-0.14102161279327646,31.0,167.81301599191895
evt_inv_007111_0,cust_b2b_004,inv_007111,2026-04-07T11:23:33.101331+00:00,2554005,SEND_REMINDER,0.8500000000000001,0,7.753734756482307,0.18867924528301888,-0.4647462382577079,0.0,1.0,-0.9900205950314206,-0.1409227498086518,37.0,171.7839928742385
evt_inv_001760_1,cust_b2b_032,inv_001760,2026-04-07T11:35:44.391615+00:00,5743516,OFFER_PAYMENT_PLAN,0.8500000000000001,0,22.71956255143198,0.1323529411764706,-0.3134646649942825,1.0,1.0,-0.9901036933313166,-0.14033772283917845,41.0,175.41808910984545
evt_inv_005490_0,cust_b2b_007,inv_005490,2026-04-07T11:40:38.445853+00:00,3665780,SEND_REMINDER,0.8500000000000001,0,3.829232789992121,0.31976744186046513,-0.3595649245136996,0.0,1.0,-0.9901370099807654,-0.14010246773825819,29.0,174.28786578232405
evt_inv_000372_0,cust_b2b_028,inv_000372,2026-04-07T11:42:25.829132+00:00,6382604,SEND_REMINDER,0.8500000000000001,0,4.9727847906651,0.3684210526315789,0.6027545085504484,0.0,1.0,-0.990149162683754,-0.14001655486641862,36.0,157.2856093825051
evt_inv_000424_0,cust_b2b_004,inv_000424,2026-04-07T11:46:00.331176+00:00,4293743,OFFER_PAYMENT_PLAN,0.05,0,6.07465014290539,0.1875,0.9216279031637014,0.0,1.0,-0.9901734158366344,-0.13984493759307673,38.0,171.79958581225938
evt_inv_003764_0,cust_b2b_001,inv_003764,2026-04-07T12:02:28.635825+00:00,6163763,SEND_REMINDER,0.8500000000000001,0,6.915660904143323,0.06802721088435375,-0.27118022184929474,0.0,1.0,-0.9902847764471134,-0.13905416763653883,30.0,160.38584538376244
evt_inv_004198_0,cust_b2b_009,inv_004198,2026-04-07T12:03:27.433011+00:00,6628940,SEND_REMINDER,0.8500000000000001,0,9.578208024806024,0.18235294117647058,0.3251444130221553,0.0,1.0,-0.9902913817188801,-0.13900711957778,34.0,165.4028587927668
evt_inv_002678_0,cust_b2b_020,inv_002678,2026-04-07T12:28:41.195439+00:00,5673542,ESCALATE_COLLECTIONS,0.05,1,8.666301318881706,0.4107142857142857,0.14541694423695375,0.0,1.0,-0.9904606680775548,-0.13779573647745347,37.0,158.71234505296505
evt_inv_004073_0,cust_b2b_016,inv_004073,2026-04-07T12:34:02.472515+00:00,8830702,WRITE_OFF,0.05,0,9.5547783205968,0.2826086956521739,-0.278466707402475,0.0,1.0,-0.9904964063660942,-0.13753860903707457,37.0,163.21190490109095
evt_inv_005523_0,cust_b2b_023,inv_005523,2026-04-07T12:40:19.013183+00:00,2751026,SEND_REMINDER,0.8500000000000001,0,8.104477304849084,0.42857142857142855,0.5549374651803296,0.0,1.0,-0.9905382071159233,-0.13723724073141416,31.0,160.82104226411258
evt_inv_000132_1,cust_b2b_023,inv_000132,2026-04-07T12:50:46.476413+00:00,1493041,OFFER_PAYMENT_PLAN,0.8500000000000001,0,16.915563998583355,0.42592592592592593,-0.8420194974311032,1.0,1.0,-0.9906076597141925,-0.1367350156893637,32.0,160.82830457001864
evt_inv_000311_0,cust_b2b_034,inv_000311,2026-04-07T13:24:28.324605+00:00,4479660,SEND_REMINDER,0.8500000000000001,0,6.32385742213985,0.5151515151515151,-0.3467416812563056,0.0,1.0,-0.9908297215808076,-0.1351164787585115,23.0,157.48201545400414
evt_inv_003540_0,cust_b2b_034,inv_003540,2026-04-07T13:37:58.588371+00:00,6714860,SEND_REMINDER,0.8500000000000001,1,8.978799457470359,0.5112781954887218,0.7276619529683005,0.0,1.0,-0.9909179715420482,-0.13446774213540041,24.0,157.49139350685144
evt_inv_007911_0,cust_b2b_016,inv_007911,2026-04-07T13:48:14.475820+00:00,11504717,SEND_REMINDER,0.8500000000000001,0,6.266871191516962,0.2810810810810811,0.39423351795935485,0.0,1.0,-0.9909847668556797,-0.13397459408408016,37.0,163.26343271711985
evt_inv_006680_1,cust_b2b_024,inv_006680,2026-04-07T14:11:05.687243+00:00,5814720,OFFER_PAYMENT_PLAN,0.8500000000000001,0,20.702658404874505,0.1588235294117647,0.6966457561937446,1.0,1.0,-0.9911325984038682,-0.13287653058834875,39.0,165.8089921022158
evt_inv_006584_0,cust_b2b_019,inv_006584,2026-04-07T14:12:02.437043+00:00,4025347,SEND_REMINDER,0.8500000000000001,1,5.331802775578433,0.40559440559440557,0.45413160014369175,0.0,1.0,-0.9911386904327342,-0.13283108193222185,29.0,169.52992766906956
evt_inv_005251_0,cust_b2b_033,inv_005251,2026-04-07T14:16:25.435500+00:00,3292999,SEND_REMINDER,0.8500000000000001,0,6.858941581381334,0.17647058823529413,-0.6122371087230851,0.0,1.0,-0.9911668958198965,-0.13262045328964375,26.0,156.74311187395344
evt_inv_007493_0,cust_b2b_037,inv_007493,2026-04-07T14:42:06.885411+00:00,3766855,SEND_REMINDER,0.8500000000000001,0,5.188101893719757,0.27607361963190186,0.7506934906765119,0.0,1.0,-0.9913313092728306,-0.13138582593040804,36.0,167.8262488108701
evt_inv_006343_0,cust_b2b_036,inv_006343,2026-04-07T14:47:47.651334+00:00,3979064,SEND_REMINDER,0.8500000000000001,0,4.061806860425479,0.3107344632768362,0.15951303861666852,0.0,1.0,-0.9913674483382786,-0.13111286121220334,33.0,172.07038307799758
evt_inv_006231_1,cust_b2b_012,inv_006231,2026-04-07T15:04:08.974313+00:00,3828921,ESCALATE_COLLECTIONS,0.05,1,24.55525064198862,0.4968152866242038,-0.005803619796992967,1.0,1.0,-0.9914711001682579,-0.13032673375460724,40.0,170.58223152704977
evt_inv_002806_0,cust_b2b_020,inv_002806,2026-04-07T15:19:30.013963+00:00,5319767,SEND_REMINDER,0.8500000000000001,0,3.1880390705525876,0.41420118343195267,-0.019538423175709727,0.0,1.0,-0.9915678174858961,-0.1295888240793039,37.0,158.83096563772713
evt_inv_004208_1,cust_b2b_003,inv_004208,2026-04-07T15:25:22.221831+00:00,4146965,ESCALATE_COLLECTIONS,0.05,0,22.867656157573514,0.1751412429378531,-0.33628554375175,1.0,1.0,-0.991604657271724,-0.12930662657817169,34.0,162.57093491968334
evt_inv_001122_0,cust_b2b_036,inv_001122,2026-04-07T15:28:29.992005+00:00,3331227,SEND_REMINDER,0.8500000000000001,0,6.958271932532382,0.3089887640449438,-0.2734865704549153,0.0,1.0,-0.9916242645936235,-0.12915617627181222,34.0,172.09865090983098
evt_inv_000254_0,cust_b2b_023,inv_000254,2026-04-07T15:30:31.552422+00:00,2730504,OFFER_PAYMENT_PLAN,0.05,0,1.5555721443709984,0.4233128834355828,0.5321486197604424,0.0,1.0,-0.9916369459932695,-0.12905877475453378,33.0,160.9392429497507
evt_inv_000591_0,cust_b2b_035,inv_000591,2026-04-07T15:39:35.141990+00:00,4313200,SEND_REMINDER,0.8500000000000001,0,4.1665058403694974,0.3583815028901734,-0.4617457200133703,0.0,1.0,-0.9916935371780435,-0.12862320288074142,28.0,174.4635155354736
evt_inv_006765_0,cust_b2b_038,inv_006765,2026-04-07T15:42:54.473901+00:00,4115656,OFFER_PAYMENT_PLAN,0.05,1,9.245448164973546,0.30666666666666664,-0.11421423444390888,0.0,1.0,-0.9917142409761485,-0.12846347436178748,34.0,170.65682823336155
evt_inv_000773_1,cust_b2b_012,inv_000773,2026-04-07T16:03:21.468117+00:00,3847279,OFFER_PAYMENT_PLAN,0.8500000000000001,0,18.71617885533644,0.5,0.0061547196742078305,1.0,1.0,-0.9918411172892637,-0.1274801869091233,40.0,170.62334835349
evt_inv_004357_0,cust_b2b_016,inv_004357,2026-04-07T17:08:50.374557+00:00,8970949,SEND_REMINDER,0.8500000000000001,0,8.808645806048368,0.27956989247311825,-0.2431847995480797,0.0,1.0,-0.9922408230033345,-0.12433080537688761,37.0,163.40273710064648
evt_inv_006449_0,cust_b2b_029,inv_006449,2026-04-07T17:10:15.822215+00:00,5973099,SEND_REMINDER,0.8500000000000001,0,9.986786250949619,0.23076923076923078,0.16744403252644735,0.0,1.0,-0.9922494048916921,-0.12426229714632983,32.0,171.7805662416666
evt_inv_006306_1,cust_b2b_027,inv_006306,2026-04-07T17:47:53.085901+00:00,2748814,OFFER_PAYMENT_PLAN,0.8500000000000001,1,20.88122684567314,0.1839080459770115,-0.02940857795655436,1.0,1.0,-0.9924743988699288,-0.12245230740077333,37.0,160.82336466764397
evt_inv_000561_0,cust_b2b_029,inv_000561,2026-04-07T18:45:18.546571+00:00,7205843,SEND_REMINDER,0.8500000000000001,0,1.6774127383749582,0.22916666666666666,0.7179581077233876,0.0,1.0,-0.9928114607828521,-0.11968877699358188,33.0,171.84656999579246
evt_inv_005822_0,cust_b2b_024,inv_005822,2026-04-07T19:11:08.110582+00:00,3873968,SEND_REMINDER,0.8500000000000001,0,8.636860828923707,0.15789473684210525,-0.3702840117312749,0.0,1.0,-0.9929605428119075,-0.11844560109468802,39.0,166.01735348345233
evt_inv_003984_1,cust_b2b_031,inv_003984,2026-04-07T20:06:13.323403+00:00,11716069,OFFER_PAYMENT_PLAN,0.8500000000000001,0,23.64232166474257,0.3356164383561644,-0.3731553669423904,1.0,1.0,-0.9932733324228106,-0.11579329470088026,34.0,169.17629626156324
evt_inv_001123_1,cust_b2b_039,inv_001123,2026-04-07T20:14:10.563681+00:00,11038097,ESCALATE_COLLECTIONS,0.05,0,24.559526836440867,0.43410852713178294,0.03636927177180135,1.0,1.0,-0.9933179108991863,-0.11541025901918804,22.0,160.73897593238883
evt_inv_003650_0,cust_b2b_039,inv_003650,2026-04-07T20:33:11.858747+00:00,15769480,SEND_REMINDER,0.8500000000000001,0,2.598671236684903,0.4307692307692308,1.1235615130421364,0.0,1.0,-0.9934239189740657,-0.1144941798093208,22.0,160.75218536602435
evt_inv_008373_0,cust_b2b_008,inv_008373,2026-04-07T20:47:03.287367+00:00,11233698,SEND_REMINDER,0.8500000000000001,0,5.124058525138783,0.296551724137931,0.9800869349656395,0.0,1.0,-0.9935006134966123,-0.11382675863721513,30.0,160.0347412642008
evt_inv_007723_0,cust_b2b_029,inv_007723,2026-04-07T20:49:20.835612+00:00,6358356,SEND_REMINDER,0.8500000000000001,1,3.6674118223212124,0.22758620689655173,0.3394906495542822,0.0,1.0,-0.993513258307491,-0.11371633817192922,33.0,171.93270760042637
evt_inv_001351_0,cust_b2b_009,inv_001351,2026-04-07T20:49:31.252931+00:00,5703313,SEND_REMINDER,0.8500000000000001,0,6.2161228932268,0.18128654970760233,-0.0693427153457269,0.0,1.0,-0.9935142154718075,-0.11370797533787491,33.0,165.76818078258242
evt_inv_003913_0,cust_b2b_033,inv_003913,2026-04-07T20:55:15.436565+00:00,3697988,SEND_REMINDER,0.8500000000000001,0,3.4789127984585066,0.17532467532467533,-0.3800707944473298,0.0,1.0,-0.9935458001731614,-0.11343166647048937,27.0,157.020079478864
evt_inv_005589_0,cust_b2b_006,inv_005589,2026-04-07T21:00:34.196861+00:00,5587508,OFFER_PAYMENT_PLAN,0.05,0,3.6157177705482777,0.32075471698113206,0.015948962867233664,0.0,1.0,-0.9935749833107224,-0.11317575950307487,28.0,171.0038718541833
evt_inv_008758_0,cust_b2b_035,inv_008758,2026-04-07T21:02:38.537125+00:00,4724609,SEND_REMINDER,0.8500000000000001,0,1.497748672439438,0.3563218390804598,-0.2673292466771726,0.0,1.0,-0.9935863490384506,-0.11307593468303626,29.0,174.6878603865731
evt_inv_007039_0,cust_b2b_021,inv_007039,2026-04-07T21:08:52.802793+00:00,11475214,SEND_REMINDER,0.8500000000000001,0,5.478507383148357,0.3374233128834356,0.6302269529265023,0.0,1.0,-0.9936204994844402,-0.11277545390860362,33.0,169.8867015375497
evt_inv_002698_1,cust_b2b_018,inv_002698,2026-04-07T21:27:01.563173+00:00,1705227,OFFER_PAYMENT_PLAN,0.8500000000000001,1,24.626749595197275,0.6071428571428571,-0.4055269516091929,1.0,1.0,-0.9937193284064308,-0.11190127948987874,27.0,161.31908981032666
evt_inv_003028_0,cust_b2b_004,inv_003028,2026-04-07T21:42:02.593553+00:00,2772856,SEND_REMINDER,0.8500000000000001,0,9.499607337091092,0.18633540372670807,-0.29034689276569436,0.0,1.0,-0.9938005351057014,-0.11117776946683866,37.0,172.21350088606053
evt_inv_000969_0,cust_b2b_010,inv_000969,2026-04-07T21:47:05.742285+00:00,2609245,SEND_REMINDER,0.8500000000000001,0,9.783384848814265,0.1702127659574468,-0.26451896766339505,0.0,1.0,-0.9938277384064564,-0.11093433361186239,34.0,167.58124232634165
evt_inv_005026_0,cust_b2b_009,inv_005026,2026-04-07T22:03:11.800373+00:00,5639268,SEND_REMINDER,0.8500000000000001,0,7.034311655359813,0.18023255813953487,-0.09663757667045067,0.0,1.0,-0.9939140306162714,-0.1101585209782594,34.0,165.81934452611816
evt_inv_008744_0,cust_b2b_016,inv_008744,2026-04-07T22:05:40.329322+00:00,11285341,SEND_REMINDER,0.8500000000000001,0,5.254548056037554,0.27807486631016043,0.3390451730635857,0.0,1.0,-0.9939272441086497,-0.11003923581425211,38.0,163.6088708363494
evt_inv_001257_0,cust_b2b_032,inv_001257,2026-04-07T22:21:20.034251+00:00,6721817,SEND_REMINDER,0.8500000000000001,0,5.255886740862984,0.13170731707317074,0.058971165518216545,0.0,1.0,-0.9940105107036364,-0.10928451221786101,40.0,175.86641830701805
evt_inv_000298_0,cust_b2b_011,inv_000298,2026-04-07T22:21:51.939591+00:00,1288265,SEND_REMINDER,0.8500000000000001,0,7.936725303951884,0.3918918918918919,-0.5300974622027594,0.0,1.0,-0.9940133277545564,-0.10925888634940784,27.0,170.72881939647792
evt_inv_004240_0,cust_b2b_026,inv_004240,2026-04-07T23:06:11.559129+00:00,3770644,SEND_REMINDER,0.8500000000000001,0,7.206527083924649,0.3333333333333333,-0.5237632600877609,0.0,1.0,-0.9942458332045829,-0.10712246802293504,28.0,160.09918575640327
evt_inv_005660_0,cust_b2b_002,inv_005660,2026-04-07T23:19:01.280135+00:00,5933489,SEND_REMINDER,0.8500000000000001,0,4.800455481948386,0.16129032258064516,1.40169647035146,0.0,1.0,-0.9943122659475198,-0.1065040740362014,28.0,170.54713730588128
evt_inv_000796_0,cust_b2b_024,inv_000796,2026-04-07T23:21:56.279611+00:00,4782887,SEND_REMINDER,0.8500000000000001,0,6.7507304054278086,0.1569767441860465,0.12939483157366366,0.0,1.0,-0.9943273160627579,-0.1063634736713327,40.0,166.1915221064731
evt_inv_002414_0,cust_b2b_002,inv_002414,2026-04-07T23:24:46.904067+00:00,3879405,SEND_REMINDER,0.8500000000000001,0,8.85830305124783,0.16025641025641027,0.05098785480354345,0.0,1.0,-0.9943419707801816,-0.10622638629354045,29.0,170.55113758287254
evt_inv_005977_1,cust_b2b_029,inv_005977,2026-04-07T23:40:50.814760+00:00,4304682,WRITE_OFF,0.05,0,17.543510825209946,0.2328767123287671,-0.5776312837561836,1.0,1.0,-0.9944244048515516,-0.10545189915614311,34.0,172.0518045813086
evt_inv_001983_1,cust_b2b_019,inv_001983,2026-04-08T00:10:18.066626+00:00,3324170,OFFER_PAYMENT_PLAN,0.8500000000000001,0,16.9678854139323,0.4097222222222222,-0.060450259132044507,1.0,1.0,-0.9945739741043822,-0.10403177415682047,29.0,169.94538634480398
evt_inv_008773_0,cust_b2b_031,inv_008773,2026-04-08T00:11:27.657206+00:00,9326360,WRITE_OFF,0.05,1,9.94631467142397,0.3333333333333333,-0.8069645918872994,0.0,1.0,-0.9945798223193457,-0.10397584832651618,35.0,169.3466010509503
evt_inv_002858_0,cust_b2b_015,inv_002858,2026-04-08T00:13:51.900560+00:00,9051187,SEND_REMINDER,0.8500000000000001,0,4.01106007802181,0.17197452229299362,-0.14814977885680553,0.0,1.0,-0.9945919341485794,-0.10385992743396191,35.0,169.13662959191868
evt_inv_003452_0,cust_b2b_028,inv_003452,2026-04-08T00:17:23.245368+00:00,5768974,SEND_REMINDER,0.8500000000000001,1,5.2760775683790415,0.3660130718954248,0.3044527662769027,0.0,1.0,-0.9946096559536002,-0.10369007803961336,35.0,157.80988503338543
evt_inv_004451_0,cust_b2b_029,inv_004451,2026-04-08T00:32:26.753662+00:00,7049283,SEND_REMINDER,0.8500000000000001,0,7.717270444664513,0.23129251700680273,0.6480422709991926,0.0,1.0,-0.9946850903843565,-0.10296393041771766,34.0,172.08763720748493
evt_inv_006192_0,cust_b2b_030,inv_006192,2026-04-08T00:51:08.528558+00:00,2011815,SEND_REMINDER,0.8500000000000001,1,3.804401774328116,0.32926829268292684,-0.38066809975157534,0.0,1.0,-0.9947780102910248,-0.10206228608761309,35.0,175.88228444489388
evt_inv_000484_0,cust_b2b_035,inv_000484,2026-04-08T00:52:06.489753+00:00,6474751,SEND_REMINDER,0.8500000000000001,0,8.145938004853816,0.35428571428571426,0.5597212580678507,0.0,1.0,-0.9947827891817713,-0.10201569657526031,30.0,174.8472116901352
evt_inv_003705_0,cust_b2b_033,inv_003705,2026-04-08T01:05:46.142595+00:00,6244064,SEND_REMINDER,0.8500000000000001,0,9.13427920569062,0.17419354838709677,1.0795066108293332,0.0,1.0,-0.9948501358124553,-0.1013568314122894,28.0,157.19404598385063
evt_inv_006398_0,cust_b2b_023,inv_006398,2026-04-08T01:08:57.112593+00:00,2133345,SEND_REMINDER,0.8500000000000001,0,2.2786717567326797,0.42073170731707316,-0.1309793449865188,0.0,1.0,-0.9948657641495463,-0.10120331675957751,34.0,161.34092767394955
evt_inv_001891_1,cust_b2b_037,inv_001891,2026-04-08T01:45:14.085253+00:00,3104725,OFFER_PAYMENT_PLAN,0.8500000000000001,0,24.022504319159168,0.27439024390243905,0.17929351109838457,1.0,1.0,-0.9950422459257311,-0.09945314888467273,35.0,168.28674880904222
evt_inv_006157_0,cust_b2b_020,inv_006157,2026-04-08T02:27:54.763015+00:00,4839523,SEND_REMINDER,0.8500000000000001,0,9.358476676608626,0.4117647058823529,-0.24346300868665482,0.0,1.0,-0.9952458929535015,-0.09739410946862924,37.0,159.2951409739777
evt_inv_005545_1,cust_b2b_032,inv_005545,2026-04-08T02:33:02.882521+00:00,6797024,OFFER_PAYMENT_PLAN,0.8500000000000001,0,24.8832920769424,0.13106796116504854,0.08760213059416794,1.0,1.0,-0.9952701100845384,-0.09714632248474969,41.0,176.0412197916262
evt_inv_006704_1,cust_b2b_016,inv_006704,2026-04-08T02:33:08.286911+00:00,9748262,OFFER_PAYMENT_PLAN,0.8500000000000001,0,18.968515857590624,0.2765957446808511,-0.047636680428102686,1.0,1.0,-0.9952705343005084,-0.09714197626762937,39.0,163.79461108623363
evt_inv_005565_0,cust_b2b_033,inv_005565,2026-04-08T02:44:54.939207+00:00,6173123,SEND_REMINDER,0.8500000000000001,0,6.274490717913887,0.17307692307692307,1.0388386753560246,0.0,1.0,-0.9953258392635087,-0.0965736697780101,29.0,157.2628977964882
evt_inv_002908_0,cust_b2b_037,inv_002908,2026-04-08T02:49:04.284950+00:00,2972403,SEND_REMINDER,0.8500000000000001,0,5.0033700535463534,0.2727272727272727,0.06510315871680873,0.0,1.0,-0.995345276439442,-0.09637313250948465,36.0,168.331079824055
evt_inv_007863_0,cust_b2b_008,inv_007863,2026-04-08T02:51:42.846024+00:00,7634628,SEND_REMINDER,0.8500000000000001,0,8.081874257373263,0.2945205479452055,-0.1348690214012365,0.0,1.0,-0.9953576156886647,-0.09624560712352791,31.0,160.28797689680246
evt_inv_000401_1,cust_b2b_022,inv_000401,2026-04-08T03:23:58.495320+00:00,1523658,OFFER_PAYMENT_PLAN,0.8500000000000001,0,24.947460555665955,0.2536231884057971,-0.47834240424569024,1.0,1.0,-0.9955069310047121,-0.09468870218552693,25.0,164.69162348980527
evt_inv_001614_0,cust_b2b_005,inv_001614,2026-04-08T04:10:55.114563+00:00,7526797,SEND_REMINDER,0.8500000000000001,0,7.880990916243553,0.24550898203592814,-0.07933719867228761,0.0,1.0,-0.9957198539266003,-0.09242279208285029,30.0,168.5140067227209
evt_inv_008155_0,cust_b2b_004,inv_008155,2026-04-08T04:38:02.768234+00:00,2964954,SEND_REMINDER,0.8500000000000001,0,6.770176944093162,0.18518518518518517,-0.13726671346778122,0.0,1.0,-0.9958405454684393,-0.09111316041671154,38.0,172.50239179672118
evt_inv_003960_0,cust_b2b_000,inv_003960,2026-04-08T04:38:20.291040+00:00,4831348,SEND_REMINDER,0.8500000000000001,1,1.2522025407138828,0.3698630136986301,-0.03560256454402014,0.0,1.0,-0.9958418354240876,-0.091099060473665,34.0,167.84142735951733
evt_inv_001939_1,cust_b2b_022,inv_001939,2026-04-08T04:58:09.969245+00:00,2212661,WRITE_OFF,0.05,0,19.899997917704148,0.2517985611510791,0.43585901366014895,1.0,1.0,-0.9959289476485739,-0.09014172860337362,26.0,164.75703406764066
evt_inv_007449_1,cust_b2b_027,inv_007449,2026-04-08T05:04:40.371704+00:00,3079298,OFFER_PAYMENT_PLAN,0.8500000000000001,1,19.358225569541613,0.18857142857142858,0.2676252855144683,1.0,1.0,-0.9959573336718691,-0.0898275542649418,37.0,161.29335640148216
evt_inv_002873_1,cust_b2b_017,inv_002873,2026-04-08T05:08:40.278656+00:00,5840238,OFFER_PAYMENT_PLAN,0.8500000000000001,0,17.938555096649434,0.30246913580246915,-0.26217975738791993,1.0,1.0,-0.9959747280559379,-0.0896344859632755,22.0,172.72961764581328
evt_inv_005196_1,cust_b2b_008,inv_005196,2026-04-08T05:20:33.001362+00:00,9851678,OFFER_PAYMENT_PLAN,0.8500000000000001,0,23.243517062459322,0.2925170068027211,0.5519508368931154,1.0,1.0,-0.9960261830520816,-0.08906089307154531,32.0,160.39133517618163
evt_inv_005250_0,cust_b2b_037,inv_005250,2026-04-08T05:29:50.170964+00:00,2763983,SEND_REMINDER,0.8500000000000001,0,1.497915532937241,0.2710843373493976,-0.11475785027576964,0.0,1.0,-0.9960661778363724,-0.08861246735330279,37.0,168.4427220232915
evt_inv_007729_0,cust_b2b_018,inv_007729,2026-04-08T05:31:16.827783+00:00,1693162,SEND_REMINDER,0.8500000000000001,1,2.4471040666827135,0.6099290780141844,-0.4203466967749023,0.0,1.0,-0.9960723801002749,-0.08854272189950724,28.0,161.65537759516596
evt_inv_002198_1,cust_b2b_001,inv_002198,2026-04-08T05:54:16.711256+00:00,7303837,SEND_REMINDER,0.05,0,16.99069557581821,0.06756756756756757,0.14107140372830243,1.0,1.0,-0.9961704840599229,-0.08743206898969551,28.0,161.13015181235792
evt_inv_005569_1,cust_b2b_009,inv_005569,2026-04-08T06:14:44.242232+00:00,5477167,OFFER_PAYMENT_PLAN,0.8500000000000001,0,18.15715014327059,0.1791907514450867,-0.16572241690561568,1.0,1.0,-0.996256715533634,-0.08644395151851678,33.0,166.1606922328181
evt_inv_005248_1,cust_b2b_025,inv_005248,2026-04-08T06:20:24.541809+00:00,10271664,ESCALATE_COLLECTIONS,0.05,1,24.99349817720869,0.2318840579710145,0.03210491769924416,1.0,1.0,-0.9962804473482497,-0.08617000772642033,33.0,169.38268063001905
evt_inv_003399_0,cust_b2b_028,inv_003399,2026-04-08T06:49:49.248902+00:00,5409497,SEND_REMINDER,0.8500000000000001,1,4.917976099190782,0.37012987012987014,0.12970153062530246,0.0,1.0,-0.9964023063042097,-0.08474930083282062,35.0,158.08240822244238
evt_inv_004318_0,cust_b2b_006,inv_004318,2026-04-08T07:16:03.364401+00:00,4752903,SEND_REMINDER,0.8500000000000001,1,7.496197433173483,0.31875,-0.3598576798090419,0.0,1.0,-0.9965092947273467,-0.08348188738885798,28.0,171.43129277478758
evt_inv_004398_0,cust_b2b_025,inv_004398,2026-04-08T07:16:07.941649+00:00,10846133,SEND_REMINDER,0.8500000000000001,0,6.302228193630033,0.23557692307692307,0.17371944989127927,0.0,1.0,-0.9965096034800291,-0.08347820177791995,33.0,169.42137738742505
evt_inv_000482_0,cust_b2b_012,inv_000482,2026-04-08T07:24:06.131380+00:00,3314407,SEND_REMINDER,0.8500000000000001,1,4.163822536255211,0.4968553459119497,-0.34096306693098366,0.0,1.0,-0.9965417840845096,-0.08309315599772774,38.0,171.26275417828887
evt_inv_003804_0,cust_b2b_016,inv_003804,2026-04-08T07:28:22.816638+00:00,9906220,SEND_REMINDER,0.8500000000000001,0,6.414993471615063,0.2751322751322751,-0.00789928759006622,0.0,1.0,-0.9965589967970372,-0.08288646393038414,40.0,163.99964036547917
evt_inv_006496_1,cust_b2b_008,inv_006496,2026-04-08T07:44:16.411917+00:00,7677747,OFFER_PAYMENT_PLAN,0.8500000000000001,0,22.324056764498962,0.2905405405405405,-0.12151118547978881,1.0,1.0,-0.9966225671924099,-0.08211856405716297,33.0,160.49114316871166
evt_inv_001590_0,cust_b2b_005,inv_001590,2026-04-08T07:52:14.765845+00:00,7122297,SEND_REMINDER,0.8500000000000001,1,9.313255460995643,0.24404761904761904,-0.20942678607086793,0.0,1.0,-0.9966542332844422,-0.08173334249986722,30.0,168.66770639033413
evt_inv_005500_0,cust_b2b_010,inv_005500,2026-04-08T07:59:09.018984+00:00,3118914,SEND_REMINDER,0.8500000000000001,0,6.689057013852129,0.16901408450704225,0.17214191929652922,0.0,1.0,-0.9966815357239605,-0.08139973186029319,35.0,168.0062802510986
evt_inv_008767_0,cust_b2b_032,inv_008767,2026-04-08T07:59:47.573190+00:00,5113760,SEND_REMINDER,0.8500000000000001,0,8.712909752941382,0.13043478260869565,-0.5532104624089523,0.0,1.0,-0.9966840710599534,-0.08136868252194948,42.0,176.26812593363397
evt_inv_002930_0,cust_b2b_023,inv_002930,2026-04-08T08:02:34.919668+00:00,3076387,SEND_REMINDER,0.8500000000000001,0,1.2683344788573263,0.41818181818181815,0.9162422846271568,0.0,1.0,-0.9966950646025441,-0.08123391038802981,35.0,161.628170811388
evt_inv_006283_0,cust_b2b_013,inv_006283,2026-04-08T08:04:30.518408+00:00,2053948,SEND_REMINDER,0.8500000000000001,0,2.8500712796202365,0.21311475409836064,-0.3730904593692082,0.0,1.0,-0.9967026480231761,-0.08114081231777688,39.0,172.03378772105407
evt_inv_004112_0,cust_b2b_039,inv_004112,2026-04-08T08:12:09.207169+00:00,10338324,SEND_REMINDER,0.8500000000000001,0,1.9229151250804821,0.42748091603053434,-0.12442688757012602,0.0,1.0,-0.9967326528638937,-0.08077139787638173,23.0,161.2375713431313
evt_inv_007749_0,cust_b2b_017,inv_007749,2026-04-08T08:18:17.554347+00:00,5299038,SEND_REMINDER,0.8500000000000001,1,8.125365870059714,0.3006134969325153,-0.46955276179898225,0.0,1.0,-0.9967566489424917,-0.08047473385438689,23.0,172.8612990774236
evt_inv_005883_1,cust_b2b_018,inv_005883,2026-04-08T09:07:19.563958+00:00,1620624,OFFER_PAYMENT_PLAN,0.8500000000000001,0,21.779748226779073,0.6126760563380281,-0.5094427356993811,1.0,1.0,-0.9969451377726418,-0.07810500797956697,29.0,161.80540926385987
evt_inv_000209_0,cust_b2b_010,inv_000209,2026-04-08T09:18:14.251775+00:00,2523581,SEND_REMINDER,0.8500000000000001,1,5.491496144701294,0.16783216783216784,-0.3379122016294787,0.0,1.0,-0.9969863160350968,-0.07757761042186123,36.0,168.06120192692413
evt_inv_001096_1,cust_b2b_021,inv_001096,2026-04-08T09:30:07.955749+00:00,7306788,OFFER_PAYMENT_PLAN,0.8500000000000001,1,24.835605511421083,0.3353658536585366,-0.5068427948467128,1.0,1.0,-0.9970308884097813,-0.07700264642726368,34.0,170.4014602523204
evt_inv_006746_0,cust_b2b_026,inv_006746,2026-04-08T09:44:22.841747+00:00,4860081,SEND_REMINDER,0.8500000000000001,0,9.867844508102854,0.33136094674556216,0.04722290177559077,0.0,1.0,-0.9970838414504016,-0.07631391169708478,28.0,160.54237189781782
evt_inv_005571_0,cust_b2b_028,inv_005571,2026-04-08T09:47:18.416306+00:00,6111856,SEND_REMINDER,0.8500000000000001,0,9.84674141592377,0.3741935483870968,0.47113672944257956,0.0,1.0,-0.9970946579372656,-0.07617245639315591,35.0,158.20566247479806
evt_inv_005424_1,cust_b2b_024,inv_005424,2026-04-08T09:49:46.285229+00:00,4542400,OFFER_PAYMENT_PLAN,0.8500000000000001,1,21.201795353642922,0.15606936416184972,-0.002812871616615956,1.0,1.0,-0.9971037520164935,-0.07605332152267244,39.0,166.62751754186993
evt_inv_006350_0,cust_b2b_030,inv_006350,2026-04-08T09:51:51.454919+00:00,2861206,SEND_REMINDER,0.8500000000000001,0,3.0635256871662264,0.3333333333333333,0.5141160384309836,0.0,1.0,-0.9971114389468517,-0.07595247409623253,36.0,176.25778127777775
evt_inv_004444_0,cust_b2b_032,inv_004444,2026-04-08T09:52:41.369417+00:00,7470012,SEND_REMINDER,0.8500000000000001,0,3.4657632078795357,0.12980769230769232,0.34380612539027144,0.0,1.0,-0.9971145014549945,-0.07591225848410607,43.0,176.34652635292227
evt_inv_002692_0,cust_b2b_036,inv_002692,2026-04-08T10:04:06.306263+00:00,2835151,SEND_REMINDER,0.8500000000000001,0,8.996049405220989,0.30726256983240224,-0.6050520769532919,0.0,1.0,-0.997156361973079,-0.07536039925991526,34.0,172.87337676930701
evt_inv_005588_1,cust_b2b_029,inv_005588,2026-04-08T10:19:32.998105+00:00,5289159,OFFER_PAYMENT_PLAN,0.8500000000000001,1,22.716131117489788,0.22972972972972974,-0.13798752503540127,1.0,1.0,-0.9972125113962312,-0.07461371934719116,34.0,172.49534837002133
evt_inv_000253_0,cust_b2b_036,inv_000253,2026-04-08T10:26:34.713070+00:00,2716858,SEND_REMINDER,0.8500000000000001,1,8.677760460259279,0.3055555555555556,-0.6841159317311566,0.0,1.0,-0.9972378785213828,-0.07427390956568632,35.0,172.88898332957015
evt_inv_002957_1,cust_b2b_010,inv_002957,2026-04-08T10:40:19.873169+00:00,2789951,OFFER_PAYMENT_PLAN,0.8500000000000001,0,17.183035637023416,0.1736111111111111,-0.10969866720791296,1.0,1.0,-0.9972871788487998,-0.07360898656958917,37.0,168.11821143380345
evt_inv_007588_0,cust_b2b_030,inv_007588,2026-04-08T10:50:57.086114+00:00,2016262,SEND_REMINDER,0.8500000000000001,0,9.413777013572878,0.3313253012048193,-0.3759838318232606,0.0,1.0,-0.9973249466402351,-0.07309549103092691,37.0,176.29881867586172
evt_inv_006883_0,cust_b2b_025,inv_006883,2026-04-08T10:52:44.055034+00:00,8667339,SEND_REMINDER,0.8500000000000001,0,3.727215399728778,0.23444976076555024,-0.3633830438256733,0.0,1.0,-0.9973312608013235,-0.07300928864495594,34.0,169.57179536642272
evt_inv_003032_1,cust_b2b_016,inv_003032,2026-04-08T10:55:04.444467+00:00,11267337,OFFER_PAYMENT_PLAN,0.8500000000000001,0,17.81035154507533,0.2736842105263158,0.3345159703064221,1.0,1.0,-0.9973395364020876,-0.07289615304849122,41.0,164.14317772461087
evt_inv_008465_0,cust_b2b_001,inv_008465,2026-04-08T11:20:06.026632+00:00,6084125,SEND_REMINDER,0.8500000000000001,0,6.644204925522196,0.06711409395973154,-0.29997703641021883,0.0,1.0,-0.9974272480980199,-0.07168601503509037,29.0,161.35641703662023
evt_inv_002963_1,cust_b2b_017,inv_002963,2026-04-08T11:47:02.823179+00:00,9242014,OFFER_PAYMENT_PLAN,0.8500000000000001,1,22.586116894028336,0.3048780487804878,1.0412883200151075,1.0,1.0,-0.9975200481330183,-0.07038290682190398,24.0,173.00626746668001
evt_inv_000199_0,cust_b2b_019,inv_000199,2026-04-08T11:56:50.461518+00:00,4580424,SEND_REMINDER,0.8500000000000001,0,8.685713266687852,0.4068965517241379,0.8614927396828695,0.0,1.0,-0.9975533552581005,-0.06990925127124387,30.0,170.43603906346536
evt_inv_007765_1,cust_b2b_026,inv_007765,2026-04-08T12:14:07.613318+00:00,4541552,OFFER_PAYMENT_PLAN,0.8500000000000001,0,19.90130327376885,0.32941176470588235,-0.11972201329037917,1.0,1.0,-0.9976115918629284,-0.06907323490842168,29.0,160.64636230952132
evt_inv_001742_0,cust_b2b_004,inv_001742,2026-04-08T12:42:11.904435+00:00,3425437,SEND_REMINDER,0.8500000000000001,0,6.780809694426856,0.18404907975460122,0.22968643137413883,0.0,1.0,-0.9977046728764245,-0.06771547622624216,38.0,172.83860865089878
evt_inv_002062_0,cust_b2b_009,inv_002062,2026-04-08T13:20:51.011009+00:00,7098320,OFFER_PAYMENT_PLAN,0.05,0,4.254641245924614,0.1781609195402299,0.525186191555476,0.0,1.0,-0.9978298125198133,-0.06584576863150869,34.0,166.45660390847502
evt_inv_003863_0,cust_b2b_032,inv_003863,2026-04-08T13:42:33.802468+00:00,5335508,SEND_REMINDER,0.8500000000000001,0,9.362296746904956,0.1291866028708134,-0.4687917301371405,0.0,1.0,-0.9978985745029193,-0.06479533166086608,43.0,176.50616099472333
evt_inv_005179_0,cust_b2b_000,inv_005179,2026-04-08T13:52:43.583590+00:00,5071723,SEND_REMINDER,0.8500000000000001,0,6.374062608174796,0.3741496598639456,0.08700879830385655,0.0,1.0,-0.9979303791363772,-0.06430364217310336,35.0,168.22641917143977
evt_inv_002727_0,cust_b2b_026,inv_002727,2026-04-08T14:15:00.108028+00:00,5099915,SEND_REMINDER,0.8500000000000001,0,5.274498858333429,0.32748538011695905,0.1729221703466768,0.0,1.0,-0.9979992414103699,-0.06322589773444294,29.0,160.73030322051625
evt_inv_007762_0,cust_b2b_019,inv_007762,2026-04-08T14:19:33.865622+00:00,4347527,SEND_REMINDER,0.8500000000000001,1,4.283644698629658,0.4041095890410959,0.6905735230525002,0.0,1.0,-0.9980132027128865,-0.06300513638400433,31.0,170.53515253688752
evt_inv_005989_0,cust_b2b_000,inv_005989,2026-04-08T14:32:24.535412+00:00,5232854,SEND_REMINDER,0.8500000000000001,1,9.75335301212188,0.3716216216216216,0.16919927805057483,0.0,1.0,-0.9980522436868402,-0.06238364266107135,35.0,168.25397648419343
evt_inv_003181_0,cust_b2b_026,inv_003181,2026-04-08T14:55:29.119995+00:00,5211980,SEND_REMINDER,0.8500000000000001,0,5.21777591617427,0.32558139534883723,0.231656827419548,0.0,1.0,-0.9981214123783683,-0.0612670070414026,29.0,160.75841678494334
evt_inv_003521_0,cust_b2b_011,inv_003521,2026-04-08T14:58:27.395784+00:00,1926902,SEND_REMINDER,0.8500000000000001,0,5.608208988575087,0.38926174496644295,0.4464518184297782,0.0,1.0,-0.9981302275901901,-0.061123226115408734,23.0,171.4208964357538
evt_inv_006376_0,cust_b2b_003,inv_006376,2026-04-08T15:04:39.237331+00:00,3759793,SEND_REMINDER,0.8500000000000001,0,6.814975549759721,0.17415730337078653,-0.5382961148176888,0.0,1.0,-0.9981485474047019,-0.06082332869782385,30.0,163.55654852500788
evt_inv_006627_0,cust_b2b_009,inv_006627,2026-04-08T15:06:18.462594+00:00,7318108,SEND_REMINDER,0.8500000000000001,0,2.3429270931570856,0.17714285714285713,0.6188562549585774,0.0,1.0,-0.9981534207844668,-0.060743300669845506,34.0,166.52983830182845
evt_inv_007318_0,cust_b2b_039,inv_007318,2026-04-08T15:06:50.676015+00:00,11545028,SEND_REMINDER,0.8500000000000001,0,4.581538881002402,0.42424242424242425,0.15285348773611626,0.0,1.0,-0.9981550015445559,-0.06071731953559528,23.0,161.52555130663086
evt_inv_000244_1,cust_b2b_017,inv_000244,2026-04-08T15:19:52.088279+00:00,6870241,OFFER_PAYMENT_PLAN,0.8500000000000001,1,16.456384657111577,0.3090909090909091,0.1324894648583793,1.0,1.0,-0.9981931394278786,-0.06008707347770987,24.0,173.15405988682437
evt_inv_007719_0,cust_b2b_017,inv_007719,2026-04-08T15:30:08.974985+00:00,9142035,SEND_REMINDER,0.8500000000000001,0,7.962005148792766,0.3132530120481928,1.0029789847777357,0.0,1.0,-0.9982229663346625,-0.0595895081539297,25.0,173.16119977925766
evt_inv_001797_0,cust_b2b_028,inv_001797,2026-04-08T15:41:01.879349+00:00,4256206,SEND_REMINDER,0.8500000000000001,1,6.315783157044847,0.3717948717948718,-0.43094445668085113,0.0,1.0,-0.9982542645569297,-0.05906287576729963,35.0,158.45130440816942
evt_inv_003309_0,cust_b2b_007,inv_003309,2026-04-08T15:49:33.252427+00:00,5114847,SEND_REMINDER,0.8500000000000001,0,4.5508852430122575,0.3179190751445087,0.4865399200616385,0.0,1.0,-0.99827858418335,-0.05865039096959229,28.0,175.46072233989506
evt_inv_002859_1,cust_b2b_022,inv_002859,2026-04-08T16:03:33.313146+00:00,1992995,OFFER_PAYMENT_PLAN,0.8500000000000001,0,16.391097914946446,0.25,0.1443954309026705,1.0,1.0,-0.9983181653944211,-0.0579727577705026,26.0,165.2191098072357
evt_inv_004856_1,cust_b2b_009,inv_004856,2026-04-08T16:07:27.158154+00:00,8715230,OFFER_PAYMENT_PLAN,0.8500000000000001,0,17.138211878567144,0.17613636363636365,1.2142866283637006,1.0,1.0,-0.9983291016471346,-0.057784122424979927,35.0,166.57230005598663
evt_inv_002738_1,cust_b2b_014,inv_002738,2026-04-08T16:11:39.408091+00:00,11445983,OFFER_PAYMENT_PLAN,0.8500000000000001,1,23.174691254600862,0.23943661971830985,0.1996456659699257,1.0,1.0,-0.9983408586834335,-0.057580638093240606,27.0,174.9136642481949
evt_inv_000441_1,cust_b2b_005,inv_000441,2026-04-08T16:26:23.625193+00:00,5823217,OFFER_PAYMENT_PLAN,0.8500000000000001,0,24.747282420202424,0.2485207100591716,-0.6272185323825858,1.0,1.0,-0.9983817433706145,-0.05686734127996853,31.0,169.02475337353687
evt_inv_006375_1,cust_b2b_032,inv_006375,2026-04-08T16:32:24.141795+00:00,9387525,OFFER_PAYMENT_PLAN,0.8500000000000001,0,20.119089679263794,0.12857142857142856,1.0737961922761157,1.0,1.0,-0.9983982667865089,-0.05657650464366816,43.0,176.62410473693498
evt_inv_008803_1,cust_b2b_010,inv_008803,2026-04-08T16:33:18.015978+00:00,2764500,OFFER_PAYMENT_PLAN,0.8500000000000001,0,19.47084680680384,0.1724137931034483,-0.13150331437197907,1.0,1.0,-0.998400728704467,-0.0565330427483718,38.0,168.36332882741627
evt_inv_007008_0,cust_b2b_016,inv_007008,2026-04-08T16:33:21.682728+00:00,7152584,SEND_REMINDER,0.8500000000000001,0,6.135287062510711,0.27225130890052357,-0.7006296746372148,0.0,1.0,-0.9984008961972171,-0.0565300846682005,42.0,164.378099463744
evt_inv_007455_0,cust_b2b_037,inv_007455,2026-04-08T16:36:33.286043+00:00,4330738,SEND_REMINDER,0.8500000000000001,1,7.538102640259414,0.2694610778443114,1.237309103023792,0.0,1.0,-0.9984096362108149,-0.05637551171730629,37.0,168.9057210404046
evt_inv_004192_0,cust_b2b_028,inv_004192,2026-04-08T17:08:27.288505+00:00,4647265,SEND_REMINDER,0.8500000000000001,0,2.8914054215030194,0.37579617834394907,-0.240840056903355,0.0,1.0,-0.9984956301359228,-0.0548313468689811,36.0,158.51201516229474
evt_inv_000754_0,cust_b2b_012,inv_000754,2026-04-08T17:09:50.739591+00:00,3838159,SEND_REMINDER,0.8500000000000001,0,2.2391179208506604,0.5,0.0002137572510543657,0.0,1.0,-0.998499325164447,-0.054764017804979616,39.0,171.6695204770226
evt_inv_007693_0,cust_b2b_003,inv_007693,2026-04-08T17:12:16.158849+00:00,4634048,SEND_REMINDER,0.8500000000000001,1,8.696258296353403,0.17318435754189945,-0.08214572875451924,0.0,1.0,-0.9985057531572483,-0.054646691682811076,31.0,163.64517030183745
evt_inv_002644_0,cust_b2b_037,inv_002644,2026-04-08T17:58:50.794134+00:00,4008012,SEND_REMINDER,0.8500000000000001,0,4.676304001554813,0.27380952380952384,0.9588053430429936,0.0,1.0,-0.9986266065708431,-0.052391799442303995,38.0,168.96286812479562
evt_inv_002293_0,cust_b2b_005,inv_002293,2026-04-08T18:14:47.182540+00:00,7492235,ESCALATE_COLLECTIONS,0.05,0,2.05614161724171,0.24705882352941178,-0.09045229394971904,0.0,1.0,-0.9986667959050799,-0.05162006157184845,32.0,169.10002602801077
evt_inv_007807_1,cust_b2b_032,inv_007807,2026-04-08T18:21:39.424210+00:00,5830668,OFFER_PAYMENT_PLAN,0.8500000000000001,1,22.202194568717232,0.12796208530805686,-0.2802861576101808,1.0,1.0,-0.9986839351777641,-0.051287402135957234,44.0,176.69997606118076
evt_inv_005799_1,cust_b2b_029,inv_005799,2026-04-08T18:58:04.545636+00:00,7062945,WRITE_OFF,0.05,1,23.69588435027327,0.2348993288590604,0.6541431168757612,1.0,1.0,-0.9987729329314968,-0.049524018853641466,35.0,172.8554357257017
evt_inv_006608_0,cust_b2b_011,inv_006608,2026-04-08T18:59:54.429221+00:00,1619572,SEND_REMINDER,0.8500000000000001,0,1.4141576896172054,0.38666666666666666,-0.02349071799378909,0.0,1.0,-0.998777326155128,-0.049435339165550575,24.0,171.58857043385964
evt_inv_008009_0,cust_b2b_002,inv_008009,2026-04-08T19:26:48.500259+00:00,3440538,SEND_REMINDER,0.8500000000000001,0,5.958952815563528,0.1592356687898089,-0.23759856413958205,0.0,1.0,-0.9988409505758828,-0.04813268590746649,29.0,171.38587827953575
evt_inv_002306_0,cust_b2b_035,inv_002306,2026-04-08T19:29:31.462394+00:00,4021180,SEND_REMINDER,0.8500000000000001,0,5.229449469679901,0.3522727272727273,-0.5997433778372173,0.0,1.0,-0.9988472798899788,-0.04800116099002619,28.0,175.62319516977516
evt_inv_000478_0,cust_b2b_001,inv_000478,2026-04-08T19:41:40.283686+00:00,9858794,SEND_REMINDER,0.8500000000000001,0,9.904814337895518,0.06666666666666667,1.0649451836974402,0.0,1.0,-0.9988753747705349,-0.047412927319703674,30.0,161.7047301969623
evt_inv_003377_0,cust_b2b_019,inv_003377,2026-04-08T20:10:10.936782+00:00,3588414,SEND_REMINDER,0.8500000000000001,1,7.3459664505754985,0.40816326530612246,0.13347381437009145,0.0,1.0,-0.9989399568838894,-0.04603219026739014,31.0,170.7786371567945
evt_inv_001147_0,cust_b2b_014,inv_001147,2026-04-08T20:26:11.108881+00:00,8027184,SEND_REMINDER,0.8500000000000001,0,2.586915992732017,0.24475524475524477,-0.6067111122852804,0.0,1.0,-0.9989753698929913,-0.04525715796601866,27.0,175.09042004437515
evt_inv_004924_0,cust_b2b_009,inv_004924,2026-04-08T20:53:35.168625+00:00,6124367,SEND_REMINDER,0.8500000000000001,0,9.252678797594838,0.1751412429378531,0.11010377373954826,0.0,1.0,-0.9990346097236809,-0.04393004181938186,36.0,166.77100388088942
evt_inv_007270_0,cust_b2b_010,inv_007270,2026-04-08T21:26:18.851677+00:00,3437330,SEND_REMINDER,0.8500000000000001,0,8.163114234160822,0.17123287671232876,0.44494564105117745,0.0,1.0,-0.9991030559276904,-0.04234481828925862,39.0,168.56681072208002
evt_inv_006000_1,cust_b2b_019,inv_006000,2026-04-08T21:27:03.381739+00:00,2622792,OFFER_PAYMENT_PLAN,0.8500000000000001,0,24.47870851734553,0.41216216216216217,-0.5751792229025489,1.0,1.0,-0.999104578902806,-0.04230886922911757,32.0,170.83202193639025
evt_inv_005913_0,cust_b2b_014,inv_005913,2026-04-08T21:38:24.663913+00:00,11131238,SEND_REMINDER,0.8500000000000001,0,2.89242823251179,0.24305555555555555,0.12540988892801022,0.0,1.0,-0.9991277181910546,-0.04175886423666909,28.0,175.1405769313202
evt_inv_006988_0,cust_b2b_022,inv_006988,2026-04-08T21:52:53.141872+00:00,1603773,SEND_REMINDER,0.8500000000000001,0,8.579417181567592,0.24822695035460993,-0.37204129525831864,0.0,1.0,-0.9991567764596038,-0.041057716142684796,27.0,165.4617004174822
evt_inv_007990_0,cust_b2b_008,inv_007990,2026-04-08T21:54:56.069056+00:00,12727039,SEND_REMINDER,0.8500000000000001,0,5.30343215754376,0.28859060402684567,1.4427088361759668,0.0,1.0,-0.9991608497102435,-0.04095847172813223,34.0,161.0818799411537
evt_inv_000273_1,cust_b2b_030,inv_000273,2026-04-08T22:14:06.478712+00:00,2927932,OFFER_PAYMENT_PLAN,0.8500000000000001,1,21.18916852531516,0.32934131736526945,0.5844080945488465,1.0,1.0,-0.9991984912726822,-0.04002967697091107,34.0,176.7732329420438
evt_inv_008059_1,cust_b2b_037,inv_008059,2026-04-08T22:40:43.931053+00:00,4048334,OFFER_PAYMENT_PLAN,0.8500000000000001,1,18.918121963225165,0.27218934911242604,0.993602010900009,1.0,1.0,-0.9992493282953602,-0.038739900635797096,37.0,169.1586220243137
evt_inv_007142_1,cust_b2b_001,inv_007142,2026-04-08T23:06:09.487384+00:00,6182735,OFFER_PAYMENT_PLAN,0.8500000000000001,0,17.099620151989544,0.06622516556291391,-0.26431973650774065,1.0,1.0,-0.9992963231657274,-0.037508112555261146,31.0,161.84673486938928
evt_inv_001050_0,cust_b2b_000,inv_001050,2026-04-08T23:07:00.194450+00:00,4308906,SEND_REMINDER,0.8500000000000001,1,5.889711916228511,0.37583892617449666,-0.30209267589867106,0.0,1.0,-0.9992978591268017,-0.03746716888945255,36.0,168.611333648981
evt_inv_001796_0,cust_b2b_019,inv_001796,2026-04-08T23:46:37.773665+00:00,3234587,SEND_REMINDER,0.8500000000000001,0,9.766888519890076,0.40939597315436244,-0.12619347557042435,0.0,1.0,-0.9993679946028973,-0.035547311619636535,33.0,170.92894776886428
evt_inv_000104_0,cust_b2b_002,inv_000104,2026-04-08T23:56:52.694987+00:00,2359015,SEND_REMINDER,0.8500000000000001,0,8.776015993070107,0.15822784810126583,-0.9487777324512756,0.0,1.0,-0.9993855336487839,-0.0350507508269843,28.0,171.5734268296341
evt_inv_002801_1,cust_b2b_025,inv_002801,2026-04-09T00:02:52.226519+00:00,15220754,OFFER_PAYMENT_PLAN,0.8500000000000001,1,22.850979838705626,0.23333333333333334,1.2521230070265545,1.0,1.0,-0.9993956740588903,-0.03476041818471697,32.0,170.12050105490601
evt_inv_005260_1,cust_b2b_017,inv_005260,2026-04-09T00:29:20.406428+00:00,4421602,OFFER_PAYMENT_PLAN,0.8500000000000001,0,22.717335077094994,0.31137724550898205,-0.8057623777758998,1.0,1.0,-0.999439458676834,-0.03347787985755636,26.0,173.53563764317911
evt_inv_008003_0,cust_b2b_019,inv_008003,2026-04-09T00:33:07.513179+00:00,3645206,SEND_REMINDER,0.8500000000000001,0,2.088182452335894,0.4066666666666667,0.17515265230044705,0.0,1.0,-0.9994455852885608,-0.03329447472488818,33.0,170.961236420653
evt_inv_006650_0,cust_b2b_033,inv_006650,2026-04-09T00:48:14.213801+00:00,3110860,SEND_REMINDER,0.8500000000000001,0,4.626643548798917,0.17197452229299362,-0.7166515045155295,0.0,1.0,-0.9994697097483669,-0.03256223726212797,27.0,158.18187088205775
evt_inv_004624_0,cust_b2b_008,inv_004624,2026-04-09T01:04:26.733934+00:00,5758163,SEND_REMINDER,0.8500000000000001,0,5.573006319696475,0.2866666666666667,-0.7161787735534638,0.0,1.0,-0.9994949891607475,-0.03177682555821488,35.0,161.2134848587207
evt_inv_003627_0,cust_b2b_028,inv_003627,2026-04-09T01:43:21.199180+00:00,4582418,SEND_REMINDER,0.8500000000000001,0,2.725244010935644,0.37341772151898733,-0.2723639733073234,0.0,1.0,-0.9995531516207302,-0.02989142159659612,37.0,158.86958357287992
evt_inv_007355_1,cust_b2b_009,inv_007355,2026-04-09T01:55:21.889488+00:00,5626520,OFFER_PAYMENT_PLAN,0.8500000000000001,0,24.713085487382635,0.17415730337078653,-0.10207044371992437,1.0,1.0,-0.9995703889360941,-0.02930934257443446,37.0,166.98057240939377
evt_inv_004138_0,cust_b2b_004,inv_004138,2026-04-09T02:12:15.938890+00:00,2455122,SEND_REMINDER,0.8500000000000001,0,8.891864181418,0.18292682926829268,-0.5435450072888696,0.0,1.0,-0.9995940687336206,-0.02849030980115766,39.0,173.40115534597558
evt_inv_003961_0,cust_b2b_033,inv_003961,2026-04-09T02:13:07.015672+00:00,3601098,SEND_REMINDER,0.8500000000000001,0,8.652973307804398,0.17088607594936708,-0.4356148651831769,0.0,1.0,-0.9995952437117294,-0.028449055325062325,28.0,158.24081534816617
evt_inv_008587_0,cust_b2b_017,inv_008587,2026-04-09T02:17:51.640273+00:00,5313416,SEND_REMINDER,0.8500000000000001,0,4.2199598109354275,0.30952380952380953,-0.4640434811048624,0.0,1.0,-0.9996017600800988,-0.028219164494517786,25.0,173.61099914601334
evt_inv_002940_0,cust_b2b_017,inv_002940,2026-04-09T02:19:03.678431+00:00,8586724,SEND_REMINDER,0.8500000000000001,0,7.32703279124494,0.3076923076923077,0.7901988948114427,0.0,1.0,-0.9996034009811797,-0.028160979153057222,26.0,173.6118329209953
evt_inv_003430_1,cust_b2b_005,inv_003430,2026-04-09T02:23:22.844307+00:00,8717879,WRITE_OFF,0.05,0,16.03009451515498,0.24561403508771928,0.3037220322317907,1.0,1.0,-0.9996092763083491,-0.02795164965254424,31.0,169.43932766883646
evt_inv_007222_0,cust_b2b_033,inv_007222,2026-04-09T02:25:42.309571+00:00,4129023,SEND_REMINDER,0.8500000000000001,0,3.095710336854017,0.16981132075471697,-0.13297361003960023,0.0,1.0,-0.9996124198636935,-0.027839002393239685,29.0,158.2495571756974
evt_inv_002750_0,cust_b2b_035,inv_002750,2026-04-09T02:49:10.569260+00:00,5490889,ESCALATE_COLLECTIONS,0.05,1,3.7044723313280095,0.3502824858757062,0.09478564731338403,0.0,1.0,-0.9996434508590689,-0.02670151970529536,29.0,175.9285089066545
evt_inv_000486_0,cust_b2b_036,inv_000486,2026-04-09T02:50:11.905689+00:00,3802851,SEND_REMINDER,0.8500000000000001,0,7.026959165222221,0.30939226519337015,0.04173640894801158,0.0,1.0,-0.9996447729915923,-0.026651976110375158,35.0,173.5720526885868
evt_inv_002562_0,cust_b2b_005,inv_002562,2026-04-09T03:18:37.574161+00:00,7807115,SEND_REMINDER,0.8500000000000001,1,8.059330476533662,0.2441860465116279,0.010815050254509097,0.0,1.0,-0.9996805558339875,-0.02527422179711376,31.0,169.4776925976961
evt_inv_001481_0,cust_b2b_032,inv_001481,2026-04-09T03:32:50.159995+00:00,8753211,SEND_REMINDER,0.8500000000000001,0,5.745075585620851,0.1320754716981132,0.8323153638136906,0.0,1.0,-0.9996977302444293,-0.02458552712748414,45.0,177.08273920683646
evt_inv_003692_1,cust_b2b_011,inv_003692,2026-04-09T03:55:49.311346+00:00,1946993,OFFER_PAYMENT_PLAN,0.8500000000000001,1,22.616266787911012,0.3841059602649007,0.4771730451926604,1.0,1.0,-0.9997245072595387,-0.023471463198373028,25.0,171.96073342142003
evt_inv_000516_0,cust_b2b_012,inv_000516,2026-04-09T04:04:49.729979+00:00,3280559,SEND_REMINDER,0.8500000000000001,0,7.015762811467256,0.4968944099378882,-0.3630122366776888,0.0,1.0,-0.999734661242292,-0.023034910695716285,40.0,172.12436990281958
evt_inv_000697_0,cust_b2b_005,inv_000697,2026-04-09T04:06:35.281225+00:00,9291314,SEND_REMINDER,0.8500000000000001,0,9.859778701294326,0.24855491329479767,0.4881421009141764,0.0,1.0,-0.9997366222034042,-0.022949645429241657,32.0,169.51099939241797
evt_inv_006834_0,cust_b2b_024,inv_006834,2026-04-09T04:09:59.448851+00:00,4099203,ESCALATE_COLLECTIONS,0.05,0,6.887941395561326,0.16091954022988506,-0.24646065711226856,0.0,1.0,-0.9997403946502115,-0.022784716470461396,39.0,167.39155878749366
evt_inv_001231_0,cust_b2b_024,inv_001231,2026-04-09T04:15:07.106229+00:00,3622854,SEND_REMINDER,0.8500000000000001,0,2.917426360558909,0.16,-0.5083341991551058,0.0,1.0,-0.9997460279064744,-0.02253618612868999,39.0,167.3951196367774
evt_inv_007460_0,cust_b2b_025,inv_007460,2026-04-09T04:17:04.542198+00:00,7357100,SEND_REMINDER,0.8500000000000001,0,7.7746345710888445,0.23696682464454977,-0.6863747564704545,0.0,1.0,-0.9997481618853685,-0.022441319186424454,33.0,170.29703248637006
evt_inv_001666_0,cust_b2b_038,inv_001666,2026-04-09T04:26:49.179754+00:00,5186580,SEND_REMINDER,0.8500000000000001,0,1.3025746798917868,0.31125827814569534,0.506584797453992,0.0,1.0,-0.9997586516218354,-0.02196903519250328,30.0,172.18732251405694
evt_inv_000590_1,cust_b2b_005,inv_000590,2026-04-09T04:31:07.506748+00:00,7993538,OFFER_PAYMENT_PLAN,0.8500000000000001,0,19.391640256323342,0.2471264367816092,0.07076952713803582,1.0,1.0,-0.9997632155289328,-0.021760350990938218,33.0,169.52803903968163
evt_inv_004637_0,cust_b2b_000,inv_004637,2026-04-09T04:31:08.388610+00:00,4650378,SEND_REMINDER,0.8500000000000001,0,1.4715833741074724,0.38,-0.12791263109266635,0.0,1.0,-0.9997632310343224,-0.02175963859562057,36.0,168.83642848879404
evt_inv_004901_0,cust_b2b_006,inv_004901,2026-04-09T04:39:57.886054+00:00,4236180,SEND_REMINDER,0.8500000000000001,0,8.455386901765806,0.32298136645962733,-0.5925283619148487,0.0,1.0,-0.9997724493041361,-0.021331891908797983,26.0,172.32289603466788
evt_inv_001548_0,cust_b2b_024,inv_001548,2026-04-09T04:56:36.635161+00:00,3987018,SEND_REMINDER,0.8500000000000001,1,7.078404129005182,0.1590909090909091,-0.3081344562497895,0.0,1.0,-0.9997893388360017,-0.020525056635014055,39.0,167.42393362904332
evt_inv_003303_0,cust_b2b_010,inv_003303,2026-04-09T04:59:02.380733+00:00,2517889,SEND_REMINDER,0.8500000000000001,1,9.113253904475025,0.17006802721088435,-0.3427888978480145,0.0,1.0,-0.9997917490516656,-0.020407315556223996,39.0,168.881203419488
evt_inv_002056_1,cust_b2b_035,inv_002056,2026-04-09T05:07:24.136474+00:00,4728286,OFFER_PAYMENT_PLAN,0.8500000000000001,1,16.610124200831613,0.3539325842696629,-0.26559199887719553,1.0,1.0,-0.9997999406213548,-0.020001968241535408,29.0,176.02449926792224
evt_inv_002434_1,cust_b2b_003,inv_002434,2026-04-09T05:14:58.076477+00:00,4323562,ESCALATE_COLLECTIONS,0.05,0,16.471478878604035,0.17777777777777778,-0.24414474036358733,1.0,1.0,-0.9998072099651883,-0.01963524641113076,31.0,164.14704434846033
evt_inv_000107_1,cust_b2b_015,inv_000107,2026-04-09T05:32:54.531393+00:00,11151089,OFFER_PAYMENT_PLAN,0.8500000000000001,0,21.91193412148809,0.17088607594936708,0.3974863783422092,1.0,1.0,-0.9998239104994965,-0.018765606664713462,31.0,170.35818781916052
evt_inv_002690_0,cust_b2b_015,inv_002690,2026-04-09T05:43:07.416082+00:00,9053363,SEND_REMINDER,0.8500000000000001,0,4.71280867562612,0.16981132075471697,-0.14758444968426343,0.0,1.0,-0.9998330810907785,-0.018270466784425485,32.0,170.3652813919454
evt_inv_002280_1,cust_b2b_028,inv_002280,2026-04-09T06:02:28.252344+00:00,4042235,OFFER_PAYMENT_PLAN,0.8500000000000001,1,19.70430985829459,0.3710691823899371,-0.5349615816579143,1.0,1.0,-0.9998497786285135,-0.01733263328269764,38.0,159.04952631783468
evt_inv_008049_1,cust_b2b_034,inv_008049,2026-04-09T06:07:59.586422+00:00,4320107,OFFER_PAYMENT_PLAN,0.8500000000000001,1,22.543478106675906,0.5149253731343284,-0.42343497871195995,1.0,1.0,-0.999854383183108,-0.017064947393018857,22.0,159.178905058365
evt_inv_008185_0,cust_b2b_019,inv_008185,2026-04-09T06:11:58.635491+00:00,3797505,SEND_REMINDER,0.8500000000000001,0,5.874001271280276,0.40397350993377484,0.2869219445959418,0.0,1.0,-0.9998576607466986,-0.01687181810415949,33.0,171.19655033629513
evt_inv_007733_1,cust_b2b_012,inv_007733,2026-04-09T06:16:06.856388+00:00,3586946,OFFER_PAYMENT_PLAN,0.8500000000000001,1,19.99159362764688,0.49382716049382713,-0.16342832112125052,1.0,1.0,-0.9998610245850069,-0.01667127816995848,41.0,172.21554034736565
evt_inv_003691_0,cust_b2b_017,inv_003691,2026-04-09T06:20:06.087906+00:00,6275093,SEND_REMINDER,0.8500000000000001,0,8.938027005188815,0.3058823529411765,-0.09555506072626734,0.0,1.0,-0.9998642285377125,-0.016478000202848807,27.0,173.7792219195451
evt_inv_005762_0,cust_b2b_008,inv_005762,2026-04-09T06:24:51.659524+00:00,6687579,SEND_REMINDER,0.8500000000000001,0,4.495852549793417,0.2847682119205298,-0.42825526869540714,0.0,1.0,-0.9998680041907178,-0.016247282716527162,35.0,161.43599557157086
evt_inv_007596_1,cust_b2b_004,inv_007596,2026-04-09T06:34:25.420606+00:00,2855014,OFFER_PAYMENT_PLAN,0.8500000000000001,1,18.61126752536294,0.18181818181818182,-0.22487616485586154,1.0,1.0,-0.999875429172415,-0.01578373014463996,39.0,173.58320953251086
evt_inv_000901_0,cust_b2b_034,inv_000901,2026-04-09T06:50:12.493425+00:00,5369638,SEND_REMINDER,0.8500000000000001,0,3.2672359185558455,0.5185185185185185,0.08104768022608613,0.0,1.0,-0.9998872150000491,-0.015018564493506612,23.0,159.20822111164634
evt_inv_000585_0,cust_b2b_025,inv_000585,2026-04-09T06:59:17.067225+00:00,7752826,SEND_REMINDER,0.8500000000000001,0,4.966745453871771,0.2358490566037736,-0.5888228015851654,0.0,1.0,-0.9998937267880226,-0.014578584634983509,34.0,170.40967745196122
evt_inv_000001_0,cust_b2b_012,inv_000001,2026-04-09T07:28:17.977104+00:00,3251435,SEND_REMINDER,0.8500000000000001,1,7.409475484057725,0.49693251533742333,-0.3819836963721319,0.0,1.0,-0.9999132451116677,-0.013172025290517695,42.0,172.26566905935366
evt_inv_004807_0,cust_b2b_019,inv_004807,2026-04-09T07:40:37.088766+00:00,4597144,SEND_REMINDER,0.8500000000000001,1,1.3254639914872126,0.40131578947368424,0.8737628905293348,0.0,1.0,-0.9999209333761391,-0.012574855712522032,34.0,171.25810650846188
evt_inv_008845_0,cust_b2b_005,inv_008845,2026-04-09T07:53:28.916467+00:00,4045745,SEND_REMINDER,0.8500000000000001,0,3.6684658269835144,0.24571428571428572,-1.1988642697643899,0.0,1.0,-0.9999285812824773,-0.011951248236571775,33.0,169.66856461512597
evt_inv_006639_0,cust_b2b_026,inv_006639,2026-04-09T08:01:28.457140+00:00,5038694,SEND_REMINDER,0.8500000000000001,0,5.590337523772817,0.3236994219653179,0.14083577443806516,0.0,1.0,-0.999933137084681,-0.01156379522426008,28.0,161.47090911300816
evt_inv_004704_1,cust_b2b_024,inv_004704,2026-04-09T08:08:58.799859+00:00,4804870,OFFER_PAYMENT_PLAN,0.8500000000000001,0,17.69634293278391,0.1638418079096045,0.1414799249772171,1.0,1.0,-0.9999372787989731,-0.011199931611612103,39.0,167.55752349823345
evt_inv_005647_0,cust_b2b_028,inv_005647,2026-04-09T08:12:31.557583+00:00,4735654,SEND_REMINDER,0.8500000000000001,0,2.7548258762507363,0.375,-0.19787165054362973,0.0,1.0,-0.9999391894377103,-0.011028029137382645,39.0,159.13984235068722
evt_inv_006514_0,cust_b2b_011,inv_006514,2026-04-09T08:18:06.755792+00:00,2004389,SEND_REMINDER,0.8500000000000001,0,1.9982130007473442,0.3881578947368421,0.5649377199646723,0.0,1.0,-0.9999421396780303,-0.01075719741022942,24.0,172.14287976917402
evt_inv_000736_0,cust_b2b_008,inv_000736,2026-04-09T08:21:45.248987+00:00,12682839,SEND_REMINDER,0.8500000000000001,0,5.917124719514005,0.28289473684210525,1.4290162777245132,0.0,1.0,-0.9999440232505519,-0.010580659974680322,36.0,161.5171713755458
evt_inv_004030_0,cust_b2b_021,inv_004030,2026-04-09T08:49:52.972632+00:00,10547196,SEND_REMINDER,0.8500000000000001,1,3.834176089659226,0.3393939393939394,0.3770807283195867,0.0,1.0,-0.999957522482291,-0.00921700770741563,32.0,171.37350905882855
evt_inv_006920_0,cust_b2b_002,inv_006920,2026-04-09T08:52:22.333817+00:00,3916495,SEND_REMINDER,0.8500000000000001,0,8.409052256660738,0.15723270440251572,0.07537728110698007,0.0,1.0,-0.9999586275751414,-0.009096325524053294,29.0,171.94529764941646
evt_inv_005445_0,cust_b2b_027,inv_005445,2026-04-09T08:56:26.695201+00:00,2897108,SEND_REMINDER,0.8500000000000001,0,4.246898532001129,0.19318181818181818,0.10387623482090053,0.0,1.0,-0.9999604041483368,-0.008898883946592405,31.0,162.45430921973056
evt_inv_001389_0,cust_b2b_028,inv_001389,2026-04-09T09:23:25.034247+00:00,5252371,SEND_REMINDER,0.8500000000000001,0,2.4213949373232286,0.37267080745341613,0.05331836658550145,0.0,1.0,-0.9999711858671492,-0.007591273638031355,40.0,159.1890724046763
evt_inv_007741_0,cust_b2b_018,inv_007741,2026-04-09T09:52:19.122425+00:00,2461374,SEND_REMINDER,0.8500000000000001,1,6.947803337101689,0.6083916083916084,0.5232226594518248,0.0,1.0,-0.9999808409974742,-0.006190124230112243,27.0,162.8366541535229
evt_inv_001185_1,cust_b2b_029,inv_001185,2026-04-09T10:00:36.736576+00:00,6059920,OFFER_PAYMENT_PLAN,0.8500000000000001,0,17.431533451363382,0.24,0.20621600522323394,1.0,1.0,-0.999983249110666,-0.005788047863974877,34.0,173.4821971949151
evt_inv_001558_1,cust_b2b_015,inv_001558,2026-04-09T10:04:21.954513+00:00,8790666,OFFER_PAYMENT_PLAN,0.8500000000000001,0,21.96142724280144,0.16875,-0.21584332444391727,1.0,1.0,-0.9999842858684143,-0.0056060695890810044,32.0,170.54669966081727
evt_inv_006780_0,cust_b2b_017,inv_006780,2026-04-09T10:04:45.746011+00:00,6476183,SEND_REMINDER,0.8500000000000001,0,8.809809164772386,0.30409356725146197,-0.018503053858100398,0.0,1.0,-0.9999843934551267,-0.005586845816942132,27.0,173.93523648094364
evt_inv_007474_1,cust_b2b_020,inv_007474,2026-04-09T10:11:27.066654+00:00,4520483,WRITE_OFF,0.05,1,20.894557611930495,0.4093567251461988,-0.39222277762699725,1.0,1.0,-0.9999861525596806,-0.0052625743592943485,33.0,160.61704263646956
evt_inv_003120_0,cust_b2b_015,inv_003120,2026-04-09T10:14:54.392625+00:00,8075669,WRITE_OFF,0.05,0,1.762096656532262,0.16770186335403728,-0.40162730572503363,0.0,1.0,-0.9999870201358024,-0.0050950524941687945,33.0,170.5540195463757
evt_inv_007306_0,cust_b2b_021,inv_007306,2026-04-09T10:20:24.316403+00:00,7708084,SEND_REMINDER,0.8500000000000001,0,5.038903227317441,0.3433734939759036,-0.39737656405247507,0.0,1.0,-0.9999883428715516,-0.004828469841280999,33.0,171.4363718339528
evt_inv_006166_0,cust_b2b_010,inv_006166,2026-04-09T10:26:36.975792+00:00,2686216,SEND_REMINDER,0.8500000000000001,0,5.0190951911805595,0.17567567567567569,-0.19857342759286478,0.0,1.0,-0.999989751471975,-0.004527355852772212,39.0,169.10868715860605
evt_inv_001808_0,cust_b2b_019,inv_001808,2026-04-09T10:34:03.153906+00:00,3439344,SEND_REMINDER,0.8500000000000001,0,4.859504812235347,0.40522875816993464,0.024073645203084873,0.0,1.0,-0.9999913186963094,-0.004166837171784028,35.0,171.378547077209
evt_inv_005006_0,cust_b2b_002,inv_005006,2026-04-09T10:58:11.471622+00:00,4513025,SEND_REMINDER,0.8500000000000001,0,3.6027109617530355,0.15625,0.46763919719636815,0.0,1.0,-0.9999955102710237,-0.0029965710061446247,30.0,172.03267192957148
evt_inv_006489_0,cust_b2b_019,inv_006489,2026-04-09T11:05:22.262612+00:00,3759709,SEND_REMINDER,0.8500000000000001,0,6.120485684446844,0.4025974025974026,0.2591839331894047,0.0,1.0,-0.9999964927615534,-0.0026484834514264987,36.0,171.40029602057075
evt_inv_000370_0,cust_b2b_007,inv_000370,2026-04-09T12:04:54.514473+00:00,3731458,SEND_REMINDER,0.8500000000000001,1,3.5036995518839253,0.3160919540229885,-0.32121556488997033,0.0,1.0,-0.9999999716840903,0.00023797440743842258,27.0,176.3047184283918
evt_inv_001349_1,cust_b2b_023,inv_001349,2026-04-09T12:10:49.564985+00:00,2754416,OFFER_PAYMENT_PLAN,0.8500000000000001,1,24.757370753901856,0.41566265060240964,0.5587024974635945,1.0,1.0,-0.9999998622592514,0.0005248632947875869,32.0,162.8005625395947
evt_inv_003137_0,cust_b2b_008,inv_003137,2026-04-09T12:23:01.825407+00:00,6207857,SEND_REMINDER,0.8500000000000001,1,3.166665507800797,0.28104575163398693,-0.5768682135018907,0.0,1.0,-0.9999993766620915,0.0011165462052552424,37.0,161.68472434336886
evt_inv_002378_0,cust_b2b_007,inv_002378,2026-04-09T12:32:24.994205+00:00,5798463,SEND_REMINDER,0.8500000000000001,0,6.027318593055814,0.32,0.8857008444493765,0.0,1.0,-0.999998765037498,0.0015715990197695871,28.0,176.32382120306193
evt_inv_006213_0,cust_b2b_032,inv_006213,2026-04-09T12:34:53.680796+00:00,7891157,ESCALATE_COLLECTIONS,0.05,0,5.397206943784883,0.13145539906103287,0.5041343629007708,0.0,1.0,-0.9999985690051441,0.0016917410156834366,46.0,177.45916884573413
evt_inv_003917_0,cust_b2b_032,inv_003917,2026-04-09T12:43:50.697024+00:00,5436752,SEND_REMINDER,0.8500000000000001,0,8.465429888354535,0.1308411214953271,-0.4302485765462924,0.0,1.0,-0.9999977407788724,0.0021256615796299274,46.0,177.46538431134434
evt_inv_005666_0,cust_b2b_000,inv_005666,2026-04-09T12:45:56.824736+00:00,5680972,ESCALATE_COLLECTIONS,0.05,1,1.4271480376248742,0.37748344370860926,0.39777752850723586,0.0,1.0,-0.9999975189508287,0.0022275754054475764,33.0,169.18004464766878
evt_inv_007569_0,cust_b2b_010,inv_007569,2026-04-09T12:58:10.499588+00:00,3534223,SEND_REMINDER,0.8500000000000001,0,7.214324595006044,0.174496644295302,0.5279594434390728,0.0,1.0,-0.9999960226653714,0.002820399517444631,40.0,169.21393627660711
evt_inv_007041_1,cust_b2b_039,inv_007041,2026-04-09T13:04:14.268448+00:00,13024639,OFFER_PAYMENT_PLAN,0.8500000000000001,0,23.036486966404894,0.42105263157894735,0.49284319014418976,1.0,1.0,-0.9999951504570977,0.0031143317560007704,24.0,162.44040770052862
evt_inv_008830_1,cust_b2b_027,inv_008830,2026-04-09T13:13:10.895339+00:00,2075406,OFFER_PAYMENT_PLAN,0.8500000000000001,0,24.73739183690757,0.192090395480226,-0.6346574789261055,1.0,1.0,-0.9999937060548688,0.003547936111127495,31.0,162.63259857318414
evt_inv_001291_0,cust_b2b_004,inv_001291,2026-04-09T13:24:51.465577+00:00,3718274,SEND_REMINDER,0.8500000000000001,0,1.0789571152625368,0.18674698795180722,0.46304398719743756,0.0,1.0,-0.9999915374305003,0.004114008675780038,40.0,173.8682332011518
evt_inv_001877_0,cust_b2b_016,inv_001877,2026-04-09T13:27:52.883547+00:00,9540066,SEND_REMINDER,0.8500000000000001,0,2.833576356892868,0.2708333333333333,-0.10001237146879069,0.0,1.0,-0.9999909236143594,0.0042605972469111275,41.0,165.24929391765963
evt_inv_005115_1,cust_b2b_026,inv_005115,2026-04-09T13:30:04.123913+00:00,3638197,OFFER_PAYMENT_PLAN,0.8500000000000001,0,22.665565312519284,0.3218390804597701,-0.5931802559138702,1.0,1.0,-0.9999904661756953,0.004366641468627689,29.0,161.69909970066158
evt_inv_008454_1,cust_b2b_015,inv_008454,2026-04-09T13:32:37.779627+00:00,13479734,OFFER_PAYMENT_PLAN,0.8500000000000001,0,23.233842259079452,0.16666666666666666,1.0025588621927406,1.0,1.0,-0.9999899163177456,0.004490797571489047,33.0,170.69132726630642
evt_inv_004789_0,cust_b2b_002,inv_004789,2026-04-09T13:34:04.677036+00:00,4213021,SEND_REMINDER,0.8500000000000001,0,8.099474020255858,0.15527950310559005,0.270365013327581,0.0,1.0,-0.9999895985309439,0.004561011940509382,30.0,172.14092662186567
evt_inv_006591_1,cust_b2b_037,inv_006591,2026-04-09T13:34:36.259503+00:00,2052689,OFFER_PAYMENT_PLAN,0.8500000000000001,0,22.29318932178945,0.27647058823529413,-0.7285856066831958,1.0,1.0,-0.9999894818112519,0.0045865310272467106,37.0,169.7793665665681
evt_inv_006300_0,cust_b2b_015,inv_006300,2026-04-09T13:34:57.870995+00:00,13083781,OFFER_PAYMENT_PLAN,0.05,1,7.163750192034523,0.1656441717791411,0.899674966358076,0.0,1.0,-0.9999894015661286,0.0046039934204957405,34.0,170.69294869417362
evt_inv_001649_0,cust_b2b_007,inv_001649,2026-04-09T13:46:05.315573+00:00,4041407,SEND_REMINDER,0.8500000000000001,0,3.0756194968883315,0.3181818181818182,-0.14023773813498502,0.0,1.0,-0.9999867731582108,0.005143297447075177,29.0,176.37498233000852
evt_inv_005764_0,cust_b2b_009,inv_005764,2026-04-09T13:53:52.695599+00:00,5276254,SEND_REMINDER,0.8500000000000001,0,5.289615991639639,0.17318435754189945,-0.25134806273766847,0.0,1.0,-0.9999847594626321,0.00552094579413208,37.0,167.4795400727111
evt_inv_000614_0,cust_b2b_031,inv_000614,2026-04-09T13:59:42.037383+00:00,12492574,SEND_REMINDER,0.8500000000000001,0,6.68318804791445,0.33783783783783783,-0.23219459345946994,0.0,1.0,-0.9999831611921572,0.005803217395557386,30.0,170.92176748817744
evt_inv_004934_0,cust_b2b_034,inv_004934,2026-04-09T14:08:06.462819+00:00,3327392,SEND_REMINDER,0.8500000000000001,1,5.569878861181093,0.5147058823529411,-0.9006076660146004,0.0,1.0,-0.9999807128124937,0.006210797293185119,24.0,159.51231797962623
evt_inv_001667_0,cust_b2b_013,inv_001667,2026-04-09T14:18:18.363538+00:00,1612886,SEND_REMINDER,0.8500000000000001,0,8.913063010891232,0.21195652173913043,-0.8298201823521199,0.0,1.0,-0.9999775197817493,0.006705216710977084,36.0,173.29336926190368
evt_inv_003420_1,cust_b2b_006,inv_003420,2026-04-09T15:04:38.221788+00:00,6774892,OFFER_PAYMENT_PLAN,0.8500000000000001,0,22.117249658191945,0.32098765432098764,0.5506057565895144,1.0,1.0,-0.9999599359869784,0.00895133626438341,26.0,172.75669621676647
evt_inv_002631_0,cust_b2b_023,inv_002631,2026-04-09T15:44:07.533864+00:00,2892092,ESCALATE_COLLECTIONS,0.05,1,2.2175814804636267,0.41916167664670656,0.7115879420376126,0.0,1.0,-0.9999409665374089,0.010865700172211534,33.0,162.94868717939917
evt_inv_005122_0,cust_b2b_027,inv_005122,2026-04-09T15:48:45.789135+00:00,2605148,OFFER_PAYMENT_PLAN,0.05,0,7.17326360671751,0.19101123595505617,-0.15853316226655093,0.0,1.0,-0.9999384982560451,0.011090523226849187,32.0,162.740641325452
evt_inv_001355_0,cust_b2b_019,inv_001355,2026-04-09T15:54:47.819853+00:00,2916796,ESCALATE_COLLECTIONS,0.05,0,6.732764702761058,0.4,-0.3594145176680802,0.0,1.0,-0.9999352111715962,0.011383033831767902,37.0,171.6012862664078
evt_inv_002350_0,cust_b2b_020,inv_002350,2026-04-09T16:04:55.973232+00:00,5032034,SEND_REMINDER,0.8500000000000001,0,5.796202476694402,0.4127906976744186,-0.15370044109536504,0.0,1.0,-0.999929496798492,0.011874402398210833,33.0,160.86251609223896
evt_inv_003209_0,cust_b2b_033,inv_003209,2026-04-09T16:14:56.517706+00:00,6157604,SEND_REMINDER,0.8500000000000001,0,7.50458226886812,0.16875,1.0299420677803433,0.0,1.0,-0.9999236169746307,0.01235962039757205,30.0,158.82541606615248
evt_inv_002587_1,cust_b2b_038,inv_002587,2026-04-09T16:22:03.836492+00:00,4996459,OFFER_PAYMENT_PLAN,0.8500000000000001,0,21.98814092859941,0.3092105263157895,0.39637438508921796,1.0,1.0,-0.9999192897981865,0.012704876602723259,30.0,172.68401993001257
evt_inv_003068_0,cust_b2b_008,inv_003068,2026-04-09T16:24:49.757251+00:00,5975359,SEND_REMINDER,0.8500000000000001,0,6.7979003640580995,0.2857142857142857,-0.6488938871911331,0.0,1.0,-0.9999175774975351,0.012838933423802885,37.0,161.85264022118668
evt_inv_006492_1,cust_b2b_014,inv_006492,2026-04-09T16:48:40.667751+00:00,11078169,OFFER_PAYMENT_PLAN,0.8500000000000001,1,16.39745480072008,0.2413793103448276,0.11289302084079048,1.0,1.0,-0.999902064665647,0.013995037598246468,29.0,175.93937327202812
evt_inv_008453_0,cust_b2b_019,inv_008453,2026-04-09T16:49:10.440412+00:00,2469390,SEND_REMINDER,0.8500000000000001,0,1.6536270261542978,0.3974358974358974,-0.6877581328596524,0.0,1.0,-0.9999017276978402,0.014019092227179349,36.0,171.6390480784331
evt_inv_008355_0,cust_b2b_034,inv_008355,2026-04-09T16:54:53.973766+00:00,6124555,WRITE_OFF,0.05,0,7.685330625656439,0.5182481751824818,0.44391735032941465,0.0,1.0,-0.9998977977169334,0.014296647188291068,25.0,159.62814565262633
evt_inv_003281_0,cust_b2b_035,inv_003281,2026-04-09T17:01:07.221572+00:00,8199802,SEND_REMINDER,0.8500000000000001,0,3.691988964712351,0.3575418994413408,1.3749149797622269,0.0,1.0,-0.9998934404775838,0.014598208448324927,30.0,176.52013682693382
evt_inv_004798_0,cust_b2b_013,inv_004798,2026-04-09T17:06:32.387027+00:00,2624241,SEND_REMINDER,0.8500000000000001,0,2.8611899314004927,0.21081081081081082,0.21746126793138593,0.0,1.0,-0.9998895704154864,0.01486092104594871,37.0,173.4101982374809
evt_inv_003802_0,cust_b2b_014,inv_003802,2026-04-09T17:10:54.484239+00:00,9629652,SEND_REMINDER,0.8500000000000001,1,8.11935959702473,0.2465753424657534,-0.2287536680610257,0.0,1.0,-0.9998864007388588,0.015072677847354343,30.0,175.95481096286366
evt_inv_007211_1,cust_b2b_025,inv_007211,2026-04-09T17:17:40.904102+00:00,14676476,OFFER_PAYMENT_PLAN,0.8500000000000001,1,22.51211057726197,0.2347417840375587,1.1179511334558954,1.0,1.0,-0.999881397008037,0.015401036239687001,35.0,170.83912000840988
evt_inv_001347_1,cust_b2b_038,inv_001347,2026-04-09T17:22:03.503466+00:00,3364361,OFFER_PAYMENT_PLAN,0.8500000000000001,1,24.70726128368969,0.30718954248366015,-0.5497290794213276,1.0,1.0,-0.9998781066107365,0.015613196998972937,31.0,172.725682742205
evt_inv_002020_0,cust_b2b_031,inv_002020,2026-04-09T17:22:40.555661+00:00,13180588,SEND_REMINDER,0.8500000000000001,0,2.9630721774191087,0.33557046979865773,-0.10729786612961244,0.0,1.0,-0.9998776387188211,0.01564313236134852,31.0,171.06272256084318
evt_inv_001897_0,cust_b2b_036,inv_001897,2026-04-09T17:27:15.554537+00:00,4282969,WRITE_OFF,0.05,1,5.024438952520516,0.3076923076923077,0.3626359219848915,0.0,1.0,-0.9998741380463669,0.015865310146191434,35.0,174.1811226983982
evt_inv_000291_1,cust_b2b_027,inv_000291,2026-04-09T17:35:37.839337+00:00,2458486,OFFER_PAYMENT_PLAN,0.8500000000000001,0,19.04223021388386,0.18994413407821228,-0.29035044767654,1.0,1.0,-0.9998676166404744,0.01627111531817259,33.0,162.81485486945758
evt_inv_002944_0,cust_b2b_037,inv_002944,2026-04-09T17:45:22.836312+00:00,4840729,SEND_REMINDER,0.8500000000000001,1,4.111758792460094,0.27485380116959063,1.6774174358268907,0.0,1.0,-0.9998598137291517,0.01674374180122444,37.0,169.95351676111545
evt_inv_001857_1,cust_b2b_019,inv_001857,2026-04-09T18:07:28.035831+00:00,5780075,OFFER_PAYMENT_PLAN,0.8500000000000001,0,20.775406221344724,0.39490445859872614,1.7418949317792318,1.0,1.0,-0.9998413114606676,0.017814373315174364,37.0,171.69341839578476
evt_inv_001312_1,cust_b2b_021,inv_001312,2026-04-09T18:09:09.277177+00:00,10206372,OFFER_PAYMENT_PLAN,0.8500000000000001,1,20.832438758245004,0.3413173652694611,0.2841101368716989,1.0,1.0,-0.9998398508047031,0.01789616559012528,33.0,171.76189221328715
evt_inv_001031_1,cust_b2b_007,inv_001031,2026-04-09T18:21:13.870983+00:00,4770025,OFFER_PAYMENT_PLAN,0.8500000000000001,0,23.802281414590222,0.3163841807909605,0.2851993020801381,1.0,1.0,-0.9998292014385965,0.01848155704096046,29.0,176.56605357318048
evt_inv_006173_0,cust_b2b_032,inv_006173,2026-04-09T18:39:20.561617+00:00,6489920,SEND_REMINDER,0.8500000000000001,0,1.1115264618750134,0.13023255813953488,-0.029311231640213178,0.0,1.0,-0.9998125878865983,0.01935947064108526,47.0,177.71225774412812
evt_inv_000752_0,cust_b2b_008,inv_000752,2026-04-09T18:59:32.031235+00:00,12192406,SEND_REMINDER,0.8500000000000001,0,6.930169049487343,0.2838709677419355,1.2770848969937834,0.0,1.0,-0.9997931579711973,0.02033817282797296,38.0,161.96007394785985
evt_inv_003484_0,cust_b2b_032,inv_003484,2026-04-09T20:19:49.607601+00:00,8047710,WRITE_OFF,0.05,0,2.0794754265418396,0.12962962962962962,0.5637335712362604,0.0,1.0,-0.9997064125059225,0.024229915281286443,48.0,177.78203836894045
evt_inv_000790_0,cust_b2b_006,inv_000790,2026-04-09T20:35:42.350709+00:00,5275349,WRITE_OFF,0.05,1,6.762067838580909,0.31901840490797545,-0.1246101216164613,0.0,1.0,-0.9996874631560851,0.024999520166412492,27.0,172.98660511631888
evt_inv_003418_0,cust_b2b_024,inv_003418,2026-04-09T20:42:34.209100+00:00,6348338,SEND_REMINDER,0.8500000000000001,0,7.169704283858978,0.16292134831460675,0.9900026979863396,0.0,1.0,-0.9996790881840418,0.025332205737412822,37.0,168.08084999408155
evt_inv_006066_0,cust_b2b_006,inv_006066,2026-04-09T20:51:33.569714+00:00,4380129,SEND_REMINDER,0.8500000000000001,1,6.801813689399334,0.3231707317073171,-0.5277108806486787,0.0,1.0,-0.999667953074889,0.025767879133945945,27.0,172.99761459554054
evt_inv_006955_0,cust_b2b_003,inv_006955,2026-04-09T20:52:48.072420+00:00,5669541,SEND_REMINDER,0.8500000000000001,0,7.791953878927276,0.17679558011049723,0.45813150297977034,0.0,1.0,-0.9996664000401155,0.025828058983121335,30.0,164.79831744964375
evt_inv_002789_0,cust_b2b_012,inv_002789,2026-04-09T20:53:28.249811+00:00,3424184,SEND_REMINDER,0.8500000000000001,1,1.4475238936499686,0.5,-0.26945332103054725,0.0,1.0,-0.9996655610248003,0.02586051238802742,40.0,172.8248157342073
evt_inv_008326_0,cust_b2b_020,inv_008326,2026-04-09T20:54:08.752210+00:00,4395145,SEND_REMINDER,0.8500000000000001,0,3.0518025632425076,0.41040462427745666,-0.4506646365336628,0.0,1.0,-0.9996647141560441,0.02589322829070591,33.0,161.06335844151596
evt_inv_007101_0,cust_b2b_034,inv_007101,2026-04-09T20:55:17.574821+00:00,5069630,SEND_REMINDER,0.8500000000000001,0,3.9987489484231524,0.5144927536231884,-0.06315808784611388,0.0,1.0,-0.9996632726817077,0.025948819844025754,25.0,159.79508547964898
evt_inv_004010_1,cust_b2b_005,inv_004010,2026-04-09T21:02:02.851194+00:00,4607743,OFFER_PAYMENT_PLAN,0.8500000000000001,1,21.023560621982924,0.24431818181818182,-1.0181224244822749,1.0,1.0,-0.9996547215545678,0.026276180728171134,34.0,170.21617960039035
evt_inv_002870_1,cust_b2b_021,inv_002870,2026-04-09T21:39:24.670400+00:00,8635190,OFFER_PAYMENT_PLAN,0.8500000000000001,1,19.935071911473216,0.34523809523809523,-0.14447914137430415,1.0,1.0,-0.9996054837361616,0.02808695221262524,33.0,171.90790370892515
evt_inv_004142_0,cust_b2b_030,inv_004142,2026-04-09T21:46:43.294170+00:00,2725134,SEND_REMINDER,0.8500000000000001,0,4.80369339191707,0.3333333333333333,0.3707720588248307,0.0,1.0,-0.9995954664334578,0.02844122862462079,35.0,177.7542146024325
evt_inv_001413_0,cust_b2b_011,inv_001413,2026-04-09T21:48:51.418642+00:00,1685386,SEND_REMINDER,0.8500000000000001,0,8.867621349466482,0.38562091503267976,0.07714537937832983,0.0,1.0,-0.9995925166274958,0.028544714087015987,25.0,172.70589670031018
evt_inv_003719_1,cust_b2b_002,inv_003719,2026-04-09T21:50:40.456505+00:00,3638699,OFFER_PAYMENT_PLAN,0.8500000000000001,0,21.68263903838519,0.15432098765432098,-0.10729327899025447,1.0,1.0,-0.9995899978135304,0.028632783154039994,31.0,172.48578518053
evt_inv_003887_1,cust_b2b_033,inv_003887,2026-04-09T22:11:34.403547+00:00,4964599,OFFER_PAYMENT_PLAN,0.8500000000000001,0,22.328796822976198,0.16770186335403728,0.346033109293904,1.0,1.0,-0.9995604734782211,0.029645570664002908,31.0,159.07307678189702
evt_inv_004935_0,cust_b2b_010,inv_004935,2026-04-09T22:37:37.030260+00:00,3276366,SEND_REMINDER,0.8500000000000001,0,8.6737261660814,0.17333333333333334,0.3070395572531644,0.0,1.0,-0.9995222450867418,0.030907629749936393,39.0,169.6163266779115
evt_inv_001616_0,cust_b2b_038,inv_001616,2026-04-09T23:02:26.455554+00:00,3672852,SEND_REMINDER,0.8500000000000001,1,5.4047630049409525,0.3116883116883117,-0.3709013201329091,0.0,1.0,-0.9994843242372696,0.03211052170190615,31.0,172.96205950248302
evt_inv_005590_0,cust_b2b_004,inv_005590,2026-04-09T23:18:07.047851+00:00,3460851,SEND_REMINDER,0.8500000000000001,0,9.077066919878156,0.18562874251497005,0.2579073235114382,0.0,1.0,-0.999459630933887,0.032870140454497127,41.0,174.2802191071041
evt_inv_008559_0,cust_b2b_030,inv_008559,2026-04-09T23:18:25.563365+00:00,2872863,SEND_REMINDER,0.8500000000000001,0,5.3694121288710726,0.33136094674556216,0.5263956313767564,0.0,1.0,-0.9994591390532716,0.03288509332346691,36.0,177.8178982736708
evt_inv_003581_1,cust_b2b_013,inv_003581,2026-04-09T23:43:33.079525+00:00,1836793,OFFER_PAYMENT_PLAN,0.8500000000000001,0,21.49474767480617,0.20967741935483872,-0.5979588696659095,1.0,1.0,-0.9994183399951045,0.034102517230104754,38.0,173.6859006969418
evt_inv_008163_1,cust_b2b_036,inv_008163,2026-04-09T23:59:45.691771+00:00,2348136,OFFER_PAYMENT_PLAN,0.8500000000000001,0,22.649353789962703,0.3114754098360656,-0.93056139296504,1.0,1.0,-0.9993912304384953,0.034887942367391726,35.0,174.45369373119627
evt_inv_002641_1,cust_b2b_019,inv_002641,2026-04-10T00:09:10.557962+00:00,3855226,SEND_REMINDER,0.05,0,21.030457608244767,0.3924050632911392,0.32928254553839903,1.0,1.0,-0.9993752026198595,0.03534408562284233,37.0,171.94460499452666
evt_inv_008554_1,cust_b2b_007,inv_008554,2026-04-10T00:20:03.768745+00:00,3781865,OFFER_PAYMENT_PLAN,0.8500000000000001,0,24.901307246711312,0.3146067415730337,-0.2917831199958215,1.0,1.0,-0.9993564084826864,0.03587156010805923,29.0,176.81524220468273
evt_inv_004409_0,cust_b2b_010,inv_004409,2026-04-10T00:29:39.136779+00:00,2839270,SEND_REMINDER,0.8500000000000001,0,3.5578120886718625,0.17218543046357615,-0.06744416568575533,0.0,1.0,-0.9993396234173296,0.03633616749342026,40.0,169.69412883669125
evt_inv_004171_0,cust_b2b_017,inv_004171,2026-04-10T00:40:09.649033+00:00,7797824,SEND_REMINDER,0.8500000000000001,0,5.214050595778838,0.3023255813953488,0.48791382789362836,0.0,1.0,-0.9993209816001837,0.03684529459300512,27.0,174.543152025181
evt_inv_000429_0,cust_b2b_028,inv_000429,2026-04-10T00:40:11.450661+00:00,4160268,SEND_REMINDER,0.8500000000000001,1,5.526825579291534,0.37037037037037035,-0.47758217484699095,0.0,1.0,-0.9993209279613504,0.03684674936090719,40.0,159.82572074279892
evt_inv_006748_1,cust_b2b_038,inv_006748,2026-04-10T01:26:28.619315+00:00,2749451,OFFER_PAYMENT_PLAN,0.8500000000000001,0,19.666098054443964,0.3161290322580645,-0.906183651320695,1.0,1.0,-0.9992357272582989,0.039089146454973925,32.0,173.06208454602088
evt_inv_002774_0,cust_b2b_019,inv_002774,2026-04-10T01:37:37.553156+00:00,5056070,SEND_REMINDER,0.8500000000000001,0,6.164344593305037,0.389937106918239,1.210561038100763,0.0,1.0,-0.9992144530704477,0.03962924141497299,38.0,172.00602855001156
evt_inv_003184_0,cust_b2b_026,inv_003184,2026-04-10T02:15:46.486917+00:00,4413418,OFFER_PAYMENT_PLAN,0.05,1,3.503527257225956,0.32,-0.18687859735251064,0.0,1.0,-0.9991394494065298,0.04147723037543061,28.0,162.2308400132143
evt_inv_002311_0,cust_b2b_033,inv_002311,2026-04-10T02:54:30.538234+00:00,5010657,SEND_REMINDER,0.8500000000000001,0,4.317787239598951,0.16666666666666666,0.3724370409359535,0.0,1.0,-0.9990597982122158,0.04335342657929936,32.0,159.26955982226426
evt_inv_001283_1,cust_b2b_006,inv_001283,2026-04-10T03:00:43.480946+00:00,6057081,OFFER_PAYMENT_PLAN,0.8500000000000001,0,20.39763357236334,0.32727272727272727,0.22738878840707974,1.0,1.0,-0.9990466884593374,0.043654487494777794,28.0,173.25397930887507
evt_inv_001317_0,cust_b2b_002,inv_001317,2026-04-10T03:05:16.379104+00:00,4126755,SEND_REMINDER,0.8500000000000001,0,3.2735701612618042,0.15337423312883436,0.2136387715128946,0.0,1.0,-0.9990370380098463,0.04387478415346225,31.0,172.70425650691345
evt_inv_008087_0,cust_b2b_014,inv_008087,2026-04-10T03:07:58.052113+00:00,12744064,ESCALATE_COLLECTIONS,0.05,1,2.161866145848053,0.25170068027210885,0.5058106099573927,0.0,1.0,-0.9990312978818879,0.04400529345920155,30.0,176.3694355910383
evt_inv_006194_1,cust_b2b_000,inv_006194,2026-04-10T03:13:41.936669+00:00,6661022,OFFER_PAYMENT_PLAN,0.8500000000000001,1,21.979845677406256,0.3815789473684211,0.8976863202754878,1.0,1.0,-0.9990190317149005,0.044282889149451776,32.0,169.78265010985407
evt_inv_004837_0,cust_b2b_011,inv_004837,2026-04-10T03:21:16.023480+00:00,2285546,SEND_REMINDER,0.8500000000000001,1,6.992150618716946,0.38311688311688313,0.994858066627297,0.0,1.0,-0.9990027165234644,0.0446494387281473,26.0,172.93673703408265
evt_inv_004577_0,cust_b2b_008,inv_004577,2026-04-10T03:27:04.974232+00:00,5962371,SEND_REMINDER,0.8500000000000001,1,3.0997812759979904,0.28205128205128205,-0.6529172995567735,0.0,1.0,-0.9989900874494112,0.044931115920014926,38.0,162.31253856588293
evt_inv_007604_0,cust_b2b_034,inv_007604,2026-04-10T03:34:53.196187+00:00,5009983,SEND_REMINDER,0.8500000000000001,0,5.386035309244691,0.5107913669064749,-0.0918291172364206,0.0,1.0,-0.998973016984289,0.0453090646262689,26.0,160.07258109730904
evt_inv_001369_0,cust_b2b_017,inv_001369,2026-04-10T03:48:34.560708+00:00,6467047,SEND_REMINDER,0.8500000000000001,0,7.980248902102058,0.30057803468208094,-0.022003631762674804,0.0,1.0,-0.9989427261990834,0.04597205427151455,28.0,174.6739959103077
evt_inv_000700_0,cust_b2b_006,inv_000700,2026-04-10T04:04:11.963951+00:00,6403442,SEND_REMINDER,0.8500000000000001,1,6.686890878024096,0.3253012048192771,0.38334878486418,0.0,1.0,-0.9989076184259533,0.04672868338173132,29.0,173.29805897328706
evt_inv_004287_0,cust_b2b_021,inv_004287,2026-04-10T04:08:44.396479+00:00,7419253,SEND_REMINDER,0.8500000000000001,0,1.3211789097070428,0.34911242603550297,-0.4761645280761197,0.0,1.0,-0.9988973077592803,0.046948573474191554,34.0,172.1782709089085
evt_inv_001727_1,cust_b2b_024,inv_001727,2026-04-10T04:33:10.643497+00:00,5003214,OFFER_PAYMENT_PLAN,0.8500000000000001,0,21.76328116847171,0.16201117318435754,0.2505198243621386,1.0,1.0,-0.9988409838769434,0.04813199484479863,36.0,168.40766057738395
evt_inv_007451_0,cust_b2b_018,inv_007451,2026-04-10T04:36:42.196540+00:00,1974881,SEND_REMINDER,0.8500000000000001,1,2.484983243363777,0.6111111111111112,-0.07431995239731323,0.0,1.0,-0.9988327416158224,0.04830273570119799,26.0,163.61747677059176
evt_inv_004897_1,cust_b2b_004,inv_004897,2026-04-10T04:48:16.062126+00:00,4575862,OFFER_PAYMENT_PLAN,0.8500000000000001,0,17.444788477279754,0.18452380952380953,1.1464449939676167,1.0,1.0,-0.9988055032574515,0.04886273286083125,41.0,174.50949010565554
evt_inv_001427_0,cust_b2b_015,inv_001427,2026-04-10T04:51:11.242775+00:00,8369765,SEND_REMINDER,0.8500000000000001,0,5.997330852563174,0.17073170731707318,-0.3252097603684858,0.0,1.0,-0.9987985767334139,0.049004113248855896,31.0,171.32921457126258
evt_inv_002244_0,cust_b2b_006,inv_002244,2026-04-10T04:55:49.531154+00:00,5924069,SEND_REMINDER,0.8500000000000001,0,7.422404121268352,0.32934131736526945,0.16749608516380404,0.0,1.0,-0.9987875322527848,0.04922870520735102,30.0,173.33391044553795
evt_inv_000015_1,cust_b2b_015,inv_000015,2026-04-10T05:07:29.252968+00:00,9261193,OFFER_PAYMENT_PLAN,0.8500000000000001,0,18.80013581921534,0.1696969696969697,-0.09358218530524025,1.0,1.0,-0.9987595391387051,0.04979340297109157,32.0,171.3405341336784
evt_inv_008584_1,cust_b2b_026,inv_008584,2026-04-10T05:24:25.125424+00:00,4231751,OFFER_PAYMENT_PLAN,0.8500000000000001,0,22.259780498251544,0.32386363636363635,-0.28209199603524787,1.0,1.0,-0.9987183298447717,0.050613215982287796,29.0,162.36184277370725
evt_inv_005791_1,cust_b2b_000,inv_005791,2026-04-10T05:25:15.365592+00:00,5158622,OFFER_PAYMENT_PLAN,0.8500000000000001,1,17.807598610186062,0.38562091503267976,0.1313346937794421,1.0,1.0,-0.9987162743681613,0.050653759112028844,33.0,169.8740092409025
evt_inv_007913_1,cust_b2b_008,inv_007913,2026-04-10T05:48:20.687143+00:00,5922880,WRITE_OFF,0.05,0,23.48278879076587,0.28662420382165604,-0.6651510989924561,1.0,1.0,-0.9986589483188224,0.05177166157990018,39.0,162.41063709494236
evt_inv_005724_0,cust_b2b_039,inv_005724,2026-04-10T05:51:17.397325+00:00,10186972,SEND_REMINDER,0.8500000000000001,1,1.9723914045975288,0.417910447761194,-0.15920504184005235,0.0,1.0,-0.9986515458775851,0.0519142554247819,25.0,163.1397494699412
evt_inv_002294_0,cust_b2b_011,inv_002294,2026-04-10T05:52:05.347562+00:00,1245496,SEND_REMINDER,0.8500000000000001,1,8.388403483793088,0.3870967741935484,-0.5954958648974056,0.0,1.0,-0.9986495337161577,0.05195294802512043,27.0,173.04147458133139
evt_inv_005188_0,cust_b2b_031,inv_005188,2026-04-10T05:52:31.520175+00:00,11782216,SEND_REMINDER,0.8500000000000001,0,1.7519243440292402,0.3333333333333333,-0.36114750523454414,0.0,1.0,-0.9986484347883811,0.0519740675213757,32.0,171.58345131679107
evt_inv_007834_0,cust_b2b_001,inv_007834,2026-04-10T06:03:45.306546+00:00,8691387,SEND_REMINDER,0.8500000000000001,0,9.411473520653704,0.06578947368421052,0.6428102273084864,0.0,1.0,-0.9986199902969515,0.052517758704238394,31.0,163.1367327763635
evt_inv_005924_1,cust_b2b_001,inv_005924,2026-04-10T06:09:15.158307+00:00,11395057,OFFER_PAYMENT_PLAN,0.8500000000000001,0,18.061200620916093,0.06535947712418301,1.6204586761221613,1.0,1.0,-0.998605957387862,0.05278391676895217,32.0,163.14055050507838
evt_inv_006025_0,cust_b2b_003,inv_006025,2026-04-10T06:25:14.460211+00:00,2933362,SEND_REMINDER,0.8500000000000001,0,6.383827685273507,0.17582417582417584,-0.9694931104915383,0.0,1.0,-0.9985647425817091,0.05355795807090654,31.0,165.19584508611328
evt_inv_001853_1,cust_b2b_000,inv_001853,2026-04-10T06:45:11.036023+00:00,4870754,OFFER_PAYMENT_PLAN,0.8500000000000001,0,24.980726710181017,0.38961038961038963,-0.015502373910956428,1.0,1.0,-0.9985124927747228,0.054523405733768376,33.0,169.9295146857085
evt_inv_005041_0,cust_b2b_035,inv_005041,2026-04-10T07:23:11.141903+00:00,4682153,SEND_REMINDER,0.8500000000000001,1,3.9688597706608304,0.35555555555555557,-0.2873923535913107,0.0,1.0,-0.9984103454808677,0.05636294914901344,30.0,177.11879331224426
evt_inv_001396_0,cust_b2b_025,inv_001396,2026-04-10T07:33:24.577979+00:00,9845709,SEND_REMINDER,0.8500000000000001,0,6.071090696906379,0.2383177570093458,-0.07289863847134773,0.0,1.0,-0.9983822853907589,0.056857824597193886,34.0,171.43337549309967
evt_inv_006666_0,cust_b2b_028,inv_006666,2026-04-10T08:03:01.403088+00:00,5852263,SEND_REMINDER,0.8500000000000001,1,2.548501972925431,0.37423312883435583,0.3449415726166347,0.0,1.0,-0.9982996248040094,0.05829115813032235,39.0,160.1332433403346
evt_inv_000936_0,cust_b2b_005,inv_000936,2026-04-10T08:24:08.997357+00:00,7792951,WRITE_OFF,0.05,1,2.64691073813872,0.24858757062146894,0.0062595584284265045,0.0,1.0,-0.9982393967359157,0.05931363084751498,35.0,170.6898618476539
evt_inv_008743_1,cust_b2b_024,inv_008743,2026-04-10T08:32:23.369926+00:00,6276693,OFFER_PAYMENT_PLAN,0.8500000000000001,0,24.38338320568756,0.16111111111111112,0.9506155431606312,1.0,1.0,-0.9982156234126124,0.05971238711498257,36.0,168.5737800962402
evt_inv_005641_0,cust_b2b_032,inv_005641,2026-04-10T08:42:25.404112+00:00,5488803,WRITE_OFF,0.05,0,9.314666650655752,0.12903225806451613,-0.4104329184104053,0.0,1.0,-0.9981864577749547,0.06019796935685285,46.0,178.2977304581908
evt_inv_000971_0,cust_b2b_004,inv_000971,2026-04-10T08:48:24.231799+00:00,4616139,SEND_REMINDER,0.8500000000000001,0,8.445744987574052,0.1834319526627219,1.1785409838597998,0.0,1.0,-0.9981689619619248,0.06048738195568997,41.0,174.67625132872703
evt_inv_008285_0,cust_b2b_030,inv_008285,2026-04-10T08:51:10.818397+00:00,2729539,SEND_REMINDER,0.8500000000000001,0,1.885241666973813,0.32941176470588235,0.37541299947242296,0.0,1.0,-0.9981608109686024,0.06062174070827911,36.0,178.21564428098816
evt_inv_008596_0,cust_b2b_020,inv_008596,2026-04-10T09:07:42.502218+00:00,6111610,SEND_REMINDER,0.8500000000000001,0,9.50090258797768,0.40804597701149425,0.34967595504893684,0.0,1.0,-0.9981119141297603,0.06142155055211537,33.0,161.57277684438304
evt_inv_004676_0,cust_b2b_015,inv_004676,2026-04-10T09:13:57.563853+00:00,10587240,SEND_REMINDER,0.8500000000000001,0,5.694302767061669,0.1686746987951807,0.2509765818243362,0.0,1.0,-0.9980932539805875,0.06172403388018674,33.0,171.51169513929597
evt_inv_005731_0,cust_b2b_035,inv_005731,2026-04-10T09:14:26.500945+00:00,4925690,SEND_REMINDER,0.8500000000000001,0,5.501221316909932,0.35911602209944754,-0.17230614233882455,0.0,1.0,-0.998091810486863,0.06174737111048478,31.0,177.19605441227102
evt_inv_002905_1,cust_b2b_015,inv_002905,2026-04-10T09:51:16.997310+00:00,12787515,OFFER_PAYMENT_PLAN,0.8500000000000001,0,16.928264484778722,0.16766467065868262,0.8226935166822938,1.0,1.0,-0.9979799295344315,0.06352999485637519,34.0,171.53761450801485
evt_inv_001759_0,cust_b2b_013,inv_001759,2026-04-10T09:56:00.385308+00:00,1592346,ESCALATE_COLLECTIONS,0.05,0,2.8074624043640393,0.20855614973262032,-0.851089972170017,0.0,1.0,-0.9979653560206311,0.0637585145891522,37.0,174.1112167361032
evt_inv_000236_0,cust_b2b_039,inv_000236,2026-04-10T10:06:34.772391+00:00,8293022,SEND_REMINDER,0.8500000000000001,1,8.229603613331847,0.4222222222222222,-0.5944028859259188,0.0,1.0,-0.9979325423450146,0.06427006246158229,24.0,163.31703390357794
evt_inv_004696_0,cust_b2b_017,inv_004696,2026-04-10T10:14:56.001062+00:00,6922689,SEND_REMINDER,0.8500000000000001,0,2.9589163706996273,0.2988505747126437,0.15258603489765446,0.0,1.0,-0.9979064308561736,0.06467422404554057,29.0,174.94229961811251
evt_inv_001839_1,cust_b2b_012,inv_001839,2026-04-10T10:17:30.745018+00:00,3598074,OFFER_PAYMENT_PLAN,0.8500000000000001,1,19.554183545148945,0.503030303030303,-0.1561793503758097,1.0,1.0,-0.9978983364075344,0.06479899841105041,40.0,173.38317794724264
evt_inv_000449_0,cust_b2b_009,inv_000449,2026-04-10T10:47:33.956559+00:00,4131785,ESCALATE_COLLECTIONS,0.05,0,3.2638754475514298,0.17222222222222222,-0.7391017156694107,0.0,1.0,-0.9978028627188322,0.0662529029560458,37.0,168.35015651900804
evt_inv_002572_0,cust_b2b_021,inv_002572,2026-04-10T10:52:03.045954+00:00,10032273,SEND_REMINDER,0.8500000000000001,0,1.5348723932789239,0.34705882352941175,0.23661932395555477,0.0,1.0,-0.9977884337398752,0.06646985403118108,35.0,172.45834787042904
evt_inv_000846_0,cust_b2b_012,inv_000846,2026-04-10T10:53:08.476243+00:00,3059899,SEND_REMINDER,0.8500000000000001,1,1.3483296174558075,0.5060240963855421,-0.5067519807705692,0.0,1.0,-0.9977849181396743,0.06652260618018124,41.0,173.40792020679896
evt_inv_005482_0,cust_b2b_033,inv_005482,2026-04-10T10:54:14.696806+00:00,3061625,SEND_REMINDER,0.8500000000000001,0,9.262603563131284,0.1656441717791411,-0.7448757865716262,0.0,1.0,-0.9977813572379908,0.06657599528593698,31.0,159.60270980573716
evt_inv_006837_0,cust_b2b_008,inv_006837,2026-04-10T11:27:07.468138+00:00,13043749,SEND_REMINDER,0.8500000000000001,0,5.695649737436562,0.2848101265822785,1.5408225965686748,0.0,1.0,-0.9976739645330879,0.06816641763237191,39.0,162.6459007638626
evt_inv_001494_0,cust_b2b_004,inv_001494,2026-04-10T11:27:25.838775+00:00,2568934,SEND_REMINDER,0.8500000000000001,0,6.2861609857209935,0.18235294117647058,-0.4528500034917022,0.0,1.0,-0.997672952568096,0.06818122699143594,41.0,174.7866865946552
evt_inv_008586_0,cust_b2b_029,inv_008586,2026-04-10T11:33:02.092729+00:00,4800309,SEND_REMINDER,0.8500000000000001,0,4.313867074464317,0.23841059602649006,-0.3562963059788548,0.0,1.0,-0.9976543908454109,0.06845229307241772,35.0,174.5463795578015
evt_inv_001325_1,cust_b2b_000,inv_001325,2026-04-10T11:35:07.577565+00:00,5839205,OFFER_PAYMENT_PLAN,0.8500000000000001,0,23.200997160209074,0.3870967741935484,0.47848970758703513,1.0,1.0,-0.9976474450235736,0.06855344949698505,34.0,170.1308635461484
evt_inv_008590_0,cust_b2b_019,inv_008590,2026-04-10T11:50:04.480668+00:00,3258060,SEND_REMINDER,0.8500000000000001,0,1.8497191100916992,0.3875,-0.10896685462877573,0.0,1.0,-0.997597501107886,0.06927644464968752,38.0,172.43134021102617
evt_inv_004458_0,cust_b2b_021,inv_004458,2026-04-10T11:58:38.582795+00:00,7645526,SEND_REMINDER,0.8500000000000001,0,6.483137595479213,0.34502923976608185,-0.41444144849650394,0.0,1.0,-0.9975686371673353,0.06969084688899477,36.0,172.50459250979384
evt_inv_004109_1,cust_b2b_002,inv_004109,2026-04-10T12:00:40.288312+00:00,3593195,OFFER_PAYMENT_PLAN,0.8500000000000001,0,22.84320665396342,0.1524390243902439,-0.13721560218058582,1.0,1.0,-0.9975617788877363,0.06978894828219681,31.0,173.07606101163051
evt_inv_002862_0,cust_b2b_039,inv_002862,2026-04-10T12:25:05.505110+00:00,10409180,SEND_REMINDER,0.8500000000000001,0,6.586147084804797,0.4264705882352941,-0.10814533713135922,0.0,1.0,-0.9974784546418896,0.07096994099777593,25.0,163.4132229396692
evt_inv_003062_0,cust_b2b_031,inv_003062,2026-04-10T12:26:53.726137+00:00,12183917,SEND_REMINDER,0.8500000000000001,0,5.165523213790058,0.33112582781456956,-0.2882258243170472,0.0,1.0,-0.9974722448576165,0.07105716528758366,32.0,171.85731944135662
evt_inv_000859_1,cust_b2b_006,inv_000859,2026-04-10T12:37:04.505798+00:00,5434685,OFFER_PAYMENT_PLAN,0.8500000000000001,1,22.718498739618077,0.3273809523809524,-0.05286412448541156,1.0,1.0,-0.9974370549751523,0.07154943299911619,29.0,173.65422265206803
evt_inv_007509_1,cust_b2b_003,inv_007509,2026-04-10T12:39:15.052334+00:00,5685264,OFFER_PAYMENT_PLAN,0.8500000000000001,0,21.14645275124005,0.17486338797814208,0.466334986089448,1.0,1.0,-0.9974295020641565,0.0716546468280248,32.0,165.4555741616212
evt_inv_006091_0,cust_b2b_015,inv_006091,2026-04-10T12:39:30.455175+00:00,11065253,SEND_REMINDER,0.8500000000000001,0,5.534307838300434,0.16666666666666666,0.37518286120681216,0.0,1.0,-0.997428610184201,0.07166706067652785,35.0,171.6544369369989
evt_inv_008678_0,cust_b2b_019,inv_008678,2026-04-10T12:53:54.342634+00:00,3477061,SEND_REMINDER,0.8500000000000001,0,4.727790928403982,0.38509316770186336,0.051753472904547085,0.0,1.0,-0.9973783406543731,0.07236328899054494,39.0,172.47566731712345
evt_inv_007884_0,cust_b2b_001,inv_007884,2026-04-10T12:58:05.986752+00:00,9284456,SEND_REMINDER,0.8500000000000001,0,2.357412841486198,0.06493506493506493,0.8572643568911422,0.0,1.0,-0.9973636061058818,0.07256608860529362,33.0,163.42447213060012
evt_inv_008358_1,cust_b2b_009,inv_008358,2026-04-10T13:33:43.962891+00:00,6347366,SEND_REMINDER,0.05,0,23.745701881327353,0.1712707182320442,0.2051423141981806,1.0,1.0,-0.9972367575697916,0.07428895847761388,37.0,168.4655501108198
evt_inv_002018_0,cust_b2b_019,inv_002018,2026-04-10T13:42:04.344253+00:00,3013242,SEND_REMINDER,0.8500000000000001,0,8.743143923667773,0.38271604938271603,-0.28863480417538345,0.0,1.0,-0.9972066395810699,0.07469215471138961,40.0,172.50911640992808
evt_inv_007330_0,cust_b2b_015,inv_007330,2026-04-10T13:51:51.498334+00:00,8533811,SEND_REMINDER,0.8500000000000001,0,8.686145066478943,0.16568047337278108,-0.2825842233683822,0.0,1.0,-0.9971710908638144,0.07516525490857022,36.0,171.70468049208503
evt_inv_006379_1,cust_b2b_038,inv_006379,2026-04-10T13:59:24.508581+00:00,4655887,OFFER_PAYMENT_PLAN,0.8500000000000001,0,20.693605862170372,0.3141025641025641,0.1989496294515918,1.0,1.0,-0.9971435103743203,0.07553025697280406,32.0,173.5849536347498
evt_inv_005727_1,cust_b2b_022,inv_005727,2026-04-10T14:09:21.069785+00:00,2277070,OFFER_PAYMENT_PLAN,0.8500000000000001,0,16.912200685075597,0.24647887323943662,0.5213197362811629,1.0,1.0,-0.9971069862970998,0.07601090630636612,21.0,167.13980143499975
evt_inv_007303_0,cust_b2b_019,inv_007303,2026-04-10T14:13:46.941189+00:00,3554146,WRITE_OFF,0.05,1,2.7784662817224746,0.3803680981595092,0.10832528708856146,0.0,1.0,-0.9970906338530752,0.07622511320078737,41.0,172.53113720780075
evt_inv_007028_1,cust_b2b_008,inv_007028,2026-04-10T14:19:09.828048+00:00,9866563,WRITE_OFF,0.05,0,21.296899406963227,0.2830188679245283,0.5565620490576595,1.0,1.0,-0.9970707127901269,0.07648525149457354,40.0,162.76537252208075
evt_inv_003672_0,cust_b2b_019,inv_003672,2026-04-10T14:25:32.543378+00:00,4607789,SEND_REMINDER,0.8500000000000001,0,3.6206752721608133,0.38414634146341464,0.8815751609564045,0.0,1.0,-0.9970470126083255,0.0767935846852684,41.0,172.53930389980664
evt_inv_006150_0,cust_b2b_022,inv_006150,2026-04-10T14:44:33.879811+00:00,1814062,OFFER_PAYMENT_PLAN,0.05,0,9.581653698478096,0.24475524475524477,-0.0930201008303796,0.0,1.0,-0.9969757675940341,0.07771305443930591,22.0,167.1642552547438
evt_inv_000634_0,cust_b2b_006,inv_000634,2026-04-10T15:12:23.024352+00:00,3865524,SEND_REMINDER,0.8500000000000001,1,2.5032336536874604,0.33136094674556216,-0.7594276637827703,0.0,1.0,-0.9968700487426908,0.07905761139665973,30.0,173.76207587607004
evt_inv_007161_0,cust_b2b_028,inv_007161,2026-04-10T15:32:34.669272+00:00,2876674,SEND_REMINDER,0.8500000000000001,0,1.3869682868438642,0.3780487804878049,-1.1015715670253268,0.0,1.0,-0.9967921706938527,0.08003354573825312,39.0,160.4454339211694
evt_inv_001463_0,cust_b2b_016,inv_001463,2026-04-10T15:34:49.080855+00:00,11005823,SEND_REMINDER,0.8500000000000001,0,5.475377942128596,0.2694300518134715,0.2687268941684938,0.0,1.0,-0.9967834725617732,0.08014180449486132,41.0,166.3374443494661
evt_inv_004344_0,cust_b2b_018,inv_004344,2026-04-10T15:36:10.962829+00:00,1556840,OFFER_PAYMENT_PLAN,0.05,1,7.023662488092052,0.6137931034482759,-0.5877860073953,0.0,1.0,-0.9967781679977692,0.08020775400801997,27.0,164.07544860263945
evt_inv_005257_1,cust_b2b_022,inv_005257,2026-04-10T15:36:24.205555+00:00,1953941,WRITE_OFF,0.05,1,17.96346012510381,0.24305555555555555,0.09257642056295019,1.0,1.0,-0.9967773096836686,0.08021841995319887,23.0,167.20025439530016
evt_inv_001971_0,cust_b2b_001,inv_001971,2026-04-10T15:37:27.476872+00:00,9031212,SEND_REMINDER,0.8500000000000001,0,3.955206075003579,0.06451612903225806,0.7656911014683871,0.0,1.0,-0.9967732072410589,0.0802693797557515,34.0,163.5351375255001
evt_inv_005301_0,cust_b2b_015,inv_005301,2026-04-10T15:40:58.666690+00:00,11675999,SEND_REMINDER,0.8500000000000001,0,6.72622875878498,0.16470588235294117,0.5338783016415315,0.0,1.0,-0.9967594950643128,0.0804394741351294,37.0,171.7804579036109
evt_inv_006522_0,cust_b2b_037,inv_006522,2026-04-10T16:02:54.952092+00:00,4024097,SEND_REMINDER,0.8500000000000001,0,1.2832410591267842,0.27906976744186046,0.9726864268413874,0.0,1.0,-0.9966733767938392,0.08149957049191105,36.0,170.88236069374526
evt_inv_000149_1,cust_b2b_010,inv_000149,2026-04-10T16:15:20.890247+00:00,2681319,OFFER_PAYMENT_PLAN,0.8500000000000001,0,18.251918200444656,0.17105263157894737,-0.20276901084137477,1.0,1.0,-0.996624073109584,0.08210028561742402,41.0,170.3508620944212
evt_inv_004157_1,cust_b2b_024,inv_004157,2026-04-10T16:15:41.786542+00:00,4025971,OFFER_PAYMENT_PLAN,0.8500000000000001,0,18.059434249031185,0.16022099447513813,-0.2867203816526606,1.0,1.0,-0.9966226867302455,0.08211711328698171,36.0,168.89552102928673
evt_inv_000925_0,cust_b2b_029,inv_000925,2026-04-10T16:19:03.193373+00:00,4867862,WRITE_OFF,0.05,0,7.518743951270489,0.23684210526315788,-0.3261284626381244,0.0,1.0,-0.996609309685889,0.08227930388266401,35.0,174.74500340784766
evt_inv_002749_0,cust_b2b_006,inv_002749,2026-04-10T16:26:54.118019+00:00,5476530,SEND_REMINDER,0.8500000000000001,0,6.76618946813931,0.3352941176470588,-0.03402198527600264,0.0,1.0,-0.9965779287912168,0.08265852555065663,31.0,173.81382464537202
evt_inv_002130_0,cust_b2b_010,inv_002130,2026-04-10T16:44:37.426748+00:00,4223088,ESCALATE_COLLECTIONS,0.05,0,3.7078194841184593,0.16993464052287582,1.1181469698265802,0.0,1.0,-0.9965065426081338,0.08351473246789261,41.0,170.37119237800462
evt_inv_001523_1,cust_b2b_026,inv_001523,2026-04-10T16:55:23.085681+00:00,4241817,OFFER_PAYMENT_PLAN,0.8500000000000001,0,24.231754955658445,0.3220338983050847,-0.2768164389172811,1.0,1.0,-0.9964628367641709,0.08403460565684437,29.0,162.8416802766802
evt_inv_002588_0,cust_b2b_025,inv_002588,2026-04-10T17:17:40.713160+00:00,12500843,SEND_REMINDER,0.8500000000000001,0,8.918917668824502,0.2372093023255814,0.5816278305736641,0.0,1.0,-0.9963714273302031,0.08511156678133537,35.0,171.83911779843152
evt_inv_004679_1,cust_b2b_010,inv_004679,2026-04-10T17:17:45.928757+00:00,2393498,OFFER_PAYMENT_PLAN,0.8500000000000001,1,21.84151989329621,0.16883116883116883,-0.44936108092770033,1.0,1.0,-0.9963710686338775,0.0851157658097783,41.0,170.39420744754455
evt_inv_005152_0,cust_b2b_028,inv_005152,2026-04-10T17:23:36.550100+00:00,4773949,SEND_REMINDER,0.8500000000000001,0,1.8814338737079024,0.37575757575757573,-0.1792554953283194,0.0,1.0,-0.9963469144965041,0.0853980443177471,40.0,160.5225390233443
evt_inv_006121_0,cust_b2b_031,inv_006121,2026-04-10T17:25:52.295266+00:00,15264839,SEND_REMINDER,0.8500000000000001,1,1.0685048307564489,0.32894736842105265,0.2710609745858024,0.0,1.0,-0.9963375416024325,0.08550732830360815,32.0,172.06494176923374
evt_inv_003127_1,cust_b2b_009,inv_003127,2026-04-10T17:39:31.740011+00:00,9509217,WRITE_OFF,0.05,1,20.471798922146604,0.17032967032967034,1.552670725944724,1.0,1.0,-0.9962807062307002,0.08616701452677406,38.0,168.63624197563414
evt_inv_002797_0,cust_b2b_018,inv_002797,2026-04-10T17:50:40.715942+00:00,2427350,SEND_REMINDER,0.8500000000000001,0,5.201145170486056,0.6164383561643836,0.48143172848606647,0.0,1.0,-0.9962339832897544,0.08670553926150976,28.0,164.16884852292486
evt_inv_003576_0,cust_b2b_029,inv_003576,2026-04-10T17:51:29.532465+00:00,5029192,SEND_REMINDER,0.8500000000000001,1,3.8839826874721473,0.23529411764705882,-0.25408263920607327,0.0,1.0,-0.9962305624265517,0.08674483550780716,35.0,174.8091971473336
evt_inv_008513_0,cust_b2b_014,inv_008513,2026-04-10T17:51:57.858087+00:00,12161340,SEND_REMINDER,0.8500000000000001,1,2.723592267754303,0.25675675675675674,0.3683694072171235,0.0,1.0,-0.9962285767716333,0.08676763695967372,28.0,176.9833222342523
evt_inv_000854_0,cust_b2b_029,inv_000854,2026-04-10T18:07:49.692854+00:00,8056909,SEND_REMINDER,0.8500000000000001,0,3.1408481286925194,0.24025974025974026,1.0980239822339342,0.0,1.0,-0.9961615487794384,0.08753381479948516,36.0,174.82054159627998
evt_inv_006097_0,cust_b2b_013,inv_006097,2026-04-10T18:26:10.899325+00:00,2430733,SEND_REMINDER,0.8500000000000001,0,4.560167424369505,0.2074468085106383,0.01707961932267681,0.0,1.0,-0.9960832668542575,0.08842016451551037,36.0,174.4655050927831
evt_inv_006935_0,cust_b2b_013,inv_006935,2026-04-10T18:50:22.282381+00:00,2785420,SEND_REMINDER,0.8500000000000001,0,7.333505484883454,0.20634920634920634,0.3843660704249276,0.0,1.0,-0.9959788870982811,0.08958826069563712,37.0,174.48230350777808
evt_inv_007614_0,cust_b2b_032,inv_007614,2026-04-10T18:55:15.278274+00:00,5429893,SEND_REMINDER,0.8500000000000001,0,2.7655707744309375,0.12844036697247707,-0.43285976101784507,0.0,1.0,-0.9959576494021257,0.0898240535568974,45.0,178.7233077054331
evt_inv_008832_0,cust_b2b_002,inv_008832,2026-04-10T19:00:59.721984+00:00,3869694,SEND_REMINDER,0.8500000000000001,0,8.709465548419047,0.15151515151515152,0.04460229445730266,0.0,1.0,-0.9959326111441068,0.09010124338587895,31.0,173.36795260505747
evt_inv_002251_0,cust_b2b_004,inv_002251,2026-04-10T19:01:06.247188+00:00,2837018,SEND_REMINDER,0.8500000000000001,1,4.10979581130595,0.18128654970760233,-0.23921755160690442,0.0,1.0,-0.9959321360702377,0.09010649445280593,42.0,175.10173761794712
evt_inv_006206_0,cust_b2b_033,inv_006206,2026-04-10T19:10:18.146959+00:00,5528654,SEND_REMINDER,0.8500000000000001,0,5.301044946048291,0.16463414634146342,0.6693864455591052,0.0,1.0,-0.9958918542665008,0.09055061902400537,31.0,159.9471941825084
evt_inv_007011_0,cust_b2b_039,inv_007011,2026-04-10T19:32:43.670719+00:00,12483188,SEND_REMINDER,0.8500000000000001,0,6.399943277790638,0.4233576642335766,0.3684267503797142,0.0,1.0,-0.9957928178072369,0.09163331273899797,26.0,163.71019244903886
evt_inv_006321_0,cust_b2b_018,inv_006321,2026-04-10T19:40:54.135839+00:00,1823722,SEND_REMINDER,0.8500000000000001,1,6.8310151891340665,0.6122448979591837,-0.25998372718832424,0.0,1.0,-0.995756424685663,0.09202794519723556,29.0,164.24539273470046
evt_inv_002408_0,cust_b2b_015,inv_002408,2026-04-10T19:53:07.581710+00:00,11113586,ESCALATE_COLLECTIONS,0.05,0,9.8583176149933,0.16374269005847952,0.38774158056442276,0.0,1.0,-0.9957017102900731,0.09261805507255765,38.0,171.95556108671295
evt_inv_001086_0,cust_b2b_037,inv_001086,2026-04-10T20:10:01.622687+00:00,2994975,SEND_REMINDER,0.8500000000000001,1,6.181918311986058,0.2774566473988439,0.0845816866304018,0.0,1.0,-0.9956254877672764,0.09343387024079018,37.0,171.0539656774939
evt_inv_008853_1,cust_b2b_037,inv_008853,2026-04-10T20:15:15.122292+00:00,3544647,ESCALATE_COLLECTIONS,0.05,0,17.23881816463542,0.28160919540229884,0.5589335914458217,1.0,1.0,-0.995601787638826,0.09368607394044232,38.0,171.05759414514014
evt_inv_005686_1,cust_b2b_023,inv_005686,2026-04-10T20:27:50.977358+00:00,2152191,OFFER_PAYMENT_PLAN,0.8500000000000001,1,24.412330367553132,0.4226190476190476,-0.11005170198356325,1.0,1.0,-0.9955443833617666,0.09429411835761499,32.0,164.1457177753949
evt_inv_000057_0,cust_b2b_004,inv_000057,2026-04-10T20:30:50.596324+00:00,2762487,ESCALATE_COLLECTIONS,0.05,0,7.562391629108863,0.18604651162790697,-0.29861025204518277,0.0,1.0,-0.9955306873845097,0.09443860691330475,42.0,175.16405647369436
evt_inv_000214_0,cust_b2b_007,inv_000214,2026-04-10T20:45:56.134334+00:00,5072749,SEND_REMINDER,0.8500000000000001,0,8.462047990898768,0.3128491620111732,0.4619591480464991,0.0,1.0,-0.9954613206075894,0.095167006752309,28.0,177.66654273233544
evt_inv_007223_0,cust_b2b_025,inv_007223,2026-04-10T21:03:31.670580+00:00,10497478,SEND_REMINDER,0.8500000000000001,0,5.847357806896911,0.2361111111111111,0.08777122671632519,0.0,1.0,-0.9953797908629177,0.09601599836326372,36.0,171.995957583391
evt_inv_004438_1,cust_b2b_024,inv_004438,2026-04-10T21:04:29.871698+00:00,6237062,OFFER_PAYMENT_PLAN,0.8500000000000001,1,22.909946930349246,0.15934065934065933,0.9288285272334207,1.0,1.0,-0.9953752743381908,0.09606280880846327,37.0,169.09607757044273
evt_inv_004506_0,cust_b2b_018,inv_004506,2026-04-10T21:16:43.738220+00:00,1724640,SEND_REMINDER,0.8500000000000001,1,1.7421729016234415,0.6148648648648649,-0.3816827281750251,0.0,1.0,-0.9953181359321815,0.09665303039474417,30.0,164.31193905855847
evt_inv_003647_0,cust_b2b_008,inv_003647,2026-04-10T21:25:11.788507+00:00,10163623,WRITE_OFF,0.05,0,4.820233396533734,0.28125,0.6485884007840507,0.0,1.0,-0.9952783744296889,0.09706161647425764,39.0,163.06122854591348
evt_inv_004279_1,cust_b2b_022,inv_004279,2026-04-10T21:32:53.784809+00:00,2428092,OFFER_PAYMENT_PLAN,0.8500000000000001,0,24.162756301374017,0.2482758620689655,0.7217021775069671,1.0,1.0,-0.9952420716360961,0.09743315064951782,23.0,167.44781897000135
evt_inv_004810_1,cust_b2b_038,inv_004810,2026-04-10T22:12:46.619866+00:00,4467294,OFFER_PAYMENT_PLAN,0.8500000000000001,0,18.349662304543912,0.31210191082802546,0.08962505257689932,1.0,1.0,-0.9950518278886861,0.09935723333197534,33.0,173.92757066351177
evt_inv_007418_0,cust_b2b_011,inv_007418,2026-04-10T22:13:29.742952+00:00,1403859,SEND_REMINDER,0.8500000000000001,1,3.1991310793765164,0.391025641025641,-0.3533401690446253,0.0,1.0,-0.9950483652378463,0.0993919052915759,27.0,173.7230069353743
evt_inv_001350_0,cust_b2b_038,inv_001350,2026-04-10T22:14:41.500652+00:00,4771267,WRITE_OFF,0.05,0,1.3249381151190371,0.310126582278481,0.26583391178758325,0.0,1.0,-0.9950426006378794,0.09944959987755381,34.0,173.92890030223396
evt_inv_004538_0,cust_b2b_004,inv_004538,2026-04-10T22:20:07.332220+00:00,2797538,SEND_REMINDER,0.8500000000000001,0,1.0487269201562843,0.18497109826589594,-0.270678296404177,0.0,1.0,-0.9950163831272949,0.09971157058374062,42.0,175.23994462063737
evt_inv_000919_0,cust_b2b_039,inv_000919,2026-04-10T22:51:06.896116+00:00,8012216,SEND_REMINDER,0.8500000000000001,1,2.0803821463250283,0.42028985507246375,-0.658927483698664,0.0,1.0,-0.9948654363338262,0.10120653925663939,26.0,163.84796126149925
evt_inv_005056_0,cust_b2b_030,inv_005056,2026-04-10T23:11:27.021178+00:00,2213314,SEND_REMINDER,0.8500000000000001,1,9.735416920266461,0.32748538011695905,-0.16840064235042831,0.0,1.0,-0.9947651744561884,0.10218731667457126,35.0,178.8130540353984
evt_inv_005675_0,cust_b2b_021,inv_005675,2026-04-10T23:56:27.203958+00:00,7923602,SEND_REMINDER,0.8500000000000001,1,8.100265096377242,0.3430232558139535,-0.33858725963149977,0.0,1.0,-0.9945398537145158,0.10435745959685673,36.0,173.00307192140193
evt_inv_000098_0,cust_b2b_005,inv_000098,2026-04-11T00:28:08.161567+00:00,7242491,WRITE_OFF,0.05,1,8.029788466889954,0.25280898876404495,-0.17077144674342876,0.0,1.0,-0.994378385702989,0.10588496610339758,34.0,171.359296618598
evt_inv_008662_0,cust_b2b_039,inv_008662,2026-04-11T00:28:47.525098+00:00,8386703,SEND_REMINDER,0.8500000000000001,0,3.27460619891085,0.4244604316546763,-0.5728765803672019,0.0,1.0,-0.9943750173559612,0.10591659387618027,27.0,163.9157926154612
evt_inv_004127_0,cust_b2b_036,inv_004127,2026-04-11T01:03:32.576018+00:00,4281606,SEND_REMINDER,0.8500000000000001,0,1.3775102884084212,0.30978260869565216,0.3617247380523875,0.0,1.0,-0.9941951612402912,0.10759173465648465,34.0,175.4979863729546
evt_inv_002078_1,cust_b2b_004,inv_002078,2026-04-11T01:12:25.518594+00:00,4056123,OFFER_PAYMENT_PLAN,0.8500000000000001,0,17.066437180092898,0.1839080459770115,0.7322720322665878,1.0,1.0,-0.9941487368568285,0.10801985468409193,43.0,175.35959955551843
evt_inv_004436_0,cust_b2b_029,inv_004436,2026-04-11T01:16:46.126576+00:00,6546851,SEND_REMINDER,0.8500000000000001,0,2.8338665134819085,0.23870967741935484,0.42366818192087075,0.0,1.0,-0.9941259682976918,0.10822919733683929,36.0,175.1184169865859
evt_inv_008035_0,cust_b2b_029,inv_008035,2026-04-11T01:17:08.871840+00:00,6908858,SEND_REMINDER,0.8500000000000001,0,4.353161720868008,0.23717948717948717,0.5853318689934832,0.0,1.0,-0.9941239790187405,0.10824746805328439,37.0,175.1186802419534
evt_inv_005132_1,cust_b2b_035,inv_005132,2026-04-11T01:18:06.352854+00:00,5591663,OFFER_PAYMENT_PLAN,0.8500000000000001,1,16.63683733789316,0.35714285714285715,0.14240750329348606,1.0,1.0,-0.9941189502878053,0.1082936409890815,32.0,177.86526566121157
evt_inv_007512_0,cust_b2b_002,inv_007512,2026-04-11T01:18:09.012084+00:00,4021036,SEND_REMINDER,0.8500000000000001,0,3.043044411180612,0.15060240963855423,0.14412097471227872,0.0,1.0,-0.9941187175929961,0.10829577707028538,32.0,173.62986568491328
evt_inv_005790_1,cust_b2b_014,inv_005790,2026-04-11T01:34:24.174402+00:00,10769972,OFFER_PAYMENT_PLAN,0.8500000000000001,1,17.280753660211783,0.26174496644295303,0.04020180036298212,1.0,1.0,-0.99403307696779,0.10907906258282471,28.0,177.3044601545677
evt_inv_008243_0,cust_b2b_018,inv_008243,2026-04-11T01:42:52.614494+00:00,1682677,SEND_REMINDER,0.8500000000000001,1,9.26239215129581,0.6174496644295302,-0.43322421894921204,0.0,1.0,-0.9939881800006396,0.10948743315566441,31.0,164.49676401543005
evt_inv_002264_0,cust_b2b_025,inv_002264,2026-04-11T02:24:18.082737+00:00,9354837,SEND_REMINDER,0.8500000000000001,0,6.540849111747846,0.2350230414746544,-0.1939054963396888,0.0,1.0,-0.9937662903525087,0.11148345239995598,35.0,172.2187169833568
evt_inv_000535_0,cust_b2b_017,inv_000535,2026-04-11T02:32:07.508193+00:00,6043747,SEND_REMINDER,0.8500000000000001,0,6.478880499888152,0.29714285714285715,-0.18420065321101123,0.0,1.0,-0.9937239324702849,0.11186038635635331,30.0,175.62090502471244
evt_inv_007962_0,cust_b2b_000,inv_007962,2026-04-11T02:37:30.289698+00:00,7765516,SEND_REMINDER,0.8500000000000001,0,4.676157053829333,0.38461538461538464,1.4610718566058514,0.0,1.0,-0.9936947238257537,0.11211956047389289,33.0,170.75751530694856
evt_inv_007341_0,cust_b2b_009,inv_007341,2026-04-11T02:44:21.723614+00:00,7632679,SEND_REMINDER,0.8500000000000001,0,4.19705147752866,0.17486338797814208,0.7529210494147184,0.0,1.0,-0.9936573949920294,0.11244990608112594,37.0,169.01459826733523
evt_inv_003938_0,cust_b2b_029,inv_003938,2026-04-11T03:00:50.475363+00:00,5147484,SEND_REMINDER,0.8500000000000001,0,9.733825477002767,0.2356687898089172,-0.20125615128786556,0.0,1.0,-0.9935672378294887,0.11324373674459945,38.0,175.19068954199147
evt_inv_002648_1,cust_b2b_025,inv_002648,2026-04-11T03:17:23.306166+00:00,10219241,OFFER_PAYMENT_PLAN,0.8500000000000001,0,16.64645969635197,0.23394495412844038,0.019182024996829035,1.0,1.0,-0.993476070608124,0.11404076959158824,36.0,172.2555829952618
evt_inv_003372_1,cust_b2b_016,inv_003372,2026-04-11T03:17:45.828518+00:00,12095184,OFFER_PAYMENT_PLAN,0.8500000000000001,0,21.488427334481273,0.26804123711340205,0.5427767614897031,1.0,1.0,-0.9934739950642292,0.11405884942046336,41.0,166.82560115112324
evt_inv_006904_1,cust_b2b_002,inv_006904,2026-04-11T04:18:20.683427+00:00,2948338,OFFER_PAYMENT_PLAN,0.8500000000000001,1,20.628430279439367,0.1497005988023952,-0.561255636073783,1.0,1.0,-0.9931347145305057,0.11697623174992,32.0,173.755000769907
evt_inv_002431_1,cust_b2b_012,inv_002431,2026-04-11T04:21:05.325798+00:00,3787101,OFFER_PAYMENT_PLAN,0.8500000000000001,0,23.355105131556467,0.5089820359281437,-0.03304542068162912,1.0,1.0,-0.9931191438338033,0.11710835218212871,42.0,174.13566152108436
evt_inv_008276_0,cust_b2b_010,inv_008276,2026-04-11T04:22:05.144572+00:00,2921456,SEND_REMINDER,0.8500000000000001,0,4.652661243753241,0.17419354838709677,0.0029693820892479597,0.0,1.0,-0.9931134822492438,0.1171563543935234,37.0,170.85554096392823
evt_inv_005946_0,cust_b2b_022,inv_005946,2026-04-11T04:33:15.805117+00:00,2123886,SEND_REMINDER,0.8500000000000001,0,2.0615573085982706,0.2465753424657534,0.3180676522097378,0.0,1.0,-0.9930498483464816,0.11769451431154287,24.0,167.73974050134493
evt_inv_002753_0,cust_b2b_008,inv_002753,2026-04-11T04:53:22.578884+00:00,8251921,SEND_REMINDER,0.8500000000000001,0,1.3935007811149227,0.2795031055900621,0.05636239828293884,0.0,1.0,-0.9929346122524938,0.11866278182728457,39.0,163.37246454564834
evt_inv_004402_0,cust_b2b_019,inv_004402,2026-04-11T05:18:29.996397+00:00,3125820,SEND_REMINDER,0.8500000000000001,0,8.85808769160799,0.38181818181818183,-0.2060156165010625,0.0,1.0,-0.9927893411757669,0.11987211538880428,42.0,173.15941330974547
evt_inv_002134_0,cust_b2b_010,inv_002134,2026-04-11T05:19:01.355909+00:00,2349107,SEND_REMINDER,0.8500000000000001,0,4.736647145077237,0.17307692307692307,-0.4873933335324786,0.0,1.0,-0.9927863033934214,0.11989727183895983,38.0,170.89508044699645
evt_inv_005182_0,cust_b2b_001,inv_005182,2026-04-11T05:21:55.869065+00:00,6135147,SEND_REMINDER,0.8500000000000001,0,2.5736041739926305,0.0641025641025641,-0.2815275510338327,0.0,1.0,-0.992769386735868,0.12003726404783019,35.0,164.10768836107394
evt_inv_001372_0,cust_b2b_017,inv_001372,2026-04-11T05:37:55.081870+00:00,6663650,SEND_REMINDER,0.8500000000000001,1,5.547793894082659,0.29545454545454547,0.05332906982288435,0.0,1.0,-0.9926760517732215,0.12080668953302433,30.0,175.74992786820147
evt_inv_005106_0,cust_b2b_012,inv_005106,2026-04-11T05:45:26.445000+00:00,2351544,SEND_REMINDER,0.8500000000000001,0,8.470026319311813,0.5059523809523809,-0.9681814377617464,0.0,1.0,-0.992631926140714,0.12116872206215636,43.0,174.1942392896374
evt_inv_005870_0,cust_b2b_028,inv_005870,2026-04-11T05:46:10.479496+00:00,5298461,SEND_REMINDER,0.8500000000000001,0,9.701037230698768,0.37349397590361444,0.07572352013220324,0.0,1.0,-0.9926276142230778,0.12120404069914743,40.0,161.03820950246026
evt_inv_003747_0,cust_b2b_039,inv_003747,2026-04-11T06:04:03.236975+00:00,10698502,SEND_REMINDER,0.8500000000000001,0,7.624558827173371,0.42142857142857143,-0.04166409202759964,0.0,1.0,-0.9925221801459136,0.12206441708541657,26.0,164.14861335478082
evt_inv_007153_1,cust_b2b_014,inv_007153,2026-04-11T06:10:13.486005+00:00,7172630,OFFER_PAYMENT_PLAN,0.8500000000000001,0,19.557730699888154,0.26666666666666666,-0.8082659505372485,1.0,1.0,-0.9924856177598823,0.12236134414015208,29.0,177.49600311293838
evt_inv_003502_0,cust_b2b_006,inv_003502,2026-04-11T06:10:22.855350+00:00,4870113,SEND_REMINDER,0.8500000000000001,0,9.614488894489314,0.3333333333333333,-0.3070801288837927,0.0,1.0,-0.9924846913772111,0.12236885789236604,30.0,174.38568503114718
evt_inv_001539_0,cust_b2b_017,inv_001539,2026-04-11T06:21:25.212705+00:00,8189886,ESCALATE_COLLECTIONS,0.05,0,1.3611471541914901,0.2994350282485876,0.6381414780164175,0.0,1.0,-0.9924190574434391,0.12290001799461185,31.0,175.78013771582255
evt_inv_007891_1,cust_b2b_000,inv_007891,2026-04-11T06:31:48.911153+00:00,4543877,OFFER_PAYMENT_PLAN,0.8500000000000001,0,20.46371709721436,0.3821656050955414,-0.18223716679969457,1.0,1.0,-0.992356994410981,0.1234001444229468,34.0,170.92023083304488
evt_inv_002680_1,cust_b2b_022,inv_002680,2026-04-11T06:34:55.794319+00:00,1775390,OFFER_PAYMENT_PLAN,0.8500000000000001,0,18.56525606062272,0.24489795918367346,-0.14433201248995092,1.0,1.0,-0.9923383489519069,0.12354999473655837,25.0,167.82423111710798
evt_inv_001388_1,cust_b2b_011,inv_001388,2026-04-11T06:56:45.903811+00:00,1464720,OFFER_PAYMENT_PLAN,0.8500000000000001,0,19.27073990960389,0.39490445859872614,-0.2602779996299212,1.0,1.0,-0.992207003134531,0.12460041304422993,27.0,174.08638842679693
evt_inv_004058_0,cust_b2b_023,inv_004058,2026-04-11T06:59:00.733307+00:00,2109659,SEND_REMINDER,0.8500000000000001,1,5.533472261354373,0.4260355029585799,-0.15728216892596722,0.0,1.0,-0.9921934226159888,0.12470850860133736,33.0,164.58402513591454
evt_inv_005229_1,cust_b2b_026,inv_005229,2026-04-11T07:01:34.520893+00:00,5126531,OFFER_PAYMENT_PLAN,0.8500000000000001,0,19.240235765385545,0.3202247191011236,0.18687181715885387,1.0,1.0,-0.9921779181928264,0.12483180143917233,30.0,163.4293126286751
evt_inv_008717_0,cust_b2b_022,inv_008717,2026-04-11T07:05:55.906252+00:00,1471608,SEND_REMINDER,0.8500000000000001,0,4.133394005575537,0.24324324324324326,-0.5474038028988029,0.0,1.0,-0.9921515309218644,0.12504135191767857,26.0,167.84576019039915
evt_inv_000840_0,cust_b2b_020,inv_000840,2026-04-11T07:10:09.321725+00:00,5330811,SEND_REMINDER,0.8500000000000001,0,4.400331283632278,0.4057142857142857,-0.014389157248150453,0.0,1.0,-0.9921259059696319,0.12524450767972706,33.0,162.49114281089683
evt_inv_005919_0,cust_b2b_000,inv_005919,2026-04-11T07:19:39.498460+00:00,4758768,SEND_REMINDER,0.8500000000000001,0,3.6161067793473167,0.379746835443038,-0.07262450805707046,0.0,1.0,-0.9920680985538267,0.1257015824554121,35.0,170.95345522317666
evt_inv_008014_1,cust_b2b_030,inv_008014,2026-04-11T07:21:55.207315+00:00,2554364,OFFER_PAYMENT_PLAN,0.8500000000000001,0,24.738258892012126,0.3313953488372093,0.19087541847249317,1.0,1.0,-0.9920543086755638,0.12581036776931118,36.0,179.153658041619
evt_inv_008597_1,cust_b2b_013,inv_008597,2026-04-11T08:06:18.920880+00:00,2129481,OFFER_PAYMENT_PLAN,0.8500000000000001,0,23.364804540863688,0.20526315789473684,-0.29487406869030175,1.0,1.0,-0.991781224153258,0.1279453141661121,38.0,175.035042379291
evt_inv_000195_0,cust_b2b_035,inv_000195,2026-04-11T08:12:59.366126+00:00,7230565,SEND_REMINDER,0.8500000000000001,0,3.848293507723863,0.36065573770491804,0.9168901454655296,0.0,1.0,-0.9917397731125395,0.12826621701246457,32.0,178.15337924075027
evt_inv_003567_0,cust_b2b_006,inv_003567,2026-04-11T08:16:21.913842+00:00,5854319,WRITE_OFF,0.05,1,3.443616940813602,0.3313953488372093,0.13608894192766685,0.0,1.0,-0.991718767374349,0.12842852657218243,31.0,174.47317413406472
evt_inv_005128_0,cust_b2b_024,inv_005128,2026-04-11T08:21:16.697338+00:00,3982148,SEND_REMINDER,0.8500000000000001,0,7.1297914675733765,0.16393442622950818,-0.3108119129179296,0.0,1.0,-0.9916881486217712,0.1286647421911835,37.0,169.56606397831752
evt_inv_000126_1,cust_b2b_027,inv_000126,2026-04-11T08:26:32.880241+00:00,2576118,OFFER_PAYMENT_PLAN,0.8500000000000001,0,19.279356353218592,0.18888888888888888,-0.1846245389201868,1.0,1.0,-0.9916552446039003,0.12891809744787033,32.0,164.4335474725092
evt_inv_004427_0,cust_b2b_029,inv_004427,2026-04-11T08:33:43.762998+00:00,5950323,SEND_REMINDER,0.8500000000000001,1,6.938755603241229,0.23417721518987342,0.15727299421844115,0.0,1.0,-0.991610299978294,0.1292633473841594,39.0,175.42186185258163
evt_inv_000499_0,cust_b2b_034,inv_000499,2026-04-11T08:45:49.007897+00:00,4284456,SEND_REMINDER,0.8500000000000001,0,5.222110234517678,0.5071428571428571,-0.4405713850323512,0.0,1.0,-0.991534379531784,0.12984442308593838,25.0,161.28850484396207
evt_inv_006799_0,cust_b2b_030,inv_006799,2026-04-11T09:10:35.115136+00:00,2386835,SEND_REMINDER,0.8500000000000001,0,5.0154768624949355,0.32947976878612717,0.014393437647901904,0.0,1.0,-0.9913777464108283,0.13103497213105852,37.0,179.2291199376887
evt_inv_001958_1,cust_b2b_039,inv_001958,2026-04-11T09:24:32.859149+00:00,8996372,OFFER_PAYMENT_PLAN,0.8500000000000001,1,16.99100972857701,0.41843971631205673,-0.4327849090184364,1.0,1.0,-0.9912888195812881,0.1317060217800858,27.0,164.28784509290543
evt_inv_001217_0,cust_b2b_024,inv_001217,2026-04-11T09:25:14.887839+00:00,4468423,SEND_REMINDER,0.8500000000000001,0,7.3956672346717225,0.16304347826086957,-0.04348177326541077,0.0,1.0,-0.991284346254755,0.13173968601102312,38.0,169.61048747949
evt_inv_003345_0,cust_b2b_022,inv_003345,2026-04-11T09:35:01.279990+00:00,2020047,SEND_REMINDER,0.8500000000000001,0,6.185887261259539,0.24161073825503357,0.18028937522562388,0.0,1.0,-0.9912218143189303,0.1322093597983442,26.0,167.9492946086655
evt_inv_000702_0,cust_b2b_037,inv_000702,2026-04-11T09:35:21.314756+00:00,2435794,SEND_REMINDER,0.8500000000000001,1,5.371175360737512,0.28,-0.397976175594335,0.0,1.0,-0.991219673911466,0.132225406223036,37.0,171.61322137273524
evt_inv_003544_0,cust_b2b_022,inv_003544,2026-04-11T09:56:07.428950+00:00,2030617,ESCALATE_COLLECTIONS,0.05,0,5.647911394268075,0.24,0.19431407423514863,0.0,1.0,-0.9910860352073759,0.1332233868993129,27.0,167.9639491105239
evt_inv_001314_1,cust_b2b_032,inv_001314,2026-04-11T10:02:27.261457+00:00,8705821,OFFER_PAYMENT_PLAN,0.8500000000000001,0,19.022489866798132,0.1278538812785388,0.814273941289723,1.0,1.0,-0.991045100497168,0.13352755813148884,46.0,179.35330751079474
evt_inv_003216_0,cust_b2b_014,inv_003216,2026-04-11T10:09:00.598120+00:00,10597093,ESCALATE_COLLECTIONS,0.05,0,7.361165268985965,0.26490066225165565,-0.0005734096483043809,0.0,1.0,-0.9910026120485779,0.13384253028427018,30.0,177.66182616982704
evt_inv_006316_0,cust_b2b_034,inv_006316,2026-04-11T10:53:27.523533+00:00,4203330,SEND_REMINDER,0.8500000000000001,1,4.716285556540797,0.5035460992907801,-0.47956637393892426,0.0,1.0,-0.9907118891281141,0.13597776560968827,26.0,161.37714507122266
evt_inv_001873_0,cust_b2b_009,inv_001873,2026-04-11T10:59:56.358705+00:00,7022502,WRITE_OFF,0.05,0,7.22013684756755,0.17391304347826086,0.4928739617390963,0.0,1.0,-0.9906691176908232,0.13628902836870566,38.0,169.35874913644682
evt_inv_007394_0,cust_b2b_014,inv_007394,2026-04-11T11:20:28.826708+00:00,10921601,SEND_REMINDER,0.8500000000000001,0,2.9715398177458594,0.2631578947368421,0.07596513688696534,0.0,1.0,-0.9905329013711338,0.13727553059917025,30.0,177.7114584451463
evt_inv_004180_1,cust_b2b_006,inv_004180,2026-04-11T11:37:34.974331+00:00,4845345,OFFER_PAYMENT_PLAN,0.8500000000000001,1,22.19177300210856,0.3352601156069364,-0.318233063157352,1.0,1.0,-0.9904187387938224,0.13809678434364178,31.0,174.61290863046398
evt_inv_007574_0,cust_b2b_028,inv_007574,2026-04-11T11:59:16.424509+00:00,5344839,SEND_REMINDER,0.8500000000000001,0,1.6714884795666254,0.3712574850299401,0.0982692923256417,0.0,1.0,-0.9902729684112173,0.13913823354504765,40.0,161.2973060882674
evt_inv_007774_0,cust_b2b_006,inv_007774,2026-04-11T12:03:13.545286+00:00,6299771,SEND_REMINDER,0.8500000000000001,0,9.00837450331118,0.3390804597701149,0.3366678250914747,0.0,1.0,-0.9902462914892319,0.1393279662947217,32.0,174.63071616466223
evt_inv_001965_0,cust_b2b_021,inv_001965,2026-04-11T12:30:17.314387+00:00,9724878,SEND_REMINDER,0.8500000000000001,0,6.715642154793057,0.3468208092485549,0.1527674928471633,0.0,1.0,-0.9900626350018867,0.14062709117776978,36.0,173.5265685698893
evt_inv_000658_1,cust_b2b_006,inv_000658,2026-04-11T12:35:34.422550+00:00,5123652,ESCALATE_COLLECTIONS,0.05,1,19.54644661023962,0.33714285714285713,-0.19291636140172405,1.0,1.0,-0.990026569533776,0.14088077092770096,33.0,174.65318002188982
evt_inv_006372_0,cust_b2b_025,inv_006372,2026-04-11T12:43:14.872457+00:00,8713589,OFFER_PAYMENT_PLAN,0.05,0,1.1541984748848138,0.2328767123287671,-0.3519816228611689,0.0,1.0,-0.9899740857554817,0.1412491045373317,36.0,172.64854093844647
evt_inv_006607_0,cust_b2b_037,inv_006607,2026-04-11T12:43:28.368324+00:00,2318295,SEND_REMINDER,0.8500000000000001,1,1.0735452551793028,0.2840909090909091,-0.4993744554187574,0.0,1.0,-0.9899725453796794,0.14125990016447926,38.0,171.7438585668011
evt_inv_003828_0,cust_b2b_034,inv_003828,2026-04-11T12:54:58.652071+00:00,4178502,SEND_REMINDER,0.8500000000000001,1,4.6158160984788985,0.5070422535211268,-0.4915005919911063,0.0,1.0,-0.9898936015633257,0.14181205020726467,26.0,161.46153313301105
evt_inv_007870_0,cust_b2b_026,inv_007870,2026-04-11T13:13:38.085797+00:00,3850362,SEND_REMINDER,0.8500000000000001,0,9.66228157357966,0.31843575418994413,-0.4819821070813095,0.0,1.0,-0.9897649236631341,0.1427073785272171,31.0,163.68768722246557
evt_inv_002269_0,cust_b2b_030,inv_002269,2026-04-11T13:28:14.281419+00:00,2214861,SEND_REMINDER,0.8500000000000001,0,1.5801244715270841,0.3275862068965517,-0.16677161863677983,0.0,1.0,-0.9896636407825962,0.14340808245331407,38.0,179.408045473372
evt_inv_005030_0,cust_b2b_022,inv_005030,2026-04-11T13:30:34.356909+00:00,1632918,SEND_REMINDER,0.8500000000000001,0,8.956729547102803,0.23841059602649006,-0.3333706565444982,0.0,1.0,-0.9896474029158788,0.14352009581189756,27.0,168.11287188781816
evt_inv_001537_0,cust_b2b_033,inv_001537,2026-04-11T13:38:06.669142+00:00,4551136,SEND_REMINDER,0.8500000000000001,0,5.257541508034953,0.16363636363636364,0.10900952077663174,0.0,1.0,-0.9895948832977127,0.14388178116421232,30.0,160.71650578184688
evt_inv_007641_0,cust_b2b_003,inv_007641,2026-04-11T13:39:36.317338+00:00,5559496,SEND_REMINDER,0.8500000000000001,0,4.852471781870312,0.17391304347826086,0.4007143871289481,0.0,1.0,-0.9895844582236667,0.14395346484948565,32.0,166.49748695101619
evt_inv_003040_0,cust_b2b_013,inv_003040,2026-04-11T13:49:30.700533+00:00,2422290,SEND_REMINDER,0.8500000000000001,0,6.476751987011885,0.20418848167539266,0.008335960003668073,0.0,1.0,-0.9895152068199892,0.1444287210771942,39.0,175.27337316231686
evt_inv_001243_0,cust_b2b_021,inv_001243,2026-04-11T13:49:56.235783+00:00,7966725,SEND_REMINDER,0.8500000000000001,0,1.3600986650266031,0.3448275862068966,-0.3268241923825044,0.0,1.0,-0.989512226602299,0.14444913777714488,37.0,173.58188016011607
evt_inv_007228_0,cust_b2b_008,inv_007228,2026-04-11T14:01:30.785416+00:00,9124892,SEND_REMINDER,0.8500000000000001,0,2.9946493747933314,0.2777777777777778,0.326799852916382,0.0,1.0,-0.9894310041978517,0.1450044410769231,39.0,163.7531150842091
evt_inv_007242_0,cust_b2b_024,inv_007242,2026-04-11T14:01:59.373474+00:00,4221935,SEND_REMINDER,0.8500000000000001,0,7.337075686391881,0.16216216216216217,-0.17898871666536403,0.0,1.0,-0.9894276543598759,0.145027296699325,38.0,169.80266902618865
evt_inv_002381_0,cust_b2b_026,inv_002381,2026-04-11T14:09:53.245119+00:00,5327838,SEND_REMINDER,0.8500000000000001,0,4.443447303911818,0.31666666666666665,0.29237914304018453,0.0,1.0,-0.9893720510098477,0.1454061370113632,32.0,163.72675156647173
evt_inv_008505_1,cust_b2b_029,inv_008505,2026-04-11T14:38:51.983366+00:00,5261396,OFFER_PAYMENT_PLAN,0.8500000000000001,0,23.542491935416663,0.2389937106918239,-0.15038543910597033,1.0,1.0,-0.9891667877178099,0.1467960015668998,40.0,175.67542921795643
evt_inv_002076_0,cust_b2b_028,inv_002076,2026-04-11T14:41:25.061392+00:00,5425892,SEND_REMINDER,0.8500000000000001,0,7.1789791946411,0.36904761904761907,0.1376715723502704,0.0,1.0,-0.9891486228751054,0.14691835101267142,41.0,161.40990605218187
evt_inv_003267_1,cust_b2b_031,inv_003267,2026-04-11T14:51:45.274480+00:00,10911624,OFFER_PAYMENT_PLAN,0.8500000000000001,0,21.194226770859537,0.3333333333333333,-0.5191880819706142,1.0,1.0,-0.9890748710764926,0.1474140407322839,33.0,172.95791606569045
evt_inv_007731_0,cust_b2b_028,inv_007731,2026-04-11T15:11:44.839310+00:00,6124064,SEND_REMINDER,0.8500000000000001,0,8.250788175273772,0.3668639053254438,0.47707141500293987,0.0,1.0,-0.98893152163054,0.1483726576074743,42.0,161.4309682966056
evt_inv_007529_0,cust_b2b_028,inv_007529,2026-04-11T15:23:57.333020+00:00,3789919,SEND_REMINDER,0.8500000000000001,0,1.2061481939760172,0.36470588235294116,-0.6576187588655661,0.0,1.0,-0.9888435308530988,0.14895795208707896,43.0,161.43944623307075
evt_inv_004814_0,cust_b2b_020,inv_004814,2026-04-11T16:06:39.013925+00:00,4861463,SEND_REMINDER,0.8500000000000001,0,5.8574240117234915,0.4034090909090909,-0.233233025667061,0.0,1.0,-0.9885330851820403,0.15100443536690222,34.0,162.86370869284394
evt_inv_003392_1,cust_b2b_033,inv_003392,2026-04-11T16:07:01.834074+00:00,3592056,OFFER_PAYMENT_PLAN,0.8500000000000001,0,17.705852931615176,0.16265060240963855,-0.44079829077802896,1.0,1.0,-0.9885303006128957,0.15102266310119836,31.0,160.8199220426272
evt_inv_005512_1,cust_b2b_010,inv_005512,2026-04-11T16:20:08.328800+00:00,2966823,OFFER_PAYMENT_PLAN,0.8500000000000001,0,23.475668838962125,0.17197452229299362,0.04183763777828294,1.0,1.0,-0.9884341252427337,0.15165084917543967,37.0,171.3541889295241
evt_inv_001133_0,cust_b2b_009,inv_001133,2026-04-11T16:39:17.364692+00:00,6523201,SEND_REMINDER,0.8500000000000001,0,2.1124232558056164,0.17297297297297298,0.2800801376216469,0.0,1.0,-0.9882928994343939,0.15256849257811725,38.0,169.5944089279602
evt_inv_002982_0,cust_b2b_029,inv_002982,2026-04-11T16:58:35.571660+00:00,5435996,SEND_REMINDER,0.8500000000000001,1,2.0962785062139377,0.2375,-0.0724134401984017,0.0,1.0,-0.9881496842779682,0.15349332709063182,40.0,175.7724614898673
evt_inv_005062_0,cust_b2b_004,inv_005062,2026-04-11T17:03:02.549531+00:00,2594115,SEND_REMINDER,0.8500000000000001,0,8.988549469003203,0.18285714285714286,-0.43278327359568736,0.0,1.0,-0.9881165490591455,0.15370649132500988,41.0,176.01975037654574
evt_inv_001747_0,cust_b2b_027,inv_001747,2026-04-11T17:28:13.165682+00:00,2805653,SEND_REMINDER,0.8500000000000001,0,9.051905504948836,0.1878453038674033,0.0216773528783417,0.0,1.0,-0.9879281969780669,0.15491248373086605,33.0,164.8097081836306
evt_inv_007308_0,cust_b2b_030,inv_007308,2026-04-11T17:34:16.475725+00:00,1843236,SEND_REMINDER,0.8500000000000001,0,2.6147722611272757,0.32571428571428573,-0.558257242842331,0.0,1.0,-0.9878826778669404,0.15520249601872654,39.0,179.57890420377464
evt_inv_007763_0,cust_b2b_004,inv_007763,2026-04-11T17:38:51.406876+00:00,4081349,SEND_REMINDER,0.8500000000000001,0,6.2625419892601,0.18181818181818182,0.7523738521600363,0.0,1.0,-0.9878481751571453,0.15542195095512717,42.0,176.04462141063672
evt_inv_006629_0,cust_b2b_029,inv_006629,2026-04-11T17:46:01.777080+00:00,6373848,WRITE_OFF,0.05,0,7.597796771969928,0.2422360248447205,0.34640882675479645,0.0,1.0,-0.9877940676100029,0.15576546470410255,41.0,175.8054036822301
evt_inv_003857_0,cust_b2b_033,inv_003857,2026-04-11T17:52:41.307381+00:00,4481533,SEND_REMINDER,0.8500000000000001,1,9.47599005718796,0.16167664670658682,0.06910832011130501,0.0,1.0,-0.9877437304357889,0.15608434573906402,32.0,160.8932955762771
evt_inv_008841_0,cust_b2b_001,inv_008841,2026-04-11T18:03:03.815213+00:00,7105175,SEND_REMINDER,0.8500000000000001,0,4.370677361789237,0.06369426751592357,0.06923498839060639,0.0,1.0,-0.9876650949773175,0.15658116158544227,36.0,164.63625255260374
evt_inv_003712_0,cust_b2b_007,inv_003712,2026-04-11T18:10:19.059631+00:00,3900638,ESCALATE_COLLECTIONS,0.05,0,8.382503643813672,0.3111111111111111,-0.2224324196447647,0.0,1.0,-0.9876099662754882,0.15692850127790317,29.0,178.55847473808845
evt_inv_001894_0,cust_b2b_028,inv_001894,2026-04-11T18:19:07.342993+00:00,4614701,SEND_REMINDER,0.8500000000000001,1,4.960464292125647,0.36257309941520466,-0.2566705324400643,0.0,1.0,-0.9875428890144019,0.15735006309845812,43.0,161.56108986701085
evt_inv_000373_0,cust_b2b_024,inv_000373,2026-04-11T18:27:15.212855+00:00,4510124,SEND_REMINDER,0.8500000000000001,0,6.7513353069399376,0.16129032258064516,-0.020556477435078217,0.0,1.0,-0.9874807833191276,0.15773935011734463,39.0,169.98688013013074
evt_inv_000301_0,cust_b2b_013,inv_000301,2026-04-11T18:42:25.067576+00:00,2619097,SEND_REMINDER,0.8500000000000001,1,2.760976001603727,0.203125,0.21213402623193553,0.0,1.0,-0.9873645491200079,0.15846528686448452,40.0,175.4767801882705
evt_inv_008577_1,cust_b2b_030,inv_008577,2026-04-11T18:51:30.237687+00:00,2017147,OFFER_PAYMENT_PLAN,0.8500000000000001,0,21.042854990178597,0.32386363636363635,-0.37505167789990146,1.0,1.0,-0.9872946477990715,0.15890021531548476,40.0,179.63253570796084
evt_inv_002494_0,cust_b2b_022,inv_002494,2026-04-11T18:58:02.520739+00:00,2650125,SEND_REMINDER,0.8500000000000001,0,7.139163509064426,0.23684210526315788,1.016305609658076,0.0,1.0,-0.9872442310207524,0.15921315371615277,28.0,168.34028119140547
evt_inv_000897_0,cust_b2b_018,inv_000897,2026-04-11T19:32:09.295409+00:00,1795307,SEND_REMINDER,0.8500000000000001,1,2.393530817971827,0.62,-0.29488470700050534,0.0,1.0,-0.9869795678131661,0.16084567982801357,32.0,165.23931819268526
evt_inv_006234_1,cust_b2b_005,inv_006234,2026-04-11T20:15:41.075436+00:00,7741489,OFFER_PAYMENT_PLAN,0.8500000000000001,0,21.627094389795747,0.2569832402234637,-0.010290659720579408,1.0,1.0,-0.9866379250587309,0.16292821988778372,33.0,172.1839831217205
evt_inv_007620_0,cust_b2b_028,inv_007620,2026-04-11T20:48:58.243467+00:00,5844070,SEND_REMINDER,0.8500000000000001,0,6.735924492956871,0.36627906976744184,0.34095897931031377,0.0,1.0,-0.9863737138601975,0.16452020120836594,44.0,161.6651512150871
evt_inv_004166_0,cust_b2b_021,inv_004166,2026-04-11T21:23:20.992353+00:00,7480372,SEND_REMINDER,0.8500000000000001,1,1.578682378740155,0.34285714285714286,-0.4594924275913044,0.0,1.0,-0.9860981301516449,0.16616400847183974,37.0,173.89675002781848
evt_inv_008567_1,cust_b2b_039,inv_008567,2026-04-11T21:33:24.116179+00:00,11274787,OFFER_PAYMENT_PLAN,0.8500000000000001,0,24.010273135606152,0.4225352112676056,0.09075654328344541,1.0,1.0,-0.9860170350536528,0.16664455161811811,28.0,164.79399390111553
evt_inv_004850_0,cust_b2b_033,inv_004850,2026-04-11T21:53:00.781950+00:00,3803139,SEND_REMINDER,0.8500000000000001,0,3.8362996839589885,0.16666666666666666,-0.3197915197604873,0.0,1.0,-0.9858581483107284,0.16758195430696568,31.0,161.06018764304375
evt_inv_007501_0,cust_b2b_001,inv_007501,2026-04-11T22:34:09.271907+00:00,4805315,ESCALATE_COLLECTIONS,0.05,0,9.843729218428155,0.06329113924050633,-0.7623956346049099,0.0,1.0,-0.9855219291326759,0.1695480085362519,37.0,164.82451015322317
evt_inv_006106_0,cust_b2b_017,inv_006106,2026-04-11T22:40:06.692559+00:00,6896601,SEND_REMINDER,0.8500000000000001,0,5.589356071462129,0.29775280898876405,0.14258986240250854,0.0,1.0,-0.9854729218839321,0.16983262417317088,30.0,176.45978447339994
evt_inv_004373_1,cust_b2b_021,inv_004373,2026-04-11T22:46:26.496243+00:00,6562412,OFFER_PAYMENT_PLAN,0.8500000000000001,1,17.131471451479392,0.3465909090909091,-0.7098949405509138,1.0,1.0,-0.9854207555378273,0.17013504799205156,38.0,173.95445261914313
evt_inv_002813_0,cust_b2b_008,inv_002813,2026-04-11T22:48:53.601759+00:00,8526769,OFFER_PAYMENT_PLAN,0.05,0,7.890654466895014,0.27607361963190186,0.14150732535980762,0.0,1.0,-0.9854005255401315,0.17025217844489587,40.0,164.11935138447697
evt_inv_000505_0,cust_b2b_038,inv_000505,2026-04-11T23:02:21.837484+00:00,4413212,SEND_REMINDER,0.8500000000000001,0,5.923419002752787,0.3081761006289308,0.05827462659134224,0.0,1.0,-0.9852891283261906,0.17089568046681414,32.0,174.96200605260856
evt_inv_007521_0,cust_b2b_035,inv_007521,2026-04-11T23:14:21.826428+00:00,3557056,SEND_REMINDER,0.8500000000000001,0,9.79319788636523,0.358695652173913,-0.8190705574734846,0.0,1.0,-0.9851895400445734,0.17146886069126913,33.0,178.77933364239584
evt_inv_004315_0,cust_b2b_025,inv_004315,2026-04-11T23:15:06.112167+00:00,8378154,SEND_REMINDER,0.8500000000000001,1,8.738456822335582,0.2318181818181818,-0.43467110297536504,0.0,1.0,-0.9851834035914565,0.1715041144927823,35.0,173.08732843509424
evt_inv_002955_0,cust_b2b_010,inv_002955,2026-04-11T23:24:53.281535+00:00,3753878,SEND_REMINDER,0.8500000000000001,0,9.39952287426372,0.17088607594936708,0.7161500260402784,0.0,1.0,-0.9851019232306374,0.17197151173173802,37.0,171.6491536602587
evt_inv_002828_0,cust_b2b_008,inv_002828,2026-04-11T23:55:29.893057+00:00,8975246,SEND_REMINDER,0.8500000000000001,0,2.837643823356348,0.27439024390243905,0.2804410061802468,0.0,1.0,-0.9848456287175296,0.17343323671076982,41.0,164.16560475597964
evt_inv_000637_0,cust_b2b_023,inv_000637,2026-04-11T23:58:59.505581+00:00,1939574,ESCALATE_COLLECTIONS,0.05,0,3.51177737250201,0.4294117647058823,-0.34615739440422344,0.0,1.0,-0.9848162399097283,0.1736000391994901,32.0,165.29234425945512
evt_inv_000744_0,cust_b2b_002,inv_000744,2026-04-12T00:03:36.554657+00:00,3863208,SEND_REMINDER,0.8500000000000001,0,3.4253859739651205,0.15476190476190477,0.04033752188370593,0.0,1.0,-0.9847773527864976,0.17382049775218697,32.0,174.57810113136497
evt_inv_004544_0,cust_b2b_028,inv_004544,2026-04-12T00:07:56.694790+00:00,6241991,SEND_REMINDER,0.8500000000000001,0,7.770430520374584,0.36416184971098264,0.5343987816610298,0.0,1.0,-0.9847407941087558,0.17402749328211609,44.0,161.80332773503167
evt_inv_005172_1,cust_b2b_010,inv_005172,2026-04-12T00:24:01.637630+00:00,2929100,OFFER_PAYMENT_PLAN,0.8500000000000001,0,18.298279062580143,0.16981132075471697,0.009518075779849228,1.0,1.0,-0.9846048062893179,0.17479523858496498,38.0,171.69022259654523
evt_inv_005910_0,cust_b2b_010,inv_005910,2026-04-12T00:28:21.330985+00:00,2773142,SEND_REMINDER,0.8500000000000001,0,1.5712544926202723,0.16875,-0.12409925871660674,0.0,1.0,-0.9845681059025961,0.17500184238851407,39.0,171.69322830667306
evt_inv_001442_0,cust_b2b_038,inv_001442,2026-04-12T00:30:48.492947+00:00,4361944,SEND_REMINDER,0.8500000000000001,0,1.242569929582051,0.30625,0.028555518345670425,0.0,1.0,-0.9845472894341785,0.17511891636203095,33.0,175.0234256760242
evt_inv_002803_0,cust_b2b_034,inv_002803,2026-04-12T01:00:02.404384+00:00,4999620,SEND_REMINDER,0.8500000000000001,1,3.871882457963977,0.5104895104895105,-0.0968101997639402,0.0,1.0,-0.9842981222028092,0.17651404088067263,27.0,161.96504878478086
evt_inv_004685_0,cust_b2b_035,inv_004685,2026-04-12T01:07:00.571673+00:00,4715021,SEND_REMINDER,0.8500000000000001,0,5.451450330055596,0.3567567567567568,-0.2718603802199286,0.0,1.0,-0.9842384239153382,0.17684661401522775,34.0,178.8575598605039
evt_inv_006668_1,cust_b2b_015,inv_006668,2026-04-12T01:33:02.627587+00:00,6850070,OFFER_PAYMENT_PLAN,0.8500000000000001,0,17.242075078665188,0.16279069767441862,-0.7200855503074225,1.0,1.0,-0.9840144282915976,0.1780887557201755,33.0,173.19161485844094
evt_inv_008011_0,cust_b2b_038,inv_008011,2026-04-12T01:57:15.631069+00:00,5500128,SEND_REMINDER,0.8500000000000001,0,1.2583529481431754,0.30434782608695654,0.6883438879579885,0.0,1.0,-0.9838046632740471,0.1792439246396896,34.0,175.083461996878
evt_inv_003721_0,cust_b2b_029,inv_003721,2026-04-12T02:03:17.003401+00:00,5637955,SEND_REMINDER,0.8500000000000001,0,6.807886041010626,0.24074074074074073,0.017776496405413802,0.0,1.0,-0.9837522826307037,0.17953118508738294,41.0,176.1507188016931
evt_inv_000656_0,cust_b2b_010,inv_000656,2026-04-12T02:12:19.328385+00:00,2595320,SEND_REMINDER,0.8500000000000001,0,6.987838319796516,0.16770186335403728,-0.2764494890086341,0.0,1.0,-0.983673515647156,0.17996225886102987,40.0,171.7654273506488
evt_inv_003987_0,cust_b2b_022,inv_003987,2026-04-12T02:23:46.833285+00:00,1381220,SEND_REMINDER,0.8500000000000001,0,5.201986958821352,0.23529411764705882,-0.6673356213815185,0.0,1.0,-0.9835733913019683,0.18050868101768705,28.0,168.6498218458789
evt_inv_006442_0,cust_b2b_007,inv_006442,2026-04-12T02:48:57.248509+00:00,3832830,SEND_REMINDER,0.8500000000000001,0,3.7936301314281127,0.30939226519337015,-0.26202510323607886,0.0,1.0,-0.9833523570323208,0.18170894837343352,26.0,178.91863896121308
evt_inv_006075_0,cust_b2b_022,inv_006075,2026-04-12T02:49:26.010486+00:00,1880568,SEND_REMINDER,0.8500000000000001,0,1.6813244598626522,0.23376623376623376,-0.004777677118383236,0.0,1.0,-0.9833481337902401,0.1817318017608698,29.0,168.6676363968135
evt_inv_005695_0,cust_b2b_020,inv_005695,2026-04-12T02:49:58.061783+00:00,3987497,ESCALATE_COLLECTIONS,0.05,0,7.4619333683977835,0.4011299435028249,-0.6407395122464151,0.0,1.0,-0.983343426937674,0.18175726862624056,31.0,163.31045693194977
evt_inv_001491_1,cust_b2b_006,inv_001491,2026-04-12T03:04:35.747649+00:00,5079492,OFFER_PAYMENT_PLAN,0.8500000000000001,0,24.344025045503834,0.3409090909090909,-0.21280068976020694,1.0,1.0,-0.9832142791895965,0.18245460037412634,32.0,175.25666758089946
evt_inv_001744_0,cust_b2b_011,inv_001744,2026-04-12T03:16:02.456709+00:00,1577650,SEND_REMINDER,0.8500000000000001,0,4.5758322882687406,0.3924050632911392,-0.08759459641039777,0.0,1.0,-0.983112888050417,0.18300013483374367,26.0,174.9331077890455
evt_inv_006299_1,cust_b2b_002,inv_006299,2026-04-12T03:16:49.671127+00:00,3890636,OFFER_PAYMENT_PLAN,0.8500000000000001,0,22.10830474731133,0.15384615384615385,0.05837315947567232,1.0,1.0,-0.9831059058200649,0.183037640778365,33.0,174.71228072014205
evt_inv_008176_0,cust_b2b_022,inv_008176,2026-04-12T03:38:58.051850+00:00,2620872,SEND_REMINDER,0.8500000000000001,0,9.330054938274504,0.23225806451612904,0.9774908965650491,0.0,1.0,-0.9829088739044421,0.18409276357288296,30.0,168.70203502371717
evt_inv_003550_0,cust_b2b_037,inv_003550,2026-04-12T04:19:08.895395+00:00,2798059,SEND_REMINDER,0.8500000000000001,0,3.638054515488699,0.288135593220339,-0.08535122300100534,0.0,1.0,-0.9825483934248257,0.18600713582627404,38.0,172.39363318568022
evt_inv_002030_1,cust_b2b_039,inv_002030,2026-04-12T04:26:25.103790+00:00,10634212,SEND_REMINDER,0.05,0,16.362910935226072,0.4195804195804196,-0.056436883692883806,1.0,1.0,-0.982482771141505,0.1863534394909556,29.0,165.08081088735653
evt_inv_005345_1,cust_b2b_016,inv_005345,2026-04-12T04:26:30.003586+00:00,12242788,OFFER_PAYMENT_PLAN,0.8500000000000001,0,21.376626451412832,0.26666666666666666,0.5799093529004185,1.0,1.0,-0.9824820333330768,0.18635732928356483,34.0,167.87333465886024
evt_inv_004034_0,cust_b2b_039,inv_004034,2026-04-12T04:39:41.992476+00:00,11107316,SEND_REMINDER,0.8500000000000001,0,2.603287505917973,0.4166666666666667,0.052274450189673964,0.0,1.0,-0.982362573707111,0.18698602562635747,30.0,165.09003413604117
evt_inv_007130_0,cust_b2b_000,inv_007130,2026-04-12T05:00:02.471955+00:00,4219279,SEND_REMINDER,0.8500000000000001,1,2.8382241715391565,0.37735849056603776,-0.3478096887313,0.0,1.0,-0.9821776950525466,0.18795471619852133,35.0,171.85649889788775
evt_inv_000390_0,cust_b2b_032,inv_000390,2026-04-12T05:11:20.237300+00:00,5494315,SEND_REMINDER,0.8500000000000001,0,8.335826216160926,0.12727272727272726,-0.40833436728079575,0.0,1.0,-0.9820746143975555,0.1884925774556991,44.0,180.15114287934458
evt_inv_003330_1,cust_b2b_033,inv_003330,2026-04-12T05:19:57.504355+00:00,5862485,OFFER_PAYMENT_PLAN,0.8500000000000001,0,16.265557401509582,0.16568047337278108,0.8607603431975558,1.0,1.0,-0.9819957455872312,0.1889030323964594,31.0,161.37056637458258
evt_inv_006409_0,cust_b2b_010,inv_006409,2026-04-12T05:29:49.739519+00:00,2241208,WRITE_OFF,0.05,0,1.8056555352522259,0.16666666666666666,-0.5798359967495612,0.0,1.0,-0.9819052355862358,0.18937293451900347,41.0,171.90258488692723
evt_inv_007689_0,cust_b2b_012,inv_007689,2026-04-12T05:54:11.319438+00:00,4288044,SEND_REMINDER,0.8500000000000001,0,3.9476127656303794,0.5029585798816568,0.2932736821235377,0.0,1.0,-0.9816809033653301,0.1905324223533346,44.0,175.20031422525133
evt_inv_004119_0,cust_b2b_019,inv_004119,2026-04-12T06:32:14.412742+00:00,3455817,SEND_REMINDER,0.8500000000000001,0,6.901621389232424,0.3795180722891566,0.03616328199783517,0.0,1.0,-0.9813277405262307,0.19234309364695873,42.0,174.21062183225771
evt_inv_007225_1,cust_b2b_023,inv_007225,2026-04-12T07:08:36.365420+00:00,1630417,OFFER_PAYMENT_PLAN,0.8500000000000001,1,21.79756359865101,0.4269005847953216,-0.6894678156182724,1.0,1.0,-0.9809871016588758,0.1940729408725455,32.0,165.59068754463297
evt_inv_003922_0,cust_b2b_030,inv_003922,2026-04-12T07:28:03.027715+00:00,3189788,SEND_REMINDER,0.8500000000000001,0,5.654965077291838,0.3220338983050847,0.8602587045238763,0.0,1.0,-0.9808037152325302,0.19499762097540013,38.0,180.15791522217623
evt_inv_001082_0,cust_b2b_009,inv_001082,2026-04-12T07:48:40.330617+00:00,5661130,SEND_REMINDER,0.8500000000000001,0,4.829254192358417,0.17204301075268819,-0.08732012422749444,0.0,1.0,-0.9806082725216306,0.19597810046569858,38.0,170.22592473727278
evt_inv_002658_1,cust_b2b_015,inv_002658,2026-04-12T07:49:59.344693+00:00,11592940,SEND_REMINDER,0.05,0,18.71100148603496,0.16184971098265896,0.5122965323515879,1.0,1.0,-0.9805957582668194,0.19604070717359043,34.0,173.45338241753856
evt_inv_002512_0,cust_b2b_034,inv_002512,2026-04-12T08:03:10.169555+00:00,4522401,SEND_REMINDER,0.8500000000000001,1,9.640318097191608,0.5138888888888888,-0.32619747109685726,0.0,1.0,-0.9804702871755516,0.1966672722287349,26.0,162.25888865944106
evt_inv_003361_0,cust_b2b_032,inv_003361,2026-04-12T08:08:56.361464+00:00,7997036,SEND_REMINDER,0.8500000000000001,0,5.228658336574508,0.12669683257918551,0.5444423369514448,0.0,1.0,-0.9804152348914617,0.19694153242198578,45.0,180.2744776497682
evt_inv_003136_0,cust_b2b_005,inv_003136,2026-04-12T08:19:35.589956+00:00,6267121,SEND_REMINDER,0.8500000000000001,0,7.7358233635831635,0.25555555555555554,-0.4844562873028062,0.0,1.0,-0.9803133816098228,0.19744790157586872,30.0,172.68669741014503
evt_inv_000545_0,cust_b2b_000,inv_000545,2026-04-12T08:24:27.520411+00:00,4443991,SEND_REMINDER,0.8500000000000001,0,8.493136626985015,0.38125,-0.23318754322146024,0.0,1.0,-0.9802667790495048,0.19767913873727144,35.0,171.99845547723132
evt_inv_001139_1,cust_b2b_037,inv_001139,2026-04-12T08:26:39.369736+00:00,2189540,WRITE_OFF,0.05,0,18.594454504207054,0.28651685393258425,-0.6104868064500867,1.0,1.0,-0.9802457132924233,0.19778357255300147,39.0,172.5655136757376
evt_inv_003034_0,cust_b2b_026,inv_003034,2026-04-12T08:32:23.364959+00:00,3695431,SEND_REMINDER,0.8500000000000001,0,8.617050694777832,0.3149171270718232,-0.5631834263058957,0.0,1.0,-0.9801907002988587,0.19805603007137382,31.0,164.4923779535139
evt_inv_003516_1,cust_b2b_022,inv_003516,2026-04-12T08:39:51.013414+00:00,2085219,OFFER_PAYMENT_PLAN,0.8500000000000001,0,23.849443610245743,0.23076923076923078,0.26676217655763923,1.0,1.0,-0.9801189973011918,0.19841056204069973,30.0,168.91098133810647
evt_inv_005829_1,cust_b2b_010,inv_005829,2026-04-12T08:45:11.358129+00:00,3045235,OFFER_PAYMENT_PLAN,0.8500000000000001,0,22.0423288335109,0.1656441717791411,0.10901696504196316,1.0,1.0,-0.9800676067196179,0.19866425511118066,41.0,172.0382517689893
evt_inv_006727_0,cust_b2b_013,inv_006727,2026-04-12T09:01:29.438069+00:00,2623627,SEND_REMINDER,0.8500000000000001,0,7.637334803012691,0.20725388601036268,0.21682503546502804,0.0,1.0,-0.9799102941402442,0.19943875109411413,40.0,176.0733585504614
evt_inv_004022_0,cust_b2b_000,inv_004022,2026-04-12T09:42:02.404617+00:00,5300978,SEND_REMINDER,0.8500000000000001,1,4.965231411985235,0.37888198757763975,0.2039484030146158,0.0,1.0,-0.9795163257130359,0.2013647627109415,35.0,172.05233145184738
evt_inv_000152_0,cust_b2b_038,inv_000152,2026-04-12T09:45:17.539338+00:00,4607137,SEND_REMINDER,0.8500000000000001,0,4.162097071150445,0.30246913580246915,0.17069031494101491,0.0,1.0,-0.9794845636899925,0.2015192037822328,34.0,175.40848408332047
evt_inv_001341_1,cust_b2b_016,inv_001341,2026-04-12T09:54:41.098749+00:00,5603871,OFFER_PAYMENT_PLAN,0.8500000000000001,0,21.006597247180807,0.2653061224489796,-1.0902380689932647,1.0,1.0,-0.979392696570866,0.20196520963682693,34.0,168.10124085287063
evt_inv_007402_0,cust_b2b_025,inv_007402,2026-04-12T10:46:38.481752+00:00,12541097,SEND_REMINDER,0.8500000000000001,0,1.7410251371318695,0.23529411764705882,0.5915510711276454,0.0,1.0,-0.9788808565074564,0.20443157477070054,36.0,173.56756419417516
evt_inv_001242_0,cust_b2b_028,inv_001242,2026-04-12T11:06:42.039087+00:00,5227650,SEND_REMINDER,0.8500000000000001,1,6.512133639643734,0.3620689655172414,0.04130048738171468,0.0,1.0,-0.9786815835775311,0.20538344131447417,44.0,162.26079699772757
evt_inv_006021_1,cust_b2b_034,inv_006021,2026-04-12T11:08:40.097255+00:00,6165332,OFFER_PAYMENT_PLAN,0.8500000000000001,0,21.08716381256827,0.5172413793103449,0.4635176644452559,1.0,1.0,-0.9786619868398859,0.20547680042916522,27.0,162.3877072670822
evt_inv_008252_1,cust_b2b_038,inv_008252,2026-04-12T11:09:24.129176+00:00,2761242,OFFER_PAYMENT_PLAN,0.8500000000000001,0,19.091160720455676,0.3006134969325153,-0.899348121301875,1.0,1.0,-0.9786546756032106,0.2055116199147255,35.0,175.46689368793128
evt_inv_000395_1,cust_b2b_011,inv_000395,2026-04-12T11:10:53.588242+00:00,1768845,OFFER_PAYMENT_PLAN,0.8500000000000001,1,21.26233810185797,0.389937106918239,0.20476399773368936,1.0,1.0,-0.9786398176461553,0.2055823613968375,27.0,175.26286625586633
evt_inv_002014_0,cust_b2b_023,inv_002014,2026-04-12T11:16:06.795757+00:00,2262235,OFFER_PAYMENT_PLAN,0.05,1,6.203702590982806,0.43023255813953487,0.012148435177362964,0.0,1.0,-0.9785877577661265,0.2058300278148575,33.0,165.76256752538953
evt_inv_002578_0,cust_b2b_030,inv_002578,2026-04-12T11:27:18.628522+00:00,2296896,SEND_REMINDER,0.8500000000000001,1,5.2999002104548545,0.3202247191011236,-0.08035173703930482,0.0,1.0,-0.9784758774749797,0.20636122988480338,39.0,180.32406800928644
evt_inv_004647_0,cust_b2b_021,inv_004647,2026-04-12T11:30:58.649462+00:00,9007595,SEND_REMINDER,0.8500000000000001,1,5.5269152072497425,0.3502824858757062,-0.04289400773771142,0.0,1.0,-0.978439174713013,0.20653518195919549,39.0,174.48538031843796
evt_inv_008716_1,cust_b2b_005,inv_008716,2026-04-12T11:37:17.740488+00:00,6598898,OFFER_PAYMENT_PLAN,0.8500000000000001,0,16.694493381389513,0.2541436464088398,-0.37775483821206457,1.0,1.0,-0.9783758641538046,0.20683488207093137,31.0,172.82399081907192
evt_inv_002276_1,cust_b2b_032,inv_002276,2026-04-12T11:39:09.106922+00:00,6760831,OFFER_PAYMENT_PLAN,0.8500000000000001,0,24.741211046931767,0.12612612612612611,0.07382367270119307,1.0,1.0,-0.9783572478209511,0.2069229219690608,46.0,180.4204584999777
evt_inv_000799_0,cust_b2b_038,inv_000799,2026-04-12T11:41:20.986811+00:00,4035287,SEND_REMINDER,0.8500000000000001,1,1.3428642342786576,0.29878048780487804,-0.1608030605117669,0.0,1.0,-0.9783351921545728,0.2070271764572836,36.0,175.4890795401866
evt_inv_004759_0,cust_b2b_017,inv_004759,2026-04-12T11:53:30.053779+00:00,7081904,SEND_REMINDER,0.8500000000000001,0,2.4913347271921915,0.29608938547486036,0.21359268112965105,0.0,1.0,-0.9782130621242462,0.20760348043687896,31.0,177.01074930233142
evt_inv_000910_0,cust_b2b_006,inv_000910,2026-04-12T11:56:57.790878+00:00,4710058,OFFER_PAYMENT_PLAN,0.05,0,9.0733213842484,0.3389830508474576,-0.3791499468913566,0.0,1.0,-0.9781782007886254,0.20776767674960314,31.0,175.6263671553163
evt_inv_004586_0,cust_b2b_036,inv_004586,2026-04-12T11:59:13.968906+00:00,3140139,ESCALATE_COLLECTIONS,0.05,0,5.717044448156317,0.3081081081081081,-0.4012050204477806,0.0,1.0,-0.9781553331607317,0.2078753092823146,32.0,176.95332656841182
evt_inv_000281_0,cust_b2b_021,inv_000281,2026-04-12T12:06:47.537645+00:00,12029496,ESCALATE_COLLECTIONS,0.05,0,6.293723565349542,0.3539325842696629,0.7814248126408243,0.0,1.0,-0.9780790824412243,0.2082337832603843,40.0,174.5102517094475
evt_inv_008589_0,cust_b2b_036,inv_008589,2026-04-12T12:09:03.537916+00:00,3560538,SEND_REMINDER,0.8500000000000001,1,9.110573350404442,0.3064516129032258,-0.12022046857023258,0.0,1.0,-0.9780561934503456,0.2083412644039109,32.0,176.96015028380302
evt_inv_005716_0,cust_b2b_015,inv_005716,2026-04-12T12:16:02.523477+00:00,9070753,SEND_REMINDER,0.8500000000000001,0,9.331331302179391,0.16091954022988506,-0.1430658611394552,0.0,1.0,-0.9779856034896117,0.20867237327221805,35.0,173.63814143124418
evt_inv_008492_0,cust_b2b_033,inv_008492,2026-04-12T12:18:34.392347+00:00,3502895,SEND_REMINDER,0.8500000000000001,0,3.086665718500678,0.16470588235294117,-0.491911368519619,0.0,1.0,-0.977959989206843,0.20879238374651404,32.0,161.66127109671797
evt_inv_008536_1,cust_b2b_033,inv_008536,2026-04-12T12:51:21.918319+00:00,3334357,OFFER_PAYMENT_PLAN,0.8500000000000001,0,24.262559503265393,0.16374269005847952,-0.5885279347339542,1.0,1.0,-0.977626814105701,0.21034688574242585,33.0,161.68404338805786
evt_inv_005921_0,cust_b2b_020,inv_005921,2026-04-12T13:04:25.368740+00:00,6810223,SEND_REMINDER,0.8500000000000001,0,8.43043243731005,0.398876404494382,0.6754200880217069,0.0,1.0,-0.977493459010663,0.21096572610585215,31.0,163.73716187357337
evt_inv_000824_1,cust_b2b_036,inv_000824,2026-04-12T13:07:17.245792+00:00,3114815,OFFER_PAYMENT_PLAN,0.8500000000000001,0,18.741635900606425,0.31016042780748665,-0.41813092023849985,1.0,1.0,-0.9774641505421,0.21110147892663095,33.0,177.00058671755338
evt_inv_000647_0,cust_b2b_006,inv_000647,2026-04-12T13:36:29.116225+00:00,4840065,SEND_REMINDER,0.8500000000000001,1,9.333108698023764,0.33707865168539325,-0.32061037413244714,0.0,1.0,-0.9771643463642659,0.21248491756945273,32.0,175.6954797171974
evt_inv_005973_0,cust_b2b_010,inv_005973,2026-04-12T13:41:52.711095+00:00,3727362,SEND_REMINDER,0.8500000000000001,0,2.0016854296995072,0.16463414634146342,0.693432263002982,0.0,1.0,-0.9771087540981791,0.21274041145185413,42.0,172.24428594683275
evt_inv_004780_0,cust_b2b_031,inv_004780,2026-04-12T14:02:59.317695+00:00,15110169,SEND_REMINDER,0.8500000000000001,0,9.141819567635011,0.33116883116883117,0.2429832966978575,0.0,1.0,-0.9768905138641606,0.21374031889705833,33.0,173.92405082512948
evt_inv_002116_0,cust_b2b_026,inv_002116,2026-04-12T14:45:23.615949+00:00,4890356,SEND_REMINDER,0.8500000000000001,0,8.921218033232794,0.3131868131868132,0.06308994604272117,0.0,1.0,-0.9764490315000116,0.21574820713667434,31.0,164.75140863626393
evt_inv_002405_0,cust_b2b_001,inv_002405,2026-04-12T14:46:22.755992+00:00,5116737,SEND_REMINDER,0.8500000000000001,0,6.6008495248600045,0.06289308176100629,-0.6497852787025556,0.0,1.0,-0.9764387205326398,0.21579486797554162,37.0,165.49966621902914
evt_inv_003485_0,cust_b2b_025,inv_003485,2026-04-12T14:58:10.577763+00:00,10248095,SEND_REMINDER,0.8500000000000001,0,5.228636994279736,0.23423423423423423,0.02629477137065968,0.0,1.0,-0.9763151399558339,0.21635329323359193,37.0,173.74224123133368
evt_inv_000572_1,cust_b2b_015,inv_000572,2026-04-12T15:12:23.964388+00:00,9536994,OFFER_PAYMENT_PLAN,0.8500000000000001,0,24.47410499325179,0.16,-0.021918360983273304,1.0,1.0,-0.9761657201754165,0.21702646556217647,36.0,173.76061181215695
evt_inv_001200_0,cust_b2b_004,inv_001200,2026-04-12T16:32:53.840477+00:00,3083715,SEND_REMINDER,0.8500000000000001,1,2.35207021680585,0.1807909604519774,-0.04262763050677483,0.0,1.0,-0.9753113101645163,0.2208344363209113,41.0,176.99881624397617
evt_inv_004158_0,cust_b2b_021,inv_004158,2026-04-12T16:36:49.268274+00:00,7669322,SEND_REMINDER,0.8500000000000001,0,2.548913733215074,0.35195530726256985,-0.40795034273818537,0.0,1.0,-0.9752692829557199,0.22101996679720134,40.0,174.69777173986802
evt_inv_001753_0,cust_b2b_008,inv_001753,2026-04-12T16:42:29.354837+00:00,9967701,SEND_REMINDER,0.8500000000000001,1,5.167858938580145,0.2727272727272727,0.5878936231001869,0.0,1.0,-0.9752085103552356,0.22128796020281458,41.0,164.86490408214308
evt_inv_008650_0,cust_b2b_029,inv_008650,2026-04-12T16:46:00.293558+00:00,5093574,SEND_REMINDER,0.8500000000000001,0,9.39863635353924,0.2392638036809816,-0.2253310420623792,0.0,1.0,-0.975170779140723,0.2214541747406788,40.0,176.7637198451753
evt_inv_005492_0,cust_b2b_004,inv_005492,2026-04-12T17:30:57.180935+00:00,2736184,SEND_REMINDER,0.8500000000000001,0,9.084559420091834,0.1853932584269663,-0.3195704328743601,0.0,1.0,-0.9746858830483425,0.2235786872362229,41.0,177.03913268446072
evt_inv_007003_1,cust_b2b_038,inv_007003,2026-04-12T17:39:53.457328+00:00,4916705,OFFER_PAYMENT_PLAN,0.8500000000000001,0,19.46007390225043,0.30303030303030304,0.35014197338985226,1.0,1.0,-0.9745889096319527,0.22400102058339308,37.0,175.73806646746826
evt_inv_007060_1,cust_b2b_010,inv_007060,2026-04-12T17:44:03.863009+00:00,3561910,OFFER_PAYMENT_PLAN,0.8500000000000001,0,21.094248455654395,0.16363636363636364,0.5516804895530139,1.0,1.0,-0.9745435667725217,0.22419820798189138,43.0,172.4124705754667
evt_inv_002530_0,cust_b2b_010,inv_002530,2026-04-12T18:18:20.637530+00:00,3098169,SEND_REMINDER,0.8500000000000001,0,8.993096272888682,0.16265060240963855,0.1543687862880616,0.0,1.0,-0.9741696214640183,0.22581751175816986,44.0,172.43627583612172
evt_inv_000540_0,cust_b2b_011,inv_000540,2026-04-12T18:25:35.387565+00:00,1519006,SEND_REMINDER,0.8500000000000001,0,5.55425928736948,0.39375,-0.17726784717771224,0.0,1.0,-0.9740902343889778,0.2261597118587357,27.0,175.56473893321075
evt_inv_001112_0,cust_b2b_031,inv_001112,2026-04-12T18:34:15.968027+00:00,18350141,SEND_REMINDER,0.8500000000000001,0,6.347634482584128,0.32903225806451614,0.8311428609643503,0.0,1.0,-0.9739950161936667,0.22656943401504737,33.0,174.11243798174135
evt_inv_002364_0,cust_b2b_004,inv_002364,2026-04-12T18:41:50.940759+00:00,2834227,SEND_REMINDER,0.8500000000000001,0,8.219862120177496,0.18435754189944134,-0.24144123311957857,0.0,1.0,-0.9739116570321611,0.22692748686941858,42.0,177.08836601576033
evt_inv_003537_0,cust_b2b_007,inv_003537,2026-04-12T18:47:38.231153+00:00,5531333,SEND_REMINDER,0.8500000000000001,0,5.068491977169022,0.3076923076923077,0.7297241401796482,0.0,1.0,-0.9738479386229172,0.2272007756146421,27.0,179.5843910751449
evt_inv_006574_1,cust_b2b_015,inv_006574,2026-04-12T18:56:14.931330+00:00,10330997,WRITE_OFF,0.05,0,21.93275540925453,0.1590909090909091,0.18439450203925278,1.0,1.0,-0.9737529961704502,0.2276073426958611,36.0,173.91606281842326
evt_inv_006888_1,cust_b2b_020,inv_006888,2026-04-12T19:18:33.546465+00:00,4560986,OFFER_PAYMENT_PLAN,0.8500000000000001,0,24.88288180417436,0.39664804469273746,-0.3733375856450008,1.0,1.0,-0.9735062393251783,0.2286604513136205,32.0,163.99697874539874
evt_inv_004038_0,cust_b2b_017,inv_004038,2026-04-12T19:19:44.892619+00:00,5608246,SEND_REMINDER,0.8500000000000001,1,1.9982113452507586,0.29444444444444445,-0.35107300092175103,0.0,1.0,-0.9734930555881467,0.22871657290553624,32.0,177.32064327039294
evt_inv_006786_1,cust_b2b_016,inv_006786,2026-04-12T20:00:55.429913+00:00,12173391,OFFER_PAYMENT_PLAN,0.8500000000000001,0,21.43125532646542,0.2639593908629442,0.5624512085801892,1.0,1.0,-0.9730345406340463,0.2306594518615931,34.0,168.52224005616262
evt_inv_005141_1,cust_b2b_032,inv_005141,2026-04-12T20:01:50.962103+00:00,6721194,OFFER_PAYMENT_PLAN,0.8500000000000001,0,22.42202638343332,0.12556053811659193,0.05873386153482575,1.0,1.0,-0.9730241896707273,0.23070311293006973,47.0,180.76955404604814
evt_inv_005541_1,cust_b2b_033,inv_005541,2026-04-12T20:02:50.877773+00:00,4508381,OFFER_PAYMENT_PLAN,0.8500000000000001,0,23.709575152648743,0.16279069767441862,0.0844993685943401,1.0,1.0,-0.9730130194480691,0.23075021990141525,34.0,161.98368412248018
evt_inv_003648_1,cust_b2b_015,inv_003648,2026-04-12T20:05:25.309332+00:00,10904780,WRITE_OFF,0.05,0,22.049034010201485,0.15819209039548024,0.33348578042809435,1.0,1.0,-0.9729842178862745,0.23087163477619896,36.0,173.9640996008566
evt_inv_001119_0,cust_b2b_012,inv_001119,2026-04-12T20:11:22.075264+00:00,3651666,SEND_REMINDER,0.8500000000000001,0,5.0558118894285835,0.5,-0.12126942148064684,0.0,1.0,-0.9729176229362267,0.2311521122121148,43.0,175.7955776028668
evt_inv_002998_0,cust_b2b_005,inv_002998,2026-04-12T20:25:43.256725+00:00,7670157,SEND_REMINDER,0.8500000000000001,1,1.6847007365662052,0.25274725274725274,-0.0332317618676397,0.0,1.0,-0.9727565392181595,0.23182906506369988,32.0,173.19095281255466
evt_inv_006389_0,cust_b2b_032,inv_006389,2026-04-12T20:46:33.712048+00:00,5871289,SEND_REMINDER,0.8500000000000001,0,7.719139572639355,0.125,-0.26482180535749633,0.0,1.0,-0.9725218034580448,0.23281181627810915,47.0,180.80060439263548
evt_inv_004389_0,cust_b2b_030,inv_004389,2026-04-12T20:47:10.053979+00:00,2539341,SEND_REMINDER,0.8500000000000001,0,1.232325914940063,0.3240223463687151,0.17505036685257935,0.0,1.0,-0.9725149664943997,0.23284037438639507,39.0,180.71285765578128
evt_inv_003598_1,cust_b2b_025,inv_003598,2026-04-12T21:00:47.977022+00:00,8365790,OFFER_PAYMENT_PLAN,0.8500000000000001,0,17.147883791250347,0.23318385650224216,-0.4377189197670948,1.0,1.0,-0.9723608698008069,0.23348305908613176,38.0,173.99406298202393
evt_inv_006892_0,cust_b2b_027,inv_006892,2026-04-12T21:12:33.951746+00:00,3110345,OFFER_PAYMENT_PLAN,0.05,0,6.235503619559796,0.18681318681318682,0.29553024933453687,0.0,1.0,-0.9722275226678723,0.23403769817508444,34.0,165.96550431863338
evt_inv_007937_0,cust_b2b_031,inv_007937,2026-04-12T21:18:08.127399+00:00,18464776,SEND_REMINDER,0.8500000000000001,0,2.8078159771172277,0.3269230769230769,0.8519527424430641,0.0,1.0,-0.9721642920037881,0.23430021202033402,33.0,174.2262361226324
evt_inv_005476_0,cust_b2b_034,inv_005476,2026-04-12T21:19:08.683092+00:00,6794834,SEND_REMINDER,0.8500000000000001,0,9.78685591717056,0.5136986301369864,0.7661034292487673,0.0,1.0,-0.9721528264414985,0.23434778010855112,28.0,162.8116492327916
evt_inv_004003_0,cust_b2b_002,inv_004003,2026-04-12T21:38:41.229381+00:00,3726746,SEND_REMINDER,0.8500000000000001,1,9.911162576804415,0.15294117647058825,-0.04939588403687186,0.0,1.0,-0.971930358717562,0.2352687352861647,32.0,175.47746079252855
evt_inv_004214_1,cust_b2b_025,inv_004214,2026-04-12T21:51:04.699949+00:00,10664986,OFFER_PAYMENT_PLAN,0.8500000000000001,0,18.079284689370724,0.23214285714285715,0.12906414460944965,1.0,1.0,-0.971788847730499,0.23585257138015037,39.0,174.02897875664362
evt_inv_007067_1,cust_b2b_022,inv_007067,2026-04-12T21:58:06.144460+00:00,2252538,OFFER_PAYMENT_PLAN,0.8500000000000001,0,22.006568759679535,0.22929936305732485,0.48876898619611925,1.0,1.0,-0.9717084749112948,0.23618348753790064,31.0,169.46532313262517
evt_inv_007797_0,cust_b2b_034,inv_007797,2026-04-12T22:01:23.684702+00:00,6431084,SEND_REMINDER,0.8500000000000001,0,6.080136781548756,0.5102040816326531,0.59125782300427,0.0,1.0,-0.9716707636286491,0.23633858573943847,29.0,162.84098952920064
evt_inv_003545_1,cust_b2b_007,inv_003545,2026-04-12T22:14:28.451206+00:00,5860367,OFFER_PAYMENT_PLAN,0.8500000000000001,0,24.55101484097139,0.30601092896174864,0.9218462472459972,1.0,1.0,-0.9715207038084335,0.23695468358225394,28.0,179.7280278813223
evt_inv_006248_0,cust_b2b_007,inv_006248,2026-04-12T22:40:42.245531+00:00,4495562,SEND_REMINDER,0.8500000000000001,1,2.0967750861697363,0.30434782608695654,0.12494154501284156,0.0,1.0,-0.9712185921594978,0.23818993732675406,29.0,179.74624309341917
evt_inv_005012_0,cust_b2b_020,inv_005012,2026-04-12T23:37:35.544639+00:00,6611902,SEND_REMINDER,0.8500000000000001,0,9.535328354317857,0.39444444444444443,0.5829486790917721,0.0,1.0,-0.9705579656669665,0.24086767172121618,33.0,164.17686298351404
evt_inv_002730_0,cust_b2b_003,inv_002730,2026-04-12T23:52:24.819075+00:00,4468446,SEND_REMINDER,0.8500000000000001,0,8.002167200824992,0.17297297297297298,-0.16855040900228568,0.0,1.0,-0.9703846386883991,0.24156500780863369,30.0,167.923048313715
evt_inv_000271_1,cust_b2b_036,inv_000271,2026-04-13T00:11:50.061263+00:00,3555325,OFFER_PAYMENT_PLAN,0.8500000000000001,0,24.745286232751994,0.30851063829787234,-0.12370470994250915,1.0,1.0,-0.9701567649354681,0.24247855874272053,34.0,177.46207763735694
evt_inv_008179_1,cust_b2b_000,inv_008179,2026-04-13T00:58:49.512556+00:00,7123974,OFFER_PAYMENT_PLAN,0.8500000000000001,1,21.19751601217687,0.38271604938271603,1.1338310105380198,1.0,1.0,-0.9696018377756902,0.24468812023063996,35.0,172.6889877937298
evt_inv_005687_0,cust_b2b_025,inv_005687,2026-04-13T01:01:20.755395+00:00,11671912,SEND_REMINDER,0.8500000000000001,0,1.4297186327748572,0.2311111111111111,0.37728514701418076,0.0,1.0,-0.9695719277722536,0.24480661117705907,40.0,174.16110902800165
evt_inv_008404_0,cust_b2b_025,inv_008404,2026-04-13T01:05:53.512297+00:00,7992439,SEND_REMINDER,0.8500000000000001,0,5.468542220290537,0.23008849557522124,-0.5297550717561004,0.0,1.0,-0.9695179503665556,0.24502029286782123,41.0,174.16426593659267
evt_inv_002757_1,cust_b2b_030,inv_002757,2026-04-13T01:16:48.918108+00:00,2334255,OFFER_PAYMENT_PLAN,0.8500000000000001,0,21.51110896749332,0.32222222222222224,-0.04099657172478378,1.0,1.0,-0.9693880558755154,0.24553369855457466,39.0,180.9001130276508
evt_inv_002802_0,cust_b2b_009,inv_002802,2026-04-13T01:22:59.774043+00:00,7167715,SEND_REMINDER,0.8500000000000001,0,6.292725955355921,0.1711229946524064,0.5547614068116588,0.0,1.0,-0.9693144357123351,0.2458241744004797,39.0,170.9580942213686
evt_inv_002055_0,cust_b2b_028,inv_002055,2026-04-13T01:24:25.769532+00:00,3968291,SEND_REMINDER,0.8500000000000001,1,3.181624774570219,0.3657142857142857,-0.5709072966786677,0.0,1.0,-0.9692973519558614,0.2458915278966619,45.0,162.85644202603083
evt_inv_000249_1,cust_b2b_020,inv_000249,2026-04-13T01:27:32.228364+00:00,5874872,OFFER_PAYMENT_PLAN,0.8500000000000001,0,17.97801645545075,0.39226519337016574,0.23929138393322,1.0,1.0,-0.9692602942025232,0.24603756234046495,33.0,164.25321348959667
evt_inv_002031_0,cust_b2b_015,inv_002031,2026-04-13T01:37:23.393375+00:00,9160544,SEND_REMINDER,0.8500000000000001,0,1.9972260859787991,0.15730337078651685,-0.11973452181211962,0.0,1.0,-0.9691426576819128,0.2465005254786261,35.0,174.1946329809848
evt_inv_007406_0,cust_b2b_009,inv_007406,2026-04-13T01:44:10.730408+00:00,6969357,SEND_REMINDER,0.8500000000000001,0,7.7560017043112826,0.1702127659574468,0.4702245722138437,0.0,1.0,-0.969061472595069,0.24681949341953582,40.0,170.972804364485
evt_inv_003237_0,cust_b2b_021,inv_003237,2026-04-13T02:08:23.066408+00:00,10685916,SEND_REMINDER,0.8500000000000001,0,7.116279100608139,0.35,0.414920940025951,0.0,1.0,-0.9687711576288145,0.24795653680943072,40.0,175.09469069975617
evt_inv_001806_1,cust_b2b_038,inv_001806,2026-04-13T02:17:35.560996+00:00,5749993,OFFER_PAYMENT_PLAN,0.8500000000000001,1,21.124051435344885,0.30120481927710846,0.8331872658124914,1.0,1.0,-0.9686603662987883,0.2483889988745424,37.0,176.09758155621145
evt_inv_000987_0,cust_b2b_018,inv_000987,2026-04-13T02:32:35.476145+00:00,1716495,SEND_REMINDER,0.8500000000000001,0,9.169009301429623,0.6225165562913907,-0.3916875155039701,0.0,1.0,-0.9684794936776315,0.24909329642910596,30.0,166.53128787713408
evt_inv_003057_0,cust_b2b_035,inv_003057,2026-04-13T02:36:13.517801+00:00,6399835,SEND_REMINDER,0.8500000000000001,0,9.935191620160817,0.3548387096774194,0.5243186926034228,0.0,1.0,-0.9684355927349902,0.24926392182589965,35.0,179.91951525550243
evt_inv_008869_0,cust_b2b_023,inv_008869,2026-04-13T03:00:17.646296+00:00,2651955,SEND_REMINDER,0.8500000000000001,0,1.8323397279314675,0.43352601156069365,0.4449218426099772,0.0,1.0,-0.9681440702090376,0.25039380846793724,33.0,166.41824866588
evt_inv_007103_1,cust_b2b_009,inv_007103,2026-04-13T03:00:46.421522+00:00,5962406,OFFER_PAYMENT_PLAN,0.8500000000000001,0,17.836370748241613,0.1693121693121693,0.0410787385159121,1.0,1.0,-0.9681382480311751,0.2504163187556411,41.0,171.02599523386075
evt_inv_007263_1,cust_b2b_005,inv_007263,2026-04-13T03:16:45.782758+00:00,8509359,OFFER_PAYMENT_PLAN,0.8500000000000001,0,20.16540910546699,0.2568306010928962,0.23666067101251756,1.0,1.0,-0.9679438380042729,0.25116673041937293,32.0,173.4763987157243
evt_inv_005818_1,cust_b2b_030,inv_005818,2026-04-13T03:44:25.278827+00:00,2820287,OFFER_PAYMENT_PLAN,0.8500000000000001,0,23.916329976508337,0.32044198895027626,0.4710108112776745,1.0,1.0,-0.9676061757566853,0.25246443044025546,40.0,181.00261720263916
evt_inv_000235_1,cust_b2b_022,inv_000235,2026-04-13T04:20:41.982316+00:00,1682942,OFFER_PAYMENT_PLAN,0.8500000000000001,0,19.297242618202784,0.22784810126582278,-0.26699708753490364,1.0,1.0,-0.9671606383387753,0.25416589001699796,32.0,169.7310157004014
evt_inv_000408_0,cust_b2b_010,inv_000408,2026-04-13T04:24:47.434351+00:00,2829815,SEND_REMINDER,0.8500000000000001,1,1.5709185378894737,0.16167664670658682,-0.07554518881484124,0.0,1.0,-0.9671102103826126,0.25435770280001124,45.0,172.8574193178515
evt_inv_004346_1,cust_b2b_029,inv_004346,2026-04-13T04:39:58.203209+00:00,5076485,OFFER_PAYMENT_PLAN,0.8500000000000001,1,21.161151922072804,0.23780487804878048,-0.23296229505055904,1.0,1.0,-0.9669227610847436,0.25506935154239085,41.0,177.2595289846505
evt_inv_006938_0,cust_b2b_026,inv_006938,2026-04-13T05:09:15.114155+00:00,6149901,SEND_REMINDER,0.8500000000000001,0,2.0205418197026606,0.3114754098360656,0.7232318326139318,0.0,1.0,-0.9665596842711442,0.25644176091593557,32.0,165.35131023586734
evt_inv_006856_0,cust_b2b_011,inv_006856,2026-04-13T05:13:29.447524+00:00,1792056,SEND_REMINDER,0.8500000000000001,0,8.851229678416782,0.391304347826087,0.24025632311390172,0.0,1.0,-0.9665069632425954,0.256640390436845,27.0,176.01467018274118
evt_inv_008772_0,cust_b2b_000,inv_008772,2026-04-13T05:30:01.094765+00:00,5949265,SEND_REMINDER,0.8500000000000001,0,8.206258201878324,0.38650306748466257,0.5346297902629623,0.0,1.0,-0.9663010138319617,0.2574147444637215,35.0,172.87731629151745
evt_inv_000049_0,cust_b2b_016,inv_000049,2026-04-13T05:45:59.777393+00:00,10005198,WRITE_OFF,0.05,0,7.8400822320228665,0.26262626262626265,0.01700052648567,0.0,1.0,-0.9661013208367846,0.2581632000836297,33.0,168.92854037421225
evt_inv_002664_0,cust_b2b_003,inv_002664,2026-04-13T06:10:16.066652+00:00,5848150,SEND_REMINDER,0.8500000000000001,1,2.1917898858558806,0.17204301075268819,0.5513220666888441,0.0,1.0,-0.9657968675557234,0.25929984693314523,30.0,168.18544701251872
evt_inv_006872_0,cust_b2b_009,inv_006872,2026-04-13T06:29:14.827843+00:00,4146486,SEND_REMINDER,0.8500000000000001,0,1.9335434026650045,0.16842105263157894,-0.7328364138759726,0.0,1.0,-0.9655578652754763,0.2601884102043466,42.0,171.17076845517502
evt_inv_000710_1,cust_b2b_005,inv_000710,2026-04-13T06:43:06.536678+00:00,9545044,OFFER_PAYMENT_PLAN,0.8500000000000001,1,19.723244258145904,0.2554347826086957,0.5697432089074375,1.0,1.0,-0.9653827903058609,0.2608372446206066,33.0,173.61969447867742
evt_inv_001385_0,cust_b2b_038,inv_001385,2026-04-13T07:06:13.220183+00:00,6125532,SEND_REMINDER,0.8500000000000001,0,8.996637240866011,0.30538922155688625,1.0508812713910427,0.0,1.0,-0.9650899235678327,0.261918764940267,38.0,176.29801742643588
evt_inv_007057_1,cust_b2b_004,inv_007057,2026-04-13T07:06:39.776245+00:00,4136730,OFFER_PAYMENT_PLAN,0.8500000000000001,0,18.561128050408087,0.18333333333333332,0.7965062966297406,1.0,1.0,-0.965084303118088,0.2619394736863355,41.0,177.6055979079578
evt_inv_007725_0,cust_b2b_012,inv_007725,2026-04-13T08:18:04.335935+00:00,3943744,SEND_REMINDER,0.8500000000000001,0,1.6820591351546574,0.49707602339181284,0.06899282424305787,0.0,1.0,-0.9641716811791556,0.265279040280533,43.0,176.30023339767286
evt_inv_005354_0,cust_b2b_007,inv_005354,2026-04-13T08:21:02.538390+00:00,4486491,SEND_REMINDER,0.8500000000000001,0,5.05004337061613,0.3081081081081081,0.11964541706140229,0.0,1.0,-0.9641334732179706,0.26541787019839624,29.0,180.14925574224398
evt_inv_007648_0,cust_b2b_033,inv_007648,2026-04-13T08:32:29.209123+00:00,3801387,SEND_REMINDER,0.8500000000000001,1,8.228907833844309,0.16184971098265896,-0.32079605025541513,0.0,1.0,-0.9639860588794543,0.2659527745410022,35.0,162.5042666612555
evt_inv_005751_0,cust_b2b_037,inv_005751,2026-04-13T08:35:23.130854+00:00,3447870,SEND_REMINDER,0.8500000000000001,0,6.958701827284717,0.2849162011173184,0.4754178132847446,0.0,1.0,-0.9639486742926171,0.26608824350110977,38.0,173.57157572571532
evt_inv_006769_0,cust_b2b_009,inv_006769,2026-04-13T08:45:05.440360+00:00,6824949,SEND_REMINDER,0.8500000000000001,0,2.091335931979427,0.16753926701570682,0.40868026791962087,0.0,1.0,-0.9638233679240057,0.2665417705419296,42.0,171.26510424818912
evt_inv_003652_0,cust_b2b_031,inv_003652,2026-04-13T09:16:29.284589+00:00,14311962,SEND_REMINDER,0.8500000000000001,0,7.885263990372687,0.3248407643312102,0.09808305076986644,0.0,1.0,-0.9634165244869285,0.2680085825967659,32.0,174.72509210862745
evt_inv_000541_0,cust_b2b_022,inv_000541,2026-04-13T09:27:51.726384+00:00,2648865,SEND_REMINDER,0.8500000000000001,0,9.48328237639279,0.22641509433962265,1.0146329871087767,0.0,1.0,-0.96326859044081,0.26853979718130233,33.0,169.94432292341028
evt_inv_006957_0,cust_b2b_004,inv_006957,2026-04-13T09:37:46.419501+00:00,2434973,SEND_REMINDER,0.8500000000000001,0,1.1435110807434246,0.18232044198895028,-0.5596014746643861,0.0,1.0,-0.9631394389871477,0.26900264137647867,42.0,177.71053590861325
evt_inv_005291_0,cust_b2b_020,inv_005291,2026-04-13T10:00:34.225387+00:00,4596825,SEND_REMINDER,0.8500000000000001,0,9.070579778719413,0.3901098901098901,-0.356626837174178,0.0,1.0,-0.9628415441528309,0.270066956241211,33.0,164.60948660328617
evt_inv_001409_0,cust_b2b_039,inv_001409,2026-04-13T10:18:46.800282+00:00,8756971,SEND_REMINDER,0.8500000000000001,0,2.2624490266025137,0.41379310344827586,-0.48779512942990827,0.0,1.0,-0.9626027469975832,0.2709168718863903,28.0,166.3255064486058
evt_inv_003739_0,cust_b2b_004,inv_003739,2026-04-13T10:19:59.406906+00:00,3895094,SEND_REMINDER,0.8500000000000001,0,6.118602548864199,0.1813186813186813,0.6039497149090318,0.0,1.0,-0.9625868512420561,0.2709733452129631,43.0,177.7398528924592
evt_inv_006631_0,cust_b2b_016,inv_006631,2026-04-13T10:46:55.338658+00:00,8111587,OFFER_PAYMENT_PLAN,0.05,0,4.765814660920636,0.2613065326633166,-0.45937394858031233,0.0,1.0,-0.9622322182703468,0.2722299728584782,33.0,169.1375167777452
evt_inv_001810_0,cust_b2b_032,inv_001810,2026-04-13T10:52:51.339858+00:00,6340560,SEND_REMINDER,0.8500000000000001,0,8.209882989679514,0.12444444444444444,-0.0861722772562482,0.0,1.0,-0.9621538695797764,0.2725067545083289,45.0,181.3883084182124
evt_inv_004565_1,cust_b2b_013,inv_004565,2026-04-13T10:58:03.383239+00:00,2760065,OFFER_PAYMENT_PLAN,0.8500000000000001,0,24.642071018691087,0.20618556701030927,0.35811036796218654,1.0,1.0,-0.962085129643123,0.27274934155663,35.0,177.15430698992608
evt_inv_000762_0,cust_b2b_028,inv_000762,2026-04-13T11:16:33.715654+00:00,5555890,SEND_REMINDER,0.8500000000000001,1,8.993730669008794,0.3693181818181818,0.20086685315286337,0.0,1.0,-0.9618400388817193,0.2736123893467046,45.0,163.26764510614274
evt_inv_006916_0,cust_b2b_001,inv_006916,2026-04-13T11:22:04.363996+00:00,7097971,SEND_REMINDER,0.8500000000000001,0,2.392546861482844,0.0625,0.06663003887833864,0.0,1.0,-0.9617669031490991,0.27386935572822196,34.0,166.35778668203784
evt_inv_008701_0,cust_b2b_013,inv_008701,2026-04-13T11:22:27.286412+00:00,2320657,SEND_REMINDER,0.8500000000000001,0,9.214905695813258,0.20512820512820512,-0.09690700177395963,0.0,1.0,-0.9617618304211708,0.2738871693689194,36.0,177.17125031369574
evt_inv_007832_0,cust_b2b_010,inv_007832,2026-04-13T11:55:57.630106+00:00,3131587,SEND_REMINDER,0.8500000000000001,0,5.736183120062258,0.16666666666666666,0.1829996409464818,0.0,1.0,-0.9613156584343185,0.27544909665670086,46.0,173.17073176871995
evt_inv_008689_1,cust_b2b_012,inv_008689,2026-04-13T12:06:24.369024+00:00,4260697,WRITE_OFF,0.05,1,18.306253244968346,0.4941860465116279,0.2754594208213761,1.0,1.0,-0.9611760424217363,0.27593589015292774,43.0,176.45879859546736
evt_inv_006585_0,cust_b2b_020,inv_006585,2026-04-13T12:22:51.299556+00:00,6306441,SEND_REMINDER,0.8500000000000001,0,2.1816528251295395,0.3879781420765027,0.4405203241009499,0.0,1.0,-0.9609556883269874,0.276702304059807,34.0,164.70829533209647
evt_inv_006568_0,cust_b2b_018,inv_006568,2026-04-13T12:48:58.937890+00:00,1909141,SEND_REMINDER,0.8500000000000001,1,6.054685162840177,0.618421052631579,-0.15506631383122618,0.0,1.0,-0.9606044221405585,0.27791931232644423,30.0,166.9593372028788
evt_inv_007847_0,cust_b2b_039,inv_007847,2026-04-13T13:23:55.574115+00:00,7913553,SEND_REMINDER,0.8500000000000001,1,2.6631944213960397,0.410958904109589,-0.6815984883387585,0.0,1.0,-0.9601322124517795,0.2795463013750155,29.0,166.45408021982118
evt_inv_005204_1,cust_b2b_016,inv_005204,2026-04-13T13:24:39.128191+00:00,10935993,OFFER_PAYMENT_PLAN,0.8500000000000001,0,22.017966516739467,0.26,0.2511598130014712,1.0,1.0,-0.9601223738718448,0.27958009083390284,33.0,169.2470513788187
evt_inv_001434_1,cust_b2b_013,inv_001434,2026-04-13T13:33:47.349384+00:00,2609554,OFFER_PAYMENT_PLAN,0.8500000000000001,1,22.350691722261747,0.20408163265306123,0.20225217232943724,1.0,1.0,-0.9599984326213703,0.28000537381363305,37.0,177.26245474623943
evt_inv_006603_0,cust_b2b_006,inv_006603,2026-04-13T13:36:42.585735+00:00,5247175,SEND_REMINDER,0.8500000000000001,0,2.6324351113633666,0.3407821229050279,-0.13729635934818282,0.0,1.0,-0.9599587756462407,0.2801413019527298,31.0,176.6956356143022
evt_inv_002748_0,cust_b2b_031,inv_002748,2026-04-13T13:41:10.102766+00:00,10812483,SEND_REMINDER,0.8500000000000001,1,9.333918802939714,0.3227848101265823,-0.5371853990447629,0.0,1.0,-0.9598981979147271,0.2803487999618681,33.0,174.90889787455959
evt_inv_003149_0,cust_b2b_017,inv_003149,2026-04-13T13:42:09.442714+00:00,6565961,SEND_REMINDER,0.8500000000000001,0,4.613978737353172,0.2983425414364641,0.015897342597258446,0.0,1.0,-0.9598847546383347,0.2803948248682632,33.0,178.0862051927855
evt_inv_007382_1,cust_b2b_039,inv_007382,2026-04-13T13:44:09.344600+00:00,12110641,ESCALATE_COLLECTIONS,0.05,0,21.136235716555813,0.41496598639455784,0.2828216782738553,1.0,1.0,-0.959857584513235,0.2804878205063777,30.0,166.46812848932737
evt_inv_007277_1,cust_b2b_024,inv_007277,2026-04-13T14:04:48.920914+00:00,5335893,OFFER_PAYMENT_PLAN,0.8500000000000001,1,21.790828220336785,0.16042780748663102,0.4334102902101116,1.0,1.0,-0.9595761648254809,0.28144907869598995,35.0,171.80463138081964
evt_inv_003923_1,cust_b2b_003,inv_003923,2026-04-13T14:26:10.982911+00:00,4547095,SEND_REMINDER,0.05,0,19.858119610789913,0.17647058823529413,-0.1275144062415993,1.0,1.0,-0.9592840869440186,0.282442986345883,30.0,168.5298326173667
evt_inv_002389_0,cust_b2b_032,inv_002389,2026-04-13T15:04:05.599230+00:00,5884593,SEND_REMINDER,0.8500000000000001,0,4.620870133873046,0.12389380530973451,-0.25975713359971586,0.0,1.0,-0.9587633532062998,0.28420561667323185,46.0,181.56277901279387
evt_inv_004773_0,cust_b2b_024,inv_004773,2026-04-13T15:13:24.416054+00:00,4841069,SEND_REMINDER,0.8500000000000001,0,2.2303069575501455,0.16489361702127658,0.1613803134388847,0.0,1.0,-0.9586349261951669,0.28463850456111345,36.0,171.85226442642025
evt_inv_000458_0,cust_b2b_009,inv_000458,2026-04-13T15:20:45.465058+00:00,6530608,SEND_REMINDER,0.8500000000000001,0,5.755595350151144,0.16666666666666666,0.28323689682057257,0.0,1.0,-0.9585334265196706,0.2849801225427125,42.0,171.5398730525661
evt_inv_008560_0,cust_b2b_035,inv_008560,2026-04-13T15:43:27.336131+00:00,4707150,SEND_REMINDER,0.8500000000000001,1,2.8535164708022576,0.35294117647058826,-0.27558004815354614,0.0,1.0,-0.9582192475771155,0.28603474189815925,35.0,180.46620296765852
evt_inv_002087_0,cust_b2b_026,inv_002087,2026-04-13T15:46:14.264772+00:00,4190511,SEND_REMINDER,0.8500000000000001,0,6.226921218587003,0.30978260869565216,-0.30370625985496863,0.0,1.0,-0.9581806578803251,0.2861639859661366,33.0,165.79366151615582
evt_inv_003662_0,cust_b2b_011,inv_003662,2026-04-13T15:53:53.300383+00:00,1551589,SEND_REMINDER,0.8500000000000001,1,2.7680863016953707,0.3888888888888889,-0.1274450826177573,0.0,1.0,-0.9580744505328043,0.2865193662499365,26.0,176.4593907019353
evt_inv_006664_0,cust_b2b_026,inv_006664,2026-04-13T16:06:40.782003+00:00,5974482,SEND_REMINDER,0.8500000000000001,0,1.1467792747214682,0.3081081081081081,0.6312928633510465,0.0,1.0,-0.9578965834386838,0.2871134539454687,34.0,165.80785731744527
evt_inv_002058_0,cust_b2b_007,inv_002058,2026-04-13T16:10:49.475292+00:00,4834812,SEND_REMINDER,0.8500000000000001,1,9.804343742406305,0.3064516129032258,0.3230284480929217,0.0,1.0,-0.9578388686936963,0.28730593732044596,28.0,180.4754934378733
evt_inv_004646_0,cust_b2b_016,inv_004646,2026-04-13T16:13:10.859635+00:00,10839580,SEND_REMINDER,0.8500000000000001,0,1.3238292692492841,0.25870646766169153,0.22690524610413168,0.0,1.0,-0.9578060401035787,0.28741536065614465,34.0,169.36408530757615
evt_inv_008872_1,cust_b2b_004,inv_008872,2026-04-13T16:46:35.908049+00:00,2473905,OFFER_PAYMENT_PLAN,0.8500000000000001,0,18.68544982204792,0.18032786885245902,-0.528577508165851,1.0,1.0,-0.9573391345163351,0.288966748127729,43.0,178.00833091495664
evt_inv_006937_1,cust_b2b_023,inv_006937,2026-04-13T16:55:06.749562+00:00,2538352,OFFER_PAYMENT_PLAN,0.8500000000000001,0,21.849057891291324,0.43103448275862066,0.31876915599362476,1.0,1.0,-0.9572197756996221,0.2893618858964758,34.0,166.99798365739028
evt_inv_005265_0,cust_b2b_033,inv_005265,2026-04-13T17:02:08.515956+00:00,3230466,SEND_REMINDER,0.8500000000000001,0,3.4582400861299534,0.16666666666666666,-0.6480852250435594,0.0,1.0,-0.957121106491595,0.2896880865833198,36.0,162.85819382366859
evt_inv_005510_0,cust_b2b_033,inv_005510,2026-04-13T17:03:12.289352+00:00,5365711,SEND_REMINDER,0.8500000000000001,0,2.159354404847593,0.1657142857142857,0.5759771401821436,0.0,1.0,-0.9571061774899946,0.28973740699207434,37.0,162.85893194167804
evt_inv_000493_1,cust_b2b_013,inv_000493,2026-04-13T17:14:28.493481+00:00,2399458,OFFER_PAYMENT_PLAN,0.8500000000000001,0,19.560930390003797,0.20812182741116753,-0.015307263666551078,1.0,1.0,-0.9569477254853159,0.2902603153868617,36.0,177.41570872884077
evt_inv_003012_0,cust_b2b_002,inv_003012,2026-04-13T17:15:45.864419+00:00,3837526,SEND_REMINDER,0.8500000000000001,0,4.595522674448212,0.15789473684210525,0.023449884151332354,0.0,1.0,-0.9569295772710663,0.2903201407822376,33.0,176.29487554991113
evt_inv_004736_0,cust_b2b_006,inv_004736,2026-04-13T17:22:11.000175+00:00,4885459,SEND_REMINDER,0.8500000000000001,1,2.00756033202335,0.3388888888888889,-0.30017009165714476,0.0,1.0,-0.9568391837516147,0.29061792174183576,31.0,176.85221448513312
evt_inv_007419_0,cust_b2b_035,inv_007419,2026-04-13T17:42:48.429554+00:00,4207159,SEND_REMINDER,0.8500000000000001,1,4.945277535120587,0.35638297872340424,-0.5118567294439325,0.0,1.0,-0.9565481250269486,0.29157449220984527,36.0,180.54908599338708
evt_inv_007943_1,cust_b2b_013,inv_007943,2026-04-13T18:04:19.671770+00:00,2467650,OFFER_PAYMENT_PLAN,0.8500000000000001,0,21.828343464802515,0.20707070707070707,0.05530752633165983,1.0,1.0,-0.9562433892739237,0.29257235082953276,37.0,177.45032884792911
evt_inv_005029_0,cust_b2b_024,inv_005029,2026-04-13T18:06:12.718996+00:00,5284495,SEND_REMINDER,0.8500000000000001,0,5.223301855438335,0.164021164021164,0.4051543400419238,0.0,1.0,-0.956216660340465,0.29265969740865866,37.0,171.97226793268896
evt_inv_007882_1,cust_b2b_002,inv_007882,2026-04-13T18:43:57.036255+00:00,2817008,OFFER_PAYMENT_PLAN,0.8500000000000001,0,22.92963301956776,0.1569767441860465,-0.6476142080072953,1.0,1.0,-0.9556796041390445,0.2944087196953227,34.0,176.3561159646728
evt_inv_001961_0,cust_b2b_007,inv_001961,2026-04-13T19:13:11.139725+00:00,4466158,SEND_REMINDER,0.8500000000000001,0,5.269436110628028,0.31016042780748665,0.10777284377966669,0.0,1.0,-0.9552613625002643,0.2957629613628771,28.0,180.60213307251072
evt_inv_007920_0,cust_b2b_018,inv_007920,2026-04-13T20:10:09.698593+00:00,1905346,SEND_REMINDER,0.8500000000000001,1,6.4468215868805165,0.6209150326797386,-0.15972728220705354,0.0,1.0,-0.9544407409505028,0.2984005228109615,31.0,167.26571174806008
evt_inv_007325_0,cust_b2b_029,inv_007325,2026-04-13T20:26:14.479305+00:00,5676408,SEND_REMINDER,0.8500000000000001,1,4.497839666327978,0.24242424242424243,0.03494883311635759,0.0,1.0,-0.9542078284089804,0.29914448048228764,41.0,177.91666180984166
evt_inv_006722_0,cust_b2b_025,inv_006722,2026-04-13T20:26:59.749041+00:00,7316142,SEND_REMINDER,0.8500000000000001,0,7.282030298302713,0.2290748898678414,-0.6964713379956363,0.0,1.0,-0.9541968853709787,0.29917938423013585,42.0,174.97058812113337
evt_inv_004594_0,cust_b2b_023,inv_004594,2026-04-13T20:32:24.750347+00:00,2167786,ESCALATE_COLLECTIONS,0.05,1,7.788476517658805,0.42857142857142855,-0.09273460587935128,0.0,1.0,-0.9541182854306459,0.29942995409091,35.0,167.14888644424877
evt_inv_001885_0,cust_b2b_032,inv_001885,2026-04-13T20:56:28.482489+00:00,8727788,WRITE_OFF,0.05,0,6.731926894127317,0.12334801762114538,0.822636829906273,0.0,1.0,-0.9537683307392236,0.30054279442188414,44.0,181.807488309773
evt_inv_007234_0,cust_b2b_027,inv_007234,2026-04-13T21:23:55.716035+00:00,3664737,SEND_REMINDER,0.8500000000000001,1,4.991033639232393,0.18579234972677597,0.793809506515313,0.0,1.0,-0.9533674628848996,0.3018119956403484,33.0,166.97339510901648
evt_inv_003300_0,cust_b2b_009,inv_003300,2026-04-13T21:37:59.834026+00:00,6277494,SEND_REMINDER,0.8500000000000001,0,8.591232662969741,0.16580310880829016,0.17536387267365638,0.0,1.0,-0.9531613852635326,0.30246218547531456,43.0,171.80184491562693
evt_inv_007435_0,cust_b2b_029,inv_007435,2026-04-13T21:45:22.605066+00:00,4823731,SEND_REMINDER,0.8500000000000001,0,4.4230898851962905,0.2469879518072289,-0.3458365974409428,0.0,1.0,-0.9530531126415305,0.30280317779754273,42.0,177.97161696910538
evt_inv_005327_0,cust_b2b_004,inv_005327,2026-04-13T21:48:32.548759+00:00,3277295,SEND_REMINDER,0.8500000000000001,0,5.65077143508501,0.1793478260869565,0.1116336921547552,0.0,1.0,-0.9530066275378432,0.30294944771190235,44.0,178.21801425649676
evt_inv_005234_0,cust_b2b_000,inv_005234,2026-04-13T22:19:33.890674+00:00,6752308,SEND_REMINDER,0.8500000000000001,0,1.4863213600844056,0.38414634146341464,0.9442498302758912,0.0,1.0,-0.9525499118400511,0.3043824328924236,33.0,173.57839031824196
evt_inv_002663_0,cust_b2b_026,inv_002663,2026-04-13T22:19:52.304963+00:00,4418850,SEND_REMINDER,0.8500000000000001,0,3.788249257844491,0.3064516129032258,-0.1840316353415664,0.0,1.0,-0.9525453827779715,0.3043966060066499,35.0,166.06701846281828
evt_inv_006779_0,cust_b2b_007,inv_006779,2026-04-13T22:46:44.729925+00:00,5552969,SEND_REMINDER,0.8500000000000001,0,6.607283546216787,0.30851063829787234,0.7423575933149079,0.0,1.0,-0.9521479833502504,0.30563739594828926,28.0,180.75043851464332
evt_inv_000237_0,cust_b2b_038,inv_000237,2026-04-13T22:53:27.387590+00:00,3045914,SEND_REMINDER,0.8500000000000001,1,6.605187327530386,0.30357142857142855,-0.7343281445049978,0.0,1.0,-0.9520484918201612,0.30594716737200983,38.0,176.95582028993917
evt_inv_005061_0,cust_b2b_032,inv_005061,2026-04-13T23:07:33.115100+00:00,5577403,SEND_REMINDER,0.8500000000000001,0,4.2098514136082095,0.12280701754385964,-0.37670325280076444,0.0,1.0,-0.9518391953053789,0.3065976945125464,44.0,181.89851415017765
evt_inv_002193_0,cust_b2b_021,inv_002193,2026-04-13T23:42:38.853942+00:00,9911715,SEND_REMINDER,0.8500000000000001,0,8.84456459785229,0.34806629834254144,0.20373327541494043,0.0,1.0,-0.9513161463677274,0.30821679003593655,36.0,175.99348453695643
evt_inv_004625_0,cust_b2b_001,inv_004625,2026-04-13T23:44:51.561893+00:00,4889911,SEND_REMINDER,0.8500000000000001,0,2.215291109334842,0.062111801242236024,-0.7318054785080735,0.0,1.0,-0.9512830904883754,0.3083187988931024,33.0,166.87361073176385
evt_inv_006502_0,cust_b2b_035,inv_006502,2026-04-13T23:46:04.223827+00:00,5056324,SEND_REMINDER,0.8500000000000001,0,7.623303057606034,0.35978835978835977,-0.11057356227548579,0.0,1.0,-0.9512649866812656,0.308374650570198,37.0,180.8013521308129
evt_inv_008817_1,cust_b2b_001,inv_008817,2026-04-14T00:00:03.613422+00:00,4821623,SEND_REMINDER,0.05,0,20.628048174385242,0.06172839506172839,-0.7564984174210837,1.0,1.0,-0.9510556140456835,0.30901977119949453,34.0,166.88416688372521
evt_inv_002926_0,cust_b2b_007,inv_002926,2026-04-14T00:17:26.653675+00:00,5698838,SEND_REMINDER,0.8500000000000001,0,1.7439962578710464,0.30687830687830686,0.8275298039034813,0.0,1.0,-0.950794834345093,0.3098212113182166,29.0,180.81342374322764
evt_inv_001040_0,cust_b2b_021,inv_001040,2026-04-14T00:19:32.837087+00:00,6913948,SEND_REMINDER,0.8500000000000001,0,2.5272328067907273,0.34615384615384615,-0.6140024707278474,0.0,1.0,-0.9507632403191405,0.3099181518689222,37.0,176.01910934187765
evt_inv_007662_0,cust_b2b_014,inv_007662,2026-04-14T00:32:51.674190+00:00,10906979,OFFER_PAYMENT_PLAN,0.05,1,4.388808914323652,0.26143790849673204,0.0725163125004708,0.0,1.0,-0.9505629967359001,0.3105317845832618,24.0,180.26172288359444
evt_inv_004912_0,cust_b2b_020,inv_004912,2026-04-14T00:43:51.872812+00:00,4642413,ESCALATE_COLLECTIONS,0.05,1,8.852139989536193,0.3858695652173913,-0.335370312320691,0.0,1.0,-0.9503972065895523,0.31103882347188716,33.0,165.22288530034004
evt_inv_002052_1,cust_b2b_020,inv_002052,2026-04-14T01:19:42.059389+00:00,4840808,OFFER_PAYMENT_PLAN,0.8500000000000001,0,20.222029676222316,0.3891891891891892,-0.24286421992649976,1.0,1.0,-0.9498553736630345,0.31268957309679685,32.0,165.2477717190539
evt_inv_006921_0,cust_b2b_000,inv_006921,2026-04-14T01:33:10.075339+00:00,3539444,SEND_REMINDER,0.8500000000000001,0,2.750095843806936,0.38181818181818183,-0.6945831629606284,0.0,1.0,-0.9496510176728603,0.3133096625271884,34.0,173.7128369000097
evt_inv_001078_0,cust_b2b_023,inv_001078,2026-04-14T01:37:24.127740+00:00,2724099,SEND_REMINDER,0.8500000000000001,0,5.337504268141089,0.4318181818181818,0.5250362060245851,0.0,1.0,-0.9495866814148889,0.313504600411953,35.0,167.3606847937102
evt_inv_006885_0,cust_b2b_033,inv_006885,2026-04-14T02:27:08.907320+00:00,4517548,SEND_REMINDER,0.8500000000000001,0,5.6605326757603205,0.16477272727272727,0.08975467157827086,0.0,1.0,-0.9488278194726697,0.3157938710531584,37.0,163.2505594644609
evt_inv_007173_1,cust_b2b_013,inv_007173,2026-04-14T02:34:57.052822+00:00,3521001,OFFER_PAYMENT_PLAN,0.8500000000000001,0,18.51573760612179,0.20603015075376885,1.1460764408313424,1.0,1.0,-0.9487082955366914,0.31615276367583095,37.0,177.80492816565894
evt_inv_004390_0,cust_b2b_018,inv_004390,2026-04-14T02:35:52.294918+00:00,2364642,SEND_REMINDER,0.8500000000000001,1,5.075286369639382,0.6233766233766234,0.40440970997676745,0.0,1.0,-0.9486941825208474,0.31619511073244194,32.0,167.53356587218468
evt_inv_002773_0,cust_b2b_019,inv_002773,2026-04-14T02:42:01.992030+00:00,4525025,ESCALATE_COLLECTIONS,0.05,0,6.35353357589746,0.3772455089820359,0.8208364886674915,0.0,1.0,-0.9485996852211395,0.31647849405347456,38.0,176.05075585179466
evt_inv_000106_0,cust_b2b_023,inv_000106,2026-04-14T03:03:28.827416+00:00,2738146,SEND_REMINDER,0.8500000000000001,0,5.61242691452185,0.4293785310734463,0.5406343732690515,0.0,1.0,-0.9482701005706027,0.3174646694733433,36.0,167.4204614103283
evt_inv_005828_0,cust_b2b_000,inv_005828,2026-04-14T04:01:06.055896+00:00,5781821,OFFER_PAYMENT_PLAN,0.05,1,6.396248919582874,0.3795180722891566,0.4492193198144536,0.0,1.0,-0.9473795579679721,0.32011243828444064,35.0,173.8155681564621
evt_inv_004385_0,cust_b2b_017,inv_004385,2026-04-14T04:25:36.218363+00:00,5558460,SEND_REMINDER,0.8500000000000001,1,8.841365546605141,0.2967032967032967,-0.3701493008959521,0.0,1.0,-0.9469986200999326,0.3212376278221831,34.0,178.69970954057928
evt_inv_004674_1,cust_b2b_032,inv_004674,2026-04-14T04:29:07.688856+00:00,7613770,OFFER_PAYMENT_PLAN,0.8500000000000001,0,21.263478919554544,0.1222707423580786,0.39853432186288057,1.0,1.0,-0.9469437154445427,0.32139943960760886,45.0,182.121830976059
evt_inv_002281_1,cust_b2b_008,inv_002281,2026-04-14T04:49:45.948362+00:00,6512564,SEND_REMINDER,0.05,0,19.732095817410176,0.27710843373493976,-0.48247315836858606,1.0,1.0,-0.9466216679021233,0.32234673545454456,38.0,166.3699572479346
evt_inv_003760_1,cust_b2b_011,inv_003760,2026-04-14T04:54:01.085845+00:00,1685428,OFFER_PAYMENT_PLAN,0.8500000000000001,1,21.025834676054373,0.39263803680981596,0.07721056382289321,1.0,1.0,-0.9465551937814378,0.32254188119589156,26.0,177.00114747812594
evt_inv_004802_0,cust_b2b_033,inv_004802,2026-04-14T05:14:00.348704+00:00,6215773,SEND_REMINDER,0.8500000000000001,0,9.528028463059616,0.1638418079096045,1.0632882415704006,0.0,1.0,-0.9462421960933147,0.3234589716370545,38.0,163.36643262862444
evt_inv_006386_0,cust_b2b_032,inv_006386,2026-04-14T05:21:15.975135+00:00,7969838,SEND_REMINDER,0.8500000000000001,0,9.872579886218702,0.12173913043478261,0.5340880044297381,0.0,1.0,-0.946128281182208,0.32379202514453725,46.0,182.15803799318337
evt_inv_001067_0,cust_b2b_005,inv_001067,2026-04-14T05:43:15.462736+00:00,11319542,SEND_REMINDER,0.8500000000000001,0,2.5221134471208972,0.2594594594594595,1.1404323968617331,0.0,1.0,-0.9457825241924276,0.32480058025225267,31.0,174.57813112287656
evt_inv_006936_0,cust_b2b_011,inv_006936,2026-04-14T05:50:56.665303+00:00,1507026,OFFER_PAYMENT_PLAN,0.05,1,7.2850734758526805,0.39634146341463417,-0.1955874075811331,0.0,1.0,-0.9456614176257436,0.32515301507762306,27.0,177.04067964777914
evt_inv_002556_0,cust_b2b_034,inv_002556,2026-04-14T06:05:07.980600+00:00,5453795,SEND_REMINDER,0.8500000000000001,0,9.391852936521506,0.5067567567567568,0.1215002571359956,0.0,1.0,-0.9454375269465559,0.3258034417270331,28.0,164.17691887986976
evt_inv_007444_0,cust_b2b_015,inv_007444,2026-04-14T06:06:38.363819+00:00,11707102,SEND_REMINDER,0.8500000000000001,0,3.336710513841324,0.1564245810055866,0.541960228415582,0.0,1.0,-0.9454137304454451,0.32587248776972155,34.0,175.38161180556506
evt_inv_004457_0,cust_b2b_012,inv_004457,2026-04-14T06:28:44.566522+00:00,4394341,SEND_REMINDER,0.8500000000000001,0,6.070012190530308,0.49710982658959535,0.3625166993456526,0.0,1.0,-0.9450639820709261,0.32688540773831454,41.0,177.2243101405819
evt_inv_002410_0,cust_b2b_016,inv_002410,2026-04-14T06:44:45.506906+00:00,9141387,SEND_REMINDER,0.8500000000000001,0,5.265294994538817,0.25742574257425743,-0.20030781972836906,0.0,1.0,-0.9448098831974531,0.3276191151511386,34.0,169.9693474287583
evt_inv_004874_1,cust_b2b_000,inv_004874,2026-04-14T06:46:44.035089+00:00,6379309,OFFER_PAYMENT_PLAN,0.8500000000000001,0,22.87532016084588,0.38323353293413176,0.7539886981694227,1.0,1.0,-0.9447785016433192,0.3277096013738455,36.0,173.93059106378465
evt_inv_005216_1,cust_b2b_009,inv_005216,2026-04-14T06:56:02.849954+00:00,5797124,OFFER_PAYMENT_PLAN,0.8500000000000001,0,16.23483669816986,0.16494845360824742,-0.029361982128163794,1.0,1.0,-0.9446304329306687,0.3281361686574909,42.0,172.18937982219768
evt_inv_003637_0,cust_b2b_027,inv_003637,2026-04-14T07:27:50.519814+00:00,3228561,SEND_REMINDER,0.8500000000000001,0,1.3870580470001648,0.19021739130434784,0.4017807726207818,0.0,1.0,-0.9441235084310926,0.3295918700874835,32.0,167.3927794120178
evt_inv_008877_0,cust_b2b_038,inv_008877,2026-04-14T07:34:24.667640+00:00,4928294,ESCALATE_COLLECTIONS,0.05,0,6.283594748420587,0.3076923076923077,0.35685990302181986,0.0,1.0,-0.9440184919910294,0.3298925382287128,39.0,177.31759436459944
evt_inv_002569_1,cust_b2b_028,inv_002569,2026-04-14T07:35:59.367513+00:00,3495691,OFFER_PAYMENT_PLAN,0.8500000000000001,0,18.189929367956847,0.3728813559322034,-0.8006510680935083,1.0,1.0,-0.9439932459636589,0.3299647732334395,45.0,164.1144697804372
evt_inv_004122_1,cust_b2b_034,inv_004122,2026-04-14T07:44:34.639997+00:00,4307991,OFFER_PAYMENT_PLAN,0.8500000000000001,1,20.958587817846883,0.5033557046979866,-0.4292586412372183,1.0,1.0,-0.9438557826818805,0.33035777801949007,29.0,164.24597743770812
evt_inv_001116_0,cust_b2b_023,inv_001116,2026-04-14T07:53:49.889554+00:00,2441914,SEND_REMINDER,0.8500000000000001,0,2.783284446870363,0.42696629213483145,0.2116774879105202,0.0,1.0,-0.9437074712534985,0.33078120971471037,37.0,167.62209407396665
evt_inv_006691_0,cust_b2b_034,inv_006691,2026-04-14T08:01:16.238129+00:00,4873993,SEND_REMINDER,0.8500000000000001,1,5.463358981412466,0.5066666666666667,-0.1571958998540275,0.0,1.0,-0.9435881103860225,0.33112154556617923,30.0,164.25757000867847
evt_inv_001251_0,cust_b2b_009,inv_001251,2026-04-14T08:21:55.773598+00:00,5386718,SEND_REMINDER,0.8500000000000001,0,7.524870277050357,0.1641025641025641,-0.20426993191416806,0.0,1.0,-0.9432559947878107,0.33206645162807036,43.0,172.24902014215368
evt_inv_000654_0,cust_b2b_010,inv_000654,2026-04-14T08:38:13.972527+00:00,3215340,SEND_REMINDER,0.8500000000000001,0,4.213371565760443,0.16568047337278108,0.25475510818632746,0.0,1.0,-0.9429932325078514,0.332811904000433,45.0,174.03342091711158
evt_inv_007702_0,cust_b2b_018,inv_007702,2026-04-14T08:53:07.332322+00:00,1267273,WRITE_OFF,0.05,0,7.3456908179132725,0.6258064516129033,-0.9434513190874599,0.0,1.0,-0.9427527448788051,0.33349252169048504,32.0,167.79554547176764
evt_inv_003950_0,cust_b2b_032,inv_003950,2026-04-14T09:09:59.154903+00:00,7876943,SEND_REMINDER,0.8500000000000001,0,7.63818096502106,0.12121212121212122,0.4987231803382253,0.0,1.0,-0.942479774439346,0.33426318189827503,47.0,182.31687109235187
evt_inv_003732_0,cust_b2b_030,inv_003732,2026-04-14T09:17:42.830364+00:00,2436312,SEND_REMINDER,0.8500000000000001,0,5.273889769152268,0.31868131868131866,0.06651500681932895,0.0,1.0,-0.942354473135055,0.33461626822728285,38.0,182.23407034542845
evt_inv_005617_0,cust_b2b_034,inv_005617,2026-04-14T09:51:19.000685+00:00,8415821,SEND_REMINDER,0.8500000000000001,0,8.457265037307675,0.5099337748344371,1.5452701859991564,0.0,1.0,-0.9418080956287811,0.3361510241068571,31.0,164.3339908715916
evt_inv_008805_0,cust_b2b_026,inv_008805,2026-04-14T10:18:09.608280+00:00,3650645,SEND_REMINDER,0.8500000000000001,0,6.518830622365279,0.3048128342245989,-0.5866563571239714,0.0,1.0,-0.9413698286817066,0.3373764153697977,36.0,166.56582984380307
evt_inv_003933_1,cust_b2b_032,inv_003933,2026-04-14T10:21:32.930831+00:00,8181552,WRITE_OFF,0.05,0,23.023281644700887,0.1206896551724138,0.6146867139591898,1.0,1.0,-0.9413143886570068,0.3375310677660438,47.0,182.36656757299843
evt_inv_001516_0,cust_b2b_001,inv_001516,2026-04-14T10:59:38.121942+00:00,5716648,SEND_REMINDER,0.8500000000000001,0,5.297726144395922,0.06134969325153374,-0.43285724159877537,0.0,1.0,-0.9406895377320743,0.33926861570356964,32.0,167.34220517677392
evt_inv_005756_0,cust_b2b_032,inv_005756,2026-04-14T11:40:03.105472+00:00,5298613,SEND_REMINDER,0.8500000000000001,0,4.585617936194389,0.12017167381974249,-0.48283761023385785,0.0,1.0,-0.9400229551397976,0.3411111898050868,47.0,182.42108348319644
evt_inv_006847_1,cust_b2b_005,inv_006847,2026-04-14T11:40:06.924075+00:00,7124611,OFFER_PAYMENT_PLAN,0.8500000000000001,1,21.175436746291012,0.25806451612903225,-0.20868253063970998,1.0,1.0,-0.9400219026307346,0.3411140902608594,32.0,174.82594896243882
evt_inv_008887_0,cust_b2b_027,inv_008887,2026-04-14T11:47:04.620547+00:00,3020092,SEND_REMINDER,0.8500000000000001,0,4.111003903021055,0.1891891891891892,0.2144117296537274,0.0,1.0,-0.9399067202652305,0.34143133599635767,33.0,167.57280372605297
evt_inv_001163_0,cust_b2b_023,inv_001163,2026-04-14T11:47:49.913836+00:00,1886640,SEND_REMINDER,0.8500000000000001,0,2.5827562396002834,0.4245810055865922,-0.40493875976393257,0.0,1.0,-0.9398942239283006,0.3414657344832971,38.0,167.784594355002
evt_inv_008280_0,cust_b2b_030,inv_008280,2026-04-14T12:36:04.957842+00:00,1787258,SEND_REMINDER,0.8500000000000001,1,2.9394934761779314,0.31693989071038253,-0.6172266645821771,0.0,1.0,-0.939092875369344,0.34366345664114134,39.0,182.3718264504985
evt_inv_001262_0,cust_b2b_012,inv_001262,2026-04-14T12:39:13.032856+00:00,4471322,SEND_REMINDER,0.8500000000000001,1,6.003393906343654,0.4942528735632184,0.4126623875985514,0.0,1.0,-0.9390406383682454,0.3438061655831061,42.0,177.48158405648624
evt_inv_001828_0,cust_b2b_017,inv_001828,2026-04-14T12:47:44.585892+00:00,6895730,SEND_REMINDER,0.8500000000000001,0,3.9008669255563646,0.3005464480874317,0.14225607600504822,0.0,1.0,-0.9388984470710586,0.34419428537899127,32.0,179.0484174980861
evt_inv_003233_1,cust_b2b_016,inv_003233,2026-04-14T13:00:23.434855+00:00,7630894,OFFER_PAYMENT_PLAN,0.8500000000000001,0,16.751275441945765,0.2561576354679803,-0.5803013814209041,1.0,1.0,-0.9386872219149915,0.34476992243163473,35.0,170.2302030763158
evt_inv_004579_1,cust_b2b_014,inv_004579,2026-04-14T13:26:27.846234+00:00,9455359,OFFER_PAYMENT_PLAN,0.8500000000000001,0,18.543828366195125,0.2662337662337662,-0.26986220272885103,1.0,1.0,-0.9382506552814416,0.3459562224674466,23.0,180.7989470970676
evt_inv_003076_0,cust_b2b_029,inv_003076,2026-04-14T13:30:01.254695+00:00,4600623,SEND_REMINDER,0.8500000000000001,0,1.3220460522442592,0.24550898203592814,-0.44547135559386086,0.0,1.0,-0.9381909850209489,0.3461180082362397,40.0,178.62761985832938
evt_inv_003469_1,cust_b2b_013,inv_003469,2026-04-14T13:44:35.780246+00:00,3121222,OFFER_PAYMENT_PLAN,0.8500000000000001,0,19.293842437885967,0.205,0.7320958109873275,1.0,1.0,-0.9379461711577394,0.34678088184116607,37.0,178.2699597330611
evt_inv_004222_0,cust_b2b_015,inv_004222,2026-04-14T13:56:08.571887+00:00,10571274,SEND_REMINDER,0.8500000000000001,0,5.709550879595921,0.15555555555555556,0.24682794539746297,0.0,1.0,-0.9377518992372219,0.34730588171953436,35.0,175.7076558804239
evt_inv_004751_0,cust_b2b_010,inv_004751,2026-04-14T14:18:48.770475+00:00,4160961,OFFER_PAYMENT_PLAN,0.05,0,2.8470382260794067,0.16470588235294117,1.0649200536027967,0.0,1.0,-0.9373696189440318,0.3483363281093727,46.0,174.26993478225077
evt_inv_005534_1,cust_b2b_021,inv_005534,2026-04-14T14:40:20.150546+00:00,6376664,OFFER_PAYMENT_PLAN,0.8500000000000001,0,22.96987776906954,0.3442622950819672,-0.7605634357665934,1.0,1.0,-0.9370056320899266,0.34931425025577906,37.0,176.6168791735811
evt_inv_004666_0,cust_b2b_028,inv_004666,2026-04-14T14:49:32.978911+00:00,4232334,SEND_REMINDER,0.8500000000000001,0,3.0218122324127177,0.3707865168539326,-0.4425492111362795,0.0,1.0,-0.9368495006602067,0.34973277386130325,45.0,164.41555324568697
evt_inv_008208_0,cust_b2b_000,inv_008208,2026-04-14T14:56:31.887767+00:00,5634857,SEND_REMINDER,0.8500000000000001,1,3.5271006624753243,0.38095238095238093,0.37425509830685594,0.0,1.0,-0.9367310666783025,0.3500498660472957,36.0,174.27072824755524
evt_inv_003044_1,cust_b2b_027,inv_003044,2026-04-14T14:59:24.349432+00:00,1832628,OFFER_PAYMENT_PLAN,0.8500000000000001,0,17.538578311268182,0.1881720430107527,-0.8528625034577203,1.0,1.0,-0.9366822770988945,0.350180398892956,33.0,167.70636540295874
evt_inv_007335_1,cust_b2b_030,inv_007335,2026-04-14T14:59:57.817725+00:00,2727673,OFFER_PAYMENT_PLAN,0.8500000000000001,0,22.708777214293992,0.32065217391304346,0.37344706381125925,1.0,1.0,-0.9366728067772967,0.3502057295989615,40.0,182.47174381025494
evt_inv_001589_0,cust_b2b_020,inv_001589,2026-04-14T15:11:01.747355+00:00,5314595,SEND_REMINDER,0.8500000000000001,0,8.137874627833583,0.3870967741935484,-0.021950280156109305,0.0,1.0,-0.9364847970333283,0.3507081763025291,33.0,165.82508292235835
evt_inv_004107_1,cust_b2b_015,inv_004107,2026-04-14T15:41:01.406741+00:00,7733281,OFFER_PAYMENT_PLAN,0.8500000000000001,0,20.263769835246716,0.15469613259668508,-0.4905930391486819,1.0,1.0,-0.9359738192259519,0.3520696092019092,36.0,175.78048961716885
evt_inv_000115_0,cust_b2b_032,inv_000115,2026-04-14T16:11:13.667787+00:00,5642024,SEND_REMINDER,0.8500000000000001,0,4.283645684116105,0.11965811965811966,-0.352102385025993,0.0,1.0,-0.9354572633834567,0.35343982285975384,48.0,182.6094001766479
evt_inv_007185_0,cust_b2b_037,inv_007185,2026-04-14T16:15:04.056174+00:00,3396132,SEND_REMINDER,0.8500000000000001,1,7.026587406751355,0.2833333333333333,0.4307695337371007,0.0,1.0,-0.9353914511458512,0.35361396058874534,38.0,174.89079939839993
evt_inv_001066_0,cust_b2b_008,inv_001066,2026-04-14T16:20:47.783032+00:00,7146170,SEND_REMINDER,0.8500000000000001,0,5.250032532478863,0.2754491017964072,-0.28618828725332307,0.0,1.0,-0.9352932026325966,0.3538737417628788,38.0,166.84983959365215
evt_inv_000031_0,cust_b2b_016,inv_000031,2026-04-14T16:28:11.369220+00:00,10984048,SEND_REMINDER,0.8500000000000001,0,6.950339779966262,0.2549019607843137,0.2632491729413428,0.0,1.0,-0.9351663043857072,0.3542089540674807,35.0,170.3745078722169
evt_inv_002875_0,cust_b2b_012,inv_002875,2026-04-14T16:34:39.409762+00:00,4970331,SEND_REMINDER,0.8500000000000001,0,8.537748414134127,0.49714285714285716,0.7377219378409643,0.0,1.0,-0.9350551977581526,0.35450215393628026,43.0,177.6450837891865
evt_inv_003021_0,cust_b2b_036,inv_003021,2026-04-14T16:38:58.952861+00:00,3442912,WRITE_OFF,0.05,0,6.685854996732901,0.30687830687830686,-0.19883888973152003,0.0,1.0,-0.9349808321592904,0.354698242869514,31.0,179.147597216044
evt_inv_005378_0,cust_b2b_021,inv_005378,2026-04-14T16:43:33.560106+00:00,9994629,SEND_REMINDER,0.8500000000000001,0,7.551128293382594,0.3423913043478261,0.22635065416179664,0.0,1.0,-0.9349021055348369,0.35490569601871536,38.0,176.70245104348464
evt_inv_006542_1,cust_b2b_032,inv_006542,2026-04-14T17:07:20.354720+00:00,8112751,WRITE_OFF,0.05,0,16.501930524849232,0.11914893617021277,0.5884944370161423,1.0,1.0,-0.9344923197234902,0.3559832922734017,49.0,182.64836646059692
evt_inv_005133_0,cust_b2b_035,inv_005133,2026-04-14T18:13:50.936101+00:00,5003178,SEND_REMINDER,0.8500000000000001,0,6.700467607446465,0.35789473684210527,-0.13568819504970817,0.0,1.0,-0.9333396023568235,0.35899468891949743,34.0,181.5706427821217
evt_inv_006197_1,cust_b2b_012,inv_006197,2026-04-14T18:16:24.174521+00:00,4886972,OFFER_PAYMENT_PLAN,0.8500000000000001,0,17.101250888501813,0.4943181818181818,0.6834211641589492,1.0,1.0,-0.933295144430457,0.3591102524052083,44.0,177.7157407887131
evt_inv_001547_0,cust_b2b_031,inv_001547,2026-04-14T18:24:28.413966+00:00,12462964,SEND_REMINDER,0.8500000000000001,0,8.219466071478333,0.3270440251572327,-0.23756986882052888,0.0,1.0,-0.9331545615841892,0.35947540137625505,33.0,176.10563758751735
evt_inv_006112_1,cust_b2b_011,inv_006112,2026-04-14T18:28:26.130898+00:00,822996,OFFER_PAYMENT_PLAN,0.8500000000000001,0,17.369311096043322,0.4,-1.2415454251671443,1.0,1.0,-0.9330854960829317,0.3596546357266499,28.0,177.566715129195
evt_inv_004846_1,cust_b2b_033,inv_004846,2026-04-14T18:43:03.291585+00:00,3551691,OFFER_PAYMENT_PLAN,0.8500000000000001,0,20.299120356301668,0.16292134831460675,-0.4639380527772138,1.0,1.0,-0.9328303508183281,0.3603158844571733,37.0,163.9282722453061
evt_inv_000496_0,cust_b2b_027,inv_000496,2026-04-14T18:43:10.063716+00:00,2882055,SEND_REMINDER,0.8500000000000001,0,8.628342311146696,0.18716577540106952,0.09034678651208197,0.0,1.0,-0.9328283791428136,0.3603209889331889,34.0,167.8617556145822
evt_inv_005986_0,cust_b2b_027,inv_005986,2026-04-14T18:59:21.777741+00:00,3003034,SEND_REMINDER,0.8500000000000001,0,9.593342724875303,0.18617021276595744,0.19908022054273347,0.0,1.0,-0.9325451794515877,0.36105330393392904,35.0,167.87300230468017
evt_inv_000287_0,cust_b2b_020,inv_000287,2026-04-14T18:59:38.013494+00:00,5451114,WRITE_OFF,0.05,0,7.161174558211282,0.3850267379679144,0.041704660617123496,0.0,1.0,-0.9325404427638133,0.36106553783194406,34.0,165.9838360026785
evt_inv_006113_0,cust_b2b_035,inv_006113,2026-04-14T19:07:51.752350+00:00,8112057,SEND_REMINDER,0.8500000000000001,0,7.188871974530842,0.35602094240837695,1.3334498556261352,0.0,1.0,-0.9323963206446488,0.3614375481993,35.0,181.60815222945794
evt_inv_006336_1,cust_b2b_005,inv_006336,2026-04-14T19:14:39.874478+00:00,7582760,OFFER_PAYMENT_PLAN,0.8500000000000001,0,20.361300148188352,0.2620320855614973,-0.06133902628857148,1.0,1.0,-0.9322770779701396,0.36174500672636545,33.0,175.1416081106304
evt_inv_008648_0,cust_b2b_010,inv_008648,2026-04-14T19:26:35.974226+00:00,2740650,SEND_REMINDER,0.8500000000000001,0,5.284137263707351,0.16374269005847952,-0.15193760667921763,0.0,1.0,-0.9320676072381026,0.3622843848931917,47.0,174.48367556640815
evt_inv_005927_0,cust_b2b_002,inv_005927,2026-04-14T19:31:38.286784+00:00,4007820,SEND_REMINDER,0.8500000000000001,0,3.325229782791669,0.15606936416184972,0.13543021168963476,0.0,1.0,-0.9319790822530456,0.3625120553068144,32.0,177.3892322902443
evt_inv_006247_0,cust_b2b_004,inv_006247,2026-04-14T19:41:07.400837+00:00,2801949,SEND_REMINDER,0.8500000000000001,0,2.018303697296949,0.1783783783783784,-0.26716301974891277,0.0,1.0,-0.9318122799627254,0.36294059418955515,41.0,179.1295287481505
evt_inv_000843_0,cust_b2b_000,inv_000843,2026-04-14T19:49:38.861584+00:00,5509992,SEND_REMINDER,0.8500000000000001,0,4.26168931304461,0.38461538461538464,0.3105630602356725,0.0,1.0,-0.931662207227712,0.363325655058362,37.0,174.47428118525704
evt_inv_004768_1,cust_b2b_001,inv_004768,2026-04-14T19:55:31.895190+00:00,7393760,OFFER_PAYMENT_PLAN,0.8500000000000001,0,24.96434016834898,0.06097560975609756,0.17358745629892097,1.0,1.0,-0.9315585273362165,0.3635914054913561,33.0,167.71435533011035
evt_inv_001483_0,cust_b2b_032,inv_001483,2026-04-14T20:04:22.299787+00:00,9163417,SEND_REMINDER,0.8500000000000001,0,9.149810741205222,0.11864406779661017,0.9884790064208535,0.0,1.0,-0.931402614142493,0.3639906185171951,48.0,182.77130563961737
evt_inv_004428_0,cust_b2b_019,inv_004428,2026-04-14T20:28:34.458775+00:00,3237806,SEND_REMINDER,0.8500000000000001,0,6.923691253072446,0.375,-0.12383137542188205,0.0,1.0,-0.9309748746272342,0.3650832546321534,38.0,176.79140940207796
evt_inv_002794_0,cust_b2b_034,inv_002794,2026-04-14T20:30:38.331573+00:00,5135297,SEND_REMINDER,0.8500000000000001,0,1.1197384264674919,0.506578947368421,-0.031593997575692846,0.0,1.0,-0.9309383280341763,0.3651764359825704,32.0,164.7779646087216
evt_inv_001138_0,cust_b2b_037,inv_001138,2026-04-14T20:37:36.563195+00:00,2500437,SEND_REMINDER,0.8500000000000001,0,3.6939277104983175,0.287292817679558,-0.3421905228129441,0.0,1.0,-0.9308148669022468,0.3654910170630089,37.0,175.07312008152041
evt_inv_006411_0,cust_b2b_016,inv_006411,2026-04-14T20:41:06.996958+00:00,8931473,SEND_REMINDER,0.8500000000000001,0,8.230059853106718,0.25365853658536586,-0.25311572368554136,0.0,1.0,-0.9307527070796748,0.36564928314418577,35.0,170.55015171177672
evt_inv_004116_0,cust_b2b_012,inv_004116,2026-04-14T20:42:10.239739+00:00,4492028,SEND_REMINDER,0.8500000000000001,1,1.6429015675532495,0.4915254237288136,0.4261509579351138,0.0,1.0,-0.9307340205979017,0.3656968456271736,44.0,177.81696839540334
evt_inv_000973_0,cust_b2b_026,inv_000973,2026-04-14T20:47:37.450545+00:00,4808024,SEND_REMINDER,0.8500000000000001,0,8.70147169394065,0.30319148936170215,0.019939179504218155,0.0,1.0,-0.930637300092181,0.36594291313965316,35.0,167.00295764778738
evt_inv_001745_0,cust_b2b_035,inv_001745,2026-04-14T20:49:53.952956+00:00,5755695,SEND_REMINDER,0.8500000000000001,1,8.454286180757064,0.3541666666666667,0.21992264554817836,0.0,1.0,-0.9305969320036734,0.36604555747249595,36.0,181.67901103276304
evt_inv_002090_1,cust_b2b_036,inv_002090,2026-04-14T20:58:55.623681+00:00,4972533,OFFER_PAYMENT_PLAN,0.8500000000000001,0,23.079443845719272,0.30526315789473685,0.8235238899347631,1.0,1.0,-0.9304366312132673,0.36645282820099295,30.0,179.32811423941405
evt_inv_005017_0,cust_b2b_032,inv_005017,2026-04-14T21:22:52.158121+00:00,5479690,SEND_REMINDER,0.8500000000000001,0,7.60792450166392,0.11814345991561181,-0.41390211647958314,0.0,1.0,-0.9300106434314006,0.36753258781271647,49.0,182.82581788885554
evt_inv_003466_0,cust_b2b_029,inv_003466,2026-04-14T21:57:41.964549+00:00,6724618,SEND_REMINDER,0.8500000000000001,0,9.413704552166987,0.24404761904761904,0.5030544329759513,0.0,1.0,-0.9293886981461389,0.3691024895042366,41.0,178.98017437053045
evt_inv_004379_0,cust_b2b_035,inv_004379,2026-04-14T22:05:55.867282+00:00,7408786,SEND_REMINDER,0.8500000000000001,0,9.02552363839895,0.35751295336787564,1.0011108812542056,0.0,1.0,-0.9292413209935559,0.3694733648832498,36.0,181.73181096709106
evt_inv_004156_0,cust_b2b_016,inv_004156,2026-04-14T22:16:54.016885+00:00,9489275,SEND_REMINDER,0.8500000000000001,0,5.794674933029075,0.2524271844660194,-0.11278987952266697,0.0,1.0,-0.9290447037095914,0.3699674830429798,36.0,170.61666814610763
evt_inv_001196_0,cust_b2b_003,inv_001196,2026-04-14T22:37:07.378169+00:00,4621366,SEND_REMINDER,0.8500000000000001,0,4.748072708081283,0.17553191489361702,-0.08876265346809382,0.0,1.0,-0.9286815324088635,0.37087816242362526,29.0,169.87076311803636
evt_inv_004081_0,cust_b2b_039,inv_004081,2026-04-14T22:49:45.832150+00:00,11194833,OFFER_PAYMENT_PLAN,0.05,0,5.5079025486839415,0.41216216216216217,0.07238455532226486,0.0,1.0,-0.9284540660435595,0.37144723346281866,28.0,167.84702302114985
evt_inv_004562_0,cust_b2b_020,inv_004562,2026-04-14T23:11:08.932142+00:00,6758127,SEND_REMINDER,0.8500000000000001,0,4.325471741371952,0.3829787234042553,0.6511289761256202,0.0,1.0,-0.9280684602617638,0.37240963073926936,34.0,166.15849941295315
evt_inv_003257_0,cust_b2b_033,inv_003257,2026-04-14T23:47:26.330484+00:00,4065237,SEND_REMINDER,0.8500000000000001,0,6.826151270562777,0.16201117318435754,-0.16954003971624004,0.0,1.0,-0.9274118113554187,0.37404188556692586,37.0,164.13965001034134
evt_inv_003274_0,cust_b2b_034,inv_003274,2026-04-15T00:53:25.429655+00:00,3297601,OFFER_PAYMENT_PLAN,0.05,0,6.350104881590449,0.5032679738562091,-0.9149273329042145,0.0,1.0,-0.9262104920404024,0.3770067962706716,32.0,164.9604541698564
evt_inv_001870_0,cust_b2b_026,inv_001870,2026-04-15T01:16:18.731999+00:00,4555022,SEND_REMINDER,0.8500000000000001,0,5.70357964376302,0.30158730158730157,-0.11266239060437902,0.0,1.0,-0.9257915726705571,0.3780343423184945,36.0,167.1895465535061
evt_inv_007323_0,cust_b2b_028,inv_007323,2026-04-15T01:23:30.666872+00:00,5096662,SEND_REMINDER,0.8500000000000001,1,8.739667912557211,0.3687150837988827,-0.02237596749670278,0.0,1.0,-0.9256595773022741,0.3783574327915009,45.0,164.8558042637575
evt_inv_004153_0,cust_b2b_038,inv_004153,2026-04-15T01:40:43.644856+00:00,4301753,OFFER_PAYMENT_PLAN,0.05,0,2.226872388321729,0.3058823529411765,-0.0063367215188221354,0.0,1.0,-0.9253434513880524,0.3791299209680596,36.0,178.0719806749684
evt_inv_002450_1,cust_b2b_036,inv_002450,2026-04-15T01:49:58.215918+00:00,3447628,OFFER_PAYMENT_PLAN,0.8500000000000001,0,21.498217215619498,0.3036649214659686,-0.19568634012682262,1.0,1.0,-0.9251734680734228,0.3795445349007086,31.0,179.5302275754946
evt_inv_004421_0,cust_b2b_027,inv_004421,2026-04-15T01:51:35.539845+00:00,2907264,SEND_REMINDER,0.8500000000000001,0,9.039747918265135,0.18518518518518517,0.113004263980968,0.0,1.0,-0.9251436178486091,0.3796172893243756,35.0,168.1592726994079
evt_inv_003696_0,cust_b2b_013,inv_003696,2026-04-15T02:22:47.435434+00:00,1969235,SEND_REMINDER,0.8500000000000001,0,7.22416217057838,0.20398009950248755,-0.4608126508652757,0.0,1.0,-0.9245683756362871,0.381016166026164,38.0,178.79648351996892
evt_inv_001479_0,cust_b2b_011,inv_001479,2026-04-15T02:52:41.887593+00:00,1873238,ESCALATE_COLLECTIONS,0.05,0,3.3813074204063023,0.39759036144578314,0.36439310023498145,0.0,1.0,-0.9240149463961272,0.3823563505900773,29.0,177.9168974983468
evt_inv_004404_1,cust_b2b_035,inv_004404,2026-04-15T03:11:00.113289+00:00,6825874,OFFER_PAYMENT_PLAN,0.8500000000000001,0,21.060218293075998,0.3556701030927835,0.7256485595147292,1.0,1.0,-0.9236752828878442,0.3831761628573222,36.0,181.9436656662441
evt_inv_005340_0,cust_b2b_010,inv_005340,2026-04-15T03:40:41.231513+00:00,3052696,SEND_REMINDER,0.8500000000000001,0,1.7389056402178813,0.16279069767441862,0.11540909408737363,0.0,1.0,-0.9231228654409621,0.3845051043875325,47.0,174.82679197019084
evt_inv_003780_0,cust_b2b_031,inv_003780,2026-04-15T04:11:31.497255+00:00,13947482,SEND_REMINDER,0.8500000000000001,0,5.997764641440465,0.325,0.031918131798974576,0.0,1.0,-0.9225469769625791,0.3858847953693,32.0,176.51331216262938
evt_inv_008254_0,cust_b2b_011,inv_008254,2026-04-15T04:12:15.020051+00:00,2167247,SEND_REMINDER,0.8500000000000001,0,4.8467910709083055,0.39520958083832336,0.8139661358249894,0.0,1.0,-0.9225334058227884,0.3859172387196593,29.0,177.97214208698566
evt_inv_001645_0,cust_b2b_026,inv_001645,2026-04-15T04:26:36.806981+00:00,3996029,WRITE_OFF,0.05,0,2.8480083924306747,0.3,-0.40563662833773434,0.0,1.0,-0.922264451222125,0.3865595452345637,37.0,167.32170019913585
evt_inv_000630_0,cust_b2b_038,inv_000630,2026-04-15T04:53:29.028302+00:00,3366182,SEND_REMINDER,0.8500000000000001,1,7.945645139737599,0.30409356725146197,-0.5486735997989777,0.0,1.0,-0.9217600931973612,0.3877606614766279,37.0,178.2058392796649
evt_inv_000821_0,cust_b2b_027,inv_000821,2026-04-15T05:02:12.282127+00:00,2295131,WRITE_OFF,0.05,0,5.90631719735151,0.18421052631578946,-0.437171728824283,0.0,1.0,-0.9215960652112142,0.3881503479158656,36.0,168.29164240174353
evt_inv_001711_0,cust_b2b_031,inv_001711,2026-04-15T05:19:03.955102+00:00,13288988,SEND_REMINDER,0.8500000000000001,0,9.06801923800482,0.32298136645962733,-0.08761977696788625,0.0,1.0,-0.9212784619489817,0.3889035813012252,33.0,176.5602156099288
evt_inv_004537_0,cust_b2b_005,inv_004537,2026-04-15T05:34:46.082996+00:00,6332327,ESCALATE_COLLECTIONS,0.05,0,4.5688172877565645,0.26063829787234044,-0.4634856331157542,0.0,1.0,-0.9209821379693881,0.38960480174317025,34.0,175.57223552402965
evt_inv_002517_0,cust_b2b_039,inv_002517,2026-04-15T05:48:20.152431+00:00,8592541,SEND_REMINDER,0.8500000000000001,0,9.594816196116914,0.40939597315436244,-0.5255784299867285,0.0,1.0,-0.9207256618975633,0.3902105271815382,28.0,168.13769802440686
evt_inv_007376_0,cust_b2b_021,inv_007376,2026-04-15T06:06:08.447705+00:00,11941547,ESCALATE_COLLECTIONS,0.05,0,1.158213314034644,0.34054054054054056,0.7574339576981792,0.0,1.0,-0.9203884864755505,0.391005158486746,39.0,177.25979927958812
evt_inv_000631_0,cust_b2b_018,inv_000631,2026-04-15T06:08:55.474683+00:00,2299507,WRITE_OFF,0.05,1,5.356676286268564,0.6217948717948718,0.32440655544934427,0.0,1.0,-0.9203357074090953,0.3911293720341137,29.0,168.68151934169336
evt_inv_004916_0,cust_b2b_019,inv_004916,2026-04-15T06:10:08.170541+00:00,3504855,SEND_REMINDER,0.8500000000000001,0,6.034579325648526,0.3727810650887574,0.07215099120881181,0.0,1.0,-0.920312730916886,0.3911834317967765,37.0,177.19527180678446
evt_inv_005516_0,cust_b2b_025,inv_005516,2026-04-15T06:34:59.599078+00:00,11378022,SEND_REMINDER,0.8500000000000001,0,8.060917276436104,0.22807017543859648,0.30483729805280907,0.0,1.0,-0.919840644365624,0.3922922239517802,41.0,176.3928086076703
evt_inv_000265_0,cust_b2b_017,inv_000265,2026-04-15T07:36:18.811456+00:00,5513317,SEND_REMINDER,0.8500000000000001,0,1.8219615281689854,0.29891304347826086,-0.38744697181965215,0.0,1.0,-0.918670340636364,0.3950250691222861,32.0,179.8321469606329
evt_inv_003806_0,cust_b2b_022,inv_003806,2026-04-15T07:48:28.718629+00:00,1678176,SEND_REMINDER,0.8500000000000001,0,4.578694287149045,0.225,-0.2733206249534369,0.0,1.0,-0.9184372023410399,0.39556681528657567,31.0,171.87530662994894
evt_inv_000664_1,cust_b2b_029,inv_000664,2026-04-15T07:51:17.117683+00:00,5592720,WRITE_OFF,0.05,1,22.52914550869344,0.24260355029585798,-0.0024243979018970297,1.0,1.0,-0.918383368953184,0.39569178362735813,42.0,179.39238679106248
evt_inv_008746_1,cust_b2b_008,inv_008746,2026-04-15T07:56:06.434819+00:00,10340374,OFFER_PAYMENT_PLAN,0.8500000000000001,0,24.99876682942507,0.27380952380952384,0.7033441398348492,1.0,1.0,-0.918290841074326,0.3959064677408123,36.0,167.49936102637375
evt_inv_005223_0,cust_b2b_030,inv_005223,2026-04-15T08:07:29.654689+00:00,2319342,SEND_REMINDER,0.8500000000000001,0,1.3022474242214224,0.31891891891891894,-0.05670689919887493,0.0,1.0,-0.9180721381236318,0.3964133564867652,39.0,183.18530673807254
evt_inv_005387_0,cust_b2b_031,inv_005387,2026-04-15T08:18:07.604898+00:00,19229868,SEND_REMINDER,0.8500000000000001,1,9.288787956661613,0.32098765432098764,0.9908416458728794,0.0,1.0,-0.9178676736693371,0.39688655007802837,34.0,176.68456340849562
evt_inv_002073_0,cust_b2b_012,inv_002073,2026-04-15T08:22:40.102950+00:00,4264970,WRITE_OFF,0.05,0,7.9732843483999485,0.4943820224719101,0.2782425786803737,0.0,1.0,-0.9177802630984856,0.3970886408182366,43.0,178.3034251455326
evt_inv_001337_1,cust_b2b_004,inv_001337,2026-04-15T08:24:25.209759+00:00,3242603,SEND_REMINDER,0.05,0,17.23079701600804,0.1774193548387097,0.08398786499468973,1.0,1.0,-0.9177465355672854,0.3971665852690096,40.0,179.65959598103487
evt_inv_000333_0,cust_b2b_024,inv_000333,2026-04-15T08:58:50.970334+00:00,3065020,SEND_REMINDER,0.8500000000000001,0,1.388366100810435,0.1631578947368421,-0.8150034360880687,0.0,1.0,-0.9170823142023145,0.3986979169463108,37.0,173.59215510095885
evt_inv_003597_0,cust_b2b_039,inv_003597,2026-04-15T09:35:44.447322+00:00,8567455,SEND_REMINDER,0.8500000000000001,1,5.5770033280502584,0.4066666666666667,-0.5313428659647086,0.0,1.0,-0.9163677606436534,0.4003375166692922,28.0,168.29561810415916
evt_inv_004823_1,cust_b2b_025,inv_004823,2026-04-15T09:50:34.574046+00:00,7172192,OFFER_PAYMENT_PLAN,0.8500000000000001,0,21.4177698552896,0.22707423580786026,-0.7319571529862853,1.0,1.0,-0.9160795838131678,0.4009965038758983,42.0,176.5286300772018
evt_inv_008608_0,cust_b2b_013,inv_008608,2026-04-15T10:01:49.133917+00:00,2190183,SEND_REMINDER,0.8500000000000001,0,6.005013768452353,0.20297029702970298,-0.23201598280268104,0.0,1.0,-0.9158608806877366,0.40149576240090445,38.0,179.1152531783351
evt_inv_002711_1,cust_b2b_032,inv_002711,2026-04-15T10:15:24.727174+00:00,5488801,OFFER_PAYMENT_PLAN,0.8500000000000001,0,22.057879385164433,0.11764705882352941,-0.4104335665607313,1.0,1.0,-0.9155960889119992,0.40209924392996615,48.0,183.36230595659126
evt_inv_003265_1,cust_b2b_033,inv_003265,2026-04-15T10:37:07.057653+00:00,5149086,OFFER_PAYMENT_PLAN,0.8500000000000001,0,22.211307417993247,0.16111111111111112,0.45179319872945917,1.0,1.0,-0.9151724478916426,0.40306251453095787,36.0,164.59081583405657
evt_inv_002650_0,cust_b2b_000,inv_002650,2026-04-15T10:37:37.192095+00:00,5149785,SEND_REMINDER,0.8500000000000001,1,9.16946403422867,0.38235294117647056,0.12682693899141648,0.0,1.0,-0.9151626333237626,0.40308479823470944,36.0,175.090928529135
evt_inv_007511_0,cust_b2b_014,inv_007511,2026-04-15T11:14:15.145540+00:00,7740505,SEND_REMINDER,0.8500000000000001,0,2.4685338632926683,0.2645161290322581,-0.6743272259263872,0.0,1.0,-0.9144453132229861,0.4047094873171555,22.0,181.70713343162564
evt_inv_002890_1,cust_b2b_028,inv_002890,2026-04-15T11:15:31.731358+00:00,3581072,OFFER_PAYMENT_PLAN,0.8500000000000001,0,24.768156674165557,0.37222222222222223,-0.7591449603934226,1.0,1.0,-0.9144202667994488,0.4047660752415214,43.0,165.2669276953117
evt_inv_007151_0,cust_b2b_030,inv_007151,2026-04-15T11:39:35.071689+00:00,2546065,OFFER_PAYMENT_PLAN,0.05,1,7.669632725217068,0.3172043010752688,0.18213276824353455,0.0,1.0,-0.913947585831587,0.4058322441016903,40.0,183.33259165705513
evt_inv_008165_0,cust_b2b_012,inv_008165,2026-04-15T11:44:01.967612+00:00,3515535,SEND_REMINDER,0.8500000000000001,0,8.082562184201084,0.49162011173184356,-0.20994626054449042,0.0,1.0,-0.9138600436123897,0.4060293347638334,42.0,178.44326154208895
evt_inv_007903_0,cust_b2b_005,inv_007903,2026-04-15T12:02:53.758863+00:00,8208497,WRITE_OFF,0.05,0,7.346934197961032,0.25925925925925924,0.1399018219942784,0.0,1.0,-0.9134883423570379,0.4068649018750464,34.0,175.84176880952927
evt_inv_001489_0,cust_b2b_030,inv_001489,2026-04-15T12:28:01.933106+00:00,2523712,SEND_REMINDER,0.8500000000000001,0,4.491955888765917,0.32085561497326204,0.15858509220513417,0.0,1.0,-0.9129918426683304,0.40797781216763074,41.0,183.3662358864154
evt_inv_000684_0,cust_b2b_021,inv_000684,2026-04-15T12:31:20.237806+00:00,6006451,SEND_REMINDER,0.8500000000000001,1,1.0408123543185668,0.3387096774193548,-0.8615507650658176,0.0,1.0,-0.9129264587376095,0.4081240999215897,39.0,177.5272968501989
evt_inv_004203_0,cust_b2b_037,inv_004203,2026-04-15T12:40:40.842546+00:00,2180208,SEND_REMINDER,0.8500000000000001,0,6.976378860443543,0.2857142857142857,-0.6185396657918435,0.0,1.0,-0.9127414924498307,0.4085375967526803,35.0,175.74191961104688
evt_inv_001305_0,cust_b2b_018,inv_001305,2026-04-15T13:48:03.652999+00:00,1144454,SEND_REMINDER,0.8500000000000001,0,1.658855728558849,0.6242038216560509,-1.0943056167478342,0.0,1.0,-0.9114020619619483,0.4115170487981135,29.0,169.00036399812447
evt_inv_004858_0,cust_b2b_008,inv_004858,2026-04-15T13:55:11.310276+00:00,6495117,SEND_REMINDER,0.8500000000000001,1,9.433640398896312,0.27218934911242604,-0.48787793615599745,0.0,1.0,-0.9112598050221657,0.4118319654312477,37.0,167.7487230108355
evt_inv_000306_0,cust_b2b_010,inv_000306,2026-04-15T14:06:28.477412+00:00,3866630,SEND_REMINDER,0.8500000000000001,0,6.477442410441018,0.16184971098265896,0.8127502612933842,0.0,1.0,-0.9110343279723468,0.4123305145826275,46.0,175.26136657550185
evt_inv_007557_0,cust_b2b_013,inv_007557,2026-04-15T14:22:18.293334+00:00,2637717,SEND_REMINDER,0.8500000000000001,0,9.169465065888598,0.2019704433497537,0.23141576673044745,0.0,1.0,-0.9107176071921872,0.4130295872575439,38.0,179.296146227138
evt_inv_000835_0,cust_b2b_034,inv_000835,2026-04-15T14:41:38.519040+00:00,6555305,SEND_REMINDER,0.8500000000000001,0,3.5838430340706777,0.5,0.6509678516320715,0.0,1.0,-0.9103299964180458,0.41388319320977596,33.0,165.53560566736886
evt_inv_001140_0,cust_b2b_022,inv_001140,2026-04-15T15:45:05.835089+00:00,1479650,SEND_REMINDER,0.8500000000000001,0,8.173964598497752,0.2236024844720497,-0.5367342616834301,0.0,1.0,-0.9090524211424539,0.4166817677977316,32.0,172.20629177416762
evt_inv_003221_0,cust_b2b_012,inv_003221,2026-04-15T15:46:35.924280+00:00,2759804,SEND_REMINDER,0.8500000000000001,1,4.2482355077403415,0.4888888888888889,-0.7022370029098531,0.0,1.0,-0.9090220867512737,0.4167479403648684,43.0,178.6117101146294
evt_inv_004065_0,cust_b2b_036,inv_004065,2026-04-15T16:15:38.999780+00:00,5626488,SEND_REMINDER,0.8500000000000001,0,3.836569473676887,0.3020833333333333,1.2606123023986715,0.0,1.0,-0.9084342188760268,0.4180278339717381,31.0,180.13139405537547
evt_inv_002215_1,cust_b2b_018,inv_002215,2026-04-15T16:30:26.878121+00:00,2178713,OFFER_PAYMENT_PLAN,0.8500000000000001,1,16.864567694855293,0.620253164556962,0.17604028166927324,1.0,1.0,-0.90813408110221,0.41867946061473416,30.0,169.11313280741462
evt_inv_003823_1,cust_b2b_036,inv_003823,2026-04-15T16:34:08.173499+00:00,3982461,OFFER_PAYMENT_PLAN,0.8500000000000001,1,17.841422355186644,0.3005181347150259,0.1617835072117871,1.0,1.0,-0.9080592017937328,0.41884183892936117,32.0,180.14423171416408
evt_inv_002126_0,cust_b2b_031,inv_002126,2026-04-15T16:49:22.817277+00:00,15036806,SEND_REMINDER,0.8500000000000001,0,9.199397769202733,0.32515337423312884,0.22966561364884208,0.0,1.0,-0.907749407501868,0.4195128283855067,34.0,177.0396005888059
evt_inv_002736_1,cust_b2b_035,inv_002736,2026-04-15T16:50:28.660122+00:00,6883424,SEND_REMINDER,0.05,0,22.48416657010493,0.35384615384615387,0.7528445140235869,1.0,1.0,-0.9077270870773659,0.41956112234815096,35.0,182.5127460694106
evt_inv_004309_1,cust_b2b_006,inv_004309,2026-04-15T16:54:49.885319+00:00,5382244,ESCALATE_COLLECTIONS,0.05,0,20.04642373264461,0.3425414364640884,-0.07647751195561991,1.0,1.0,-0.9076385076091827,0.4197527123259306,28.0,178.83322010022607
evt_inv_000475_0,cust_b2b_026,inv_000475,2026-04-15T16:55:52.042601+00:00,5171376,SEND_REMINDER,0.8500000000000001,0,1.1442849352850595,0.29842931937172773,0.21037561210575106,0.0,1.0,-0.9076174245937585,0.4197982974879641,37.0,167.84201542621787
evt_inv_007176_0,cust_b2b_022,inv_007176,2026-04-15T17:08:59.387831+00:00,2426347,SEND_REMINDER,0.8500000000000001,0,6.268132417121294,0.2222222222222222,0.7193864555251921,0.0,1.0,-0.9073501682407553,0.4203756322546217,33.0,172.26455048645826
evt_inv_006156_0,cust_b2b_034,inv_006156,2026-04-15T17:13:20.961160+00:00,5544513,SEND_REMINDER,0.8500000000000001,0,1.0292010572038568,0.4967741935483871,0.16510608108133953,0.0,1.0,-0.9072612985524682,0.42056739786732067,34.0,165.64095800672214
evt_inv_006679_1,cust_b2b_028,inv_006679,2026-04-15T17:17:52.929121+00:00,5596597,OFFER_PAYMENT_PLAN,0.8500000000000001,0,17.59583114857885,0.3701657458563536,0.2206557754179298,1.0,1.0,-0.9071688543049169,0.4207667641094107,43.0,165.51856192867987
evt_inv_000893_1,cust_b2b_036,inv_000893,2026-04-15T17:32:41.246438+00:00,3832556,OFFER_PAYMENT_PLAN,0.8500000000000001,0,19.890389218836106,0.30412371134020616,0.06159029778507146,1.0,1.0,-0.9068666023998662,0.4214178039092833,33.0,180.18489228058374
evt_inv_006242_1,cust_b2b_026,inv_006242,2026-04-15T17:52:55.864062+00:00,6816575,OFFER_PAYMENT_PLAN,0.8500000000000001,0,24.30133376684062,0.296875,1.072642867449338,1.0,1.0,-0.9064525699527062,0.4223076348186643,38.0,167.8816429894199
evt_inv_003824_1,cust_b2b_006,inv_003824,2026-04-15T17:55:02.147505+00:00,6186846,OFFER_PAYMENT_PLAN,0.8500000000000001,0,20.34780639493846,0.34065934065934067,0.2858198650464117,1.0,1.0,-0.9064094730041861,0.42240012695106255,28.0,178.87502869034438
evt_inv_006530_0,cust_b2b_020,inv_006530,2026-04-15T18:06:45.811852+00:00,5235225,SEND_REMINDER,0.8500000000000001,0,1.4968175252660787,0.38095238095238093,-0.0589583331714181,0.0,1.0,-0.9061691595770506,0.4229154220780107,34.0,166.94712070588952
evt_inv_007282_0,cust_b2b_032,inv_007282,2026-04-15T18:46:19.560952+00:00,6372610,SEND_REMINDER,0.8500000000000001,0,3.5856501750820957,0.11715481171548117,-0.07397063518479187,0.0,1.0,-0.9053563230928697,0.4246527148573989,49.0,183.71710727346894
evt_inv_005600_1,cust_b2b_037,inv_005600,2026-04-15T18:46:43.356581+00:00,2200093,OFFER_PAYMENT_PLAN,0.8500000000000001,0,23.397564403345125,0.28415300546448086,-0.6013799767806621,1.0,1.0,-0.9053481579532843,0.4246701224369275,35.0,175.9961153753361
evt_inv_008258_0,cust_b2b_007,inv_008258,2026-04-15T18:48:46.863972+00:00,6556631,SEND_REMINDER,0.8500000000000001,0,3.7899025886849973,0.30526315789473685,1.3283922980638085,0.0,1.0,-0.9053057727306623,0.4247604711605571,26.0,182.5851854364848
evt_inv_003287_0,cust_b2b_027,inv_003287,2026-04-15T18:55:15.364086+00:00,1882130,SEND_REMINDER,0.8500000000000001,0,1.1967801569587861,0.18324607329842932,-0.8083706705443406,0.0,1.0,-0.9051723886148677,0.42504464105462497,35.0,168.87015029479207
evt_inv_005011_0,cust_b2b_003,inv_005011,2026-04-15T19:00:51.271549+00:00,3869880,SEND_REMINDER,0.8500000000000001,1,7.12197965369448,0.1746031746031746,-0.4808570385247747,0.0,1.0,-0.9050569892800175,0.4252903080901211,28.0,170.7205766988296
evt_inv_000923_1,cust_b2b_004,inv_000923,2026-04-15T19:03:20.267840+00:00,2668819,OFFER_PAYMENT_PLAN,0.8500000000000001,1,22.002155317891383,0.17647058823529413,-0.373252411338275,1.0,1.0,-0.9050057810000892,0.42539926699092767,41.0,180.10328878290065
evt_inv_004911_0,cust_b2b_038,inv_004911,2026-04-15T19:13:06.076030+00:00,4500722,SEND_REMINDER,0.8500000000000001,0,4.792875536001828,0.3081395348837209,0.10900293539100225,0.0,1.0,-0.9048043184201907,0.42582760052417246,37.0,178.80279585059222
evt_inv_005360_0,cust_b2b_011,inv_005360,2026-04-15T19:18:01.048480+00:00,1665384,SEND_REMINDER,0.8500000000000001,0,9.946966120218152,0.39285714285714285,0.046560727154678704,0.0,1.0,-0.9047027990692982,0.4260432435283736,29.0,178.60114704565433
evt_inv_004160_1,cust_b2b_002,inv_004160,2026-04-15T19:19:54.217666+00:00,5089043,SEND_REMINDER,0.05,0,20.208497050380714,0.15517241379310345,0.846412260091584,1.0,1.0,-0.9046638364939911,0.42612597074101616,29.0,178.38108334211907
evt_inv_005126_0,cust_b2b_031,inv_005126,2026-04-15T19:55:14.319881+00:00,12369129,WRITE_OFF,0.05,1,6.585625880066615,0.3231707317073171,-0.25460394854203267,0.0,1.0,-0.9039325168654977,0.4276751161257886,35.0,177.16866890597862
evt_inv_003129_0,cust_b2b_030,inv_003129,2026-04-15T20:08:18.836293+00:00,1813501,SEND_REMINDER,0.8500000000000001,1,4.676437229703776,0.3191489361702128,-0.5895811831611298,0.0,1.0,-0.9036612289525279,0.42824803944444034,42.0,183.68587596960083
evt_inv_001234_0,cust_b2b_031,inv_001234,2026-04-15T20:18:22.936442+00:00,11074302,OFFER_PAYMENT_PLAN,0.05,0,1.4997376890624132,0.32727272727272727,-0.4896568600166651,0.0,1.0,-0.9034520820038889,0.4286890895775612,35.0,177.18474085692537
evt_inv_005120_0,cust_b2b_028,inv_005120,2026-04-15T20:25:17.112053+00:00,5089582,SEND_REMINDER,0.8500000000000001,0,6.501736541565531,0.36813186813186816,-0.0258180000843735,0.0,1.0,-0.9033085648919312,0.42899141785457623,44.0,165.64870293484043
evt_inv_005705_1,cust_b2b_035,inv_005705,2026-04-15T20:50:03.771865+00:00,5019842,OFFER_PAYMENT_PLAN,0.8500000000000001,1,16.842460647361147,0.3520408163265306,-0.12781356813633737,1.0,1.0,-0.9027925851755567,0.43007621202763013,36.0,182.67912467754812
evt_inv_001638_0,cust_b2b_028,inv_001638,2026-04-15T21:01:38.977079+00:00,4841581,SEND_REMINDER,0.8500000000000001,1,3.327398702203896,0.366120218579235,-0.14637792432312596,0.0,1.0,-0.9025508510211888,0.43058328035459964,45.0,165.67395600226885
evt_inv_008475_0,cust_b2b_037,inv_008475,2026-04-15T21:11:50.664235+00:00,3865502,SEND_REMINDER,0.8500000000000001,0,7.2216372192166185,0.2826086956521739,0.8358229525695373,0.0,1.0,-0.902337921914432,0.4310293199715588,36.0,176.09689439910628
evt_inv_002357_1,cust_b2b_000,inv_002357,2026-04-15T21:23:25.120938+00:00,4269639,OFFER_PAYMENT_PLAN,0.8500000000000001,1,20.719084160045792,0.38596491228070173,-0.32212189271487407,1.0,1.0,-0.902095913430132,0.4315355871450881,37.0,175.53939992778044
evt_inv_003445_0,cust_b2b_021,inv_003445,2026-04-15T21:25:40.485727+00:00,8405469,SEND_REMINDER,0.8500000000000001,0,7.704580488245302,0.3422459893048128,-0.207142993746358,0.0,1.0,-0.9020487076052934,0.4316342538627116,39.0,177.8983645344712
evt_inv_001573_0,cust_b2b_036,inv_001573,2026-04-15T21:36:04.945732+00:00,3431587,SEND_REMINDER,0.8500000000000001,0,1.9817127135875432,0.30256410256410254,-0.2064082605183966,0.0,1.0,-0.9018307996689813,0.4320893527598264,34.0,180.35391657797604
evt_inv_004920_0,cust_b2b_002,inv_004920,2026-04-15T21:36:15.481762+00:00,3548734,SEND_REMINDER,0.8500000000000001,0,9.013094816378901,0.15428571428571428,-0.1664515617167997,0.0,1.0,-0.9018271211072771,0.4320970303477686,30.0,178.47577389879038
evt_inv_005526_0,cust_b2b_015,inv_005526,2026-04-15T21:48:39.920622+00:00,11424885,SEND_REMINDER,0.8500000000000001,0,9.495762770847895,0.15384615384615385,0.46862919732271757,0.0,1.0,-0.9015670414191505,0.4326394224140005,36.0,177.03579649078313
evt_inv_005410_1,cust_b2b_008,inv_005410,2026-04-15T22:05:07.957916+00:00,6688572,OFFER_PAYMENT_PLAN,0.8500000000000001,0,24.719504131424063,0.27647058823529413,-0.42794751576543144,1.0,1.0,-0.9012213535729864,0.4333590565155807,37.0,168.08896198814355
evt_inv_006357_0,cust_b2b_018,inv_006357,2026-04-15T22:11:22.684695+00:00,2225307,SEND_REMINDER,0.8500000000000001,0,3.6149526778684007,0.6226415094339622,0.2332691200147229,0.0,1.0,-0.9010900964353423,0.43363191546073443,31.0,169.34988982793894
evt_inv_000694_1,cust_b2b_031,inv_000694,2026-04-15T22:12:03.693729+00:00,13156699,OFFER_PAYMENT_PLAN,0.8500000000000001,0,20.25447740037549,0.3253012048192771,-0.11163447427695276,1.0,1.0,-0.9010757270116025,0.4336617739558236,36.0,177.26368480700458
evt_inv_004852_1,cust_b2b_033,inv_004852,2026-04-15T22:15:21.085947+00:00,5232203,OFFER_PAYMENT_PLAN,0.8500000000000001,0,16.416289898653552,0.16022099447513813,0.4994414498007223,1.0,1.0,-0.9010065476196124,0.4338054876861139,37.0,165.07570042078558
evt_inv_002585_0,cust_b2b_023,inv_002585,2026-04-15T22:23:08.268159+00:00,2448678,SEND_REMINDER,0.8500000000000001,1,4.114014108866966,0.4222222222222222,0.2191887318147822,0.0,1.0,-0.9008427245093951,0.43414558122649394,35.0,169.22577901151485
evt_inv_008378_1,cust_b2b_023,inv_008378,2026-04-15T22:25:30.407894+00:00,2519406,OFFER_PAYMENT_PLAN,0.8500000000000001,0,22.77354387588538,0.425414364640884,0.29773013254152914,1.0,1.0,-0.900792856015674,0.434249042084292,36.0,169.22742414734424
evt_inv_001020_0,cust_b2b_026,inv_001020,2026-04-15T22:36:05.656309+00:00,4544689,ESCALATE_COLLECTIONS,0.05,1,5.458052849482267,0.29533678756476683,-0.11807770259844612,0.0,1.0,-0.9005698394078554,0.43471135751083095,39.0,168.07828410339928
evt_inv_008740_1,cust_b2b_032,inv_008740,2026-04-15T23:16:11.697176+00:00,7445114,OFFER_PAYMENT_PLAN,0.8500000000000001,0,17.419984941247105,0.11666666666666667,0.3343277115260167,1.0,1.0,-0.899723000066288,0.43646136501610105,50.0,183.90451625754505
evt_inv_001663_0,cust_b2b_011,inv_001663,2026-04-15T23:29:49.411727+00:00,1281489,SEND_REMINDER,0.8500000000000001,0,8.07329803659383,0.3905325443786982,-0.5404579579084711,0.0,1.0,-0.8994344197009598,0.43705574548013615,30.0,178.77601236101407
evt_inv_001160_0,cust_b2b_016,inv_001160,2026-04-15T23:32:01.029001+00:00,9810074,SEND_REMINDER,0.8500000000000001,0,8.191318174949817,0.25120772946859904,-0.03208663037584431,0.0,1.0,-0.8993879338417016,0.43715139764154365,36.0,171.66883263819287
evt_inv_005275_0,cust_b2b_016,inv_005275,2026-04-16T00:03:37.628128+00:00,11370654,SEND_REMINDER,0.8500000000000001,1,8.968525617969583,0.25,0.3605072031389139,0.0,1.0,-0.8987169454987494,0.43852919158637327,37.0,171.6907840169847
evt_inv_005811_0,cust_b2b_025,inv_005811,2026-04-16T00:16:03.301386+00:00,11908425,SEND_REMINDER,0.8500000000000001,0,4.9925716192187615,0.22608695652173913,0.4355888442143826,0.0,1.0,-0.8984525593385071,0.4390706077820358,43.0,177.12965701401671
evt_inv_001390_0,cust_b2b_036,inv_001390,2026-04-16T00:20:10.019696+00:00,3614842,SEND_REMINDER,0.8500000000000001,1,3.9457703426745234,0.3010204081632653,-0.08392459712663139,0.0,1.0,-0.8983650109953434,0.43924970918526113,35.0,180.4678641932945
evt_inv_006595_0,cust_b2b_000,inv_006595,2026-04-16T00:21:22.040577+00:00,4701229,SEND_REMINDER,0.8500000000000001,1,2.7182012764207824,0.38953488372093026,-0.10197448299771764,0.0,1.0,-0.8983394475506452,0.4393019883569861,38.0,175.66297538656735
evt_inv_001486_0,cust_b2b_019,inv_001486,2026-04-16T00:31:06.667956+00:00,2200151,SEND_REMINDER,0.8500000000000001,0,4.630073392296497,0.37058823529411766,-0.8853477914655006,0.0,1.0,-0.8981318244684205,0.43972630792008127,38.0,177.95983774908078
evt_inv_008299_1,cust_b2b_038,inv_008299,2026-04-16T00:35:46.533892+00:00,2613662,WRITE_OFF,0.05,0,19.296538559955543,0.3063583815028902,-0.9848985495864421,1.0,1.0,-0.8980323626513201,0.4399293984617165,38.0,179.0268752239953
evt_inv_000313_0,cust_b2b_016,inv_000313,2026-04-16T00:37:27.488531+00:00,9592745,SEND_REMINDER,0.8500000000000001,1,7.045143467374007,0.2535885167464115,-0.08675997543356274,0.0,1.0,-0.8979964730167,0.44000265277560213,38.0,171.71427777164334
evt_inv_005994_0,cust_b2b_016,inv_005994,2026-04-16T00:42:15.013990+00:00,6290061,SEND_REMINDER,0.8500000000000001,0,8.036924657809475,0.2571428571428571,-0.9176137907674238,0.0,1.0,-0.8978942242303407,0.44021126983960174,39.0,171.71760561260444
evt_inv_002967_0,cust_b2b_028,inv_002967,2026-04-16T01:10:33.649246+00:00,4844198,SEND_REMINDER,0.8500000000000001,1,1.3059021918059084,0.3695652173913043,-0.1451054596419897,0.0,1.0,-0.897289172845229,0.44144324696921655,46.0,165.8468110041944
evt_inv_000342_0,cust_b2b_008,inv_000342,2026-04-16T01:11:59.478169+00:00,8188529,SEND_REMINDER,0.8500000000000001,0,5.905052858600123,0.27485380116959063,0.036724001909955103,0.0,1.0,-0.8972585558356874,0.4415054744617066,38.0,168.2187249540402
evt_inv_007206_0,cust_b2b_025,inv_007206,2026-04-16T01:14:04.137624+00:00,7170276,SEND_REMINDER,0.8500000000000001,0,7.3006473178802755,0.22510822510822512,-0.7324293595693689,0.0,1.0,-0.8972140794610928,0.44159585099588966,44.0,177.16994447046636
evt_inv_005039_0,cust_b2b_014,inv_005039,2026-04-16T01:20:24.857913+00:00,9884049,SEND_REMINDER,0.8500000000000001,0,4.824684192178496,0.26282051282051283,-0.1687516783225823,0.0,1.0,-0.897078188578912,0.4418718406687373,23.0,182.29474584335176
evt_inv_006380_0,cust_b2b_019,inv_006380,2026-04-16T01:27:08.222301+00:00,3880757,SEND_REMINDER,0.8500000000000001,0,9.592000378717621,0.3684210526315789,0.34801905757849744,0.0,1.0,-0.8969341226950303,0.44216419975535837,39.0,177.99874462807682
evt_inv_000741_0,cust_b2b_014,inv_000741,2026-04-16T01:37:02.655208+00:00,10717318,WRITE_OFF,0.05,0,5.655492787168836,0.2611464968152866,0.027782867257802674,0.0,1.0,-0.8967216409911617,0.44259495995562137,24.0,182.30629442315862
evt_inv_007728_0,cust_b2b_005,inv_007728,2026-04-16T02:02:11.782296+00:00,9739573,SEND_REMINDER,0.8500000000000001,0,9.495839497233852,0.2578947368421053,0.6323050191623373,0.0,1.0,-0.896181270110288,0.4436881011515983,34.0,176.4246163029634
evt_inv_005885_0,cust_b2b_021,inv_005885,2026-04-16T02:08:14.069835+00:00,8497669,OFFER_PAYMENT_PLAN,0.05,0,5.531848167941787,0.3404255319148936,-0.18199252798878018,0.0,1.0,-0.8960513479701813,0.4439504271884657,39.0,178.09458657275835
evt_inv_008188_1,cust_b2b_019,inv_008188,2026-04-16T02:22:32.636584+00:00,2767713,OFFER_PAYMENT_PLAN,0.8500000000000001,0,23.794898868830753,0.36627906976744184,-0.46882393434294617,1.0,1.0,-0.895743145530585,0.4445719483221734,40.0,178.03722164524547
evt_inv_008789_0,cust_b2b_039,inv_008789,2026-04-16T02:23:49.287089+00:00,10870016,SEND_REMINDER,0.8500000000000001,0,8.586031470376103,0.4105960264900662,-0.002253016633131663,0.0,1.0,-0.8957156090906818,0.44462742564006197,29.0,168.99567411999078
evt_inv_000326_0,cust_b2b_038,inv_000326,2026-04-16T02:30:58.453306+00:00,4787545,SEND_REMINDER,0.8500000000000001,0,9.92794622754454,0.3045977011494253,0.2752700945465836,0.0,1.0,-0.895561369077776,0.4449380116550389,38.0,179.10687429127984
evt_inv_002103_0,cust_b2b_023,inv_002103,2026-04-16T02:50:11.282097+00:00,1896239,SEND_REMINDER,0.8500000000000001,0,4.346589121424298,0.4230769230769231,-0.39427908178777965,0.0,1.0,-0.8951465155169005,0.4457720446124358,35.0,169.41123056173248
evt_inv_002560_1,cust_b2b_022,inv_002560,2026-04-16T02:51:56.912051+00:00,1375404,OFFER_PAYMENT_PLAN,0.8500000000000001,0,21.349405561652674,0.22085889570552147,-0.6750516070766487,1.0,1.0,-0.8951084649833582,0.4458484450069734,33.0,172.66938294270798
evt_inv_005750_0,cust_b2b_037,inv_005750,2026-04-16T03:03:29.377411+00:00,3119990,ESCALATE_COLLECTIONS,0.05,1,5.067959676563376,0.2810810810810811,0.1924662896036765,0.0,1.0,-0.8948588602803755,0.44634921325987265,37.0,176.34109246827293
evt_inv_005578_0,cust_b2b_009,inv_005578,2026-04-16T03:13:27.235574+00:00,8820893,SEND_REMINDER,0.8500000000000001,0,3.0848391770006574,0.16326530612244897,1.2593185277489725,0.0,1.0,-0.8946431321429398,0.4467814522890027,39.0,174.03480095205683
evt_inv_007344_0,cust_b2b_014,inv_007344,2026-04-16T03:30:30.075798+00:00,10238129,ESCALATE_COLLECTIONS,0.05,1,6.847154615393476,0.25949367088607594,-0.08523845083987815,0.0,1.0,-0.8942735714937804,0.4475207026806228,24.0,182.38508401331478
evt_inv_002793_1,cust_b2b_037,inv_002793,2026-04-16T03:43:55.286640+00:00,2788813,OFFER_PAYMENT_PLAN,0.8500000000000001,0,16.384683437760827,0.2849462365591398,-0.09333029387107517,1.0,1.0,-0.8939822124110159,0.4481024479878516,36.0,176.3691701213909
evt_inv_003421_0,cust_b2b_007,inv_003421,2026-04-16T04:07:18.223461+00:00,4669600,SEND_REMINDER,0.8500000000000001,0,4.70706284776834,0.3036649214659686,0.2265620588364186,0.0,1.0,-0.8934736669603981,0.44911558250448136,25.0,182.97304839352955
evt_inv_001432_0,cust_b2b_006,inv_001432,2026-04-16T04:46:09.679639+00:00,5812940,OFFER_PAYMENT_PLAN,0.05,0,1.277610922819254,0.33879781420765026,0.11745680855141613,0.0,1.0,-0.8926260067461,0.4507979725780845,29.0,179.3271992011578
evt_inv_003326_1,cust_b2b_006,inv_003326,2026-04-16T04:55:49.496998+00:00,6290941,OFFER_PAYMENT_PLAN,0.8500000000000001,0,23.190660587397332,0.33695652173913043,0.3326914659245662,1.0,1.0,-0.892414707393314,0.45121612341327727,30.0,179.33391005022372
evt_inv_003089_1,cust_b2b_003,inv_003089,2026-04-16T05:10:39.474056+00:00,4965670,OFFER_PAYMENT_PLAN,0.8500000000000001,0,20.33412588077593,0.17894736842105263,0.09088090425878709,1.0,1.0,-0.8920899973404907,0.4518577615190907,29.0,171.14405126488063
evt_inv_007209_0,cust_b2b_000,inv_007209,2026-04-16T05:16:19.137664+00:00,4485411,SEND_REMINDER,0.8500000000000001,0,3.373098995102188,0.3930635838150289,-0.2120597087943224,0.0,1.0,-0.8919659486964591,0.4521025838966481,39.0,175.86780289914694
evt_inv_007387_0,cust_b2b_021,inv_007387,2026-04-16T05:29:51.978293+00:00,9243511,SEND_REMINDER,0.8500000000000001,1,1.6464734976058115,0.3386243386243386,0.02145958633766349,0.0,1.0,-0.891668818173603,0.4526883240121068,40.0,178.2346086613846
evt_inv_005812_0,cust_b2b_006,inv_005812,2026-04-16T06:25:36.030927+00:00,6000464,SEND_REMINDER,0.8500000000000001,0,5.331465541853732,0.33513513513513515,0.201895266580448,0.0,1.0,-0.8904423686514258,0.45509602075873873,31.0,179.3962541929175
evt_inv_004189_0,cust_b2b_004,inv_004189,2026-04-16T06:26:59.188930+00:00,3720018,SEND_REMINDER,0.8500000000000001,0,7.615786097500624,0.18085106382978725,0.4644337581578971,0.0,1.0,-0.8904117871184569,0.45515585172610457,40.0,180.57804481403514
evt_inv_000786_0,cust_b2b_016,inv_000786,2026-04-16T06:47:55.587593+00:00,9764930,SEND_REMINDER,0.8500000000000001,0,7.6103594648212844,0.2559241706161137,-0.043443658533901086,0.0,1.0,-0.8899492546959318,0.4560595619720691,39.0,171.9715474367174
evt_inv_008273_1,cust_b2b_001,inv_008273,2026-04-16T06:59:51.104243+00:00,6722852,OFFER_PAYMENT_PLAN,0.8500000000000001,0,17.20343089969884,0.06060606060606061,-0.06901305092136012,1.0,1.0,-0.8896854334183556,0.4565740132368384,32.0,169.175688768227
evt_inv_005905_1,cust_b2b_028,inv_005905,2026-04-16T07:08:42.357608+00:00,5216425,OFFER_PAYMENT_PLAN,0.8500000000000001,0,21.93457662854705,0.372972972972973,0.03584380806364604,1.0,1.0,-0.8894893602867433,0.45695588182742564,45.0,166.09552290653622
evt_inv_004426_0,cust_b2b_001,inv_004426,2026-04-16T07:15:45.501874+00:00,6804451,SEND_REMINDER,0.8500000000000001,0,5.532555952464541,0.060240963855421686,-0.03950686248303538,0.0,1.0,-0.8893330704140828,0.45725998061044,33.0,169.186735037099
evt_inv_006633_0,cust_b2b_024,inv_006633,2026-04-16T07:25:09.629254+00:00,4623298,SEND_REMINDER,0.8500000000000001,0,4.973984213396989,0.16230366492146597,0.0416605548434482,0.0,1.0,-0.8891245462242541,0.4576653158166067,36.0,174.5270932828985
evt_inv_002354_0,cust_b2b_036,inv_002354,2026-04-16T07:39:44.988621+00:00,3435019,WRITE_OFF,0.05,0,8.013669043256842,0.30456852791878175,-0.2041140722249118,0.0,1.0,-0.888800612437194,0.4582940882569497,36.0,180.77313003733653
evt_inv_004271_0,cust_b2b_032,inv_004271,2026-04-16T07:40:09.900356+00:00,8195770,SEND_REMINDER,0.8500000000000001,0,8.235480753598852,0.11618257261410789,0.6200994700235712,0.0,1.0,-0.8887913871409149,0.45831197905371,47.0,184.25449546101655
evt_inv_004084_0,cust_b2b_039,inv_004084,2026-04-16T08:43:28.011322+00:00,13234216,OFFER_PAYMENT_PLAN,0.05,0,4.590153700907152,0.40789473684210525,0.5410004444671774,0.0,1.0,-0.8873806625510642,0.4610374819149029,30.0,169.2593167615763
evt_inv_004928_0,cust_b2b_013,inv_004928,2026-04-16T08:43:51.159950+00:00,1787414,SEND_REMINDER,0.8500000000000001,0,1.1059311397052027,0.20098039215686275,-0.6490925437507813,0.0,1.0,-0.887372038865509,0.46105407995122394,33.0,180.0611099611201
evt_inv_000734_0,cust_b2b_008,inv_000734,2026-04-16T08:57:30.450058+00:00,8775962,SEND_REMINDER,0.8500000000000001,0,9.620316200306744,0.27325581395348836,0.21870482351431222,0.0,1.0,-0.8870666242948057,0.4616414236853298,39.0,168.5420000916462
evt_inv_002565_0,cust_b2b_008,inv_002565,2026-04-16T09:25:22.607171+00:00,7821485,SEND_REMINDER,0.8500000000000001,0,3.7927786923527314,0.27167630057803466,-0.07698237992654293,0.0,1.0,-0.8864420720884835,0.46283955409134586,40.0,168.5613537619348
evt_inv_004027_1,cust_b2b_033,inv_004027,2026-04-16T09:48:18.974380+00:00,6221977,SEND_REMINDER,0.05,0,24.60320531545851,0.15934065934065933,1.0668449491455074,1.0,1.0,-0.8859267834269098,0.46382511187607045,37.0,165.55692598135974
evt_inv_005307_1,cust_b2b_014,inv_005307,2026-04-16T10:00:24.285563+00:00,10547547,OFFER_PAYMENT_PLAN,0.8500000000000001,0,18.93744448150651,0.2641509433962264,-0.012259247179168927,1.0,1.0,-0.8856547982515494,0.4643442455054303,24.0,182.65585033004595
evt_inv_003009_0,cust_b2b_008,inv_003009,2026-04-16T10:15:17.569836+00:00,9050810,SEND_REMINDER,0.8500000000000001,1,1.3573429632306246,0.27011494252873564,0.30385012275310563,0.0,1.0,-0.8853194066548774,0.46498338486472385,41.0,168.5960176816645
evt_inv_006469_0,cust_b2b_011,inv_006469,2026-04-16T10:38:14.779734+00:00,931799,SEND_REMINDER,0.8500000000000001,0,4.801446875266141,0.38823529411764707,-1.0751736397714964,0.0,1.0,-0.8848014171731007,0.4659682952395718,31.0,179.2401948611013
evt_inv_006843_0,cust_b2b_021,inv_006843,2026-04-16T10:54:01.771774+00:00,8982022,SEND_REMINDER,0.8500000000000001,0,1.7516024387131992,0.34210526315789475,-0.04986976971187969,0.0,1.0,-0.8844446033538143,0.466645200980696,41.0,178.45972201185938
evt_inv_003022_1,cust_b2b_003,inv_003022,2026-04-16T10:59:53.242005+00:00,4702604,WRITE_OFF,0.05,0,18.733166869636598,0.17801047120418848,-0.04637639857073748,1.0,1.0,-0.8843120423362606,0.4668963608543888,30.0,171.38657172725573
evt_inv_000549_0,cust_b2b_031,inv_000549,2026-04-16T11:22:06.691933+00:00,11636851,SEND_REMINDER,0.8500000000000001,0,3.4869309615147324,0.32335329341317365,-0.38753594290686705,0.0,1.0,-0.8838084679333903,0.4678488986940478,34.0,177.81233061955217
evt_inv_004969_0,cust_b2b_016,inv_004969,2026-04-16T11:27:18.781803+00:00,11501505,SEND_REMINDER,0.8500000000000001,0,6.882795486039253,0.25471698113207547,0.3934253759653382,0.0,1.0,-0.8836904596946882,0.46807175886245345,40.0,172.16556588822286
evt_inv_006332_0,cust_b2b_003,inv_006332,2026-04-16T11:28:06.573783+00:00,5253962,SEND_REMINDER,0.8500000000000001,0,8.514429741171632,0.17708333333333334,0.24129931580985753,0.0,1.0,-0.8836723835043157,0.4681058839961335,30.0,171.40617047468274
evt_inv_007540_1,cust_b2b_010,inv_007540,2026-04-16T11:28:40.765304+00:00,5400663,OFFER_PAYMENT_PLAN,0.8500000000000001,0,21.0834995890628,0.16091954022988506,2.127039436218568,1.0,1.0,-0.8836594505582948,0.4681302975016814,45.0,176.15178657425258
evt_inv_005978_1,cust_b2b_024,inv_005978,2026-04-16T11:38:55.546567+00:00,6244853,OFFER_PAYMENT_PLAN,0.8500000000000001,0,17.84587816804359,0.16145833333333334,0.9331113710192639,1.0,1.0,-0.8834267944060152,0.4685692039875348,36.0,174.7033191777265
evt_inv_004260_0,cust_b2b_037,inv_004260,2026-04-16T12:05:22.948322+00:00,3478317,SEND_REMINDER,0.8500000000000001,0,8.613374044847347,0.28342245989304815,0.501692606539723,0.0,1.0,-0.8828250543780788,0.4697019516271379,35.0,176.71740694641088
evt_inv_007685_0,cust_b2b_020,inv_007685,2026-04-16T12:06:00.498486+00:00,5936582,WRITE_OFF,0.05,1,9.964302209903966,0.37894736842105264,0.2680650703397802,0.0,1.0,-0.882810802562122,0.46972873754926064,34.0,167.69659624563727
evt_inv_005386_0,cust_b2b_024,inv_005386,2026-04-16T12:38:32.193188+00:00,4689805,ESCALATE_COLLECTIONS,0.05,0,4.474578908199728,0.16062176165803108,0.07822289149688591,0.0,1.0,-0.8820689363947717,0.47112035770851196,37.0,174.7447155506586
evt_inv_005483_0,cust_b2b_036,inv_005483,2026-04-16T12:41:11.381241+00:00,3815285,SEND_REMINDER,0.8500000000000001,1,4.060510772546017,0.30303030303030304,0.05004664001718895,0.0,1.0,-0.8820083300280475,0.471233812200626,36.0,180.9824632852561
evt_inv_000586_1,cust_b2b_029,inv_000586,2026-04-16T13:17:10.189396+00:00,6110453,OFFER_PAYMENT_PLAN,0.8500000000000001,0,20.769360663595076,0.24705882352941178,0.22878298971311098,1.0,1.0,-0.8811849842111396,0.47277164001324534,39.0,180.6186954914433
evt_inv_007941_0,cust_b2b_016,inv_007941,2026-04-16T13:20:09.881188+00:00,13125420,ESCALATE_COLLECTIONS,0.05,0,5.739946287776602,0.2535211267605634,0.8019525532158813,0.0,1.0,-0.8811163308136656,0.4728995787410506,41.0,172.24393509406627
evt_inv_008849_0,cust_b2b_025,inv_008849,2026-04-16T13:47:26.530083+00:00,11194449,SEND_REMINDER,0.8500000000000001,0,1.8208328521455095,0.22413793103448276,0.25958406491329766,0.0,1.0,-0.8804901746450303,0.47406439684241636,45.0,177.6931203091135
evt_inv_007684_0,cust_b2b_012,inv_007684,2026-04-16T13:57:50.762825+00:00,3341133,SEND_REMINDER,0.8500000000000001,0,6.7672042185928785,0.49171270718232046,-0.32355325149932446,0.0,1.0,-0.8802509472764066,0.47450845073506204,42.0,179.53618741260183
evt_inv_001820_0,cust_b2b_014,inv_001820,2026-04-16T14:34:58.882956+00:00,6993875,OFFER_PAYMENT_PLAN,0.05,0,8.585100411470094,0.2625,-0.8504270425082829,0.0,1.0,-0.8793952294748453,0.4760924599034143,25.0,182.84652854061537
evt_inv_007040_0,cust_b2b_008,inv_007040,2026-04-16T14:38:26.321081+00:00,8021074,SEND_REMINDER,0.8500000000000001,0,5.88593556415237,0.2742857142857143,-0.015151654725449623,0.0,1.0,-0.8793154170108722,0.4762398528126303,42.0,168.77875785810735
evt_inv_000146_1,cust_b2b_038,inv_000146,2026-04-16T14:41:53.145765+00:00,5694569,OFFER_PAYMENT_PLAN,0.8500000000000001,0,18.71775635627902,0.3028571428571429,0.8010586720175118,1.0,1.0,-0.8792358159751266,0.4763867965283604,39.0,179.61445175030224
evt_inv_007122_1,cust_b2b_009,inv_007122,2026-04-16T15:40:50.633582+00:00,5825932,OFFER_PAYMENT_PLAN,0.8500000000000001,0,17.450942630134357,0.16243654822335024,-0.01708448843764246,1.0,1.0,-0.8778705359117354,0.47889802899786765,40.0,174.55382176233698
evt_inv_000352_0,cust_b2b_038,inv_000352,2026-04-16T15:51:34.436873+00:00,5102146,SEND_REMINDER,0.8500000000000001,0,9.290710414882788,0.30113636363636365,0.45763970345842353,0.0,1.0,-0.8776212906792081,0.47935463922503235,40.0,179.6628463233104
evt_inv_005197_0,cust_b2b_028,inv_005197,2026-04-16T16:10:54.104452+00:00,3794079,ESCALATE_COLLECTIONS,0.05,0,3.621818667404463,0.3709677419354839,-0.6555967681174,0.0,1.0,-0.8771717320130131,0.4801767930224144,45.0,166.47204775426573
evt_inv_007538_1,cust_b2b_035,inv_007538,2026-04-16T16:25:00.587281+00:00,4932006,OFFER_PAYMENT_PLAN,0.8500000000000001,1,17.66347076355352,0.3553299492385787,-0.169321558828914,1.0,1.0,-0.8768430967694834,0.480776646321036,36.0,183.49506004115673
evt_inv_004143_1,cust_b2b_028,inv_004143,2026-04-16T16:27:23.632007+00:00,5980035,WRITE_OFF,0.05,1,18.934499662032707,0.3689839572192513,0.4070548922881019,1.0,1.0,-0.8767875211129859,0.4808779916159039,45.0,166.48350061948923
evt_inv_006277_1,cust_b2b_037,inv_006277,2026-04-16T16:34:49.297228+00:00,2135308,OFFER_PAYMENT_PLAN,0.8500000000000001,0,21.263407551587864,0.28191489361702127,-0.6572875373627254,1.0,1.0,-0.8766142964185407,0.4811936983322068,36.0,176.90451746615233
evt_inv_000522_1,cust_b2b_027,inv_000522,2026-04-16T17:09:33.345840+00:00,2484383,OFFER_PAYMENT_PLAN,0.8500000000000001,0,16.41587710438253,0.18229166666666666,-0.26707495446619967,1.0,1.0,-0.8758027435243374,0.4826691977278473,32.0,169.7967473058308
evt_inv_001499_0,cust_b2b_029,inv_001499,2026-04-16T17:19:43.401813+00:00,6147283,SEND_REMINDER,0.8500000000000001,0,3.229076569588078,0.24561403508771928,0.2452302840679673,0.0,1.0,-0.8755647105911462,0.4831008565169828,40.0,180.78713544997677
evt_inv_007239_0,cust_b2b_039,inv_007239,2026-04-16T18:17:25.485480+00:00,14716878,SEND_REMINDER,0.8500000000000001,0,6.479142829588815,0.40522875816993464,0.8816912652501897,0.0,1.0,-0.8742098395199835,0.4855483049980142,31.0,169.65789863839606
evt_inv_008392_0,cust_b2b_004,inv_008392,2026-04-16T18:30:02.196238+00:00,3320307,SEND_REMINDER,0.8500000000000001,0,5.914100581758388,0.17989417989417988,0.14590974085480057,0.0,1.0,-0.8739127926873558,0.48608274067013185,41.0,181.08016295417846
evt_inv_008094_0,cust_b2b_025,inv_008094,2026-04-16T18:41:44.210212+00:00,13871733,SEND_REMINDER,0.8500000000000001,0,7.445635103995334,0.22317596566523606,0.9195709926081259,0.0,1.0,-0.8736369249279334,0.48657838361610795,46.0,177.89749160690698
evt_inv_005833_0,cust_b2b_001,inv_005833,2026-04-16T18:54:36.827491+00:00,7437259,SEND_REMINDER,0.8500000000000001,0,8.401895375969687,0.059880239520958084,0.1893167031213314,0.0,1.0,-0.873332987525371,0.48712369363438895,32.0,169.6720513058133
evt_inv_004829_0,cust_b2b_028,inv_004829,2026-04-16T18:55:45.353789+00:00,6908149,SEND_REMINDER,0.8500000000000001,0,6.884090941441195,0.3723404255319149,0.8582361067584495,0.0,1.0,-0.8733060137523352,0.48717205004393066,44.0,166.58652980677962
evt_inv_002070_0,cust_b2b_036,inv_002070,2026-04-16T19:04:59.853272+00:00,5140504,SEND_REMINDER,0.8500000000000001,0,6.426604930079375,0.3065326633165829,0.9357915864249026,0.0,1.0,-0.8730876495301254,0.48756328434159274,36.0,181.2489965263488
evt_inv_000646_0,cust_b2b_020,inv_000646,2026-04-16T19:07:42.033602+00:00,6139955,SEND_REMINDER,0.8500000000000001,1,5.7578061772888915,0.38219895287958117,0.3628924580604905,0.0,1.0,-0.8730237491054301,0.48767769427963276,33.0,167.98943808726114
evt_inv_008065_0,cust_b2b_011,inv_008065,2026-04-16T19:28:22.554290+00:00,1757751,SEND_REMINDER,0.8500000000000001,0,7.880643058332505,0.38596491228070173,0.1878001873952876,0.0,1.0,-0.8725344776012947,0.4885525410813415,32.0,179.60834039993583
evt_inv_008851_0,cust_b2b_011,inv_008851,2026-04-16T19:48:22.869565+00:00,1618209,SEND_REMINDER,0.8500000000000001,0,6.83051307794352,0.38372093023255816,-0.025575199215304684,0.0,1.0,-0.8720602289213725,0.48939856674657667,33.0,179.62223293784066
evt_inv_004670_0,cust_b2b_023,inv_004670,2026-04-16T19:59:28.576990+00:00,2176388,SEND_REMINDER,0.8500000000000001,1,1.7405081080487494,0.4207650273224044,-0.08318130977868779,0.0,1.0,-0.8717968519649203,0.4898675830304091,34.0,170.12601406743215
evt_inv_008058_0,cust_b2b_007,inv_008058,2026-04-16T20:00:10.975350+00:00,4334472,SEND_REMINDER,0.8500000000000001,0,5.160546171600216,0.3020833333333333,0.030881933402897445,0.0,1.0,-0.8717800691573623,0.489897449493243,24.0,183.63477005891036
evt_inv_005614_0,cust_b2b_031,inv_005614,2026-04-16T20:27:12.486320+00:00,15130650,SEND_REMINDER,0.8500000000000001,0,9.96183873152979,0.32142857142857145,0.246701263513074,0.0,1.0,-0.8711374486846185,0.49103925046706165,34.0,178.19086990643504
evt_inv_003810_0,cust_b2b_029,inv_003810,2026-04-16T20:35:32.867292+00:00,4986881,SEND_REMINDER,0.8500000000000001,0,5.772095881684984,0.2441860465116279,-0.2729774908009309,0.0,1.0,-0.8709388408715749,0.4913914279485118,41.0,180.9231246337671
evt_inv_007148_1,cust_b2b_013,inv_007148,2026-04-16T20:42:22.000955+00:00,1932422,ESCALATE_COLLECTIONS,0.05,1,20.63933991856516,0.2,-0.4989330804584325,1.0,1.0,-0.8707763445201299,0.4916793241780257,32.0,180.56007802831417
evt_inv_002819_0,cust_b2b_008,inv_002819,2026-04-16T20:52:25.045857+00:00,9701576,SEND_REMINDER,0.8500000000000001,1,3.3551891856594787,0.2727272727272727,0.5054510131991339,0.0,1.0,-0.8705366585865913,0.4921035724894634,43.0,169.03846532079413
evt_inv_000948_0,cust_b2b_021,inv_000948,2026-04-16T21:03:51.958305+00:00,7967046,SEND_REMINDER,0.8500000000000001,1,2.3911734795109756,0.3403141361256545,-0.3267365143433888,0.0,1.0,-0.8702633868870686,0.4925866801323888,41.0,178.88321954116168
evt_inv_001111_0,cust_b2b_035,inv_001111,2026-04-16T21:11:12.914272+00:00,4507004,OFFER_PAYMENT_PLAN,0.05,0,6.786893668850975,0.35858585858585856,-0.37016127306951974,0.0,1.0,-0.8700878217966701,0.49289672585758376,37.0,183.69381382577046
evt_inv_006220_0,cust_b2b_015,inv_006220,2026-04-16T21:42:07.700468+00:00,12037101,SEND_REMINDER,0.8500000000000001,0,5.777521681924377,0.15300546448087432,0.6277068552462087,0.0,1.0,-0.8693481358834048,0.4942001807325138,35.0,178.03125690566722
evt_inv_006110_0,cust_b2b_009,inv_006110,2026-04-16T22:12:29.350746+00:00,5851332,SEND_REMINDER,0.8500000000000001,0,3.5572575820944157,0.16161616161616163,-0.00625940809434041,0.0,1.0,-0.8686197638604795,0.49547926882056825,40.0,174.82579765543565
evt_inv_001647_0,cust_b2b_031,inv_001647,2026-04-16T22:16:06.936959+00:00,10764019,SEND_REMINDER,0.8500000000000001,0,1.7806758368564215,0.31952662721893493,-0.5459832180147794,0.0,1.0,-0.8685326379357968,0.4956319772172554,34.0,178.26650012216794
evt_inv_007331_0,cust_b2b_025,inv_007331,2026-04-16T22:17:34.084522+00:00,5651455,SEND_REMINDER,0.8500000000000001,0,4.532362474623457,0.2222222222222222,-1.1068393365901203,0.0,1.0,-0.8684977347577377,0.4956931356400633,46.0,178.04737441141648
evt_inv_000087_0,cust_b2b_023,inv_000087,2026-04-16T22:37:22.380063+00:00,2700558,SEND_REMINDER,0.8500000000000001,1,9.910563934831863,0.42391304347826086,0.4988946611048806,0.0,1.0,-0.8680213848604664,0.496526812392763,35.0,170.23566456596902
evt_inv_002956_0,cust_b2b_009,inv_002956,2026-04-16T22:38:23.584461+00:00,4953081,SEND_REMINDER,0.8500000000000001,0,2.8104983034980577,0.16080402010050251,-0.38907914474523736,0.0,1.0,-0.8679968282894545,0.49656973939160587,41.0,174.84378647158383
evt_inv_002542_0,cust_b2b_028,inv_002542,2026-04-16T22:49:02.600678+00:00,4123589,SEND_REMINDER,0.8500000000000001,0,8.921789509898588,0.37037037037037035,-0.49541278094758673,0.0,1.0,-0.8677403139365382,0.4970178543768002,44.0,166.74853497910962
evt_inv_008658_1,cust_b2b_016,inv_008658,2026-04-16T23:29:27.393801+00:00,13352769,OFFER_PAYMENT_PLAN,0.8500000000000001,0,21.752019950453438,0.2523364485981308,0.8591464844548286,1.0,1.0,-0.8667648478311292,0.49871705261027466,41.0,172.6670544530085
evt_inv_008815_0,cust_b2b_029,inv_008815,2026-04-16T23:30:39.412624+00:00,4683142,SEND_REMINDER,0.8500000000000001,0,2.319594457356265,0.24277456647398843,-0.40862009268275906,0.0,1.0,-0.8667358245961961,0.4987674912838165,42.0,181.0447281676987
evt_inv_007035_0,cust_b2b_007,inv_007035,2026-04-16T23:36:07.187325+00:00,4514163,SEND_REMINDER,0.8500000000000001,0,4.067841883410843,0.3005181347150259,0.13580255308282752,0.0,1.0,-0.8666036959122274,0.4989970282789946,25.0,183.78472621603007
evt_inv_006412_1,cust_b2b_007,inv_006412,2026-04-16T23:42:14.021835+00:00,4621047,OFFER_PAYMENT_PLAN,0.8500000000000001,0,18.487134311487498,0.29896907216494845,0.19821158841833708,1.0,1.0,-0.86645574981193,0.4992538769181931,26.0,183.78897198582413
evt_inv_003065_0,cust_b2b_011,inv_003065,2026-04-16T23:46:34.914403+00:00,1506062,SEND_REMINDER,0.8500000000000001,0,5.978790309683175,0.3815028901734104,-0.19706017407037504,0.0,1.0,-0.8663504842765278,0.4994365208851128,33.0,179.78765012346673
evt_inv_000472_0,cust_b2b_036,inv_000472,2026-04-16T23:50:11.882153+00:00,6249315,SEND_REMINDER,0.8500000000000001,0,4.384620168199828,0.305,1.676895321699354,0.0,1.0,-0.866262912304676,0.49958839734867866,37.0,181.4470524161818
evt_inv_001531_0,cust_b2b_006,inv_001531,2026-04-17T00:12:09.411061+00:00,7201745,SEND_REMINDER,0.8500000000000001,0,3.1367353955307395,0.3333333333333333,0.7428094755501482,0.0,1.0,-0.8657305630012831,0.5005103318468874,28.0,180.13691831484007
evt_inv_005318_1,cust_b2b_032,inv_005318,2026-04-17T00:19:04.942990+00:00,8084283,SEND_REMINDER,0.05,0,22.294899018390723,0.11570247933884298,0.5776568903011247,1.0,1.0,-0.8655624632202227,0.5008009806940683,47.0,184.94818808410014
evt_inv_001052_0,cust_b2b_018,inv_001052,2026-04-17T00:35:07.095388+00:00,1764091,SEND_REMINDER,0.8500000000000001,0,1.5723014604117007,0.61875,-0.33322683143963894,0.0,1.0,-0.865172858426874,0.5014737530932923,32.0,170.44970939614612
evt_inv_008342_1,cust_b2b_001,inv_008342,2026-04-17T00:57:39.667379+00:00,8393075,OFFER_PAYMENT_PLAN,0.8500000000000001,0,24.257761977007906,0.05952380952380952,0.5349403655089836,1.0,1.0,-0.8646242766500363,0.5024190086246753,31.0,169.92416750822727
evt_inv_005648_1,cust_b2b_013,inv_005648,2026-04-17T01:25:49.680770+00:00,1992783,OFFER_PAYMENT_PLAN,0.8500000000000001,1,18.598661660731345,0.20388349514563106,-0.4364280247494189,1.0,1.0,-0.8639373826950419,0.5035992442230633,32.0,180.75692617431105
evt_inv_003312_0,cust_b2b_017,inv_003312,2026-04-17T01:34:13.850396+00:00,6948138,SEND_REMINDER,0.8500000000000001,0,6.725737610026122,0.2972972972972973,0.16233714811348718,0.0,1.0,-0.8637321544726011,0.5039511537144435,31.0,181.5807006520624
evt_inv_007437_0,cust_b2b_035,inv_007437,2026-04-17T01:35:32.635079+00:00,5167606,SEND_REMINDER,0.8500000000000001,0,9.451525365752378,0.35678391959798994,-0.05798594238686971,0.0,1.0,-0.8637000712823808,0.50400613772732,37.0,183.87737540918855
evt_inv_004786_0,cust_b2b_004,inv_004786,2026-04-17T01:49:21.748332+00:00,4051821,OFFER_PAYMENT_PLAN,0.05,0,2.695378380977227,0.17894736842105263,0.7288436909287892,0.0,1.0,-0.8633622223952053,0.5045846538895253,41.0,181.3852503626672
evt_inv_005987_1,cust_b2b_010,inv_005987,2026-04-17T01:50:19.573880+00:00,3207253,OFFER_PAYMENT_PLAN,0.8500000000000001,0,21.871972331780057,0.16,0.24782650359471173,1.0,1.0,-0.8633386450570072,0.5046249933872984,45.0,176.75015241424896
evt_inv_008281_0,cust_b2b_024,inv_008281,2026-04-17T01:53:14.265434+00:00,3276776,SEND_REMINDER,0.8500000000000001,0,7.478346196600905,0.15979381443298968,-0.6985906859288075,0.0,1.0,-0.8632674062370131,0.5047468527180924,35.0,175.29659138683823
evt_inv_004448_1,cust_b2b_031,inv_004448,2026-04-17T01:57:45.193709+00:00,11777076,OFFER_PAYMENT_PLAN,0.8500000000000001,0,23.77307354451313,0.3176470588235294,-0.36208059142405935,1.0,1.0,-0.863156888277136,0.5049358238625298,35.0,178.42041513084556
evt_inv_008393_0,cust_b2b_004,inv_008393,2026-04-17T02:04:55.781868+00:00,3543937,SEND_REMINDER,0.8500000000000001,0,8.566347792752397,0.17801047120418848,0.3241177919382668,0.0,1.0,-0.8629811562151054,0.5052361071990399,42.0,181.39606093600844
evt_inv_007806_0,cust_b2b_030,inv_007806,2026-04-17T02:07:15.038672+00:00,3127147,SEND_REMINDER,0.8500000000000001,0,4.971172382795423,0.32275132275132273,0.794269694173424,0.0,1.0,-0.8629243002349012,0.5053332089464397,36.0,184.93513757121022
evt_inv_006930_0,cust_b2b_027,inv_006930,2026-04-17T02:14:14.277048+00:00,2712604,SEND_REMINDER,0.8500000000000001,0,5.240948980446387,0.18134715025906736,-0.061953332023092,0.0,1.0,-0.8627530669955279,0.5056254991491331,33.0,170.17499882444503
evt_inv_002119_0,cust_b2b_003,inv_002119,2026-04-17T02:15:59.380190+00:00,5340619,SEND_REMINDER,0.8500000000000001,0,4.465008709756711,0.17616580310880828,0.2865132624640753,0.0,1.0,-0.8627101232670338,0.5056987672642475,28.0,172.02275388217333
evt_inv_000194_0,cust_b2b_009,inv_000194,2026-04-17T02:27:17.106132+00:00,4053153,SEND_REMINDER,0.8500000000000001,0,7.43047143388074,0.16,-0.7726134317269088,0.0,1.0,-0.8624330641690845,0.5061711270192362,41.0,175.0027392686967
evt_inv_001023_0,cust_b2b_010,inv_001023,2026-04-17T02:28:25.665666+00:00,2891929,SEND_REMINDER,0.8500000000000001,0,7.789975187629241,0.1590909090909091,-0.022328567293770668,0.0,1.0,-0.8624050221460865,0.506218903022406,46.0,176.7766118099241
evt_inv_001741_1,cust_b2b_028,inv_001741,2026-04-17T02:40:08.190875+00:00,5407672,SEND_REMINDER,0.05,0,21.763129753403,0.3684210526315789,0.128813895188808,1.0,1.0,-0.8621175248198961,0.5067083711548643,44.0,166.90901634712262
evt_inv_001496_0,cust_b2b_036,inv_001496,2026-04-17T02:44:13.055357+00:00,3324717,SEND_REMINDER,0.8500000000000001,0,4.834494706643712,0.3034825870646766,-0.27783743635640573,0.0,1.0,-0.8620172526111903,0.5068789364341896,38.0,181.567899328263
evt_inv_004683_1,cust_b2b_013,inv_004683,2026-04-17T02:51:07.989013+00:00,2343292,OFFER_PAYMENT_PLAN,0.8500000000000001,0,21.935940348198216,0.20772946859903382,-0.07346844012192456,1.0,1.0,-0.8618472598956433,0.5071679215115754,33.0,180.81616585306062
evt_inv_004699_0,cust_b2b_029,inv_004699,2026-04-17T03:12:26.376550+00:00,4353072,SEND_REMINDER,0.8500000000000001,0,8.64054083979315,0.2413793103448276,-0.5560215346106074,0.0,1.0,-0.8613229128241522,0.5080579099316513,43.0,181.19874395387956
evt_inv_006587_0,cust_b2b_025,inv_006587,2026-04-17T03:23:19.118708+00:00,9768480,SEND_REMINDER,0.8500000000000001,0,1.2013593383652672,0.22127659574468084,-0.0919368108313387,0.0,1.0,-0.8610548277725154,0.5085121272591676,47.0,178.25970119597756
evt_inv_004465_0,cust_b2b_025,inv_004465,2026-04-17T03:28:05.044152+00:00,12337953,SEND_REMINDER,0.8500000000000001,0,4.7788186207886225,0.22033898305084745,0.5414731907242972,0.0,1.0,-0.8609373210609856,0.5087110468668173,48.0,178.2630105182465
evt_inv_001457_0,cust_b2b_025,inv_001457,2026-04-17T03:28:54.754184+00:00,7022162,SEND_REMINDER,0.8500000000000001,0,4.3765252112335125,0.21940928270042195,-0.7689415625406517,0.0,1.0,-0.8609168870516748,0.5087456275873572,49.0,178.26358586583683
evt_inv_001210_1,cust_b2b_027,inv_001210,2026-04-17T03:29:29.739421+00:00,3366526,SEND_REMINDER,0.05,0,23.25760535475225,0.18041237113402062,0.52578156597271,1.0,1.0,-0.860902505044086,0.5087699645309434,34.0,170.2272611204219
evt_inv_008013_0,cust_b2b_038,inv_008013,2026-04-17T03:46:57.883376+00:00,3786767,SEND_REMINDER,0.8500000000000001,0,3.5009852186474806,0.2994350282485876,-0.30486664804351493,0.0,1.0,-0.86047130673811,0.5094989011572147,40.0,180.15964547265165
evt_inv_006472_0,cust_b2b_011,inv_006472,2026-04-17T03:47:39.641808+00:00,2143821,SEND_REMINDER,0.8500000000000001,1,5.484794988919741,0.3793103448275862,0.7781455867734169,0.0,1.0,-0.8604541148561039,0.5095279346877841,34.0,179.9550659499126
evt_inv_002514_1,cust_b2b_032,inv_002514,2026-04-17T04:02:32.714511+00:00,9316486,ESCALATE_COLLECTIONS,0.05,0,19.118712156177274,0.11522633744855967,1.0467518649649512,1.0,1.0,-0.8600862037199576,0.5101487255404953,48.0,185.10337062484408
evt_inv_003981_0,cust_b2b_014,inv_003981,2026-04-17T04:12:02.753102+00:00,9634913,SEND_REMINDER,0.8500000000000001,0,6.772888843873476,0.2608695652173913,-0.22751282418167984,0.0,1.0,-0.8598511358566935,0.5105448307112256,25.0,183.4139344450774
evt_inv_001276_1,cust_b2b_013,inv_001276,2026-04-17T04:14:03.911851+00:00,2702036,OFFER_PAYMENT_PLAN,0.8500000000000001,0,22.589844249338803,0.20673076923076922,0.2980191270266797,1.0,1.0,-0.8598011498917839,0.5106290068579792,33.0,180.87375755256514
evt_inv_005550_0,cust_b2b_002,inv_005550,2026-04-17T04:46:15.067188+00:00,4359109,SEND_REMINDER,0.8500000000000001,0,1.2038041653270695,0.1534090909090909,0.3664279924949214,0.0,1.0,-0.8590033089870209,0.5119700334485883,25.0,179.77438021158898
evt_inv_001224_1,cust_b2b_033,inv_001224,2026-04-17T04:47:07.329817+00:00,3740997,OFFER_PAYMENT_PLAN,0.8500000000000001,0,20.68574169971567,0.15846994535519127,-0.3554153177206897,1.0,1.0,-0.8589816880357638,0.5120063081830434,36.0,166.3477634285504
evt_inv_001834_0,cust_b2b_023,inv_001834,2026-04-17T04:47:09.080810+00:00,1770094,SEND_REMINDER,0.8500000000000001,0,1.7079039628747688,0.42702702702702705,-0.5343597120741543,0.0,1.0,-0.8589809636267595,0.5120075235060942,34.0,170.4924550838745
evt_inv_006865_0,cust_b2b_017,inv_006865,2026-04-17T05:12:34.692890+00:00,6434038,WRITE_OFF,0.05,1,1.6048604596763276,0.2956989247311828,-0.03465185019171558,0.0,1.0,-0.8583491444235412,0.5130660252515019,32.0,181.73233077352438
evt_inv_007645_1,cust_b2b_004,inv_007645,2026-04-17T05:26:44.536782+00:00,3493759,OFFER_PAYMENT_PLAN,0.8500000000000001,0,22.384655240047387,0.17708333333333334,0.28413156719186156,1.0,1.0,-0.8579966231023779,0.5136553267950368,43.0,181.53620856232286
evt_inv_001623_0,cust_b2b_013,inv_001623,2026-04-17T05:45:13.231075+00:00,2386331,SEND_REMINDER,0.8500000000000001,0,3.2963822416612167,0.20574162679425836,-0.028900280573888895,0.0,1.0,-0.8575361206095707,0.5144237570815404,34.0,180.93705985840373
evt_inv_004733_0,cust_b2b_030,inv_004733,2026-04-17T05:51:48.929874+00:00,2347195,SEND_REMINDER,0.8500000000000001,1,4.500889612126897,0.32105263157894737,-0.02736449889965881,0.0,1.0,-0.8573715981927869,0.5146979139382114,37.0,185.09108538605415
evt_inv_002559_1,cust_b2b_024,inv_002559,2026-04-17T05:53:41.789949+00:00,3925809,OFFER_PAYMENT_PLAN,0.8500000000000001,0,18.54933581413693,0.15897435897435896,-0.3417844448741321,1.0,1.0,-0.8573246575164805,0.5147760985265822,36.0,175.463576624281
evt_inv_006052_1,cust_b2b_030,inv_006052,2026-04-17T06:08:52.128436+00:00,2164029,ESCALATE_COLLECTIONS,0.05,0,17.755708598559107,0.32460732984293195,-0.22031955116446447,1.0,1.0,-0.8569457695694753,0.5154065851509658,38.0,185.10292796199835
evt_inv_007409_1,cust_b2b_034,inv_007409,2026-04-17T06:10:27.424955+00:00,4352678,OFFER_PAYMENT_PLAN,0.8500000000000001,0,22.977197230907166,0.4935897435897436,-0.40777890584855975,1.0,1.0,-0.8569060798144797,0.515472569955939,30.0,167.18061615250508
evt_inv_005970_0,cust_b2b_031,inv_005970,2026-04-17T06:29:23.415596+00:00,18316649,SEND_REMINDER,0.8500000000000001,1,6.663170656245629,0.3157894736842105,0.8250629483036662,0.0,1.0,-0.8564325633466471,0.5162589122131369,36.0,178.60905195824367
evt_inv_004659_0,cust_b2b_036,inv_004659,2026-04-17T06:30:58.820805+00:00,2812100,SEND_REMINDER,0.8500000000000001,0,3.150763650735412,0.30198019801980197,-0.6204588092079147,0.0,1.0,-0.8563927626170895,0.5163249327091124,37.0,181.7253734653912
evt_inv_003247_0,cust_b2b_005,inv_003247,2026-04-17T06:47:01.221169+00:00,8312692,SEND_REMINDER,0.8500000000000001,0,1.5651808970678984,0.25654450261780104,0.17341149387754573,0.0,1.0,-0.8559909880526283,0.5169907430241717,32.0,177.6224107343628
evt_inv_001430_0,cust_b2b_022,inv_001430,2026-04-17T06:56:33.528427+00:00,1632685,SEND_REMINDER,0.8500000000000001,0,5.222828224586767,0.21951219512195122,-0.33367948413228055,0.0,1.0,-0.8557518207244268,0.5173865299047015,31.0,173.83925118779618
evt_inv_008517_1,cust_b2b_032,inv_008517,2026-04-17T07:02:57.426089+00:00,5920617,OFFER_PAYMENT_PLAN,0.8500000000000001,0,20.010820941853037,0.11475409836065574,-0.24604268403307852,1.0,1.0,-0.8555912872551749,0.5176519575670828,48.0,185.22865663848515
evt_inv_002984_0,cust_b2b_025,inv_002984,2026-04-17T07:17:34.348306+00:00,9240522,SEND_REMINDER,0.8500000000000001,0,4.9609444539639815,0.2184873949579832,-0.22208547239812776,0.0,1.0,-0.8552242782237767,0.5182580765763524,50.0,178.4223774644705
evt_inv_004433_0,cust_b2b_006,inv_004433,2026-04-17T07:23:29.487897+00:00,6562267,SEND_REMINDER,0.8500000000000001,1,9.58546443179029,0.3315508021390374,0.45486458110784095,0.0,1.0,-0.8550755232156151,0.5185034711528382,29.0,180.43645624118184
evt_inv_006676_0,cust_b2b_024,inv_006676,2026-04-17T07:24:32.556523+00:00,3550374,SEND_REMINDER,0.8500000000000001,0,5.30474292392584,0.15816326530612246,-0.5481801044280663,0.0,1.0,-0.8550490987081376,0.5185470458872575,35.0,175.52666420036735
evt_inv_008660_0,cust_b2b_017,inv_008660,2026-04-17T07:53:19.548159+00:00,7189257,ESCALATE_COLLECTIONS,0.05,0,8.450318242185554,0.2994652406417112,0.2547274812712423,0.0,1.0,-0.8543246606746011,0.5197397177080348,32.0,181.84396104284266
evt_inv_001553_0,cust_b2b_004,inv_001553,2026-04-17T07:55:42.988817+00:00,2411490,SEND_REMINDER,0.8500000000000001,0,7.062361980613436,0.17616580310880828,-0.5783150363151105,0.0,1.0,-0.8542644153762516,0.5198387332835742,44.0,181.6396628682879
evt_inv_007275_1,cust_b2b_028,inv_007275,2026-04-17T07:59:01.974070+00:00,4818823,OFFER_PAYMENT_PLAN,0.8500000000000001,0,16.549918262092916,0.36649214659685864,-0.15744121531207417,1.0,1.0,-0.8541808222607676,0.5199760791439535,44.0,167.13047217113936
evt_inv_006059_0,cust_b2b_016,inv_006059,2026-04-17T08:28:41.331384+00:00,7396856,WRITE_OFF,0.05,0,4.4619712080523275,0.25116279069767444,-0.6391781794670967,0.0,1.0,-0.8534323381809312,0.5212036493991852,41.0,173.0415213231811
evt_inv_000172_0,cust_b2b_001,inv_000172,2026-04-17T08:41:03.827179+00:00,9410550,SEND_REMINDER,0.8500000000000001,0,2.207137863438355,0.05917159763313609,0.9028597644354287,0.0,1.0,-0.853119486634806,0.5217155753127993,31.0,170.24597491332042
evt_inv_005999_1,cust_b2b_037,inv_005999,2026-04-17T08:58:01.071994+00:00,3387649,OFFER_PAYMENT_PLAN,0.8500000000000001,0,16.69242509886134,0.2804232804232804,0.42344936765904684,1.0,1.0,-0.8526903707218264,0.5224166265331476,33.0,177.58729263705723
evt_inv_006971_0,cust_b2b_000,inv_006971,2026-04-17T09:46:28.915279+00:00,4914592,SEND_REMINDER,0.8500000000000001,0,3.097246135284352,0.39080459770114945,0.006859041616444564,0.0,1.0,-0.8514605461276987,0.5244186670856797,38.0,177.05541606598308
evt_inv_006632_1,cust_b2b_001,inv_006632,2026-04-17T10:37:34.392979+00:00,7651358,OFFER_PAYMENT_PLAN,0.8500000000000001,0,20.09496393596917,0.058823529411764705,0.2667350810718373,1.0,1.0,-0.8501589630381539,0.5265261034040867,32.0,170.3268842397073
evt_inv_006230_1,cust_b2b_006,inv_006230,2026-04-17T10:46:43.900202+00:00,6914395,SEND_REMINDER,0.05,1,24.642843391818246,0.3351063829787234,0.6134211349928593,1.0,1.0,-0.8499250940880275,0.5269035342825645,30.0,180.57759527248572
evt_inv_004400_0,cust_b2b_020,inv_004400,2026-04-17T11:03:51.464443+00:00,4329830,SEND_REMINDER,0.8500000000000001,0,6.784039868233574,0.3854166666666667,-0.48111901032896315,0.0,1.0,-0.8494873156256152,0.5276090414228953,33.0,168.6534361293968
evt_inv_000648_0,cust_b2b_023,inv_000648,2026-04-17T11:11:14.563606+00:00,1844410,SEND_REMINDER,0.8500000000000001,0,1.7342654303355014,0.42473118279569894,-0.4518339696333361,0.0,1.0,-0.8492983590867945,0.5279131531345646,33.0,170.75918520882763
evt_inv_008414_1,cust_b2b_015,inv_008414,2026-04-17T11:48:57.096487+00:00,10074291,OFFER_PAYMENT_PLAN,0.8500000000000001,0,24.88446627446992,0.15217391304347827,0.11769244691881998,1.0,1.0,-0.8483318210514758,0.5294649387745017,36.0,178.6193286188603
evt_inv_001561_0,cust_b2b_037,inv_001561,2026-04-17T11:50:36.348553+00:00,3322887,SEND_REMINDER,0.8500000000000001,1,3.803497638878963,0.2789473684210526,0.3675613488503447,0.0,1.0,-0.8482893563303386,0.5295329715293088,34.0,177.70714537500908
evt_inv_001010_1,cust_b2b_029,inv_001010,2026-04-17T12:03:59.624376+00:00,4560213,OFFER_PAYMENT_PLAN,0.8500000000000001,0,16.417345156303785,0.24,-0.4635174612238609,1.0,1.0,-0.8479454762542152,0.530083455033273,43.0,181.56787876667818
evt_inv_005680_0,cust_b2b_013,inv_005680,2026-04-17T12:45:56.197620+00:00,2412750,SEND_REMINDER,0.8500000000000001,0,1.0378227737515384,0.20476190476190476,-0.0015425291320527357,0.0,1.0,-0.8468658264671671,0.5318066114313378,35.0,181.22922382303852
evt_inv_000289_0,cust_b2b_004,inv_000289,2026-04-17T12:53:49.388424+00:00,3451747,SEND_REMINDER,0.8500000000000001,0,9.403740006567967,0.17525773195876287,0.25065207404806694,0.0,1.0,-0.8466624288654939,0.5321303708186391,45.0,181.84668138225598
evt_inv_003183_0,cust_b2b_006,inv_003183,2026-04-17T12:56:09.575163+00:00,4331832,SEND_REMINDER,0.8500000000000001,0,3.0154436405809517,0.3386243386243386,-0.5494581161238111,0.0,1.0,-0.8466021468547245,0.5322262723137327,31.0,180.66747576972423
evt_inv_000532_0,cust_b2b_039,inv_000532,2026-04-17T13:00:44.720386+00:00,11529002,SEND_REMINDER,0.8500000000000001,1,3.190689722993985,0.4025974025974026,0.14917089362270616,0.0,1.0,-0.8464837994647926,0.5324144788073,30.0,170.43798237573446
evt_inv_003278_1,cust_b2b_023,inv_003278,2026-04-17T13:05:45.689086+00:00,2181304,OFFER_PAYMENT_PLAN,0.8500000000000001,0,23.124605796271922,0.42245989304812837,-0.0777224545393155,1.0,1.0,-0.8463542967856666,0.5326203190946057,34.0,170.83871212409827
evt_inv_004717_1,cust_b2b_027,inv_004717,2026-04-17T13:20:21.479748+00:00,2807020,ESCALATE_COLLECTIONS,0.05,0,18.945949866635726,0.1794871794871795,0.02290606582578964,1.0,1.0,-0.8459771714291391,0.5332191157683238,30.0,170.63758218902277
evt_inv_004918_0,cust_b2b_026,inv_004918,2026-04-17T13:21:47.055511+00:00,4279775,SEND_REMINDER,0.8500000000000001,0,4.6298208356664,0.29896907216494845,-0.25692216172325355,0.0,1.0,-0.8459402988151447,0.5332776114188028,37.0,169.69334659415276
evt_inv_003710_0,cust_b2b_034,inv_003710,2026-04-17T13:22:15.195193+00:00,4508771,OFFER_PAYMENT_PLAN,0.05,1,3.9796920119119994,0.49044585987261147,-0.3327490496473401,0.0,1.0,-0.8459281731940372,0.5332968458528504,31.0,167.48047460432926
evt_inv_001769_0,cust_b2b_000,inv_001769,2026-04-17T13:36:00.359725+00:00,5315811,SEND_REMINDER,0.8500000000000001,0,9.737995768524291,0.38857142857142857,0.21151468410712806,0.0,1.0,-0.8455724085793294,0.5338607513662637,39.0,177.2148077841116
evt_inv_006908_0,cust_b2b_025,inv_006908,2026-04-17T13:38:19.159008+00:00,8252991,SEND_REMINDER,0.8500000000000001,0,8.752759476236672,0.2175732217573222,-0.46552552164193906,0.0,1.0,-0.8455125291845375,0.5339555814784286,50.0,178.68678499574503
evt_inv_006334_0,cust_b2b_022,inv_006334,2026-04-17T14:15:21.780804+00:00,1679038,SEND_REMINDER,0.8500000000000001,0,2.4695163924360783,0.21818181818181817,-0.27217685227747607,0.0,1.0,-0.8445522197964118,0.5354732001108489,31.0,174.14397633105293
evt_inv_003896_0,cust_b2b_006,inv_003896,2026-04-17T14:22:41.994962+00:00,6856342,SEND_REMINDER,0.8500000000000001,0,4.428951241002029,0.3368421052631579,0.587281084461028,0.0,1.0,-0.844361696906965,0.5357735760527861,32.0,180.7275732210991
evt_inv_004842_0,cust_b2b_003,inv_004842,2026-04-17T14:37:53.806016+00:00,5480835,SEND_REMINDER,0.8500000000000001,0,2.4625777718928297,0.17525773195876287,0.35967249903337334,0.0,1.0,-0.843966729025195,0.5363955259866671,26.0,172.53796714404788
evt_inv_006944_0,cust_b2b_025,inv_006944,2026-04-17T14:52:00.619388+00:00,10957121,SEND_REMINDER,0.8500000000000001,0,5.979563680064015,0.21666666666666667,0.2010793113850244,0.0,1.0,-0.8435995057897604,0.5369728799774454,51.0,178.73795930569713
evt_inv_000012_0,cust_b2b_027,inv_000012,2026-04-17T15:54:01.867546+00:00,3052191,SEND_REMINDER,0.8500000000000001,1,4.6057449843998866,0.17857142857142858,0.2432621959812188,0.0,1.0,-0.8419810959534988,0.5395070287372956,30.0,170.74429964038788
evt_inv_006906_1,cust_b2b_024,inv_006906,2026-04-17T16:08:25.686822+00:00,5438706,OFFER_PAYMENT_PLAN,0.8500000000000001,0,17.57199978331346,0.15736040609137056,0.4899317574467454,1.0,1.0,-0.8416043227081144,0.5400945880112261,36.0,175.89047357883123
evt_inv_008068_1,cust_b2b_007,inv_008068,2026-04-17T16:29:08.848504+00:00,4131674,OFFER_PAYMENT_PLAN,0.8500000000000001,0,17.206270774921567,0.29743589743589743,-0.08753124575295329,1.0,1.0,-0.841061371573135,0.5409397094386,26.0,184.4882176648581
evt_inv_008510_0,cust_b2b_039,inv_008510,2026-04-17T16:30:50.259907+00:00,9106343,SEND_REMINDER,0.8500000000000001,0,7.276596259476187,0.4064516129032258,-0.40751545554038854,0.0,1.0,-0.8410170426750153,0.5410086264840621,31.0,170.58387982389644
evt_inv_003460_1,cust_b2b_015,inv_003460,2026-04-17T16:33:27.143454+00:00,9807830,OFFER_PAYMENT_PLAN,0.8500000000000001,0,17.035610490955435,0.15135135135135136,0.04845559179048037,1.0,1.0,-0.8409484546978874,0.5411152340687104,35.0,178.81689860689735
evt_inv_002289_0,cust_b2b_014,inv_002289,2026-04-17T16:40:39.907574+00:00,8791779,SEND_REMINDER,0.8500000000000001,0,3.0955350322165085,0.25925925925925924,-0.42637402485601206,0.0,1.0,-0.8407591843385133,0.5414092665908461,24.0,183.9338089181356
evt_inv_007635_0,cust_b2b_010,inv_007635,2026-04-17T16:45:12.746392+00:00,3009707,SEND_REMINDER,0.8500000000000001,0,4.374523840941545,0.15819209039548024,0.07857814825552431,0.0,1.0,-0.8406398048284965,0.5415946071905695,47.0,177.3716011701791
evt_inv_005414_0,cust_b2b_030,inv_005414,2026-04-17T17:13:43.023617+00:00,1169901,SEND_REMINDER,0.8500000000000001,0,5.12111190222337,0.3229166666666667,-1.2675767034657268,0.0,1.0,-0.839890549480439,0.5427558059509325,37.0,185.5646281377041
evt_inv_000792_0,cust_b2b_037,inv_000792,2026-04-17T17:32:48.308420+00:00,2578892,SEND_REMINDER,0.8500000000000001,0,3.2079663036073454,0.28272251308900526,-0.2744861782923745,0.0,1.0,-0.8393879148785214,0.5435328217834579,34.0,177.9447837993938
evt_inv_000652_0,cust_b2b_011,inv_000652,2026-04-17T17:32:57.774374+00:00,1286434,SEND_REMINDER,0.8500000000000001,0,5.653635154428113,0.38285714285714284,-0.532896495954912,0.0,1.0,-0.839383757530808,0.5435392419995652,30.0,180.52819248423972
evt_inv_003794_1,cust_b2b_028,inv_003794,2026-04-17T17:54:49.557106+00:00,3920432,OFFER_PAYMENT_PLAN,0.8500000000000001,0,20.450901306235174,0.3645833333333333,-0.5941729208483869,1.0,1.0,-0.838807161502626,0.5444286416160592,44.0,167.54421734516896
evt_inv_006981_0,cust_b2b_020,inv_006981,2026-04-17T18:03:35.526686+00:00,5582005,SEND_REMINDER,0.8500000000000001,0,4.397291094318612,0.38341968911917096,0.10273565633271069,0.0,1.0,-0.8385757060804722,0.5447850816346181,33.0,168.9449183312868
evt_inv_004921_0,cust_b2b_029,inv_004921,2026-04-17T18:29:31.909487+00:00,7322535,SEND_REMINDER,0.8500000000000001,0,9.155884113311293,0.23863636363636365,0.7700700537743741,0.0,1.0,-0.8378899253493105,0.5458392373200436,44.0,181.83561354805374
evt_inv_001691_0,cust_b2b_023,inv_001691,2026-04-17T18:30:19.811922+00:00,1069808,SEND_REMINDER,0.8500000000000001,0,4.852504711568377,0.42021276595744683,-1.312007877988771,0.0,1.0,-0.8378687973262805,0.5458716684963713,34.0,171.06410706433294
evt_inv_007289_0,cust_b2b_009,inv_007289,2026-04-17T18:38:27.978236+00:00,4780764,SEND_REMINDER,0.8500000000000001,0,7.624512895828684,0.15920398009950248,-0.46251777534472693,0.0,1.0,-0.8376534133358106,0.5462021229607825,40.0,175.67717065879836
evt_inv_007969_0,cust_b2b_023,inv_007969,2026-04-17T18:45:05.968488+00:00,2684127,SEND_REMINDER,0.8500000000000001,1,1.4530597494268143,0.41798941798941797,0.48064822076908087,0.0,1.0,-0.8374777195069092,0.5464714716520038,35.0,171.0743635060728
evt_inv_008497_1,cust_b2b_036,inv_008497,2026-04-17T19:04:53.866950+00:00,3285613,OFFER_PAYMENT_PLAN,0.8500000000000001,0,22.3218815345702,0.30049261083743845,-0.30397354137994786,1.0,1.0,-0.8369528036800685,0.5472750719812411,36.0,182.24892724021228
evt_inv_002459_0,cust_b2b_016,inv_002459,2026-04-17T19:17:07.364217+00:00,7164300,SEND_REMINDER,0.8500000000000001,0,9.35332690864659,0.25,-0.6976822287445965,0.0,1.0,-0.8366282963326166,0.5477710231251589,40.0,173.4918226291187
evt_inv_005858_0,cust_b2b_020,inv_005858,2026-04-17T19:27:05.144594+00:00,3861495,SEND_REMINDER,0.8500000000000001,0,9.410280279492389,0.38144329896907214,-0.699490718437501,0.0,1.0,-0.8363636142908428,0.548175067556304,33.0,169.00290002003976
evt_inv_006484_1,cust_b2b_021,inv_006484,2026-04-17T19:46:08.918601+00:00,11096706,OFFER_PAYMENT_PLAN,0.8500000000000001,1,17.018953265777625,0.34375,0.5269769994972383,1.0,1.0,-0.8358566362599136,0.5489477968079137,40.0,179.8292491742162
evt_inv_006527_0,cust_b2b_013,inv_006527,2026-04-17T19:50:41.522447+00:00,2058362,ESCALATE_COLLECTIONS,0.05,1,7.755805968158137,0.2037914691943128,-0.36851989163995885,0.0,1.0,-0.8357356991848373,0.5491318977331686,36.0,181.5241928603874
evt_inv_006390_0,cust_b2b_010,inv_006390,2026-04-17T19:54:26.705171+00:00,5185756,SEND_REMINDER,0.8500000000000001,0,8.916450906384332,0.15730337078651685,1.9429167069459756,0.0,1.0,-0.8356357692781183,0.5492839530725138,47.0,177.50301273011348
evt_inv_001505_0,cust_b2b_007,inv_001505,2026-04-17T20:13:39.289782+00:00,3489153,SEND_REMINDER,0.8500000000000001,0,7.587277757891524,0.29591836734693877,-0.46269668799685754,0.0,1.0,-0.835123850768078,0.5500619545817516,27.0,184.64412555002457
evt_inv_000202_1,cust_b2b_031,inv_000202,2026-04-17T20:34:20.044861+00:00,13901520,OFFER_PAYMENT_PLAN,0.8500000000000001,0,16.903670406943792,0.31976744186046513,0.023574560385805764,1.0,1.0,-0.8345719619289943,0.5508989384288095,33.0,179.19581850065353
evt_inv_004907_0,cust_b2b_019,inv_004907,2026-04-17T20:43:47.161913+00:00,3263935,SEND_REMINDER,0.8500000000000001,0,9.037320775765343,0.36416184971098264,-0.10465536858988536,0.0,1.0,-0.8343194284501175,0.5512813177595166,36.0,179.80197309580976
evt_inv_002242_0,cust_b2b_013,inv_002242,2026-04-17T21:12:06.876852+00:00,2776796,SEND_REMINDER,0.8500000000000001,1,3.3125249340138425,0.20754716981132076,0.3754349671255926,0.0,1.0,-0.8335615074127266,0.5524266588062373,36.0,181.5807363141564
evt_inv_005166_0,cust_b2b_012,inv_005166,2026-04-17T21:14:09.392034+00:00,5697219,SEND_REMINDER,0.8500000000000001,0,6.438241369402114,0.489010989010989,1.2112235653315586,0.0,1.0,-0.8335068158176879,0.5525091745712996,40.0,180.83918080623297
evt_inv_003084_1,cust_b2b_002,inv_003084,2026-04-17T21:17:47.197054+00:00,3417940,OFFER_PAYMENT_PLAN,0.8500000000000001,0,18.619146961817194,0.15254237288135594,-0.2524586046498306,1.0,1.0,-0.8334095660347982,0.5526558560638702,26.0,180.4629465294756
evt_inv_002642_0,cust_b2b_014,inv_002642,2026-04-17T21:29:44.513868+00:00,10157352,SEND_REMINDER,0.8500000000000001,0,4.448173741975372,0.25766871165644173,-0.10429044901708995,0.0,1.0,-0.8330891021181476,0.5531388143422759,24.0,184.13455667616165
evt_inv_004439_1,cust_b2b_001,inv_004439,2026-04-17T21:31:11.736321+00:00,8499107,OFFER_PAYMENT_PLAN,0.8500000000000001,1,19.41799768543337,0.05847953216374269,0.5732814394402391,1.0,1.0,-0.83305011608073,0.55319752719791,33.0,170.78078867653085
evt_inv_000382_1,cust_b2b_022,inv_000382,2026-04-17T21:42:38.270846+00:00,2101275,OFFER_PAYMENT_PLAN,0.8500000000000001,0,18.309176915467575,0.21686746987951808,0.2880661442415142,1.0,1.0,-0.8327431095834641,0.5536595645712831,32.0,174.4545838546899
evt_inv_006775_0,cust_b2b_003,inv_006775,2026-04-17T21:43:41.455578+00:00,5272950,SEND_REMINDER,0.8500000000000001,0,9.728493176138015,0.17435897435897435,0.2512064712454704,0.0,1.0,-0.8327148415728465,0.5537020793028588,26.0,172.8336575325001
evt_inv_003949_0,cust_b2b_039,inv_003949,2026-04-17T22:04:22.501498+00:00,10301609,SEND_REMINDER,0.8500000000000001,1,9.543263852528646,0.40384615384615385,-0.13286338599961472,0.0,1.0,-0.8321591741877209,0.5545368417113604,32.0,170.815502990463
evt_inv_002236_0,cust_b2b_006,inv_002236,2026-04-17T22:10:19.705244+00:00,6422892,SEND_REMINDER,0.8500000000000001,0,9.762851306778774,0.33507853403141363,0.3921065130355074,0.0,1.0,-0.8319990842404069,0.5547770036898828,33.0,181.05231523825123
evt_inv_000766_0,cust_b2b_007,inv_000766,2026-04-17T22:11:43.618630+00:00,4053201,SEND_REMINDER,0.8500000000000001,1,1.6678929553352724,0.29441624365482233,-0.1333511591420055,0.0,1.0,-0.8319614662670265,0.5548334152219199,28.0,184.72612009688052
evt_inv_006223_0,cust_b2b_025,inv_006223,2026-04-17T22:31:04.946382+00:00,8770915,ESCALATE_COLLECTIONS,0.05,0,3.9708295516256755,0.2157676348547718,-0.3378500514020018,0.0,1.0,-0.8314404558553337,0.555613866248022,51.0,179.05675938665354
evt_inv_001764_0,cust_b2b_029,inv_001764,2026-04-17T22:48:53.385099+00:00,6299505,SEND_REMINDER,0.8500000000000001,0,4.173604544738369,0.23728813559322035,0.3132089614340513,0.0,1.0,-0.8309604719234753,0.5563314606425876,44.0,182.01572321949553
evt_inv_006030_0,cust_b2b_030,inv_006030,2026-04-17T22:58:28.211088+00:00,2629514,SEND_REMINDER,0.8500000000000001,0,3.9812188519710245,0.32124352331606215,0.27004186257672164,0.0,1.0,-0.8307019816317431,0.5567173589112298,38.0,185.80404002972696
evt_inv_004536_1,cust_b2b_028,inv_004536,2026-04-17T23:03:02.613587+00:00,3844739,OFFER_PAYMENT_PLAN,0.8500000000000001,1,24.869098017895375,0.3626943005181347,-0.6309693217563429,1.0,1.0,-0.8305785239056265,0.5569015313560833,45.0,167.75825735073434
evt_inv_006947_0,cust_b2b_000,inv_006947,2026-04-17T23:53:53.504450+00:00,4374552,SEND_REMINDER,0.8500000000000001,0,5.255379081810166,0.38636363636363635,-0.2686074666400248,0.0,1.0,-0.8292031337756778,0.5589473704532436,38.0,177.6438951073225
evt_inv_006827_0,cust_b2b_023,inv_006827,2026-04-17T23:56:04.399344+00:00,3344087,OFFER_PAYMENT_PLAN,0.05,1,8.674982623906875,0.42105263157894735,1.2135158363029828,0.0,1.0,-0.8291440114772973,0.5590350688743376,36.0,171.29031756690733
evt_inv_006485_0,cust_b2b_028,inv_006485,2026-04-18T00:08:55.508637+00:00,5245040,SEND_REMINDER,0.8500000000000001,0,5.876788755957554,0.36597938144329895,0.04975453048810135,0.0,1.0,-0.8287955303986079,0.5595515783118571,46.0,167.80400845085532
evt_inv_004314_0,cust_b2b_001,inv_004314,2026-04-18T00:17:43.213166+00:00,7320336,WRITE_OFF,0.05,0,7.400255280709169,0.06395348837209303,0.14703731003065662,0.0,1.0,-0.8285568637844647,0.5599049236036883,33.0,170.89643076965055
evt_inv_006125_1,cust_b2b_023,inv_006125,2026-04-18T00:19:24.452184+00:00,2511844,OFFER_PAYMENT_PLAN,0.8500000000000001,0,19.09788314916293,0.42408376963350786,0.2893322553238514,1.0,1.0,-0.8285110588662238,0.5599727005277745,37.0,171.3065218821812
evt_inv_002456_0,cust_b2b_011,inv_002456,2026-04-18T00:35:26.385007+00:00,2351953,WRITE_OFF,0.05,0,1.3445021179116838,0.3806818181818182,1.096401659361721,0.0,1.0,-0.8280755622146149,0.5606165028457061,31.0,180.82157918138117
evt_inv_001668_0,cust_b2b_014,inv_001668,2026-04-18T01:05:37.484882+00:00,14454665,SEND_REMINDER,0.8500000000000001,0,1.0952168577230106,0.25609756097560976,0.9092723349324181,0.0,1.0,-0.8272542640233217,0.5618277161686066,25.0,184.2844753221572
evt_inv_006447_0,cust_b2b_021,inv_006447,2026-04-18T01:39:35.072147+00:00,6395520,SEND_REMINDER,0.8500000000000001,0,8.70143473895852,0.3471502590673575,-0.755419925903319,0.0,1.0,-0.8263281405403317,0.5631889595430275,39.0,180.0746907661793
evt_inv_000625_0,cust_b2b_016,inv_000625,2026-04-18T01:43:35.774860+00:00,11143159,SEND_REMINDER,0.8500000000000001,0,3.7774085267355337,0.2488479262672811,0.30327647353137066,0.0,1.0,-0.8262185884434793,0.5633496641611359,41.0,173.7602070115673
evt_inv_001246_0,cust_b2b_029,inv_001246,2026-04-18T02:03:40.020010+00:00,5776468,SEND_REMINDER,0.8500000000000001,0,4.6363902700409625,0.23595505617977527,0.07963331965422492,0.0,1.0,-0.8256700257428944,0.5641533555601066,44.0,182.1509851976265
evt_inv_004307_1,cust_b2b_038,inv_004307,2026-04-18T02:06:19.135653+00:00,4358411,OFFER_PAYMENT_PLAN,0.8500000000000001,1,20.696655890122543,0.29775280898876405,0.02650740208182826,1.0,1.0,-0.8255974862480119,0.5642595065224544,37.0,181.08975255918838
evt_inv_006342_0,cust_b2b_006,inv_006342,2026-04-18T02:08:19.234835+00:00,5941529,SEND_REMINDER,0.8500000000000001,0,3.6290294289416773,0.3333333333333333,0.1753578433020507,0.0,1.0,-0.8255427249942848,0.564339622221416,34.0,181.21758757148254
evt_inv_003504_0,cust_b2b_025,inv_003504,2026-04-18T02:22:55.952195+00:00,7494724,SEND_REMINDER,0.8500000000000001,0,7.503736228074923,0.21487603305785125,-0.6524485908692798,0.0,1.0,-0.8251427353945431,0.5649243013232933,49.0,179.21776639838149
evt_inv_003547_0,cust_b2b_000,inv_003547,2026-04-18T02:37:25.212696+00:00,4773265,SEND_REMINDER,0.8500000000000001,1,3.0452545912745252,0.384180790960452,-0.06522992653792044,0.0,1.0,-0.8247457390556386,0.5655037275823815,38.0,177.75745654535487
evt_inv_001177_0,cust_b2b_029,inv_001177,2026-04-18T02:40:41.364118+00:00,5398401,SEND_REMINDER,0.8500000000000001,0,2.4862432687208575,0.2346368715083799,-0.0892024837865824,0.0,1.0,-0.824656099284546,0.5656344384077024,45.0,182.17669519888236
evt_inv_000825_1,cust_b2b_019,inv_000825,2026-04-18T02:46:24.452919+00:00,2847377,OFFER_PAYMENT_PLAN,0.8500000000000001,0,19.074051032201872,0.3620689655172414,-0.4103598638865725,1.0,1.0,-0.8244992603973947,0.5658630307805496,34.0,180.05379359356493
evt_inv_000733_0,cust_b2b_005,inv_000733,2026-04-18T02:50:05.727325+00:00,8351407,SEND_REMINDER,0.8500000000000001,0,9.061317363625918,0.2552083333333333,0.1858624551349946,0.0,1.0,-0.8243980738716088,0.5660104378867773,31.0,178.45787955561102
evt_inv_003777_1,cust_b2b_033,inv_003777,2026-04-18T03:06:45.162354+00:00,3998751,OFFER_PAYMENT_PLAN,0.8500000000000001,0,19.03487977630708,0.15760869565217392,-0.20765380052739776,1.0,1.0,-0.8239407141490758,0.5666760093452968,36.0,167.27806241624583
evt_inv_003100_0,cust_b2b_027,inv_003100,2026-04-18T03:20:41.197549+00:00,2353395,SEND_REMINDER,0.8500000000000001,0,9.65426955370023,0.18274111675126903,-0.3848048249392519,0.0,1.0,-0.8235577164148793,0.5672324812045845,31.0,171.22114373764475
evt_inv_008574_0,cust_b2b_015,inv_008574,2026-04-18T03:28:53.091424+00:00,10455681,SEND_REMINDER,0.8500000000000001,0,9.27590721180408,0.15053763440860216,0.2167923700226761,0.0,1.0,-0.82333219831557,0.5675597688498111,36.0,179.27206004173414
evt_inv_007564_0,cust_b2b_013,inv_007564,2026-04-18T03:47:46.819279+00:00,2695516,SEND_REMINDER,0.8500000000000001,0,9.808933717452536,0.2112676056338028,0.2912680870298254,0.0,1.0,-0.8228119239246114,0.5683137670754418,37.0,181.85550416631534
evt_inv_002501_1,cust_b2b_013,inv_002501,2026-04-18T04:03:15.009404+00:00,2398342,OFFER_PAYMENT_PLAN,0.8500000000000001,0,19.333267970913475,0.2102803738317757,-0.01646218245990409,1.0,1.0,-0.8223854579142549,0.5689307151236971,38.0,181.86624710758096
evt_inv_004974_0,cust_b2b_022,inv_004974,2026-04-18T04:12:32.095571+00:00,1823774,SEND_REMINDER,0.8500000000000001,0,2.9947453104191237,0.2155688622754491,-0.08013415542445697,0.0,1.0,-0.8221292770855997,0.5693008446846968,33.0,174.72534571493244
evt_inv_002379_0,cust_b2b_024,inv_002379,2026-04-18T04:19:50.083010+00:00,4953341,SEND_REMINDER,0.8500000000000001,0,1.0018811240202572,0.15656565656565657,0.22310195662118554,0.0,1.0,-0.8219277478510978,0.5695917637329583,37.0,176.39839483100764
evt_inv_005911_0,cust_b2b_014,inv_005911,2026-04-18T04:21:09.003583+00:00,10550956,ESCALATE_COLLECTIONS,0.05,1,1.1019761809032858,0.2545454545454545,-0.01145515672610916,0.0,1.0,-0.821891423528201,0.5696441765969239,26.0,184.42025678860986
evt_inv_000324_0,cust_b2b_026,inv_000324,2026-04-18T04:41:15.036439+00:00,6285998,WRITE_OFF,0.05,0,7.251099072898028,0.29743589743589743,0.7945614890609006,0.0,1.0,-0.8213359139436746,0.5704448408622071,36.0,170.3318648919309
evt_inv_003077_0,cust_b2b_020,inv_003077,2026-04-18T04:42:21.980349+00:00,6910760,SEND_REMINDER,0.8500000000000001,0,7.390704002455001,0.37948717948717947,0.7222978145471245,0.0,1.0,-0.8213050561223301,0.5704892678989643,34.0,169.38851154497286
evt_inv_007452_0,cust_b2b_032,inv_007452,2026-04-18T04:43:20.695942+00:00,5267658,SEND_REMINDER,0.8500000000000001,0,5.696519875127519,0.11428571428571428,-0.4946220946205299,0.0,1.0,-0.8212779891688158,0.5705282328744358,47.0,186.13170374325696
evt_inv_005213_0,cust_b2b_014,inv_005213,2026-04-18T05:12:45.197320+00:00,7721948,SEND_REMINDER,0.8500000000000001,0,7.419598345605202,0.25903614457831325,-0.6787039229303738,0.0,1.0,-0.8204637198841422,0.5716985957249465,26.0,184.45609236426586
evt_inv_001348_1,cust_b2b_027,inv_001348,2026-04-18T05:18:20.142589+00:00,2710464,OFFER_PAYMENT_PLAN,0.8500000000000001,0,24.347008865772427,0.18181818181818182,-0.06387672390286665,1.0,1.0,-0.8203089633773911,0.5719206278870433,32.0,171.30284449042276
evt_inv_005322_1,cust_b2b_009,inv_005322,2026-04-18T05:20:02.192655+00:00,5661611,OFFER_PAYMENT_PLAN,0.8500000000000001,1,24.26682716613434,0.15841584158415842,-0.08711540662986385,1.0,1.0,-0.8202618007109418,0.5719882676195756,39.0,176.12270554790553
evt_inv_003024_0,cust_b2b_003,inv_003024,2026-04-18T05:25:17.850840+00:00,5591328,SEND_REMINDER,0.8500000000000001,0,3.5417017590821476,0.17346938775510204,0.4173229756486567,0.0,1.0,-0.8201158832698453,0.5721974641751932,26.0,173.15421766283816
evt_inv_003444_0,cust_b2b_019,inv_003444,2026-04-18T05:35:14.729129+00:00,4002107,WRITE_OFF,0.05,1,5.094735690972275,0.36,0.43707590663525114,0.0,1.0,-0.8198398220588186,0.5725929323407377,35.0,180.1710421608067
evt_inv_006355_0,cust_b2b_023,inv_006355,2026-04-18T05:48:02.147778+00:00,2433663,SEND_REMINDER,0.8500000000000001,1,2.301926489728044,0.421875,0.20251505702084416,0.0,1.0,-0.8194846042985241,0.5731011981471436,38.0,171.53473595155205
evt_inv_007351_1,cust_b2b_024,inv_007351,2026-04-18T05:59:36.019452+00:00,3810735,OFFER_PAYMENT_PLAN,0.8500000000000001,0,19.103859246038358,0.15577889447236182,-0.40504630857432133,1.0,1.0,-0.8191631582280159,0.5735605636738832,38.0,176.46767650278755
evt_inv_000037_1,cust_b2b_011,inv_000037,2026-04-18T06:05:07.824112+00:00,1980422,OFFER_PAYMENT_PLAN,0.8500000000000001,0,23.99609206210518,0.3785310734463277,0.5282898751107973,1.0,1.0,-0.8190093539147834,0.5737801653944559,30.0,181.05053102287567
evt_inv_000233_1,cust_b2b_027,inv_000233,2026-04-18T06:12:20.848958+00:00,2346140,OFFER_PAYMENT_PLAN,0.8500000000000001,0,17.578193554260626,0.18090452261306533,-0.39132555179898715,1.0,1.0,-0.8188085415766756,0.5740666966834757,33.0,171.3403526659953
evt_inv_005405_1,cust_b2b_003,inv_005405,2026-04-18T06:46:27.800793+00:00,5186022,ESCALATE_COLLECTIONS,0.05,0,22.48388834066008,0.17258883248730963,0.20585102687989443,1.0,1.0,-0.8178579250262503,0.575420206867778,27.0,173.21058282433827
evt_inv_006713_1,cust_b2b_021,inv_006713,2026-04-18T06:51:04.049111+00:00,8949659,OFFER_PAYMENT_PLAN,0.8500000000000001,0,22.22749772187032,0.34536082474226804,-0.058697943987238876,1.0,1.0,-0.8177294622655611,0.5756027506387338,39.0,180.2909983699336
evt_inv_000316_1,cust_b2b_001,inv_000316,2026-04-18T07:01:46.928977+00:00,7911690,OFFER_PAYMENT_PLAN,0.8500000000000001,0,23.57402188683167,0.06358381502890173,0.3608711497899695,1.0,1.0,-0.817430348430725,0.5760274520059121,33.0,171.1770293322721
evt_inv_000336_1,cust_b2b_030,inv_000336,2026-04-18T07:07:03.613206+00:00,2564911,OFFER_PAYMENT_PLAN,0.8500000000000001,0,20.2105337266666,0.31958762886597936,0.20198630207942864,1.0,1.0,-0.8172829231122731,0.5762366038261177,39.0,186.14333866535853
evt_inv_008540_1,cust_b2b_020,inv_008540,2026-04-18T07:44:16.568621+00:00,4597160,OFFER_PAYMENT_PLAN,0.8500000000000001,0,23.002745964005065,0.37755102040816324,-0.3564704929946011,1.0,1.0,-0.8162419018359205,0.5777102714053814,34.0,169.5148377981255
evt_inv_004375_1,cust_b2b_028,inv_004375,2026-04-18T07:44:34.149952+00:00,4995285,OFFER_PAYMENT_PLAN,0.8500000000000001,1,16.620156943605508,0.3641025641025641,-0.07165822111651256,1.0,1.0,-0.8162336947340779,0.5777218669747199,46.0,168.12042791052374
evt_inv_004129_1,cust_b2b_000,inv_004129,2026-04-18T08:01:26.569213+00:00,4455807,OFFER_PAYMENT_PLAN,0.8500000000000001,0,19.352069393591613,0.38764044943820225,-0.22716059234767594,1.0,1.0,-0.8157608117605744,0.5783893999683334,39.0,177.98247224577366
evt_inv_006950_0,cust_b2b_037,inv_006950,2026-04-18T08:03:29.901576+00:00,3258927,SEND_REMINDER,0.8500000000000001,1,7.761396022092892,0.28125,0.3123649957135873,0.0,1.0,-0.8157031681051906,0.5784706920347437,33.0,178.5494318683296
evt_inv_005206_1,cust_b2b_025,inv_005206,2026-04-18T08:07:39.649771+00:00,11177109,OFFER_PAYMENT_PLAN,0.8500000000000001,1,22.64116457080755,0.2139917695473251,0.25530951193536183,1.0,1.0,-0.8155864148170023,0.5786352909786514,48.0,179.45716104624913
evt_inv_001624_1,cust_b2b_027,inv_001624,2026-04-18T08:12:18.746387+00:00,2748866,OFFER_PAYMENT_PLAN,0.8500000000000001,0,17.939067402747952,0.18,-0.029361831389042057,1.0,1.0,-0.8154559023140763,0.5788192043990383,34.0,171.42366166401095
evt_inv_007307_0,cust_b2b_021,inv_007307,2026-04-18T08:17:59.433131+00:00,7491806,SEND_REMINDER,0.8500000000000001,1,2.462316327213239,0.3435897435897436,-0.4563732698401839,0.0,1.0,-0.815296532529451,0.5790436633324415,40.0,180.35136161089994
evt_inv_001330_1,cust_b2b_038,inv_001330,2026-04-18T08:22:54.490826+00:00,3894680,OFFER_PAYMENT_PLAN,0.8500000000000001,0,20.43140950091888,0.3016759776536313,-0.2423105772059995,1.0,1.0,-0.8151584576223918,0.5792380244482257,38.0,181.3512728736979
evt_inv_000721_0,cust_b2b_017,inv_000721,2026-04-18T08:29:22.226913+00:00,7048208,SEND_REMINDER,0.8500000000000001,0,1.845750146547664,0.2978723404255319,0.2006813414635329,0.0,1.0,-0.8149769425781873,0.5794933848336061,30.0,182.86899204693387
evt_inv_001506_1,cust_b2b_037,inv_001506,2026-04-18T08:36:15.203717+00:00,3026910,OFFER_PAYMENT_PLAN,0.8500000000000001,0,20.333171899449773,0.2849740932642487,0.11214076757240984,1.0,1.0,-0.8147835233505059,0.5797653060304105,34.0,178.57217842089304
evt_inv_003383_1,cust_b2b_016,inv_003383,2026-04-18T08:38:19.527521+00:00,9278361,OFFER_PAYMENT_PLAN,0.8500000000000001,0,22.167142763001674,0.24770642201834864,-0.16584942090527316,1.0,1.0,-0.8147252780643748,0.5798471533800328,41.0,174.04821340810065
evt_inv_002363_0,cust_b2b_033,inv_002363,2026-04-18T08:48:18.990929+00:00,4737233,SEND_REMINDER,0.8500000000000001,0,3.019192466723632,0.15675675675675677,0.21569224548126534,0.0,1.0,-0.8144443160747543,0.5802417220551498,36.0,167.51525950622548
evt_inv_001597_0,cust_b2b_021,inv_001597,2026-04-18T08:55:24.317729+00:00,7544337,SEND_REMINDER,0.8500000000000001,0,5.169899853114146,0.3469387755102041,-0.4420439816362347,0.0,1.0,-0.8142448541306825,0.5805215909177743,40.0,180.37734407152982
evt_inv_002763_0,cust_b2b_022,inv_002763,2026-04-18T08:56:02.077944+00:00,1656438,SEND_REMINDER,0.8500000000000001,0,7.349602955940885,0.21428571428571427,-0.30216352656127965,0.0,1.0,-0.8142271413910792,0.5805464341653573,34.0,174.92222051090835
evt_inv_004682_1,cust_b2b_019,inv_004682,2026-04-18T08:57:12.337192+00:00,2875081,SEND_REMINDER,0.05,0,17.71972404346375,0.36363636363636365,-0.39002885008880167,1.0,1.0,-0.8141941818337738,0.5805926577799891,35.0,180.31129225413724
evt_inv_005351_0,cust_b2b_003,inv_005351,2026-04-18T08:57:58.659638+00:00,6349787,OFFER_PAYMENT_PLAN,0.05,0,7.1122524812670385,0.1717171717171717,0.8130557193026718,0.0,1.0,-0.8141724499168018,0.5806231323298037,27.0,173.3019122091207
evt_inv_008599_1,cust_b2b_029,inv_008599,2026-04-18T08:58:31.491745+00:00,4798982,OFFER_PAYMENT_PLAN,0.8500000000000001,0,20.432209214613664,0.23333333333333334,-0.35688855472742403,1.0,1.0,-0.8141570462263606,0.5806447313805299,46.0,182.43908093530544
evt_inv_003328_0,cust_b2b_023,inv_003328,2026-04-18T08:58:38.607243+00:00,2259894,SEND_REMINDER,0.8500000000000001,1,3.959047812109336,0.42487046632124353,0.009549434145206608,0.0,1.0,-0.8141537078053567,0.58064941235378,39.0,171.66710238054216
evt_inv_000862_0,cust_b2b_015,inv_000862,2026-04-18T09:01:37.137073+00:00,10788479,SEND_REMINDER,0.8500000000000001,1,1.1819762153532363,0.1497326203208556,0.30326608749855666,0.0,1.0,-0.8140699370719157,0.5807668530105066,36.0,179.50312538489518
evt_inv_000396_0,cust_b2b_005,inv_000396,2026-04-18T09:07:37.639306+00:00,6633795,ESCALATE_COLLECTIONS,0.05,0,5.822780500965435,0.2538860103626943,-0.3665317721635826,0.0,1.0,-0.8139007286227449,0.5810039620754449,31.0,178.72005446279988
evt_inv_005083_0,cust_b2b_031,inv_005083,2026-04-18T09:52:42.393025+00:00,18057915,SEND_REMINDER,0.8500000000000001,0,3.0041043145667254,0.3179190751445087,0.7780944321339942,0.0,1.0,-0.8126290001522821,0.5827813553224762,32.0,179.75024382663233
evt_inv_002996_0,cust_b2b_008,inv_002996,2026-04-18T10:18:13.965689+00:00,5752745,SEND_REMINDER,0.8500000000000001,0,7.035989419352217,0.2768361581920904,-0.7178572480429736,0.0,1.0,-0.8119071595353314,0.5837865742677455,36.0,170.59805930033704
evt_inv_007619_1,cust_b2b_028,inv_007619,2026-04-18T10:31:08.033182+00:00,4029790,OFFER_PAYMENT_PLAN,0.8500000000000001,0,19.104092519099986,0.3673469387755102,-0.5410109795950052,1.0,1.0,-0.8115418631546283,0.5842942788933625,47.0,168.23609785530604
evt_inv_002841_0,cust_b2b_017,inv_002841,2026-04-18T10:31:58.130458+00:00,5227590,SEND_REMINDER,0.8500000000000001,1,2.0597193269861065,0.2962962962962963,-0.4969299407760558,0.0,1.0,-0.8115182104084455,0.5843271294193638,30.0,182.95412981944693
evt_inv_005582_0,cust_b2b_035,inv_005582,2026-04-18T10:38:38.239470+00:00,3507027,SEND_REMINDER,0.8500000000000001,0,8.672680018261522,0.355,-0.8427124784105805,0.0,1.0,-0.8113292566733081,0.5845894604471904,34.0,185.2545236081619
evt_inv_000469_1,cust_b2b_012,inv_000469,2026-04-18T11:03:21.179039+00:00,3177084,OFFER_PAYMENT_PLAN,0.8500000000000001,1,24.845650888255705,0.48633879781420764,-0.43041656605757067,1.0,1.0,-0.8106281906599644,0.5855612149957957,36.0,181.41501167433685
evt_inv_008760_0,cust_b2b_019,inv_008760,2026-04-18T11:09:20.273150+00:00,3581819,SEND_REMINDER,0.8500000000000001,1,1.34541537953907,0.3615819209039548,0.12863365805862356,0.0,1.0,-0.810458252303835,0.5857963991632361,36.0,180.4030507721699
evt_inv_001708_1,cust_b2b_020,inv_001708,2026-04-18T11:18:16.314640+00:00,3898709,OFFER_PAYMENT_PLAN,0.8500000000000001,0,19.73501429338103,0.3756345177664975,-0.6821388658369121,1.0,1.0,-0.8102044480997949,0.5861473810223047,35.0,169.66344596964356
evt_inv_000487_0,cust_b2b_001,inv_000487,2026-04-18T11:40:12.173930+00:00,6098534,SEND_REMINDER,0.8500000000000001,0,6.517229962350164,0.06321839080459771,-0.29476702866022503,0.0,1.0,-0.8095807723862667,0.5870084948128569,32.0,171.37037707478376
evt_inv_007295_0,cust_b2b_022,inv_007295,2026-04-18T12:02:16.096121+00:00,2150942,SEND_REMINDER,0.8500000000000001,0,2.262399956267444,0.21301775147928995,0.3539666593977781,0.0,1.0,-0.808952351462738,0.5878742153410937,35.0,175.05154942499652
evt_inv_006426_1,cust_b2b_026,inv_006426,2026-04-18T12:03:48.525500+00:00,5030045,OFFER_PAYMENT_PLAN,0.8500000000000001,1,20.95589378689009,0.29591836734693877,0.13630264782229623,1.0,1.0,-0.8089084437939574,0.5879346303449373,35.0,170.63919694125215
evt_inv_007761_1,cust_b2b_008,inv_007761,2026-04-18T12:30:56.861227+00:00,7129828,OFFER_PAYMENT_PLAN,0.8500000000000001,0,19.594075728856396,0.2752808988764045,-0.29125085778536525,1.0,1.0,-0.8081341792053648,0.5889984281813249,37.0,170.69022244313533
evt_inv_001445_0,cust_b2b_012,inv_001445,2026-04-18T12:39:22.200444+00:00,5337888,OFFER_PAYMENT_PLAN,0.05,0,6.1172362705164,0.4891304347826087,0.9771521668873262,0.0,1.0,-0.807893608699572,0.5893283609520101,36.0,181.48169016282668
evt_inv_005761_0,cust_b2b_030,inv_005761,2026-04-18T12:58:29.569339+00:00,1826996,SEND_REMINDER,0.8500000000000001,0,6.986459246382397,0.31794871794871793,-0.5753648196815025,0.0,1.0,-0.8073468951212049,0.5900771059261241,40.0,186.38738908355666
evt_inv_002485_0,cust_b2b_028,inv_002485,2026-04-18T13:11:22.788903+00:00,5770634,SEND_REMINDER,0.8500000000000001,0,4.153074064742698,0.36548223350253806,0.3052598271392833,0.0,1.0,-0.806978069764894,0.5905814041421604,48.0,168.34737975022392
evt_inv_002138_0,cust_b2b_006,inv_002138,2026-04-18T13:50:28.963836+00:00,6817542,WRITE_OFF,0.05,0,8.80162321040982,0.3316062176165803,0.5698101570341374,0.0,1.0,-0.8058570180481284,0.5921101810158127,35.0,181.7052001756546
evt_inv_001287_0,cust_b2b_015,inv_001287,2026-04-18T14:04:56.220310+00:00,8165574,SEND_REMINDER,0.8500000000000001,0,2.9738049475342354,0.15425531914893617,-0.3782665994983279,0.0,1.0,-0.8054418913058741,0.5926747503729314,37.0,179.71376292236394
evt_inv_006410_1,cust_b2b_008,inv_006410,2026-04-18T14:07:35.798626+00:00,8765232,OFFER_PAYMENT_PLAN,0.8500000000000001,0,21.293355369411778,0.2737430167597765,0.21538084422319317,1.0,1.0,-0.8053654633987568,0.5927786014731855,38.0,170.75733977413964
evt_inv_004781_0,cust_b2b_032,inv_004781,2026-04-18T14:31:21.104513+00:00,7264140,OFFER_PAYMENT_PLAN,0.05,0,4.68837996697569,0.11382113821138211,0.2654314105819387,0.0,1.0,-0.8046822383887663,0.5937057311679286,47.0,186.54004180543097
evt_inv_001290_0,cust_b2b_021,inv_001290,2026-04-18T14:40:16.838898+00:00,8862591,SEND_REMINDER,0.8500000000000001,0,2.453557144676303,0.34517766497461927,-0.08244851006690092,0.0,1.0,-0.8044251563412814,0.594054010882264,40.0,180.61684084431894
evt_inv_006146_0,cust_b2b_013,inv_006146,2026-04-18T14:52:56.865929+00:00,2760751,WRITE_OFF,0.05,0,9.711525657340351,0.20930232558139536,0.35882011032385436,0.0,1.0,-0.8040601847162185,0.5945479117397693,37.0,182.3174260025445
evt_inv_003978_0,cust_b2b_008,inv_003978,2026-04-18T15:05:36.352496+00:00,9967056,SEND_REMINDER,0.8500000000000001,0,6.146940089987315,0.2722222222222222,0.5876937667624412,0.0,1.0,-0.803695169704694,0.5950412373889251,39.0,170.7976239624517
evt_inv_006695_1,cust_b2b_015,inv_006695,2026-04-18T15:10:25.259662+00:00,12261820,OFFER_PAYMENT_PLAN,0.8500000000000001,0,20.118391425133968,0.15343915343915343,0.6860975145248845,1.0,1.0,-0.8035562392516988,0.5952288386491926,38.0,179.7592379148582
evt_inv_001829_0,cust_b2b_024,inv_001829,2026-04-18T15:12:24.845648+00:00,7094706,SEND_REMINDER,0.8500000000000001,0,5.443863962521286,0.155,1.4003189075072562,0.0,1.0,-0.8034987196070146,0.5953064820660767,37.0,176.85157495412628
evt_inv_002483_0,cust_b2b_035,inv_002483,2026-04-18T15:16:19.140887+00:00,4485931,SEND_REMINDER,0.8500000000000001,0,7.391280338641693,0.35323383084577115,-0.380119721855808,0.0,1.0,-0.8033860042287905,0.5954585864770932,34.0,185.44735811530242
evt_inv_004941_0,cust_b2b_017,inv_004941,2026-04-18T15:16:28.625016+00:00,5479187,SEND_REMINDER,0.8500000000000001,0,9.284094346216357,0.3,-0.4005246809861289,0.0,1.0,-0.8033814409724285,0.5954647431217607,31.0,183.15170498794802
evt_inv_008149_1,cust_b2b_036,inv_008149,2026-04-18T15:55:38.692566+00:00,4254515,WRITE_OFF,0.05,0,18.697502083791754,0.29901960784313725,0.3436179972177119,1.0,1.0,-0.8022492603518289,0.5969892162049023,32.0,183.11750161076907
evt_inv_006352_0,cust_b2b_000,inv_006352,2026-04-18T16:01:24.205364+00:00,6196278,ESCALATE_COLLECTIONS,0.05,0,8.669482400280657,0.3854748603351955,0.6606274900011535,0.0,1.0,-0.8020825603148584,0.5972131666656066,39.0,178.31577821974898
evt_inv_005627_0,cust_b2b_003,inv_005627,2026-04-18T16:04:11.926658+00:00,6577011,SEND_REMINDER,0.8500000000000001,0,9.646370952439053,0.1708542713567839,0.931611674430193,0.0,1.0,-0.802001617050643,0.5973218615186906,28.0,173.597899095918
evt_inv_001509_0,cust_b2b_012,inv_001509,2026-04-18T16:13:07.287263+00:00,5246776,SEND_REMINDER,0.8500000000000001,1,2.081286184020437,0.4864864864864865,0.9178010834440216,0.0,1.0,-0.8017431503929666,0.5976687383475573,37.0,181.63012866767576
evt_inv_007781_1,cust_b2b_038,inv_007781,2026-04-18T16:17:39.680307+00:00,3738842,OFFER_PAYMENT_PLAN,0.8500000000000001,1,24.902535107318226,0.3,-0.3326477001479699,1.0,1.0,-0.8016115842098563,0.5978451873692422,38.0,181.6809625667645
evt_inv_004108_1,cust_b2b_004,inv_004108,2026-04-18T16:48:54.426258+00:00,3901385,OFFER_PAYMENT_PLAN,0.8500000000000001,0,20.39933204794065,0.17435897435897435,0.6089630103559187,1.0,1.0,-0.800705026520006,0.5990588122259755,41.0,183.00993413495712
evt_inv_005274_0,cust_b2b_015,inv_005274,2026-04-18T17:00:46.321228+00:00,9078503,SEND_REMINDER,0.8500000000000001,1,4.386955423727324,0.15263157894736842,-0.14105207106053338,0.0,1.0,-0.8003602990434704,0.5995193005358932,39.0,179.83587057187688
evt_inv_002632_1,cust_b2b_010,inv_002632,2026-04-18T17:07:10.471798+00:00,2520207,OFFER_PAYMENT_PLAN,0.8500000000000001,0,19.301899118030082,0.1564245810055866,-0.3408030517248997,1.0,1.0,-0.8001741682474288,0.5997677054239712,43.0,178.38685262163912
evt_inv_007353_1,cust_b2b_031,inv_007353,2026-04-18T17:14:25.095864+00:00,9184014,OFFER_PAYMENT_PLAN,0.8500000000000001,0,21.135228044409676,0.3160919540229885,-0.8328050479554657,1.0,1.0,-0.7999634887937913,0.6000486785227226,33.0,180.05698807245423
evt_inv_000520_1,cust_b2b_035,inv_000520,2026-04-18T17:16:51.421982+00:00,6491052,OFFER_PAYMENT_PLAN,0.8500000000000001,0,16.739886619259725,0.35148514851485146,0.5674244341853721,1.0,1.0,-0.7998925365428897,0.6001432578834672,35.0,185.53106507242077
evt_inv_004972_0,cust_b2b_022,inv_004972,2026-04-18T17:26:03.692651+00:00,2094872,SEND_REMINDER,0.8500000000000001,0,6.99089979789731,0.21176470588235294,0.2795710279331897,0.0,1.0,-0.799624644603484,0.6005001479956119,35.0,175.27640586631915
evt_inv_006328_0,cust_b2b_019,inv_006328,2026-04-18T18:05:13.620598+00:00,3335940,SEND_REMINDER,0.8500000000000001,0,6.6325946354492755,0.3651685393258427,-0.05181217963270729,0.0,1.0,-0.7984829768994481,0.6020173881224656,35.0,180.69186266391873
evt_inv_006683_1,cust_b2b_005,inv_006683,2026-04-18T18:08:37.818001+00:00,9570239,OFFER_PAYMENT_PLAN,0.8500000000000001,0,24.137638608508684,0.25257731958762886,0.5778459738466352,1.0,1.0,-0.798383635475152,0.6021491265504582,29.0,179.09575097547187
evt_inv_004167_0,cust_b2b_002,inv_004167,2026-04-18T18:33:35.476871+00:00,2977235,SEND_REMINDER,0.8500000000000001,0,9.217744232567597,0.15168539325842698,-0.5422538589257099,0.0,1.0,-0.7976543647990662,0.6031148433897131,25.0,181.34892199032774
evt_inv_007352_0,cust_b2b_018,inv_007352,2026-04-18T18:36:39.115634+00:00,2572119,ESCALATE_COLLECTIONS,0.05,1,5.672161582175632,0.6149068322981367,0.6592470389028706,0.0,1.0,-0.797564863239824,0.6032331961399677,27.0,172.20077444528724
evt_inv_003013_1,cust_b2b_031,inv_003013,2026-04-18T18:37:07.973351+00:00,14186080,OFFER_PAYMENT_PLAN,0.8500000000000001,1,16.155006635841175,0.3142857142857143,0.07523132142712556,1.0,1.0,-0.7975507970163268,0.6032517933488651,34.0,180.11442878410367
evt_inv_003252_0,cust_b2b_003,inv_003252,2026-04-18T18:37:45.691222+00:00,4749913,SEND_REMINDER,0.8500000000000001,0,8.618720706593924,0.17,-0.02169247569786401,0.0,1.0,-0.7975324114014452,0.6032760999444583,29.0,173.7045398894819
evt_inv_005810_1,cust_b2b_025,inv_005810,2026-04-18T19:01:29.091828+00:00,11020184,WRITE_OFF,0.05,0,17.85516934894696,0.21721311475409835,0.21662543917592408,1.0,1.0,-0.7968380319959123,0.6041929747728629,49.0,179.91120551449828
evt_inv_004443_1,cust_b2b_012,inv_004443,2026-04-18T19:29:11.726882+00:00,3312788,OFFER_PAYMENT_PLAN,0.8500000000000001,0,24.16595956748724,0.489247311827957,-0.3420175447448018,1.0,1.0,-0.7960256118933339,0.6052629389032864,38.0,181.76629116326401
evt_inv_004125_0,cust_b2b_022,inv_004125,2026-04-18T19:37:11.008060+00:00,2276751,SEND_REMINDER,0.8500000000000001,0,3.7951129465397293,0.21052631578947367,0.5208956925367292,0.0,1.0,-0.7957911519548011,0.6055711704419643,36.0,175.36746275762343
evt_inv_007908_0,cust_b2b_004,inv_007908,2026-04-18T19:38:55.118291+00:00,2067721,SEND_REMINDER,0.8500000000000001,0,5.897809819693059,0.17346938775510204,-0.8522597851608629,0.0,1.0,-0.7957402064085999,0.6056381129889358,42.0,183.1279977001593
evt_inv_000394_0,cust_b2b_029,inv_000394,2026-04-18T19:49:47.782079+00:00,6999634,SEND_REMINDER,0.8500000000000001,0,7.241952872355027,0.23204419889502761,0.6258699253998115,0.0,1.0,-0.795420702079892,0.6060576760529741,46.0,182.89135281416247
evt_inv_002889_0,cust_b2b_037,inv_002889,2026-04-18T20:31:45.879400+00:00,2333796,SEND_REMINDER,0.8500000000000001,0,8.899302919359123,0.28350515463917525,-0.4859975473224045,0.0,1.0,-0.7941859229766254,0.6076748470570142,34.0,179.06906124129918
evt_inv_008463_0,cust_b2b_007,inv_008463,2026-04-18T21:08:57.049842+00:00,4480133,SEND_REMINDER,0.8500000000000001,0,1.4602808114758292,0.29797979797979796,0.11593295838123044,0.0,1.0,-0.7930890944806798,0.6091056461861238,28.0,185.68252555072175
evt_inv_004488_0,cust_b2b_006,inv_004488,2026-04-18T21:13:20.771731+00:00,4775379,SEND_REMINDER,0.8500000000000001,0,2.6104022654157513,0.32989690721649484,-0.349737121986164,0.0,1.0,-0.7929592801432231,0.6092746343273625,35.0,182.01274424851758
evt_inv_003629_1,cust_b2b_010,inv_003629,2026-04-18T21:36:02.029312+00:00,3020589,SEND_REMINDER,0.05,1,18.091021468970283,0.15555555555555556,0.08790143122232652,1.0,1.0,-0.7922886428807361,0.610146463041622,42.0,178.57356046322755
evt_inv_008692_0,cust_b2b_012,inv_008692,2026-04-18T21:44:13.529015+00:00,3736621,SEND_REMINDER,0.8500000000000001,1,6.970417162057194,0.48663101604278075,-0.06592895392092366,0.0,1.0,-0.7920462650295672,0.6104610667788017,37.0,181.8600620212816
evt_inv_007848_0,cust_b2b_014,inv_007848,2026-04-18T21:57:19.624404+00:00,10018827,SEND_REMINDER,0.8500000000000001,0,1.3628289048366489,0.25748502994011974,-0.13696289099630948,0.0,1.0,-0.7916583507857978,0.6109640379196722,26.0,185.15371304811273
evt_inv_000805_0,cust_b2b_005,inv_000805,2026-04-18T22:11:22.889358+00:00,6895624,SEND_REMINDER,0.8500000000000001,0,7.193717042359695,0.2512820512820513,-0.2823260426320376,0.0,1.0,-0.7912418700111548,0.6115033140885263,29.0,179.26432819026195
evt_inv_000665_0,cust_b2b_002,inv_000665,2026-04-18T22:12:18.358833+00:00,4135340,SEND_REMINDER,0.8500000000000001,0,3.966213521684192,0.15083798882681565,0.21928414467524115,0.0,1.0,-0.7912144612705889,0.6115387774101425,25.0,181.50080719822282
evt_inv_001783_1,cust_b2b_019,inv_001783,2026-04-18T22:17:35.088637+00:00,2498084,OFFER_PAYMENT_PLAN,0.8500000000000001,1,21.414859770588638,0.36312849162011174,-0.6666998443877468,1.0,1.0,-0.7910579273586581,0.6117412488650933,36.0,180.86711113659393
evt_inv_008502_0,cust_b2b_000,inv_008502,2026-04-18T22:29:53.447073+00:00,3942439,SEND_REMINDER,0.8500000000000001,0,6.967445077096425,0.38333333333333336,-0.48902156491437354,0.0,1.0,-0.7906928153707088,0.6122130933924415,38.0,178.5855611099021
evt_inv_008321_1,cust_b2b_009,inv_008321,2026-04-18T22:33:34.279612+00:00,6061570,OFFER_PAYMENT_PLAN,0.8500000000000001,0,21.791774583253734,0.1625615763546798,0.08334056349770635,1.0,1.0,-0.7905835608709629,0.6123541730735478,37.0,176.84043803582745
evt_inv_004311_1,cust_b2b_025,inv_004311,2026-04-18T23:04:27.088915+00:00,8755118,SEND_REMINDER,0.05,0,16.583755133836128,0.2163265306122449,-0.3417443808404998,1.0,1.0,-0.7896659123467751,0.6135370786493146,48.0,180.07993233263838
evt_inv_000325_0,cust_b2b_018,inv_000325,2026-04-18T23:09:53.794491+00:00,2188775,SEND_REMINDER,0.8500000000000001,1,1.1322228556176832,0.6172839506172839,0.18839896604263984,0.0,1.0,-0.7895039199075476,0.6137455176623424,27.0,172.39052767279904
evt_inv_003196_1,cust_b2b_026,inv_003196,2026-04-18T23:27:49.848109+00:00,8000059,OFFER_PAYMENT_PLAN,0.8500000000000001,0,18.16638314569586,0.29949238578680204,1.692919977858791,1.0,1.0,-0.7889699846355002,0.6144317401829585,34.0,171.1142122492253
evt_inv_001250_1,cust_b2b_021,inv_001250,2026-04-18T23:29:47.472502+00:00,11001090,OFFER_PAYMENT_PLAN,0.8500000000000001,0,20.435175893790117,0.3434343434343434,0.5008946008539611,1.0,1.0,-0.7889115835181655,0.6145067236335666,40.0,180.9845565110356
evt_inv_002429_0,cust_b2b_020,inv_002429,2026-04-18T23:30:53.519857+00:00,6282371,SEND_REMINDER,0.8500000000000001,0,6.096528640179992,0.37373737373737376,0.42929742547394817,0.0,1.0,-0.7888787875423633,0.614548825208942,33.0,170.1722099189074
evt_inv_006370_1,cust_b2b_000,inv_006370,2026-04-18T23:38:59.943340+00:00,3680269,OFFER_PAYMENT_PLAN,0.8500000000000001,0,18.074491681865,0.3812154696132597,-0.6227505594081918,1.0,1.0,-0.7886371835669538,0.6148588396498686,39.0,178.63355296483664
evt_inv_001038_0,cust_b2b_008,inv_001038,2026-04-18T23:43:26.344707+00:00,11502641,SEND_REMINDER,0.8500000000000001,0,5.799629036778793,0.27071823204419887,1.0634027495101301,0.0,1.0,-0.7885048117794042,0.6150285861654938,39.0,171.15723035378406
evt_inv_002990_1,cust_b2b_004,inv_002990,2026-04-19T00:02:10.958984+00:00,3206440,OFFER_PAYMENT_PLAN,0.8500000000000001,0,24.408304370139902,0.17258883248730963,0.0551706623396995,1.0,1.0,-0.7879456012242197,0.6157448574786498,42.0,183.3108199304047
evt_inv_002275_0,cust_b2b_028,inv_002275,2026-04-19T00:03:53.078641+00:00,4731120,SEND_REMINDER,0.8500000000000001,0,4.5393599258316915,0.36363636363636365,-0.2000756972627303,0.0,1.0,-0.7878947903478588,0.615809872722664,49.0,168.8005081036822
evt_inv_000006_1,cust_b2b_032,inv_000006,2026-04-19T00:22:38.317849+00:00,8287011,OFFER_PAYMENT_PLAN,0.8500000000000001,0,17.303106400384518,0.11336032388663968,0.6548348039373789,1.0,1.0,-0.7873345587587247,0.616525986949621,48.0,186.95065770052213
evt_inv_002912_1,cust_b2b_021,inv_002912,2026-04-19T00:31:01.262428+00:00,5555088,OFFER_PAYMENT_PLAN,0.8500000000000001,1,24.299279653485648,0.3417085427135678,-0.9846743688505534,1.0,1.0,-0.787083943330398,0.6168459014628134,41.0,181.02707722776475
evt_inv_006626_1,cust_b2b_003,inv_006626,2026-04-19T00:37:02.895832+00:00,4944610,OFFER_PAYMENT_PLAN,0.8500000000000001,0,19.36370722089734,0.1691542288557214,0.07989232789638882,1.0,1.0,-0.7869036624002813,0.6170758673785778,30.0,173.9540445724774
evt_inv_007993_0,cust_b2b_019,inv_007993,2026-04-19T00:52:12.649740+00:00,3492633,SEND_REMINDER,0.8500000000000001,1,5.891315417544917,0.36666666666666664,0.06318206503724355,0.0,1.0,-0.7864498361862999,0.617654154978773,37.0,180.97449031602991
evt_inv_001832_1,cust_b2b_019,inv_001832,2026-04-19T00:58:52.525226+00:00,5054097,OFFER_PAYMENT_PLAN,0.8500000000000001,1,17.34124562775994,0.3701657458563536,1.2091127496256135,1.0,1.0,-0.7862502258232673,0.6179082313684299,38.0,180.9791185045276
evt_inv_004178_1,cust_b2b_008,inv_004178,2026-04-19T01:01:43.393391+00:00,11028184,OFFER_PAYMENT_PLAN,0.8500000000000001,0,16.889778969692518,0.2692307692307692,0.9164207425106539,1.0,1.0,-0.7861649065992539,0.6180167794095776,40.0,171.21159434317823
evt_inv_003096_0,cust_b2b_015,inv_003096,2026-04-19T01:13:23.599523+00:00,10378409,ESCALATE_COLLECTIONS,0.05,1,6.549901957782312,0.15706806282722513,0.19671404931210787,0.0,1.0,-0.7858151176968506,0.6184614788320165,39.0,180.1779687002929
evt_inv_002978_1,cust_b2b_012,inv_002978,2026-04-19T01:17:14.697967+00:00,4275291,OFFER_PAYMENT_PLAN,0.8500000000000001,1,20.904541622913563,0.48936170212765956,0.28496622357884305,1.0,1.0,-0.7856996169460166,0.6186082055153187,37.0,182.00799221749287
evt_inv_004620_0,cust_b2b_029,inv_004620,2026-04-19T01:29:40.940218+00:00,6663140,SEND_REMINDER,0.8500000000000001,0,3.667337483648115,0.23076923076923078,0.47559997883619337,0.0,1.0,-0.7853264652917317,0.619081854775598,44.0,183.12738473706872
evt_inv_000719_0,cust_b2b_008,inv_000719,2026-04-19T01:49:45.152917+00:00,8322370,SEND_REMINDER,0.8500000000000001,0,4.6613427015043944,0.2677595628415301,0.07818654575503467,0.0,1.0,-0.7847237075833996,0.619845708831289,41.0,171.24494804139636
evt_inv_008543_0,cust_b2b_022,inv_008543,2026-04-19T01:50:59.122977+00:00,1538436,SEND_REMINDER,0.8500000000000001,0,1.5377586636649572,0.20930232558139536,-0.4587331131446186,0.0,1.0,-0.7846866583165634,0.6198926102640561,37.0,175.62704742101758
evt_inv_005325_1,cust_b2b_012,inv_005325,2026-04-19T01:56:50.545627+00:00,3400969,OFFER_PAYMENT_PLAN,0.8500000000000001,0,16.78974484000078,0.49206349206349204,-0.2845759097158499,1.0,1.0,-0.7845106035189199,0.6201154029423718,38.0,182.03549045429463
evt_inv_000570_0,cust_b2b_003,inv_000570,2026-04-19T02:45:41.762596+00:00,2648082,SEND_REMINDER,0.8500000000000001,0,3.3211830380570126,0.16831683168316833,-1.1183405543013105,0.0,1.0,-0.7830396672182002,0.6219717674965725,30.0,174.0433833081635
evt_inv_001725_1,cust_b2b_031,inv_001725,2026-04-19T02:49:26.232467+00:00,11770452,ESCALATE_COLLECTIONS,0.05,0,24.71503284810382,0.3181818181818182,-0.3632830100212385,1.0,1.0,-0.7829268431061259,0.6221137824738137,35.0,180.45630678313046
evt_inv_004226_0,cust_b2b_001,inv_004226,2026-04-19T02:55:29.349680+00:00,8919120,SEND_REMINDER,0.8500000000000001,0,9.39123876328458,0.06285714285714286,0.7251583989649134,0.0,1.0,-0.7827442768774838,0.6223434718991956,33.0,172.00599253485393
evt_inv_001543_1,cust_b2b_021,inv_001543,2026-04-19T03:08:41.429814+00:00,7291832,ESCALATE_COLLECTIONS,0.05,0,18.877699282883952,0.345,-0.5109226765093413,1.0,1.0,-0.7823458050610649,0.6228443154620216,42.0,181.13656990585022
evt_inv_003277_1,cust_b2b_002,inv_003277,2026-04-19T03:10:42.242960+00:00,3728348,OFFER_PAYMENT_PLAN,0.8500000000000001,0,23.25357216971946,0.15,-0.04834273380923684,1.0,1.0,-0.7822849994106743,0.6229206849166604,26.0,181.7080280793166
evt_inv_002006_0,cust_b2b_032,inv_002006,2026-04-19T03:29:02.071841+00:00,9241426,SEND_REMINDER,0.8500000000000001,0,4.352360007436076,0.11290322580645161,1.0181767474478338,0.0,1.0,-0.7817311091745722,0.6236156452084033,48.0,187.08009929764293
evt_inv_006292_1,cust_b2b_009,inv_006292,2026-04-19T03:47:23.769646+00:00,6147681,OFFER_PAYMENT_PLAN,0.8500000000000001,0,22.673032668694766,0.16176470588235295,0.1200394997644654,1.0,1.0,-0.7811756587623306,0.6243112926715637,38.0,177.05837194826327
evt_inv_001517_0,cust_b2b_034,inv_001517,2026-04-19T04:02:47.722948+00:00,7087322,SEND_REMINDER,0.8500000000000001,1,9.742872547052972,0.4936708860759494,0.9066949219389432,0.0,1.0,-0.7807093456887247,0.6248943251096807,30.0,169.09196219409077
evt_inv_007259_0,cust_b2b_002,inv_007259,2026-04-19T04:05:32.676477+00:00,2990320,SEND_REMINDER,0.8500000000000001,0,5.908938822469841,0.14917127071823205,-0.5336493603293246,0.0,1.0,-0.7806260489567074,0.6249983773500858,27.0,181.74611180057516
evt_inv_003118_1,cust_b2b_016,inv_003118,2026-04-19T04:10:19.081735+00:00,11870850,OFFER_PAYMENT_PLAN,0.8500000000000001,0,20.28990679489654,0.2465753424657534,0.48634126655499715,1.0,1.0,-0.7804813896928208,0.6251790146375382,40.0,174.86209713743128
evt_inv_007820_0,cust_b2b_009,inv_007820,2026-04-19T04:24:57.269578+00:00,5487797,SEND_REMINDER,0.8500000000000001,0,4.161198578698106,0.16097560975609757,-0.16119184068301431,0.0,1.0,-0.7800375688298804,0.6257326835110737,39.0,177.0844541233952
evt_inv_004937_0,cust_b2b_025,inv_004937,2026-04-19T04:41:08.758327+00:00,10910643,SEND_REMINDER,0.8500000000000001,1,7.361931561474199,0.21544715447154472,0.1896220770566959,0.0,1.0,-0.7795461377413411,0.6263448084981292,47.0,180.31374795082797
evt_inv_001524_0,cust_b2b_029,inv_001524,2026-04-19T05:26:13.290710+00:00,5491826,SEND_REMINDER,0.8500000000000001,0,3.8095269198448496,0.22950819672131148,-0.047480865055919176,0.0,1.0,-0.7781755111771622,0.6280468722986862,45.0,183.29164805295497
evt_inv_003109_0,cust_b2b_031,inv_003109,2026-04-19T05:37:39.425721+00:00,18914256,SEND_REMINDER,0.8500000000000001,0,4.177376804453202,0.3163841807909605,0.9335478634316546,0.0,1.0,-0.7778271944165344,0.6284782061663736,35.0,180.57312614949706
evt_inv_000583_1,cust_b2b_015,inv_000583,2026-04-19T05:44:47.816142+00:00,10731351,ESCALATE_COLLECTIONS,0.05,0,24.390834560658075,0.16145833333333334,0.2884220297212852,1.0,1.0,-0.7776096005751871,0.6287474127925282,38.0,180.36644342967853
evt_inv_001989_0,cust_b2b_012,inv_001989,2026-04-19T05:57:47.687300+00:00,4757213,SEND_REMINDER,0.8500000000000001,1,5.869615606855006,0.48947368421052634,0.5988944800153834,0.0,1.0,-0.7772132387147375,0.6292373014742121,39.0,182.20281848291984
evt_inv_004989_0,cust_b2b_011,inv_004989,2026-04-19T06:01:54.654881+00:00,2162124,SEND_REMINDER,0.8500000000000001,0,2.777119736787415,0.37640449438202245,0.8061318492079105,0.0,1.0,-0.7770876555157467,0.6293923860717098,30.0,182.04829526789192
evt_inv_007500_1,cust_b2b_020,inv_007500,2026-04-19T06:08:00.455546+00:00,4010398,OFFER_PAYMENT_PLAN,0.8500000000000001,1,19.326638584840165,0.37185929648241206,-0.6300616910646576,1.0,1.0,-0.7769015887436848,0.6296220464751362,33.0,170.4479846375389
evt_inv_004395_0,cust_b2b_030,inv_004395,2026-04-19T06:11:30.007105+00:00,2351943,SEND_REMINDER,0.8500000000000001,0,8.46942457295809,0.3163265306122449,-0.022363005885827576,0.0,1.0,-0.7767949684674115,0.6297535843198617,38.0,187.10475526141326
evt_inv_005199_0,cust_b2b_008,inv_005199,2026-04-19T06:27:40.935909+00:00,9323043,SEND_REMINDER,0.8500000000000001,0,6.735587213154343,0.266304347826087,0.3881850207178094,0.0,1.0,-0.7763006672382776,0.6303628114390989,42.0,171.4379547889895
evt_inv_000559_0,cust_b2b_026,inv_000559,2026-04-19T06:32:24.692066+00:00,4947185,SEND_REMINDER,0.8500000000000001,0,2.782074233883599,0.29797979797979796,0.09287470857661877,0.0,1.0,-0.7761561163379589,0.6305407862075036,35.0,171.40905998021591
evt_inv_006170_0,cust_b2b_028,inv_006170,2026-04-19T06:38:43.667072+00:00,5532421,WRITE_OFF,0.05,0,8.614506789519622,0.36180904522613067,0.18945814988468412,0.0,1.0,-0.7759629954699396,0.6307784315124594,50.0,169.07470472903478
evt_inv_005052_0,cust_b2b_035,inv_005052,2026-04-19T06:42:39.677299+00:00,4671108,SEND_REMINDER,0.8500000000000001,1,4.647385028458785,0.3497536945812808,-0.29261187946190925,0.0,1.0,-0.7758426908764313,0.6309263974613982,35.0,186.0906513608056
evt_inv_007694_0,cust_b2b_033,inv_007694,2026-04-19T06:48:53.584179+00:00,2227167,OFFER_PAYMENT_PLAN,0.05,0,5.698344526312156,0.15591397849462366,-1.2232417427564182,0.0,1.0,-0.7756520366521407,0.6311607703567976,37.0,168.43232655773969
evt_inv_006282_0,cust_b2b_018,inv_006282,2026-04-19T06:52:06.663382+00:00,2860404,SEND_REMINDER,0.8500000000000001,1,6.541744982011543,0.6196319018404908,1.013337381794122,0.0,1.0,-0.7755535583073381,0.6312817740096941,28.0,172.71150995163669
evt_inv_008005_0,cust_b2b_006,inv_008005,2026-04-19T06:53:04.829310+00:00,6985965,SEND_REMINDER,0.8500000000000001,0,7.019222648888187,0.3282051282051282,0.6456476818565845,0.0,1.0,-0.7755238875885219,0.6313182238614578,33.0,182.41533750753794
evt_inv_000747_0,cust_b2b_008,inv_000747,2026-04-19T06:54:11.367065+00:00,7810098,SEND_REMINDER,0.8500000000000001,0,9.95831574183913,0.2648648648648649,-0.08050990689312687,0.0,1.0,-0.7754899442602518,0.6313599182330405,43.0,171.45636255699984
evt_inv_002123_0,cust_b2b_011,inv_002123,2026-04-19T07:14:43.884040+00:00,1407147,SEND_REMINDER,0.8500000000000001,1,5.278795911519884,0.3743016759776536,-0.34831366429969685,0.0,1.0,-0.7748607872996887,0.6321319168538373,31.0,182.09886504981864
evt_inv_004134_0,cust_b2b_018,inv_004134,2026-04-19T07:31:26.195104+00:00,2184590,SEND_REMINDER,0.8500000000000001,0,7.432383928124668,0.6219512195121951,0.18325859279590406,0.0,1.0,-0.7743485757906325,0.6327592616240547,29.0,172.73881934655932
evt_inv_007576_0,cust_b2b_017,inv_007576,2026-04-19T07:33:09.295224+00:00,6223121,SEND_REMINDER,0.8500000000000001,0,7.587290422895291,0.29842931937172773,-0.11546945391595909,0.0,1.0,-0.7742958596708801,0.6328237682771821,32.0,183.82995348572237
evt_inv_004094_1,cust_b2b_033,inv_004094,2026-04-19T07:53:15.625078+00:00,4283473,ESCALATE_COLLECTIONS,0.05,0,18.119301647015575,0.15508021390374332,-0.044432552050814166,1.0,1.0,-0.7736786520071927,0.6335782062447645,38.0,168.4770261051749
evt_inv_007899_0,cust_b2b_034,inv_007899,2026-04-19T08:09:17.799086+00:00,4797784,SEND_REMINDER,0.8500000000000001,1,1.6586922442671357,0.4968553459119497,-0.19382779869440597,0.0,1.0,-0.7731858374491789,0.6341795177771132,31.0,169.26314363086564
evt_inv_003724_1,cust_b2b_021,inv_003724,2026-04-19T08:20:30.407429+00:00,7516453,OFFER_PAYMENT_PLAN,0.8500000000000001,0,19.641344397589585,0.34328358208955223,-0.4496499999831369,1.0,1.0,-0.7728410575674901,0.6345996373604097,42.0,181.3531089986067
evt_inv_002393_0,cust_b2b_010,inv_002393,2026-04-19T08:25:15.771792+00:00,1794736,SEND_REMINDER,0.8500000000000001,0,6.819660325026403,0.16022099447513813,-0.9623527191494614,0.0,1.0,-0.7726947104602906,0.634777822885053,41.0,179.02441396415824
evt_inv_004092_0,cust_b2b_010,inv_004092,2026-04-19T08:25:32.705577+00:00,2474893,SEND_REMINDER,0.8500000000000001,0,3.908510565896695,0.15934065934065933,-0.37962526839438715,0.0,1.0,-0.7726860247963871,0.6347883955180316,42.0,179.02460995704018
evt_inv_003302_0,cust_b2b_019,inv_003302,2026-04-19T08:28:44.407067+00:00,3874230,SEND_REMINDER,0.8500000000000001,0,9.353897088451879,0.37362637362637363,0.3432289051208938,0.0,1.0,-0.7725876873284188,0.6349080763295781,39.0,181.29152454434663
evt_inv_008265_1,cust_b2b_001,inv_008265,2026-04-19T08:34:49.849903+00:00,7295044,OFFER_PAYMENT_PLAN,0.8500000000000001,0,19.33283951253282,0.0625,0.13789159550415386,1.0,1.0,-0.7724001740904413,0.6351361830860025,33.0,172.24164647262805
evt_inv_000906_0,cust_b2b_009,inv_000906,2026-04-19T08:46:55.062002+00:00,7115647,SEND_REMINDER,0.8500000000000001,0,8.067838249287728,0.16019417475728157,0.5325706002238637,0.0,1.0,-0.7720278593721271,0.6355886911779434,39.0,177.2663730171923
evt_inv_000943_0,cust_b2b_026,inv_000943,2026-04-19T08:54:37.670336+00:00,4488742,SEND_REMINDER,0.8500000000000001,0,8.067510569453475,0.2964824120603015,-0.14740040115758538,0.0,1.0,-0.7717902236080224,0.6358772293006558,36.0,171.5078213027779
evt_inv_001963_0,cust_b2b_030,inv_001963,2026-04-19T09:00:33.393570+00:00,2579613,ESCALATE_COLLECTIONS,0.05,1,4.473550921598875,0.3147208121827411,0.21747411652036983,0.0,1.0,-0.771607419957031,0.6360990406118012,38.0,187.22215556771616
evt_inv_006164_1,cust_b2b_032,inv_006164,2026-04-19T09:04:00.607683+00:00,7070895,OFFER_PAYMENT_PLAN,0.8500000000000001,1,17.43367267731734,0.11244979919678715,0.19186386773595593,1.0,1.0,-0.7715009047081764,0.6362282248018121,47.0,187.31272124026142
evt_inv_003122_1,cust_b2b_034,inv_003122,2026-04-19T09:06:45.325186+00:00,5212005,ESCALATE_COLLECTIONS,0.05,1,16.76041172477229,0.5,0.005277742984473306,1.0,1.0,-0.7714162187623135,0.6363309024638474,32.0,169.3030455533225
evt_inv_007245_1,cust_b2b_017,inv_007245,2026-04-19T09:34:59.225941+00:00,6084492,OFFER_PAYMENT_PLAN,0.8500000000000001,0,17.46276657567532,0.296875,-0.16858829677552054,1.0,1.0,-0.7705445437154619,0.6373861515206701,33.0,183.91455916531595
evt_inv_001194_0,cust_b2b_019,inv_001194,2026-04-19T09:47:21.261690+00:00,3276215,SEND_REMINDER,0.8500000000000001,1,2.5337248849974765,0.37158469945355194,-0.09564325602305127,0.0,1.0,-0.7701622400943597,0.6378480414117752,40.0,181.34611776915344
evt_inv_001166_0,cust_b2b_019,inv_001166,2026-04-19T10:02:08.316395+00:00,2918906,SEND_REMINDER,0.8500000000000001,1,9.010482011712785,0.375,-0.3578661447243696,0.0,1.0,-0.7697048580645794,0.6383998993356638,41.0,181.35638460601675
evt_inv_000465_1,cust_b2b_036,inv_000465,2026-04-19T10:03:59.204244+00:00,4076562,OFFER_PAYMENT_PLAN,0.8500000000000001,0,18.844708321864168,0.2975609756097561,0.22467793588570859,1.0,1.0,-0.7696476544010079,0.6384688622595676,30.0,183.87329457001206
evt_inv_005992_1,cust_b2b_026,inv_005992,2026-04-19T10:25:36.430174+00:00,4522775,OFFER_PAYMENT_PLAN,0.8500000000000001,0,19.992853463451592,0.295,-0.12956297126696006,1.0,1.0,-0.7689779962354255,0.6392752469052356,35.0,171.57100139349453
evt_inv_003948_0,cust_b2b_032,inv_003948,2026-04-19T10:30:33.691003+00:00,4832818,SEND_REMINDER,0.8500000000000001,0,8.239422358838123,0.116,-0.66016383643502,0.0,1.0,-0.7688244242774629,0.6394599320007687,48.0,187.3728263712845
evt_inv_007272_0,cust_b2b_022,inv_007272,2026-04-19T10:36:47.924512+00:00,1266538,SEND_REMINDER,0.8500000000000001,1,9.143844178209008,0.20809248554913296,-0.8195002344452628,0.0,1.0,-0.7686310233472738,0.6396923869705834,36.0,175.9921955869347
evt_inv_006291_0,cust_b2b_020,inv_006291,2026-04-19T11:06:05.152735+00:00,5906204,WRITE_OFF,0.05,0,4.792769004665354,0.375,0.25390096639185694,0.0,1.0,-0.7677219621207697,0.640783105955077,34.0,170.65498344759547
evt_inv_004310_0,cust_b2b_025,inv_004310,2026-04-19T11:20:14.974744+00:00,7935010,SEND_REMINDER,0.8500000000000001,0,2.1676990809754826,0.21862348178137653,-0.5439120088841769,0.0,1.0,-0.7672817710573298,0.6413101307504252,47.0,180.59090323343685
evt_inv_006366_1,cust_b2b_013,inv_006366,2026-04-19T11:22:28.115652+00:00,2512680,OFFER_PAYMENT_PLAN,0.8500000000000001,0,21.217497311145536,0.20833333333333334,0.10193690389588037,1.0,1.0,-0.7672127739031248,0.6413926718944274,36.0,183.17125991137763
evt_inv_007887_0,cust_b2b_001,inv_007887,2026-04-19T11:32:56.055247+00:00,8601967,SEND_REMINDER,0.8500000000000001,0,6.095930245862027,0.062146892655367235,0.6104758522525923,0.0,1.0,-0.7668872392455671,0.6417818650307223,33.0,172.36532940485117
evt_inv_002647_0,cust_b2b_012,inv_002647,2026-04-19T11:47:20.826591+00:00,3772620,SEND_REMINDER,0.8500000000000001,0,6.660870353095757,0.49214659685863876,-0.04247892586303384,0.0,1.0,-0.766438603798238,0.6423175745749197,39.0,182.44556315064415
evt_inv_007955_0,cust_b2b_017,inv_007955,2026-04-19T12:24:17.645667+00:00,9108541,SEND_REMINDER,0.8500000000000001,0,7.2748779657840235,0.29533678756476683,0.9901450491508479,0.0,1.0,-0.7652868296746218,0.6436894191507007,34.0,184.03213346770465
evt_inv_006263_0,cust_b2b_008,inv_006263,2026-04-19T12:37:35.067149+00:00,8386156,ESCALATE_COLLECTIONS,0.05,0,6.497790687802164,0.26344086021505375,0.09794696190462207,0.0,1.0,-0.7648719193876169,0.6441823863878171,42.0,171.69483130797525
evt_inv_003092_0,cust_b2b_028,inv_003092,2026-04-19T12:39:42.459799+00:00,3782770,SEND_REMINDER,0.8500000000000001,1,7.741224234249192,0.36,-0.6610944655790828,0.0,1.0,-0.7648056056706729,0.6442611159574316,49.0,169.32538520041285
evt_inv_008770_1,cust_b2b_010,inv_008770,2026-04-19T12:40:52.806193+00:00,3042523,OFFER_PAYMENT_PLAN,0.8500000000000001,0,24.102443185758467,0.15846994535519127,0.1066932436044362,1.0,1.0,-0.7647689836730119,0.64430458760725,41.0,179.20192593639206
evt_inv_007551_0,cust_b2b_037,inv_007551,2026-04-19T12:42:58.404714+00:00,2710515,SEND_REMINDER,0.8500000000000001,1,1.114523713224318,0.28205128205128205,-0.16089897807639694,0.0,1.0,-0.76470359153719,0.64438219799287,33.0,179.74351176576783
evt_inv_004004_0,cust_b2b_033,inv_004004,2026-04-19T13:15:26.838992+00:00,7908754,SEND_REMINDER,0.8500000000000001,0,7.7843031259542315,0.15425531914893617,2.0338158731073044,0.0,1.0,-0.763688142222948,0.6455853324139749,38.0,168.7007670069602
evt_inv_001527_0,cust_b2b_016,inv_001527,2026-04-19T13:30:45.980908+00:00,9634104,ESCALATE_COLLECTIONS,0.05,0,4.572782397542603,0.24545454545454545,-0.07635544939197288,0.0,1.0,-0.7632084634095632,0.646152336047788,39.0,175.25129735934158
evt_inv_004405_0,cust_b2b_012,inv_004405,2026-04-19T13:45:56.842005+00:00,3694349,SEND_REMINDER,0.8500000000000001,0,5.680672346793861,0.4895833333333333,-0.09346528585439333,0.0,1.0,-0.7627326908600944,0.6467138797747576,40.0,182.5279244401532
evt_inv_001029_0,cust_b2b_019,inv_001029,2026-04-19T13:47:05.118442+00:00,3061958,SEND_REMINDER,0.8500000000000001,1,6.10613333573134,0.3783783783783784,-0.25288308578152663,0.0,1.0,-0.7626970111946298,0.6467559579275467,42.0,181.51259759266955
evt_inv_003324_1,cust_b2b_021,inv_003324,2026-04-19T14:02:45.360060+00:00,7784409,OFFER_PAYMENT_PLAN,0.8500000000000001,0,22.5286799841766,0.3415841584158416,-0.37655669750430804,1.0,1.0,-0.7622054269118611,0.6473352201032381,41.0,181.59078206147024
evt_inv_006312_0,cust_b2b_022,inv_006312,2026-04-19T14:05:15.315316+00:00,1443268,SEND_REMINDER,0.8500000000000001,0,4.526865740503684,0.21264367816091953,-0.5850075212295397,0.0,1.0,-0.7621269854781966,0.6474275696986628,37.0,176.13695705456644
evt_inv_005475_0,cust_b2b_007,inv_005475,2026-04-19T14:16:03.365921+00:00,4891439,SEND_REMINDER,0.8500000000000001,1,7.502183877392926,0.2964824120603015,0.3560928950397374,0.0,1.0,-0.7617878622502975,0.6478265608387185,27.0,186.3957930979307
evt_inv_000315_1,cust_b2b_026,inv_000315,2026-04-19T14:35:11.052794+00:00,5732784,OFFER_PAYMENT_PLAN,0.8500000000000001,0,19.06353551030417,0.2935323383084577,0.5046162791846669,1.0,1.0,-0.7611867681698485,0.6485327316050757,36.0,171.74431878492933
evt_inv_007487_0,cust_b2b_032,inv_007487,2026-04-19T14:42:49.700075+00:00,8355582,WRITE_OFF,0.05,0,1.2598428575799994,0.11553784860557768,0.6809393202317443,0.0,1.0,-0.7609463713197228,0.6488147809470332,49.0,187.54801166146865
evt_inv_002235_0,cust_b2b_021,inv_002235,2026-04-19T14:57:36.618430+00:00,9957039,OFFER_PAYMENT_PLAN,0.05,0,5.138425761791906,0.3399014778325123,0.21609683684145692,0.0,1.0,-0.7604812026756905,0.6493599466990055,42.0,181.6288753296382
evt_inv_004853_0,cust_b2b_035,inv_004853,2026-04-19T15:00:49.883723+00:00,4932962,SEND_REMINDER,0.8500000000000001,0,6.680329305355433,0.35294117647058826,-0.16886975377701965,0.0,1.0,-0.7603797875590718,0.6494786976272747,35.0,186.4366028240535
evt_inv_007690_0,cust_b2b_005,inv_007690,2026-04-19T15:07:20.910630+00:00,8410001,SEND_REMINDER,0.8500000000000001,1,7.781806144442123,0.25,0.2047067649131243,0.0,1.0,-0.7601745411913798,0.6497189137807788,27.0,179.96986084386745
evt_inv_005984_0,cust_b2b_015,inv_005984,2026-04-19T15:32:06.071213+00:00,12748781,SEND_REMINDER,0.8500000000000001,0,2.0451851812815316,0.16062176165803108,0.8126287347142984,0.0,1.0,-0.7593943029788005,0.6506306883350506,37.0,180.7742936041085
evt_inv_003412_0,cust_b2b_006,inv_003412,2026-04-19T16:15:34.473779+00:00,7038113,SEND_REMINDER,0.8500000000000001,0,6.903951796750144,0.32653061224489793,0.6691289443477529,0.0,1.0,-0.7580213163537374,0.6522297784932448,34.0,182.8059583925863
evt_inv_007014_0,cust_b2b_019,inv_007014,2026-04-19T16:26:43.945364+00:00,5050380,SEND_REMINDER,0.8500000000000001,0,9.949096120129981,0.3817204301075269,1.206384921031768,0.0,1.0,-0.7576683828688289,0.6526397333911977,43.0,181.62346364501516
evt_inv_003850_1,cust_b2b_018,inv_003850,2026-04-19T16:59:22.010402+00:00,1758033,OFFER_PAYMENT_PLAN,0.8500000000000001,1,18.468684919883472,0.6181818181818182,-0.34066739681949176,1.0,1.0,-0.7566348537269572,0.6538376695523027,27.0,173.1332153569539
evt_inv_006130_1,cust_b2b_010,inv_006130,2026-04-19T17:06:09.197196+00:00,3037051,OFFER_PAYMENT_PLAN,0.8500000000000001,0,23.22516907212337,0.15760869565217392,0.10200502762018326,1.0,1.0,-0.7564196895826807,0.6540865792933234,42.0,179.38614342484652
evt_inv_000681_1,cust_b2b_020,inv_000681,2026-04-19T17:15:35.454616+00:00,5874799,OFFER_PAYMENT_PLAN,0.8500000000000001,1,24.70988025278747,0.373134328358209,0.2392575055971612,1.0,1.0,-0.7561203338149342,0.654432609816773,34.0,170.91158416380418
evt_inv_008786_1,cust_b2b_037,inv_008786,2026-04-19T17:16:53.638096+00:00,2811712,OFFER_PAYMENT_PLAN,0.8500000000000001,1,18.231878262772348,0.2857142857142857,-0.073568943676884,1.0,1.0,-0.7560789891575782,0.6544803756832245,34.0,179.93373437435466
evt_inv_005797_1,cust_b2b_014,inv_005797,2026-04-19T17:35:23.544723+00:00,12796994,OFFER_PAYMENT_PLAN,0.8500000000000001,0,19.799701605020193,0.25595238095238093,0.5182946357488492,1.0,1.0,-0.7554917276326046,0.6551581866074043,26.0,185.9718139777235
evt_inv_006810_0,cust_b2b_015,inv_006810,2026-04-19T17:39:47.481691+00:00,13666425,SEND_REMINDER,0.8500000000000001,0,3.4154950403074125,0.15979381443298968,1.0510685073661665,0.0,1.0,-0.7553519867737227,0.6553192932281102,38.0,180.86296733649115
evt_inv_008200_0,cust_b2b_012,inv_008200,2026-04-19T17:45:06.868569+00:00,4140871,SEND_REMINDER,0.8500000000000001,1,5.32347221126277,0.48704663212435234,0.1974034759181883,0.0,1.0,-0.7551828421397646,0.6555142065109705,40.0,182.69401271057086
evt_inv_004910_0,cust_b2b_013,inv_004910,2026-04-19T18:19:24.582307+00:00,1423907,SEND_REMINDER,0.8500000000000001,0,4.124630037192961,0.2073732718894009,-1.0255119231392702,0.0,1.0,-0.7540918886776348,0.6567689269679235,37.0,183.46080234951418
evt_inv_000058_0,cust_b2b_006,inv_000058,2026-04-19T18:23:01.610428+00:00,7832201,SEND_REMINDER,0.8500000000000001,1,7.877081915930229,0.3248730964467005,1.0266920130357258,0.0,1.0,-0.7539767036735173,0.6569011571900426,35.0,182.89446691862156
evt_inv_004106_0,cust_b2b_021,inv_004106,2026-04-19T18:31:45.810834+00:00,7932511,SEND_REMINDER,0.8500000000000001,0,6.9148839064832766,0.3382352941176471,-0.33615702791393653,0.0,1.0,-0.7536983951296676,0.6572204570606147,42.0,181.77759283432167
evt_inv_001002_1,cust_b2b_029,inv_001002,2026-04-19T20:13:06.625690+00:00,4995014,OFFER_PAYMENT_PLAN,0.8500000000000001,0,18.911845991275747,0.22826086956521738,-0.26934567558908246,1.0,1.0,-0.7504600989505136,0.6609157585374896,43.0,183.90754313374325
evt_inv_005329_1,cust_b2b_023,inv_005329,2026-04-19T20:17:59.550585+00:00,2042440,SEND_REMINDER,0.05,1,20.61090878656577,0.42783505154639173,-0.2319277713907078,1.0,1.0,-0.7503036457840683,0.6610933664189464,35.0,173.13887255811196
evt_inv_001973_1,cust_b2b_030,inv_001973,2026-04-19T20:21:43.210277+00:00,1945178,OFFER_PAYMENT_PLAN,0.8500000000000001,1,21.538269934440933,0.3181818181818182,-0.4508669675534474,1.0,1.0,-0.7501841593296068,0.6612289520967235,35.0,187.69518585368203
evt_inv_008368_0,cust_b2b_039,inv_008368,2026-04-19T20:38:13.970796+00:00,10274628,SEND_REMINDER,0.8500000000000001,0,7.002196819726864,0.40764331210191085,-0.1390630938377488,0.0,1.0,-0.749654567466908,0.6618293053922614,30.0,172.7556820332626
evt_inv_007777_1,cust_b2b_013,inv_007777,2026-04-19T20:42:21.963460+00:00,2829509,OFFER_PAYMENT_PLAN,0.8500000000000001,0,19.887093649053064,0.20642201834862386,0.43002064767281806,1.0,1.0,-0.7495219325943435,0.6619795106799307,37.0,183.56007759433692
evt_inv_003438_1,cust_b2b_008,inv_003438,2026-04-19T20:42:37.866753+00:00,8668525,OFFER_PAYMENT_PLAN,0.8500000000000001,0,22.700459953457493,0.2620320855614973,0.18542211644656129,1.0,1.0,-0.749513425947834,0.6619891421495829,40.0,172.0316692663499
evt_inv_008857_1,cust_b2b_004,inv_008857,2026-04-19T20:55:57.593994+00:00,2866649,OFFER_PAYMENT_PLAN,0.8500000000000001,0,24.11906807705667,0.1717171717171717,-0.21560429972569198,1.0,1.0,-0.7490854935322554,0.6624733378631456,41.0,184.18149857634617
evt_inv_003114_0,cust_b2b_014,inv_003114,2026-04-19T21:04:44.230204+00:00,9820802,SEND_REMINDER,0.8500000000000001,0,6.933865021315861,0.25443786982248523,-0.18366905733665023,0.0,1.0,-0.7488035207454434,0.6627920392696552,27.0,186.11719228190836
evt_inv_000141_0,cust_b2b_032,inv_000141,2026-04-19T21:07:15.852246+00:00,7117440,SEND_REMINDER,0.8500000000000001,0,8.305841092987855,0.11507936507936507,0.20958332653246786,0.0,1.0,-0.7487223137774982,0.6628837732601919,46.0,187.8149810153025
evt_inv_007958_0,cust_b2b_002,inv_007958,2026-04-19T21:13:54.451214+00:00,5036525,SEND_REMINDER,0.8500000000000001,0,9.398002326913753,0.14835164835164835,0.8118777430381663,0.0,1.0,-0.748508775293898,0.6631248851521324,28.0,182.46025271189
evt_inv_007632_1,cust_b2b_029,inv_007632,2026-04-19T21:22:00.752640+00:00,4033501,OFFER_PAYMENT_PLAN,0.8500000000000001,0,18.600931284770688,0.22702702702702704,-0.6987344272825269,1.0,1.0,-0.7482481474709276,0.6634189549646022,44.0,183.95539182528822
evt_inv_004508_0,cust_b2b_017,inv_004508,2026-04-19T21:26:31.943032+00:00,5231134,SEND_REMINDER,0.8500000000000001,1,7.884681361964351,0.29381443298969073,-0.49557198237544003,0.0,1.0,-0.7481027558252721,0.6635829011710845,34.0,184.4086878353567
evt_inv_000831_1,cust_b2b_015,inv_000831,2026-04-19T21:39:12.455690+00:00,9112129,OFFER_PAYMENT_PLAN,0.8500000000000001,0,19.346058192952057,0.15897435897435896,-0.13231466822605298,1.0,1.0,-0.747694835230359,0.664042493647693,38.0,181.0292286096337
evt_inv_003515_0,cust_b2b_017,inv_003515,2026-04-19T21:44:10.465232+00:00,6500828,WRITE_OFF,0.05,0,4.269351282934472,0.29743589743589743,-0.009059712128827389,0.0,1.0,-0.7475349131153693,0.6642225181922073,35.0,184.42093924970058
evt_inv_003186_1,cust_b2b_027,inv_003186,2026-04-19T21:52:12.324155+00:00,4004965,OFFER_PAYMENT_PLAN,0.8500000000000001,0,18.468335599147032,0.1791044776119403,1.099600856849769,1.0,1.0,-0.7472762394318463,0.6645135227973904,31.0,172.99303177707213
evt_inv_000808_1,cust_b2b_029,inv_000808,2026-04-19T21:56:15.033478+00:00,5371082,OFFER_PAYMENT_PLAN,0.8500000000000001,0,24.5096281223174,0.22580645161290322,-0.10140233114559927,1.0,1.0,-0.7471459042139028,0.6646600618484532,45.0,183.97916822387754
evt_inv_002570_1,cust_b2b_002,inv_002570,2026-04-19T21:58:01.971535+00:00,3745615,OFFER_PAYMENT_PLAN,0.8500000000000001,0,21.176856325786712,0.14754098360655737,-0.03698824505192615,1.0,1.0,-0.747088469220085,0.6647246190403889,29.0,182.49089530819126
evt_inv_005626_0,cust_b2b_015,inv_005626,2026-04-19T21:59:50.485648+00:00,11980899,SEND_REMINDER,0.8500000000000001,0,4.580664825368663,0.15816326530612246,0.6131032281911797,0.0,1.0,-0.7470301820453035,0.6647901226051428,39.0,181.04355766007316
evt_inv_002317_0,cust_b2b_004,inv_002317,2026-04-19T22:07:55.934370+00:00,1736164,SEND_REMINDER,0.8500000000000001,0,1.5957874304436714,0.1708542713567839,-1.1164731612823802,0.0,1.0,-0.7467693582388903,0.6650830967597026,42.0,184.23147936774095
evt_inv_003888_0,cust_b2b_001,inv_003888,2026-04-19T22:09:33.999188+00:00,4883691,SEND_REMINDER,0.8500000000000001,0,1.359272698324981,0.06179775280898876,-0.7340549397273191,0.0,1.0,-0.7467166556353928,0.6651422676365517,34.0,172.80743523749072
evt_inv_003413_0,cust_b2b_031,inv_003413,2026-04-19T22:14:53.998566+00:00,16671133,SEND_REMINDER,0.8500000000000001,0,2.7450265299502976,0.3146067415730337,0.5263487686598903,0.0,1.0,-0.7465446469720427,0.6653353215314728,32.0,181.26565592779517
evt_inv_003428_0,cust_b2b_034,inv_003428,2026-04-19T22:43:48.187821+00:00,7304086,SEND_REMINDER,0.8500000000000001,0,6.917998483925762,0.5031055900621118,1.0108874957368172,0.0,1.0,-0.7456116036007141,0.6663807744645486,30.0,169.87043979677892
evt_inv_008391_0,cust_b2b_010,inv_008391,2026-04-19T22:44:59.745035+00:00,2114933,SEND_REMINDER,0.8500000000000001,0,9.086872756728189,0.15675675675675677,-0.688022763986763,0.0,1.0,-0.7455730723106012,0.6664238845099498,42.0,179.62145069151097
evt_inv_002883_0,cust_b2b_027,inv_002883,2026-04-19T22:51:20.649416+00:00,2486772,SEND_REMINDER,0.8500000000000001,1,4.343954615771153,0.1782178217821782,-0.2649276421086103,0.0,1.0,-0.7453679254406703,0.6666533249930366,32.0,173.03410035647713
evt_inv_006523_1,cust_b2b_006,inv_006523,2026-04-19T23:08:23.297267+00:00,4774561,OFFER_PAYMENT_PLAN,0.8500000000000001,0,18.915748560196214,0.3282828282828283,-0.3501054649903622,1.0,1.0,-0.7448168002012837,0.6672690118220095,36.0,183.09263459036504
evt_inv_004087_1,cust_b2b_026,inv_004087,2026-04-19T23:09:43.169508+00:00,4792628,OFFER_PAYMENT_PLAN,0.8500000000000001,0,20.375266870893732,0.29207920792079206,0.011869535806318162,1.0,1.0,-0.7447737340474998,0.6673170798600497,37.0,172.10163495060507
evt_inv_007726_0,cust_b2b_024,inv_007726,2026-04-19T23:52:38.560966+00:00,5052797,SEND_REMINDER,0.8500000000000001,0,9.64930865416605,0.15422885572139303,0.27777790924323315,0.0,1.0,-0.7433834522703671,0.6688654893852657,35.0,178.21284480734326
evt_inv_001510_0,cust_b2b_030,inv_001510,2026-04-20T00:08:02.377705+00:00,1605303,SEND_REMINDER,0.8500000000000001,1,6.271558353499742,0.32160804020100503,-0.8089055927674081,0.0,1.0,-0.7428839605354881,0.6694202127058215,36.0,187.852352143353
evt_inv_007178_1,cust_b2b_025,inv_007178,2026-04-20T00:09:07.860230+00:00,10572066,WRITE_OFF,0.05,0,24.83609220936041,0.21774193548387097,0.10615809094669953,1.0,1.0,-0.742848539552893,0.6694595187792418,45.0,181.1248486672987
evt_inv_001091_0,cust_b2b_019,inv_001091,2026-04-20T00:23:16.207506+00:00,2814060,SEND_REMINDER,0.8500000000000001,0,4.890005712360162,0.37967914438502676,-0.4348106616883065,0.0,1.0,-0.7423894613105587,0.6699685721994865,44.0,181.9543926049843
evt_inv_003403_1,cust_b2b_012,inv_003403,2026-04-20T00:33:43.562180+00:00,5925965,OFFER_PAYMENT_PLAN,0.8500000000000001,0,18.493716930614987,0.4896907216494845,1.3602309144637776,1.0,1.0,-0.7420497475614266,0.6703448158552604,41.0,182.97777073847996
evt_inv_003134_0,cust_b2b_000,inv_003134,2026-04-20T00:35:12.106510+00:00,5858503,SEND_REMINDER,0.8500000000000001,0,1.3812218960636276,0.3791208791208791,0.4883337308384513,0.0,1.0,-0.742001785280975,0.6703979047102145,36.0,179.67258263116423
evt_inv_005493_0,cust_b2b_011,inv_005493,2026-04-20T00:39:43.634644+00:00,1368906,SEND_REMINDER,0.8500000000000001,1,2.8814663165506222,0.37777777777777777,-0.4067879137062663,0.0,1.0,-0.7418546815042986,0.6705606844500769,30.0,182.8245566077347
evt_inv_007058_1,cust_b2b_006,inv_007058,2026-04-20T00:42:32.530222+00:00,5126856,ESCALATE_COLLECTIONS,0.05,0,22.89474983682785,0.32663316582914576,-0.1914739872403607,1.0,1.0,-0.7417631621882721,0.670661920210515,37.0,183.15801923105133
evt_inv_008512_0,cust_b2b_026,inv_008512,2026-04-20T00:47:10.498608+00:00,5318851,WRITE_OFF,0.05,0,9.300362540931147,0.29064039408866993,0.2876693661219751,0.0,1.0,-0.7416125095973062,0.67082850685461,37.0,172.16931237073882
evt_inv_000205_1,cust_b2b_016,inv_000205,2026-04-20T01:04:26.020806+00:00,9309476,OFFER_PAYMENT_PLAN,0.8500000000000001,0,17.95959883293492,0.24434389140271492,-0.15802192182198962,1.0,1.0,-0.7410509507075046,0.6714487980892538,38.0,175.73301078408977
evt_inv_006532_1,cust_b2b_037,inv_006532,2026-04-20T01:14:43.895154+00:00,3979098,SEND_REMINDER,0.05,0,18.489700940355124,0.2893401015228426,0.9338536057056027,1.0,1.0,-0.7407156331468779,0.6718186889420537,34.0,180.2655660532686
evt_inv_003234_1,cust_b2b_015,inv_003234,2026-04-20T01:20:12.785144+00:00,10112394,OFFER_PAYMENT_PLAN,0.8500000000000001,1,16.584221836442033,0.15736040609137056,0.1275930128273208,1.0,1.0,-0.7405370707662494,0.6720155108484794,40.0,181.18270464497255
evt_inv_002826_0,cust_b2b_001,inv_002826,2026-04-20T01:49:37.943134+00:00,7317185,SEND_REMINDER,0.8500000000000001,0,1.4988094785994517,0.061452513966480445,0.1458981006487942,0.0,1.0,-0.7395778302601238,0.6730710460179724,35.0,172.9602586627935
evt_inv_000365_0,cust_b2b_017,inv_000365,2026-04-20T01:51:33.796999+00:00,7279692,SEND_REMINDER,0.8500000000000001,0,4.347128701647331,0.29591836734693877,0.28937983661979216,0.0,1.0,-0.7395148191128191,0.6731402768461671,35.0,184.59273707107982
evt_inv_000551_1,cust_b2b_014,inv_000551,2026-04-20T01:57:26.017597+00:00,9599017,OFFER_PAYMENT_PLAN,0.8500000000000001,0,21.477914727155706,0.2529411764705882,-0.23597910885676185,1.0,1.0,-0.7393232119117811,0.6733507171812083,26.0,186.3204537100631
evt_inv_004000_0,cust_b2b_036,inv_004000,2026-04-20T02:08:11.527374+00:00,3382113,SEND_REMINDER,0.8500000000000001,0,1.3119826652432307,0.2961165048543689,-0.23947506024639253,0.0,1.0,-0.7389719006364381,0.67373624666465,31.0,184.54288164327374
evt_inv_004762_1,cust_b2b_024,inv_004762,2026-04-20T02:17:31.600100+00:00,5043721,OFFER_PAYMENT_PLAN,0.8500000000000001,0,17.900071890235473,0.15346534653465346,0.2727883910561296,1.0,1.0,-0.738666924603583,0.6740706005283753,36.0,178.3134586862126
evt_inv_006129_0,cust_b2b_002,inv_006129,2026-04-20T02:32:33.102606+00:00,3102070,SEND_REMINDER,0.8500000000000001,0,9.30377801754058,0.14673913043478262,-0.46016538559103537,0.0,1.0,-0.7381757123371543,0.6746084921756729,30.0,182.68153339929373
evt_inv_000830_0,cust_b2b_010,inv_000830,2026-04-20T02:41:06.504149+00:00,2832824,SEND_REMINDER,0.8500000000000001,0,7.491798564877701,0.15591397849462366,-0.07296699729873671,0.0,1.0,-0.7378957941376518,0.6749146590451004,43.0,179.78541781088282
evt_inv_007010_0,cust_b2b_012,inv_007010,2026-04-20T02:47:58.951343+00:00,3594160,SEND_REMINDER,0.8500000000000001,0,3.9454108457573596,0.48717948717948717,-0.15872908510778347,0.0,1.0,-0.7376708265576233,0.6751605376840332,42.0,183.07100440934292
evt_inv_000320_0,cust_b2b_013,inv_000320,2026-04-20T02:55:29.469764+00:00,2047509,SEND_REMINDER,0.8500000000000001,1,2.1973090575592207,0.2054794520547945,-0.37975788867187926,0.0,1.0,-0.7374249995650173,0.6754290266316175,38.0,183.8191922506311
evt_inv_007051_0,cust_b2b_007,inv_007051,2026-04-20T03:04:07.730671+00:00,4174437,SEND_REMINDER,0.8500000000000001,0,2.2928458373740748,0.3,-0.06256200332685036,0.0,1.0,-0.7371420877762876,0.6757377763813532,27.0,186.9291769491997
evt_inv_006995_0,cust_b2b_011,inv_006995,2026-04-20T03:11:34.219107+00:00,1572400,SEND_REMINDER,0.8500000000000001,0,2.62880338056402,0.3812154696132597,-0.09562302309915643,0.0,1.0,-0.736898251974597,0.6760036732420788,31.0,182.9300031871738
evt_inv_008736_0,cust_b2b_030,inv_008736,2026-04-20T03:21:49.239726+00:00,1755452,WRITE_OFF,0.05,0,5.823879912739181,0.325,-0.6507319283827119,0.0,1.0,-0.7365622205086685,0.6763697918441801,37.0,187.98692230563265
evt_inv_006279_0,cust_b2b_027,inv_006279,2026-04-20T03:24:27.799641+00:00,3417531,SEND_REMINDER,0.8500000000000001,0,4.31061707809997,0.18226600985221675,0.5716245508221378,0.0,1.0,-0.7364755579480969,0.6764641546638219,32.0,173.2237664470414
evt_inv_001245_1,cust_b2b_034,inv_001245,2026-04-20T03:32:10.660668+00:00,5975635,OFFER_PAYMENT_PLAN,0.8500000000000001,1,16.50926993351542,0.5,0.37233528628538926,1.0,1.0,-0.7362225073201843,0.6767395508725502,31.0,170.07069989917815
evt_inv_000380_0,cust_b2b_002,inv_000380,2026-04-20T03:34:21.320498+00:00,4341207,ESCALATE_COLLECTIONS,0.05,0,6.734451580244211,0.14594594594594595,0.35465618702584994,0.0,1.0,-0.7361510556799196,0.676817274618002,31.0,182.72445258785845
evt_inv_003229_0,cust_b2b_021,inv_003229,2026-04-20T03:35:53.084116+00:00,8461251,SEND_REMINDER,0.8500000000000001,0,8.955512451161347,0.33658536585365856,-0.19192672376698391,0.0,1.0,-0.7361008696213193,0.6768718562200214,42.0,182.15545479359488
evt_inv_003244_1,cust_b2b_001,inv_003244,2026-04-20T03:38:26.479294+00:00,4044444,OFFER_PAYMENT_PLAN,0.8500000000000001,0,20.1214833630359,0.06111111111111111,-1.037526838545391,1.0,1.0,-0.7360169678655335,0.6769630883689496,36.0,173.03582042390585
evt_inv_005178_0,cust_b2b_039,inv_005178,2026-04-20T03:39:42.586941+00:00,14249112,SEND_REMINDER,0.8500000000000001,1,8.463262698562929,0.4050632911392405,0.7742064322219445,0.0,1.0,-0.7359753354680357,0.6770083497141761,29.0,173.04837434975607
evt_inv_002741_1,cust_b2b_010,inv_002741,2026-04-20T03:52:09.090592+00:00,2236244,SEND_REMINDER,0.05,0,16.28691491502874,0.15508021390374332,-0.5840887343185244,1.0,1.0,-0.735566835602697,0.6774521609393794,44.0,179.83475330212164
evt_inv_004079_0,cust_b2b_020,inv_004079,2026-04-20T04:18:29.804432+00:00,4536773,SEND_REMINDER,0.8500000000000001,0,3.337029870828559,0.37623762376237624,-0.3846273212524358,0.0,1.0,-0.7347009581587524,0.6783911129139378,32.0,171.37193543482132
evt_inv_004298_0,cust_b2b_010,inv_004298,2026-04-20T04:27:27.508305+00:00,3304391,SEND_REMINDER,0.8500000000000001,0,8.16609420880445,0.15425531914893617,0.3310499677553851,0.0,1.0,-0.7344061434940906,0.6787102595350516,45.0,179.8592720256519
evt_inv_001716_1,cust_b2b_005,inv_001716,2026-04-20T04:38:42.295977+00:00,7792360,OFFER_PAYMENT_PLAN,0.8500000000000001,0,20.442548478017123,0.25380710659898476,0.006069463367270823,1.0,1.0,-0.7340359717681679,0.6791105890430228,28.0,180.53330280390256
evt_inv_006165_1,cust_b2b_009,inv_006165,2026-04-20T05:09:26.920601+00:00,7620790,OFFER_PAYMENT_PLAN,0.8500000000000001,0,24.934538171349054,0.15942028985507245,0.7478541553706247,1.0,1.0,-0.7330229432919957,0.680203913990165,36.0,178.11535286209207
evt_inv_005240_0,cust_b2b_018,inv_005240,2026-04-20T05:13:55.503351+00:00,1606762,ESCALATE_COLLECTIONS,0.05,1,2.229547729719709,0.6204819277108434,-0.5264684065910854,0.0,1.0,-0.7328753075070129,0.6803629793327245,27.0,173.6433252290518
evt_inv_002227_0,cust_b2b_007,inv_002227,2026-04-20T05:14:09.478908+00:00,4819477,SEND_REMINDER,0.8500000000000001,0,4.515427069497686,0.29850746268656714,0.31407450018121486,0.0,1.0,-0.7328676244142778,0.6803712553344483,28.0,187.0194749612091
evt_inv_000743_1,cust_b2b_036,inv_000743,2026-04-20T05:23:56.131626+00:00,3504927,OFFER_PAYMENT_PLAN,0.8500000000000001,0,18.27252701752306,0.2946859903381642,-0.1573891606652006,1.0,1.0,-0.7325450265364002,0.6807185792210939,31.0,184.67881456285738
evt_inv_002221_0,cust_b2b_038,inv_002221,2026-04-20T05:24:02.475394+00:00,3687558,SEND_REMINDER,0.8500000000000001,0,1.707338384836193,0.30386740331491713,-0.3623765454282222,0.0,1.0,-0.7325415372249882,0.6807223341716145,34.0,183.2270597321224
evt_inv_005785_0,cust_b2b_005,inv_005785,2026-04-20T05:31:39.853114+00:00,8383881,SEND_REMINDER,0.8500000000000001,0,5.575938963783473,0.25252525252525254,0.1963062423557655,0.0,1.0,-0.7322899115437641,0.6809930142455399,29.0,180.57008008558668
evt_inv_003600_1,cust_b2b_031,inv_003600,2026-04-20T05:50:56.880139+00:00,12682654,OFFER_PAYMENT_PLAN,0.8500000000000001,0,23.466955825772324,0.3128491620111732,-0.19768900079596094,1.0,1.0,-0.7316529283675439,0.6816773374634055,33.0,181.582355946005
evt_inv_005362_1,cust_b2b_023,inv_005362,2026-04-20T05:51:00.170879+00:00,2030831,OFFER_PAYMENT_PLAN,0.8500000000000001,1,18.047641521968163,0.4307692307692308,-0.2448192867261109,1.0,1.0,-0.731651115789638,0.6816792829210653,35.0,173.536796404113
evt_inv_000245_0,cust_b2b_033,inv_000245,2026-04-20T05:52:20.780977+00:00,5980950,ESCALATE_COLLECTIONS,0.05,0,3.995082559694905,0.15343915343915343,0.9286725039484294,0.0,1.0,-0.7316067131955162,0.6817269374223478,39.0,169.39305800216144
evt_inv_007505_1,cust_b2b_007,inv_007505,2026-04-20T06:04:43.678552+00:00,3772025,OFFER_PAYMENT_PLAN,0.8500000000000001,1,23.81490729213283,0.297029702970297,-0.29752867409354067,1.0,1.0,-0.7311973556039447,0.682165982117108,29.0,187.05459301263474
evt_inv_007488_0,cust_b2b_030,inv_007488,2026-04-20T06:07:55.673079+00:00,2407914,SEND_REMINDER,0.8500000000000001,0,1.2822943344118292,0.32338308457711445,0.03659954033197149,0.0,1.0,-0.7310915183337175,0.682279408908476,36.0,188.10227454351374
evt_inv_002043_0,cust_b2b_022,inv_002043,2026-04-20T06:15:15.958984+00:00,1549014,ESCALATE_COLLECTIONS,0.05,0,4.648831143407526,0.21142857142857144,-0.4446978233981895,0.0,1.0,-0.7308487436336732,0.6825394596132016,36.0,176.81057561554655
evt_inv_004804_0,cust_b2b_010,inv_004804,2026-04-20T06:16:47.926179+00:00,2885891,SEND_REMINDER,0.8500000000000001,0,8.801897951117773,0.15343915343915343,-0.02750152121505358,0.0,1.0,-0.7307980210231044,0.6825937682609724,46.0,179.93520278808077
evt_inv_005748_1,cust_b2b_022,inv_005748,2026-04-20T06:22:10.835196+00:00,1642398,OFFER_PAYMENT_PLAN,0.8500000000000001,0,17.44503934173501,0.21022727272727273,-0.3207925411136833,1.0,1.0,-0.7306198952519375,0.6827844232713924,36.0,176.815377423551
evt_inv_003603_0,cust_b2b_015,inv_003603,2026-04-20T06:32:44.791854+00:00,12337332,SEND_REMINDER,0.8500000000000001,0,4.820287739464469,0.16161616161616163,0.7057183090886112,0.0,1.0,-0.7302700421085431,0.6831585947631682,40.0,181.39974175967905
evt_inv_008338_0,cust_b2b_034,inv_008338,2026-04-20T06:35:40.244198+00:00,5268043,SEND_REMINDER,0.8500000000000001,0,9.516227942985545,0.5030674846625767,0.032214011746292966,0.0,1.0,-0.7301731837216869,0.6832621179121052,31.0,170.198125634477
evt_inv_007230_0,cust_b2b_033,inv_007230,2026-04-20T06:36:14.033361+00:00,3855271,SEND_REMINDER,0.8500000000000001,0,7.016360741990977,0.15263157894736842,-0.2899063955609068,0.0,1.0,-0.7301545287442684,0.6832820531480651,39.0,169.4235354603011
evt_inv_004726_0,cust_b2b_034,inv_004726,2026-04-20T06:42:09.286765+00:00,4339374,SEND_REMINDER,0.8500000000000001,0,6.689468523040958,0.5,-0.41417368233260704,0.0,1.0,-0.729958360603421,0.6834916179333628,32.0,170.20262844196685
evt_inv_008034_0,cust_b2b_032,inv_008034,2026-04-20T06:46:16.570600+00:00,6920190,SEND_REMINDER,0.8500000000000001,0,1.8004068764283885,0.11462450592885376,0.13449077744997065,0.0,1.0,-0.7298217769044234,0.6836374579819848,45.0,188.21707266291892
evt_inv_000130_1,cust_b2b_003,inv_000130,2026-04-20T07:12:36.919799+00:00,6498000,OFFER_PAYMENT_PLAN,0.8500000000000001,0,20.976324585628902,0.16748768472906403,0.8903868262597494,1.0,1.0,-0.7289482056608217,0.6845688522448771,26.0,175.2287439239411
evt_inv_005174_1,cust_b2b_000,inv_005174,2026-04-20T07:23:18.881896+00:00,4270088,OFFER_PAYMENT_PLAN,0.8500000000000001,0,21.09682328340194,0.3770491803278688,-0.3218929271839454,1.0,1.0,-0.7285930080442411,0.684946880151333,36.0,179.9559943833085
evt_inv_006235_0,cust_b2b_008,inv_006235,2026-04-20T07:35:23.672032+00:00,9682041,SEND_REMINDER,0.8500000000000001,0,4.652428464607721,0.26063829787234044,0.4993991880251981,0.0,1.0,-0.7281917460641162,0.685373460942349,40.0,172.48497719781963
evt_inv_005877_0,cust_b2b_010,inv_005877,2026-04-20T08:00:48.424835+00:00,2996926,SEND_REMINDER,0.8500000000000001,0,4.474987607651775,0.15263157894736842,0.06762790203800641,0.0,1.0,-0.7273467894987764,0.6862700982891667,47.0,180.00743078178803
evt_inv_008203_0,cust_b2b_019,inv_008203,2026-04-20T08:01:06.198022+00:00,2919585,SEND_REMINDER,0.8500000000000001,1,1.199091280487814,0.3776595744680851,-0.3573682251937359,0.0,1.0,-0.7273369338029906,0.6862805437472812,43.0,182.27233231002913
evt_inv_001740_0,cust_b2b_036,inv_001740,2026-04-20T08:17:04.098606+00:00,3334271,SEND_REMINDER,0.8500000000000001,0,2.4604646223872493,0.2932692307692308,-0.27145177919841174,0.0,1.0,-0.726805531063017,0.6868433009181976,30.0,184.7990456621569
evt_inv_003251_1,cust_b2b_030,inv_003251,2026-04-20T08:33:13.184790+00:00,2555808,WRITE_OFF,0.05,1,18.119428839748007,0.3217821782178218,0.19239639600913708,1.0,1.0,-0.7262674799518873,0.6874122108053762,36.0,188.20317166979802
evt_inv_004667_0,cust_b2b_020,inv_004667,2026-04-20T08:34:20.864251+00:00,4385330,SEND_REMINDER,0.8500000000000001,0,3.8903016014780754,0.37438423645320196,-0.4552408924452824,0.0,1.0,-0.7262298866654384,0.687451926838455,32.0,171.5496097382818
evt_inv_006087_0,cust_b2b_008,inv_006087,2026-04-20T08:37:04.645091+00:00,5386882,SEND_REMINDER,0.8500000000000001,0,3.7586492966885308,0.25925925925925924,-0.8311979652450963,0.0,1.0,-0.7261389038439106,0.6875480291036867,41.0,172.52781253415242
evt_inv_000643_1,cust_b2b_021,inv_000643,2026-04-20T08:47:02.896497+00:00,9810271,OFFER_PAYMENT_PLAN,0.8500000000000001,0,24.92345069518716,0.33495145631067963,0.176061279313062,1.0,1.0,-0.725806457764619,0.6878989648685163,42.0,182.3715405850422
evt_inv_002496_1,cust_b2b_004,inv_002496,2026-04-20T08:59:39.166617+00:00,3675438,SEND_REMINDER,0.05,0,20.197687543666454,0.17,0.42890899488717166,1.0,1.0,-0.7253859585662508,0.6883423647538494,42.0,184.68406307430075
evt_inv_006450_1,cust_b2b_026,inv_006450,2026-04-20T09:19:22.263206+00:00,4503768,OFFER_PAYMENT_PLAN,0.8500000000000001,0,18.968110488399162,0.28921568627450983,-0.1395249735471752,1.0,1.0,-0.7247275932332105,0.6890354966229231,36.0,172.5250040906319
evt_inv_003359_1,cust_b2b_004,inv_003359,2026-04-20T09:48:30.444803+00:00,2355628,OFFER_PAYMENT_PLAN,0.8500000000000001,1,22.253701243594623,0.1691542288557214,-0.6228305801261919,1.0,1.0,-0.7237535592333155,0.690058537732204,43.0,184.71798990515367
evt_inv_001533_0,cust_b2b_003,inv_001533,2026-04-20T09:57:29.273151+00:00,4508331,SEND_REMINDER,0.8500000000000001,0,8.979023196331624,0.16666666666666666,-0.14774002276984796,0.0,1.0,-0.723453049100158,0.6903735841902443,27.0,175.34323875440893
evt_inv_008671_1,cust_b2b_011,inv_008671,2026-04-20T10:00:41.587682+00:00,2009649,SEND_REMINDER,0.05,0,23.981029540055356,0.3791208791208791,0.5729800615484216,1.0,1.0,-0.7233457600898895,0.6904859964981043,32.0,183.21411624938514
evt_inv_003049_0,cust_b2b_028,inv_003049,2026-04-20T10:18:55.644039+00:00,5355297,SEND_REMINDER,0.8500000000000001,0,4.22104080239218,0.36318407960199006,0.10335304322910008,0.0,1.0,-0.7227350723785828,0.6911251805237055,47.0,170.22762112911974
evt_inv_003571_0,cust_b2b_035,inv_003571,2026-04-20T10:21:25.771992+00:00,5236481,SEND_REMINDER,0.8500000000000001,0,6.1903715633193634,0.35121951219512193,-0.025438310627003385,0.0,1.0,-0.7226512288709608,0.6912128481237094,34.0,187.2425737530842
evt_inv_005247_0,cust_b2b_006,inv_005247,2026-04-20T10:48:04.474543+00:00,6728959,SEND_REMINDER,0.8500000000000001,0,1.914787032728783,0.325,0.5299230839650317,0.0,1.0,-0.7217577256271753,0.6921457834137886,37.0,183.57852784588098
evt_inv_008150_0,cust_b2b_003,inv_008150,2026-04-20T10:58:32.050673+00:00,4512425,SEND_REMINDER,0.8500000000000001,0,2.8474018120885476,0.16585365853658537,-0.1456039505074518,0.0,1.0,-0.7214066486078964,0.6925116947346976,28.0,175.38563201276574
evt_inv_003943_1,cust_b2b_016,inv_003943,2026-04-20T10:58:34.311612+00:00,8313366,OFFER_PAYMENT_PLAN,0.8500000000000001,1,19.647657186199208,0.24324324324324326,-0.4086125296631318,1.0,1.0,-0.7214053834642103,0.6925130126639178,39.0,176.14560674248574
evt_inv_007811_0,cust_b2b_032,inv_007811,2026-04-20T10:59:57.064305+00:00,5093849,SEND_REMINDER,0.8500000000000001,0,7.603361804937572,0.1141732283464567,-0.5607902400574056,0.0,1.0,-0.7213590762326121,0.6925612486537436,45.0,188.39323578450225
evt_inv_008679_1,cust_b2b_031,inv_008679,2026-04-20T11:05:13.245973+00:00,12471445,OFFER_PAYMENT_PLAN,0.8500000000000001,1,20.07147334827783,0.3111111111111111,-0.23603022223764974,1.0,1.0,-0.7211821157618702,0.6927455203068674,34.0,181.80060092093245
evt_inv_001567_0,cust_b2b_023,inv_001567,2026-04-20T11:08:47.653550+00:00,2037093,SEND_REMINDER,0.8500000000000001,1,9.595928302387772,0.4336734693877551,-0.23786484271846048,0.0,1.0,-0.7210620894029154,0.6928704519792297,35.0,173.75748486094912
evt_inv_001895_0,cust_b2b_019,inv_001895,2026-04-20T11:31:29.100146+00:00,4585794,SEND_REMINDER,0.8500000000000001,0,3.263542117222705,0.38095238095238093,0.8654334916724953,0.0,1.0,-0.7202994403979192,0.6936632584780922,44.0,182.41843071424628
evt_inv_007652_0,cust_b2b_017,inv_007652,2026-04-20T12:12:12.813938+00:00,4440521,SEND_REMINDER,0.8500000000000001,1,4.324674824757211,0.29441624365482233,-0.7985133360509545,0.0,1.0,-0.7189283459369867,0.6950841915971823,36.0,185.02374421157887
evt_inv_000867_0,cust_b2b_014,inv_000867,2026-04-20T12:29:30.461267+00:00,12032634,SEND_REMINDER,0.8500000000000001,0,5.173310799262292,0.25146198830409355,0.33801290958318875,0.0,1.0,-0.7183453050389949,0.6956867274344347,27.0,186.75939403032177
evt_inv_003356_0,cust_b2b_003,inv_003356,2026-04-20T12:33:20.388080+00:00,4003502,SEND_REMINDER,0.8500000000000001,0,1.9977260291889927,0.1650485436893204,-0.4111386626535658,0.0,1.0,-0.7182160437131104,0.695820174005531,29.0,175.45146925126997
evt_inv_005453_0,cust_b2b_007,inv_005453,2026-04-20T12:45:17.030184+00:00,3671206,SEND_REMINDER,0.8500000000000001,0,8.868969549701538,0.30049261083743845,-0.3563968907599322,0.0,1.0,-0.7178129994923922,0.6962359497754586,30.0,187.3327568046765
evt_inv_008192_1,cust_b2b_021,inv_008192,2026-04-20T12:59:59.333697+00:00,11589583,OFFER_PAYMENT_PLAN,0.8500000000000001,0,16.82209975113231,0.3333333333333333,0.6614246702346257,1.0,1.0,-0.7173164556401199,0.6967475170159532,42.0,182.54719379337527
evt_inv_003351_0,cust_b2b_006,inv_003351,2026-04-20T13:01:50.817042+00:00,4517480,SEND_REMINDER,0.8500000000000001,0,7.455496755870042,0.32338308457711445,-0.4658641150486345,0.0,1.0,-0.7172536889576967,0.6968121308333944,38.0,183.6714253285007
evt_inv_007849_0,cust_b2b_037,inv_007849,2026-04-20T13:16:34.194009+00:00,2912158,WRITE_OFF,0.05,0,5.738453346252091,0.2878787878787879,0.013113042853730543,0.0,1.0,-0.7167561296340155,0.6973239208804374,34.0,180.76684266038384
evt_inv_005734_0,cust_b2b_021,inv_005734,2026-04-20T13:17:02.261713+00:00,9877277,SEND_REMINDER,0.8500000000000001,0,2.2798009702721185,0.3317307692307692,0.19433922282804486,0.0,1.0,-0.7167403146002932,0.6973401762602472,43.0,182.559033238005
evt_inv_008881_0,cust_b2b_003,inv_008881,2026-04-20T13:25:42.744929+00:00,4814336,SEND_REMINDER,0.8500000000000001,1,7.474940262975375,0.1642512077294686,0.011920948110280756,0.0,1.0,-0.7164469762300896,0.6976415485410552,30.0,175.48783912220188
evt_inv_003980_0,cust_b2b_032,inv_003980,2026-04-20T13:40:22.885349+00:00,6295591,WRITE_OFF,0.05,0,3.082615729645053,0.11372549019607843,-0.1032915589277676,0.0,1.0,-0.7159506508925662,0.6981508901996121,46.0,188.50464575028275
evt_inv_007034_0,cust_b2b_028,inv_007034,2026-04-20T13:49:39.811445+00:00,4671603,SEND_REMINDER,0.8500000000000001,1,3.5108102235491403,0.3613861386138614,-0.2290088731280264,0.0,1.0,-0.715636404236963,0.6984730037236874,48.0,170.37396565927955
evt_inv_006126_0,cust_b2b_000,inv_006126,2026-04-20T14:05:28.065574+00:00,4536097,SEND_REMINDER,0.8500000000000001,0,9.885493025878358,0.375,-0.1862055140624223,0.0,1.0,-0.7151010165520141,0.6990211270957953,37.0,180.2352673425527
evt_inv_001184_0,cust_b2b_029,inv_001184,2026-04-20T14:12:47.207061+00:00,6283690,SEND_REMINDER,0.8500000000000001,0,1.9301691060714394,0.22459893048128343,0.3061463560428376,0.0,1.0,-0.7148529334437743,0.6992748269077264,42.0,184.65731838109267
evt_inv_007568_1,cust_b2b_009,inv_007568,2026-04-20T14:17:13.912848+00:00,4625387,OFFER_PAYMENT_PLAN,0.8500000000000001,1,17.32497104307474,0.15865384615384615,-0.52873657370551,1.0,1.0,-0.7147022200734123,0.6994288645903425,37.0,178.49575786495015
evt_inv_002271_1,cust_b2b_017,inv_002271,2026-04-20T14:39:39.725938+00:00,4929492,OFFER_PAYMENT_PLAN,0.8500000000000001,1,24.836166575468145,0.29797979797979796,-0.6111530098234692,1.0,1.0,-0.7139412053558019,0.7002056521445001,36.0,185.12613902639404
evt_inv_002481_0,cust_b2b_002,inv_002481,2026-04-20T14:52:11.782605+00:00,3278105,SEND_REMINDER,0.8500000000000001,0,5.76687290971562,0.14516129032258066,-0.34440980930521314,0.0,1.0,-0.7135155733371166,0.7006393698654151,30.0,183.19517552890866
evt_inv_001443_0,cust_b2b_000,inv_001443,2026-04-20T15:00:45.239463+00:00,3243320,SEND_REMINDER,0.8500000000000001,0,5.389214156359863,0.372972972972973,-0.8456318328795372,0.0,1.0,-0.7132248272777154,0.7009353363575509,38.0,180.27366055885386
evt_inv_004239_0,cust_b2b_015,inv_004239,2026-04-20T15:04:46.496219+00:00,10614251,ESCALATE_COLLECTIONS,0.05,0,9.390183468228274,0.16080402010050251,0.2579949700821315,0.0,1.0,-0.7130881727190065,0.7010743597709649,39.0,181.75531704168134
evt_inv_002100_0,cust_b2b_035,inv_002100,2026-04-20T15:18:20.856790+00:00,4843277,SEND_REMINDER,0.8500000000000001,1,9.44088340203951,0.34951456310679613,-0.21125151016730712,0.0,1.0,-0.7126266960820085,0.7015434355984245,33.0,187.44876686417422
evt_inv_007214_0,cust_b2b_024,inv_007214,2026-04-20T15:18:42.207675+00:00,4682758,SEND_REMINDER,0.8500000000000001,0,5.69355371261984,0.15270935960591134,0.0743488308757423,0.0,1.0,-0.7126145929474514,0.7015557297309588,36.0,178.85594257017644
evt_inv_001470_0,cust_b2b_039,inv_001470,2026-04-20T15:24:59.125675+00:00,10860372,SEND_REMINDER,0.8500000000000001,1,6.544987513564408,0.4088050314465409,-0.004468949066350267,0.0,1.0,-0.7124008952535281,0.7017727299076045,30.0,173.53814910362038
evt_inv_006841_1,cust_b2b_021,inv_006841,2026-04-20T15:58:54.049254+00:00,8696329,OFFER_PAYMENT_PLAN,0.8500000000000001,1,17.340467771992422,0.33014354066985646,-0.12780179950565998,1.0,1.0,-0.7112460326547546,0.7029431563312014,44.0,182.67143818639633
evt_inv_005326_1,cust_b2b_012,inv_005326,2026-04-20T16:09:45.066584+00:00,2945891,OFFER_PAYMENT_PLAN,0.8500000000000001,1,20.549430367139955,0.4846938775510204,-0.5810177720952194,1.0,1.0,-0.7108761602638436,0.7033172006772863,40.0,183.62778815055813
evt_inv_002626_0,cust_b2b_038,inv_002626,2026-04-20T16:11:00.490415+00:00,4565598,SEND_REMINDER,0.8500000000000001,0,1.4918274503463675,0.3021978021978022,0.1466106861408354,0.0,1.0,-0.710833295856965,0.7033605231324292,33.0,183.67634231338025
evt_inv_005363_0,cust_b2b_032,inv_005363,2026-04-20T16:15:08.087826+00:00,7425865,SEND_REMINDER,0.8500000000000001,0,9.338070868826543,0.11328125,0.3269993525312205,0.0,1.0,-0.7106925642635266,0.7035027214592231,44.0,188.6121133715501
evt_inv_001657_0,cust_b2b_026,inv_001657,2026-04-20T16:16:37.239881+00:00,4637522,SEND_REMINDER,0.8500000000000001,0,3.3382285886839465,0.28780487804878047,-0.06942282181957847,0.0,1.0,-0.7106418842691284,0.7035539157182075,35.0,172.8147607651083
evt_inv_007923_0,cust_b2b_030,inv_007923,2026-04-20T16:17:30.415924+00:00,2072058,SEND_REMINDER,0.8500000000000001,0,2.0008928443504725,0.3251231527093596,-0.3172063918864395,0.0,1.0,-0.7106116536915303,0.7035844495423336,36.0,188.52559332644765
evt_inv_002423_1,cust_b2b_029,inv_002423,2026-04-20T16:41:32.339936+00:00,7240807,OFFER_PAYMENT_PLAN,0.8500000000000001,0,17.48934845755331,0.22340425531914893,0.7335723731592961,1.0,1.0,-0.7097914200534865,0.7044119107585101,43.0,184.76061853009892
evt_inv_003614_0,cust_b2b_030,inv_003614,2026-04-20T17:11:23.664953+00:00,3123507,SEND_REMINDER,0.8500000000000001,1,1.8439023004797828,0.3235294117647059,0.7904348322426791,0.0,1.0,-0.7087710889223462,0.7054385469393005,37.0,188.5630151902059
evt_inv_007600_0,cust_b2b_002,inv_007600,2026-04-20T17:14:35.337169+00:00,5714082,SEND_REMINDER,0.8500000000000001,0,3.3953156472685055,0.1443850267379679,1.2574206541058897,0.0,1.0,-0.7086618252596782,0.705548309770225,31.0,183.29405926229686
evt_inv_008413_1,cust_b2b_022,inv_008413,2026-04-20T17:23:00.838910+00:00,1458998,OFFER_PAYMENT_PLAN,0.8500000000000001,0,16.81552616237445,0.20903954802259886,-0.564136216294811,1.0,1.0,-0.7083735800535437,0.7058377087419783,37.0,177.27428950357685
evt_inv_006033_1,cust_b2b_025,inv_006033,2026-04-20T18:13:30.911730+00:00,8665803,OFFER_PAYMENT_PLAN,0.8500000000000001,0,22.512850707987212,0.21686746987951808,-0.3637616642682348,1.0,1.0,-0.7066433081969049,0.7075699505918366,42.0,181.87789324484496
evt_inv_008103_0,cust_b2b_038,inv_008103,2026-04-20T18:20:36.644902+00:00,4811134,SEND_REMINDER,0.8500000000000001,0,5.927628882937613,0.3005464480874317,0.28894434222311666,0.0,1.0,-0.706399860834248,0.7078129955103644,34.0,183.7663441014222
evt_inv_001376_0,cust_b2b_030,inv_001376,2026-04-20T18:29:57.115862+00:00,2271635,SEND_REMINDER,0.8500000000000001,0,4.913640693939455,0.32682926829268294,-0.10696349063827995,0.0,1.0,-0.7060792387877937,0.7081328325624012,38.0,188.6175690201707
evt_inv_002391_1,cust_b2b_010,inv_002391,2026-04-20T18:34:02.703201+00:00,3195375,ESCALATE_COLLECTIONS,0.05,1,24.17576464671627,0.1518324607329843,0.23765010772983244,1.0,1.0,-0.7059387028871535,0.7082729331027716,48.0,180.44717937398278
evt_inv_005728_1,cust_b2b_011,inv_005728,2026-04-20T18:38:59.548949+00:00,1760650,OFFER_PAYMENT_PLAN,0.8500000000000001,1,19.577125706869374,0.3770491803278688,0.1922326973332064,1.0,1.0,-0.7057687975583771,0.708442237866294,33.0,183.57404635663855
evt_inv_006996_0,cust_b2b_021,inv_006996,2026-04-20T18:42:39.258849+00:00,7655480,ESCALATE_COLLECTIONS,0.05,1,4.498285921022829,0.3333333333333333,-0.41172620364272905,0.0,1.0,-0.7056430162549887,0.7085675222662705,45.0,182.78515589004994
evt_inv_007006_0,cust_b2b_038,inv_007006,2026-04-20T18:43:41.326074+00:00,4717568,SEND_REMINDER,0.8500000000000001,0,2.0886865525136953,0.29891304347826086,0.2347054201464082,0.0,1.0,-0.7056074794784498,0.7086029105952565,35.0,183.78237050387932
evt_inv_001478_0,cust_b2b_007,inv_001478,2026-04-20T18:43:59.007346+00:00,4248242,SEND_REMINDER,0.8500000000000001,1,4.837407690904568,0.29901960784313725,-0.019467302566144883,0.0,1.0,-0.7055973556880178,0.7086129914460197,31.0,187.58185376257333
evt_inv_003249_0,cust_b2b_006,inv_003249,2026-04-20T19:00:32.182539+00:00,3798131,SEND_REMINDER,0.8500000000000001,0,9.857567235226183,0.3217821782178218,-0.7897736101556028,0.0,1.0,-0.7050284608025252,0.7091790108699088,39.0,183.92051520693732
evt_inv_006907_0,cust_b2b_030,inv_006907,2026-04-20T19:11:16.353986+00:00,2148978,SEND_REMINDER,0.8500000000000001,1,7.21580118125712,0.32524271844660196,-0.23617541232289993,0.0,1.0,-0.7046592339386745,0.7095458857783339,39.0,188.64626390585985
evt_inv_008444_0,cust_b2b_003,inv_008444,2026-04-20T19:13:36.291948+00:00,3979713,OFFER_PAYMENT_PLAN,0.05,0,7.402937816193058,0.16826923076923078,-0.423550898878647,0.0,1.0,-0.7045789989066404,0.7096255592209996,29.0,175.72943110158909
evt_inv_000881_0,cust_b2b_035,inv_000881,2026-04-20T19:16:38.699704+00:00,4254420,SEND_REMINDER,0.8500000000000001,0,7.282767297886629,0.3526570048309179,-0.4895228132717501,0.0,1.0,-0.7044743998078478,0.7097293991482758,34.0,187.61425115716497
evt_inv_005465_1,cust_b2b_032,inv_005465,2026-04-20T19:28:31.660921+00:00,6842333,ESCALATE_COLLECTIONS,0.05,0,20.038154794871097,0.11284046692607004,0.10485120315603817,1.0,1.0,-0.704065415687329,0.7101351212501946,45.0,188.74641398607807
evt_inv_005528_1,cust_b2b_032,inv_005528,2026-04-20T19:59:11.289231+00:00,6522987,OFFER_PAYMENT_PLAN,0.8500000000000001,0,21.77338086721811,0.1124031007751938,-0.016722762065379523,1.0,1.0,-0.7030090496321658,0.711180902538362,45.0,188.7677059804073
evt_inv_004820_0,cust_b2b_032,inv_004820,2026-04-20T20:14:20.538838+00:00,4424605,SEND_REMINDER,0.8500000000000001,0,1.290266437671497,0.11196911196911197,-0.8155690959771458,0.0,1.0,-0.7024863593085079,0.7116972073750731,46.0,188.77822970270725
evt_inv_003187_0,cust_b2b_011,inv_003187,2026-04-20T20:16:08.200598+00:00,1981065,SEND_REMINDER,0.8500000000000001,0,2.0705161810464023,0.3804347826086957,0.5292730846412649,0.0,1.0,-0.7024244438633821,0.7117583161883101,34.0,183.64150760258175
evt_inv_000751_1,cust_b2b_027,inv_000751,2026-04-20T20:22:04.054239+00:00,2152841,OFFER_PAYMENT_PLAN,0.8500000000000001,0,21.590117155622007,0.18137254901960784,-0.5650600463254273,1.0,1.0,-0.7022197573687452,0.7119602603804376,30.0,173.9304360604477
evt_inv_008183_1,cust_b2b_038,inv_008183,2026-04-20T20:43:37.452429+00:00,3808144,OFFER_PAYMENT_PLAN,0.8500000000000001,0,22.14354328946234,0.2972972972972973,-0.2924747372808159,1.0,1.0,-0.7014753077419128,0.7126937579552586,35.0,183.8656590033551
evt_inv_006844_1,cust_b2b_015,inv_006844,2026-04-20T20:45:08.951448+00:00,9451942,OFFER_PAYMENT_PLAN,0.8500000000000001,0,17.8126025651538,0.16,-0.044018181888323696,1.0,1.0,-0.7014226140276519,0.712745618387525,37.0,181.9916880512762
evt_inv_004828_0,cust_b2b_009,inv_004828,2026-04-20T20:46:59.011807+00:00,5748065,SEND_REMINDER,0.8500000000000001,1,8.324392142956906,0.16267942583732056,-0.05026989457374189,0.0,1.0,-0.7013592258742317,0.7128079939795137,38.0,178.76641873253212
evt_inv_005073_0,cust_b2b_000,inv_005073,2026-04-20T20:52:54.234134+00:00,3782079,SEND_REMINDER,0.8500000000000001,0,3.109284300652119,0.3709677419354839,-0.570818923724734,0.0,1.0,-0.7011546013188631,0.7130092741678653,39.0,180.51820910828891
evt_inv_008864_0,cust_b2b_017,inv_008864,2026-04-20T20:57:26.409934+00:00,7319403,SEND_REMINDER,0.8500000000000001,0,6.268460158359713,0.3015075376884422,0.3045958984765518,0.0,1.0,-0.7009977763324595,0.7131634578250255,36.0,185.38848490597312
evt_inv_001092_1,cust_b2b_032,inv_001092,2026-04-20T21:03:42.150883+00:00,5488559,OFFER_PAYMENT_PLAN,0.8500000000000001,0,16.939810429169295,0.11153846153846154,-0.41052557474304635,1.0,1.0,-0.7007812224278642,0.7133762529636856,47.0,188.8125076198984
evt_inv_004709_0,cust_b2b_037,inv_004709,2026-04-20T21:05:20.638530+00:00,2977184,SEND_REMINDER,0.8500000000000001,1,3.2744951955003527,0.2864321608040201,0.06922877867797003,0.0,1.0,-0.7007244495380749,0.7134320190596731,34.0,181.09238021271233
evt_inv_001940_0,cust_b2b_008,inv_001940,2026-04-20T21:11:46.702172+00:00,8469179,SEND_REMINDER,0.8500000000000001,0,6.643178387654038,0.2578947368421053,0.12366667760349831,0.0,1.0,-0.700501861595185,0.7136505740918873,41.0,173.05191041703105
evt_inv_007965_1,cust_b2b_039,inv_007965,2026-04-20T21:54:40.586506+00:00,7929076,OFFER_PAYMENT_PLAN,0.8500000000000001,1,19.133226724185338,0.4125,-0.678031574121067,1.0,1.0,-0.6990161277516403,0.7151059034458479,29.0,173.80876786323668
evt_inv_005789_0,cust_b2b_000,inv_005789,2026-04-20T22:09:05.579293+00:00,5934111,SEND_REMINDER,0.8500000000000001,0,7.211789916478907,0.3689839572192513,0.5268997217722291,0.0,1.0,-0.6985161453001302,0.7155942948033106,40.0,180.57111819577378
evt_inv_001374_0,cust_b2b_026,inv_001374,2026-04-20T22:27:21.341220+00:00,3872119,SEND_REMINDER,0.8500000000000001,0,1.6040724756825964,0.28640776699029125,-0.47057925012467877,0.0,1.0,-0.6978822839534866,0.7162124808629524,36.0,173.07221564171346
evt_inv_006621_0,cust_b2b_039,inv_006621,2026-04-20T22:31:00.758819+00:00,11808683,SEND_REMINDER,0.8500000000000001,1,7.218210861775159,0.4161490683229814,0.2134368050750619,0.0,1.0,-0.6977552925072306,0.7163362002426997,30.0,173.83400133907818
evt_inv_007926_1,cust_b2b_025,inv_007926,2026-04-20T22:39:59.526812+00:00,14552631,OFFER_PAYMENT_PLAN,0.8500000000000001,1,19.16674107434897,0.216,1.0874216262339036,1.0,1.0,-0.697443378872229,0.7166398909265995,41.0,182.06294666015035
evt_inv_006967_0,cust_b2b_003,inv_006967,2026-04-20T23:25:55.086743+00:00,3189335,SEND_REMINDER,0.8500000000000001,0,4.4293774598597055,0.1674641148325359,-0.8359372113184348,0.0,1.0,-0.6958460130712426,0.7181910094764874,29.0,175.90464863393774
evt_inv_006001_0,cust_b2b_019,inv_006001,2026-04-20T23:26:17.659089+00:00,5370710,SEND_REMINDER,0.8500000000000001,0,3.531100435345208,0.37894736842105264,1.441469667033133,0.0,1.0,-0.6958329138908457,0.7182037008719566,45.0,182.9148260723839
evt_inv_007104_0,cust_b2b_000,inv_007104,2026-04-20T23:30:02.103585+00:00,5143695,SEND_REMINDER,0.8500000000000001,0,7.156121716072289,0.3670212765957447,0.12372058701745386,0.0,1.0,-0.6957026517036256,0.7183298827227945,41.0,180.62732796768114
evt_inv_006055_1,cust_b2b_000,inv_006055,2026-04-20T23:34:01.763469+00:00,4449744,WRITE_OFF,0.05,0,16.152755954789413,0.36507936507936506,-0.23025299362093035,1.0,1.0,-0.6955635336105888,0.7184645925243298,42.0,180.63010180892888
evt_inv_003080_1,cust_b2b_024,inv_003080,2026-04-20T23:43:49.879619+00:00,6162454,OFFER_PAYMENT_PLAN,0.8500000000000001,0,22.96003300627637,0.15196078431372548,0.8878127080298395,1.0,1.0,-0.6952220326214364,0.7187950510108694,35.0,179.20672581027995
evt_inv_007108_0,cust_b2b_027,inv_007108,2026-04-21T00:06:52.040078+00:00,3612183,SEND_REMINDER,0.8500000000000001,0,1.0385191384589052,0.18048780487804877,0.7465745520470928,0.0,1.0,-0.6944188365676508,0.7195710384805869,29.0,174.08654700766454
evt_inv_001843_0,cust_b2b_038,inv_001843,2026-04-21T00:10:13.143305+00:00,2605143,SEND_REMINDER,0.8500000000000001,0,4.794646300731422,0.2956989247311828,-0.9898365620584028,0.0,1.0,-0.6943018999901075,0.7196838692579727,35.0,184.0091276477514
evt_inv_003965_1,cust_b2b_008,inv_003965,2026-04-21T00:28:30.982181+00:00,6433575,ESCALATE_COLLECTIONS,0.05,0,17.128541309624403,0.25654450261780104,-0.5069431108181085,1.0,1.0,-0.69366321056222,0.7202994865418919,42.0,173.18853402825212
evt_inv_004018_0,cust_b2b_037,inv_004018,2026-04-21T01:30:02.548017+00:00,3082599,SEND_REMINDER,0.8500000000000001,1,8.436824573186342,0.29,0.16019888786546238,0.0,1.0,-0.6915115685373585,0.7223653857840934,34.0,181.276198609553
evt_inv_008159_1,cust_b2b_028,inv_008159,2026-04-21T01:57:42.408181+00:00,4366231,OFFER_PAYMENT_PLAN,0.8500000000000001,0,23.88922862626442,0.3645320197044335,-0.3774583523807107,1.0,1.0,-0.6905421069055011,0.7232921944764173,48.0,170.87955126965417
evt_inv_000081_0,cust_b2b_015,inv_000081,2026-04-21T02:00:01.056884+00:00,13358078,SEND_REMINDER,0.8500000000000001,0,9.061816428419133,0.15920398009950248,0.9709479884967787,0.0,1.0,-0.6904610711974986,0.7233695522765682,37.0,182.21034667901026
evt_inv_000746_1,cust_b2b_025,inv_000746,2026-04-21T02:01:48.996663+00:00,11826543,OFFER_PAYMENT_PLAN,0.8500000000000001,1,17.727170178552054,0.21912350597609562,0.415403767533531,1.0,1.0,-0.6903979778686471,0.7234297700225524,42.0,182.20310256120354
evt_inv_006669_0,cust_b2b_036,inv_006669,2026-04-21T02:04:42.786650+00:00,3567753,SEND_REMINDER,0.8500000000000001,0,3.4171398086708615,0.291866028708134,-0.11539788072090905,0.0,1.0,-0.6902963825160087,0.7235267129037547,29.0,185.54046566267482
evt_inv_000980_0,cust_b2b_039,inv_000980,2026-04-21T02:36:15.979845+00:00,7299565,SEND_REMINDER,0.8500000000000001,0,2.6663294678942675,0.41975308641975306,-0.8226825388924358,0.0,1.0,-0.6891887651423401,0.7245818421693828,31.0,174.00431639724934
evt_inv_001329_1,cust_b2b_019,inv_001329,2026-04-21T02:42:10.323103+00:00,2289420,OFFER_PAYMENT_PLAN,0.8500000000000001,0,21.130666689546945,0.3769633507853403,-0.8198348754498391,1.0,1.0,-0.688981276483383,0.7247791392247215,46.0,183.05085227625148
evt_inv_005497_0,cust_b2b_007,inv_005497,2026-04-21T03:04:10.787359+00:00,4200936,SEND_REMINDER,0.8500000000000001,0,6.784295302709981,0.3024390243902439,-0.047089319829141024,0.0,1.0,-0.6882075703174066,0.7255138456003523,32.0,187.9292123275377
evt_inv_001765_0,cust_b2b_022,inv_001765,2026-04-21T03:04:34.678648+00:00,1787243,SEND_REMINDER,0.8500000000000001,0,9.269915846869049,0.20786516853932585,-0.12860564051903364,0.0,1.0,-0.6881935643576467,0.7255271311100072,38.0,177.67815338943058
evt_inv_004483_0,cust_b2b_024,inv_004483,2026-04-21T03:27:01.749915+00:00,3965911,ESCALATE_COLLECTIONS,0.05,0,9.19065719558879,0.15121951219512195,-0.3197380933463312,0.0,1.0,-0.6874034464626316,0.7262757753025334,35.0,179.36172430907564
evt_inv_006486_0,cust_b2b_022,inv_006486,2026-04-21T03:32:11.078963+00:00,2247037,SEND_REMINDER,0.8500000000000001,0,5.105689406443162,0.20670391061452514,0.4814700797382105,0.0,1.0,-0.6872218960496046,0.7264475656163949,39.0,177.69732468936863
evt_inv_003609_1,cust_b2b_036,inv_003609,2026-04-21T03:50:05.961194+00:00,4321700,OFFER_PAYMENT_PLAN,0.8500000000000001,0,17.768516487503653,0.2904761904761905,0.38852270766836694,1.0,1.0,-0.6865906958949778,0.7270441639339732,30.0,185.613650553222
evt_inv_007086_0,cust_b2b_033,inv_007086,2026-04-21T03:51:05.294566+00:00,4047344,SEND_REMINDER,0.8500000000000001,0,8.545987407150246,0.1518324607329843,-0.17979712949695814,0.0,1.0,-0.6865558386326429,0.7270770801224781,36.0,170.30885098351152
evt_inv_003703_0,cust_b2b_019,inv_003703,2026-04-21T04:08:36.918458+00:00,4335971,SEND_REMINDER,0.8500000000000001,0,8.655395330842639,0.375,0.6820931094619581,0.0,1.0,-0.6859377672120125,0.7276602088284057,47.0,183.11088231508384
evt_inv_004288_1,cust_b2b_009,inv_004288,2026-04-21T04:11:28.085165+00:00,5893492,OFFER_PAYMENT_PLAN,0.8500000000000001,0,19.036193216043344,0.16666666666666666,0.011708528163665364,1.0,1.0,-0.6858371204409696,0.7277550715901875,37.0,179.07508856306274
evt_inv_008783_0,cust_b2b_006,inv_008783,2026-04-21T04:48:41.806914+00:00,6047892,SEND_REMINDER,0.8500000000000001,0,7.049855787172752,0.32019704433497537,0.2232515031234174,0.0,1.0,-0.6845224802926512,0.7289917516501795,40.0,184.32895993350826
evt_inv_004282_1,cust_b2b_032,inv_004282,2026-04-21T04:51:05.355884+00:00,4686572,OFFER_PAYMENT_PLAN,0.8500000000000001,0,20.930099791319122,0.1111111111111111,-0.7158392997296489,1.0,1.0,-0.6844379193219368,0.7290711450841117,48.0,189.1370817518498
evt_inv_002953_0,cust_b2b_016,inv_002953,2026-04-21T04:54:09.643385+00:00,11429763,SEND_REMINDER,0.8500000000000001,0,9.538070638878128,0.24663677130044842,0.3753773938149937,0.0,1.0,-0.6843293468411571,0.729173055626684,37.0,176.8925434528286
evt_inv_008498_0,cust_b2b_019,inv_008498,2026-04-21T04:57:22.226621+00:00,3467157,ESCALATE_COLLECTIONS,0.05,0,4.62919318798673,0.37305699481865284,0.04448528367391234,0.0,1.0,-0.6842158707370303,0.7292795364135535,48.0,183.14474004844678
evt_inv_005385_0,cust_b2b_024,inv_005385,2026-04-21T05:03:06.025380+00:00,4673838,SEND_REMINDER,0.8500000000000001,0,4.551093488871471,0.15048543689320387,0.06944530496294306,0.0,1.0,-0.6840132524984947,0.7294695815497934,35.0,179.428440460291
evt_inv_008201_1,cust_b2b_024,inv_008201,2026-04-21T05:15:21.848897+00:00,4722952,OFFER_PAYMENT_PLAN,0.8500000000000001,0,24.355531640953146,0.1497584541062802,0.09644556443503184,1.0,1.0,-0.6835794165990672,0.7298761410007035,36.0,179.43695693617542
evt_inv_002299_0,cust_b2b_024,inv_002299,2026-04-21T05:19:29.510657+00:00,5806531,SEND_REMINDER,0.8500000000000001,0,9.608386347855642,0.14903846153846154,0.6921435927486904,0.0,1.0,-0.6834333427634274,0.7300129218029004,37.0,179.43982339173863
evt_inv_008674_0,cust_b2b_023,inv_008674,2026-04-21T05:30:31.403888+00:00,2050705,SEND_REMINDER,0.8500000000000001,0,7.530621874673556,0.4365482233502538,-0.2227495886863155,0.0,1.0,-0.6830428160065366,0.7303783344964858,34.0,174.52257456394418
evt_inv_008748_0,cust_b2b_022,inv_008748,2026-04-21T05:39:07.717914+00:00,1631517,SEND_REMINDER,0.8500000000000001,0,9.8188193170406,0.20555555555555555,-0.3352295451607403,0.0,1.0,-0.6827380474754816,0.730663231953933,38.0,177.7854802327915
evt_inv_004943_0,cust_b2b_001,inv_004943,2026-04-21T05:43:08.948629+00:00,8052245,SEND_REMINDER,0.8500000000000001,0,5.582208470535023,0.06077348066298342,0.4116959353842495,0.0,1.0,-0.6825956136892557,0.7307962973169667,34.0,174.1224230782489
evt_inv_006035_0,cust_b2b_010,inv_006035,2026-04-21T05:43:09.135572+00:00,2853851,SEND_REMINDER,0.8500000000000001,0,2.901114956372621,0.15625,-0.05495204255116963,0.0,1.0,-0.6825955032995256,0.7307964004257734,48.0,180.911837156053
evt_inv_001471_0,cust_b2b_009,inv_001471,2026-04-21T06:16:24.093666+00:00,6129484,SEND_REMINDER,0.8500000000000001,0,7.045614675456511,0.16587677725118483,0.11228440472003476,0.0,1.0,-0.6814165939000725,0.731895775064745,38.0,179.16184792071147
evt_inv_005520_0,cust_b2b_036,inv_005520,2026-04-21T06:17:53.481042+00:00,4830236,SEND_REMINDER,0.8500000000000001,0,6.995490035092611,0.2890995260663507,0.7284163864441463,0.0,1.0,-0.6813637294583348,0.7319449898582743,31.0,185.71628388480667
evt_inv_004758_0,cust_b2b_033,inv_004758,2026-04-21T06:30:49.000897+00:00,4697524,SEND_REMINDER,0.8500000000000001,0,6.725514517018865,0.15104166666666666,0.19292869080249814,0.0,1.0,-0.6809049313676354,0.732371814339708,37.0,170.41977351048362
evt_inv_003594_1,cust_b2b_030,inv_003594,2026-04-21T06:32:53.163189+00:00,2370499,OFFER_PAYMENT_PLAN,0.8500000000000001,1,16.10732103567149,0.3285024154589372,-0.0028157588260372527,1.0,1.0,-0.6808314520332382,0.7324401230969754,39.0,189.1196066049703
evt_inv_004680_1,cust_b2b_020,inv_004680,2026-04-21T06:37:00.039773+00:00,6398926,OFFER_PAYMENT_PLAN,0.8500000000000001,0,17.885875265033437,0.37254901960784315,0.4836434174332928,1.0,1.0,-0.6806853299336009,0.732575922081244,30.0,172.4681187142406
evt_inv_007836_0,cust_b2b_000,inv_007836,2026-04-21T06:45:15.389597+00:00,3985888,SEND_REMINDER,0.8500000000000001,0,8.835975790273286,0.3631578947368421,-0.46685890523830764,0.0,1.0,-0.68039205900913,0.7328483103871609,42.0,180.92956507429844
evt_inv_006387_0,cust_b2b_018,inv_006387,2026-04-21T07:02:18.655054+00:00,1554057,SEND_REMINDER,0.8500000000000001,1,1.1000533668693242,0.6227544910179641,-0.5912036911857825,0.0,1.0,-0.6797858915337778,0.7334106228243676,24.0,174.71859318857602
evt_inv_008249_0,cust_b2b_024,inv_008249,2026-04-21T07:05:18.142276+00:00,4300534,SEND_REMINDER,0.8500000000000001,0,2.57687893551873,0.14832535885167464,-0.13577892240050404,0.0,1.0,-0.6796795180125654,0.7335092043009459,36.0,179.51330292435603
evt_inv_003509_0,cust_b2b_037,inv_003509,2026-04-21T07:09:06.997635+00:00,3925077,SEND_REMINDER,0.8500000000000001,0,9.258044298934804,0.2935323383084577,0.8872349680552344,0.0,1.0,-0.6795438656144411,0.7336348783323912,35.0,181.5116667764256
evt_inv_006520_0,cust_b2b_022,inv_006520,2026-04-21T07:27:41.148198+00:00,1817856,SEND_REMINDER,0.8500000000000001,0,4.787599034466544,0.20441988950276244,-0.0879862014385676,0.0,1.0,-0.6788831288845406,0.7342463464777583,39.0,177.86086715736744
evt_inv_000917_0,cust_b2b_009,inv_000917,2026-04-21T07:49:01.739217+00:00,6166586,SEND_REMINDER,0.8500000000000001,1,1.198453531127159,0.1650943396226415,0.12809652887837314,0.0,1.0,-0.67812300656403,0.734948425380013,39.0,179.22617252199632
evt_inv_000745_0,cust_b2b_033,inv_000745,2026-04-21T07:56:39.699177+00:00,3081366,SEND_REMINDER,0.8500000000000001,0,1.6054448492805846,0.15025906735751296,-0.7335592694299747,0.0,1.0,-0.6778509982905793,0.7351993091104378,38.0,170.47938807391617
evt_inv_005173_0,cust_b2b_030,inv_005173,2026-04-21T08:01:10.121310+00:00,1313390,OFFER_PAYMENT_PLAN,0.05,0,6.902038003612535,0.3317307692307692,-1.116419065664127,0.0,1.0,-0.6776903357307856,0.7353474069153267,40.0,189.18091399063337
evt_inv_002840_0,cust_b2b_031,inv_002840,2026-04-21T08:02:32.091554+00:00,14317853,SEND_REMINDER,0.8500000000000001,0,5.941910206597998,0.3149171270718232,0.09915244465911896,0.0,1.0,-0.6776416293722513,0.7353922913260108,32.0,182.67373570774953
evt_inv_000268_0,cust_b2b_022,inv_000268,2026-04-21T08:04:12.471485+00:00,1866624,SEND_REMINDER,0.8500000000000001,0,4.6376441401307,0.2032967032967033,-0.02327851376200181,0.0,1.0,-0.6775819800089385,0.7354472519271293,40.0,177.88622969541407
evt_inv_000387_0,cust_b2b_013,inv_000387,2026-04-21T08:36:44.325016+00:00,2604635,SEND_REMINDER,0.8500000000000001,0,6.864272127674538,0.20909090909090908,0.1971586768502731,0.0,1.0,-0.6764212329224539,0.7365149799234686,33.0,185.05616974197383
evt_inv_000165_0,cust_b2b_019,inv_000165,2026-04-21T08:39:47.824919+00:00,4432611,SEND_REMINDER,0.8500000000000001,0,4.678972268023921,0.3711340206185567,0.7530150550344253,0.0,1.0,-0.6763120208602269,0.7366152662278701,48.0,183.29920299171172
evt_inv_001433_0,cust_b2b_034,inv_001433,2026-04-21T08:57:25.708947+00:00,4689512,SEND_REMINDER,0.8500000000000001,0,5.344867835044286,0.49696969696969695,-0.24587127822438104,0.0,1.0,-0.6756821192384532,0.7371931047842435,31.0,171.29656851352252
evt_inv_004117_0,cust_b2b_001,inv_004117,2026-04-21T09:02:32.718228+00:00,6736610,SEND_REMINDER,0.8500000000000001,0,5.929813484575036,0.06043956043956044,-0.0640382646283531,0.0,1.0,-0.675499222588735,0.7373606988998089,34.0,174.26089263378776
evt_inv_001475_0,cust_b2b_005,inv_001475,2026-04-21T09:05:59.321741+00:00,7134814,SEND_REMINDER,0.8500000000000001,0,4.655659193254998,0.25125628140703515,-0.20540116283158896,0.0,1.0,-0.6753761179233964,0.7374734567011362,26.0,181.7189165280258
evt_inv_003993_1,cust_b2b_027,inv_003993,2026-04-21T09:19:55.277450+00:00,3980734,OFFER_PAYMENT_PLAN,0.8500000000000001,0,20.016621138121295,0.1796116504854369,1.0778219747218014,1.0,1.0,-0.6748778217519216,0.7379294855928861,30.0,174.47061225502082
evt_inv_004595_1,cust_b2b_008,inv_004595,2026-04-21T09:23:36.206512+00:00,10682983,OFFER_PAYMENT_PLAN,0.8500000000000001,0,23.609862195376092,0.2552083333333333,0.8094808550059938,1.0,1.0,-0.6747460789860336,0.7380499501341174,42.0,173.56012227281977
evt_inv_004541_1,cust_b2b_013,inv_004541,2026-04-21T09:40:49.974912+00:00,2357897,WRITE_OFF,0.05,0,20.088244103216894,0.2081447963800905,-0.058344162116578654,1.0,1.0,-0.674129344306892,0.7386133136793297,34.0,185.10067957874284
evt_inv_005777_0,cust_b2b_029,inv_005777,2026-04-21T10:01:17.591707+00:00,5236124,SEND_REMINDER,0.8500000000000001,0,1.32651501905058,0.2222222222222222,-0.1616715041519274,0.0,1.0,-0.6733963509376037,0.7392816476444681,41.0,185.4826700552285
evt_inv_001426_0,cust_b2b_015,inv_001426,2026-04-21T10:18:30.109609+00:00,9964494,SEND_REMINDER,0.8500000000000001,0,6.965517641910677,0.15841584158415842,0.08916293159812398,0.0,1.0,-0.6727793354429077,0.7398432035242329,38.0,182.55651627073348
evt_inv_000842_1,cust_b2b_015,inv_000842,2026-04-21T10:22:35.030137+00:00,16152943,ESCALATE_COLLECTIONS,0.05,0,17.78298102971143,0.15763546798029557,1.6971623963490359,1.0,1.0,-0.6726329062850569,0.7399763329881016,39.0,182.55935099905955
evt_inv_006115_1,cust_b2b_027,inv_006115,2026-04-21T10:41:16.802119+00:00,2054958,WRITE_OFF,0.05,0,24.345845889270052,0.178743961352657,-0.6530354502940169,1.0,1.0,-0.6719619026824335,0.7405857150549178,31.0,174.52711138313325
evt_inv_007925_0,cust_b2b_017,inv_007925,2026-04-21T10:53:43.145728+00:00,4655577,SEND_REMINDER,0.8500000000000001,0,9.751980515157364,0.3,-0.7161095963049136,0.0,1.0,-0.671515160931454,0.7409908154891013,34.0,185.96923416285333
evt_inv_007961_0,cust_b2b_008,inv_007961,2026-04-21T11:01:58.334638+00:00,8089360,SEND_REMINDER,0.8500000000000001,0,2.409843588743363,0.2538860103626943,0.006002452560616627,0.0,1.0,-0.671218619027562,0.7412594454512756,43.0,173.62843394094133
evt_inv_004596_0,cust_b2b_038,inv_004596,2026-04-21T11:24:27.416792+00:00,4228160,SEND_REMINDER,0.8500000000000001,0,4.609037054989849,0.29411764705882354,-0.048997371126327224,0.0,1.0,-0.6704101815116379,0.7419906930181353,34.0,184.47734840570965
evt_inv_003401_0,cust_b2b_036,inv_003401,2026-04-21T11:34:11.086850+00:00,4349386,SEND_REMINDER,0.8500000000000001,0,5.554969210867678,0.28773584905660377,0.40702722634773697,0.0,1.0,-0.6700601702691509,0.7423067884768915,30.0,185.93593210017664
evt_inv_001994_1,cust_b2b_029,inv_001994,2026-04-21T11:47:46.586884+00:00,6634205,OFFER_PAYMENT_PLAN,0.8500000000000001,0,16.743853742903408,0.22105263157894736,0.4626782777929297,1.0,1.0,-0.6695708872514294,0.7427481584933977,42.0,185.55661675866347
evt_inv_001880_1,cust_b2b_012,inv_001880,2026-04-21T11:56:19.263229+00:00,3649117,OFFER_PAYMENT_PLAN,0.8500000000000001,0,24.50208864280431,0.4873096446700508,-0.12292989387002545,1.0,1.0,-0.6692631432815083,0.7430254672923098,37.0,184.4517950561743
evt_inv_003791_0,cust_b2b_019,inv_003791,2026-04-21T12:05:59.381732+00:00,2523936,SEND_REMINDER,0.8500000000000001,0,9.168309346870887,0.36923076923076925,-0.6477274571467645,0.0,1.0,-0.668914777338615,0.7433391020644824,47.0,183.4423923066804
evt_inv_001004_0,cust_b2b_031,inv_001004,2026-04-21T12:18:46.077554+00:00,11538671,SEND_REMINDER,0.8500000000000001,0,1.5625252663023204,0.3131868131868132,-0.405358806534477,0.0,1.0,-0.6684541447045178,0.7437533572545079,33.0,182.85167536053655
evt_inv_002143_1,cust_b2b_021,inv_002143,2026-04-21T12:43:02.460223+00:00,11291898,OFFER_PAYMENT_PLAN,0.8500000000000001,0,18.44753408965499,0.33649289099526064,0.580221614993921,1.0,1.0,-0.667578440242868,0.7445394725082743,44.0,183.53542442446883
evt_inv_001366_1,cust_b2b_001,inv_001366,2026-04-21T12:59:04.976841+00:00,6398599,OFFER_PAYMENT_PLAN,0.8500000000000001,0,20.767922060460194,0.060109289617486336,-0.18626307177636714,1.0,1.0,-0.666999183716046,0.745058446648401,33.0,174.42515488625676
evt_inv_000280_0,cust_b2b_011,inv_000280,2026-04-21T13:00:33.952011+00:00,1838639,WRITE_OFF,0.05,1,5.672323833846816,0.3783783783783784,0.3114866750903936,0.0,1.0,-0.6669456167856073,0.74510639793956,35.0,184.33902787355876
evt_inv_000150_0,cust_b2b_009,inv_000150,2026-04-21T13:36:58.553000+00:00,5576548,SEND_REMINDER,0.8500000000000001,0,1.9165922442797347,0.16901408450704225,-0.12336790468025378,0.0,1.0,-0.66562931104531,0.7462825338150062,39.0,179.4678023111561
evt_inv_007738_0,cust_b2b_020,inv_007738,2026-04-21T14:05:15.799224+00:00,7652515,ESCALATE_COLLECTIONS,0.05,0,1.7934972550486843,0.37073170731707317,1.0681577592559137,0.0,1.0,-0.6646052233638484,0.747194684856289,30.0,172.7794122263947
evt_inv_004035_1,cust_b2b_013,inv_004035,2026-04-21T14:19:08.165315+00:00,1764793,OFFER_PAYMENT_PLAN,0.8500000000000001,0,24.223967986528123,0.2072072072072072,-0.672517153750609,1.0,1.0,-0.6641025317712548,0.7476415098795742,34.0,185.29394567136293
evt_inv_002500_1,cust_b2b_017,inv_002500,2026-04-21T14:24:18.899739+00:00,8557701,OFFER_PAYMENT_PLAN,0.8500000000000001,0,18.939279210010092,0.29850746268656714,0.7790782102951754,1.0,1.0,-0.6639147926362045,0.7478082295072886,35.0,186.11548131575603
evt_inv_003532_1,cust_b2b_032,inv_003532,2026-04-21T14:42:23.266933+00:00,5950535,OFFER_PAYMENT_PLAN,0.8500000000000001,0,23.09736934969815,0.11068702290076336,-0.23465330764387765,1.0,1.0,-0.6632593132226067,0.7483896601527015,47.0,189.54770572232056
evt_inv_002557_1,cust_b2b_035,inv_002557,2026-04-21T14:48:48.706037+00:00,3795441,OFFER_PAYMENT_PLAN,0.8500000000000001,0,20.39753120217727,0.35096153846153844,-0.7064186709247483,1.0,1.0,-0.663026199900333,0.7485961917120095,34.0,188.42825586009357
evt_inv_001502_0,cust_b2b_004,inv_001502,2026-04-21T15:33:05.185835+00:00,3459560,OFFER_PAYMENT_PLAN,0.05,0,8.372067184828323,0.17326732673267325,0.25687836555394716,0.0,1.0,-0.661417814788508,0.7500176493125977,40.0,185.95728088932398
evt_inv_000022_1,cust_b2b_032,inv_000022,2026-04-21T16:05:54.692212+00:00,6974218,OFFER_PAYMENT_PLAN,0.8500000000000001,0,24.154606520122506,0.11026615969581749,0.15505934873729596,1.0,1.0,-0.660223395114934,0.7510692834505415,48.0,189.60570832971916
evt_inv_002688_1,cust_b2b_036,inv_002688,2026-04-21T16:18:37.285505+00:00,2698968,OFFER_PAYMENT_PLAN,0.8500000000000001,1,19.656958419963196,0.2863849765258216,-0.6960731028940484,1.0,1.0,-0.6597604663412809,0.7514759657188881,29.0,186.13345754756583
evt_inv_002614_0,cust_b2b_000,inv_002614,2026-04-21T16:35:34.899747+00:00,4453097,SEND_REMINDER,0.8500000000000001,1,7.54819036924305,0.3612565445026178,-0.22854293304311224,0.0,1.0,-0.6591423381232603,0.7520182032992297,42.0,181.33951310843963
evt_inv_008278_1,cust_b2b_001,inv_008278,2026-04-21T16:48:31.806160+00:00,6153011,OFFER_PAYMENT_PLAN,0.8500000000000001,0,24.560272075269303,0.059782608695652176,-0.27506793812778846,1.0,1.0,-0.6586701227609868,0.7524318370337785,34.0,174.5844931885588
evt_inv_007107_1,cust_b2b_003,inv_007107,2026-04-21T16:51:26.507567+00:00,4460864,OFFER_PAYMENT_PLAN,0.8500000000000001,0,22.3708132228984,0.16666666666666666,-0.1725059459667664,1.0,1.0,-0.6585639008735747,0.7525248092031123,29.0,176.6307067453306
evt_inv_005481_1,cust_b2b_031,inv_005481,2026-04-21T17:00:05.098959+00:00,11524865,ESCALATE_COLLECTIONS,0.05,0,16.69957249027667,0.3114754098360656,-0.4078650361995834,1.0,1.0,-0.6582485098319351,0.7528007035756787,34.0,183.04703440457592
evt_inv_006688_0,cust_b2b_007,inv_006688,2026-04-21T17:00:16.334125+00:00,3993362,SEND_REMINDER,0.8500000000000001,1,3.9441752419100693,0.30097087378640774,-0.1682908600024764,0.0,1.0,-0.6582416756768602,0.7528066793022755,32.0,188.50983208176967
evt_inv_004418_1,cust_b2b_005,inv_004418,2026-04-21T17:33:05.605282+00:00,9010388,OFFER_PAYMENT_PLAN,0.8500000000000001,1,21.697734782665634,0.25,0.39779485394142977,1.0,1.0,-0.6570429648273463,0.7538531305041392,26.0,182.0710725875283
evt_inv_006425_0,cust_b2b_019,inv_006425,2026-04-21T17:40:20.073613+00:00,4937147,SEND_REMINDER,0.8500000000000001,0,4.300669408595846,0.3673469387755102,1.1232851271917383,0.0,1.0,-0.6567782764252785,0.7540837457576184,47.0,183.6745762404813
evt_inv_005763_1,cust_b2b_004,inv_005763,2026-04-21T18:09:31.649757+00:00,3260081,OFFER_PAYMENT_PLAN,0.8500000000000001,0,20.983199385095467,0.1724137931034483,0.0979159101760948,1.0,1.0,-0.655710354103364,0.7550125373274545,41.0,186.06592051804896
evt_inv_008073_0,cust_b2b_009,inv_008073,2026-04-21T18:42:16.999077+00:00,7042704,SEND_REMINDER,0.8500000000000001,0,8.358670519448536,0.16822429906542055,0.5014835060675635,0.0,1.0,-0.6545105323479815,0.7560528837624798,40.0,179.67982136297454
evt_inv_008456_0,cust_b2b_011,inv_008456,2026-04-21T18:45:13.197232+00:00,2218610,SEND_REMINDER,0.8500000000000001,0,8.328173360033508,0.3817204301075269,0.8925063356516597,0.0,1.0,-0.654402884857881,0.7561460601561598,35.0,184.5783709895471
evt_inv_002943_0,cust_b2b_036,inv_002943,2026-04-21T18:54:00.958245+00:00,3105892,SEND_REMINDER,0.8500000000000001,0,4.950818021440058,0.2897196261682243,-0.42409466993071715,0.0,1.0,-0.6540803722216229,0.7564250568790164,30.0,186.24137042650577
evt_inv_000349_0,cust_b2b_019,inv_000349,2026-04-21T18:57:07.728852+00:00,3103237,SEND_REMINDER,0.8500000000000001,0,3.5875065168961435,0.36548223350253806,-0.22258917449082333,0.0,1.0,-0.6539662089550955,0.756523758744496,48.0,183.7279055835288
evt_inv_007546_0,cust_b2b_031,inv_007546,2026-04-21T19:01:37.065155+00:00,13596895,SEND_REMINDER,0.8500000000000001,0,9.029448266194462,0.30978260869565216,-0.03172481021993628,0.0,1.0,-0.6538015512990849,0.7566660634116678,34.0,183.131432161469
evt_inv_006310_0,cust_b2b_034,inv_006310,2026-04-21T19:07:23.258940+00:00,4513155,SEND_REMINDER,0.8500000000000001,0,4.525847155509008,0.4939759036144578,-0.3306414489714468,0.0,1.0,-0.653589861653417,0.7568489233287362,30.0,171.720151268064
evt_inv_004352_0,cust_b2b_023,inv_004352,2026-04-21T19:11:03.725051+00:00,3034803,SEND_REMINDER,0.8500000000000001,0,4.288142615674517,0.43434343434343436,0.8700641738299796,0.0,1.0,-0.6534550249714893,0.7569653428919386,31.0,175.09239309591476
evt_inv_007255_1,cust_b2b_017,inv_007255,2026-04-21T19:21:31.709931+00:00,6337690,WRITE_OFF,0.05,0,24.07244291643326,0.297029702970297,-0.07156980639407066,1.0,1.0,-0.6530708368881873,0.7572968255619209,36.0,186.32187958186827
evt_inv_002612_0,cust_b2b_021,inv_002612,2026-04-21T19:23:58.994277+00:00,10053217,SEND_REMINDER,0.8500000000000001,0,5.716934904511681,0.33490566037735847,0.24233226665544197,0.0,1.0,-0.6529807070422167,0.7573745415781064,45.0,183.81385653157716
evt_inv_007550_0,cust_b2b_003,inv_007550,2026-04-21T19:36:39.062976+00:00,6020113,OFFER_PAYMENT_PLAN,0.05,0,8.838042080405675,0.16587677725118483,0.6410450494896991,0.0,1.0,-0.6525154401995916,0.7577754286733855,30.0,176.74543539589249
evt_inv_002713_1,cust_b2b_003,inv_002713,2026-04-21T19:38:04.261638+00:00,4265235,OFFER_PAYMENT_PLAN,0.8500000000000001,0,22.159786053928496,0.1650943396226415,-0.27457707604409887,1.0,1.0,-0.6524632715273551,0.7578203476470007,31.0,176.7464214915215
evt_inv_004505_1,cust_b2b_014,inv_004505,2026-04-21T19:38:34.687626+00:00,12213945,OFFER_PAYMENT_PLAN,0.8500000000000001,0,21.702943213505776,0.25,0.3807767133636835,1.0,1.0,-0.6524446403983444,0.7578363881574143,25.0,188.0573596131848
evt_inv_000847_0,cust_b2b_033,inv_000847,2026-04-21T19:44:18.581027+00:00,5626777,SEND_REMINDER,0.8500000000000001,0,6.240158774842957,0.14948453608247422,0.7256369938577092,0.0,1.0,-0.6522340324041452,0.7580176561095582,38.0,170.9708103175502
evt_inv_003158_0,cust_b2b_032,inv_003158,2026-04-21T20:16:12.187581+00:00,7975530,SEND_REMINDER,0.8500000000000001,0,6.318947568859928,0.10984848484848485,0.5362548667987154,0.0,1.0,-0.6510611776744711,0.7590252584236777,49.0,189.7795219335329
evt_inv_005611_1,cust_b2b_020,inv_005611,2026-04-21T20:33:04.563102+00:00,4478710,OFFER_PAYMENT_PLAN,0.8500000000000001,0,24.698854414688437,0.36893203883495146,-0.41170054285067514,1.0,1.0,-0.650440060168616,0.7595575871043927,29.0,173.04872662313235
evt_inv_001313_0,cust_b2b_011,inv_001313,2026-04-21T20:43:40.922164+00:00,1280975,SEND_REMINDER,0.8500000000000001,1,2.186884153224294,0.37967914438502676,-0.5412448178735199,0.0,1.0,-0.650049415284223,0.7598919381653156,36.0,184.66063632440748
evt_inv_001709_1,cust_b2b_013,inv_001709,2026-04-21T20:52:38.408848+00:00,1924912,OFFER_PAYMENT_PLAN,0.8500000000000001,0,21.41759200191534,0.2062780269058296,-0.5067098469825734,1.0,1.0,-0.649719331783306,0.7601741839256674,35.0,185.56721237892557
evt_inv_003443_0,cust_b2b_012,inv_003443,2026-04-21T21:22:30.504838+00:00,4143978,SEND_REMINDER,0.8500000000000001,0,1.838065227066976,0.48484848484848486,0.19942728022526116,0.0,1.0,-0.6486178773933455,0.7611142155588417,37.0,184.84498072293889
evt_inv_005954_0,cust_b2b_033,inv_005954,2026-04-21T21:24:38.890386+00:00,4296476,SEND_REMINDER,0.8500000000000001,0,7.301736142187883,0.14871794871794872,-0.036978665399226125,0.0,1.0,-0.6485389170941348,0.7611814980767511,38.0,171.04048982401787
evt_inv_004744_0,cust_b2b_001,inv_004744,2026-04-21T21:32:35.984337+00:00,6867859,OFFER_PAYMENT_PLAN,0.05,0,6.8369247587012945,0.05945945945945946,-0.01657873447061618,0.0,1.0,-0.6482454313191444,0.761431455072521,35.0,174.78176376930855
evt_inv_005027_0,cust_b2b_033,inv_005027,2026-04-21T21:42:59.803808+00:00,3976399,SEND_REMINDER,0.8500000000000001,0,8.559562830126382,0.14795918367346939,-0.22046750622118805,0.0,1.0,-0.647861541572383,0.7617581131510549,39.0,171.05323187750983
evt_inv_003171_0,cust_b2b_019,inv_003171,2026-04-21T22:28:34.543663+00:00,3078851,SEND_REMINDER,0.8500000000000001,0,7.337328603847434,0.36363636363636365,-0.2404853347878868,0.0,1.0,-0.6461766798153349,0.7631878526698589,49.0,183.87474371791208
evt_inv_004278_0,cust_b2b_029,inv_004278,2026-04-21T22:48:32.011844+00:00,5807414,SEND_REMINDER,0.8500000000000001,1,3.7469605909896844,0.2198952879581152,0.09345302813336438,0.0,1.0,-0.6454379309307647,0.7638127239813522,40.0,186.01547584385662
evt_inv_006019_1,cust_b2b_029,inv_006019,2026-04-21T22:50:44.713545+00:00,6484494,OFFER_PAYMENT_PLAN,0.8500000000000001,1,16.580779563468283,0.22395833333333334,0.3958210628171549,1.0,1.0,-0.6453560266372553,0.7638819273179424,41.0,186.01701174317182
evt_inv_003496_0,cust_b2b_019,inv_003496,2026-04-21T22:58:53.036409+00:00,2737937,SEND_REMINDER,0.8500000000000001,1,5.0140681586385245,0.36180904522613067,-0.49067631139257084,0.0,1.0,-0.6450545669252117,0.7641365098520863,50.0,183.89579108766247
evt_inv_007159_1,cust_b2b_009,inv_007159,2026-04-21T22:59:02.307668+00:00,5399018,OFFER_PAYMENT_PLAN,0.8500000000000001,0,22.575520488396947,0.16744186046511628,-0.19902790373378376,1.0,1.0,-0.6450488424637645,0.7641413421849113,39.0,179.85812354573343
evt_inv_001100_1,cust_b2b_024,inv_001100,2026-04-21T23:12:44.127225+00:00,5437064,OFFER_PAYMENT_PLAN,0.8500000000000001,0,21.926430170140943,0.14761904761904762,0.489029058920786,1.0,1.0,-0.644541273031212,0.7645695176759957,35.0,180.18513145385955
evt_inv_003682_0,cust_b2b_030,inv_003682,2026-04-21T23:14:05.517152+00:00,1733409,SEND_REMINDER,0.8500000000000001,0,7.3202060830844875,0.33014354066985646,-0.6739532366330594,0.0,1.0,-0.6444909897865232,0.7646119042259201,41.0,189.81488847954392
evt_inv_000674_0,cust_b2b_038,inv_000674,2026-04-21T23:32:09.532689+00:00,4132150,SEND_REMINDER,0.8500000000000001,0,6.5038030633603405,0.2925531914893617,-0.10465320151801245,0.0,1.0,-0.6438210119839526,0.7651761264754404,34.0,184.98269696932857
evt_inv_003051_0,cust_b2b_004,inv_003051,2026-04-21T23:43:26.818776+00:00,3686164,SEND_REMINDER,0.8500000000000001,0,8.52353838935988,0.1715686274509804,0.4374565662127833,0.0,1.0,-0.6434021633163912,0.7655283510359285,41.0,186.29780904836002
evt_inv_004245_0,cust_b2b_032,inv_004245,2026-04-21T23:46:24.878406+00:00,5105172,SEND_REMINDER,0.8500000000000001,0,7.751572549460218,0.10943396226415095,-0.5564798300770496,0.0,1.0,-0.6432920153153722,0.7656209133974117,49.0,189.92550215141304
evt_inv_003119_1,cust_b2b_015,inv_003119,2026-04-22T00:29:24.626108+00:00,7030252,OFFER_PAYMENT_PLAN,0.8500000000000001,0,19.46012393703496,0.1568627450980392,-0.6732671423906774,1.0,1.0,-0.6416946859414882,0.7669601880374592,38.0,183.14742502650537
evt_inv_003464_0,cust_b2b_004,inv_003464,2026-04-22T00:43:17.081519+00:00,4576571,SEND_REMINDER,0.8500000000000001,0,5.7261762939124985,0.17073170731707318,1.1470103178919715,0.0,1.0,-0.6411786504474092,0.767391645908684,42.0,186.33936301529647
evt_inv_006159_0,cust_b2b_029,inv_006159,2026-04-22T00:47:44.906213+00:00,5182598,SEND_REMINDER,0.8500000000000001,0,7.283006775955005,0.22797927461139897,-0.18557507170914872,0.0,1.0,-0.6410125653902894,0.767530384422506,41.0,186.09826397312952
evt_inv_003083_0,cust_b2b_019,inv_003083,2026-04-22T01:07:34.711117+00:00,3101799,SEND_REMINDER,0.8500000000000001,0,6.374228479230531,0.365,-0.22364401841527304,0.0,1.0,-0.6402743736235182,0.7681462923695014,50.0,183.98516232270694
evt_inv_004566_1,cust_b2b_009,inv_004566,2026-04-22T01:46:20.592537+00:00,8706589,OFFER_PAYMENT_PLAN,0.8500000000000001,0,22.112015929499783,0.16666666666666666,1.21060393419188,1.0,1.0,-0.6388296163174791,0.7693482445002798,40.0,179.97430739839004
evt_inv_002937_0,cust_b2b_014,inv_002937,2026-04-22T01:47:23.935686+00:00,11876712,ESCALATE_COLLECTIONS,0.05,0,6.179606527526921,0.24855491329479767,0.3012371493874144,0.0,1.0,-0.6387902381539283,0.7693809405224746,26.0,188.31348516942546
evt_inv_006939_0,cust_b2b_010,inv_006939,2026-04-22T01:58:56.898511+00:00,2655666,SEND_REMINDER,0.8500000000000001,0,6.4644249037886645,0.15544041450777202,-0.22474724850244515,0.0,1.0,-0.6383593387508748,0.7697384975623514,48.0,181.75613996785265
evt_inv_008785_0,cust_b2b_026,inv_008785,2026-04-22T02:08:28.219636+00:00,3918447,SEND_REMINDER,0.8500000000000001,1,1.4483113010915267,0.28502415458937197,-0.44629806248052717,0.0,1.0,-0.6380039282809998,0.770033108053162,34.0,174.2257674752298
evt_inv_001449_1,cust_b2b_033,inv_001449,2026-04-22T02:08:44.088416+00:00,3973084,ESCALATE_COLLECTIONS,0.05,0,24.402172863363884,0.14720812182741116,-0.22236781881972592,1.0,1.0,-0.6379940546047126,0.7700412886910929,39.0,171.23777220863064
evt_inv_000118_0,cust_b2b_024,inv_000118,2026-04-22T02:29:37.675180+00:00,3815569,SEND_REMINDER,0.8500000000000001,0,9.58840045988303,0.14691943127962084,-0.40238876750550157,0.0,1.0,-0.6372137320676791,0.770687134746896,35.0,180.32186233297057
evt_inv_002726_1,cust_b2b_024,inv_002726,2026-04-22T02:29:42.202702+00:00,4526156,OFFER_PAYMENT_PLAN,0.8500000000000001,0,22.41852681261966,0.14622641509433962,-0.011743008050026439,1.0,1.0,-0.6372109126270191,0.770689465886904,36.0,180.3219147348464
evt_inv_006501_0,cust_b2b_034,inv_006501,2026-04-22T02:47:45.574645+00:00,4716456,SEND_REMINDER,0.8500000000000001,1,6.205446773439209,0.49101796407185627,-0.23291978892480864,0.0,1.0,-0.636536015303349,0.7712469780956906,31.0,172.03985399613762
evt_inv_001996_0,cust_b2b_021,inv_001996,2026-04-22T03:06:27.158715+00:00,6910526,OFFER_PAYMENT_PLAN,0.05,0,8.433369002127746,0.3333333333333333,-0.614935922626804,0.0,1.0,-0.6358367994701982,0.7718235319290899,45.0,184.13501584219375
evt_inv_002027_0,cust_b2b_017,inv_002027,2026-04-22T03:23:13.868928+00:00,7187166,SEND_REMINDER,0.8500000000000001,0,3.2957424663945596,0.2955665024630542,0.25392647573927,0.0,1.0,-0.6352087533309344,0.772340494660069,36.0,186.6563953110034
evt_inv_006733_0,cust_b2b_013,inv_006733,2026-04-22T03:40:33.131608+00:00,2680795,SEND_REMINDER,0.8500000000000001,0,7.859622817448952,0.20535714285714285,0.2760241993009668,0.0,1.0,-0.6345599580987504,0.772873637522792,36.0,185.85048463308976
evt_inv_004462_0,cust_b2b_024,inv_004462,2026-04-22T03:49:10.744881+00:00,4267052,OFFER_PAYMENT_PLAN,0.05,0,4.913081933789389,0.14553990610328638,-0.15418562435151087,0.0,1.0,-0.6342366533652767,0.7731389703850232,37.0,180.37710619525697
evt_inv_007734_1,cust_b2b_029,inv_007734,2026-04-22T03:53:57.678359+00:00,6690482,OFFER_PAYMENT_PLAN,0.8500000000000001,1,23.77337614478459,0.2268041237113402,0.48781020077223486,1.0,1.0,-0.6340573849837038,0.7732859966064478,42.0,186.2275784655585
evt_inv_005874_1,cust_b2b_030,inv_005874,2026-04-22T03:58:01.644799+00:00,2428918,OFFER_PAYMENT_PLAN,0.8500000000000001,0,24.86038440633152,0.32857142857142857,0.05872575726176657,1.0,1.0,-0.6339049344514681,0.773410973595591,41.0,190.01206588286263
evt_inv_008217_0,cust_b2b_013,inv_008217,2026-04-22T03:59:33.305565+00:00,2778631,SEND_REMINDER,0.8500000000000001,0,3.0598152062907755,0.20444444444444446,0.3773350562759478,0.0,1.0,-0.6338476508108254,0.7734579210025572,37.0,185.86368109092666
evt_inv_001980_1,cust_b2b_003,inv_001980,2026-04-22T04:03:16.636791+00:00,5014546,OFFER_PAYMENT_PLAN,0.8500000000000001,0,18.589938279571054,0.1643192488262911,0.11638202685066396,1.0,1.0,-0.633708064809626,0.7735722904779092,32.0,177.09725916689976
evt_inv_001898_0,cust_b2b_023,inv_001898,2026-04-22T04:19:29.245525+00:00,3099400,SEND_REMINDER,0.8500000000000001,0,9.703135204765523,0.4321608040201005,0.941797377078119,0.0,1.0,-0.6330999264217316,0.7740700763915357,31.0,175.47324402732815
evt_inv_005346_1,cust_b2b_022,inv_005346,2026-04-22T04:19:47.667381+00:00,1613970,OFFER_PAYMENT_PLAN,0.8500000000000001,0,23.252200738109778,0.20218579234972678,-0.35851133600658563,1.0,1.0,-0.6330884041020153,0.7740795001752491,40.0,178.73038705532005
evt_inv_003226_0,cust_b2b_028,inv_003226,2026-04-22T04:39:57.104480+00:00,4371010,WRITE_OFF,0.05,0,9.773626824638317,0.3627450980392157,-0.3751348136342558,0.0,1.0,-0.6323316305925051,0.7746978178310713,47.0,171.99222136570324
evt_inv_006275_1,cust_b2b_013,inv_006275,2026-04-22T04:45:06.916845+00:00,2219921,OFFER_PAYMENT_PLAN,0.8500000000000001,0,24.471360144207992,0.20353982300884957,-0.20122122245086188,1.0,1.0,-0.6321376764499431,0.7748560885819166,38.0,185.8953201103742
evt_inv_008715_1,cust_b2b_026,inv_008715,2026-04-22T05:37:02.509873+00:00,4640940,OFFER_PAYMENT_PLAN,0.8500000000000001,0,16.79130207266898,0.28846153846153844,-0.06763184640889269,1.0,1.0,-0.6301849982575943,0.7764450192840933,35.0,174.37060879742282
evt_inv_001333_0,cust_b2b_039,inv_001333,2026-04-22T05:42:22.677626+00:00,13410918,SEND_REMINDER,0.8500000000000001,1,6.455849683758284,0.4171779141104294,0.5816035237988499,0.0,1.0,-0.6299841086359543,0.7766080239516986,31.0,175.1335605845397
evt_inv_003227_0,cust_b2b_020,inv_003227,2026-04-22T05:46:53.640180+00:00,6184742,SEND_REMINDER,0.8500000000000001,0,8.813892825619934,0.3671497584541063,0.38377543998666297,0.0,1.0,-0.6298140599313492,0.77674593652802,29.0,173.4333224226498
evt_inv_006079_0,cust_b2b_028,inv_006079,2026-04-22T06:02:25.875434+00:00,5791542,SEND_REMINDER,0.8500000000000001,0,6.198305458981412,0.36097560975609755,0.31542359005059334,0.0,1.0,-0.6292287839576616,0.7772201344787476,47.0,172.04949880730376
evt_inv_006999_0,cust_b2b_021,inv_006999,2026-04-22T06:07:47.545516+00:00,10538651,SEND_REMINDER,0.8500000000000001,0,1.4644578572329174,0.3317757009345794,0.3747497792219359,0.0,1.0,-0.6290267501658904,0.7773836553309689,46.0,184.260946244988
evt_inv_003102_1,cust_b2b_024,inv_003102,2026-04-22T06:11:54.467129+00:00,5452059,OFFER_PAYMENT_PLAN,0.8500000000000001,0,17.163905584257485,0.14485981308411214,0.4972723649986006,1.0,1.0,-0.628871635386386,0.7775091422012042,38.0,180.47622335090213
evt_inv_007533_0,cust_b2b_021,inv_007533,2026-04-22T06:18:16.604361+00:00,13235564,SEND_REMINDER,0.8500000000000001,1,2.520298793599644,0.3302325581395349,1.1104179987605318,0.0,1.0,-0.6286315295615779,0.7777032853479989,47.0,184.26822701866175
evt_inv_003135_1,cust_b2b_001,inv_003135,2026-04-22T06:24:46.494911+00:00,7638391,OFFER_PAYMENT_PLAN,0.8500000000000001,0,21.00286988390685,0.05913978494623656,0.262046161879042,1.0,1.0,-0.6283864903729949,0.777901291113924,35.0,175.15132986392555
evt_inv_003731_0,cust_b2b_024,inv_003731,2026-04-22T06:28:38.569736+00:00,3486420,WRITE_OFF,0.05,0,4.669262060525328,0.14418604651162792,-0.5833385825080359,0.0,1.0,-0.6282406059137886,0.7780191135705316,39.0,180.4878449088554
evt_inv_004799_1,cust_b2b_036,inv_004799,2026-04-22T06:32:07.259329+00:00,3339712,OFFER_PAYMENT_PLAN,0.8500000000000001,0,23.72636458623912,0.28837209302325584,-0.26781521576447204,1.0,1.0,-0.6281094027708221,0.7781250401772721,31.0,186.72616557793833
evt_inv_005491_0,cust_b2b_026,inv_005491,2026-04-22T06:40:20.261050+00:00,5222416,SEND_REMINDER,0.8500000000000001,0,6.311835792692618,0.28708133971291866,0.23712655917431663,0.0,1.0,-0.6277993816723983,0.778375189977015,36.0,174.41456425085494
evt_inv_005674_0,cust_b2b_000,inv_005674,2026-04-22T06:42:08.106094+00:00,4368668,SEND_REMINDER,0.8500000000000001,0,2.341245153345859,0.3645833333333333,-0.2716089136818668,0.0,1.0,-0.6277315506978899,0.7784298942476596,42.0,181.92739744116125
evt_inv_007653_0,cust_b2b_019,inv_007653,2026-04-22T06:49:18.282800+00:00,2714138,SEND_REMINDER,0.8500000000000001,0,1.9861352307391642,0.36318407960199006,-0.5081416581092303,0.0,1.0,-0.6274609363211627,0.7786480420517153,51.0,184.22247218014755
evt_inv_005906_1,cust_b2b_036,inv_005906,2026-04-22T07:21:40.110222+00:00,3957417,ESCALATE_COLLECTIONS,0.05,0,23.06473267030787,0.28703703703703703,0.1450446996818122,1.0,1.0,-0.6262384338794718,0.7796315950063764,32.0,186.7605735743823
evt_inv_003325_0,cust_b2b_006,inv_003325,2026-04-22T07:55:18.945899+00:00,5786239,SEND_REMINDER,0.8500000000000001,1,1.7567502162582818,0.31862745098039214,0.10543389988226327,0.0,1.0,-0.6249658152881413,0.7806521182455274,37.0,185.4585564495403
evt_inv_001674_0,cust_b2b_023,inv_001674,2026-04-22T08:12:28.004428+00:00,1899368,SEND_REMINDER,0.8500000000000001,0,7.342967136750858,0.43,-0.3908045511879099,0.0,1.0,-0.6243164849255484,0.7811715091132084,31.0,175.6350352183422
evt_inv_002325_0,cust_b2b_002,inv_002325,2026-04-22T08:24:41.856323+00:00,4266035,SEND_REMINDER,0.8500000000000001,0,5.3211126036456005,0.14361702127659576,0.30522509146017424,0.0,1.0,-0.6238531646553238,0.7815415721185517,30.0,184.9260791599097
evt_inv_005556_0,cust_b2b_019,inv_005556,2026-04-22T08:29:31.946337+00:00,2863757,SEND_REMINDER,0.8500000000000001,0,3.6815854044985583,0.3613861386138614,-0.3983391656772706,0.0,1.0,-0.6236699546856236,0.7816877814207104,52.0,184.2920747673842
evt_inv_004264_1,cust_b2b_016,inv_004264,2026-04-22T08:29:49.384410+00:00,10101851,OFFER_PAYMENT_PLAN,0.8500000000000001,0,21.061680177889354,0.24553571428571427,0.041315409238525724,1.0,1.0,-0.6236589403608973,0.7816965690777482,30.0,178.04230897394962
evt_inv_002395_1,cust_b2b_017,inv_002395,2026-04-22T08:48:05.541548+00:00,8911485,OFFER_PAYMENT_PLAN,0.8500000000000001,0,21.928903131455733,0.29411764705882354,0.9146386007235815,1.0,1.0,-0.6229663315662813,0.782248649557703,35.0,186.8819933737277
evt_inv_005816_1,cust_b2b_035,inv_005816,2026-04-22T08:58:41.893386+00:00,5757165,OFFER_PAYMENT_PLAN,0.8500000000000001,1,22.06779615831725,0.3492822966507177,0.2206174448939068,1.0,1.0,-0.6225640273049842,0.7825688671968742,32.0,189.18512145441096
evt_inv_008493_1,cust_b2b_025,inv_008493,2026-04-22T09:05:51.510419+00:00,7816604,OFFER_PAYMENT_PLAN,0.8500000000000001,0,20.801763720684008,0.2222222222222222,-0.5731007285122786,1.0,1.0,-0.6222923285618844,0.7827849371398428,40.0,183.49757610004212
evt_inv_000993_0,cust_b2b_020,inv_000993,2026-04-22T09:07:14.551697+00:00,4935802,SEND_REMINDER,0.8500000000000001,0,2.074528952745381,0.36538461538461536,-0.19857109687612554,0.0,1.0,-0.6222398028816369,0.7828266907239568,30.0,173.5724533429901
evt_inv_003039_0,cust_b2b_025,inv_003039,2026-04-22T09:48:54.953951+00:00,12539950,SEND_REMINDER,0.8500000000000001,0,4.385078062385951,0.22134387351778656,0.591268252978718,0.0,1.0,-0.6206569250020203,0.784082254261016,41.0,183.5274770668468
evt_inv_000056_1,cust_b2b_016,inv_000056,2026-04-22T09:58:29.199931+00:00,11282467,OFFER_PAYMENT_PLAN,0.8500000000000001,0,17.984218992716016,0.24444444444444444,0.33832206609975984,1.0,1.0,-0.620293041020003,0.7843701570445913,31.0,178.10388091284995
evt_inv_006674_0,cust_b2b_032,inv_006674,2026-04-22T10:03:41.149648+00:00,5651042,SEND_REMINDER,0.8500000000000001,0,4.650594888548091,0.10902255639097744,-0.3486689610200204,0.0,1.0,-0.6200953110266801,0.7845264847299451,47.0,190.35416269818788
evt_inv_001731_1,cust_b2b_019,inv_001731,2026-04-22T10:27:25.245066+00:00,3355420,OFFER_PAYMENT_PLAN,0.8500000000000001,1,17.070378042618554,0.35960591133004927,-0.03751629706762189,1.0,1.0,-0.619192144829538,0.7852395098193904,53.0,184.37394165082523
evt_inv_005418_0,cust_b2b_031,inv_005418,2026-04-22T10:38:57.717867+00:00,10359229,SEND_REMINDER,0.8500000000000001,0,8.639059046996412,0.3081081081081081,-0.6194655500740167,0.0,1.0,-0.618752679868141,0.7855858458220807,34.0,183.78236564192915
evt_inv_006922_0,cust_b2b_027,inv_006922,2026-04-22T10:44:29.283170+00:00,1584531,SEND_REMINDER,0.8500000000000001,0,9.22151375785639,0.1778846153846154,-1.0758477082304527,0.0,1.0,-0.6185421895338707,0.7857515890958446,29.0,175.52933917307647
evt_inv_007119_0,cust_b2b_007,inv_007119,2026-04-22T11:06:20.087667+00:00,6165697,ESCALATE_COLLECTIONS,0.05,0,7.612415956212602,0.30434782608695654,1.1001274080647025,0.0,1.0,-0.6177096061506986,0.786406283335242,33.0,189.2640421922158
evt_inv_001881_1,cust_b2b_019,inv_001881,2026-04-22T11:06:30.064237+00:00,3905952,OFFER_PAYMENT_PLAN,0.8500000000000001,0,18.509292939014824,0.3627450980392157,0.36650908780192626,1.0,1.0,-0.6177032666771037,0.7864112628494297,54.0,184.40108076159592
evt_inv_002455_0,cust_b2b_022,inv_002455,2026-04-22T11:06:35.294031+00:00,1658184,SEND_REMINDER,0.8500000000000001,0,5.558255974593143,0.20108695652173914,-0.299846557650604,0.0,1.0,-0.617699943460369,0.7864138731285563,41.0,179.01288273414366
evt_inv_008544_1,cust_b2b_001,inv_008544,2026-04-22T11:06:40.184544+00:00,8285309,OFFER_PAYMENT_PLAN,0.8500000000000001,0,24.817464820017793,0.058823529411764705,0.49597219601523485,1.0,1.0,-0.6176968358266721,0.7864163140536425,36.0,175.34709016059332
evt_inv_001152_0,cust_b2b_024,inv_001152,2026-04-22T11:11:28.368361+00:00,6676519,SEND_REMINDER,0.8500000000000001,0,4.016743886821043,0.14351851851851852,1.170420248004268,0.0,1.0,-0.617513694890083,0.7865601290576567,38.0,180.68425461515486
evt_inv_005051_1,cust_b2b_037,inv_005051,2026-04-22T11:18:43.492757+00:00,3238305,OFFER_PAYMENT_PLAN,0.8500000000000001,0,23.745631283276122,0.29207920792079206,0.2945694414085328,1.0,1.0,-0.6172371097114429,0.7867771923454977,31.0,182.68500584033725
evt_inv_007111_1,cust_b2b_004,inv_007111,2026-04-22T11:23:33.101331+00:00,2695628,OFFER_PAYMENT_PLAN,0.8500000000000001,0,22.753734756482306,0.16990291262135923,-0.35188917672452913,1.0,1.0,-0.6170529788211616,0.7869216106626702,42.0,186.7839928742385
evt_inv_005490_1,cust_b2b_007,inv_005490,2026-04-22T11:40:38.445853+00:00,4664365,OFFER_PAYMENT_PLAN,0.8500000000000001,0,18.82923278999212,0.30288461538461536,0.22350517054924268,1.0,1.0,-0.6164008011846036,0.7874325700013803,33.0,189.28786578232405
evt_inv_000372_1,cust_b2b_028,inv_000372,2026-04-22T11:42:25.829132+00:00,4115022,OFFER_PAYMENT_PLAN,0.8500000000000001,1,19.972784790665102,0.3592233009708738,-0.4995775177503419,1.0,1.0,-0.6163324748065735,0.7874860509868123,46.0,172.2856093825051
evt_inv_007115_0,cust_b2b_018,inv_007115,2026-04-22T11:54:44.574009+00:00,1685446,SEND_REMINDER,0.8500000000000001,1,4.152575541090454,0.625,-0.4298229691816405,0.0,1.0,-0.6158622967255746,0.7878538135161245,21.0,175.92167095425938
evt_inv_005313_0,cust_b2b_010,inv_005313,2026-04-22T11:59:03.423843+00:00,2604932,SEND_REMINDER,0.8500000000000001,0,7.078895605447988,0.15463917525773196,-0.26821410270992974,0.0,1.0,-0.6156974984561292,0.7879826079266373,46.0,182.1728821591887
evt_inv_004198_1,cust_b2b_009,inv_004198,2026-04-22T12:03:27.433011+00:00,4138712,OFFER_PAYMENT_PLAN,0.8500000000000001,1,24.578208024806024,0.16589861751152074,-0.7361495689907281,1.0,1.0,-0.615529387720699,0.7881139339284526,40.0,180.4028587927668
evt_inv_006103_0,cust_b2b_022,inv_006103,2026-04-22T12:03:39.783999+00:00,1670543,SEND_REMINDER,0.8500000000000001,0,1.0157713739076,0.2,-0.2834488113158056,0.0,1.0,-0.6155215224080146,0.7881200767982757,42.0,179.05251803469392
evt_inv_005523_1,cust_b2b_023,inv_005523,2026-04-22T12:40:19.013183+00:00,2759338,OFFER_PAYMENT_PLAN,0.8500000000000001,1,23.104477304849084,0.42786069651741293,0.564168451388064,1.0,1.0,-0.6141200403766471,0.7892126304157742,32.0,175.8210422641126
evt_inv_003855_0,cust_b2b_036,inv_003855,2026-04-22T13:00:42.024008+00:00,4739452,SEND_REMINDER,0.8500000000000001,0,4.122762809189856,0.2857142857142857,0.6677380814963044,0.0,1.0,-0.61333982442962,0.7898191310475096,30.0,186.99601239134677
evt_inv_005714_0,cust_b2b_012,inv_005714,2026-04-22T13:19:05.040520+00:00,4029631,OFFER_PAYMENT_PLAN,0.05,1,1.0529001196314136,0.4824120603015075,0.12494060449251142,0.0,1.0,-0.6126356447523224,0.7903654640600805,37.0,185.5092693303719
evt_inv_000311_1,cust_b2b_034,inv_000311,2026-04-22T13:24:28.324605+00:00,3649746,WRITE_OFF,0.05,1,21.32385742213985,0.49404761904761907,-0.7456602286990514,1.0,1.0,-0.6124291638651748,0.7905254703343865,32.0,172.48201545400414
evt_inv_005683_0,cust_b2b_027,inv_005683,2026-04-22T13:46:15.249990+00:00,2831957,SEND_REMINDER,0.8500000000000001,0,3.3456001757071365,0.17703349282296652,0.04531970550279849,0.0,1.0,-0.6115940074688802,0.7911717702421867,30.0,175.65556564090093
evt_inv_001503_0,cust_b2b_018,inv_001503,2026-04-22T13:46:15.776978+00:00,1753001,SEND_REMINDER,0.8500000000000001,1,6.630722369836251,0.6272189349112426,-0.34684783807720765,0.0,1.0,-0.6115936705733849,0.7911720306700522,22.0,175.99911543306916
evt_inv_007911_1,cust_b2b_016,inv_007911,2026-04-22T13:48:14.475820+00:00,10839879,OFFER_PAYMENT_PLAN,0.8500000000000001,0,21.266871191516962,0.24336283185840707,0.22698061235572733,1.0,1.0,-0.6115177853663619,0.7912306858183775,31.0,178.26343271711985
evt_inv_003700_0,cust_b2b_030,inv_003700,2026-04-22T14:15:35.868076+00:00,1607320,SEND_REMINDER,0.8500000000000001,1,6.103289708819623,0.32701421800947866,-0.8067806580448216,0.0,1.0,-0.6104678525274854,0.7920410349410442,40.0,190.44093420783554
evt_inv_005251_1,cust_b2b_033,inv_005251,2026-04-22T14:16:25.435500+00:00,5252998,OFFER_PAYMENT_PLAN,0.8500000000000001,0,21.858941581381334,0.14646464646464646,0.5113623906184589,1.0,1.0,-0.6104361295201874,0.7920654845253724,38.0,171.74311187395344
evt_inv_006636_0,cust_b2b_020,inv_006636,2026-04-22T14:35:03.647083+00:00,4751576,SEND_REMINDER,0.8500000000000001,0,9.394604459921084,0.36363636363636365,-0.2844706566645913,0.0,1.0,-0.6097202172331797,0.7926167148736671,31.0,173.8001049099477
evt_inv_004854_0,cust_b2b_027,inv_004854,2026-04-22T14:43:25.619659+00:00,2200927,SEND_REMINDER,0.8500000000000001,0,5.852245280788204,0.1761904761904762,-0.5218410545331715,0.0,1.0,-0.609398677557297,0.7928639554119089,31.0,175.6952689935473
evt_inv_000771_0,cust_b2b_017,inv_000771,2026-04-22T14:44:03.407754+00:00,7068805,OFFER_PAYMENT_PLAN,0.05,0,2.8184787779561096,0.2926829268292683,0.20857376007623732,0.0,1.0,-0.6093744682483392,0.7928825622039205,35.0,187.12919089926876
evt_inv_002291_0,cust_b2b_039,inv_002291,2026-04-22T14:45:36.102412+00:00,18569363,SEND_REMINDER,0.8500000000000001,0,3.643615858647985,0.42073170731707316,1.7669275558868285,0.0,1.0,-0.6093150801135426,0.7929282017599243,31.0,175.5107992973302
evt_inv_006343_1,cust_b2b_036,inv_006343,2026-04-22T14:47:47.651334+00:00,3428288,OFFER_PAYMENT_PLAN,0.8500000000000001,0,19.061806860425477,0.28440366972477066,-0.20861313452802155,1.0,1.0,-0.609230792741771,0.7929929641398045,31.0,187.07038307799758
evt_inv_000254_1,cust_b2b_023,inv_000254,2026-04-22T15:30:31.552422+00:00,1484432,OFFER_PAYMENT_PLAN,0.8500000000000001,0,16.555572144371,0.4306930693069307,-0.8515797866546485,1.0,1.0,-0.6075866505153551,0.7942533991841217,33.0,175.93924294975068
evt_inv_001848_0,cust_b2b_002,inv_001848,2026-04-22T15:30:43.014611+00:00,3391756,SEND_REMINDER,0.8500000000000001,0,5.752770569666585,0.14285714285714285,-0.2696761517141797,0.0,1.0,-0.6075792943443812,0.7942590264416162,31.0,185.22192589935722
evt_inv_001698_0,cust_b2b_014,inv_001698,2026-04-22T15:53:19.401573+00:00,11066357,SEND_REMINDER,0.8500000000000001,0,5.5634504190040515,0.2471264367816092,0.11010723009194776,0.0,1.0,-0.6067084283914983,0.7949244510761498,26.0,188.9009326912715
evt_inv_000618_0,cust_b2b_012,inv_000618,2026-04-22T15:58:03.099746+00:00,4259741,SEND_REMINDER,0.8500000000000001,0,3.534859268115422,0.485,0.2748363661922294,0.0,1.0,-0.6065261882694788,0.7950635087483873,38.0,185.61966353438106
evt_inv_008485_0,cust_b2b_030,inv_008485,2026-04-22T15:58:15.769038+00:00,2235093,SEND_REMINDER,0.8500000000000001,0,2.2046251782439046,0.330188679245283,-0.1454578685405117,0.0,1.0,-0.606518049111892,0.7950697177615964,41.0,190.51222935785106
evt_inv_008735_0,cust_b2b_023,inv_008735,2026-04-22T16:00:36.986663+00:00,1605575,SEND_REMINDER,0.8500000000000001,1,4.789800515757755,0.42857142857142855,-0.717053983033342,0.0,1.0,-0.6064273220946699,0.7951389205774595,34.0,175.96013917938785
evt_inv_003333_0,cust_b2b_020,inv_003333,2026-04-22T16:05:08.606135+00:00,7424870,SEND_REMINDER,0.8500000000000001,1,2.8977300854082646,0.3619047619047619,0.9620130826370816,0.0,1.0,-0.6062527945927961,0.7952719968969264,32.0,173.8626623063926
evt_inv_007203_0,cust_b2b_034,inv_007203,2026-04-22T16:08:06.199869+00:00,6678249,SEND_REMINDER,0.8500000000000001,0,4.748718666246598,0.4970414201183432,0.710063648629962,0.0,1.0,-0.6061386669897906,0.7953589858547144,32.0,172.59564826955625
evt_inv_007050_0,cust_b2b_019,inv_007050,2026-04-22T16:24:46.433360+00:00,3553089,WRITE_OFF,0.05,1,5.369543248575214,0.36097560975609755,0.1075495095349294,0.0,1.0,-0.6054956508396738,0.7958486142566561,53.0,184.62210355236894
evt_inv_000961_0,cust_b2b_039,inv_000961,2026-04-22T16:28:30.498030+00:00,11004223,ESCALATE_COLLECTIONS,0.05,1,9.873687136935109,0.41818181818181815,0.028585569718675173,0.0,1.0,-0.6053515530325502,0.7959582258140685,31.0,175.58226220957604
evt_inv_008238_0,cust_b2b_031,inv_008238,2026-04-22T16:50:57.684955+00:00,12654034,SEND_REMINDER,0.8500000000000001,1,1.9323305440588188,0.3064516129032258,-0.2028843774305642,0.0,1.0,-0.6044847480467621,0.7966167142226194,35.0,184.0406985943441
evt_inv_007764_0,cust_b2b_026,inv_007764,2026-04-22T16:59:57.547563+00:00,6176091,ESCALATE_COLLECTIONS,0.05,0,5.058807262415773,0.2857142857142857,0.736958032823477,0.0,1.0,-0.6041371893679268,0.7968803275414833,33.0,174.84485691884
evt_inv_006449_1,cust_b2b_029,inv_006449,2026-04-22T17:10:15.822215+00:00,5700074,OFFER_PAYMENT_PLAN,0.8500000000000001,0,24.98678625094962,0.23076923076923078,0.045517369383657046,1.0,1.0,-0.6037390085071785,0.7971820429530315,42.0,186.7805662416666
evt_inv_003623_0,cust_b2b_022,inv_003623,2026-04-22T17:14:37.694090+00:00,1690612,SEND_REMINDER,0.8500000000000001,0,7.4374934911068635,0.1989247311827957,-0.25681983732178854,0.0,1.0,-0.6035703125112406,0.7973097753414813,42.0,179.26846606815306
evt_inv_006388_0,cust_b2b_038,inv_006388,2026-04-22T17:20:16.272706+00:00,5676639,SEND_REMINDER,0.8500000000000001,0,5.362761188174059,0.291005291005291,0.7906650377409187,0.0,1.0,-0.6033521625224904,0.7974748698106007,35.0,185.72444164545095
evt_inv_005884_0,cust_b2b_019,inv_005884,2026-04-22T17:20:59.119267+00:00,3583619,SEND_REMINDER,0.8500000000000001,1,4.149260357052034,0.3640776699029126,0.12995486467307737,0.0,1.0,-0.603324552785052,0.7974957579866597,53.0,184.66113926888397
evt_inv_000073_0,cust_b2b_007,inv_000073,2026-04-22T17:25:05.331411+00:00,4284436,SEND_REMINDER,0.8500000000000001,0,2.6102297772364818,0.3014354066985646,0.0016658401333676002,0.0,1.0,-0.6031658830314438,0.797615770623236,33.0,189.52706584665884
evt_inv_002157_0,cust_b2b_000,inv_002157,2026-04-22T17:25:41.773593+00:00,6151930,SEND_REMINDER,0.8500000000000001,1,4.725545778415496,0.3626943005181347,0.6380062940770195,0.0,1.0,-0.603142396084992,0.7976335311688286,41.0,182.37431488906932
evt_inv_007657_0,cust_b2b_019,inv_007657,2026-04-22T17:34:10.074734+00:00,3007284,SEND_REMINDER,0.8500000000000001,0,8.643057977926961,0.3671497584541063,-0.29300711624012427,0.0,1.0,-0.6028147420464093,0.7978811858738875,54.0,184.67029384604925
evt_inv_000561_1,cust_b2b_029,inv_000561,2026-04-22T18:45:18.546571+00:00,4462548,OFFER_PAYMENT_PLAN,0.8500000000000001,0,16.677412738374958,0.22959183673469388,-0.5071319411745425,1.0,1.0,-0.6000592518157587,0.7999555577094967,43.0,186.84656999579246
evt_inv_007586_0,cust_b2b_034,inv_007586,2026-04-22T18:48:19.637925+00:00,4280923,SEND_REMINDER,0.8500000000000001,0,4.411768532676028,0.49411764705882355,-0.4422697801932926,0.0,1.0,-0.5999421911408215,0.8000433533810215,33.0,172.7069149137285
evt_inv_003839_0,cust_b2b_027,inv_003839,2026-04-22T18:52:04.027592+00:00,3959601,SEND_REMINDER,0.8500000000000001,0,6.267205887261794,0.17535545023696683,1.058828084392455,0.0,1.0,-0.5997971238459174,0.8001521169291281,32.0,175.86793575203728
evt_inv_004987_0,cust_b2b_004,inv_004987,2026-04-22T19:01:58.180609+00:00,2906473,SEND_REMINDER,0.8500000000000001,0,9.100638694545923,0.16908212560386474,-0.18386904687382805,0.0,1.0,-0.5994129103606495,0.8004399808186595,42.0,187.10233869920512
evt_inv_003919_0,cust_b2b_012,inv_003919,2026-04-22T19:09:08.117617+00:00,4035140,SEND_REMINDER,0.8500000000000001,0,7.056784905565259,0.48258706467661694,0.12852944940386224,0.0,1.0,-0.5991348022223503,0.8006481679027219,38.0,185.75236050047178
evt_inv_003789_0,cust_b2b_011,inv_003789,2026-04-22T19:17:15.009942+00:00,1602777,OFFER_PAYMENT_PLAN,0.05,0,1.0528431637936686,0.3829787234042553,-0.04917318799289745,0.0,1.0,-0.5988197647805579,0.8008838176091194,34.0,185.60061419220642
evt_inv_003588_0,cust_b2b_030,inv_003588,2026-04-22T19:25:02.346140+00:00,1964991,SEND_REMINDER,0.8500000000000001,0,6.195317980955107,0.3286384976525822,-0.4299953201821915,0.0,1.0,-0.5985172937042161,0.8011098858065484,42.0,190.65582400023868
evt_inv_000369_0,cust_b2b_025,inv_000369,2026-04-22T19:36:27.856250+00:00,10792744,SEND_REMINDER,0.8500000000000001,0,4.027753796543431,0.2204724409448819,0.16055816254361355,0.0,1.0,-0.5980734608961468,0.8014412862909579,41.0,183.93549676937968
evt_inv_004722_0,cust_b2b_036,inv_004722,2026-04-22T20:24:44.992487+00:00,3454414,SEND_REMINDER,0.8500000000000001,0,3.751681085064808,0.2831050228310502,-0.19115107894167788,0.0,1.0,-0.5961956881780984,0.8028391503893191,32.0,187.30438008208122
evt_inv_003650_1,cust_b2b_039,inv_003650,2026-04-22T20:33:11.858747+00:00,17023171,OFFER_PAYMENT_PLAN,0.8500000000000001,0,17.598671236684904,0.42168674698795183,1.4116387005346576,1.0,1.0,-0.5958668277873682,0.8030832606539741,31.0,175.75218536602435
evt_inv_000468_0,cust_b2b_018,inv_000468,2026-04-22T20:37:56.465179+00:00,2086501,SEND_REMINDER,0.8500000000000001,1,9.297745949494333,0.6294117647058823,0.06277901537671324,0.0,1.0,-0.5956821281905263,0.8032202700096689,23.0,176.28500302798605
evt_inv_008373_1,cust_b2b_008,inv_008373,2026-04-22T20:47:03.287367+00:00,10192438,OFFER_PAYMENT_PLAN,0.8500000000000001,0,20.124058525138782,0.25257731958762886,0.6575151367460963,1.0,1.0,-0.5953271713585745,0.8034833906448835,40.0,175.0347412642008
evt_inv_001351_1,cust_b2b_009,inv_001351,2026-04-22T20:49:31.252931+00:00,6053757,OFFER_PAYMENT_PLAN,0.8500000000000001,0,21.2161228932268,0.16972477064220184,0.08001104422242958,1.0,1.0,-0.5952311029913981,0.8035545619506143,38.0,180.7681807825824
evt_inv_002777_0,cust_b2b_003,inv_002777,2026-04-22T20:51:24.873883+00:00,5000008,SEND_REMINDER,0.8500000000000001,0,3.0728962852681425,0.16355140186915887,0.10879707443673146,0.0,1.0,-0.595157327488885,0.8036092057314228,31.0,177.7973545036177
evt_inv_002547_0,cust_b2b_007,inv_002547,2026-04-22T20:53:21.819441+00:00,6158922,SEND_REMINDER,0.8500000000000001,1,5.722331933191463,0.3,1.0961713723756563,0.0,1.0,-0.5950813880391026,0.8036654413432588,34.0,189.6717011247813
evt_inv_005589_1,cust_b2b_006,inv_005589,2026-04-22T21:00:34.196861+00:00,5446356,OFFER_PAYMENT_PLAN,0.8500000000000001,0,18.61571777054828,0.32195121951219513,-0.047609161122995756,1.0,1.0,-0.5948005744776217,0.8038732963602481,38.0,186.0038718541833
evt_inv_008758_1,cust_b2b_035,inv_008758,2026-04-22T21:02:38.537125+00:00,5699802,OFFER_PAYMENT_PLAN,0.8500000000000001,1,16.49774867243944,0.3523809523809524,0.1935096595204054,1.0,1.0,-0.5947198065114049,0.803933051779212,32.0,189.6878603865731
evt_inv_007039_1,cust_b2b_021,inv_007039,2026-04-22T21:08:52.802793+00:00,10185325,OFFER_PAYMENT_PLAN,0.8500000000000001,0,20.478507383148358,0.3333333333333333,0.27836901082515314,1.0,1.0,-0.5944766577503922,0.8041128673202059,47.0,184.8867015375497
evt_inv_006743_0,cust_b2b_034,inv_006743,2026-04-22T21:14:56.838427+00:00,7133587,SEND_REMINDER,0.8500000000000001,0,1.873435361709348,0.49122807017543857,0.9289330750314748,0.0,1.0,-0.5942401029650594,0.8042876972999622,34.0,172.8087343639852
evt_inv_008445_0,cust_b2b_031,inv_008445,2026-04-22T21:32:20.612406+00:00,8981069,SEND_REMINDER,0.8500000000000001,0,1.340544789549304,0.31016042780748665,-0.8696461922153662,0.0,1.0,-0.5935615609456879,0.8047885892380174,36.0,184.2361028472501
evt_inv_003028_1,cust_b2b_004,inv_003028,2026-04-22T21:42:02.593553+00:00,2828089,OFFER_PAYMENT_PLAN,0.8500000000000001,1,24.499607337091092,0.16826923076923078,-0.24633267197799663,1.0,1.0,-0.5931830402472225,0.8050676249626872,43.0,187.21350088606053
evt_inv_001850_0,cust_b2b_023,inv_001850,2026-04-22T21:45:41.676005+00:00,2068636,SEND_REMINDER,0.8500000000000001,1,2.107896393271544,0.43137254901960786,-0.2028369127863378,0.0,1.0,-0.5930405149711372,0.8051726197547755,35.0,176.1997767875098
evt_inv_007869_0,cust_b2b_038,inv_007869,2026-04-22T21:54:00.153032+00:00,4783273,SEND_REMINDER,0.8500000000000001,0,8.868985700168592,0.2894736842105263,0.27279376542557277,0.0,1.0,-0.5927161587994689,0.8054114197712885,36.0,185.9145328529246
evt_inv_008744_1,cust_b2b_016,inv_008744,2026-04-22T22:05:40.329322+00:00,9990334,OFFER_PAYMENT_PLAN,0.8500000000000001,1,20.254548056037553,0.2422907488986784,0.013261126489318069,1.0,1.0,-0.5922603956824939,0.8057466250044215,31.0,178.6088708363494
evt_inv_000363_0,cust_b2b_017,inv_000363,2026-04-22T22:17:39.874272+00:00,7216867,SEND_REMINDER,0.8500000000000001,0,1.0913147006619992,0.2912621359223301,0.2653068158064061,0.0,1.0,-0.5917918274865359,0.8060908341620975,34.0,187.44419629878243
evt_inv_000327_0,cust_b2b_004,inv_000327,2026-04-22T22:17:55.197511+00:00,4475979,SEND_REMINDER,0.8500000000000001,0,9.418637101550807,0.1722488038277512,1.0668498267568396,0.0,1.0,-0.5917818468065159,0.8060981613862356,44.0,187.2384152837203
evt_inv_001257_1,cust_b2b_032,inv_001257,2026-04-22T22:21:20.034251+00:00,7230286,OFFER_PAYMENT_PLAN,0.8500000000000001,0,20.255886740862984,0.10861423220973783,0.2525432988167407,1.0,1.0,-0.5916484191726763,0.8061960977891627,45.0,190.86641830701805
evt_inv_000298_1,cust_b2b_011,inv_000298,2026-04-22T22:21:51.939591+00:00,1874311,OFFER_PAYMENT_PLAN,0.8500000000000001,1,22.936725303951885,0.38095238095238093,0.3660337345864492,1.0,1.0,-0.5916276350450618,0.8062113503610496,35.0,185.72881939647792
evt_inv_005044_0,cust_b2b_002,inv_005044,2026-04-22T22:24:40.398707+00:00,5000377,SEND_REMINDER,0.8500000000000001,0,2.573177261560855,0.14210526315789473,0.7881077194095241,0.0,1.0,-0.5915178890376653,0.8062918745395021,31.0,185.50939562267982
evt_inv_007156_0,cust_b2b_015,inv_007156,2026-04-22T22:30:32.215638+00:00,7069430,SEND_REMINDER,0.8500000000000001,1,9.368042657887466,0.15609756097560976,-0.6630871681533249,0.0,1.0,-0.5912886556276716,0.8064599963581707,39.0,184.06487397940225
evt_inv_004945_0,cust_b2b_017,inv_004945,2026-04-22T22:46:12.395525+00:00,7440852,SEND_REMINDER,0.8500000000000001,0,5.154547005269983,0.2898550724637681,0.35113178714934645,0.0,1.0,-0.590675828060126,0.8069089577799248,35.0,187.46401714661792
evt_inv_004240_1,cust_b2b_026,inv_004240,2026-04-22T23:06:11.559129+00:00,7020337,WRITE_OFF,0.05,1,22.206527083924648,0.2843601895734597,1.1794366986855822,1.0,1.0,-0.5898936952262397,0.8074809151505268,33.0,175.09918575640327
evt_inv_000052_0,cust_b2b_007,inv_000052,2026-04-22T23:07:44.813447+00:00,6060844,SEND_REMINDER,0.8500000000000001,0,3.2917040651464866,0.3033175355450237,1.0389038474912693,0.0,1.0,-0.5898328485601477,0.8075253623010374,35.0,189.7650228146673
evt_inv_008143_0,cust_b2b_029,inv_008143,2026-04-22T23:18:18.360202+00:00,6241744,SEND_REMINDER,0.8500000000000001,0,3.34426280448751,0.22842639593908629,0.2874144876851653,0.0,1.0,-0.5894193827276234,0.8078272038406403,44.0,187.03615117206877
evt_inv_000796_1,cust_b2b_024,inv_000796,2026-04-22T23:21:56.279611+00:00,4444382,OFFER_PAYMENT_PLAN,0.8500000000000001,0,21.75073040542781,0.14285714285714285,-0.05669856902988387,1.0,1.0,-0.5892771282655099,0.8079309785514811,39.0,181.19152210647312
evt_inv_002414_1,cust_b2b_002,inv_002414,2026-04-22T23:24:46.904067+00:00,2432127,OFFER_PAYMENT_PLAN,0.8500000000000001,0,23.85830305124783,0.14136125654450263,-0.9007011885059826,1.0,1.0,-0.5891657344725155,0.8080122135979514,32.0,185.55113758287257
evt_inv_008205_0,cust_b2b_030,inv_008205,2026-04-22T23:38:28.316921+00:00,2085911,SEND_REMINDER,0.8500000000000001,0,6.717822216326069,0.32710280373831774,-0.3026126159021253,0.0,1.0,-0.5886293106196523,0.808403076861681,42.0,190.83181903242271
evt_inv_001974_0,cust_b2b_033,inv_001974,2026-04-23T00:36:43.703618+00:00,3691739,SEND_REMINDER,0.8500000000000001,0,6.493979286632408,0.1457286432160804,-0.38365343844960564,0.0,1.0,-0.5863437509483418,0.8100623468127801,39.0,172.17387886606116
evt_inv_007120_0,cust_b2b_020,inv_007120,2026-04-23T00:51:38.163029+00:00,5403315,SEND_REMINDER,0.8500000000000001,0,8.914468986247279,0.36492890995260663,0.019417423711365355,0.0,1.0,-0.5857581304825082,0.810485911397377,33.0,174.2282821778474
evt_inv_000484_1,cust_b2b_035,inv_000484,2026-04-23T00:52:06.489753+00:00,3747702,OFFER_PAYMENT_PLAN,0.8500000000000001,0,23.145938004853818,0.35545023696682465,-0.7289785819604305,1.0,1.0,-0.5857395794098265,0.8104993183913233,33.0,189.8472116901352
evt_inv_005422_0,cust_b2b_010,inv_005422,2026-04-23T00:55:22.813449+00:00,2872892,SEND_REMINDER,0.8500000000000001,0,6.854703867222658,0.15384615384615385,-0.03863818849029067,0.0,1.0,-0.5856109992728875,0.8105922264188141,45.0,182.7119954648164
evt_inv_003705_1,cust_b2b_033,inv_003705,2026-04-23T01:05:46.142595+00:00,4534412,OFFER_PAYMENT_PLAN,0.8500000000000001,0,24.134279205690618,0.145,0.09942169136528196,1.0,1.0,-0.5852026587563663,0.8108870748658409,39.0,172.19404598385063
evt_inv_006398_1,cust_b2b_023,inv_006398,2026-04-23T01:08:57.112593+00:00,1541765,OFFER_PAYMENT_PLAN,0.8500000000000001,1,17.27867175673268,0.43414634146341463,-0.7879124541196647,1.0,1.0,-0.5850775253358103,0.8109773667291365,36.0,176.34092767394955
evt_inv_006151_0,cust_b2b_013,inv_006151,2026-04-23T01:09:40.304087+00:00,2192540,SEND_REMINDER,0.8500000000000001,0,5.06357538237326,0.2026431718061674,-0.22957556299463672,0.0,1.0,-0.5850492221030534,0.8109977852723225,38.0,186.7457065367796
evt_inv_006118_0,cust_b2b_015,inv_006118,2026-04-23T01:30:00.383059+00:00,12928561,SEND_REMINDER,0.8500000000000001,0,7.4681061744744355,0.16019417475728157,0.8593427242162993,0.0,1.0,-0.5842494144388752,0.8115741628020395,40.0,184.18950554676812
evt_inv_002558_0,cust_b2b_022,inv_002558,2026-04-23T01:33:06.637145+00:00,1933433,SEND_REMINDER,0.8500000000000001,0,8.075211614321637,0.19786096256684493,0.06536669267225807,0.0,1.0,-0.5841272679007674,0.8116620817155283,42.0,179.61463439055456
evt_inv_004348_0,cust_b2b_001,inv_004348,2026-04-23T01:48:27.424020+00:00,9139045,SEND_REMINDER,0.8500000000000001,0,5.776295608156332,0.05851063829787234,0.8046834042588221,0.0,1.0,-0.583523216064153,0.8120964575185313,34.0,175.95944246935224
evt_inv_006157_1,cust_b2b_020,inv_006157,2026-04-23T02:27:54.763015+00:00,6350761,OFFER_PAYMENT_PLAN,0.8500000000000001,0,24.358476676608625,0.3632075471698113,0.4611856386921506,1.0,1.0,-0.5819687194555465,0.8132111715755456,34.0,174.2951409739777
evt_inv_000400_0,cust_b2b_017,inv_000400,2026-04-23T02:40:50.302937+00:00,6724762,SEND_REMINDER,0.8500000000000001,1,6.933238602922922,0.28846153846153844,0.07674582142284034,0.0,1.0,-0.5814590032353577,0.8135757048711229,33.0,187.62695588980787
evt_inv_005565_1,cust_b2b_033,inv_005565,2026-04-23T02:44:54.939207+00:00,3586968,ESCALATE_COLLECTIONS,0.05,0,21.274490717913885,0.14427860696517414,-0.4437148138786552,1.0,1.0,-0.5812981709962008,0.8136906269562602,38.0,172.2628977964882
evt_inv_001125_0,cust_b2b_009,inv_001125,2026-04-23T03:11:30.459410+00:00,5748510,OFFER_PAYMENT_PLAN,0.05,0,3.4719352367714205,0.1689497716894977,-0.0500801643656487,0.0,1.0,-0.5802486646560513,0.8144393698519672,37.0,181.03344937608878
evt_inv_007597_0,cust_b2b_021,inv_007597,2026-04-23T03:40:17.073983+00:00,10838280,ESCALATE_COLLECTIONS,0.05,0,7.1071499863626535,0.3317972350230415,0.45648314224004477,0.0,1.0,-0.5791118401637096,0.8152481073772585,48.0,185.1585102318774
evt_inv_005951_0,cust_b2b_031,inv_005951,2026-04-23T04:15:05.191425+00:00,11880528,SEND_REMINDER,0.8500000000000001,0,2.56079991788902,0.30851063829787234,-0.34330077778296764,0.0,1.0,-0.577735491987893,0.816224050918317,37.0,184.51578547477968
evt_inv_004509_0,cust_b2b_034,inv_004509,2026-04-23T04:20:32.663168+00:00,4382251,SEND_REMINDER,0.8500000000000001,0,4.1956549936630605,0.4883720930232558,-0.39356383868003764,0.0,1.0,-0.5775194950981735,0.8163768938312443,35.0,173.10428789107058
evt_inv_003414_0,cust_b2b_037,inv_003414,2026-04-23T04:25:00.749377+00:00,2324343,SEND_REMINDER,0.8500000000000001,0,9.046183503753388,0.29064039408866993,-0.4941552954515879,0.0,1.0,-0.5773426381748978,0.8165019768164979,29.0,183.39770556973068
evt_inv_008155_1,cust_b2b_004,inv_008155,2026-04-23T04:38:02.768234+00:00,4237876,OFFER_PAYMENT_PLAN,0.8500000000000001,1,21.770176944093162,0.17142857142857143,0.8771087580493293,1.0,1.0,-0.5768265842741789,0.8168666302858647,44.0,187.50239179672118
evt_inv_007591_0,cust_b2b_039,inv_007591,2026-04-23T04:39:10.083883+00:00,7372065,SEND_REMINDER,0.8500000000000001,1,1.4327502317805152,0.41916167664670656,-0.8060233194488462,0.0,1.0,-0.5767821519381423,0.8168980041630691,32.0,176.0896648236156
evt_inv_007042_0,cust_b2b_011,inv_007042,2026-04-23T06:05:22.219499+00:00,1540967,OFFER_PAYMENT_PLAN,0.05,1,2.610102590142753,0.38421052631578945,-0.14368730025245768,0.0,1.0,-0.5733631419113667,0.8193013532867659,35.0,186.05069763614924
evt_inv_000986_0,cust_b2b_012,inv_000986,2026-04-23T06:36:30.516082+00:00,3412114,SEND_REMINDER,0.8500000000000001,1,3.6366427188314088,0.4801980198019802,-0.2773158059085941,0.0,1.0,-0.5721256502207961,0.8201659834200826,37.0,186.2297030753034
evt_inv_003458_0,cust_b2b_035,inv_003458,2026-04-23T06:38:03.859322+00:00,6306937,SEND_REMINDER,0.8500000000000001,0,2.7663827857390366,0.35377358490566035,0.4804186601851646,0.0,1.0,-0.5720637888322254,0.820209132786827,33.0,190.08745902310923
evt_inv_003417_0,cust_b2b_035,inv_003417,2026-04-23T07:12:17.012586+00:00,5253332,SEND_REMINDER,0.8500000000000001,0,3.658607314509434,0.352112676056338,-0.01747503603007982,0.0,1.0,-0.5707022796555963,0.8211570544030573,34.0,190.11122237107702
evt_inv_002224_0,cust_b2b_000,inv_002224,2026-04-23T07:38:27.631661+00:00,5383627,SEND_REMINDER,0.8500000000000001,0,2.7329032653105667,0.36597938144329895,0.2461065068848787,0.0,1.0,-0.5696596931935689,0.8218806689237854,40.0,182.96651232040676
evt_inv_005500_1,cust_b2b_010,inv_005500,2026-04-23T07:59:09.018984+00:00,3091466,OFFER_PAYMENT_PLAN,0.8500000000000001,0,21.68905701385213,0.15306122448979592,0.14862570505660888,1.0,1.0,-0.568835003514236,0.8224516634896906,45.0,183.0062802510986
evt_inv_008767_1,cust_b2b_032,inv_008767,2026-04-23T07:59:47.573190+00:00,6847449,OFFER_PAYMENT_PLAN,0.8500000000000001,1,23.712909752941382,0.10820895522388059,0.10679855879546014,1.0,1.0,-0.568809381666456,0.8224693838242393,45.0,191.26812593363397
evt_inv_002930_1,cust_b2b_023,inv_002930,2026-04-23T08:02:34.919668+00:00,1861095,OFFER_PAYMENT_PLAN,0.8500000000000001,1,16.268334478857327,0.4368932038834951,-0.4333059083606615,1.0,1.0,-0.5686981623460547,0.8225462905783604,37.0,176.628170811388
evt_inv_006283_1,cust_b2b_013,inv_006283,2026-04-23T08:04:30.518408+00:00,1813946,WRITE_OFF,0.05,0,17.850071279620238,0.20175438596491227,-0.6216176218197931,1.0,1.0,-0.5686213287624877,0.8225994070484022,39.0,187.03378772105407
evt_inv_004112_1,cust_b2b_039,inv_004112,2026-04-23T08:12:09.207169+00:00,14015386,WRITE_OFF,0.05,1,16.922915125080483,0.4226190476190476,0.7205000657620282,1.0,1.0,-0.5683164088920741,0.8228100992233972,33.0,176.2375713431313
evt_inv_000423_0,cust_b2b_017,inv_000423,2026-04-23T08:21:20.268672+00:00,7279944,SEND_REMINDER,0.8500000000000001,0,8.182468914661277,0.291866028708134,0.28947615178436004,0.0,1.0,-0.5679499796988157,0.823063072042547,33.0,187.86341382655584
evt_inv_001784_0,cust_b2b_027,inv_001784,2026-04-23T08:35:24.991632+00:00,3153795,SEND_REMINDER,0.8500000000000001,1,4.0199752592779205,0.17452830188679244,0.33458203966376904,0.0,1.0,-0.5673880612883616,0.8234505376204659,33.0,176.43970616916818
evt_inv_006041_0,cust_b2b_032,inv_006041,2026-04-23T08:41:34.369521+00:00,5116628,SEND_REMINDER,0.8500000000000001,0,8.8902052442983,0.11152416356877323,-0.5521184034156821,0.0,1.0,-0.5671422642324673,0.8236198468476037,46.0,191.29713978005313
evt_inv_005224_0,cust_b2b_025,inv_005224,2026-04-23T08:45:31.901678+00:00,11333840,SEND_REMINDER,0.8500000000000001,0,6.142979373775431,0.2196078431372549,0.29394571513879125,0.0,1.0,-0.5669841752780197,0.8237286840849382,39.0,184.48346025812737
evt_inv_000695_0,cust_b2b_022,inv_000695,2026-04-23T09:34:11.637500+00:00,1594804,WRITE_OFF,0.05,0,5.087113361718944,0.19680851063829788,-0.3839423041109822,0.0,1.0,-0.5650392476779843,0.8250640269600278,43.0,179.94872004281015
evt_inv_006350_1,cust_b2b_030,inv_006350,2026-04-23T09:51:51.454919+00:00,2379293,OFFER_PAYMENT_PLAN,0.8500000000000001,1,18.063525687166226,0.32558139534883723,0.006448693888810647,1.0,1.0,-0.564332491521043,0.8255475994839134,43.0,191.25778127777775
evt_inv_004444_1,cust_b2b_032,inv_004444,2026-04-23T09:52:41.369417+00:00,8478222,OFFER_PAYMENT_PLAN,0.8500000000000001,0,18.465763207879537,0.1111111111111111,0.7276279276082978,1.0,1.0,-0.5642991950333842,0.8255703594998276,47.0,191.34652635292227
evt_inv_007562_0,cust_b2b_009,inv_007562,2026-04-23T10:13:28.235675+00:00,7138042,SEND_REMINDER,0.8500000000000001,0,4.70262935469378,0.16818181818181818,0.542115255437763,0.0,1.0,-0.5634671496399901,0.8261384697958236,38.0,181.3264791939683
evt_inv_008583_0,cust_b2b_006,inv_008583,2026-04-23T10:49:06.833703+00:00,6877335,SEND_REMINDER,0.8500000000000001,1,5.87779511074243,0.32038834951456313,0.5967337772639005,0.0,1.0,-0.5620387120713846,0.8271109273447784,38.0,186.57924959541364
evt_inv_007588_1,cust_b2b_030,inv_007588,2026-04-23T10:50:57.086114+00:00,3111661,OFFER_PAYMENT_PLAN,0.8500000000000001,0,24.413777013572876,0.3287037037037037,0.777956278664873,1.0,1.0,-0.5619650254549974,0.8271609941029401,44.0,191.29881867586172
evt_inv_003886_0,cust_b2b_018,inv_003886,2026-04-23T11:05:35.304441+00:00,2106376,SEND_REMINDER,0.8500000000000001,1,2.685932614695226,0.631578947368421,0.08719033651780346,0.0,1.0,-0.5613779136691883,0.8275595676713727,23.0,176.88753588981868
evt_inv_008465_1,cust_b2b_001,inv_008465,2026-04-23T11:20:06.026632+00:00,6600267,OFFER_PAYMENT_PLAN,0.8500000000000001,0,21.644204925522196,0.0582010582010582,-0.11333988624113428,1.0,1.0,-0.5607955341654717,0.8279543277621437,35.0,176.35641703662023
evt_inv_003298_0,cust_b2b_003,inv_003298,2026-04-23T11:21:39.333215+00:00,5013535,WRITE_OFF,0.05,1,2.3552795922607284,0.16279069767441862,0.11585457078670382,0.0,1.0,-0.5607331099100913,0.827996605941448,32.0,178.4016885236673
evt_inv_004886_0,cust_b2b_016,inv_004886,2026-04-23T11:56:36.182695+00:00,9990286,SEND_REMINDER,0.8500000000000001,0,5.765619185889931,0.24561403508771928,0.013249014007371482,0.0,1.0,-0.5593294292801811,0.8289454683760005,32.0,179.1859061763228
evt_inv_000199_1,cust_b2b_019,inv_000199,2026-04-23T11:56:50.461518+00:00,3118468,OFFER_PAYMENT_PLAN,0.8500000000000001,0,23.685713266687852,0.36538461538461536,-0.21141147946918212,1.0,1.0,-0.5593198651894973,0.8289519216482959,47.0,185.4360390634654
evt_inv_002952_0,cust_b2b_030,inv_002952,2026-04-23T13:03:09.628587+00:00,2912022,SEND_REMINDER,0.8500000000000001,0,9.369163353122415,0.3271889400921659,0.5676478901288006,0.0,1.0,-0.5566516846237959,0.8307459912665784,45.0,191.39063051004666
evt_inv_001459_0,cust_b2b_035,inv_001459,2026-04-23T13:09:23.507108+00:00,3856530,SEND_REMINDER,0.8500000000000001,1,2.089080067236345,0.35046728971962615,-0.6775506649184526,0.0,1.0,-0.5564006888935114,0.8309141191475964,35.0,190.35921420581636
evt_inv_005840_0,cust_b2b_032,inv_005840,2026-04-23T13:40:15.729658+00:00,5900296,SEND_REMINDER,0.8500000000000001,0,8.79752989634972,0.11070110701107011,-0.2537789858333936,0.0,1.0,-0.5551564885191861,0.8317459186885421,47.0,191.50456292978524
evt_inv_003863_1,cust_b2b_032,inv_003863,2026-04-23T13:42:33.802468+00:00,10188610,OFFER_PAYMENT_PLAN,0.8500000000000001,0,24.362296746904956,0.11029411764705882,1.3787663437484872,1.0,1.0,-0.5550636905164081,0.8318078500893732,48.0,191.50616099472333
evt_inv_001455_0,cust_b2b_022,inv_001455,2026-04-23T14:06:36.953911+00:00,1867969,SEND_REMINDER,0.8500000000000001,0,5.572318604315646,0.19576719576719576,-0.021494829705376587,0.0,1.0,-0.5540933428231511,0.8324545437674455,43.0,180.13790194571843
evt_inv_007888_0,cust_b2b_030,inv_007888,2026-04-23T14:10:13.992614+00:00,2952251,SEND_REMINDER,0.8500000000000001,0,5.173477554968796,0.3256880733944954,0.6100267934070378,0.0,1.0,-0.5539473449012016,0.8325517035457373,46.0,191.43720879739183
evt_inv_002727_1,cust_b2b_026,inv_002727,2026-04-23T14:15:00.108028+00:00,3885079,OFFER_PAYMENT_PLAN,0.8500000000000001,0,20.27449885833343,0.28773584905660377,-0.4637866018972172,1.0,1.0,-0.553754854320289,0.8326797471517579,31.0,175.73030322051625
evt_inv_007070_0,cust_b2b_002,inv_007070,2026-04-23T14:21:33.399688+00:00,3203145,SEND_REMINDER,0.8500000000000001,0,7.522412309507176,0.140625,-0.39370131827825916,0.0,1.0,-0.5534902102077724,0.8328556820987391,29.0,186.17389794885662
evt_inv_005962_0,cust_b2b_005,inv_005962,2026-04-23T14:26:02.570630+00:00,8454680,SEND_REMINDER,0.8500000000000001,0,1.7677937207318015,0.2537313432835821,0.2190756119082963,0.0,1.0,-0.5533090541228541,0.832976044448862,20.0,183.94117635313148
evt_inv_003181_1,cust_b2b_026,inv_003181,2026-04-23T14:55:29.119995+00:00,3960519,OFFER_PAYMENT_PLAN,0.8500000000000001,0,20.21777591617427,0.2863849765258216,-0.42424768938433954,1.0,1.0,-0.5521194907008792,0.8337649956601692,32.0,175.7584167849433
evt_inv_003521_1,cust_b2b_011,inv_003521,2026-04-23T14:58:27.395784+00:00,1298913,SEND_REMINDER,0.05,0,20.608208988575086,0.387434554973822,-0.5138151276810614,1.0,1.0,-0.551999380372299,0.8338445203205439,35.0,186.4208964357538
evt_inv_006376_1,cust_b2b_003,inv_006376,2026-04-23T15:04:39.237331+00:00,5234494,OFFER_PAYMENT_PLAN,0.8500000000000001,0,21.814975549759723,0.16666666666666666,0.23114208341101566,1.0,1.0,-0.551748821497397,0.8340103344540962,32.0,178.55654852500788
evt_inv_007318_1,cust_b2b_039,inv_007318,2026-04-23T15:06:50.676015+00:00,11950313,OFFER_PAYMENT_PLAN,0.8500000000000001,1,19.581538881002402,0.4260355029585799,0.2459811735084814,1.0,1.0,-0.5516602419398009,0.8340689284842832,32.0,176.52555130663086
evt_inv_003775_0,cust_b2b_016,inv_003775,2026-04-23T15:15:18.413191+00:00,14385717,SEND_REMINDER,0.8500000000000001,0,5.567261547046525,0.2445414847161572,1.1190045929925212,0.0,1.0,-0.551318007722224,0.8342951841891441,32.0,179.32389495521093
evt_inv_000613_0,cust_b2b_020,inv_000613,2026-04-23T15:15:43.284254+00:00,6060759,WRITE_OFF,0.05,1,6.338403695228231,0.3615023474178404,0.32596552577248006,0.0,1.0,-0.5513012412927947,0.8343062635201918,35.0,174.8283414512865
evt_inv_005001_0,cust_b2b_012,inv_005001,2026-04-23T15:18:09.899310+00:00,3482426,ESCALATE_COLLECTIONS,0.05,0,2.8220293863567516,0.4827586206896552,-0.23151368588116353,0.0,1.0,-0.551202398573094,0.8343715693905611,37.0,186.59196445525154
evt_inv_002463_0,cust_b2b_019,inv_002463,2026-04-23T15:20:50.505010+00:00,3486557,SEND_REMINDER,0.8500000000000001,1,3.612963445663818,0.36363636363636365,0.05872250829853356,0.0,1.0,-0.5510941149736566,0.8344430935908106,48.0,185.57770623350436
evt_inv_007719_1,cust_b2b_017,inv_007719,2026-04-23T15:30:08.974985+00:00,7222697,OFFER_PAYMENT_PLAN,0.8500000000000001,1,22.962005148792766,0.2904761904761905,0.2675407763636127,1.0,1.0,-0.5507175110276539,0.8346916934099117,33.0,188.16119977925766
evt_inv_004229_0,cust_b2b_030,inv_004229,2026-04-23T15:33:49.011530+00:00,1879544,SEND_REMINDER,0.8500000000000001,0,8.215021813265857,0.3242009132420091,-0.5200085046183851,0.0,1.0,-0.5505690986938222,0.8347895947862984,47.0,191.49525299781055
evt_inv_003309_1,cust_b2b_007,inv_003309,2026-04-23T15:49:33.252427+00:00,3526391,OFFER_PAYMENT_PLAN,0.8500000000000001,0,19.550885243012257,0.3018867924528302,-0.4409537569411017,1.0,1.0,-0.549932020613231,0.8352094184719476,33.0,190.46072233989506
evt_inv_005232_0,cust_b2b_030,inv_005232,2026-04-23T16:00:18.896000+00:00,2033149,SEND_REMINDER,0.8500000000000001,0,4.512752535617398,0.32272727272727275,-0.35819389123328915,0.0,1.0,-0.5494962214458107,0.8354962014376706,48.0,191.51365443842974
evt_inv_000184_0,cust_b2b_007,inv_000184,2026-04-23T16:04:04.926775+00:00,4331532,SEND_REMINDER,0.8500000000000001,0,7.116671034606748,0.3004694835680751,0.029165326857842885,0.0,1.0,-0.5493436189098913,0.835596546404414,34.0,190.4708111633655
evt_inv_000193_0,cust_b2b_012,inv_000193,2026-04-23T16:14:03.347600+00:00,4684315,SEND_REMINDER,0.8500000000000001,0,8.394534476204885,0.4803921568627451,0.5514084438997277,0.0,1.0,-0.5489395122965999,0.8358620770435581,37.0,186.63077751416358
evt_inv_005434_0,cust_b2b_006,inv_005434,2026-04-23T16:30:24.732624+00:00,7908597,SEND_REMINDER,0.8500000000000001,0,2.982969514156655,0.32367149758454106,1.0610914173349681,0.0,1.0,-0.5482765166294652,0.8362971130601012,38.0,186.81626231440973
evt_inv_007625_0,cust_b2b_019,inv_007625,2026-04-23T16:49:50.841906+00:00,2610079,SEND_REMINDER,0.8500000000000001,0,5.422442106499679,0.36666666666666664,-0.5845090191290694,0.0,1.0,-0.5474882783523627,0.8368133513913159,48.0,185.63951568831826
evt_inv_007507_0,cust_b2b_012,inv_007507,2026-04-23T16:54:55.503293+00:00,3920959,SEND_REMINDER,0.8500000000000001,0,3.3197663368980677,0.47804878048780486,0.05415062374598672,0.0,1.0,-0.5472822606210221,0.8369481030563027,38.0,186.6591589458006
evt_inv_004708_0,cust_b2b_006,inv_004708,2026-04-23T17:03:28.766568+00:00,6559570,SEND_REMINDER,0.8500000000000001,0,6.3511643310950125,0.32211538461538464,0.45365014743347476,0.0,1.0,-0.5469351073925849,0.8371750045847413,39.0,186.839225670238
evt_inv_004192_1,cust_b2b_028,inv_004192,2026-04-23T17:08:27.288505+00:00,4832306,OFFER_PAYMENT_PLAN,0.8500000000000001,0,17.89140542150302,0.36231884057971014,-0.1508865807289461,1.0,1.0,-0.5467331543802149,0.8373069078309698,41.0,173.51201516229472
evt_inv_001014_0,cust_b2b_011,inv_001014,2026-04-23T17:09:26.612575+00:00,1487857,SEND_REMINDER,0.8500000000000001,0,7.757176648116876,0.3854166666666667,-0.22489877690625318,0.0,1.0,-0.5466930172772466,0.8373331146325816,36.0,186.51185959305144
evt_inv_003957_0,cust_b2b_039,inv_003957,2026-04-23T17:22:04.966222+00:00,11099904,WRITE_OFF,0.05,1,9.862508436718521,0.4294117647058823,0.050571413466862086,0.0,1.0,-0.5461798245391879,0.8376679528705524,33.0,176.6194667025445
evt_inv_002644_1,cust_b2b_037,inv_002644,2026-04-23T17:58:50.794134+00:00,2144158,WRITE_OFF,0.05,1,19.67630400155481,0.28921568627450983,-0.6496502513724418,1.0,1.0,-0.5446859325524365,0.8386401104642459,28.0,183.96286812479562
evt_inv_001381_0,cust_b2b_026,inv_001381,2026-04-23T18:07:37.079747+00:00,5606600,SEND_REMINDER,0.8500000000000001,0,6.578969161952978,0.2850467289719626,0.4384813851278307,0.0,1.0,-0.5443292509556998,0.8388716627434776,33.0,175.89184224504234
evt_inv_000628_0,cust_b2b_031,inv_000628,2026-04-23T18:40:30.354511+00:00,16371446,ESCALATE_COLLECTIONS,0.05,0,1.5734892580789666,0.30687830687830686,0.4719457855413718,0.0,1.0,-0.542991019841511,0.8397385023752786,36.0,185.11677115863984
evt_inv_004186_0,cust_b2b_021,inv_004186,2026-04-23T18:50:19.171140+00:00,9095727,SEND_REMINDER,0.8500000000000001,0,4.5094172415025096,0.3302752293577982,-0.01885313752118549,0.0,1.0,-0.5425914299139522,0.839996750103197,45.0,185.79047894896595
evt_inv_005535_0,cust_b2b_001,inv_005535,2026-04-23T18:54:20.579489+00:00,5355857,SEND_REMINDER,0.8500000000000001,0,3.8827099112905943,0.05789473684210526,-0.5633192361443454,0.0,1.0,-0.542427566927678,0.840102573878285,36.0,176.6718632502365
evt_inv_006608_1,cust_b2b_011,inv_006608,2026-04-23T18:59:54.429221+00:00,1646512,OFFER_PAYMENT_PLAN,0.8500000000000001,1,16.414157689617205,0.38341968911917096,0.017703346810224566,1.0,1.0,-0.5422009226396302,0.8402488675914618,37.0,186.58857043385964
evt_inv_008009_1,cust_b2b_002,inv_008009,2026-04-23T19:26:48.500259+00:00,4106391,OFFER_PAYMENT_PLAN,0.8500000000000001,0,20.958952815563528,0.13989637305699482,0.20024776072317718,1.0,1.0,-0.5411046040361849,0.840955294585178,30.0,186.38587827953575
evt_inv_000478_1,cust_b2b_001,inv_000478,2026-04-23T19:41:40.283686+00:00,7966940,OFFER_PAYMENT_PLAN,0.8500000000000001,0,24.904814337895516,0.05759162303664921,0.3808497413638348,1.0,1.0,-0.5404984869119164,0.841344986106133,37.0,176.7047301969623
evt_inv_007417_0,cust_b2b_021,inv_007417,2026-04-23T19:44:43.253115+00:00,9010099,SEND_REMINDER,0.8500000000000001,0,5.756065113951142,0.3287671232876712,-0.042211074372715034,0.0,1.0,-0.5403740936423279,0.8414248860832633,46.0,185.8282576755347
evt_inv_005782_0,cust_b2b_021,inv_005782,2026-04-23T20:17:01.981677+00:00,6986081,SEND_REMINDER,0.8500000000000001,0,3.789586892975755,0.32727272727272727,-0.5943258406765318,0.0,1.0,-0.5390553080125655,0.8422703692422512,47.0,185.85069666352152
evt_inv_006458_0,cust_b2b_034,inv_006458,2026-04-23T20:18:07.787235+00:00,6869325,SEND_REMINDER,0.8500000000000001,0,1.69497874721488,0.48554913294797686,0.8019091156238441,0.0,1.0,-0.5390105217210028,0.8422990309112627,33.0,173.76927775296318
evt_inv_000801_0,cust_b2b_015,inv_000801,2026-04-23T20:31:44.472104+00:00,7917073,SEND_REMINDER,0.8500000000000001,0,2.4528211611259536,0.15942028985507245,-0.44283674916118615,0.0,1.0,-0.5384545712735083,0.8426545405293099,36.0,184.98237694775082
evt_inv_001872_0,cust_b2b_000,inv_001872,2026-04-23T20:42:56.008304+00:00,4355393,SEND_REMINDER,0.8500000000000001,0,2.639959384770364,0.3641025641025641,-0.278379985757245,0.0,1.0,-0.5379972537165946,0.8429465908308795,41.0,183.51128519822268
evt_inv_006611_0,cust_b2b_033,inv_006611,2026-04-23T20:44:12.233049+00:00,5103117,SEND_REMINDER,0.8500000000000001,0,8.205142331838433,0.14356435643564355,0.42544077012159165,0.0,1.0,-0.537945334493073,0.8429797251993287,37.0,173.01240351224695
evt_inv_004924_1,cust_b2b_009,inv_004924,2026-04-23T20:53:35.168625+00:00,3987936,OFFER_PAYMENT_PLAN,0.8500000000000001,0,24.25267879759484,0.167420814479638,-0.8004078474030579,1.0,1.0,-0.5375618370667382,0.8432243303708887,38.0,181.77100388088942
evt_inv_001269_0,cust_b2b_031,inv_001269,2026-04-23T21:13:39.169512+00:00,18988688,ESCALATE_COLLECTIONS,0.05,0,9.975705626561004,0.30526315789473685,0.9470597965288636,0.0,1.0,-0.5367412434411631,0.8437469037509021,36.0,185.2231231841199
evt_inv_008349_0,cust_b2b_030,inv_008349,2026-04-23T21:19:24.776690+00:00,2354576,SEND_REMINDER,0.8500000000000001,0,4.426746852939745,0.3212669683257919,-0.019589517363645444,0.0,1.0,-0.5365055990372366,0.843896760392938,49.0,191.73525027975154
evt_inv_007270_1,cust_b2b_010,inv_007270,2026-04-23T21:26:18.851677+00:00,3612469,OFFER_PAYMENT_PLAN,0.8500000000000001,0,23.163114234160822,0.15228426395939088,0.5949969011366972,1.0,1.0,-0.5362232163209794,0.8440762182874152,44.0,183.56681072208002
evt_inv_008177_0,cust_b2b_027,inv_008177,2026-04-23T21:38:12.685751+00:00,2616300,SEND_REMINDER,0.8500000000000001,0,7.114085572741929,0.1784037558685446,-0.14851000289332406,0.0,1.0,-0.5357362688750319,0.8443853683075397,30.0,176.98331373998474
evt_inv_005913_1,cust_b2b_014,inv_005913,2026-04-23T21:38:24.663913+00:00,12795358,OFFER_PAYMENT_PLAN,0.8500000000000001,0,17.89242823251179,0.24571428571428572,0.5179086669321225,1.0,1.0,-0.5357280963576677,0.8443905534602987,22.0,190.1405769313202
evt_inv_002422_0,cust_b2b_005,inv_002422,2026-04-23T21:45:15.057369+00:00,8596431,SEND_REMINDER,0.8500000000000001,0,3.8091386815342463,0.2524752475247525,0.26466364623792543,0.0,1.0,-0.5354480608613782,0.8445681583624792,20.0,184.24618198668145
evt_inv_002255_0,cust_b2b_033,inv_002255,2026-04-23T21:47:28.810648+00:00,4525457,SEND_REMINDER,0.8500000000000001,0,5.214867205330872,0.14285714285714285,0.0942885933871668,0.0,1.0,-0.5353567804398992,0.8446260223536957,38.0,173.05634538261265
evt_inv_002167_0,cust_b2b_008,inv_002167,2026-04-23T21:47:32.259339+00:00,8876321,SEND_REMINDER,0.8500000000000001,0,4.2952255168143685,0.2512820512820513,0.24979522015980898,0.0,1.0,-0.5353544267857687,0.8446275141865087,34.0,176.07674325461213
evt_inv_006988_1,cust_b2b_022,inv_006988,2026-04-23T21:52:53.141872+00:00,1887980,OFFER_PAYMENT_PLAN,0.8500000000000001,0,23.579417181567592,0.19473684210526315,0.005057150672678714,1.0,1.0,-0.5351354134307377,0.844766292706044,44.0,180.4617004174822
evt_inv_007990_1,cust_b2b_008,inv_007990,2026-04-23T21:54:56.069056+00:00,7290078,OFFER_PAYMENT_PLAN,0.8500000000000001,0,20.30343215754376,0.25,-0.24160708289450514,1.0,1.0,-0.5350515018718712,0.8448194424518501,35.0,176.0818799411537
evt_inv_007784_0,cust_b2b_007,inv_007784,2026-04-23T22:31:44.103320+00:00,4239791,SEND_REMINDER,0.8500000000000001,1,7.580037917298327,0.29906542056074764,-0.02440189751440383,0.0,1.0,-0.5335433732162743,0.8457727052210892,34.0,190.74001459560478
evt_inv_001672_0,cust_b2b_012,inv_001672,2026-04-23T22:51:11.698883+00:00,4582109,SEND_REMINDER,0.8500000000000001,0,3.1212731061394257,0.47572815533980584,0.48483039827718544,0.0,1.0,-0.5327451968378853,0.8462756969487915,38.0,186.90656861697846
evt_inv_008681_0,cust_b2b_024,inv_008681,2026-04-23T22:58:34.978497+00:00,3374962,ESCALATE_COLLECTIONS,0.05,0,9.10868918257027,0.14220183486238533,-0.644612732359243,0.0,1.0,-0.5324420436110652,0.8464664613528834,36.0,182.1753033435857
evt_inv_005487_0,cust_b2b_000,inv_005487,2026-04-23T23:05:04.982187+00:00,4814546,SEND_REMINDER,0.8500000000000001,1,3.925549450093261,0.3622448979591837,-0.044173111733584756,0.0,1.0,-0.5321752686148732,0.8466342087789079,42.0,183.6100001737218
evt_inv_000689_0,cust_b2b_018,inv_000689,2026-04-23T23:09:13.175043+00:00,2422048,SEND_REMINDER,0.8500000000000001,1,5.250489638517919,0.6337209302325582,0.47492039709977457,0.0,1.0,-0.5320054692448064,0.846740917101337,24.0,177.39005754030595
evt_inv_004510_0,cust_b2b_012,inv_004510,2026-04-23T23:23:13.759771+00:00,3258538,SEND_REMINDER,0.8500000000000001,1,8.664509747456218,0.47342995169082125,-0.3773569194503594,0.0,1.0,-0.5314302302987431,0.8471020660608879,39.0,186.9288146920704
evt_inv_008676_0,cust_b2b_028,inv_008676,2026-04-23T23:25:19.241350+00:00,4753617,SEND_REMINDER,0.8500000000000001,0,1.2625931485020987,0.3605769230769231,-0.18913968990075117,0.0,1.0,-0.5313443382140306,0.8471559444682507,42.0,173.7737275794735
evt_inv_004767_0,cust_b2b_014,inv_004767,2026-04-23T23:27:52.740996+00:00,10488370,SEND_REMINDER,0.8500000000000001,0,7.684670186974083,0.24431818181818182,-0.026216660014331688,0.0,1.0,-0.5312392603469388,0.8472218412352442,23.0,190.2165963419956
evt_inv_003449_0,cust_b2b_009,inv_003449,2026-04-23T23:37:11.094689+00:00,7292251,SEND_REMINDER,0.8500000000000001,1,5.772728931565119,0.16666666666666666,0.6078363830615603,0.0,1.0,-0.5308569715562756,0.8474614302433471,39.0,181.88461413626155
evt_inv_000191_0,cust_b2b_024,inv_000191,2026-04-23T23:42:47.725009+00:00,4128213,SEND_REMINDER,0.8500000000000001,0,7.060506355490931,0.1415525114155251,-0.23051252704130074,0.0,1.0,-0.5306264381962341,0.8476057946281267,36.0,182.20600642821933
evt_inv_001796_1,cust_b2b_019,inv_001796,2026-04-23T23:46:37.773665+00:00,4232175,OFFER_PAYMENT_PLAN,0.8500000000000001,0,24.766888519890074,0.36492890995260663,0.6059186967810399,1.0,1.0,-0.5304688722002951,0.8477044152454009,48.0,185.92894776886428
evt_inv_000104_1,cust_b2b_002,inv_000104,2026-04-23T23:56:52.694987+00:00,3995416,OFFER_PAYMENT_PLAN,0.8500000000000001,1,23.776015993070107,0.13917525773195877,0.12727392349155411,1.0,1.0,-0.5300476074622791,0.8479678849010225,30.0,186.5734268296341
evt_inv_007026_0,cust_b2b_016,inv_007026,2026-04-24T00:02:04.233093+00:00,9016427,SEND_REMINDER,0.8500000000000001,0,3.669422316319586,0.24347826086956523,-0.2317438835799821,0.0,1.0,-0.5298341318054524,0.8481012868602208,33.0,179.68970305592947
evt_inv_005019_0,cust_b2b_021,inv_005019,2026-04-24T00:07:04.137463+00:00,7230424,SEND_REMINDER,0.8500000000000001,0,1.5852254463817514,0.3257918552036199,-0.5276734997649625,0.0,1.0,-0.5296285962310795,0.8482296564340911,47.0,186.01044383696842
evt_inv_006771_0,cust_b2b_014,inv_006771,2026-04-24T00:26:36.772333+00:00,12348135,SEND_REMINDER,0.8500000000000001,0,6.231108655875857,0.24293785310734464,0.4124267676507744,0.0,1.0,-0.5288246476771544,0.8487311070115985,24.0,190.2573837417289
evt_inv_008003_1,cust_b2b_019,inv_008003,2026-04-24T00:33:07.513179+00:00,3269807,OFFER_PAYMENT_PLAN,0.8500000000000001,0,17.088182452335893,0.3632075471698113,-0.10034645596550093,1.0,1.0,-0.5285566535616928,0.8488980291976562,48.0,185.961236420653
evt_inv_005409_0,cust_b2b_024,inv_005409,2026-04-24T01:10:41.932721+00:00,4223807,WRITE_OFF,0.05,0,5.865166820135652,0.1409090909090909,-0.17795976932977026,0.0,1.0,-0.5270094057992493,0.8498594508500344,37.0,182.26705049896066
evt_inv_008766_0,cust_b2b_026,inv_008766,2026-04-24T01:13:04.543616+00:00,5214669,WRITE_OFF,0.05,0,3.34143115954781,0.2837209302325581,0.23306615128956842,0.0,1.0,-0.5269114705698834,0.8499201740057021,34.0,176.187299002783
evt_inv_002218_0,cust_b2b_018,inv_002218,2026-04-24T01:35:25.143732+00:00,2188019,SEND_REMINDER,0.8500000000000001,1,4.1934192421209815,0.6358381502890174,0.1874700832081257,0.0,1.0,-0.5259904979394383,0.8504904444362803,25.0,177.49158495567926
evt_inv_002192_0,cust_b2b_026,inv_002192,2026-04-24T02:03:16.803728+00:00,5334218,SEND_REMINDER,0.8500000000000001,0,3.9439754764414205,0.2824074074074074,0.29572335433292285,0.0,1.0,-0.5248412275071556,0.8512001444482855,34.0,176.2221631244488
evt_inv_000189_0,cust_b2b_018,inv_000189,2026-04-24T02:07:46.731153+00:00,2345834,OFFER_PAYMENT_PLAN,0.05,1,2.7951587516500673,0.6379310344827587,0.3813093074616214,0.0,1.0,-0.5246555618771728,0.8513145960168592,26.0,177.51405703232186
evt_inv_004138_1,cust_b2b_004,inv_004138,2026-04-24T02:12:15.938890+00:00,2692129,OFFER_PAYMENT_PLAN,0.8500000000000001,0,23.891864181418,0.17535545023696683,-0.3546770811146247,1.0,1.0,-0.5244703664163011,0.8514287020949851,42.0,188.40115534597558
evt_inv_003961_1,cust_b2b_033,inv_003961,2026-04-24T02:13:07.015672+00:00,4116939,WRITE_OFF,0.05,0,23.652973307804398,0.14215686274509803,-0.13990075327036783,1.0,1.0,-0.5244352264810371,0.8514503468939238,38.0,173.24081534816617
evt_inv_008587_1,cust_b2b_017,inv_008587,2026-04-24T02:17:51.640273+00:00,7919203,OFFER_PAYMENT_PLAN,0.8500000000000001,0,19.21995981093543,0.2938388625592417,0.5344229522083118,1.0,1.0,-0.5242393933658732,0.8515709356497445,33.0,188.61099914601334
evt_inv_007222_1,cust_b2b_033,inv_007222,2026-04-24T02:25:42.309571+00:00,5196304,OFFER_PAYMENT_PLAN,0.8500000000000001,0,18.09571033685402,0.14146341463414633,0.47886207466533215,1.0,1.0,-0.5239154932204076,0.8517702483437755,38.0,173.24955717569742
evt_inv_002947_0,cust_b2b_014,inv_002947,2026-04-24T02:33:14.920204+00:00,12536295,SEND_REMINDER,0.8500000000000001,0,2.7881882295110887,0.24157303370786518,0.45680611581397246,0.0,1.0,-0.5236039490203243,0.8519617976002924,25.0,190.3453252680199
evt_inv_002164_0,cust_b2b_036,inv_002164,2026-04-24T02:36:39.121608+00:00,5295758,ESCALATE_COLLECTIONS,0.05,0,2.9401736535152727,0.2818181818181818,1.039560243498352,0.0,1.0,-0.5234633687165337,0.8520481803348554,31.0,188.56264546542056
evt_inv_006107_0,cust_b2b_038,inv_006107,2026-04-24T02:37:23.970118+00:00,5701692,ESCALATE_COLLECTIONS,0.05,0,8.301585250498395,0.2879581151832461,0.8051874377161391,0.0,1.0,-0.5234324913232405,0.8520671493650871,32.0,187.11133629142589
evt_inv_006614_0,cust_b2b_006,inv_006614,2026-04-24T02:48:57.088859+00:00,5735677,SEND_REMINDER,0.8500000000000001,1,7.653889662008331,0.32057416267942584,0.08266690918062268,0.0,1.0,-0.52295520415405,0.8523601670938148,39.0,187.24580347453175
evt_inv_006854_0,cust_b2b_019,inv_006854,2026-04-24T02:58:02.353104+00:00,3229488,ESCALATE_COLLECTIONS,0.05,0,9.539796502017817,0.3615023474178404,-0.1299354364980944,0.0,1.0,-0.5225796155007502,0.8525904910700612,48.0,186.0618711420066
evt_inv_000534_0,cust_b2b_019,inv_000534,2026-04-24T02:58:31.343970+00:00,3204109,WRITE_OFF,0.05,0,9.536342289911767,0.3598130841121495,-0.14856060666442936,0.0,1.0,-0.5225596431861808,0.8526027324100782,48.0,186.0622066844296
evt_inv_005940_0,cust_b2b_031,inv_005940,2026-04-24T03:14:30.825630+00:00,14449535,SEND_REMINDER,0.8500000000000001,0,8.442169950160707,0.3036649214659686,0.12305696018642437,0.0,1.0,-0.5218984777515554,0.8530076077741683,36.0,185.47372105585782
evt_inv_001481_1,cust_b2b_032,inv_001481,2026-04-24T03:32:50.159995+00:00,6909630,OFFER_PAYMENT_PLAN,0.8500000000000001,0,20.745075585620853,0.10989010989010989,0.13047093161611473,1.0,1.0,-0.5211405561800476,0.8534708669335764,48.0,192.08273920683646
evt_inv_004788_0,cust_b2b_005,inv_004788,2026-04-24T03:41:49.902707+00:00,9477317,OFFER_PAYMENT_PLAN,0.05,0,9.490133578560306,0.2512315270935961,0.5479619055772699,0.0,1.0,-0.5207682871447242,0.8536980678813499,21.0,184.49380751142402
evt_inv_004691_0,cust_b2b_037,inv_004691,2026-04-24T04:04:19.933541+00:00,3839704,SEND_REMINDER,0.8500000000000001,0,1.0148314719450062,0.2926829268292683,0.8135599938836662,0.0,1.0,-0.5198367160801958,0.8542656428857232,28.0,184.3833442753346
evt_inv_000516_1,cust_b2b_012,inv_000516,2026-04-24T04:04:49.729979+00:00,4514675,OFFER_PAYMENT_PLAN,0.8500000000000001,0,22.015762811467255,0.47596153846153844,0.4409028408464193,1.0,1.0,-0.5198161484575424,0.8542781583317967,40.0,187.12436990281958
evt_inv_000697_1,cust_b2b_005,inv_000697,2026-04-24T04:06:35.281225+00:00,4942779,OFFER_PAYMENT_PLAN,0.8500000000000001,0,24.859778701294324,0.25,-0.9103728373651808,1.0,1.0,-0.519743287051271,0.8543224892071729,22.0,184.51099939241797
evt_inv_008833_0,cust_b2b_018,inv_008833,2026-04-24T04:08:45.332162+00:00,2453648,SEND_REMINDER,0.8500000000000001,1,6.318565272336025,0.64,0.5137326777027766,0.0,1.0,-0.5196535084525113,0.854377101257399,27.0,177.59806861806828
evt_inv_001231_1,cust_b2b_024,inv_001231,2026-04-24T04:15:07.106229+00:00,4685125,OFFER_PAYMENT_PLAN,0.8500000000000001,0,17.91742636055891,0.14027149321266968,0.07565008283572973,1.0,1.0,-0.5193899236450967,0.8545373644352484,37.0,182.3951196367774
evt_inv_001666_1,cust_b2b_038,inv_001666,2026-04-24T04:26:49.179754+00:00,6238865,OFFER_PAYMENT_PLAN,0.8500000000000001,1,16.302574679891787,0.2864583333333333,1.1165789683763119,1.0,1.0,-0.5189050683842602,0.8548318723615341,32.0,187.18732251405694
evt_inv_000557_0,cust_b2b_001,inv_000557,2026-04-24T04:30:55.444851+00:00,7441532,SEND_REMINDER,0.8500000000000001,0,6.53534338870896,0.057291666666666664,0.19086181751933037,0.0,1.0,-0.5187349569864672,0.8549351112220436,38.0,177.07226678452048
evt_inv_004637_1,cust_b2b_000,inv_004637,2026-04-24T04:31:08.388610+00:00,4402235,OFFER_PAYMENT_PLAN,0.8500000000000001,1,16.47158337410747,0.36548223350253806,-0.2544868739021085,1.0,1.0,-0.5187260153181372,0.8549405365475237,42.0,183.83642848879404
evt_inv_004901_1,cust_b2b_006,inv_004901,2026-04-24T04:39:57.886054+00:00,9746095,WRITE_OFF,0.05,1,23.455386901765806,0.3238095238095238,1.8884822665015306,1.0,1.0,-0.5183601849558711,0.8551623931467724,38.0,187.32289603466788
evt_inv_005379_0,cust_b2b_039,inv_005379,2026-04-24T05:22:44.678859+00:00,11254189,SEND_REMINDER,0.8500000000000001,0,5.64943252119594,0.4327485380116959,0.08602348219712398,0.0,1.0,-0.5165854413514912,0.8562356461767315,33.0,177.11992633954978
evt_inv_003801_0,cust_b2b_036,inv_003801,2026-04-24T05:41:32.452325+00:00,3475479,SEND_REMINDER,0.8500000000000001,0,9.894588666943868,0.28054298642533937,-0.17707164967651964,0.0,1.0,-0.5158049679603947,0.8567060376975152,31.0,188.6910404968768
evt_inv_002690_1,cust_b2b_015,inv_002690,2026-04-24T05:43:07.416082+00:00,10246902,OFFER_PAYMENT_PLAN,0.8500000000000001,0,19.71280867562612,0.15865384615384615,0.16254339904772752,1.0,1.0,-0.5157392289197018,0.8567456143764679,35.0,185.3652813919454
evt_inv_002829_0,cust_b2b_028,inv_002829,2026-04-24T05:44:31.601203+00:00,4788469,SEND_REMINDER,0.8500000000000001,0,1.679428374880092,0.3588516746411483,-0.1721970143186072,0.0,1.0,-0.5156809488935876,0.8567806947802974,42.0,174.0370650777752
evt_inv_008602_0,cust_b2b_037,inv_008602,2026-04-24T05:52:54.951620+00:00,2580180,SEND_REMINDER,0.8500000000000001,0,9.273688634011126,0.2912621359223301,-0.27337445921127307,0.0,1.0,-0.5153324375944409,0.8569903609510271,29.0,184.45874957717373
evt_inv_008474_0,cust_b2b_022,inv_008474,2026-04-24T06:00:47.232955+00:00,1851709,SEND_REMINDER,0.8500000000000001,0,4.259374553654676,0.193717277486911,-0.043069332376411106,0.0,1.0,-0.515005360483621,0.8571869566629765,45.0,180.8005209161356
evt_inv_005529_0,cust_b2b_033,inv_005529,2026-04-24T06:05:36.819543+00:00,3656734,SEND_REMINDER,0.8500000000000001,0,3.6284276166441263,0.1407766990291262,-0.40372071849029006,0.0,1.0,-0.5148047710111464,0.8573074406210185,38.0,173.40227141148213
evt_inv_003691_1,cust_b2b_017,inv_003691,2026-04-24T06:20:06.087906+00:00,7491178,SEND_REMINDER,0.05,0,23.938027005188815,0.29245283018867924,0.3704153253275028,1.0,1.0,-0.5142024810480887,0.8576688221475641,33.0,188.7792219195451
evt_inv_000548_0,cust_b2b_019,inv_000548,2026-04-24T06:22:41.197117+00:00,3985495,OFFER_PAYMENT_PLAN,0.05,0,9.739491313817831,0.3581395348837209,0.4248846725871002,0.0,1.0,-0.5140949838506945,0.8577332613228627,48.0,186.20398739214787
evt_inv_003688_0,cust_b2b_037,inv_003688,2026-04-24T06:22:58.001572+00:00,3234688,OFFER_PAYMENT_PLAN,0.05,0,5.5781282489626065,0.2898550724637681,0.2914478630485721,0.0,1.0,-0.5140833371727548,0.8577402418222685,30.0,184.4796182108751
evt_inv_006960_0,cust_b2b_001,inv_006960,2026-04-24T06:23:22.716992+00:00,6277628,SEND_REMINDER,0.8500000000000001,0,4.82266869300211,0.05699481865284974,-0.23000632765700774,0.0,1.0,-0.5140662074627287,0.8577505082160469,37.0,177.15036021208434
evt_inv_008113_0,cust_b2b_032,inv_008113,2026-04-24T06:25:59.369043+00:00,7068303,SEND_REMINDER,0.8500000000000001,0,6.991262383457778,0.10948905109489052,0.1908770190656022,0.0,1.0,-0.5139576306332514,0.8578155710371865,49.0,192.2029846819289
evt_inv_000901_1,cust_b2b_034,inv_000901,2026-04-24T06:50:12.493425+00:00,3675504,OFFER_PAYMENT_PLAN,0.8500000000000001,0,18.267235918555844,0.4827586206896552,-0.7332789966789662,1.0,1.0,-0.5129500658797765,0.8584184468625619,32.0,174.20822111164634
evt_inv_001399_0,cust_b2b_030,inv_001399,2026-04-24T07:08:59.658956+00:00,2381396,SEND_REMINDER,0.8500000000000001,0,2.5361715733492476,0.31981981981981983,0.008663733042977543,0.0,1.0,-0.512168026791342,0.8588852730910358,48.0,192.1446817874603
evt_inv_006287_0,cust_b2b_039,inv_006287,2026-04-24T07:32:53.288291+00:00,10484911,SEND_REMINDER,0.8500000000000001,1,8.558410808715326,0.43023255813953487,-0.09074357588222369,0.0,1.0,-0.5111727462139604,0.8594779947899063,33.0,177.21030376353292
evt_inv_004698_0,cust_b2b_019,inv_004698,2026-04-24T07:36:22.177379+00:00,2914636,SEND_REMINDER,0.8500000000000001,0,9.705372085406971,0.35648148148148145,-0.36100026493457793,0.0,1.0,-0.511027670095651,0.8595642619354358,49.0,186.25515614518486
evt_inv_001972_0,cust_b2b_026,inv_001972,2026-04-24T07:38:22.985458+00:00,5741094,SEND_REMINDER,0.8500000000000001,1,2.2733530597669827,0.28110599078341014,0.5089713866918975,0.0,1.0,-0.510943760708845,0.8596141421548988,33.0,176.45487356113964
evt_inv_004601_0,cust_b2b_003,inv_004601,2026-04-24T07:41:07.158139+00:00,4320013,SEND_REMINDER,0.8500000000000001,0,7.702821467363976,0.16589861751152074,-0.2459964628289818,0.0,1.0,-0.5108297238675482,0.8596819139736537,31.0,179.24853834917744
evt_inv_006639_1,cust_b2b_026,inv_006639,2026-04-24T08:01:28.457140+00:00,4592602,OFFER_PAYMENT_PLAN,0.8500000000000001,1,20.590337523772817,0.28440366972477066,-0.09296597373720032,1.0,1.0,-0.5099811089707111,0.8601856011890711,34.0,176.47090911300816
evt_inv_002283_0,cust_b2b_002,inv_002283,2026-04-24T08:16:05.198566+00:00,3742944,WRITE_OFF,0.05,0,3.2348410070657283,0.14358974358974358,-0.038744767902958034,0.0,1.0,-0.5093716022897802,0.8605466697284593,30.0,186.92009932476128
evt_inv_000736_1,cust_b2b_008,inv_000736,2026-04-24T08:21:45.248987+00:00,8325982,OFFER_PAYMENT_PLAN,0.8500000000000001,0,20.917124719514007,0.24873096446700507,0.07930577570250058,1.0,1.0,-0.5091351319521545,0.860686596510055,35.0,176.5171713755458
evt_inv_006920_1,cust_b2b_002,inv_006920,2026-04-24T08:52:22.333817+00:00,4640415,SEND_REMINDER,0.05,0,23.409052256660736,0.14285714285714285,0.5514070992288068,1.0,1.0,-0.5078569627724931,0.8614414114514686,30.0,186.94529764941646
evt_inv_001389_1,cust_b2b_028,inv_001389,2026-04-24T09:23:25.034247+00:00,5603119,OFFER_PAYMENT_PLAN,0.8500000000000001,0,17.421394937323228,0.35714285714285715,0.22382613227332465,1.0,1.0,-0.5065598287511891,0.8622048131943859,42.0,174.1890724046763
evt_inv_005331_0,cust_b2b_009,inv_005331,2026-04-24T09:27:27.522565+00:00,5437599,ESCALATE_COLLECTIONS,0.05,0,9.158881313649331,0.17040358744394618,-0.18258533327463586,0.0,1.0,-0.5063908819890125,0.862304049995354,40.0,182.2945264959301
evt_inv_008552_0,cust_b2b_000,inv_008552,2026-04-24T09:27:50.359603+00:00,4199442,SEND_REMINDER,0.8500000000000001,0,4.74920403064873,0.3686868686868687,-0.3579284872529841,0.0,1.0,-0.5063749699375911,0.8623133942023072,41.0,184.0424698197343
evt_inv_001626_0,cust_b2b_018,inv_001626,2026-04-24T09:50:43.276681+00:00,1693444,SEND_REMINDER,0.8500000000000001,1,4.994934042792215,0.6420454545454546,-0.4199996603761763,0.0,1.0,-0.5054180526463852,0.8628746096966441,27.0,177.83554482777637
evt_inv_001906_0,cust_b2b_016,inv_001906,2026-04-24T10:01:49.572922+00:00,8259935,SEND_REMINDER,0.8500000000000001,0,7.043326938132242,0.24242424242424243,-0.42205415141048414,0.0,1.0,-0.5049534227819916,0.8631465928918165,34.0,180.1062000446885
evt_inv_002061_0,cust_b2b_030,inv_002061,2026-04-24T10:02:48.653758+00:00,1988894,SEND_REMINDER,0.8500000000000001,0,1.6151716525531457,0.3183856502242152,-0.40481451198298585,0.0,1.0,-0.50491221674252,0.8631706977094128,48.0,192.265387745819
evt_inv_006780_1,cust_b2b_017,inv_006780,2026-04-24T10:04:45.746011+00:00,5343844,OFFER_PAYMENT_PLAN,0.8500000000000001,1,23.809809164772386,0.29107981220657275,-0.452384544339267,1.0,1.0,-0.5048305471320615,0.8632184652116424,34.0,188.93523648094364
evt_inv_002351_0,cust_b2b_000,inv_002351,2026-04-24T10:05:51.285333+00:00,4673050,SEND_REMINDER,0.8500000000000001,0,5.563973998743435,0.36683417085427134,-0.11634824669277838,0.0,1.0,-0.5047848327336629,0.8632451984471434,42.0,184.0688694230947
evt_inv_001808_1,cust_b2b_019,inv_001808,2026-04-24T10:34:03.153906+00:00,2936537,SEND_REMINDER,0.05,1,19.859504812235347,0.3548387096774194,-0.344927012894167,1.0,1.0,-0.5036042461923524,0.8639344669690129,50.0,186.378547077209
evt_inv_005006_1,cust_b2b_002,inv_005006,2026-04-24T10:58:11.471622+00:00,4372504,OFFER_PAYMENT_PLAN,0.8500000000000001,0,18.602710961753036,0.14213197969543148,0.3752362336039368,1.0,1.0,-0.5025928617510773,0.8645232300620166,31.0,187.03267192957148
evt_inv_003936_0,cust_b2b_007,inv_003936,2026-04-24T10:58:57.944010+00:00,4318694,SEND_REMINDER,0.8500000000000001,0,7.23849830401335,0.3023255813953488,0.02166907323217862,0.0,1.0,-0.5025603979015791,0.8645421021911001,34.0,191.2589247887765
evt_inv_001482_0,cust_b2b_034,inv_001482,2026-04-24T10:59:20.837933+00:00,5927414,SEND_REMINDER,0.8500000000000001,1,9.198738298061798,0.48,0.34915659427708856,0.0,1.0,-0.5025444048141057,0.8645513988133015,33.0,174.3812343582641
evt_inv_006489_1,cust_b2b_019,inv_006489,2026-04-24T11:05:22.262612+00:00,4482032,OFFER_PAYMENT_PLAN,0.8500000000000001,0,21.120485684446844,0.3577981651376147,0.7892841739389472,1.0,1.0,-0.5022919003312151,0.8646981247011334,51.0,186.40029602057075
evt_inv_001811_0,cust_b2b_001,inv_001811,2026-04-24T11:18:57.256151+00:00,7368714,SEND_REMINDER,0.8500000000000001,0,7.458069722350098,0.05670103092783505,0.16453102038982467,0.0,1.0,-0.5017223588953685,0.8650287131560819,38.0,177.35562108197226
evt_inv_000086_0,cust_b2b_033,inv_000086,2026-04-24T11:31:21.506496+00:00,5320752,SEND_REMINDER,0.8500000000000001,0,4.713294647227251,0.14009661835748793,0.5502033400018976,0.0,1.0,-0.5012020648054624,0.865330278122025,38.0,173.62848306603453
evt_inv_000775_0,cust_b2b_030,inv_000775,2026-04-24T11:45:40.581885+00:00,2256726,SEND_REMINDER,0.8500000000000001,0,5.41849120516833,0.3169642857142857,-0.1226688251640273,0.0,1.0,-0.5006012729238524,0.8656779802830951,49.0,192.3368220991406
evt_inv_003970_0,cust_b2b_033,inv_003970,2026-04-24T11:52:23.879783+00:00,4503779,SEND_REMINDER,0.8500000000000001,0,4.4008795833204655,0.13942307692307693,0.08186092617111741,0.0,1.0,-0.5003191444911294,0.8658410672032509,39.0,173.64309386796586
evt_inv_005701_0,cust_b2b_023,inv_005701,2026-04-24T11:55:52.736876+00:00,2299599,SEND_REMINDER,0.8500000000000001,0,8.758408393013246,0.4396135265700483,0.053640088160527476,0.0,1.0,-0.5001730169089121,0.8659254893789864,37.0,177.7901825846304
evt_inv_008263_0,cust_b2b_012,inv_008263,2026-04-24T11:58:43.030516+00:00,3740999,SEND_REMINDER,0.8500000000000001,0,3.4533467148478127,0.47368421052631576,-0.06307700296335236,0.0,1.0,-0.5000538598358858,0.8659943055605114,39.0,187.45345902940025
evt_inv_005478_0,cust_b2b_003,inv_005478,2026-04-24T12:03:55.283756+00:00,4895590,SEND_REMINDER,0.8500000000000001,0,6.608782455774998,0.1651376146788991,0.05431571855972298,0.0,1.0,-0.49983534685725334,0.8661204454532229,32.0,179.4310398030769
evt_inv_003081_0,cust_b2b_014,inv_003081,2026-04-24T12:17:44.548969+00:00,9512612,SEND_REMINDER,0.8500000000000001,1,5.9306391460275885,0.24022346368715083,-0.25635855599863283,0.0,1.0,-0.4992548775208204,0.8664551732615315,26.0,190.7512237490918
evt_inv_002378_1,cust_b2b_007,inv_002378,2026-04-24T12:32:24.994205+00:00,3704588,OFFER_PAYMENT_PLAN,0.8500000000000001,1,21.027318593055814,0.30092592592592593,-0.3369049937623631,1.0,1.0,-0.4986383378430661,0.8668101337854238,35.0,191.32382120306193
evt_inv_003917_1,cust_b2b_032,inv_003917,2026-04-24T12:43:50.697024+00:00,7408442,WRITE_OFF,0.05,0,23.465429888354535,0.10909090909090909,0.32036654676462323,1.0,1.0,-0.49815799346162765,0.8670862780313646,50.0,192.46538431134434
evt_inv_006163_0,cust_b2b_016,inv_006163,2026-04-24T12:49:48.129225+00:00,10731743,SEND_REMINDER,0.8500000000000001,0,2.0886273212726536,0.2413793103448276,0.1997769068627051,0.0,1.0,-0.49790754658031483,0.8672301165540618,35.0,180.2228500018958
evt_inv_007569_1,cust_b2b_010,inv_007569,2026-04-24T12:58:10.499588+00:00,2288890,OFFER_PAYMENT_PLAN,0.8500000000000001,0,22.214324595006044,0.15151515151515152,-0.5389841515158502,1.0,1.0,-0.4975554737017568,0.8674321590703336,43.0,184.21393627660711
evt_inv_003164_0,cust_b2b_012,inv_003164,2026-04-24T13:03:35.410314+00:00,4237572,SEND_REMINDER,0.8500000000000001,0,6.118031273358098,0.4714285714285714,0.26039565038299234,0.0,1.0,-0.4973277250167475,0.8675627550383122,40.0,187.49850972150458
evt_inv_005587_0,cust_b2b_002,inv_005587,2026-04-24T13:09:12.445060+00:00,3243582,SEND_REMINDER,0.8500000000000001,0,3.825801147645011,0.1414141414141414,-0.3671112448635196,0.0,1.0,-0.49709144168572944,0.8676981610000122,31.0,187.12365541843664
evt_inv_001291_1,cust_b2b_004,inv_001291,2026-04-24T13:24:51.465577+00:00,3844408,OFFER_PAYMENT_PLAN,0.8500000000000001,0,16.078957115262536,0.17452830188679244,0.5635586875918868,1.0,1.0,-0.4964329326906353,0.8680750793221604,40.0,188.8682332011518
evt_inv_002173_0,cust_b2b_002,inv_002173,2026-04-24T13:35:41.511138+00:00,3979128,SEND_REMINDER,0.8500000000000001,0,6.506344381823057,0.1407035175879397,0.11656298430607871,0.0,1.0,-0.49597690637565606,0.8683357117739853,32.0,187.14204738693843
evt_inv_001649_1,cust_b2b_007,inv_001649,2026-04-24T13:46:05.315573+00:00,4279344,OFFER_PAYMENT_PLAN,0.8500000000000001,0,18.075619496888333,0.30414746543778803,-0.0013073360198526125,1.0,1.0,-0.49553916033071815,0.8685855977269752,36.0,191.37498233000852
evt_inv_005904_0,cust_b2b_013,inv_005904,2026-04-24T13:47:23.713444+00:00,2877651,SEND_REMINDER,0.8500000000000001,0,2.2543466802969254,0.20087336244541484,0.47987337516441353,0.0,1.0,-0.4954841368118638,0.8686169870361747,36.0,188.27190340434518
evt_inv_007767_0,cust_b2b_036,inv_007767,2026-04-24T13:53:45.240675+00:00,3203130,SEND_REMINDER,0.8500000000000001,1,2.742914877819885,0.27927927927927926,-0.3591034300397557,0.0,1.0,-0.4952163336792808,0.8687696949463944,32.0,189.03285517685399
evt_inv_005764_1,cust_b2b_009,inv_005764,2026-04-24T13:53:52.695599+00:00,4364102,OFFER_PAYMENT_PLAN,0.8500000000000001,0,20.28961599163964,0.16964285714285715,-0.6400920337869216,1.0,1.0,-0.4952111004206811,0.8687726779889766,39.0,182.4795400727111
evt_inv_003211_0,cust_b2b_015,inv_003211,2026-04-24T13:55:43.800590+00:00,11944664,SEND_REMINDER,0.8500000000000001,0,1.7624221713472847,0.15789473684210525,0.603687934128663,0.0,1.0,-0.49513310403977523,0.8688171322458698,32.0,185.7073691755992
evt_inv_005707_0,cust_b2b_009,inv_005707,2026-04-24T13:59:14.616432+00:00,6949929,SEND_REMINDER,0.8500000000000001,0,2.7713220464618966,0.1688888888888889,0.46194441168841754,0.0,1.0,-0.4949850990648424,0.8689014625973236,40.0,182.48326600828162
evt_inv_000614_1,cust_b2b_031,inv_000614,2026-04-24T13:59:42.037383+00:00,11627600,OFFER_PAYMENT_PLAN,0.8500000000000001,0,21.68318804791445,0.3020833333333333,-0.3892153630082574,1.0,1.0,-0.49496584690784245,0.8689124296468559,35.0,185.92176748817744
evt_inv_003459_0,cust_b2b_026,inv_003459,2026-04-24T14:16:29.013321+00:00,5423809,SEND_REMINDER,0.8500000000000001,1,9.983001118209394,0.2876712328767123,0.3426786170872484,0.0,1.0,-0.49425868427217545,0.869314875647218,35.0,176.73133221695866
evt_inv_001667_1,cust_b2b_013,inv_001667,2026-04-24T14:18:18.363538+00:00,3469674,OFFER_PAYMENT_PLAN,0.8500000000000001,0,23.913063010891232,0.2,1.0929257308441505,1.0,1.0,-0.4941818718812881,0.8693585436998398,37.0,188.29336926190368
evt_inv_001265_0,cust_b2b_036,inv_001265,2026-04-24T14:28:29.956549+00:00,2614217,SEND_REMINDER,0.8500000000000001,0,9.367952239504387,0.2825112107623318,-0.7527190087982075,0.0,1.0,-0.49375219099523193,0.8696026528750979,33.0,189.05698383279744
evt_inv_007139_0,cust_b2b_038,inv_007139,2026-04-24T14:29:25.644508+00:00,4238981,SEND_REMINDER,0.8500000000000001,1,1.537414204847196,0.29015544041450775,-0.04272445195634259,0.0,1.0,-0.49371306086239236,0.8696248694315772,32.0,187.6058001153824
evt_inv_006139_0,cust_b2b_037,inv_006139,2026-04-24T14:35:18.372483+00:00,2638513,SEND_REMINDER,0.8500000000000001,0,1.8559618706472512,0.28846153846153844,-0.2230349207013424,0.0,1.0,-0.4934651870756561,0.8697655483774853,31.0,184.82152065197474
evt_inv_007938_0,cust_b2b_035,inv_007938,2026-04-24T14:35:20.665475+00:00,6419767,OFFER_PAYMENT_PLAN,0.05,0,7.148028425387599,0.35348837209302325,0.5337380636207665,0.0,1.0,-0.49346357558141624,0.8697664626636301,33.0,191.41890353877622
evt_inv_005450_0,cust_b2b_004,inv_005450,2026-04-24T14:43:19.722152+00:00,2288170,SEND_REMINDER,0.8500000000000001,0,1.7007474573832313,0.17370892018779344,-0.6765869078183464,0.0,1.0,-0.49312686183523946,0.8699574116797492,41.0,188.92272691151115
evt_inv_006013_0,cust_b2b_036,inv_006013,2026-04-24T14:44:21.172217+00:00,4977505,SEND_REMINDER,0.8500000000000001,0,3.1855659387221387,0.28125,0.8268469816449079,0.0,1.0,-0.49308366518503205,0.8699818958620318,34.0,189.06799327340272
evt_inv_007858_0,cust_b2b_029,inv_007858,2026-04-24T14:51:24.618115+00:00,5866978,SEND_REMINDER,0.8500000000000001,0,2.687380347441346,0.22727272727272727,0.12005302872602507,0.0,1.0,-0.4927859685940862,0.870150555453933,43.0,188.68414026829
evt_inv_002350_1,cust_b2b_020,inv_002350,2026-04-24T16:04:55.973232+00:00,5316463,OFFER_PAYMENT_PLAN,0.8500000000000001,0,20.796202476694404,0.3644859813084112,-0.02107913937939608,1.0,1.0,-0.48968121426763683,0.8719015474199898,32.0,175.86251609223896
evt_inv_001883_0,cust_b2b_026,inv_001883,2026-04-24T16:10:33.037581+00:00,4000972,ESCALATE_COLLECTIONS,0.05,1,7.224026465039286,0.2909090909090909,-0.40304579314578526,0.0,1.0,-0.4894437287706638,0.8720348825402966,36.0,176.81054546070928
evt_inv_003209_1,cust_b2b_033,inv_003209,2026-04-24T16:14:56.517706+00:00,5876935,OFFER_PAYMENT_PLAN,0.8500000000000001,1,22.50458226886812,0.13875598086124402,0.8690442102223093,1.0,1.0,-0.48925806324188514,0.8721390643428372,40.0,173.82541606615246
evt_inv_000709_0,cust_b2b_036,inv_000709,2026-04-24T16:49:02.446061+00:00,4294931,SEND_REMINDER,0.8500000000000001,0,3.2749291405571546,0.28,0.3706310415778789,0.0,1.0,-0.4878156127539752,0.87294669250388,35.0,189.1545820910428
evt_inv_008453_1,cust_b2b_019,inv_008453,2026-04-24T16:49:10.440412+00:00,2843921,OFFER_PAYMENT_PLAN,0.8500000000000001,1,16.653627026154297,0.3561643835616438,-0.41289628935799594,1.0,1.0,-0.4878099738421861,0.8729498435878694,48.0,186.6390480784331
evt_inv_004798_1,cust_b2b_013,inv_004798,2026-04-24T17:06:32.387027+00:00,2372751,OFFER_PAYMENT_PLAN,0.8500000000000001,0,17.861189931400492,0.19913419913419914,-0.04296253595274568,1.0,1.0,-0.48707485005831636,0.8733602294818952,38.0,188.4101982374809
evt_inv_007867_0,cust_b2b_032,inv_007867,2026-04-24T17:11:16.757919+00:00,6677708,SEND_REMINDER,0.8500000000000001,0,8.403721433758022,0.10869565217391304,0.042178924795982974,0.0,1.0,-0.4868741580909662,0.8734721255902863,50.0,192.65110260874053
evt_inv_002020_1,cust_b2b_031,inv_002020,2026-04-24T17:22:40.555661+00:00,11654861,OFFER_PAYMENT_PLAN,0.8500000000000001,1,17.963072177419107,0.3005181347150259,-0.3842665892695192,1.0,1.0,-0.4863914693397198,0.8737410019871726,36.0,186.06272256084318
evt_inv_008279_0,cust_b2b_036,inv_008279,2026-04-24T17:24:34.079965+00:00,3562133,SEND_REMINDER,0.8500000000000001,0,6.149644044389241,0.27876106194690264,-0.11915416146912852,0.0,1.0,-0.48631131883339473,0.8737856151107801,36.0,189.17925377974765
evt_inv_002021_0,cust_b2b_029,inv_002021,2026-04-24T17:28:47.604666+00:00,4511645,SEND_REMINDER,0.8500000000000001,0,7.7577300210467595,0.22613065326633167,-0.48520654882552133,0.0,1.0,-0.48613231038035754,0.8738852194677833,44.0,188.79343409410816
evt_inv_000507_0,cust_b2b_004,inv_000507,2026-04-24T17:55:04.947344+00:00,2601117,SEND_REMINDER,0.8500000000000001,0,7.73188129337715,0.17289719626168223,-0.42720362186543054,0.0,1.0,-0.4850181239156644,0.8745040991746861,42.0,189.05588924012258
evt_inv_006832_0,cust_b2b_030,inv_006832,2026-04-24T18:17:18.519003+00:00,2284276,SEND_REMINDER,0.8500000000000001,0,6.227824683661655,0.31555555555555553,-0.09364686499953735,0.0,1.0,-0.4840755151053539,0.8750262257072563,50.0,192.6087889639285
evt_inv_001879_0,cust_b2b_020,inv_001879,2026-04-24T18:29:43.160429+00:00,4350143,SEND_REMINDER,0.8500000000000001,0,9.709044270216278,0.3627906976744186,-0.4716475262885005,0.0,1.0,-0.48354893538789023,0.8753173293641786,33.0,175.96306224034834
evt_inv_005441_0,cust_b2b_002,inv_005441,2026-04-24T18:30:47.455467+00:00,4056191,SEND_REMINDER,0.8500000000000001,0,8.88145477812888,0.14,0.16723790673575034,0.0,1.0,-0.4835034603750767,0.8753424494478299,33.0,187.34697729814607
evt_inv_006173_1,cust_b2b_032,inv_006173,2026-04-24T18:39:20.561617+00:00,4949682,OFFER_PAYMENT_PLAN,0.8500000000000001,0,16.111526461875012,0.10830324909747292,-0.6156741384027343,1.0,1.0,-0.48314050056430063,0.8755428354537984,51.0,192.71225774412812
evt_inv_001855_0,cust_b2b_008,inv_001855,2026-04-24T18:44:50.029876+00:00,5593980,SEND_REMINDER,0.8500000000000001,0,6.9654925821268145,0.2474747474747475,-0.76704107850719,0.0,1.0,-0.482907398301672,0.8756714250593715,35.0,176.94986559878876
evt_inv_008304_0,cust_b2b_017,inv_008304,2026-04-24T18:47:03.847396+00:00,5935799,OFFER_PAYMENT_PLAN,0.05,0,7.135117222494895,0.29439252336448596,-0.22556344019694755,0.0,1.0,-0.48281271122239944,0.8757236355620852,34.0,189.29794598771582
evt_inv_007480_0,cust_b2b_032,inv_007480,2026-04-24T18:51:19.375291+00:00,6945891,SEND_REMINDER,0.8500000000000001,0,4.582039507746006,0.1079136690647482,0.14427505209589273,0.0,1.0,-0.48263188820160147,0.8758233043776336,52.0,192.72057734683963
evt_inv_000752_1,cust_b2b_008,inv_000752,2026-04-24T18:59:32.031235+00:00,9971800,OFFER_PAYMENT_PLAN,0.8500000000000001,0,21.930169049487343,0.24623115577889448,0.5891634488290842,1.0,1.0,-0.48228320465001595,0.8760153597469115,36.0,176.96007394785985
evt_inv_006519_0,cust_b2b_006,inv_006519,2026-04-24T19:42:33.938509+00:00,7752521,SEND_REMINDER,0.8500000000000001,0,6.4537633772470375,0.32701421800947866,0.9908135561602848,0.0,1.0,-0.48045457819200227,0.877019611123004,34.0,187.94970219734122
evt_inv_003010_0,cust_b2b_002,inv_003010,2026-04-24T19:55:10.173750+00:00,5226021,SEND_REMINDER,0.8500000000000001,1,8.19789308918093,0.13930348258706468,0.9364848827235436,0.0,1.0,-0.47991858102990737,0.8773130316952098,33.0,187.4055735745716
evt_inv_002712_0,cust_b2b_000,inv_002712,2026-04-24T20:07:58.626115+00:00,4734057,SEND_REMINDER,0.8500000000000001,0,9.283849653061285,0.365,-0.08522948173958661,0.0,1.0,-0.4793737411708517,0.8776108569724177,42.0,184.4870099414001
evt_inv_008078_0,cust_b2b_012,inv_008078,2026-04-24T20:20:41.325461+00:00,2846646,ESCALATE_COLLECTIONS,0.05,0,9.6656846581006,0.46919431279620855,-0.6456669779878808,0.0,1.0,-0.4788327975021188,0.8779061180082384,41.0,187.8020504060835
evt_inv_006222_0,cust_b2b_013,inv_006222,2026-04-24T20:23:28.502923+00:00,2114346,SEND_REMINDER,0.8500000000000001,1,3.8117209300955546,0.19827586206896552,-0.31054629213576446,0.0,1.0,-0.4787142027648825,0.8779707922654277,37.0,188.5469588381301
evt_inv_005267_0,cust_b2b_031,inv_005267,2026-04-24T20:28:51.165531+00:00,20050505,ESCALATE_COLLECTIONS,0.05,1,4.468112623481609,0.30412371134020616,1.1398137230290697,0.0,1.0,-0.4784852830550001,0.878095572190053,36.0,186.19201202693162
evt_inv_008300_0,cust_b2b_022,inv_008300,2026-04-24T20:37:17.532924+00:00,1368334,SEND_REMINDER,0.8500000000000001,0,9.198758195763254,0.19270833333333334,-0.6844326398055769,0.0,1.0,-0.4781259645906321,0.8782912739998489,44.0,181.4092049435535
evt_inv_003418_1,cust_b2b_024,inv_003418,2026-04-24T20:42:34.209100+00:00,4911762,OFFER_PAYMENT_PLAN,0.8500000000000001,0,22.169704283858977,0.13963963963963963,0.20024384334177647,1.0,1.0,-0.47790121038952704,0.878413588868151,35.0,183.08084999408152
evt_inv_006955_1,cust_b2b_003,inv_006955,2026-04-24T20:52:48.072420+00:00,5113308,OFFER_PAYMENT_PLAN,0.8500000000000001,1,22.791953878927277,0.1643835616438356,0.16791180711334877,1.0,1.0,-0.4774654448102321,0.8786505272360378,32.0,179.79831744964375
evt_inv_008326_1,cust_b2b_020,inv_008326,2026-04-24T20:54:08.752210+00:00,5528105,OFFER_PAYMENT_PLAN,0.8500000000000001,0,18.051802563242507,0.3611111111111111,0.07760350349664354,1.0,1.0,-0.4774081635922811,0.8786816518713964,34.0,176.063358441516
evt_inv_002248_0,cust_b2b_035,inv_002248,2026-04-24T21:01:47.388960+00:00,8187214,SEND_REMINDER,0.8500000000000001,0,4.202385341577701,0.35185185185185186,1.3689662607294915,0.0,1.0,-0.47708250110452527,0.8788585137209803,34.0,191.68726839392468
evt_inv_002175_0,cust_b2b_024,inv_002175,2026-04-24T21:15:44.196086+00:00,3095188,SEND_REMINDER,0.8500000000000001,0,5.58425518613475,0.13901345291479822,-0.7984185738383874,0.0,1.0,-0.47648814378795057,0.8791808965335367,35.0,183.10388225085907
evt_inv_005077_0,cust_b2b_035,inv_005077,2026-04-24T21:16:05.694103+00:00,5163530,WRITE_OFF,0.05,1,1.7402274462998828,0.35023041474654376,-0.05991186200237973,0.0,1.0,-0.4764728715627531,0.8791891734232993,35.0,191.69720248122658
evt_inv_001413_1,cust_b2b_011,inv_001413,2026-04-24T21:48:51.418642+00:00,1386102,OFFER_PAYMENT_PLAN,0.8500000000000001,0,23.867621349466482,0.3865979381443299,-0.3804932804328789,1.0,1.0,-0.4750758107706288,0.8799448698757381,35.0,187.70589670031018
evt_inv_000473_0,cust_b2b_038,inv_000473,2026-04-24T22:04:32.783243+00:00,4632020,SEND_REMINDER,0.8500000000000001,0,5.610813051989703,0.29381443298969073,0.18511449413091408,0.0,1.0,-0.4744063485601955,0.8803059788765394,33.0,187.92185496185172
evt_inv_004175_0,cust_b2b_013,inv_004175,2026-04-24T22:05:45.250559+00:00,2053975,ESCALATE_COLLECTIONS,0.05,0,2.922009020939178,0.2017167381974249,-0.3730623310160751,0.0,1.0,-0.4743548012155619,0.8803337563468442,38.0,188.61798600984093
evt_inv_008106_0,cust_b2b_012,inv_008106,2026-04-24T22:08:30.851638+00:00,5775833,OFFER_PAYMENT_PLAN,0.05,1,8.195390825685791,0.4669811320754717,1.2624337131988432,0.0,1.0,-0.4742369999952818,0.8803972216195796,41.0,187.8769291812807
evt_inv_000777_0,cust_b2b_032,inv_000777,2026-04-24T22:19:23.724451+00:00,7280167,SEND_REMINDER,0.8500000000000001,0,1.5120577961899757,0.10752688172043011,0.2715326824976445,0.0,1.0,-0.4737724926945414,0.8806472762496916,52.0,192.8650721287805
evt_inv_007747_0,cust_b2b_018,inv_007747,2026-04-24T22:23:08.082196+00:00,2317516,SEND_REMINDER,0.8500000000000001,1,9.010994820352145,0.6440677966101694,0.3465271116550643,0.0,1.0,-0.47361283573517265,0.880733150180512,24.0,178.35805415086688
evt_inv_004964_0,cust_b2b_012,inv_004964,2026-04-24T22:25:15.385268+00:00,3347939,WRITE_OFF,0.05,1,1.0574018114132058,0.4694835680751174,-0.31911982722696197,0.0,1.0,-0.4735222376840626,0.8807818631299569,42.0,187.88855572792042
evt_inv_001575_0,cust_b2b_018,inv_001575,2026-04-24T22:28:07.489491+00:00,1938555,SEND_REMINDER,0.8500000000000001,1,3.159662213711199,0.6460674157303371,-0.11893840665485739,0.0,1.0,-0.4733997479366892,0.8808477045741103,25.0,178.3615195130801
evt_inv_004935_1,cust_b2b_010,inv_004935,2026-04-24T22:37:37.030260+00:00,2800820,OFFER_PAYMENT_PLAN,0.8500000000000001,0,23.6737261660814,0.1507537688442211,-0.10038629947679951,1.0,1.0,-0.47299433000916263,0.8810654707677423,42.0,184.6163266779115
evt_inv_005130_0,cust_b2b_004,inv_005130,2026-04-24T22:40:01.004685+00:00,2901666,SEND_REMINDER,0.8500000000000001,0,9.29349826472209,0.17209302325581396,-0.18769986221227797,0.0,1.0,-0.4728918283933842,0.881120490420443,41.0,189.2537602741696
evt_inv_000877_0,cust_b2b_035,inv_000877,2026-04-24T23:11:48.167687+00:00,5217417,SEND_REMINDER,0.8500000000000001,1,2.8781962269126926,0.3532110091743119,-0.03444685210739008,0.0,1.0,-0.4715334332645956,0.881848184957991,35.0,191.77755518474746
evt_inv_005590_1,cust_b2b_004,inv_005590,2026-04-24T23:18:07.047851+00:00,3491625,OFFER_PAYMENT_PLAN,0.8500000000000001,0,24.077066919878156,0.1712962962962963,0.28243029932688146,1.0,1.0,-0.4712634388073867,0.8819925006730139,42.0,189.2802191071041
evt_inv_008559_1,cust_b2b_030,inv_008559,2026-04-24T23:18:25.563365+00:00,1891944,OFFER_PAYMENT_PLAN,0.8500000000000001,0,20.369412128871073,0.3141592920353982,-0.5069460934739992,1.0,1.0,-0.4712502433026917,0.8819995511263903,50.0,192.8178982736708
evt_inv_002492_0,cust_b2b_031,inv_002492,2026-04-24T23:23:12.436192+00:00,12817300,SEND_REMINDER,0.8500000000000001,0,9.46032479256862,0.3076923076923077,-0.1732463116114076,0.0,1.0,-0.47104578333700103,0.882108763135494,36.0,186.3130915484725
evt_inv_001035_0,cust_b2b_000,inv_001035,2026-04-24T23:30:01.281201+00:00,5019938,SEND_REMINDER,0.8500000000000001,1,6.198701301252341,0.36318407960199006,0.06059425705789961,0.0,1.0,-0.47075434763683005,0.8822643278411649,43.0,184.62731844934322
evt_inv_004218_0,cust_b2b_031,inv_004218,2026-04-24T23:32:56.020360+00:00,11523512,ESCALATE_COLLECTIONS,0.05,0,2.1199932271393758,0.30612244897959184,-0.4081106045297025,0.0,1.0,-0.47062977319906163,0.8823307863713018,37.0,186.31984599486418
evt_inv_002199_0,cust_b2b_008,inv_002199,2026-04-24T23:40:05.083768+00:00,6046048,SEND_REMINDER,0.8500000000000001,1,2.79984360319103,0.245,-0.6269948832782929,0.0,1.0,-0.47032384699903,0.8824938973976154,37.0,177.15490094476715
evt_inv_005767_0,cust_b2b_033,inv_005767,2026-04-25T00:24:57.087400+00:00,2860920,SEND_REMINDER,0.8500000000000001,0,9.56924745930914,0.14285714285714285,-0.8599330430839217,0.0,1.0,-0.4684031348399982,0.8835148574144425,40.0,174.16570043760476
evt_inv_002462_0,cust_b2b_000,inv_002462,2026-04-25T00:25:34.585568+00:00,4380654,ESCALATE_COLLECTIONS,0.05,1,9.881003522988077,0.36633663366336633,-0.2654950005122896,0.0,1.0,-0.4683763646767558,0.8835290493312524,44.0,184.66589836100272
evt_inv_004409_1,cust_b2b_010,inv_004409,2026-04-25T00:29:39.136779+00:00,3281762,OFFER_PAYMENT_PLAN,0.8500000000000001,1,18.557812088671863,0.15,0.3116625367521504,1.0,1.0,-0.4682017675831968,0.8836215846344917,43.0,184.69412883669125
evt_inv_001046_0,cust_b2b_028,inv_001046,2026-04-25T00:59:03.900437+00:00,4144764,SEND_REMINDER,0.8500000000000001,0,1.402374758423957,0.35545023696682465,-0.4851193661009175,0.0,1.0,-0.4669412747614437,0.8842883273707496,41.0,174.83882780038994
evt_inv_006413_0,cust_b2b_013,inv_006413,2026-04-25T01:09:10.581492+00:00,2904285,SEND_REMINDER,0.8500000000000001,0,2.4259832411607962,0.20085470085470086,0.5074526300255107,0.0,1.0,-0.4665077298130052,0.8845171213858531,38.0,188.74536252526568
evt_inv_002618_0,cust_b2b_027,inv_002618,2026-04-25T01:17:57.912206+00:00,2137890,SEND_REMINDER,0.8500000000000001,0,4.999435178342631,0.17757009345794392,-0.5784971605164155,0.0,1.0,-0.46613079893942927,0.8847158178082324,31.0,178.1359205276609
evt_inv_000492_0,cust_b2b_018,inv_000492,2026-04-25T01:25:10.601542+00:00,2280875,SEND_REMINDER,0.8500000000000001,0,4.204444409362267,0.6480446927374302,0.3015217483855593,0.0,1.0,-0.4658214535916671,0.8848787337108663,26.0,178.48447219885256
evt_inv_004899_0,cust_b2b_008,inv_004899,2026-04-25T01:44:54.077002+00:00,7688922,SEND_REMINDER,0.8500000000000001,0,1.3375383255983166,0.24875621890547264,-0.11804921137611626,0.0,1.0,-0.4649750531822507,0.8853237825327879,38.0,177.24157910719703
evt_inv_002194_0,cust_b2b_038,inv_002194,2026-04-25T02:30:07.459914+00:00,5453654,SEND_REMINDER,0.8500000000000001,0,6.359538649287727,0.2923076923076923,0.6614037327784242,0.0,1.0,-0.4630328866896381,0.8863411001662175,33.0,188.106284089985
evt_inv_001317_1,cust_b2b_002,inv_001317,2026-04-25T03:05:16.379104+00:00,5853883,OFFER_PAYMENT_PLAN,0.8500000000000001,0,18.273570161261805,0.14356435643564355,1.349349361200659,1.0,1.0,-0.46152184134246543,0.8871288463148181,33.0,187.70425650691345
evt_inv_002068_0,cust_b2b_030,inv_002068,2026-04-25T03:53:28.886508+00:00,1922172,SEND_REMINDER,0.8500000000000001,0,1.7056090012750467,0.31277533039647576,-0.4751021878598807,0.0,1.0,-0.45944717455661005,0.8882050966932964,51.0,193.0089089581991
evt_inv_004287_1,cust_b2b_021,inv_004287,2026-04-25T04:08:44.396479+00:00,11575221,OFFER_PAYMENT_PLAN,0.8500000000000001,0,16.321178909707044,0.32432432432432434,0.6575069590202546,1.0,1.0,-0.45878999657954955,0.8885447310285155,44.0,187.1782709089085
evt_inv_002686_0,cust_b2b_035,inv_002686,2026-04-25T04:29:12.514353+00:00,3911961,SEND_REMINDER,0.8500000000000001,1,3.5264889613611987,0.3561643835616438,-0.6513560776855017,0.0,1.0,-0.45790802591060653,0.8889995724445829,35.0,191.997975863742
evt_inv_008125_0,cust_b2b_024,inv_008125,2026-04-25T04:50:45.762320+00:00,3552714,SEND_REMINDER,0.8500000000000001,0,7.575058893264206,0.13839285714285715,-0.5468933568021539,0.0,1.0,-0.4569787947664122,0.889477588887903,36.0,183.41987260079267
evt_inv_003977_0,cust_b2b_007,inv_003977,2026-04-25T04:55:15.542017+00:00,4514796,SEND_REMINDER,0.8500000000000001,0,1.584101534014486,0.30275229357798167,0.13617212612164578,0.0,1.0,-0.456784888339175,0.8895771837142449,36.0,192.00635069163158
evt_inv_002244_1,cust_b2b_006,inv_002244,2026-04-25T04:55:49.531154+00:00,5284835,OFFER_PAYMENT_PLAN,0.8500000000000001,0,22.42240412126835,0.32547169811320753,-0.12033865231709223,1.0,1.0,-0.4567604568214115,0.8895897285177564,35.0,188.33391044553795
evt_inv_007096_0,cust_b2b_019,inv_007096,2026-04-25T05:07:47.151846+00:00,3498779,WRITE_OFF,0.05,0,6.5553653480556715,0.35909090909090907,0.06769245424219067,0.0,1.0,-0.4562445480038661,0.8898544332736382,49.0,187.1519729792957
evt_inv_001884_0,cust_b2b_001,inv_001884,2026-04-25T05:13:19.684240+00:00,5392187,SEND_REMINDER,0.8500000000000001,0,4.186751146273689,0.05641025641025641,-0.5501823504835521,0.0,1.0,-0.45600543320634185,0.8899769912117371,37.0,178.10171399967763
evt_inv_002544_0,cust_b2b_031,inv_002544,2026-04-25T05:23:31.843916+00:00,14444329,SEND_REMINDER,0.8500000000000001,0,6.633034069899529,0.30456852791878175,0.12211191731004395,0.0,1.0,-0.45556516013129716,0.8902024403890081,37.0,186.56331617491165
evt_inv_006040_0,cust_b2b_037,inv_006040,2026-04-25T05:56:19.119775+00:00,2388591,SEND_REMINDER,0.8500000000000001,0,7.0535008160196835,0.28708133971291866,-0.438711243466026,0.0,1.0,-0.4541495160188398,0.8909254834720206,30.0,185.46111263452204
evt_inv_000802_0,cust_b2b_011,inv_000802,2026-04-25T06:00:38.404724+00:00,1871112,SEND_REMINDER,0.8500000000000001,0,8.038141454831443,0.38461538461538464,0.3611420861421196,0.0,1.0,-0.4539628499019702,0.8910206119438996,35.0,188.04741274292655
evt_inv_007834_1,cust_b2b_001,inv_007834,2026-04-25T06:03:45.306546+00:00,7175674,OFFER_PAYMENT_PLAN,0.8500000000000001,0,24.411473520653704,0.05612244897959184,0.09472735287961648,1.0,1.0,-0.45382828196078345,0.891089159676249,37.0,178.1367327763635
evt_inv_005968_0,cust_b2b_022,inv_005968,2026-04-25T06:21:26.152558+00:00,2299541,SEND_REMINDER,0.8500000000000001,1,5.364030126735862,0.19170984455958548,0.5511342279729601,0.0,1.0,-0.45306428459757137,0.8914778483070069,43.0,181.81486026338962
evt_inv_006137_0,cust_b2b_039,inv_006137,2026-04-25T06:24:08.233012+00:00,10936186,SEND_REMINDER,0.8500000000000001,0,4.904771537982129,0.43352601156069365,0.012951692179043883,0.0,1.0,-0.4529475285813019,0.8915371760908744,28.0,178.1625600681674
evt_inv_006025_1,cust_b2b_003,inv_006025,2026-04-25T06:25:14.460211+00:00,5046044,OFFER_PAYMENT_PLAN,0.8500000000000001,1,21.38382768527351,0.16818181818181818,0.1328163681584731,1.0,1.0,-0.4528998190266272,0.8915614134346822,33.0,180.19584508611328
evt_inv_000075_0,cust_b2b_012,inv_000075,2026-04-25T06:34:40.281931+00:00,4411565,SEND_REMINDER,0.8500000000000001,0,4.634039121141079,0.4719626168224299,0.37373646401349153,0.0,1.0,-0.4524921526348864,0.8917683846178035,40.0,188.2284272170723
evt_inv_007756_0,cust_b2b_009,inv_007756,2026-04-25T06:50:25.718788+00:00,6234485,SEND_REMINDER,0.8500000000000001,0,6.808954077836984,0.168141592920354,0.15703419814342648,0.0,1.0,-0.4518107679957029,0.8921137987516689,40.0,183.18547784110783
evt_inv_001936_0,cust_b2b_005,inv_001936,2026-04-25T07:06:21.503673+00:00,4836412,SEND_REMINDER,0.8500000000000001,0,1.5631388531921615,0.24878048780487805,-0.9445808283698661,0.0,1.0,-0.451121657423607,0.8924624643106162,23.0,185.63583993001694
evt_inv_008212_0,cust_b2b_011,inv_008212,2026-04-25T07:32:30.143523+00:00,2012441,SEND_REMINDER,0.8500000000000001,0,6.655962463835262,0.3826530612244898,0.5772503797266588,0.0,1.0,-0.4499901020645574,0.8930335425077432,35.0,188.11120601606024
evt_inv_001396_1,cust_b2b_025,inv_001396,2026-04-25T07:33:24.577979+00:00,14121316,OFFER_PAYMENT_PLAN,0.8500000000000001,1,21.071090696906378,0.21875,0.9810966476623614,1.0,1.0,-0.44995082219029015,0.8930533341353595,34.0,186.43337549309967
evt_inv_008447_0,cust_b2b_033,inv_008447,2026-04-25T07:37:57.110248+00:00,6047118,SEND_REMINDER,0.8500000000000001,1,5.2753403486239705,0.14218009478672985,0.9666038881702685,0.0,1.0,-0.4497541499641919,0.8931523971808994,41.0,174.46639514650101
evt_inv_007983_0,cust_b2b_035,inv_007983,2026-04-25T08:00:22.814664+00:00,6533953,SEND_REMINDER,0.8500000000000001,1,2.552377596749581,0.35909090909090907,0.5876977251150594,0.0,1.0,-0.44878270621299277,0.8936409136807371,36.0,192.14462285809046
evt_inv_002490_0,cust_b2b_003,inv_002490,2026-04-25T08:08:35.436727+00:00,3937535,SEND_REMINDER,0.8500000000000001,0,9.368944288698769,0.17194570135746606,-0.44555733352589183,0.0,1.0,-0.44842695702889085,0.8938194807732763,34.0,180.26761564764615
evt_inv_005613_0,cust_b2b_020,inv_005613,2026-04-25T08:18:47.382055+00:00,4387783,OFFER_PAYMENT_PLAN,0.05,0,7.460603491082745,0.35944700460829493,-0.454097316973511,0.0,1.0,-0.4479849390820987,0.8940411032808325,34.0,176.538805546204
evt_inv_000971_1,cust_b2b_004,inv_000971,2026-04-25T08:48:24.231799+00:00,3173411,OFFER_PAYMENT_PLAN,0.8500000000000001,1,23.445744987574052,0.17050691244239632,0.02885028453513895,1.0,1.0,-0.4467008715989219,0.8946833693060151,42.0,189.67625132872703
evt_inv_008285_1,cust_b2b_030,inv_008285,2026-04-25T08:51:10.818397+00:00,3282021,OFFER_PAYMENT_PLAN,0.8500000000000001,0,16.885241666973812,0.31140350877192985,0.9574205414682827,1.0,1.0,-0.4465804380092986,0.8947434897150262,51.0,193.21564428098816
evt_inv_002034_0,cust_b2b_026,inv_002034,2026-04-25T08:52:39.952041+00:00,4306711,SEND_REMINDER,0.8500000000000001,0,6.726657873480486,0.29411764705882354,-0.24280461264255665,0.0,1.0,-0.4465159956200126,0.8947756510184376,34.0,177.5064588225198
evt_inv_008596_1,cust_b2b_020,inv_008596,2026-04-25T09:07:42.502218+00:00,4863573,OFFER_PAYMENT_PLAN,0.8500000000000001,0,24.50090258797768,0.3577981651376147,-0.23224925068089644,1.0,1.0,-0.44586333394691763,0.8951010487323425,35.0,176.57277684438304
evt_inv_004676_1,cust_b2b_015,inv_004676,2026-04-25T09:13:57.563853+00:00,8218448,OFFER_PAYMENT_PLAN,0.8500000000000001,0,20.694302767061668,0.15714285714285714,-0.3645278358610867,1.0,1.0,-0.4455920456260002,0.8952361302331562,32.0,186.51169513929597
evt_inv_007204_0,cust_b2b_017,inv_007204,2026-04-25T09:27:22.658563+00:00,6967146,SEND_REMINDER,0.8500000000000001,0,5.8615269346147905,0.2930232558139535,0.16962070782435842,0.0,1.0,-0.4450095690495429,0.895525813951971,33.0,189.90927482066297
evt_inv_000657_0,cust_b2b_032,inv_000657,2026-04-25T09:28:16.556417+00:00,5230078,SEND_REMINDER,0.8500000000000001,0,5.302838735841665,0.10714285714285714,-0.5089285799044344,0.0,1.0,-0.44497056785569167,0.8955451935788519,53.0,193.32957249876048
evt_inv_006354_0,cust_b2b_020,inv_006354,2026-04-25T09:31:39.300384+00:00,5499070,ESCALATE_COLLECTIONS,0.05,0,5.947827040541124,0.3561643835616438,0.06406524901477127,0.0,1.0,-0.444823852106486,0.8956180774175715,36.0,176.58940645278395
evt_inv_003086_0,cust_b2b_005,inv_003086,2026-04-25T09:52:45.665685+00:00,9293666,SEND_REMINDER,0.8500000000000001,0,2.239145157381804,0.24757281553398058,0.4888986763538629,0.0,1.0,-0.44390717636730914,0.8960727753757519,24.0,185.75139736070795
evt_inv_004145_0,cust_b2b_015,inv_004145,2026-04-25T10:14:26.798014+00:00,7321312,SEND_REMINDER,0.8500000000000001,0,6.4803069964241535,0.15639810426540285,-0.5976386363413889,0.0,1.0,-0.4429648499452902,0.8965389794721401,33.0,186.5537001643049
evt_inv_004696_1,cust_b2b_017,inv_004696,2026-04-25T10:14:56.001062+00:00,5054368,OFFER_PAYMENT_PLAN,0.8500000000000001,1,17.958916370699626,0.2916666666666667,-0.5633036718727554,1.0,1.0,-0.4429436944346026,0.8965494317440759,34.0,189.94229961811251
evt_inv_003113_0,cust_b2b_012,inv_003113,2026-04-25T10:28:27.194132+00:00,2971346,SEND_REMINDER,0.8500000000000001,0,9.036126202358622,0.4697674418604651,-0.564436539634036,0.0,1.0,-0.4423559447959991,0.896839572110664,41.0,188.3907757379238
evt_inv_006899_0,cust_b2b_013,inv_006899,2026-04-25T10:45:30.579843+00:00,2239472,OFFER_PAYMENT_PLAN,0.05,0,4.415939664687074,0.2,-0.18097571593152073,0.0,1.0,-0.4416141799679969,0.8972050579723644,38.0,189.1455939876563
evt_inv_002537_0,cust_b2b_016,inv_002537,2026-04-25T10:58:05.710266+00:00,11245844,SEND_REMINDER,0.8500000000000001,0,7.9671690499310435,0.24034334763948498,0.3291089383404697,0.0,1.0,-0.441066656824207,0.8974743473982514,34.0,181.14527570839627
evt_inv_007592_0,cust_b2b_029,inv_007592,2026-04-25T11:04:08.795839+00:00,4746878,OFFER_PAYMENT_PLAN,0.05,0,6.681284969607514,0.225,-0.3801571077530753,0.0,1.0,-0.44080333554609424,0.8976037095352478,39.0,189.5263182512036
evt_inv_001494_1,cust_b2b_004,inv_001494,2026-04-25T11:27:25.838775+00:00,4107377,ESCALATE_COLLECTIONS,0.05,0,21.286160985720993,0.1743119266055046,0.7731157559299592,1.0,1.0,-0.43978980164827153,0.8981007350883162,43.0,189.7866865946552
evt_inv_003966_0,cust_b2b_010,inv_003966,2026-04-25T11:35:45.764360+00:00,2891654,SEND_REMINDER,0.8500000000000001,0,2.3615115362957573,0.15422885572139303,-0.02256435766808332,0.0,1.0,-0.4394269768423656,0.8982783154586217,42.0,185.1567055448079
evt_inv_004458_1,cust_b2b_021,inv_004458,2026-04-25T11:58:38.582795+00:00,6346956,OFFER_PAYMENT_PLAN,0.8500000000000001,0,21.483137595479214,0.32286995515695066,-0.7686674335888747,1.0,1.0,-0.4384302747665468,0.898765205250031,45.0,187.50459250979384
evt_inv_007830_0,cust_b2b_035,inv_007830,2026-04-25T12:20:38.416266+00:00,5555087,SEND_REMINDER,0.8500000000000001,0,8.271491285632376,0.36199095022624433,0.12512296950230783,0.0,1.0,-0.43747153249764753,0.8992322604612002,36.0,192.32535898773708
evt_inv_003062_1,cust_b2b_031,inv_003062,2026-04-25T12:26:53.726137+00:00,16732590,OFFER_PAYMENT_PLAN,0.8500000000000001,0,20.16552321379006,0.30303030303030304,0.5375051478152112,1.0,1.0,-0.43719881216885137,0.8993648862603796,38.0,186.85731944135662
evt_inv_006091_1,cust_b2b_015,inv_006091,2026-04-25T12:39:30.455175+00:00,7674159,OFFER_PAYMENT_PLAN,0.8500000000000001,0,20.534307838300435,0.15566037735849056,-0.5059551073565381,1.0,1.0,-0.43664880993166694,0.8996320452191879,34.0,186.6544369369989
evt_inv_008678_1,cust_b2b_019,inv_008678,2026-04-25T12:53:54.342634+00:00,2919887,OFFER_PAYMENT_PLAN,0.8500000000000001,1,19.727790928403984,0.3574660633484163,-0.35714651218214716,1.0,1.0,-0.4360207237599802,0.8999366246863293,48.0,187.47566731712345
evt_inv_002367_0,cust_b2b_036,inv_002367,2026-04-25T12:58:18.928805+00:00,3398894,SEND_REMINDER,0.8500000000000001,1,8.502730935130362,0.2775330396475771,-0.2282594683969358,0.0,1.0,-0.43582831485268253,0.9000298217129648,36.0,189.99435619687839
evt_inv_004903_0,cust_b2b_006,inv_004903,2026-04-25T13:12:37.199948+00:00,6143439,SEND_REMINDER,0.8500000000000001,0,5.711369402355848,0.323943661971831,0.2662745099047719,0.0,1.0,-0.43520403702867794,0.9003318533484979,33.0,188.67890661213463
evt_inv_001887_0,cust_b2b_002,inv_001887,2026-04-25T13:14:15.325863+00:00,4193284,SEND_REMINDER,0.8500000000000001,0,9.149209305476015,0.14285714285714285,0.25738632687382074,0.0,1.0,-0.43513265016926855,0.9003663569662457,33.0,188.12716098328897
evt_inv_007433_0,cust_b2b_030,inv_007433,2026-04-25T13:37:22.224073+00:00,2812449,ESCALATE_COLLECTIONS,0.05,0,2.5508392629592054,0.31004366812227074,0.4627529628679694,0.0,1.0,-0.434123385754861,0.9008534208963943,50.0,193.4143874022399
evt_inv_008233_0,cust_b2b_011,inv_008233,2026-04-25T13:39:14.111218+00:00,1032057,WRITE_OFF,0.05,0,2.295666399257239,0.38071065989847713,-0.9218686922679902,0.0,1.0,-0.43404194019696984,0.900892665166084,36.0,188.3658815680908
evt_inv_008107_0,cust_b2b_007,inv_008107,2026-04-25T13:44:07.609127+00:00,3465482,SEND_REMINDER,0.8500000000000001,0,8.312230460944866,0.3013698630136986,-0.476518192561233,0.0,1.0,-0.43382827859326906,0.9009955741804734,37.0,192.37361998688166
evt_inv_001216_0,cust_b2b_005,inv_001216,2026-04-25T13:47:20.318207+00:00,8783360,SEND_REMINDER,0.8500000000000001,0,6.202609459767775,0.2463768115942029,0.3247812400940759,0.0,1.0,-0.4336879763118606,0.9010631161037073,25.0,185.9142984315704
evt_inv_007330_1,cust_b2b_015,inv_007330,2026-04-25T13:51:51.498334+00:00,8863328,OFFER_PAYMENT_PLAN,0.8500000000000001,0,23.686145066478943,0.15492957746478872,-0.1969627981185197,1.0,1.0,-0.4334905251991527,0.901158124061789,35.0,186.70468049208503
evt_inv_001013_0,cust_b2b_007,inv_001013,2026-04-25T13:57:55.086052+00:00,4269718,SEND_REMINDER,0.8500000000000001,0,9.252670039128235,0.3,-0.0069277109919808535,0.0,1.0,-0.4332257578033676,0.90128543912331,38.0,192.38319726611542
evt_inv_001084_0,cust_b2b_036,inv_001084,2026-04-25T14:24:40.579801+00:00,3808641,SEND_REMINDER,0.8500000000000001,0,8.701652907357722,0.2807017543859649,0.04560594046581762,0.0,1.0,-0.4320561780183091,0.9018466937546599,37.0,190.05432900932496
evt_inv_003672_1,cust_b2b_019,inv_003672,2026-04-25T14:25:32.543378+00:00,3349588,OFFER_PAYMENT_PLAN,0.8500000000000001,0,18.620675272160813,0.36036036036036034,-0.041796258722892575,1.0,1.0,-0.43201831111904904,0.9018648340288274,49.0,187.53930389980664
evt_inv_006083_0,cust_b2b_027,inv_006083,2026-04-25T14:25:40.240369+00:00,3744711,SEND_REMINDER,0.8500000000000001,0,8.361458288934909,0.17674418604651163,0.8656882098642608,0.0,1.0,-0.4320127021027492,0.9018675208820203,31.0,178.68293821473705
evt_inv_005793_0,cust_b2b_006,inv_005793,2026-04-25T14:55:36.136040+00:00,5987963,SEND_REMINDER,0.8500000000000001,0,6.3716242913584065,0.32242990654205606,0.19626644395190776,0.0,1.0,-0.430703525511711,0.9024934753846052,34.0,188.75042207617219
evt_inv_003632_0,cust_b2b_014,inv_003632,2026-04-25T15:11:03.701490+00:00,9844766,SEND_REMINDER,0.8500000000000001,0,7.05072439923105,0.24444444444444444,-0.17801695901723866,0.0,1.0,-0.4300269911280059,0.9028160315930338,23.0,191.8715843106792
evt_inv_006811_0,cust_b2b_000,inv_006811,2026-04-25T15:21:47.947463+00:00,4121257,SEND_REMINDER,0.8500000000000001,1,9.667463153990388,0.3694581280788177,-0.3978091634298635,0.0,1.0,-0.4295569580614993,0.9030397664449509,41.0,185.2882752347874
evt_inv_007161_1,cust_b2b_028,inv_007161,2026-04-25T15:32:34.669272+00:00,5703528,OFFER_PAYMENT_PLAN,0.8500000000000001,0,16.386968286843864,0.35377358490566035,0.272637625497826,1.0,1.0,-0.4290850015826557,0.9032641149834374,37.0,175.4454339211694
evt_inv_001971_1,cust_b2b_001,inv_001971,2026-04-25T15:37:27.476872+00:00,7930293,OFFER_PAYMENT_PLAN,0.8500000000000001,0,18.95520607500358,0.05583756345177665,0.3675981726166318,1.0,1.0,-0.4288712816060286,0.9033656091603236,38.0,178.5351375255001
evt_inv_005301_1,cust_b2b_015,inv_005301,2026-04-25T15:40:58.666690+00:00,9039136,OFFER_PAYMENT_PLAN,0.8500000000000001,0,21.72622875878498,0.1542056074766355,-0.151281130683401,1.0,1.0,-0.42871711946407337,0.9034387812566093,36.0,186.7804579036109
evt_inv_007276_0,cust_b2b_018,inv_007276,2026-04-25T16:13:54.041745+00:00,1256362,SEND_REMINDER,0.8500000000000001,0,6.368293876471482,0.6444444444444445,-0.9568533302435578,0.0,1.0,-0.427274551875692,0.9041219261357544,26.0,179.10164164564674
evt_inv_001267_0,cust_b2b_005,inv_001267,2026-04-25T16:19:34.237742+00:00,10785754,SEND_REMINDER,0.8500000000000001,1,4.789570925494546,0.24519230769230768,0.9687629906427999,0.0,1.0,-0.42702600516472394,0.9042393438205713,26.0,186.0200150928532
evt_inv_002749_1,cust_b2b_006,inv_002749,2026-04-25T16:26:54.118019+00:00,7299861,OFFER_PAYMENT_PLAN,0.8500000000000001,0,21.76618946813931,0.3209302325581395,0.7869894042892985,1.0,1.0,-0.4267045814293741,0.9043910659594016,35.0,188.81382464537202
evt_inv_008292_0,cust_b2b_035,inv_008292,2026-04-25T16:40:03.889894+00:00,5243948,OFFER_PAYMENT_PLAN,0.05,0,8.187690384430152,0.36036036036036034,-0.02190956006015231,0.0,1.0,-0.42612735409340646,0.9046631848889136,37.0,192.5055149325074
evt_inv_006879_0,cust_b2b_007,inv_006879,2026-04-25T17:10:03.066004+00:00,3542686,SEND_REMINDER,0.8500000000000001,0,9.879701349886933,0.2986425339366516,-0.43143909893602966,0.0,1.0,-0.4248117272421669,0.9052817221161193,39.0,192.51662295999935
evt_inv_002206_0,cust_b2b_017,inv_002206,2026-04-25T17:48:58.488010+00:00,6253724,SEND_REMINDER,0.8500000000000001,0,1.1857135985598606,0.29493087557603687,-0.10374315631880887,0.0,1.0,-0.42310263805720216,0.9060817610287916,35.0,190.25760618000808
evt_inv_002797_1,cust_b2b_018,inv_002797,2026-04-25T17:50:40.715942+00:00,1358940,OFFER_PAYMENT_PLAN,0.8500000000000001,1,20.201145170486058,0.6408839779005525,-0.8308595300920288,1.0,1.0,-0.42302779199558105,0.906116707273044,27.0,179.16884852292483
evt_inv_005449_0,cust_b2b_039,inv_005449,2026-04-25T18:23:17.259565+00:00,11829261,SEND_REMINDER,0.8500000000000001,1,5.581568979563102,0.43103448275862066,0.21816527562034763,0.0,1.0,-0.42159475517422507,0.9067843527595661,28.0,178.66197009771608
evt_inv_000819_0,cust_b2b_011,inv_000819,2026-04-25T18:35:05.747744+00:00,1434927,SEND_REMINDER,0.8500000000000001,0,4.219160362876597,0.3787878787878788,-0.30583373533914876,0.0,1.0,-0.42107557510607446,0.9070255564476056,36.0,188.57134032416857
evt_inv_008347_0,cust_b2b_013,inv_008347,2026-04-25T18:39:44.978852+00:00,3465083,SEND_REMINDER,0.8500000000000001,0,2.8623470361905357,0.19915254237288135,1.088172143087781,0.0,1.0,-0.4208709166556943,0.9071205385798492,38.0,189.47492730952604
evt_inv_006935_1,cust_b2b_013,inv_006935,2026-04-25T18:50:22.282381+00:00,2621267,OFFER_PAYMENT_PLAN,0.8500000000000001,0,22.333505484883453,0.19831223628691982,0.21438156993398935,1.0,1.0,-0.42040373390585617,0.9073371482078831,38.0,189.48230350777808
evt_inv_007614_1,cust_b2b_032,inv_007614,2026-04-25T18:55:15.278274+00:00,8166142,OFFER_PAYMENT_PLAN,0.8500000000000001,0,17.765570774430937,0.10676156583629894,0.6088201976233247,1.0,1.0,-0.42018891244989603,0.9074366522541248,53.0,193.7233077054331
evt_inv_008041_0,cust_b2b_007,inv_008041,2026-04-25T19:00:22.728109+00:00,3733419,SEND_REMINDER,0.8500000000000001,0,8.632958980126386,0.2972972972972973,-0.32007070596277354,0.0,1.0,-0.4199634681952545,0.9075410103027926,40.0,192.59323941954597
evt_inv_008832_1,cust_b2b_002,inv_008832,2026-04-25T19:00:59.721984+00:00,3276844,OFFER_PAYMENT_PLAN,0.8500000000000001,0,23.709465548419047,0.14215686274509803,-0.3452387483690037,1.0,1.0,-0.4199363398873171,0.907553563401105,34.0,188.36795260505747
evt_inv_006206_1,cust_b2b_033,inv_006206,2026-04-25T19:10:18.146959+00:00,3115799,OFFER_PAYMENT_PLAN,0.8500000000000001,0,20.301044946048293,0.14622641509433962,-0.7138196857135738,1.0,1.0,-0.4195267907300556,0.9077429547287823,39.0,174.9471941825084
evt_inv_000624_0,cust_b2b_026,inv_000624,2026-04-25T19:10:52.583577+00:00,3390387,SEND_REMINDER,0.8500000000000001,0,2.6400376566127775,0.2927927927927928,-0.7230604526689296,0.0,1.0,-0.4195015321007379,0.9077546279502703,33.0,177.93577168751176
evt_inv_003657_0,cust_b2b_025,inv_003657,2026-04-25T19:21:07.083275+00:00,8082517,SEND_REMINDER,0.8500000000000001,0,3.72260116742418,0.22178988326848248,-0.5075496579906221,0.0,1.0,-0.4190507532118626,0.9079628110405021,34.0,186.92483967476937
evt_inv_007011_1,cust_b2b_039,inv_007011,2026-04-25T19:32:43.670719+00:00,11516485,OFFER_PAYMENT_PLAN,0.8500000000000001,0,21.399943277790637,0.4342857142857143,0.14629467489343245,1.0,1.0,-0.41853963223872154,0.9081985334966556,29.0,178.71019244903883
evt_inv_007238_0,cust_b2b_009,inv_007238,2026-04-25T19:48:09.068995+00:00,5331184,SEND_REMINDER,0.8500000000000001,0,3.253119540245362,0.16740088105726872,-0.22793756789458497,0.0,1.0,-0.41786041628291365,0.9085112396133964,40.0,183.72556291295018
evt_inv_007835_0,cust_b2b_038,inv_007835,2026-04-25T19:55:07.941010+00:00,4784944,SEND_REMINDER,0.8500000000000001,0,6.442771528615134,0.29081632653061223,0.2737622311375169,0.0,1.0,-0.4175528993318592,0.9086526158326725,34.0,188.83198410266903
evt_inv_003921_0,cust_b2b_031,inv_003921,2026-04-25T19:57:17.981108+00:00,11953762,SEND_REMINDER,0.8500000000000001,0,7.923487888596668,0.3015075376884422,-0.33000631642052686,0.0,1.0,-0.4174574200220097,0.908696485339614,38.0,187.17010017018444
evt_inv_007385_0,cust_b2b_002,inv_007385,2026-04-25T20:27:52.437558+00:00,4799901,SEND_REMINDER,0.8500000000000001,0,6.159962010323194,0.14146341463414633,0.6562804656417346,0.0,1.0,-0.41611001687910115,0.9093142767233308,35.0,188.42828496123343
evt_inv_007182_0,cust_b2b_037,inv_007182,2026-04-25T20:35:24.963229+00:00,2535349,SEND_REMINDER,0.8500000000000001,0,1.399187857515948,0.2857142857142857,-0.3120624667745724,0.0,1.0,-0.4157774973394944,0.90946636700106,29.0,186.0715969337608
evt_inv_007170_0,cust_b2b_007,inv_007170,2026-04-25T20:39:32.304494+00:00,5126546,SEND_REMINDER,0.8500000000000001,1,1.5837854808019678,0.29596412556053814,0.4933709940481173,0.0,1.0,-0.4155957254698811,0.9095494450392255,41.0,192.66210025733736
evt_inv_002480_0,cust_b2b_002,inv_002480,2026-04-25T21:00:12.376697+00:00,4031797,OFFER_PAYMENT_PLAN,0.05,0,4.04030358115037,0.1407766990291262,0.15119667571795958,0.0,1.0,-0.4146841424278847,0.9099654180345811,36.0,188.45073796053794
evt_inv_003546_0,cust_b2b_026,inv_003546,2026-04-25T21:19:43.197734+00:00,3852137,SEND_REMINDER,0.8500000000000001,1,7.492477892787614,0.2914798206278027,-0.48105217200043565,0.0,1.0,-0.4138230841136062,0.9103573227336084,34.0,178.02524638840137
evt_inv_005156_0,cust_b2b_034,inv_005156,2026-04-25T21:24:05.196598+00:00,4921573,SEND_REMINDER,0.8500000000000001,1,8.082218383475196,0.48295454545454547,-0.13432568810566234,0.0,1.0,-0.41363035123452874,0.9104449091172955,31.0,175.81508110207574
evt_inv_002796_0,cust_b2b_021,inv_002796,2026-04-25T21:34:32.571512+00:00,12386334,WRITE_OFF,0.05,0,7.201764279139731,0.32142857142857145,0.8787636863877604,0.0,1.0,-0.4131687633231047,0.9106544750969252,43.0,187.90452293475718
evt_inv_006404_0,cust_b2b_032,inv_006404,2026-04-25T21:51:19.734229+00:00,5844634,SEND_REMINDER,0.8500000000000001,0,6.168344532338247,0.10638297872340426,-0.2749691378202351,0.0,1.0,-0.41242752646712366,0.9109904145556142,54.0,193.84558150121381
evt_inv_000278_0,cust_b2b_037,inv_000278,2026-04-25T22:10:43.322480+00:00,2313372,WRITE_OFF,0.05,0,2.8598051745232906,0.2843601895734597,-0.5036229922678973,0.0,1.0,-0.4115708257959765,0.9113777786152227,30.0,186.13778164731968
evt_inv_004538_1,cust_b2b_004,inv_004538,2026-04-25T22:20:07.332220+00:00,3785579,OFFER_PAYMENT_PLAN,0.8500000000000001,0,16.048726920156284,0.1735159817351598,0.5166790849215135,1.0,1.0,-0.41115543838688323,0.9115652502618175,41.0,190.23994462063737
evt_inv_006918_0,cust_b2b_025,inv_006918,2026-04-25T22:21:42.738458+00:00,9693255,SEND_REMINDER,0.8500000000000001,1,7.425540129021274,0.22093023255813954,-0.11048079520181932,0.0,1.0,-0.411085164221632,0.9115969436965407,35.0,187.05025235048902
evt_inv_006294_0,cust_b2b_022,inv_006294,2026-04-25T22:25:53.349095+00:00,1593768,SEND_REMINDER,0.8500000000000001,0,1.7236697131471672,0.1958762886597938,-0.38531655520317826,0.0,1.0,-0.41090055822513016,0.9116801693852271,39.0,182.48461948256872
evt_inv_004885_0,cust_b2b_012,inv_004885,2026-04-25T22:28:47.685629+00:00,4520681,SEND_REMINDER,0.8500000000000001,0,2.5419293388646853,0.4675925925925926,0.44481552654446704,0.0,1.0,-0.4107721276823202,0.9117380430361232,42.0,188.89101290802805
evt_inv_003142_0,cust_b2b_026,inv_003142,2026-04-25T22:41:04.057117+00:00,2942431,SEND_REMINDER,0.8500000000000001,0,5.674638388658743,0.29464285714285715,-0.957839292178049,0.0,1.0,-0.410229566350326,0.9119822930803116,35.0,178.08173781644905
evt_inv_001694_0,cust_b2b_036,inv_001694,2026-04-25T22:45:50.604333+00:00,3457045,SEND_REMINDER,0.8500000000000001,0,4.065941137781905,0.2794759825327511,-0.18939281509846229,0.0,1.0,-0.4100183979999481,0.9120772518276926,38.0,190.4023617006665
evt_inv_001923_0,cust_b2b_003,inv_001923,2026-04-25T22:51:47.913877+00:00,5673021,WRITE_OFF,0.05,0,6.778560552670451,0.17117117117117117,0.45994715531908076,0.0,1.0,-0.4097550512066605,0.9121955919706185,34.0,180.88095450355232
evt_inv_008082_0,cust_b2b_011,inv_008082,2026-04-25T23:10:28.320805+00:00,1601194,SEND_REMINDER,0.8500000000000001,1,2.514545655664554,0.3768844221105528,-0.05159359168942445,0.0,1.0,-0.4089290596481848,0.9125661752307344,37.0,188.76257380867855
evt_inv_008055_0,cust_b2b_015,inv_008055,2026-04-25T23:48:04.884262+00:00,9996643,SEND_REMINDER,0.8500000000000001,0,3.5083025294172714,0.15348837209302327,0.09751633568161719,0.0,1.0,-0.40726444895354424,0.9133102805829824,37.0,187.118724310698
evt_inv_002903_0,cust_b2b_034,inv_002903,2026-04-25T23:50:06.970848+00:00,6632905,SEND_REMINDER,0.8500000000000001,1,2.5537365607306928,0.4858757062146893,0.6882682523719781,0.0,1.0,-0.40717435005899516,0.9133504522657416,32.0,175.91649052626133
evt_inv_000362_0,cust_b2b_038,inv_000362,2026-04-26T00:06:31.874214+00:00,4883145,SEND_REMINDER,0.8500000000000001,0,3.8711217300700116,0.2893401015228426,0.3306877328192687,0.0,1.0,-0.4064473546416472,0.9136742022760668,34.0,189.0065666629041
evt_inv_000965_0,cust_b2b_007,inv_000965,2026-04-26T00:08:30.348922+00:00,4383796,OFFER_PAYMENT_PLAN,0.05,0,5.310248352683352,0.29910714285714285,0.05968204467692271,0.0,1.0,-0.40635988650556754,0.9137131074025272,42.0,192.8072165122883
evt_inv_003770_0,cust_b2b_025,inv_003770,2026-04-26T00:39:32.905773+00:00,10440817,SEND_REMINDER,0.8500000000000001,0,6.443538652196398,0.22393822393822393,0.07380338652671177,0.0,1.0,-0.4049842991915643,0.9143236393139562,35.0,187.14597187960192
evt_inv_007154_0,cust_b2b_004,inv_007154,2026-04-26T00:56:00.956904+00:00,3136777,SEND_REMINDER,0.8500000000000001,0,5.952491499287247,0.17272727272727273,-0.00034333108899970506,0.0,1.0,-0.4042542036105527,0.9146466743301469,42.0,190.34820416558532
evt_inv_004127_1,cust_b2b_036,inv_004127,2026-04-26T01:03:32.576018+00:00,3059829,OFFER_PAYMENT_PLAN,0.8500000000000001,0,16.37751028840842,0.2782608695652174,-0.4548823971701495,1.0,1.0,-0.4039204051703956,0.9147941332819005,39.0,190.4979863729546
evt_inv_004033_0,cust_b2b_034,inv_004033,2026-04-26T01:07:24.884048+00:00,4281259,SEND_REMINDER,0.8500000000000001,0,1.7293526504521537,0.4887640449438202,-0.4421081642465388,0.0,1.0,-0.40374868187910756,0.9148699371390904,32.0,175.97017007719174
evt_inv_004436_1,cust_b2b_029,inv_004436,2026-04-26T01:16:46.126576+00:00,5696312,OFFER_PAYMENT_PLAN,0.8500000000000001,0,17.833866513481908,0.22388059701492538,0.04383766068491229,1.0,1.0,-0.4033337498239443,0.9150529417760241,38.0,190.1184169865859
evt_inv_008035_1,cust_b2b_029,inv_008035,2026-04-26T01:17:08.871840+00:00,4387080,OFFER_PAYMENT_PLAN,0.8500000000000001,0,19.35316172086801,0.22277227722772278,-0.540834490055192,1.0,1.0,-0.4033169322798818,0.9150603543681396,39.0,190.1186802419534
evt_inv_007512_1,cust_b2b_002,inv_007512,2026-04-26T01:18:09.012084+00:00,2508625,ESCALATE_COLLECTIONS,0.05,0,18.043044411180613,0.14009661835748793,-0.8503983258274711,1.0,1.0,-0.40327246473105405,0.9150799523482857,36.0,188.62986568491328
evt_inv_001634_0,cust_b2b_033,inv_001634,2026-04-26T01:43:21.912408+00:00,3895822,OFFER_PAYMENT_PLAN,0.05,0,4.074443337352113,0.14553990610328638,-0.2666594098947399,0.0,1.0,-0.4021535169126437,0.915572252110554,39.0,175.22015443075864
evt_inv_000781_0,cust_b2b_010,inv_000781,2026-04-26T01:47:30.737733+00:00,2734027,SEND_REMINDER,0.8500000000000001,0,3.0437837574706803,0.15346534653465346,-0.15761129946769306,0.0,1.0,-0.40196942700036337,0.9156530891975407,39.0,185.74819829217404
evt_inv_001729_0,cust_b2b_005,inv_001729,2026-04-26T01:57:39.112366+00:00,8466063,SEND_REMINDER,0.8500000000000001,0,4.820677580752061,0.24880382775119617,0.2227366713995776,0.0,1.0,-0.4015192611774969,0.9158505789174766,26.0,186.42146040099615
evt_inv_002673_0,cust_b2b_007,inv_002673,2026-04-26T02:20:15.229005+00:00,4260872,OFFER_PAYMENT_PLAN,0.05,0,5.745096534788024,0.29777777777777775,-0.012092738734801009,0.0,1.0,-0.40051545583388887,0.916290003022063,43.0,192.89870817991616
evt_inv_002264_1,cust_b2b_025,inv_002264,2026-04-26T02:24:18.082737+00:00,7935752,OFFER_PAYMENT_PLAN,0.8500000000000001,0,21.540849111747846,0.2230769230769231,-0.5437290293144567,1.0,1.0,-0.40033564329629956,0.9163685790698729,36.0,187.2187169833568
evt_inv_000535_1,cust_b2b_017,inv_000535,2026-04-26T02:32:07.508193+00:00,7491791,OFFER_PAYMENT_PLAN,0.8500000000000001,0,21.478880499888152,0.29357798165137616,0.3706504575462042,1.0,1.0,-0.39998802997339855,0.9165203630460153,35.0,190.62090502471244
evt_inv_007962_1,cust_b2b_000,inv_007962,2026-04-26T02:37:30.289698+00:00,5463698,WRITE_OFF,0.05,0,19.676157053829332,0.37254901960784315,0.28694958377920954,1.0,1.0,-0.3997489742813403,0.916624654676611,42.0,185.75751530694856
evt_inv_007341_1,cust_b2b_009,inv_007341,2026-04-26T02:44:21.723614+00:00,5124217,OFFER_PAYMENT_PLAN,0.8500000000000001,0,19.19705147752866,0.16666666666666666,-0.31614373832555764,1.0,1.0,-0.3994442221765857,0.9167574997619286,41.0,184.01459826733523
evt_inv_003938_1,cust_b2b_029,inv_003938,2026-04-26T03:00:50.475363+00:00,5808055,OFFER_PAYMENT_PLAN,0.8500000000000001,0,24.733825477002767,0.22167487684729065,0.09373905975697329,1.0,1.0,-0.39871166607444425,0.917076336700572,39.0,190.19068954199147
evt_inv_002564_0,cust_b2b_027,inv_002564,2026-04-26T03:10:11.065734+00:00,3774627,SEND_REMINDER,0.8500000000000001,0,6.513718688415829,0.17592592592592593,0.892576634627384,0.0,1.0,-0.39829621729756354,0.91725684695534,31.0,179.21385054534687
evt_inv_001182_0,cust_b2b_000,inv_001182,2026-04-26T03:10:23.773551+00:00,6206583,SEND_REMINDER,0.8500000000000001,0,1.7180377783232221,0.37073170731707317,0.6658839295488049,0.0,1.0,-0.39828679869460654,0.9172609366944621,42.0,185.78035655524363
evt_inv_003144_0,cust_b2b_014,inv_003144,2026-04-26T03:38:57.927612+00:00,9814993,WRITE_OFF,0.05,1,6.07953180389859,0.2430939226519337,-0.18503924190009227,0.0,1.0,-0.3970159413449777,0.9178117139794857,24.0,192.39096192783373
evt_inv_008448_0,cust_b2b_010,inv_008448,2026-04-26T03:42:31.556745+00:00,3249745,SEND_REMINDER,0.8500000000000001,0,2.543415454158421,0.15270935960591134,0.2842321743035429,0.0,1.0,-0.3968575053331306,0.9178802320895489,39.0,185.828068882594
evt_inv_003525_0,cust_b2b_006,inv_003525,2026-04-26T04:04:01.454064+00:00,6244278,SEND_REMINDER,0.8500000000000001,0,7.434599766069203,0.3194444444444444,0.3116800279906565,0.0,1.0,-0.3959006141821148,0.9182933647207869,35.0,189.29793733107533
evt_inv_000834_0,cust_b2b_022,inv_000834,2026-04-26T04:08:42.753296+00:00,1536642,SEND_REMINDER,0.8500000000000001,0,5.2926237758953745,0.19487179487179487,-0.46111431434128336,0.0,1.0,-0.3956918793704203,0.918383327701622,37.0,182.72269129045435
evt_inv_003398_0,cust_b2b_025,inv_003398,2026-04-26T04:17:53.046918+00:00,10869072,SEND_REMINDER,0.8500000000000001,0,4.504835381435573,0.2222222222222222,0.17937424584549477,0.0,1.0,-0.39528348130954355,0.9185591812201366,37.0,187.2975938835971
evt_inv_008276_1,cust_b2b_010,inv_008276,2026-04-26T04:22:05.144572+00:00,2753387,OFFER_PAYMENT_PLAN,0.8500000000000001,0,19.65266124375324,0.15196078431372548,-0.14102449878491005,1.0,1.0,-0.3950963620050583,0.9186396816654329,40.0,185.85554096392823
evt_inv_005946_1,cust_b2b_022,inv_005946,2026-04-26T04:33:15.805117+00:00,1845623,OFFER_PAYMENT_PLAN,0.8500000000000001,1,17.06155730859827,0.19387755102040816,-0.05114369655449697,1.0,1.0,-0.3945984848933738,0.9188536530481085,38.0,182.73974050134493
evt_inv_002753_1,cust_b2b_008,inv_002753,2026-04-26T04:53:22.578884+00:00,12672399,OFFER_PAYMENT_PLAN,0.8500000000000001,1,16.393500781114923,0.24752475247524752,1.4257820959341898,1.0,1.0,-0.3937023225800875,0.9192379894211535,35.0,178.37246454564834
evt_inv_000220_0,cust_b2b_014,inv_000220,2026-04-26T05:08:04.024381+00:00,11692029,SEND_REMINDER,0.8500000000000001,0,4.682466958474046,0.24725274725274726,0.2576778191571405,0.0,1.0,-0.39304751568945684,0.9195181620883549,24.0,192.45283804783818
evt_inv_004402_1,cust_b2b_019,inv_004402,2026-04-26T05:18:29.996397+00:00,3257773,OFFER_PAYMENT_PLAN,0.8500000000000001,0,23.85808769160799,0.35874439461883406,-0.10917766042878703,1.0,1.0,-0.39258237345579966,0.9197168477590323,50.0,188.15941330974547
evt_inv_002134_1,cust_b2b_010,inv_002134,2026-04-26T05:19:01.355909+00:00,2339531,OFFER_PAYMENT_PLAN,0.8500000000000001,0,19.736647145077235,0.15121951219512195,-0.4955971863695929,1.0,1.0,-0.3925590684397224,0.9197267951874281,41.0,185.89508044699645
evt_inv_007407_0,cust_b2b_019,inv_007407,2026-04-26T05:44:29.242544+00:00,2763109,WRITE_OFF,0.05,0,9.346498398321364,0.35714285714285715,-0.4722028186701926,0.0,1.0,-0.391423304996863,0.9202107347262,51.0,188.17746014015106
evt_inv_006077_0,cust_b2b_026,inv_006077,2026-04-26T05:45:06.522689+00:00,5009961,ESCALATE_COLLECTIONS,0.05,1,8.358298560808809,0.29333333333333333,0.125776617171264,0.0,1.0,-0.39139558512067596,0.9202225252340022,36.0,178.37621079760757
evt_inv_005106_1,cust_b2b_012,inv_005106,2026-04-26T05:45:26.445000+00:00,4424701,OFFER_PAYMENT_PLAN,0.8500000000000001,1,23.470026319311813,0.46543778801843316,0.3822934622769445,1.0,1.0,-0.3913807716204331,0.9202288256764153,43.0,189.1942392896374
evt_inv_005870_1,cust_b2b_028,inv_005870,2026-04-26T05:46:10.479496+00:00,6075068,OFFER_PAYMENT_PLAN,0.8500000000000001,1,24.701037230698766,0.352112676056338,0.45325297164358397,1.0,1.0,-0.3913480288247545,0.9202427507646985,35.0,176.03820950246026
evt_inv_008199_0,cust_b2b_021,inv_008199,2026-04-26T05:57:57.472634+00:00,13200211,SEND_REMINDER,0.8500000000000001,1,5.766336270378057,0.32,1.1007744557726962,0.0,1.0,-0.3908222610701477,0.9204661646426865,42.0,188.25411669774476
evt_inv_003644_0,cust_b2b_031,inv_003644,2026-04-26T06:01:40.875117+00:00,12281269,SEND_REMINDER,0.8500000000000001,0,8.169505084092936,0.3,-0.2705532718944603,0.0,1.0,-0.3906560973977873,0.9205366986524386,39.0,187.58980959158816
evt_inv_003747_1,cust_b2b_039,inv_003747,2026-04-26T06:04:03.236975+00:00,10964210,OFFER_PAYMENT_PLAN,0.8500000000000001,1,22.62455882717337,0.4318181818181818,0.019391246175272756,1.0,1.0,-0.3905502039788471,0.9205816303685844,27.0,179.14861335478085
evt_inv_003502_1,cust_b2b_006,inv_003502,2026-04-26T06:10:22.855350+00:00,5483134,OFFER_PAYMENT_PLAN,0.8500000000000001,1,24.614488894489313,0.31797235023041476,-0.03104847116755566,1.0,1.0,-0.39026780612172896,0.9207013845460061,36.0,189.38568503114718
evt_inv_006098_0,cust_b2b_017,inv_006098,2026-04-26T06:23:10.510635+00:00,8187178,OFFER_PAYMENT_PLAN,0.05,0,2.2511953141100443,0.2922374429223744,0.6371036941758095,0.0,1.0,-0.38969663568726465,0.9209432838856187,36.0,190.78135644187182
evt_inv_005186_0,cust_b2b_038,inv_005186,2026-04-26T06:42:26.374186+00:00,5500475,SEND_REMINDER,0.8500000000000001,0,2.0266005422796383,0.2878787878787879,0.6885449467770675,0.0,1.0,-0.38883633787815114,0.9213068448380856,33.0,189.28150300517905
evt_inv_000760_0,cust_b2b_030,inv_000760,2026-04-26T06:58:51.237877+00:00,2348861,ESCALATE_COLLECTIONS,0.05,0,6.279376384296343,0.30869565217391304,-0.02561020209665576,0.0,1.0,-0.3881030459233059,0.9216159860511602,48.0,194.13763987682105
evt_inv_003738_0,cust_b2b_005,inv_003738,2026-04-26T07:01:13.570160+00:00,5984387,SEND_REMINDER,0.8500000000000001,0,5.318024773816138,0.24761904761904763,-0.5753854422953822,0.0,1.0,-0.38799705039406474,0.9216606148065054,27.0,186.63227588472446
evt_inv_008717_1,cust_b2b_022,inv_008717,2026-04-26T07:05:55.906252+00:00,1870728,OFFER_PAYMENT_PLAN,0.8500000000000001,0,19.13339400557554,0.19796954314720813,-0.017834123103472273,1.0,1.0,-0.38778677817667284,0.9217491061407957,39.0,182.84576019039915
evt_inv_000840_1,cust_b2b_020,inv_000840,2026-04-26T07:10:09.321725+00:00,5040388,OFFER_PAYMENT_PLAN,0.8500000000000001,0,19.400331283632276,0.35454545454545455,-0.14980520834662683,1.0,1.0,-0.3875980276496974,0.9218284921622159,35.0,177.49114281089683
evt_inv_005102_0,cust_b2b_007,inv_005102,2026-04-26T07:10:19.648950+00:00,4689513,SEND_REMINDER,0.8500000000000001,0,1.951751581420125,0.29646017699115046,0.2381892012886327,0.0,1.0,-0.38759033531549064,0.9218317264935209,43.0,193.10014822557335
evt_inv_003243_0,cust_b2b_031,inv_003243,2026-04-26T07:10:19.769806+00:00,11944343,SEND_REMINDER,0.8500000000000001,1,9.749818618341829,0.29850746268656714,-0.33171617186201463,0.0,1.0,-0.3875902452938858,0.9218317643437036,40.0,187.63748198382368
evt_inv_003148_0,cust_b2b_013,inv_003148,2026-04-26T07:13:02.616693+00:00,2353633,SEND_REMINDER,0.8500000000000001,0,8.36022116554442,0.19747899159663865,-0.0627595355014239,0.0,1.0,-0.3874689436303273,0.9218827570369229,39.0,189.99804811786748
evt_inv_000310_0,cust_b2b_030,inv_000310,2026-04-26T07:27:30.033354+00:00,2520330,WRITE_OFF,0.05,0,9.04672185389807,0.30735930735930733,0.15502312844883842,0.0,1.0,-0.38682270785556677,0.922154104630721,48.0,194.1575333429888
evt_inv_001636_0,cust_b2b_026,inv_001636,2026-04-26T07:47:00.293214+00:00,3383732,SEND_REMINDER,0.8500000000000001,0,5.856188337969045,0.29646017699115046,-0.7265482800870755,0.0,1.0,-0.3859505492125691,0.9225194705601157,36.0,178.46086091942936
evt_inv_000195_1,cust_b2b_035,inv_000195,2026-04-26T08:12:59.366126+00:00,3934771,OFFER_PAYMENT_PLAN,0.8500000000000001,0,18.848293507723863,0.35874439461883406,-0.6405770160659521,1.0,1.0,-0.384788084176148,0.9230049459651067,36.0,193.15337924075027
evt_inv_000504_0,cust_b2b_037,inv_000504,2026-04-26T08:13:51.364529+00:00,2032968,SEND_REMINDER,0.8500000000000001,0,6.97993069247583,0.2830188679245283,-0.7456040380506878,0.0,1.0,-0.38474930295736653,0.9230211123662452,29.0,186.5566247265866
evt_inv_004775_0,cust_b2b_014,inv_004775,2026-04-26T08:21:10.898843+00:00,10798071,SEND_REMINDER,0.8500000000000001,0,6.7443868992207126,0.2459016393442623,0.04682917374646354,0.0,1.0,-0.38442146429152046,0.9231576993081753,25.0,192.58694539115797
evt_inv_008535_0,cust_b2b_022,inv_008535,2026-04-26T08:26:49.646564+00:00,1981592,SEND_REMINDER,0.8500000000000001,0,9.772209316285638,0.19696969696969696,0.12926602363083547,0.0,1.0,-0.3841687669698801,0.9232628869855226,40.0,182.90193774031218
evt_inv_007560_0,cust_b2b_022,inv_007560,2026-04-26T08:46:46.155766+00:00,1729669,SEND_REMINDER,0.8500000000000001,0,4.477441542916633,0.19597989949748743,-0.20499750825226482,0.0,1.0,-0.38327597080306264,0.9236338723785361,40.0,182.91578622644985
evt_inv_008290_0,cust_b2b_019,inv_008290,2026-04-26T09:07:07.023007+00:00,2829945,SEND_REMINDER,0.8500000000000001,0,9.72516917430945,0.35555555555555557,-0.42315297467630175,0.0,1.0,-0.3823646301997757,0.9240115202594548,50.0,188.31817519180876
evt_inv_001655_0,cust_b2b_007,inv_001655,2026-04-26T09:12:38.469721+00:00,4706557,SEND_REMINDER,0.8500000000000001,1,2.074199274243657,0.29515418502202645,0.24814078334149267,0.0,1.0,-0.3821171509569956,0.9241138906782587,44.0,193.18508828079317
evt_inv_008157_0,cust_b2b_016,inv_008157,2026-04-26T09:22:18.435805+00:00,9005909,SEND_REMINDER,0.8500000000000001,0,9.335780710447587,0.23931623931623933,-0.2343899039264221,0.0,1.0,-0.38168404538409484,0.9242928591627397,34.0,182.07875632805704
evt_inv_001178_0,cust_b2b_005,inv_001178,2026-04-26T09:54:37.997528+00:00,7273252,ESCALATE_COLLECTIONS,0.05,0,3.385389895795167,0.24644549763033174,-0.16087870227120393,0.0,1.0,-0.3802350161389483,0.9248899029083482,27.0,186.75269749777874
evt_inv_005085_0,cust_b2b_009,inv_005085,2026-04-26T10:37:44.728682+00:00,5356583,SEND_REMINDER,0.8500000000000001,0,4.104178167875438,0.16593886462882096,-0.21711317349198755,0.0,1.0,-0.378301039679993,0.9256826256212419,41.0,184.3433367519175
evt_inv_002096_0,cust_b2b_010,inv_002096,2026-04-26T10:38:28.683691+00:00,2561347,SEND_REMINDER,0.8500000000000001,0,1.6053551180167613,0.15048543689320387,-0.30555562105764106,0.0,1.0,-0.3782681622959731,0.925696061022854,41.0,186.11692451854393
evt_inv_007226_0,cust_b2b_029,inv_007226,2026-04-26T10:51:02.637223+00:00,5620014,SEND_REMINDER,0.8500000000000001,0,6.9794223818480905,0.22058823529411764,0.009764691436400895,0.0,1.0,-0.37770414731527485,0.925926334597327,40.0,190.51721919314983
evt_inv_008656_0,cust_b2b_002,inv_008656,2026-04-26T11:08:46.518008+00:00,5177266,WRITE_OFF,0.05,0,5.65046093131082,0.13942307692307693,0.9044254936215519,0.0,1.0,-0.3769080446031968,0.9262506820042804,35.0,189.04002200348677
evt_inv_007394_1,cust_b2b_014,inv_007394,2026-04-26T11:20:28.826708+00:00,11538176,OFFER_PAYMENT_PLAN,0.8500000000000001,1,17.97153981774586,0.24456521739130435,0.22139013442619615,1.0,1.0,-0.3763823538686969,0.926464421171293,26.0,192.7114584451463
evt_inv_002475_0,cust_b2b_000,inv_002475,2026-04-26T11:36:52.661803+00:00,4455935,SEND_REMINDER,0.8500000000000001,0,1.9105720329749296,0.36893203883495146,-0.22709511500236482,0.0,1.0,-0.37564573175735927,0.9267633377580697,40.0,186.13207979890618
evt_inv_001749_0,cust_b2b_016,inv_001749,2026-04-26T11:41:52.156945+00:00,7084925,SEND_REMINDER,0.8500000000000001,0,7.932655600988692,0.23829787234042554,-0.7176504933973934,0.0,1.0,-0.37542144504873365,0.9268542164750186,34.0,182.17567439680147
evt_inv_001931_0,cust_b2b_029,inv_001931,2026-04-26T11:48:58.699522+00:00,6373487,SEND_REMINDER,0.8500000000000001,0,8.102684274992015,0.21951219512195122,0.34624797148888087,0.0,1.0,-0.37510197677122814,0.9269835527248135,41.0,190.55745139568452
evt_inv_003679_0,cust_b2b_006,inv_003679,2026-04-26T11:52:02.811170+00:00,5162146,SEND_REMINDER,0.8500000000000001,0,4.073351356045798,0.3211009174311927,-0.1755832034818221,0.0,1.0,-0.37496406860645565,0.9270393450410254,37.0,189.62295303831493
evt_inv_001941_0,cust_b2b_032,inv_001941,2026-04-26T11:53:06.896339+00:00,5727882,WRITE_OFF,0.05,0,9.590706144934995,0.10600706713780919,-0.3194165115968654,0.0,1.0,-0.37491606389439136,0.9270587602918904,52.0,194.43015513674754
evt_inv_005359_0,cust_b2b_036,inv_005359,2026-04-26T11:53:32.483592+00:00,3156806,SEND_REMINDER,0.8500000000000001,0,4.781710553187324,0.27705627705627706,-0.3900654526364948,0.0,1.0,-0.3748968967968483,0.9270665115147312,40.0,190.94937419209154
evt_inv_002407_0,cust_b2b_026,inv_002407,2026-04-26T12:11:18.088805+00:00,5456197,SEND_REMINDER,0.8500000000000001,0,6.9386923538649565,0.29515418502202645,0.35965390632789723,0.0,1.0,-0.37409852277850203,0.9273889665372036,36.0,178.64440022024348
evt_inv_003282_0,cust_b2b_036,inv_003282,2026-04-26T12:17:57.531165+00:00,1831842,SEND_REMINDER,0.8500000000000001,1,9.329786871552683,0.27586206896551724,-1.2756397646936735,0.0,1.0,-0.3737991805936984,0.9275096617219034,40.0,190.96633076122748
evt_inv_005159_0,cust_b2b_000,inv_005159,2026-04-26T12:22:01.991802+00:00,4631316,SEND_REMINDER,0.8500000000000001,0,9.867616227072636,0.3671497584541063,-0.13763578452892677,0.0,1.0,-0.3736159625337779,0.927583480092201,41.0,186.16343778499868
evt_inv_004662_0,cust_b2b_024,inv_004662,2026-04-26T12:28:44.055610+00:00,4887391,SEND_REMINDER,0.8500000000000001,0,8.168317679213015,0.13777777777777778,0.18684588092204607,0.0,1.0,-0.3733145925389721,0.9277048102696576,33.0,184.73790840276877
evt_inv_001965_1,cust_b2b_021,inv_001965,2026-04-26T12:30:17.314387+00:00,10082346,OFFER_PAYMENT_PLAN,0.8500000000000001,1,21.71564215479306,0.3230088495575221,0.2502781634182883,1.0,1.0,-0.37324468408068373,0.9277329388382793,42.0,188.5265685698893
evt_inv_004792_0,cust_b2b_024,inv_004792,2026-04-26T12:51:05.357434+00:00,5316434,SEND_REMINDER,0.8500000000000001,0,8.472940763535199,0.13716814159292035,0.4227127049779363,0.0,1.0,-0.3723089247296551,0.9281088646094531,34.0,184.7534327294309
evt_inv_007870_1,cust_b2b_026,inv_007870,2026-04-26T13:13:38.085797+00:00,4546591,OFFER_PAYMENT_PLAN,0.8500000000000001,0,24.662281573579662,0.29385964912280704,-0.11708079101765359,1.0,1.0,-0.37129424671951544,0.9285152569306482,37.0,178.68768722246557
evt_inv_001328_0,cust_b2b_003,inv_001328,2026-04-26T13:13:43.990724+00:00,6658554,SEND_REMINDER,0.8500000000000001,0,9.92052676688029,0.17040358744394618,0.9741571632649464,0.0,1.0,-0.3712898164754348,0.9285170284823202,34.0,181.47952020780008
evt_inv_002939_0,cust_b2b_026,inv_002939,2026-04-26T13:19:56.525017+00:00,4241359,OFFER_PAYMENT_PLAN,0.05,0,7.982242876176404,0.2925764192139738,-0.2770566647269994,0.0,1.0,-0.3710103009880997,0.9286287506645051,38.0,178.6920673060314
evt_inv_002923_0,cust_b2b_005,inv_002923,2026-04-26T13:24:48.903046+00:00,7412584,ESCALATE_COLLECTIONS,0.05,0,6.747575630390744,0.24528301886792453,-0.11606864759249132,0.0,1.0,-0.3707909038451255,0.9287163752328883,26.0,186.89865705238833
evt_inv_002269_1,cust_b2b_030,inv_002269,2026-04-26T13:28:14.281419+00:00,2302074,OFFER_PAYMENT_PLAN,0.8500000000000001,0,16.580124471527085,0.30603448275862066,-0.07489773877287527,1.0,1.0,-0.37063677787871496,0.9287778953461824,46.0,194.408045473372
evt_inv_005030_1,cust_b2b_022,inv_005030,2026-04-26T13:30:34.356909+00:00,2080727,OFFER_PAYMENT_PLAN,0.8500000000000001,1,23.956729547102803,0.195,0.26080305810385546,1.0,1.0,-0.37053165253125897,0.9288198396203939,41.0,183.11287188781816
evt_inv_000307_0,cust_b2b_023,inv_000307,2026-04-26T13:49:15.503280+00:00,1667279,SEND_REMINDER,0.8500000000000001,0,1.266835036316737,0.4375,-0.6485328403507254,0.0,1.0,-0.3696900717199999,0.9291551274527098,34.0,179.86891830690706
evt_inv_007906_0,cust_b2b_027,inv_007906,2026-04-26T13:49:52.752978+00:00,2833056,SEND_REMINDER,0.8500000000000001,0,9.863045322400687,0.17511520737327188,0.04630664179186486,0.0,1.0,-0.3696621052791329,0.9291662541873759,32.0,179.6580830365996
evt_inv_007826_0,cust_b2b_033,inv_007826,2026-04-26T13:54:47.248420+00:00,5762612,SEND_REMINDER,0.8500000000000001,1,9.583893091931861,0.14485981308411214,0.8035068281512013,0.0,1.0,-0.36944099131257846,0.9292541923166014,37.0,175.7280865605295
evt_inv_007228_1,cust_b2b_008,inv_007228,2026-04-26T14:01:30.785416+00:00,8219552,ESCALATE_COLLECTIONS,0.05,0,17.994649374793333,0.2512315270935961,0.046334581322877724,1.0,1.0,-0.369137972464747,0.9293746054657485,36.0,178.7531150842091
evt_inv_007242_1,cust_b2b_024,inv_007242,2026-04-26T14:01:59.373474+00:00,6492059,OFFER_PAYMENT_PLAN,0.8500000000000001,0,22.33707568639188,0.13656387665198239,1.069013034093772,1.0,1.0,-0.3691165039961397,0.9293831322321638,35.0,184.80266902618868
evt_inv_002381_1,cust_b2b_026,inv_002381,2026-04-26T14:09:53.245119+00:00,3539703,OFFER_PAYMENT_PLAN,0.8500000000000001,0,19.443447303911817,0.29130434782608694,-0.6448019694505608,1.0,1.0,-0.3687606169869229,0.9295243984745231,39.0,178.72675156647173
evt_inv_002076_1,cust_b2b_028,inv_002076,2026-04-26T14:41:25.061392+00:00,4090530,OFFER_PAYMENT_PLAN,0.8500000000000001,0,22.1789791946411,0.35514018691588783,-0.5114838345117649,1.0,1.0,-0.36733928717845954,0.9300870110345705,35.0,176.40990605218187
evt_inv_002719_0,cust_b2b_030,inv_002719,2026-04-26T14:44:39.921563+00:00,2951176,ESCALATE_COLLECTIONS,0.05,0,7.830443666372662,0.30472103004291845,0.6088945525981871,0.0,1.0,-0.3671928390661088,0.9301448376132454,47.0,194.4611200120837
evt_inv_008657_0,cust_b2b_026,inv_008657,2026-04-26T14:55:56.544808+00:00,4407301,SEND_REMINDER,0.8500000000000001,0,1.2281787030341724,0.29004329004329005,-0.19008454872671768,0.0,1.0,-0.3666842489069451,0.9303454528311242,39.0,178.75873420175927
evt_inv_004865_0,cust_b2b_018,inv_004865,2026-04-26T14:57:36.177171+00:00,1985338,SEND_REMINDER,0.8500000000000001,1,2.663857949402611,0.6428571428571429,-0.06147674786455265,0.0,1.0,-0.36660935005229767,0.9303749698128341,27.0,180.0486571019676
evt_inv_007731_1,cust_b2b_028,inv_007731,2026-04-26T15:11:44.839310+00:00,7109813,OFFER_PAYMENT_PLAN,0.8500000000000001,0,23.250788175273772,0.35348837209302325,0.9562703357736899,1.0,1.0,-0.36597127010018626,0.9306261491389851,36.0,176.43096829660558
evt_inv_006314_0,cust_b2b_025,inv_006314,2026-04-26T15:12:12.885532+00:00,8487996,SEND_REMINDER,0.8500000000000001,0,7.860247743642932,0.22137404580152673,-0.40759339916373755,0.0,1.0,-0.36595018016857894,0.9306344425361575,36.0,187.75199016384977
evt_inv_001436_0,cust_b2b_024,inv_001436,2026-04-26T15:15:25.569999+00:00,4816173,SEND_REMINDER,0.8500000000000001,0,8.134314123823515,0.13596491228070176,0.14769377952859714,0.0,1.0,-0.3658052820536538,0.930691407299781,36.0,184.85366667114863
evt_inv_007529_1,cust_b2b_028,inv_007529,2026-04-26T15:23:57.333020+00:00,4773658,OFFER_PAYMENT_PLAN,0.8500000000000001,0,16.206148193976016,0.35185185185185186,-0.17939696641441844,1.0,1.0,-0.36542039482343414,0.9308425941302243,37.0,176.43944623307075
evt_inv_002665_0,cust_b2b_023,inv_002665,2026-04-26T15:58:51.834296+00:00,1793806,SEND_REMINDER,0.8500000000000001,1,8.212584016623158,0.4354066985645933,-0.5080288329655112,0.0,1.0,-0.36384450978680516,0.9314596999859948,35.0,179.95892213810262
evt_inv_004814_1,cust_b2b_020,inv_004814,2026-04-26T16:06:39.013925+00:00,4343831,OFFER_PAYMENT_PLAN,0.8500000000000001,1,20.85742401172349,0.35294117647058826,-0.47459069725643815,1.0,1.0,-0.3634928654791578,0.9315969819325044,35.0,177.86370869284394
evt_inv_008686_0,cust_b2b_018,inv_008686,2026-04-26T16:09:15.168644+00:00,2659281,OFFER_PAYMENT_PLAN,0.05,1,2.1569597482504874,0.644808743169399,0.7663052993310264,0.0,1.0,-0.3633753168706032,0.9316428388010014,28.0,180.09841394772283
evt_inv_004072_0,cust_b2b_004,inv_004072,2026-04-26T16:22:51.891872+00:00,3831499,SEND_REMINDER,0.8500000000000001,0,2.8605567855890373,0.17194570135746606,0.5532715344003828,0.0,1.0,-0.36276041780681767,0.9318824385471717,43.0,190.99184924623538
evt_inv_001133_1,cust_b2b_009,inv_001133,2026-04-26T16:39:17.364692+00:00,5800806,OFFER_PAYMENT_PLAN,0.8500000000000001,0,17.112423255805616,0.16521739130434782,-0.027792807559610822,1.0,1.0,-0.3620182593274493,0.9321710035790234,42.0,184.5944089279602
evt_inv_003601_0,cust_b2b_015,inv_003601,2026-04-26T17:02:53.471439+00:00,6786552,SEND_REMINDER,0.8500000000000001,0,4.428507454573394,0.1527777777777778,-0.7365899576124825,0.0,1.0,-0.36095138911805164,0.9325846313840631,34.0,187.837342217837
evt_inv_005185_0,cust_b2b_006,inv_005185,2026-04-26T17:03:02.329867+00:00,6488943,SEND_REMINDER,0.8500000000000001,0,9.396097856968899,0.319634703196347,0.4218481576030393,0.0,1.0,-0.36094471384392607,0.9325872149821304,36.0,189.8389196899005
evt_inv_005062_1,cust_b2b_004,inv_005062,2026-04-26T17:03:02.549531+00:00,2607949,OFFER_PAYMENT_PLAN,0.8500000000000001,0,23.988549469003203,0.17117117117117117,-0.42175930598337785,1.0,1.0,-0.36094454831554207,0.9325872790475374,43.0,191.01975037654574
evt_inv_006620_0,cust_b2b_017,inv_006620,2026-04-26T17:19:51.936191+00:00,3559603,SEND_REMINDER,0.8500000000000001,1,8.71819815613294,0.2909090909090909,-1.1360570881338519,0.0,1.0,-0.3601838032260678,0.9328813578872746,36.0,191.23739145988074
evt_inv_001747_1,cust_b2b_027,inv_001747,2026-04-26T17:28:13.165682+00:00,3094033,OFFER_PAYMENT_PLAN,0.8500000000000001,0,24.051905504948834,0.1743119266055046,0.2808690536048113,1.0,1.0,-0.3598059522147602,0.9330271575633957,33.0,179.8097081836306
evt_inv_007308_1,cust_b2b_030,inv_007308,2026-04-26T17:34:16.475725+00:00,1925536,OFFER_PAYMENT_PLAN,0.8500000000000001,0,17.614772261127275,0.3034188034188034,-0.4715587092488684,1.0,1.0,-0.35953203465050015,0.9331327430007328,47.0,194.57890420377464
evt_inv_000916_0,cust_b2b_001,inv_000916,2026-04-26T17:34:35.188748+00:00,5394037,SEND_REMINDER,0.8500000000000001,0,3.875549851141183,0.05555555555555555,-0.549513503781428,0.0,1.0,-0.3595179251300966,0.9331381792157849,37.0,179.61647678333068
evt_inv_003213_0,cust_b2b_020,inv_003213,2026-04-26T17:47:49.809074+00:00,4641500,SEND_REMINDER,0.8500000000000001,1,3.0414540351052017,0.35585585585585583,-0.3357959221215675,0.0,1.0,-0.35891870978169615,0.933368823010841,36.0,177.93397252558648
evt_inv_007164_0,cust_b2b_005,inv_007164,2026-04-26T17:57:29.630411+00:00,11764130,SEND_REMINDER,0.8500000000000001,0,9.195085953200858,0.24413145539906103,1.2834146844278587,0.0,1.0,-0.35848137884186876,0.933536877163207,26.0,187.08801732281077
evt_inv_007336_0,cust_b2b_039,inv_007336,2026-04-26T18:01:01.568895+00:00,12938626,SEND_REMINDER,0.8500000000000001,0,2.811845808669126,0.4350282485875706,0.47307870497855814,0.0,1.0,-0.35832150434273335,0.9335982538145412,28.0,179.64651071496462
evt_inv_000368_0,cust_b2b_024,inv_000368,2026-04-26T18:02:54.636398+00:00,5237109,SEND_REMINDER,0.8500000000000001,0,7.277944221591135,0.13537117903930132,0.37910365120579376,0.0,1.0,-0.3582362082647734,0.9336309865723598,37.0,184.96997531003407
evt_inv_008841_1,cust_b2b_001,inv_008841,2026-04-26T18:03:03.815213+00:00,6519071,OFFER_PAYMENT_PLAN,0.8500000000000001,0,19.370677361789237,0.05527638190954774,-0.14270061871983028,1.0,1.0,-0.35822928380158914,0.9336336434742487,38.0,179.63625255260374
evt_inv_002494_1,cust_b2b_022,inv_002494,2026-04-26T18:58:02.520739+00:00,1666737,OFFER_PAYMENT_PLAN,0.8500000000000001,1,22.139163509064424,0.19900497512437812,-0.2884978572766353,1.0,1.0,-0.3557394797755506,0.9345851606616813,42.0,183.34028119140547
evt_inv_005444_0,cust_b2b_017,inv_005444,2026-04-26T19:23:19.102283+00:00,8447599,SEND_REMINDER,0.8500000000000001,0,5.582477794906905,0.29411764705882354,0.7368899260484707,0.0,1.0,-0.3545939419569448,0.9350203935355821,36.0,191.32312254891175
evt_inv_007135_0,cust_b2b_037,inv_007135,2026-04-26T19:32:46.926567+00:00,3177003,SEND_REMINDER,0.8500000000000001,1,7.572358630072513,0.28169014084507044,0.24166747247369633,0.0,1.0,-0.3541649032963582,0.9351829881221543,30.0,187.0281011390657
evt_inv_000759_0,cust_b2b_023,inv_000759,2026-04-26T19:43:38.535788+00:00,1860068,SEND_REMINDER,0.8500000000000001,0,2.528687615840446,0.4380952380952381,-0.4344460414361549,0.0,1.0,-0.3536724662565078,0.93536933166105,36.0,180.11501822018695
evt_inv_007498_0,cust_b2b_024,inv_007498,2026-04-26T20:10:28.668748+00:00,4469726,SEND_REMINDER,0.8500000000000001,0,2.8961051550246997,0.13478260869565217,-0.04276537034118975,0.0,1.0,-0.35245522918946603,0.9358286763168785,38.0,185.058563647421
evt_inv_005190_0,cust_b2b_006,inv_005190,2026-04-26T20:11:33.634498+00:00,3906650,SEND_REMINDER,0.8500000000000001,1,2.6112705584026243,0.3181818181818182,-0.7409092442597058,0.0,1.0,-0.35240610349394713,0.935847176744266,37.0,189.96983756757996
evt_inv_005237_0,cust_b2b_025,inv_005237,2026-04-26T20:22:44.777059+00:00,5943204,SEND_REMINDER,0.8500000000000001,0,6.795717640691488,0.22053231939163498,-1.0349193333681812,0.0,1.0,-0.35189854318639346,0.9360381484230725,37.0,187.9676370565253
evt_inv_002509_0,cust_b2b_026,inv_002509,2026-04-26T20:25:23.429688+00:00,4140722,SEND_REMINDER,0.8500000000000001,1,3.7096024123730187,0.28879310344827586,-0.329801182195371,0.0,1.0,-0.3517785449395533,0.936083252344689,40.0,178.98751759157372
evt_inv_000839_0,cust_b2b_030,inv_000839,2026-04-26T20:35:45.988361+00:00,2021645,SEND_REMINDER,0.8500000000000001,0,6.546674655007058,0.3021276595744681,-0.37031305046329177,0.0,1.0,-0.35130761163005103,0.9362600931422792,48.0,194.70494022965053
evt_inv_000838_0,cust_b2b_033,inv_000838,2026-04-26T20:46:34.309456+00:00,4496199,OFFER_PAYMENT_PLAN,0.05,0,3.3100896525121306,0.14883720930232558,0.07751576202594773,0.0,1.0,-0.35081709589552346,0.9364440000488182,37.0,176.01404791510458
evt_inv_007620_1,cust_b2b_028,inv_007620,2026-04-26T20:48:58.243467+00:00,3627205,OFFER_PAYMENT_PLAN,0.8500000000000001,0,21.73592449295687,0.35023041474654376,-0.736718655002105,1.0,1.0,-0.35070818324792685,0.9364847944323168,38.0,176.6651512150871
evt_inv_007471_0,cust_b2b_001,inv_007471,2026-04-26T20:59:02.713997+00:00,9668832,SEND_REMINDER,0.8500000000000001,0,5.951935539464526,0.055,0.9962548255889419,0.0,1.0,-0.3502507379379826,0.9366559777068092,39.0,179.7584620292691
evt_inv_007753_0,cust_b2b_011,inv_007753,2026-04-26T21:07:26.348722+00:00,1191743,SEND_REMINDER,0.8500000000000001,0,7.524325169425977,0.38,-0.6776904118178171,0.0,1.0,-0.3498695383500464,0.9367984341013414,35.0,189.67713431697234
evt_inv_004831_0,cust_b2b_039,inv_004831,2026-04-26T21:14:12.521600+00:00,15323161,SEND_REMINDER,0.8500000000000001,1,7.226017183780489,0.43258426966292135,1.0210049088258843,0.0,1.0,-0.34956206512680227,0.9369132097608003,29.0,179.78066526015667
evt_inv_005127_0,cust_b2b_008,inv_005127,2026-04-26T21:14:31.016307+00:00,4497546,SEND_REMINDER,0.8500000000000001,1,8.599763076322894,0.25,-1.1067055060319269,0.0,1.0,-0.34954806372055275,0.9369184335625019,35.0,179.05381220100807
evt_inv_001302_0,cust_b2b_011,inv_001302,2026-04-26T21:26:05.105960+00:00,1159757,SEND_REMINDER,0.8500000000000001,0,6.94007573388498,0.3781094527363184,-0.7266010437006629,0.0,1.0,-0.34902254719105097,0.937114326831188,36.0,189.6900828961171
evt_inv_006286_0,cust_b2b_015,inv_006286,2026-04-26T21:27:37.027005+00:00,8197074,SEND_REMINDER,0.8500000000000001,0,1.2229117264240843,0.15207373271889402,-0.3700816118264139,0.0,1.0,-0.3489529427172428,0.9371402476518531,35.0,188.021179666518
evt_inv_002566_0,cust_b2b_031,inv_002566,2026-04-26T21:29:27.442420+00:00,17965450,SEND_REMINDER,0.8500000000000001,0,7.908001910551597,0.30198019801980197,0.761308958054964,0.0,1.0,-0.3488693313878707,0.9371713768660351,38.0,188.23409856499975
evt_inv_002390_0,cust_b2b_033,inv_002390,2026-04-26T21:30:27.824128+00:00,5010434,SEND_REMINDER,0.8500000000000001,0,1.0994551309830474,0.14814814814814814,0.3723091238253676,0.0,1.0,-0.3488236065716152,0.9371883970143735,38.0,176.04452840899538
evt_inv_004913_0,cust_b2b_000,inv_004913,2026-04-26T21:31:51.995463+00:00,5193749,SEND_REMINDER,0.8500000000000001,0,7.172678893026536,0.36538461538461536,0.14925280247282754,0.0,1.0,-0.348759865372235,0.9372121191627542,42.0,186.54526653107715
evt_inv_007919_0,cust_b2b_035,inv_007919,2026-04-26T21:32:49.643270+00:00,5376057,SEND_REMINDER,0.8500000000000001,0,5.223873119545059,0.35714285714285715,0.04052028204975505,0.0,1.0,-0.3487162089572148,0.9372283636395711,37.0,193.70882226325213
evt_inv_000089_0,cust_b2b_026,inv_000089,2026-04-26T21:46:47.581282+00:00,3711101,WRITE_OFF,0.05,0,3.7217447140022157,0.2918454935622318,-0.5549704707427506,0.0,1.0,-0.3480815570363792,0.9374642551324983,41.0,179.044047123916
evt_inv_008088_0,cust_b2b_011,inv_008088,2026-04-26T21:49:31.926016+00:00,1794403,SEND_REMINDER,0.8500000000000001,0,8.127890693907833,0.37623762376237624,0.24384525648790148,0.0,1.0,-0.34795706406525084,0.9375104701106495,37.0,189.70636553565558
evt_inv_004850_1,cust_b2b_033,inv_004850,2026-04-26T21:53:00.781950+00:00,4712463,OFFER_PAYMENT_PLAN,0.8500000000000001,0,18.836299683958988,0.14746543778801843,0.20149242067324213,1.0,1.0,-0.3477988445096892,0.9375691781184603,39.0,176.06018764304372
evt_inv_003757_0,cust_b2b_038,inv_003757,2026-04-26T21:57:57.318945+00:00,4139724,SEND_REMINDER,0.8500000000000001,1,1.7779565667643618,0.2864321608040201,-0.10026230405216911,0.0,1.0,-0.34757418483953423,0.9376524868164822,30.0,189.9172778287693
evt_inv_003750_0,cust_b2b_037,inv_003750,2026-04-26T21:58:34.656248+00:00,2683729,SEND_REMINDER,0.8500000000000001,0,8.150021718082506,0.2850467289719626,-0.18401508798963953,0.0,1.0,-0.3475458962754241,0.9376629724917755,31.0,187.12934801037207
evt_inv_001530_0,cust_b2b_010,inv_001530,2026-04-26T22:13:06.113568+00:00,3039802,SEND_REMINDER,0.8500000000000001,0,8.60078595992881,0.1497584541062802,0.10436200071304999,0.0,1.0,-0.34688554785942344,0.9379074670170121,39.0,186.59930217916306
evt_inv_006061_0,cust_b2b_020,inv_006061,2026-04-26T22:23:02.043516+00:00,6045579,SEND_REMINDER,0.8500000000000001,0,4.654021622626058,0.35874439461883406,0.31888782192826276,0.0,1.0,-0.3464338817813008,0.9380743923346057,36.0,178.12508635015342
evt_inv_006106_1,cust_b2b_017,inv_006106,2026-04-26T22:40:06.692559+00:00,5281309,OFFER_PAYMENT_PLAN,0.8500000000000001,0,20.589356071462127,0.2927927927927928,-0.47634613511070717,1.0,1.0,-0.34565709401662437,0.9383608971797485,37.0,191.45978447339994
evt_inv_006333_0,cust_b2b_000,inv_006333,2026-04-26T22:47:08.208285+00:00,6006318,OFFER_PAYMENT_PLAN,0.05,0,7.904942474573484,0.36363636363636365,0.563731498027891,0.0,1.0,-0.34533747358410305,0.938478571592633,43.0,186.597537512818
evt_inv_003774_0,cust_b2b_034,inv_003774,2026-04-26T22:56:08.420601+00:00,4079461,SEND_REMINDER,0.8500000000000001,1,8.219195564787537,0.4860335195530726,-0.5391074228469871,0.0,1.0,-0.3449277911702696,0.9386292233243108,29.0,176.87900730580793
evt_inv_006207_0,cust_b2b_023,inv_006207,2026-04-26T23:03:45.491790+00:00,1577297,SEND_REMINDER,0.8500000000000001,0,1.9059892702281571,0.43601895734597157,-0.7484556846601055,0.0,1.0,-0.3445811094085908,0.9387565493985887,37.0,180.2539876183565
evt_inv_007521_1,cust_b2b_035,inv_007521,2026-04-26T23:14:21.826428+00:00,6416603,OFFER_PAYMENT_PLAN,0.8500000000000001,0,24.793197886365228,0.35555555555555557,0.53224274553552,1.0,1.0,-0.3440983807056722,0.9389335995669419,38.0,193.77933364239584
evt_inv_006796_0,cust_b2b_036,inv_006796,2026-04-26T23:17:08.164500+00:00,4606268,SEND_REMINDER,0.8500000000000001,0,4.9509404206070915,0.27896995708154504,0.5787211295070058,0.0,1.0,-0.34397218027032556,0.9389798396132255,40.0,191.42409272111558
evt_inv_002955_1,cust_b2b_010,inv_002955,2026-04-26T23:24:53.281535+00:00,2867929,OFFER_PAYMENT_PLAN,0.8500000000000001,0,24.39952287426372,0.14903846153846154,-0.04289057029262801,1.0,1.0,-0.34361926372841944,0.9391090467005091,40.0,186.6491536602587
evt_inv_006994_0,cust_b2b_000,inv_006994,2026-04-26T23:41:16.074687+00:00,3679820,SEND_REMINDER,0.8500000000000001,0,2.6346234549350664,0.3619047619047619,-0.6229797882467739,0.0,1.0,-0.34287339086320245,0.9393816252396944,44.0,186.63512855912913
evt_inv_007571_0,cust_b2b_020,inv_007571,2026-04-26T23:45:43.213875+00:00,5713571,SEND_REMINDER,0.8500000000000001,0,3.125085079905394,0.35714285714285715,0.1640811999735831,0.0,1.0,-0.342670613073661,0.9394556141381674,36.0,178.1825073033813
evt_inv_003518_0,cust_b2b_011,inv_003518,2026-04-26T23:50:47.918503+00:00,1643158,SEND_REMINDER,0.8500000000000001,1,7.4871421542679775,0.37438423645320196,0.012574080746132177,0.0,1.0,-0.34243930093230224,0.9395399540078091,38.0,189.79057841166318
evt_inv_000744_1,cust_b2b_002,inv_000744,2026-04-27T00:03:36.554657+00:00,5101950,OFFER_PAYMENT_PLAN,0.8500000000000001,0,18.42538597396512,0.13875598086124402,0.8548995818834232,1.0,1.0,-0.34185570964139844,0.9397524534607908,34.0,189.57810113136497
evt_inv_007472_0,cust_b2b_034,inv_007472,2026-04-27T00:05:29.327937+00:00,6055780,SEND_REMINDER,0.8500000000000001,1,7.394872564815488,0.4888888888888889,0.4108587995450186,0.0,1.0,-0.3417700748005981,0.9397836006074981,30.0,176.9271659555333
evt_inv_004544_1,cust_b2b_028,inv_004544,2026-04-27T00:07:56.694790+00:00,5065404,OFFER_PAYMENT_PLAN,0.8500000000000001,0,22.770430520374582,0.3486238532110092,-0.03757132144934386,1.0,1.0,-0.34165816691513995,0.9398242904821019,39.0,176.80332773503167
evt_inv_003316_0,cust_b2b_022,inv_003316,2026-04-27T00:17:08.559593+00:00,2182130,SEND_REMINDER,0.8500000000000001,0,9.128227113669976,0.20297029702970298,0.3953479835605755,0.0,1.0,-0.3412390471288613,0.9399765490237438,42.0,183.56187886333643
evt_inv_005910_1,cust_b2b_010,inv_005910,2026-04-27T00:28:21.330985+00:00,3945862,OFFER_PAYMENT_PLAN,0.8500000000000001,0,16.571254492620273,0.14832535885167464,0.8806326906607576,1.0,1.0,-0.34072801173376477,0.9401619126618327,41.0,186.69322830667306
evt_inv_001442_1,cust_b2b_038,inv_001442,2026-04-27T00:30:48.492947+00:00,2869908,OFFER_PAYMENT_PLAN,0.8500000000000001,0,16.24256992958205,0.29,-0.8363561502354354,1.0,1.0,-0.34061621446436835,0.9402024220581243,31.0,190.0234256760242
evt_inv_007012_0,cust_b2b_005,inv_007012,2026-04-27T00:50:39.973276+00:00,9349816,SEND_REMINDER,0.8500000000000001,1,5.674459074982683,0.24299065420560748,0.506956837954327,0.0,1.0,-0.339710883192799,0.9405299122517946,26.0,187.3749425874511
evt_inv_003641_0,cust_b2b_004,inv_003641,2026-04-27T00:55:53.498513+00:00,3450853,SEND_REMINDER,0.8500000000000001,0,4.309755356292088,0.17040358744394618,0.2499401602146634,0.0,1.0,-0.339472602640349,0.9406159429100635,42.0,191.3481178416163
evt_inv_000398_0,cust_b2b_009,inv_000398,2026-04-27T01:13:37.440228+00:00,7224616,SEND_REMINDER,0.8500000000000001,0,1.4991154157011808,0.1645021645021645,0.5790115929000961,0.0,1.0,-0.3386638399585933,0.9409074362042742,43.0,184.95158572814455
evt_inv_006504_0,cust_b2b_024,inv_006504,2026-04-27T01:14:03.592126+00:00,3682377,SEND_REMINDER,0.8500000000000001,0,8.28373357897219,0.1341991341991342,-0.4756109787425007,0.0,1.0,-0.3386439572576437,0.9409145924114916,39.0,185.26938451984446
evt_inv_004028_0,cust_b2b_026,inv_004028,2026-04-27T01:50:09.302906+00:00,4133889,SEND_REMINDER,0.8500000000000001,0,1.8405728061790243,0.2905982905982906,-0.33338290889506855,0.0,1.0,-0.33699689202677846,0.9415057592836551,41.0,179.2130485315996
evt_inv_006459_0,cust_b2b_013,inv_006459,2026-04-27T01:54:21.316510+00:00,2980749,SEND_REMINDER,0.8500000000000001,0,7.432173638774387,0.19665271966527198,0.5866334755292517,0.0,1.0,-0.336805163645121,0.9415743633627581,39.0,190.7767367731581
evt_inv_008011_1,cust_b2b_038,inv_008011,2026-04-27T01:57:15.631069+00:00,4964482,OFFER_PAYMENT_PLAN,0.8500000000000001,0,16.258352948143177,0.2885572139303483,0.3778378575104412,1.0,1.0,-0.33667253942502834,0.9416217930767654,32.0,190.083461996878
evt_inv_003721_1,cust_b2b_029,inv_003721,2026-04-27T02:03:17.003401+00:00,6403506,OFFER_PAYMENT_PLAN,0.8500000000000001,0,21.807886041010626,0.21844660194174756,0.3596535724296901,1.0,1.0,-0.3363975742581517,0.94172006033281,41.0,191.1507188016931
evt_inv_000656_1,cust_b2b_010,inv_000656,2026-04-27T02:12:19.328385+00:00,2672952,OFFER_PAYMENT_PLAN,0.8500000000000001,1,21.987838319796516,0.14761904761904762,-0.20993739081527746,1.0,1.0,-0.33598486992749443,0.9418673830109018,42.0,186.7654273506488
evt_inv_005965_0,cust_b2b_038,inv_005965,2026-04-27T02:36:58.971997+00:00,3431541,SEND_REMINDER,0.8500000000000001,1,6.597615717169884,0.2871287128712871,-0.5107858577968187,0.0,1.0,-0.3348585468161571,0.9422684084825149,32.0,190.11104696131716
evt_inv_006075_1,cust_b2b_022,inv_006075,2026-04-27T02:49:26.010486+00:00,1609927,WRITE_OFF,0.05,1,16.68132445986265,0.2019704433497537,-0.3638761991131446,1.0,1.0,-0.3342897098946887,0.942470365506802,43.0,183.6676363968135
evt_inv_001744_1,cust_b2b_011,inv_001744,2026-04-27T03:16:02.456709+00:00,2101991,OFFER_PAYMENT_PLAN,0.8500000000000001,0,19.575832288268742,0.37745098039215685,0.7141814843025919,1.0,1.0,-0.3330736783632092,0.9429008032564197,39.0,189.9331077890455
evt_inv_008176_1,cust_b2b_022,inv_008176,2026-04-27T03:38:58.051850+00:00,2338512,OFFER_PAYMENT_PLAN,0.8500000000000001,0,24.330054938274504,0.20588235294117646,0.6028435850932151,1.0,1.0,-0.3320254270452214,0.9432704361928441,43.0,183.70203502371717
evt_inv_006108_0,cust_b2b_016,inv_006108,2026-04-27T03:40:32.287811+00:00,12010871,SEND_REMINDER,0.8500000000000001,0,7.395728025858513,0.23728813559322035,0.5215661068019819,0.0,1.0,-0.3319536009389567,0.9432957154697883,34.0,182.8414166522057
evt_inv_003275_0,cust_b2b_008,inv_003275,2026-04-27T03:59:49.018609+00:00,6849450,SEND_REMINDER,0.8500000000000001,1,8.72918983823966,0.25365853658536586,-0.37810922816737463,0.0,1.0,-0.33107179071218723,0.9436055687598636,36.0,179.33527056098526
evt_inv_001053_0,cust_b2b_038,inv_001053,2026-04-27T04:02:28.244575+00:00,4904134,ESCALATE_COLLECTIONS,0.05,0,8.168517165522651,0.29064039408866993,0.34285470974897175,0.0,1.0,-0.3309503853682357,0.943648156054266,33.0,190.170413542082
evt_inv_004285_0,cust_b2b_015,inv_004285,2026-04-27T04:08:07.806597+00:00,10355550,SEND_REMINDER,0.8500000000000001,0,8.807048586747715,0.15137614678899083,0.19077435696519238,0.0,1.0,-0.33069146053049153,0.9437389246673099,35.0,188.29931368957332
evt_inv_003550_1,cust_b2b_037,inv_003550,2026-04-27T04:19:08.895395+00:00,2654663,OFFER_PAYMENT_PLAN,0.8500000000000001,1,18.638054515488697,0.2837209302325581,-0.20909839929274285,1.0,1.0,-0.33018729180167644,0.9439154370666234,32.0,187.39363318568022
evt_inv_001181_0,cust_b2b_026,inv_001181,2026-04-27T04:25:55.874212+00:00,5063703,SEND_REMINDER,0.8500000000000001,0,1.9351111448334821,0.28936170212765955,0.1539431089665924,0.0,1.0,-0.32987686909482683,0.9440239675115216,42.0,179.3212264402404
evt_inv_004034_1,cust_b2b_039,inv_004034,2026-04-27T04:39:41.992476+00:00,11474253,OFFER_PAYMENT_PLAN,0.8500000000000001,0,17.603287505917972,0.43575418994413406,0.136590593663814,1.0,1.0,-0.3292466385084422,0.9442439573705999,30.0,180.09003413604114
evt_inv_000231_0,cust_b2b_005,inv_000231,2026-04-27T05:04:59.638926+00:00,8581800,SEND_REMINDER,0.8500000000000001,0,4.812610499109019,0.24651162790697675,0.2599581904338766,0.0,1.0,-0.3280884715437084,0.9446470001223278,26.0,187.5515590880351
evt_inv_000772_0,cust_b2b_013,inv_000772,2026-04-27T05:05:13.224593+00:00,2632003,SEND_REMINDER,0.8500000000000001,0,7.941283971112814,0.19583333333333333,0.22549836954328323,0.0,1.0,-0.3280781016340769,0.9446506016661295,40.0,190.90928200560634
evt_inv_000390_1,cust_b2b_032,inv_000390,2026-04-27T05:11:20.237300+00:00,4587776,OFFER_PAYMENT_PLAN,0.8500000000000001,0,23.335826216160925,0.1056338028169014,-0.7534503782598317,1.0,1.0,-0.32779794669733664,0.9447478532079393,50.0,195.15114287934458
evt_inv_005933_0,cust_b2b_031,inv_005933,2026-04-27T05:13:35.980624+00:00,19926495,SEND_REMINDER,0.8500000000000001,0,1.6467358342343807,0.30049261083743845,1.1173018701583137,0.0,1.0,-0.32769432128463843,0.9447838016169626,39.0,188.55641960902298
evt_inv_001966_0,cust_b2b_010,inv_001966,2026-04-27T06:03:40.572727+00:00,3498556,SEND_REMINDER,0.8500000000000001,0,8.408242200341933,0.15165876777251186,0.4974020598871626,0.0,1.0,-0.32539963159821633,0.9455765858753827,42.0,186.92608990090676
evt_inv_008429_0,cust_b2b_026,inv_008429,2026-04-27T06:34:55.777131+00:00,4070277,SEND_REMINDER,0.8500000000000001,0,8.212195827382951,0.288135593220339,-0.3667222234864732,0.0,1.0,-0.3239665134830027,0.9460685483312863,42.0,179.41080864994265
evt_inv_007874_0,cust_b2b_011,inv_007874,2026-04-27T06:52:23.371981+00:00,1800036,ESCALATE_COLLECTIONS,0.05,0,8.011927847774372,0.375609756097561,0.25245906113091254,0.0,1.0,-0.3231655689106141,0.9463424407003413,39.0,190.08334986395076
evt_inv_002639_0,cust_b2b_025,inv_002639,2026-04-27T07:23:49.041872+00:00,10271956,SEND_REMINDER,0.8500000000000001,0,7.646500495324768,0.2196969696969697,0.03217695414109159,0.0,1.0,-0.3217232861828018,0.9468337378482766,34.0,188.42671419555953
evt_inv_003241_0,cust_b2b_025,inv_003241,2026-04-27T07:24:25.383283+00:00,13058807,SEND_REMINDER,0.8500000000000001,0,2.747411434727013,0.2188679245283019,0.719173593761453,0.0,1.0,-0.32169548256607056,0.9468431847442231,35.0,188.4271348137428
evt_inv_001016_0,cust_b2b_021,inv_001016,2026-04-27T07:29:23.381020+00:00,9465325,WRITE_OFF,0.05,0,6.26028077969211,0.32599118942731276,0.08196633074846668,0.0,1.0,-0.3214674838502781,0.9469206180176727,41.0,189.3176110077683
evt_inv_002179_0,cust_b2b_001,inv_002179,2026-04-27T07:40:37.666755+00:00,6728258,SEND_REMINDER,0.8500000000000001,0,4.014916829436807,0.05472636815920398,-0.06705841703093361,0.0,1.0,-0.32095151759075013,0.947095625243932,40.0,180.20400546397056
evt_inv_001082_1,cust_b2b_009,inv_001082,2026-04-27T07:48:40.330617+00:00,6811006,WRITE_OFF,0.05,0,19.829254192358416,0.16379310344827586,0.4027378768920378,1.0,1.0,-0.3205821226721009,0.9472207253977555,40.0,185.22592473727278
evt_inv_004054_0,cust_b2b_017,inv_004054,2026-04-27T07:59:58.623736+00:00,6855953,OFFER_PAYMENT_PLAN,0.05,0,9.402362582222183,0.2914798206278027,0.12701470032558007,0.0,1.0,-0.3200629253116828,0.9473962865881036,38.0,191.84857997313262
evt_inv_003361_1,cust_b2b_032,inv_003361,2026-04-27T08:08:56.361464+00:00,7242327,OFFER_PAYMENT_PLAN,0.8500000000000001,0,20.228658336574497,0.10526315789473684,0.25712710046258336,1.0,1.0,-0.3196512473080548,0.9475352658842862,51.0,195.2744776497682
evt_inv_007463_0,cust_b2b_012,inv_007463,2026-04-27T08:19:13.858240+00:00,4230230,SEND_REMINDER,0.8500000000000001,0,3.09527325399746,0.46788990825688076,0.2556132025331199,0.0,1.0,-0.3191784334199955,0.9476946383933791,41.0,190.30103805398653
evt_inv_000545_1,cust_b2b_000,inv_000545,2026-04-27T08:24:27.520411+00:00,4070661,OFFER_PAYMENT_PLAN,0.8500000000000001,0,23.493136626985013,0.36018957345971564,-0.4236177455003544,1.0,1.0,-0.3189382335800463,0.9477755025114544,43.0,186.99845547723132
evt_inv_007989_0,cust_b2b_016,inv_007989,2026-04-27T08:36:45.417916+00:00,8403226,SEND_REMINDER,0.8500000000000001,0,7.110540003399654,0.23628691983122363,-0.38600644413350527,0.0,1.0,-0.318373077143016,0.9479654971308223,35.0,183.04712417656222
evt_inv_006727_1,cust_b2b_013,inv_006727,2026-04-27T09:01:29.438069+00:00,2769801,OFFER_PAYMENT_PLAN,0.8500000000000001,0,22.637334803012692,0.1950207468879668,0.3681914232603874,1.0,1.0,-0.31723612212357727,0.9483465837023903,41.0,191.0733585504614
evt_inv_000152_1,cust_b2b_038,inv_000152,2026-04-27T09:45:17.539338+00:00,4478173,OFFER_PAYMENT_PLAN,0.8500000000000001,0,19.162097071150455,0.28921568627450983,0.09593143119043804,1.0,1.0,-0.31522153201916814,0.9490181166613673,32.0,190.40848408332053
evt_inv_003809_0,cust_b2b_029,inv_003809,2026-04-27T10:05:19.892695+00:00,4707690,SEND_REMINDER,0.8500000000000001,0,2.201538113350964,0.21739130434782608,-0.39765736642159605,0.0,1.0,-0.31429938484616954,0.949323915576406,41.0,191.4854744648189
evt_inv_001033_0,cust_b2b_027,inv_001033,2026-04-27T10:11:43.256429+00:00,2465245,OFFER_PAYMENT_PLAN,0.05,0,4.559329794773836,0.1735159817351598,-0.2842754906734845,0.0,1.0,-0.3140053008936705,0.9494212294923026,33.0,180.50658423394466
evt_inv_005076_0,cust_b2b_036,inv_005076,2026-04-27T10:14:22.335697+00:00,3916639,SEND_REMINDER,0.8500000000000001,0,1.6980471947074764,0.2777777777777778,0.11778928458128392,0.0,1.0,-0.3138832600027904,0.949461583788423,40.0,191.88050673960493
evt_inv_002384_0,cust_b2b_031,inv_002384,2026-04-27T10:39:26.290548+00:00,13601555,SEND_REMINDER,0.8500000000000001,0,7.58964087768705,0.29901960784313725,-0.030878874534708858,0.0,1.0,-0.3127292144954543,0.9498423229152595,39.0,188.78269634425988
evt_inv_007402_1,cust_b2b_025,inv_007402,2026-04-27T10:46:38.481752+00:00,7368165,OFFER_PAYMENT_PLAN,0.8500000000000001,0,16.74102513713187,0.21804511278195488,-0.6836469743821886,1.0,1.0,-0.31239749116664395,0.9499514763990773,36.0,188.56756419417516
evt_inv_005759_0,cust_b2b_018,inv_005759,2026-04-27T10:46:55.001423+00:00,2245675,SEND_REMINDER,0.8500000000000001,0,1.1843458966726328,0.6467391304347826,0.2582864469868519,0.0,1.0,-0.3123848109291796,0.9499556462807833,28.0,180.87456941970245
evt_inv_003520_0,cust_b2b_024,inv_003520,2026-04-27T10:48:09.538601+00:00,4495007,SEND_REMINDER,0.8500000000000001,0,3.1464550623120386,0.1336206896551724,-0.028867177994589446,0.0,1.0,-0.31232759668130106,0.9499744587889101,40.0,185.6680644559043
evt_inv_002872_0,cust_b2b_030,inv_002872,2026-04-27T11:07:04.140315+00:00,2793534,SEND_REMINDER,0.8500000000000001,0,1.7715768159375602,0.3008474576271186,0.44282787388961936,0.0,1.0,-0.31145654411193296,0.950260396486064,46.0,195.31001143281614
evt_inv_004759_1,cust_b2b_017,inv_004759,2026-04-27T11:53:30.053779+00:00,9510382,ESCALATE_COLLECTIONS,0.05,1,17.491334727192182,0.29017857142857145,1.1441193208255787,1.0,1.0,-0.3093166430897205,0.9509591023318019,39.0,192.0107493023314
evt_inv_005716_1,cust_b2b_015,inv_005716,2026-04-27T12:16:02.523477+00:00,7621136,OFFER_PAYMENT_PLAN,0.8500000000000001,1,24.3313313021794,0.1506849315068493,-0.5197325860019923,1.0,1.0,-0.3082772254230756,0.9512965637935681,36.0,188.63814143124418
evt_inv_008492_1,cust_b2b_033,inv_008492,2026-04-27T12:18:34.392347+00:00,3572570,OFFER_PAYMENT_PLAN,0.8500000000000001,0,18.08666571850067,0.14678899082568808,-0.45196898520247947,1.0,1.0,-0.30816048616223235,0.9513343864111381,39.0,176.66127109671797
evt_inv_007315_0,cust_b2b_027,inv_007315,2026-04-27T12:37:00.247477+00:00,2020301,SEND_REMINDER,0.8500000000000001,0,9.712548794973582,0.17272727272727273,-0.6841843493872584,0.0,1.0,-0.3073102925491591,0.9516093652824935,34.0,180.60747533404287
evt_inv_005003_0,cust_b2b_034,inv_005003,2026-04-27T12:37:26.058281+00:00,4446936,SEND_REMINDER,0.8500000000000001,0,4.597164771608788,0.49171270718232046,-0.36247159378567145,0.0,1.0,-0.3072904459857718,0.9516157742523321,31.0,177.44935033451634
evt_inv_006397_0,cust_b2b_014,inv_006397,2026-04-27T12:53:02.354356+00:00,11924004,SEND_REMINDER,0.8500000000000001,0,6.789000446670501,0.24864864864864866,0.31239153996865476,0.0,1.0,-0.3065704145524374,0.9518479820439536,27.0,193.7757353855205
evt_inv_003826_0,cust_b2b_022,inv_003826,2026-04-27T12:54:56.755496+00:00,2210696,OFFER_PAYMENT_PLAN,0.05,0,8.454935490080393,0.2048780487804878,0.43325085968622296,0.0,1.0,-0.306482425624624,0.9518763169568023,42.0,184.08813113072824
evt_inv_002084_0,cust_b2b_012,inv_002084,2026-04-27T13:33:12.371794+00:00,4394499,OFFER_PAYMENT_PLAN,0.05,1,3.1066501002227804,0.4657534246575342,0.36261934627897435,0.0,1.0,-0.3047162541843895,0.9524431764865737,42.0,190.51907640530294
evt_inv_005973_1,cust_b2b_010,inv_005973,2026-04-27T13:41:52.711095+00:00,3404405,OFFER_PAYMENT_PLAN,0.8500000000000001,0,17.001685429699506,0.1509433962264151,0.416737135359934,1.0,1.0,-0.30431577632022944,0.9525712090351125,42.0,187.24428594683275
evt_inv_006684_0,cust_b2b_025,inv_006684,2026-04-27T13:50:03.881490+00:00,10816412,SEND_REMINDER,0.8500000000000001,0,2.9718112279137987,0.21722846441947566,0.16639263470461932,0.0,1.0,-0.30393769887509525,0.9526919099071388,37.0,188.6949415059623
evt_inv_006977_0,cust_b2b_038,inv_006977,2026-04-27T13:59:46.632823+00:00,5794066,SEND_REMINDER,0.8500000000000001,0,1.4912887712492369,0.28780487804878047,0.8587357794364262,0.0,1.0,-0.3034890650935702,0.9528349213628932,33.0,190.58520970235918
evt_inv_001723_0,cust_b2b_027,inv_001723,2026-04-27T14:01:12.568337+00:00,3490433,SEND_REMINDER,0.8500000000000001,0,4.208784303081713,0.17194570135746606,0.6371475484989436,0.0,1.0,-0.3034229015491935,0.9528559926953645,35.0,180.6659512699131
evt_inv_004780_1,cust_b2b_031,inv_004780,2026-04-27T14:02:59.317695+00:00,15147723,OFFER_PAYMENT_PLAN,0.8500000000000001,0,24.141819567635018,0.2975609756097561,0.24980061663182224,1.0,1.0,-0.3033407109542402,0.9528821611709268,39.0,188.92405082512948
evt_inv_006927_0,cust_b2b_036,inv_006927,2026-04-27T14:05:52.972272+00:00,4462204,SEND_REMINDER,0.8500000000000001,0,4.907452828617247,0.2765957446808511,0.482432262911967,0.0,1.0,-0.30320700253805005,0.9529247156055356,41.0,192.04127799625698
evt_inv_005908_0,cust_b2b_004,inv_005908,2026-04-27T14:15:45.795469+00:00,2443737,SEND_REMINDER,0.8500000000000001,0,4.42849196362547,0.16964285714285715,-0.552617994433691,0.0,1.0,-0.30275050286017513,0.9530698468726786,40.0,191.90358424156707
evt_inv_006452_0,cust_b2b_033,inv_006452,2026-04-27T14:24:47.182193+00:00,6004895,SEND_REMINDER,0.8500000000000001,0,7.480762469399851,0.1461187214611872,0.9423989295532257,0.0,1.0,-0.30233355081532753,0.9532021947369801,40.0,176.7489191273418
evt_inv_002116_1,cust_b2b_026,inv_002116,2026-04-27T14:45:23.615949+00:00,5109186,OFFER_PAYMENT_PLAN,0.8500000000000001,0,23.921218033232794,0.2869198312236287,0.17778114206728005,1.0,1.0,-0.3013810875486982,0.953503770348059,43.0,179.75140863626393
evt_inv_002405_1,cust_b2b_001,inv_002405,2026-04-27T14:46:22.755992+00:00,6967044,OFFER_PAYMENT_PLAN,0.8500000000000001,0,21.600849524860003,0.054455445544554455,0.019286790016170625,1.0,1.0,-0.3013355225931913,0.953518171207811,40.0,180.49966621902914
evt_inv_002124_0,cust_b2b_009,inv_002124,2026-04-27T15:09:47.561350+00:00,5594757,SEND_REMINDER,0.8500000000000001,1,6.007098140359001,0.1630901287553648,-0.11560731386601646,0.0,1.0,-0.300252976141195,0.9538596072370162,39.0,185.5322584263181
evt_inv_004548_0,cust_b2b_027,inv_004548,2026-04-27T15:19:14.556255+00:00,2986233,SEND_REMINDER,0.8500000000000001,0,6.508620261544014,0.17117117117117117,0.1839801740177488,0.0,1.0,-0.2998159388156745,0.9539970664693239,36.0,180.72014094488915
evt_inv_003713_0,cust_b2b_012,inv_003713,2026-04-27T15:40:46.531942+00:00,4887472,SEND_REMINDER,0.8500000000000001,0,1.4742509348903776,0.4681818181818182,0.6837469653241686,0.0,1.0,-0.2988198543786937,0.9543095381631141,43.0,190.60766622182805
evt_inv_004832_0,cust_b2b_022,inv_004832,2026-04-27T15:54:27.405137+00:00,2303353,SEND_REMINDER,0.8500000000000001,1,4.631080321431977,0.20388349514563106,0.5561929175209369,0.0,1.0,-0.29818681019793764,0.9545075307319367,43.0,184.21279142749552
evt_inv_007252_0,cust_b2b_031,inv_007252,2026-04-27T15:57:47.247788+00:00,17125415,ESCALATE_COLLECTIONS,0.05,1,5.155240499646462,0.2961165048543689,0.6088155041396889,0.0,1.0,-0.2980326748987801,0.9545556687237671,40.0,189.00377223823648
evt_inv_000385_0,cust_b2b_009,inv_000385,2026-04-27T16:03:04.098842+00:00,5867715,SEND_REMINDER,0.8500000000000001,0,3.657175392544996,0.16666666666666666,0.000722694844976835,0.0,1.0,-0.29778827704583977,0.9546319406211329,39.0,185.5692553880244
evt_inv_008650_1,cust_b2b_029,inv_008650,2026-04-27T16:46:00.293558+00:00,5193480,OFFER_PAYMENT_PLAN,0.8500000000000001,0,24.39863635353925,0.21634615384615385,-0.18071549782517354,1.0,1.0,-0.29580044847081416,0.9552497551344702,42.0,191.7637198451753
evt_inv_007190_0,cust_b2b_013,inv_007190,2026-04-27T16:49:32.530491+00:00,2833161,SEND_REMINDER,0.8500000000000001,1,3.053824332141788,0.19421487603305784,0.4338024459537342,0.0,1.0,-0.29563662616203873,0.9553004685812349,39.0,191.39839434238888
evt_inv_003558_0,cust_b2b_000,inv_003558,2026-04-27T17:01:28.316669+00:00,6885561,SEND_REMINDER,0.8500000000000001,0,4.704401138123112,0.3584905660377358,1.0122202985383377,0.0,1.0,-0.2950840581299478,0.9554712966057963,44.0,187.3574924709679
evt_inv_008178_0,cust_b2b_028,inv_008178,2026-04-27T17:11:28.837943+00:00,3503936,SEND_REMINDER,0.8500000000000001,0,9.4335363864276,0.3470319634703196,-0.796643145248032,0.0,1.0,-0.294620395406895,0.9556143691941247,38.0,177.5141164289354
evt_inv_002314_0,cust_b2b_034,inv_002314,2026-04-27T17:14:48.712879+00:00,5812607,SEND_REMINDER,0.8500000000000001,0,1.937820360909432,0.489010989010989,0.29397168169585275,0.0,1.0,-0.29446605649480406,0.9556619389577042,32.0,177.6419736516161
evt_inv_004423_0,cust_b2b_005,inv_004423,2026-04-27T17:17:46.859854+00:00,8129437,SEND_REMINDER,0.8500000000000001,0,5.499682585791382,0.24537037037037038,0.11447562770561098,0.0,1.0,-0.2943284889494314,0.9557043165083772,26.0,188.0604389598824
evt_inv_005492_1,cust_b2b_004,inv_005492,2026-04-27T17:30:57.180935+00:00,3067342,OFFER_PAYMENT_PLAN,0.8500000000000001,0,24.084559420091836,0.1688888888888889,-0.0556751246463398,1.0,1.0,-0.29371811863282693,0.9558920790480443,40.0,192.03913268446072
evt_inv_008808_0,cust_b2b_037,inv_008808,2026-04-27T17:40:47.205775+00:00,3144139,SEND_REMINDER,0.8500000000000001,0,2.44044191716348,0.28703703703703703,0.21330676186877304,0.0,1.0,-0.29326236035178643,0.9560320015569034,32.0,187.9503265928632
evt_inv_005976_0,cust_b2b_017,inv_005976,2026-04-27T18:14:30.208096+00:00,5710021,SEND_REMINDER,0.8500000000000001,0,3.2836975147245786,0.29333333333333333,-0.3120752951912966,0.0,1.0,-0.2916992087405489,0.9565101001140227,38.0,192.27533442173726
evt_inv_000540_1,cust_b2b_011,inv_000540,2026-04-27T18:25:35.387565+00:00,1881875,OFFER_PAYMENT_PLAN,0.8500000000000001,1,20.55425928736948,0.3737864077669903,0.3775995400029426,1.0,1.0,-0.2911850614122553,0.9566667444885607,38.0,190.56473893321075
evt_inv_000892_0,cust_b2b_034,inv_000892,2026-04-27T18:31:35.486850+00:00,6305491,SEND_REMINDER,0.8500000000000001,1,8.006246050067839,0.48633879781420764,0.5308885244331437,0.0,1.0,-0.2909066892657633,0.9567514296516272,33.0,177.69529279480653
evt_inv_002364_1,cust_b2b_004,inv_002364,2026-04-27T18:41:50.940759+00:00,2182425,ESCALATE_COLLECTIONS,0.05,0,23.21986212017749,0.168141592920354,-0.7608535734506291,1.0,1.0,-0.29043086007020563,0.956895979466358,41.0,192.08836601576027
evt_inv_003105_0,cust_b2b_025,inv_003105,2026-04-27T18:47:07.690393+00:00,9502253,SEND_REMINDER,0.8500000000000001,0,5.086655184238844,0.21641791044776118,-0.15756543494196565,0.0,1.0,-0.2901859417163226,0.9569702812680293,38.0,188.90123559048627
evt_inv_003537_1,cust_b2b_007,inv_003537,2026-04-27T18:47:38.231152+00:00,4055309,OFFER_PAYMENT_PLAN,0.8500000000000001,0,20.068491977169014,0.2982456140350877,-0.13212053303900595,1.0,1.0,-0.2901623258696517,0.9569774420778757,40.0,194.5843910751449
evt_inv_006902_0,cust_b2b_013,inv_006902,2026-04-27T19:01:50.316145+00:00,2054139,SEND_REMINDER,0.8500000000000001,0,2.044025478492336,0.19753086419753085,-0.3728924599817061,0.0,1.0,-0.2895033742526707,0.9571769931921255,38.0,191.49026686152243
evt_inv_008403_0,cust_b2b_026,inv_008403,2026-04-27T19:20:54.507054+00:00,4050300,SEND_REMINDER,0.8500000000000001,1,5.124796093661773,0.2857142857142857,-0.37719268776171655,0.0,1.0,-0.2886183095613344,0.9574442393089834,42.0,179.9427383944225
evt_inv_006400_0,cust_b2b_007,inv_006400,2026-04-27T19:28:30.334476+00:00,4103285,SEND_REMINDER,0.8500000000000001,1,6.036546987576867,0.29694323144104806,-0.10410719038527186,0.0,1.0,-0.28826564513454667,0.9575504779567308,40.0,194.6127719006519
evt_inv_000264_0,cust_b2b_022,inv_000264,2026-04-27T19:40:23.768233+00:00,1298167,SEND_REMINDER,0.8500000000000001,0,6.267104989118677,0.20772946859903382,-0.7775329884842104,0.0,1.0,-0.28771359743150615,0.9577164955523222,44.0,184.369693778148
evt_inv_001119_1,cust_b2b_012,inv_001119,2026-04-27T20:11:22.075264+00:00,4374132,OFFER_PAYMENT_PLAN,0.8500000000000001,1,20.055811889428593,0.4660633484162896,0.349352147998756,1.0,1.0,-0.2862752101539894,0.9581474333583998,44.0,190.79557760286684
evt_inv_007363_0,cust_b2b_013,inv_007363,2026-04-27T20:16:34.845816+00:00,1966202,SEND_REMINDER,0.8500000000000001,0,3.793019726509517,0.19672131147540983,-0.46395295834075123,0.0,1.0,-0.2860330524972704,0.95821975187276,39.0,191.54217114012235
evt_inv_005228_0,cust_b2b_016,inv_005228,2026-04-27T20:28:00.107973+00:00,8219769,SEND_REMINDER,0.8500000000000001,0,8.563253216461138,0.23529411764705882,-0.4321586973075735,0.0,1.0,-0.2855024352628009,0.9583779836051172,33.0,183.54104420037183
evt_inv_005559_0,cust_b2b_031,inv_005559,2026-04-27T20:42:28.645154+00:00,17247280,SEND_REMINDER,0.8500000000000001,0,1.24500288430397,0.2995169082125604,0.6309380409930384,0.0,1.0,-0.28482977740493975,0.9585781125727065,40.0,189.20147359664608
evt_inv_004389_1,cust_b2b_030,inv_004389,2026-04-27T20:47:10.053979+00:00,2966730,OFFER_PAYMENT_PLAN,0.8500000000000001,1,16.232325914940056,0.29957805907172996,0.6252795884830367,1.0,1.0,-0.2846118040019025,0.9586428537379198,47.0,195.71285765578128
evt_inv_000903_0,cust_b2b_002,inv_000903,2026-04-27T21:02:32.273736+00:00,2636762,SEND_REMINDER,0.8500000000000001,0,5.38367233139863,0.1380952380952381,-0.7661391098628627,0.0,1.0,-0.283897368750007,0.9588546730432211,33.0,190.45235713922708
evt_inv_005262_0,cust_b2b_008,inv_005262,2026-04-27T21:11:12.269280+00:00,7216787,SEND_REMINDER,0.8500000000000001,0,5.256612195827264,0.25728155339805825,-0.26431168612205874,0.0,1.0,-0.2834944634059064,0.9589738730633891,37.0,180.05151188819488
evt_inv_006892_1,cust_b2b_027,inv_006892,2026-04-27T21:12:33.951746+00:00,2806403,OFFER_PAYMENT_PLAN,0.8500000000000001,0,21.235503619559797,0.17040358744394618,0.022351566240970573,1.0,1.0,-0.28343116927107836,0.9589925819763306,37.0,180.96550431863338
evt_inv_007972_0,cust_b2b_032,inv_007972,2026-04-27T21:12:58.462518+00:00,7759672,SEND_REMINDER,0.8500000000000001,0,6.54584647320658,0.1048951048951049,0.45407843012648463,0.0,1.0,-0.2834121761152246,0.9589981952170885,50.0,195.81894641197064
evt_inv_007937_1,cust_b2b_031,inv_007937,2026-04-27T21:18:08.127399+00:00,10742782,SEND_REMINDER,0.05,0,17.807815977117237,0.2980769230769231,-0.5498383693931063,1.0,1.0,-0.2831722102802033,0.9590690795375609,41.0,189.2262361226324
evt_inv_005476_1,cust_b2b_034,inv_005476,2026-04-27T21:19:08.683092+00:00,4991407,ESCALATE_COLLECTIONS,0.05,1,24.78685591717056,0.4891304347826087,-0.10075805169612621,1.0,1.0,-0.2831252823262547,0.9590829341134575,34.0,177.8116492327916
evt_inv_007357_0,cust_b2b_011,inv_007357,2026-04-27T21:52:24.058495+00:00,1482155,ESCALATE_COLLECTIONS,0.05,0,6.62462584474819,0.37681159420289856,-0.23361768240807976,0.0,1.0,-0.28157857712090245,0.9595381727198601,39.0,190.70835780972345
evt_inv_006537_0,cust_b2b_036,inv_006537,2026-04-27T22:20:25.389241+00:00,3771883,SEND_REMINDER,0.8500000000000001,0,1.6654687699213282,0.2754237288135593,0.021037692769519747,0.0,1.0,-0.28027473365177796,0.9599198266920134,42.0,192.38470874822062
evt_inv_001866_0,cust_b2b_038,inv_001866,2026-04-27T22:24:32.621227+00:00,3619479,SEND_REMINDER,0.8500000000000001,0,2.8997762279648853,0.28640776699029125,-0.4018410366078774,0.0,1.0,-0.2800829657585552,0.9599757977636165,34.0,190.93574197555094
evt_inv_002745_0,cust_b2b_015,inv_002745,2026-04-27T22:25:25.207443+00:00,9060815,SEND_REMINDER,0.8500000000000001,0,3.8457817312789593,0.15454545454545454,-0.14564804492326153,0.0,1.0,-0.2800421753063035,0.959987697863735,37.0,189.0613206438135
evt_inv_000926_0,cust_b2b_039,inv_000926,2026-04-27T22:28:38.046064+00:00,12778849,SEND_REMINDER,0.8500000000000001,0,3.770369317334837,0.43333333333333335,0.4363646716069653,0.0,1.0,-0.27989258854171867,0.9600313218220623,29.0,180.8323495710865
evt_inv_005268_0,cust_b2b_005,inv_005268,2026-04-27T22:38:59.781727+00:00,5950839,SEND_REMINDER,0.8500000000000001,0,4.783467267912222,0.24423963133640553,-0.5861746090834833,0.0,1.0,-0.2794102559778464,0.9601718121536345,27.0,188.2835051852717
evt_inv_001722_0,cust_b2b_004,inv_001722,2026-04-27T23:14:54.181222+00:00,4446952,SEND_REMINDER,0.8500000000000001,0,5.407383790850364,0.16740088105726872,1.0437179449264067,0.0,1.0,-0.27773836260931994,0.9606567555246223,40.0,192.2779868544533
evt_inv_006144_0,cust_b2b_017,inv_006144,2026-04-27T23:37:41.087722+00:00,5219343,SEND_REMINDER,0.8500000000000001,0,1.641770278457324,0.2920353982300885,-0.5000900253754319,0.0,1.0,-0.2766771560819894,0.9609629292029856,39.0,192.4997658988976
evt_inv_002730_1,cust_b2b_003,inv_002730,2026-04-27T23:52:24.819075+00:00,3189969,OFFER_PAYMENT_PLAN,0.8500000000000001,0,23.002167200824992,0.16964285714285715,-0.8356066804123968,1.0,1.0,-0.2759908859165368,0.9611602524506542,32.0,182.923048313715
evt_inv_001608_0,cust_b2b_023,inv_001608,2026-04-28T00:09:25.466990+00:00,1980315,SEND_REMINDER,0.8500000000000001,0,5.2529182954590885,0.4339622641509434,-0.30091550189531,0.0,1.0,-0.2751981167656572,0.9613875371194676,36.0,181.29958918317683
evt_inv_002747_0,cust_b2b_009,inv_002747,2026-04-28T01:00:55.025603+00:00,7378014,SEND_REMINDER,0.8500000000000001,0,7.438108402940395,0.16595744680851063,0.6443872959232053,0.0,1.0,-0.2727972213673872,0.9620715545188064,39.0,185.9427614848024
evt_inv_005687_1,cust_b2b_025,inv_005687,2026-04-28T01:01:20.755395+00:00,8761535,OFFER_PAYMENT_PLAN,0.8500000000000001,0,16.429718632774858,0.21561338289962825,-0.3401623687986969,1.0,1.0,-0.27277721959241363,0.9620772258355522,38.0,189.16110902800165
evt_inv_005372_0,cust_b2b_028,inv_005372,2026-04-28T01:03:23.929555+00:00,4969410,SEND_REMINDER,0.8500000000000001,0,8.852271660385396,0.34545454545454546,-0.08423665559872018,0.0,1.0,-0.27268146507131147,0.9621043699134534,39.0,177.84183739666688
evt_inv_002256_0,cust_b2b_038,inv_002256,2026-04-28T01:10:10.886932+00:00,5636991,SEND_REMINDER,0.8500000000000001,0,9.95493701720493,0.28502415458937197,0.7676816429190537,0.0,1.0,-0.27236508074622534,0.9621939839710609,34.0,191.05076819899787
evt_inv_004223_0,cust_b2b_039,inv_004223,2026-04-28T01:11:01.545290+00:00,11909298,SEND_REMINDER,0.8500000000000001,0,5.162406478559394,0.430939226519337,0.236556563962519,0.0,1.0,-0.2723256949278286,0.9622051319142271,30.0,180.94512155286642
evt_inv_000117_0,cust_b2b_027,inv_000117,2026-04-28T01:15:57.207346+00:00,2070542,SEND_REMINDER,0.8500000000000001,0,3.1973257015642553,0.16964285714285715,-0.6390286644523928,0.0,1.0,-0.27209581473334027,0.9622701635219705,37.0,181.1345234806688
evt_inv_007389_0,cust_b2b_024,inv_007389,2026-04-28T01:17:31.888977+00:00,4714460,SEND_REMINDER,0.8500000000000001,0,3.9253013687795963,0.13304721030042918,0.09177698065863263,0.0,1.0,-0.27202219553801127,0.9622909773736216,38.0,186.27179536303356
evt_inv_002802_1,cust_b2b_009,inv_002802,2026-04-28T01:22:59.774043+00:00,6570818,OFFER_PAYMENT_PLAN,0.8500000000000001,1,21.29272595535592,0.1652542372881356,0.300373646004938,1.0,1.0,-0.27176723796101615,0.9623630127821,40.0,185.9580942213686
evt_inv_004655_0,cust_b2b_003,inv_004655,2026-04-28T01:32:49.521206+00:00,4554822,SEND_REMINDER,0.8500000000000001,0,7.514765643283297,0.1688888888888889,-0.12348278007226555,0.0,1.0,-0.27130861308792836,0.9624924085229477,33.0,182.99277866245333
evt_inv_002031_1,cust_b2b_015,inv_002031,2026-04-28T01:37:23.393375+00:00,11943626,OFFER_PAYMENT_PLAN,0.8500000000000001,0,16.9972260859788,0.15384615384615385,0.603418194034498,1.0,1.0,-0.27109561173025326,0.9625524241830155,38.0,189.1946329809848
evt_inv_005134_0,cust_b2b_039,inv_005134,2026-04-28T01:53:47.108799+00:00,9785947,SEND_REMINDER,0.8500000000000001,0,8.297547569918247,0.42857142857142855,-0.25135374952326506,0.0,1.0,-0.27033042742548985,0.9627676043614846,31.0,180.97481557496567
evt_inv_000034_0,cust_b2b_008,inv_000034,2026-04-28T02:21:37.460063+00:00,8456815,SEND_REMINDER,0.8500000000000001,0,5.545451327154316,0.2560386473429952,0.11983647867053047,0.0,1.0,-0.2690307515804341,0.9631315874292914,38.0,180.26708122595377
evt_inv_000770_0,cust_b2b_012,inv_000770,2026-04-28T02:48:41.844983+00:00,3841974,SEND_REMINDER,0.8500000000000001,1,6.104778026799824,0.46846846846846846,0.002698951703518385,0.0,1.0,-0.2677663714191687,0.9634838713424381,45.0,191.07150086350862
evt_inv_004046_0,cust_b2b_025,inv_004046,2026-04-28T02:49:03.952006+00:00,10841516,SEND_REMINDER,0.8500000000000001,1,2.180334427209038,0.21481481481481482,0.1725812803011658,0.0,1.0,-0.26774916068427507,0.963488654293794,39.0,189.23591454434094
evt_inv_008869_1,cust_b2b_023,inv_008869,2026-04-28T03:00:17.646296+00:00,2367701,OFFER_PAYMENT_PLAN,0.8500000000000001,0,16.83233972793147,0.431924882629108,0.12926554197724816,1.0,1.0,-0.26722463602095037,0.9636342635582602,36.0,181.41824866588
evt_inv_004597_0,cust_b2b_017,inv_004597,2026-04-28T03:12:02.227797+00:00,9819426,SEND_REMINDER,0.8500000000000001,0,1.6554111722113032,0.2907488986784141,1.2625367625944532,0.0,1.0,-0.26667597849066554,0.9637862431556316,40.0,192.64862168679588
evt_inv_002438_0,cust_b2b_015,inv_002438,2026-04-28T03:14:41.406260+00:00,10950960,SEND_REMINDER,0.8500000000000001,0,7.199316434829017,0.15315315315315314,0.3454850414085599,0.0,1.0,-0.26655201426474157,0.9638205350019312,39.0,189.2622025745552
evt_inv_000960_0,cust_b2b_009,inv_000960,2026-04-28T03:15:02.314406+00:00,6322615,SEND_REMINDER,0.8500000000000001,0,9.752397868844637,0.16877637130801687,0.19459353223243378,0.0,1.0,-0.2665357311929411,0.9638250380631561,41.0,186.03590140150035
evt_inv_007986_0,cust_b2b_020,inv_007986,2026-04-28T03:24:05.255137+00:00,5693742,SEND_REMINDER,0.8500000000000001,1,4.780569398264811,0.35555555555555557,0.15483548399129715,0.0,1.0,-0.2661128673290046,0.963941876796488,33.0,179.33415129947107
evt_inv_007416_0,cust_b2b_021,inv_007416,2026-04-28T03:41:53.538051+00:00,7430382,SEND_REMINDER,0.8500000000000001,1,9.74725640941476,0.32456140350877194,-0.47312864152944073,0.0,1.0,-0.2652806965999453,0.9641712254633239,39.0,190.15962671414158
evt_inv_004026_0,cust_b2b_022,inv_004026,2026-04-28T03:46:38.690888+00:00,1745117,SEND_REMINDER,0.8500000000000001,0,1.6460664550345208,0.20673076923076922,-0.18450021396668007,0.0,1.0,-0.26505853487366027,0.9642323231932378,45.0,184.7073664940584
evt_inv_003746_0,cust_b2b_000,inv_003746,2026-04-28T04:10:51.293431+00:00,4990276,SEND_REMINDER,0.8500000000000001,0,9.100487612578968,0.3568075117370892,0.04546386299687059,0.0,1.0,-0.2639265983862496,0.9645427676698755,42.0,187.82234173903694
evt_inv_005292_0,cust_b2b_003,inv_005292,2026-04-28T05:05:36.424364+00:00,4778049,SEND_REMINDER,0.8500000000000001,0,6.082127244795432,0.168141592920354,-0.007012109787166599,0.0,1.0,-0.26136533068723444,0.9652399514704894,34.0,183.14054374529783
evt_inv_006833_0,cust_b2b_035,inv_006833,2026-04-28T05:08:19.008226+00:00,6670600,SEND_REMINDER,0.8500000000000001,1,2.008670552495964,0.35398230088495575,0.6522718585841922,0.0,1.0,-0.26123852344341963,0.9652742790881262,35.0,195.02513435764524
evt_inv_006938_1,cust_b2b_026,inv_006938,2026-04-28T05:09:15.114155+00:00,6095852,OFFER_PAYMENT_PLAN,0.8500000000000001,1,17.02054181970265,0.28870292887029286,0.6949038044268377,1.0,1.0,-0.2611947625911569,0.965286121310645,42.0,180.35131023586734
evt_inv_006856_1,cust_b2b_011,inv_006856,2026-04-28T05:13:29.447524+00:00,1562282,ESCALATE_COLLECTIONS,0.05,0,23.851229678416782,0.375,-0.11109359758280232,1.0,1.0,-0.26099638386583335,0.9653397783210628,38.0,191.01467018274118
evt_inv_007854_0,cust_b2b_035,inv_007854,2026-04-28T05:13:34.624002+00:00,4258343,ESCALATE_COLLECTIONS,0.05,1,2.1439415814621365,0.3568281938325991,-0.48766916418615613,0.0,1.0,-0.2609923461253013,0.9653408699853182,36.0,195.02878731801653
evt_inv_008772_1,cust_b2b_000,inv_008772,2026-04-28T05:30:01.094765+00:00,4424045,OFFER_PAYMENT_PLAN,0.8500000000000001,0,23.206258201878324,0.35514018691588783,-0.24336182979581933,1.0,1.0,-0.2602227989017187,0.9655485979129977,43.0,187.87731629151745
evt_inv_007392_0,cust_b2b_033,inv_007392,2026-04-28T05:30:07.912287+00:00,4250667,SEND_REMINDER,0.8500000000000001,0,7.068746461752954,0.14545454545454545,-0.06323938404348542,0.0,1.0,-0.2602174799672517,0.9655500313911719,37.0,177.37763128120832
evt_inv_002907_0,cust_b2b_009,inv_002907,2026-04-28T05:42:48.866905+00:00,7884432,SEND_REMINDER,0.8500000000000001,0,4.6228137245536605,0.16806722689075632,0.8602142238211652,0.0,1.0,-0.25962374433983815,0.9657098484404942,42.0,186.1385235369044
evt_inv_007388_0,cust_b2b_018,inv_007388,2026-04-28T05:47:29.746352+00:00,3337693,SEND_REMINDER,0.8500000000000001,1,1.6395686325086791,0.6432432432432432,1.5995761349322923,0.0,1.0,-0.2594045630474558,0.9657687469938953,26.0,181.6666382267451
evt_inv_001385_1,cust_b2b_038,inv_001385,2026-04-28T07:06:13.220183+00:00,3565816,OFFER_PAYMENT_PLAN,0.8500000000000001,0,23.996637240866,0.28365384615384615,-0.4329483523220823,1.0,1.0,-0.2557166576178014,0.9667517732162585,35.0,191.29801742643585
evt_inv_006205_0,cust_b2b_003,inv_006205,2026-04-28T07:37:07.436359+00:00,4658014,SEND_REMINDER,0.8500000000000001,0,5.121079660879092,0.16740088105726872,-0.06964162832983059,0.0,1.0,-0.25426793632102646,0.9671338152288165,35.0,183.24576379153268
evt_inv_004797_0,cust_b2b_013,inv_004797,2026-04-28T08:01:13.820812+00:00,2917284,WRITE_OFF,0.05,0,2.694720169631677,0.19591836734693877,0.5209133221031155,0.0,1.0,-0.2531374624014003,0.967430320554912,39.0,192.03151112850583
evt_inv_003918_0,cust_b2b_009,inv_003918,2026-04-28T08:03:32.456965+00:00,5240732,SEND_REMINDER,0.8500000000000001,0,2.246036628581721,0.16736401673640167,-0.2664871315451568,0.0,1.0,-0.2530290881343879,0.9674586712402139,42.0,186.23625027370932
evt_inv_000444_0,cust_b2b_034,inv_000444,2026-04-28T08:10:44.675502+00:00,6679434,SEND_REMINDER,0.8500000000000001,1,1.176551641157923,0.4918918918918919,0.7106335857881172,0.0,1.0,-0.2526911950896284,0.9675469807322926,31.0,178.26414914494174
evt_inv_007725_1,cust_b2b_012,inv_007725,2026-04-28T08:18:04.335935+00:00,4069448,OFFER_PAYMENT_PLAN,0.8500000000000001,0,16.68205913515465,0.47085201793721976,0.15087778769276916,1.0,1.0,-0.25234745261508207,0.9676366896509655,45.0,191.30023339767286
evt_inv_005354_1,cust_b2b_007,inv_005354,2026-04-28T08:21:02.538390+00:00,4443924,OFFER_PAYMENT_PLAN,0.8500000000000001,0,20.05004337061613,0.3,0.09479041317316343,1.0,1.0,-0.2522081183988138,0.9676730155448843,39.0,195.14925574224398
evt_inv_008839_0,cust_b2b_018,inv_008839,2026-04-28T08:21:22.701353+00:00,1814533,SEND_REMINDER,0.8500000000000001,0,7.919584128179264,0.6451612903225806,-0.2712703241891814,0.0,1.0,-0.2521923529067663,0.9676771244249546,27.0,181.7735011318564
evt_inv_000302_0,cust_b2b_016,inv_000302,2026-04-28T08:28:45.926984+00:00,9817480,SEND_REMINDER,0.8500000000000001,1,7.834653797504571,0.23430962343096234,-0.030223646385661922,0.0,1.0,-0.25184577632352556,0.9677673816305242,33.0,184.04157451300037
evt_inv_005751_1,cust_b2b_037,inv_005751,2026-04-28T08:35:23.130854+00:00,2687633,OFFER_PAYMENT_PLAN,0.8500000000000001,0,21.958701827284717,0.2857142857142857,-0.1806456140086703,1.0,1.0,-0.25153515862596826,0.9678481616322929,33.0,188.57157572571532
evt_inv_006769_1,cust_b2b_009,inv_006769,2026-04-28T08:45:05.440360+00:00,5167806,OFFER_PAYMENT_PLAN,0.8500000000000001,0,17.091335931979437,0.16666666666666666,-0.29756680629026033,1.0,1.0,-0.25107973950300855,0.9679664066542296,42.0,186.26510424818912
evt_inv_007595_0,cust_b2b_022,inv_007595,2026-04-28T08:48:26.325700+00:00,1612505,SEND_REMINDER,0.8500000000000001,0,1.5009845549086789,0.20574162679425836,-0.36045588800274875,0.0,1.0,-0.25092261595160814,0.9680071491492208,46.0,184.91694560067785
evt_inv_006966_0,cust_b2b_019,inv_006966,2026-04-28T09:05:17.740071+00:00,4228961,OFFER_PAYMENT_PLAN,0.05,1,8.6569411306828,0.35398230088495575,0.6035603542238422,0.0,1.0,-0.25013143239664787,0.9682118913374289,51.0,190.31691034300636
evt_inv_006022_0,cust_b2b_025,inv_006022,2026-04-28T09:12:44.650880+00:00,9618674,SEND_REMINDER,0.8500000000000001,0,7.6093042447885395,0.2177121771217712,-0.12886594847560884,0.0,1.0,-0.24978178110619137,0.9683021541995136,40.0,189.5023578183384
evt_inv_003652_1,cust_b2b_031,inv_003652,2026-04-28T09:16:29.284589+00:00,15960055,OFFER_PAYMENT_PLAN,0.8500000000000001,0,22.885263990372685,0.2966507177033493,0.3972650348140076,1.0,1.0,-0.24960602128240442,0.9683474759297759,42.0,189.72509210862745
evt_inv_002758_0,cust_b2b_027,inv_002758,2026-04-28T09:34:35.688626+00:00,4270342,SEND_REMINDER,0.8500000000000001,0,4.920443773337713,0.1688888888888889,1.3381177761885568,0.0,1.0,-0.2487558718120711,0.9685662167549601,37.0,181.4808021991886
evt_inv_005291_1,cust_b2b_020,inv_005291,2026-04-28T10:00:34.225387+00:00,6525154,OFFER_PAYMENT_PLAN,0.8500000000000001,0,24.07057977871942,0.3584070796460177,0.5425001685744772,1.0,1.0,-0.24753592724878584,0.9688787151759934,34.0,179.60948660328617
evt_inv_003245_0,cust_b2b_009,inv_003245,2026-04-28T10:01:38.598539+00:00,5257143,SEND_REMINDER,0.8500000000000001,0,9.384601665941394,0.16597510373443983,-0.25949293699943937,0.0,1.0,-0.24748553071192228,0.968891589440345,43.0,186.31826580119173
evt_inv_001409_1,cust_b2b_039,inv_001409,2026-04-28T10:18:46.800282+00:00,9814839,OFFER_PAYMENT_PLAN,0.8500000000000001,1,17.262449026602514,0.4262295081967213,-0.24471497361343533,1.0,1.0,-0.24668048013136287,0.9690968685957871,32.0,181.3255064486058
evt_inv_003739_1,cust_b2b_004,inv_003739,2026-04-28T10:19:59.406906+00:00,3210654,OFFER_PAYMENT_PLAN,0.8500000000000001,0,21.1186025488642,0.16666666666666666,0.05852876928004624,1.0,1.0,-0.2466236249181511,0.9691113391309747,41.0,192.7398528924592
evt_inv_004006_0,cust_b2b_005,inv_004006,2026-04-28T10:46:43.709683+00:00,9184267,SEND_REMINDER,0.8500000000000001,1,7.073238277978022,0.24311926605504589,0.4537153298308156,0.0,1.0,-0.24536714620765865,0.9694302262473093,27.0,188.7888747217995
evt_inv_006631_1,cust_b2b_016,inv_006631,2026-04-28T10:46:55.338658+00:00,9539245,OFFER_PAYMENT_PLAN,0.8500000000000001,1,19.765814660920626,0.2375,-0.10021902726790886,1.0,1.0,-0.2453580369681833,0.9694325317912121,34.0,184.13751677774516
evt_inv_005163_0,cust_b2b_019,inv_005163,2026-04-28T10:47:44.089917+00:00,3145392,SEND_REMINDER,0.8500000000000001,1,9.081020000026381,0.3568281938325991,-0.19165186357985375,0.0,1.0,-0.2453198487663993,0.9694421962145195,52.0,190.38804865141574
evt_inv_001591_0,cust_b2b_005,inv_001591,2026-04-28T10:47:45.891857+00:00,11189536,SEND_REMINDER,0.8500000000000001,0,9.785604474960483,0.2465753424657534,1.0986215723039203,0.0,1.0,-0.24531843725011,0.9694425534012646,28.0,188.78959442288578
evt_inv_005498_0,cust_b2b_018,inv_005498,2026-04-28T11:07:23.845975+00:00,2647368,SEND_REMINDER,0.8500000000000001,1,5.59047328597551,0.6417112299465241,0.7516726325702362,0.0,1.0,-0.24439559747852355,0.969675611703788,28.0,181.88879215757242
evt_inv_006577_0,cust_b2b_007,inv_006577,2026-04-28T11:16:22.423431+00:00,3645512,SEND_REMINDER,0.8500000000000001,0,6.618806440656351,0.2987012987012987,-0.37139949807521744,0.0,1.0,-0.24397358813862507,0.9697818766561709,40.0,195.27101367096267
evt_inv_006916_1,cust_b2b_001,inv_006916,2026-04-28T11:22:04.363996+00:00,6417922,OFFER_PAYMENT_PLAN,0.8500000000000001,0,17.392546861482835,0.054187192118226604,-0.17927584601546342,1.0,1.0,-0.24370563219583238,0.9698492485103186,38.0,181.35778668203784
evt_inv_002233_0,cust_b2b_005,inv_002233,2026-04-28T11:25:52.383096+00:00,7376466,SEND_REMINDER,0.8500000000000001,0,1.2119886423593629,0.24545454545454545,-0.12768442722994275,0.0,1.0,-0.24352693854275845,0.9698941335032353,29.0,188.81605844185424
evt_inv_001342_0,cust_b2b_013,inv_001342,2026-04-28T11:36:01.063592+00:00,3150070,SEND_REMINDER,0.8500000000000001,0,2.0981453264617036,0.1951219512195122,0.7619686935407367,0.0,1.0,-0.24304988828803537,0.9700137894912492,39.0,192.1806690310516
evt_inv_008878_0,cust_b2b_034,inv_008878,2026-04-28T11:58:09.134766+00:00,6152440,SEND_REMINDER,0.8500000000000001,0,6.259663264861109,0.4946236559139785,0.45732087437449487,0.0,1.0,-0.24200881530852658,0.970274050623309,31.0,178.42207112716218
evt_inv_002133_0,cust_b2b_013,inv_002133,2026-04-28T12:23:19.922170+00:00,2376532,SEND_REMINDER,0.8500000000000001,0,9.913596539470461,0.19433198380566802,-0.039046755915213206,0.0,1.0,-0.2408241725797883,0.9705687600068633,40.0,192.21352619051493
evt_inv_001244_0,cust_b2b_003,inv_001244,2026-04-28T12:28:31.416215+00:00,4626996,SEND_REMINDER,0.8500000000000001,0,2.7859258950798664,0.16666666666666666,-0.08582522458767623,0.0,1.0,-0.24057987833792754,0.9706293433329264,36.0,183.44812466949801
evt_inv_000383_0,cust_b2b_029,inv_000383,2026-04-28T12:36:38.985112+00:00,4180150,SEND_REMINDER,0.8500000000000001,0,4.302414111707602,0.215311004784689,-0.6332443402858255,0.0,1.0,-0.24019746395491037,0.9707240484862985,41.0,192.59055655297053
evt_inv_001525_0,cust_b2b_002,inv_001525,2026-04-28T12:57:17.105639+00:00,3487809,SEND_REMINDER,0.8500000000000001,0,2.7660252393855433,0.13744075829383887,-0.206514681977001,0.0,1.0,-0.23922620282657836,0.9709638633240564,34.0,191.11537602698843
evt_inv_004155_0,cust_b2b_007,inv_004155,2026-04-28T13:05:21.301960+00:00,5162065,SEND_REMINDER,0.8500000000000001,0,9.518658977217077,0.2974137931034483,0.5141104511295217,0.0,1.0,-0.23884630300578907,0.9710573842675142,41.0,195.34669513541314
evt_inv_003206_0,cust_b2b_008,inv_003206,2026-04-28T13:28:57.706706+00:00,10012157,SEND_REMINDER,0.8500000000000001,0,6.1407901446226205,0.2548076923076923,0.6016656251942819,0.0,1.0,-0.23773478394695535,0.9713301048056189,38.0,180.7305100065527
evt_inv_006603_1,cust_b2b_006,inv_006603,2026-04-28T13:36:42.585735+00:00,6339883,OFFER_PAYMENT_PLAN,0.8500000000000001,0,17.632435111363375,0.3212669683257919,0.35472930938873604,1.0,1.0,-0.23736990368280864,0.971419337271816,36.0,191.6956356143022
evt_inv_004526_0,cust_b2b_006,inv_004526,2026-04-28T13:51:43.330719+00:00,4235415,SEND_REMINDER,0.8500000000000001,0,9.206771013745467,0.31981981981981983,-0.5928725806236628,0.0,1.0,-0.23666282003761166,0.9715918431171832,37.0,191.70606090347528
evt_inv_006951_0,cust_b2b_005,inv_006951,2026-04-28T13:58:57.051528+00:00,9230000,SEND_REMINDER,0.8500000000000001,0,4.8233650757971915,0.24434389140271492,0.46842338577587583,0.0,1.0,-0.23632230502616605,0.971674723427094,29.0,188.92236247462668
evt_inv_008756_0,cust_b2b_038,inv_008756,2026-04-28T14:43:50.406509+00:00,3730297,SEND_REMINDER,0.8500000000000001,0,7.2336149279989534,0.2822966507177033,-0.33760099853839015,0.0,1.0,-0.23420709889640706,0.9721867283739933,36.0,191.61580893483497
evt_inv_004773_1,cust_b2b_024,inv_004773,2026-04-28T15:13:24.416054+00:00,4852308,OFFER_PAYMENT_PLAN,0.8500000000000001,0,17.230306957550145,0.13247863247863248,0.16755907627527972,1.0,1.0,-0.23281328725244585,0.9725214513205918,39.0,186.85226442642025
evt_inv_000458_1,cust_b2b_009,inv_000458,2026-04-28T15:20:45.465058+00:00,6617675,OFFER_PAYMENT_PLAN,0.8500000000000001,0,20.755595350151143,0.1652892561983471,0.3203435438027593,1.0,1.0,-0.23246668756424418,0.9726043590139354,44.0,186.5398730525661
evt_inv_005515_0,cust_b2b_021,inv_005515,2026-04-28T15:27:55.140706+00:00,12566680,SEND_REMINDER,0.8500000000000001,0,7.8662553141911555,0.32751091703056767,0.927958693944849,0.0,1.0,-0.23212899726954822,0.9726850099732359,39.0,190.64992304116836
evt_inv_004148_0,cust_b2b_020,inv_004148,2026-04-28T15:38:31.719196+00:00,6605997,SEND_REMINDER,0.8500000000000001,0,3.1332862656755562,0.3568281938325991,0.5801949424616388,0.0,1.0,-0.2316286466580745,0.9728042814705067,34.0,179.84417981867045
evt_inv_002087_1,cust_b2b_026,inv_002087,2026-04-28T15:46:14.264772+00:00,6028009,OFFER_PAYMENT_PLAN,0.8500000000000001,0,21.226921218587,0.2916666666666667,0.659346869847781,1.0,1.0,-0.231265047445275,0.9728907841223159,42.0,180.79366151615582
evt_inv_005454_0,cust_b2b_021,inv_005454,2026-04-28T16:36:04.699325+00:00,5147970,SEND_REMINDER,0.8500000000000001,0,9.659988787328519,0.32608695652173914,-1.0957286284050554,0.0,1.0,-0.22891354034745118,0.973446758197692,40.0,190.69725589555492
evt_inv_005265_1,cust_b2b_033,inv_005265,2026-04-28T17:02:08.515956+00:00,4955145,OFFER_PAYMENT_PLAN,0.8500000000000001,0,18.458240086129962,0.14479638009049775,0.3406137794423574,1.0,1.0,-0.22768331109093684,0.973735236011652,38.0,177.85819382366859
evt_inv_005510_1,cust_b2b_033,inv_005510,2026-04-28T17:03:12.289352+00:00,3785335,ESCALATE_COLLECTIONS,0.05,0,17.1593544048476,0.14414414414414414,-0.3299979140773806,1.0,1.0,-0.22763313386322936,0.9737469673213904,39.0,177.85893194167804
evt_inv_001362_0,cust_b2b_014,inv_001362,2026-04-28T17:08:23.805351+00:00,8491517,SEND_REMINDER,0.8500000000000001,1,4.744799749710159,0.24731182795698925,-0.49719375796447735,0.0,1.0,-0.22738802282807594,0.9738042344713533,26.0,194.95306699425612
evt_inv_003012_1,cust_b2b_002,inv_003012,2026-04-28T17:15:45.864419+00:00,2690697,OFFER_PAYMENT_PLAN,0.8500000000000001,0,19.595522674448212,0.13679245283018868,-0.730672614231114,1.0,1.0,-0.22704017148784106,0.9738853939405662,35.0,191.29487554991113
evt_inv_002866_0,cust_b2b_018,inv_002866,2026-04-28T17:23:39.707093+00:00,1734418,SEND_REMINDER,0.8500000000000001,1,7.613374725124727,0.6436170212765957,-0.36967276890131195,0.0,1.0,-0.226667277818643,0.9739722507167676,29.0,182.15008684643473
evt_inv_005029_1,cust_b2b_024,inv_005029,2026-04-28T18:06:12.718996+00:00,4498497,WRITE_OFF,0.05,1,20.223301855438336,0.13191489361702127,-0.02694859050386113,1.0,1.0,-0.22465759755046763,0.974437768081088,40.0,186.97226793268896
evt_inv_006256_0,cust_b2b_008,inv_006256,2026-04-28T18:09:46.532759+00:00,9223998,SEND_REMINDER,0.8500000000000001,0,3.514699823676845,0.2535885167464115,0.357501956082122,0.0,1.0,-0.22448924409722118,0.9744765668217262,38.0,180.92551956734397
evt_inv_001610_0,cust_b2b_012,inv_001610,2026-04-28T18:25:45.232489+00:00,4631192,SEND_REMINDER,0.8500000000000001,1,5.280321559832915,0.46875,0.516803400401299,0.0,1.0,-0.22373429733378533,0.9746501752919133,43.0,191.72223451519457
evt_inv_001435_0,cust_b2b_009,inv_001435,2026-04-28T18:30:37.394546+00:00,4938387,SEND_REMINDER,0.8500000000000001,1,2.2457381236360194,0.1646090534979424,-0.3953414536042034,0.0,1.0,-0.22350420192195602,0.9747029658943434,45.0,186.67172408830425
evt_inv_007845_0,cust_b2b_036,inv_007845,2026-04-28T18:56:45.471458+00:00,3101334,SEND_REMINDER,0.8500000000000001,0,4.633125668471621,0.2742616033755274,-0.42714147393187263,0.0,1.0,-0.22226903334795162,0.9749853726156958,43.0,193.24327451461895
evt_inv_007904_0,cust_b2b_001,inv_007904,2026-04-28T19:13:21.462904+00:00,4544054,SEND_REMINDER,0.8500000000000001,0,5.277825649047994,0.05392156862745098,-0.8568678406656774,0.0,1.0,-0.22148430902139496,0.975163935375645,39.0,181.68506791939816
evt_inv_004210_0,cust_b2b_023,inv_004210,2026-04-28T19:27:31.093560+00:00,2700890,OFFER_PAYMENT_PLAN,0.05,0,6.52833180120338,0.42990654205607476,0.4992625254520626,0.0,1.0,-0.22081478641545477,0.9753157591776609,34.0,182.10382097218096
evt_inv_001737_0,cust_b2b_032,inv_001737,2026-04-28T19:32:40.152669+00:00,7436157,SEND_REMINDER,0.8500000000000001,0,7.622759825895745,0.10452961672473868,0.33091767661309635,0.0,1.0,-0.22057121704225446,0.9753708721365933,45.0,196.74929004797085
evt_inv_001282_0,cust_b2b_006,inv_001282,2026-04-28T19:57:31.872564+00:00,4950415,SEND_REMINDER,0.8500000000000001,0,5.85252750424799,0.3183856502242152,-0.27092185806895297,0.0,1.0,-0.21939539997308266,0.9756360276612642,38.0,191.96009495259727
evt_inv_003369_0,cust_b2b_018,inv_003369,2026-04-28T20:09:21.491665+00:00,1629871,SEND_REMINDER,0.8500000000000001,1,9.976862978293369,0.6455026455026455,-0.4980849245349103,0.0,1.0,-0.21883594554249192,0.9757616660529986,30.0,182.26515379750694
evt_inv_008269_0,cust_b2b_025,inv_008269,2026-04-28T20:18:31.737640+00:00,14947727,SEND_REMINDER,0.8500000000000001,0,8.941748158676615,0.21691176470588236,1.1848181946327199,0.0,1.0,-0.21840208927035554,0.9758588665387755,41.0,189.96470835954048
evt_inv_008626_0,cust_b2b_005,inv_008626,2026-04-28T20:38:05.436257+00:00,10133161,SEND_REMINDER,0.8500000000000001,0,7.7414701015771925,0.24324324324324326,0.7588853434110003,0.0,1.0,-0.2174765107996908,0.976065554791476,29.0,189.1995428534444
evt_inv_001929_0,cust_b2b_004,inv_001929,2026-04-28T21:33:54.847066+00:00,3185084,ESCALATE_COLLECTIONS,0.05,0,1.9774359177000065,0.16593886462882096,0.03815189467681297,0.0,1.0,-0.21483409344438295,0.9766505579243429,41.0,193.2078556720895
evt_inv_004334_0,cust_b2b_010,inv_004334,2026-04-28T21:35:10.885368+00:00,2842304,SEND_REMINDER,0.8500000000000001,0,6.899528655753559,0.15023474178403756,-0.06484507033773387,0.0,1.0,-0.21477408696266864,0.9766637556341241,40.0,188.57296851943352
evt_inv_003300_1,cust_b2b_009,inv_003300,2026-04-28T21:37:59.834026+00:00,4563784,OFFER_PAYMENT_PLAN,0.8500000000000001,0,23.59123266296974,0.1680327868852459,-0.5549908679499636,1.0,1.0,-0.21464075632598273,0.9766930662822431,46.0,186.80184491562693
evt_inv_007435_1,cust_b2b_029,inv_007435,2026-04-28T21:45:22.605066+00:00,5716251,OFFER_PAYMENT_PLAN,0.8500000000000001,1,19.423089885196283,0.21428571428571427,0.05274173654967519,1.0,1.0,-0.21429131200143833,0.9767697956021686,41.0,192.97161696910538
evt_inv_005327_1,cust_b2b_004,inv_005327,2026-04-28T21:48:32.548759+00:00,2851530,OFFER_PAYMENT_PLAN,0.8500000000000001,0,20.65077143508501,0.16521739130434782,-0.2276525957573893,1.0,1.0,-0.21414139598794898,0.9768026732786579,41.0,193.21801425649676
evt_inv_003045_0,cust_b2b_006,inv_003045,2026-04-28T21:53:46.087839+00:00,4857250,WRITE_OFF,0.05,1,1.2143087195865228,0.3169642857142857,-0.3128722129604848,0.0,1.0,-0.21389391935851385,0.9768568939519512,39.0,192.04081503680857
evt_inv_005234_1,cust_b2b_000,inv_005234,2026-04-28T22:19:33.890674+00:00,6441736,ESCALATE_COLLECTIONS,0.05,0,16.486321360084396,0.35348837209302325,0.7858317741879591,1.0,1.0,-0.21267203656947495,0.9771236384723235,41.0,188.57839031824196
evt_inv_004216_0,cust_b2b_039,inv_004216,2026-04-28T22:30:46.028588+00:00,9699298,SEND_REMINDER,0.8500000000000001,0,8.823966843215311,0.42934782608695654,-0.27126435326708725,0.0,1.0,-0.2121413266855182,0.9772389971302354,33.0,181.83383085029243
evt_inv_002799_0,cust_b2b_033,inv_002799,2026-04-28T22:45:43.856917+00:00,4128383,WRITE_OFF,0.05,0,5.157589907498176,0.14349775784753363,-0.13334021407262225,0.0,1.0,-0.21143231748826222,0.9773926412253894,38.0,178.09679730702177
evt_inv_006779_1,cust_b2b_007,inv_006779,2026-04-28T22:46:44.729925+00:00,4197574,OFFER_PAYMENT_PLAN,0.8500000000000001,0,21.607283546216788,0.296137339055794,-0.049052553080944014,1.0,1.0,-0.21138424243738307,0.9774030397175842,42.0,195.75043851464332
evt_inv_005061_1,cust_b2b_032,inv_005061,2026-04-28T23:07:33.115100+00:00,6805011,OFFER_PAYMENT_PLAN,0.8500000000000001,0,19.20985141360821,0.10416666666666667,0.0906425971179419,1.0,1.0,-0.2103982054630838,0.9776157707084691,44.0,196.89851415017765
evt_inv_002443_0,cust_b2b_037,inv_002443,2026-04-28T23:30:22.959896+00:00,3462132,SEND_REMINDER,0.8500000000000001,0,1.7785602832760463,0.28440366972477066,0.48772538134786025,0.0,1.0,-0.20931598730724144,0.9778480543814538,32.0,189.1931015248143
evt_inv_006502_1,cust_b2b_035,inv_006502,2026-04-28T23:46:04.223827+00:00,6607057,OFFER_PAYMENT_PLAN,0.8500000000000001,1,22.623303057606034,0.35964912280701755,0.6222440703448483,1.0,1.0,-0.20857221206369136,0.9780069694817407,32.0,195.8013521308129
evt_inv_001040_1,cust_b2b_021,inv_001040,2026-04-29T00:19:32.837087+00:00,9901380,OFFER_PAYMENT_PLAN,0.8500000000000001,1,17.527232806790735,0.3246753246753247,0.20091412521637325,1.0,1.0,-0.20698462754715938,0.9783441950352462,40.0,191.01910934187765
evt_inv_007709_0,cust_b2b_019,inv_007709,2026-04-29T00:25:47.713413+00:00,2428107,SEND_REMINDER,0.8500000000000001,0,5.841783566406824,0.35964912280701755,-0.7180549991493412,0.0,1.0,-0.20668826916684388,0.9784068475786616,52.0,190.95614614557758
evt_inv_001397_0,cust_b2b_031,inv_001397,2026-04-29T00:29:04.161063+00:00,15129023,SEND_REMINDER,0.8500000000000001,0,9.883824809854469,0.29523809523809524,0.2464059444992993,0.0,1.0,-0.20653295995469245,0.978439643745261,42.0,190.35882910484312
evt_inv_000768_0,cust_b2b_026,inv_000768,2026-04-29T01:08:15.340285+00:00,3373222,SEND_REMINDER,0.8500000000000001,0,1.9640311852590235,0.29045643153526973,-0.7320566604413825,0.0,1.0,-0.20467374243757175,0.9788302504298683,42.0,181.18395174200077
evt_inv_006921_1,cust_b2b_000,inv_006921,2026-04-29T01:33:10.075339+00:00,5643872,OFFER_PAYMENT_PLAN,0.8500000000000001,0,17.750095843806946,0.35185185185185186,0.37885327040074773,1.0,1.0,-0.20349138183675508,0.9790767372980362,41.0,188.71283690000973
evt_inv_004587_0,cust_b2b_005,inv_004587,2026-04-29T01:36:12.176236+00:00,12126734,SEND_REMINDER,0.8500000000000001,0,8.75120881091705,0.242152466367713,1.4000303327023589,0.0,1.0,-0.20334731664087272,0.9791066687623757,30.0,189.40656530690327
evt_inv_005034_0,cust_b2b_014,inv_005034,2026-04-29T01:37:04.150590+00:00,11262270,SEND_REMINDER,0.8500000000000001,1,2.8108502643581783,0.25133689839572193,0.15631508836916708,0.0,1.0,-0.20330619744496142,0.9791152077669258,27.0,195.30631173081312
evt_inv_000069_0,cust_b2b_008,inv_000069,2026-04-29T01:41:54.783483+00:00,7786996,WRITE_OFF,0.05,1,7.766558841230703,0.2523809523809524,-0.08766681615633269,0.0,1.0,-0.20307625837877324,0.9791629247897807,39.0,181.23950395073174
evt_inv_000500_0,cust_b2b_020,inv_000500,2026-04-29T02:24:25.759511+00:00,8732040,SEND_REMINDER,0.8500000000000001,0,3.420214761095107,0.35526315789473684,1.5715106816266853,0.0,1.0,-0.2010575319567317,0.9795794346776926,34.0,180.29272195194025
evt_inv_003615_0,cust_b2b_021,inv_003615,2026-04-29T02:35:59.507517+00:00,9980292,OFFER_PAYMENT_PLAN,0.05,0,1.8404795630334696,0.3275862068965517,0.22243979416492396,0.0,1.0,-0.20050838322653913,0.9796919864201602,41.0,191.11386247184817
evt_inv_005207_0,cust_b2b_023,inv_005207,2026-04-29T02:36:12.445056+00:00,2148127,SEND_REMINDER,0.8500000000000001,0,1.7541832145004554,0.42790697674418604,-0.11456443813616989,0.0,1.0,-0.20049814168538718,0.9796940824465086,35.0,182.40152179967797
evt_inv_004493_0,cust_b2b_002,inv_004493,2026-04-29T02:57:40.226501+00:00,3215332,SEND_REMINDER,0.8500000000000001,0,6.0948174052629644,0.13615023474178403,-0.3856875545548887,0.0,1.0,-0.19947860601272063,0.97990218172184,35.0,191.69897696288845
evt_inv_000106_1,cust_b2b_023,inv_000106,2026-04-29T03:03:28.827416+00:00,2896686,OFFER_PAYMENT_PLAN,0.8500000000000001,0,20.61242691452185,0.42592592592592593,0.7166885230642477,1.0,1.0,-0.1992025817173562,0.979958331480038,36.0,182.42046141032833
evt_inv_005768_0,cust_b2b_022,inv_005768,2026-04-29T03:15:10.339957+00:00,1920342,SEND_REMINDER,0.8500000000000001,0,6.9170597993537655,0.20476190476190476,0.04799700512157471,0.0,1.0,-0.19864707199798806,0.980071089659636,47.0,185.6855105805029
evt_inv_008479_0,cust_b2b_011,inv_008479,2026-04-29T03:18:39.982885+00:00,1503790,SEND_REMINDER,0.8500000000000001,1,5.879768140130499,0.37320574162679426,-0.20053478369295505,0.0,1.0,-0.19848104876504444,0.9801047256702358,36.0,191.93493100868022
evt_inv_000414_0,cust_b2b_020,inv_000414,2026-04-29T03:21:21.458842+00:00,5585127,SEND_REMINDER,0.8500000000000001,0,6.968906447416159,0.3537117903930131,0.10419125750727924,0.0,1.0,-0.19835316668201278,0.9801306143913767,35.0,180.33225550901366
evt_inv_008122_0,cust_b2b_027,inv_008122,2026-04-29T03:43:56.022885+00:00,2325442,SEND_REMINDER,0.8500000000000001,0,8.430998307729954,0.168141592920354,-0.40992864065091944,0.0,1.0,-0.1972802768647011,0.9803471285010157,33.0,182.23728754941044
evt_inv_008791_0,cust_b2b_012,inv_008791,2026-04-29T04:11:02.658199+00:00,2675803,SEND_REMINDER,0.8500000000000001,1,1.5920980357852592,0.4711111111111111,-0.7569559711387893,0.0,1.0,-0.1959915793243182,0.9806055786267787,43.0,192.12868620165992
evt_inv_007168_0,cust_b2b_025,inv_007168,2026-04-29T04:17:45.677012+00:00,10407456,SEND_REMINDER,0.8500000000000001,1,1.137213424618964,0.21611721611721613,0.06557943006911636,0.0,1.0,-0.1956722363094491,0.9806693509729256,42.0,190.29750858376022
evt_inv_008529_0,cust_b2b_029,inv_008529,2026-04-29T04:23:55.963043+00:00,4702339,SEND_REMINDER,0.8500000000000001,0,2.0938218738768004,0.21800947867298578,-0.40004725935614954,0.0,1.0,-0.19537881172076285,0.9807278521234026,41.0,193.24839194569824
evt_inv_004802_1,cust_b2b_033,inv_004802,2026-04-29T05:14:00.348704+00:00,2824333,OFFER_PAYMENT_PLAN,0.8500000000000001,0,24.528028463059627,0.14285714285714285,-0.8809071786648996,1.0,1.0,-0.1929974115269774,0.9811992657681142,37.0,178.36643262862444
evt_inv_008582_0,cust_b2b_027,inv_008582,2026-04-29T05:14:41.709451+00:00,2294840,SEND_REMINDER,0.8500000000000001,0,9.085647833908327,0.16740088105726872,-0.43743284116689,0.0,1.0,-0.1929646193207249,0.9812057152760616,34.0,182.30031632911104
evt_inv_006386_1,cust_b2b_032,inv_006386,2026-04-29T05:21:15.975135+00:00,6511461,OFFER_PAYMENT_PLAN,0.8500000000000001,0,24.872579886218702,0.10380622837370242,-0.02111071849369643,1.0,1.0,-0.19265202127312533,0.9812671393149672,45.0,197.15803799318337
evt_inv_000218_0,cust_b2b_010,inv_000218,2026-04-29T05:42:34.806404+00:00,2043190,SEND_REMINDER,0.8500000000000001,0,6.5875840433148545,0.14953271028037382,-0.7494889697899462,0.0,1.0,-0.19163795090548227,0.9814656875167608,40.0,188.9114398277238
evt_inv_001067_1,cust_b2b_005,inv_001067,2026-04-29T05:43:15.462736+00:00,13089474,OFFER_PAYMENT_PLAN,0.8500000000000001,0,17.522113447120898,0.24107142857142858,1.709653024777125,1.0,1.0,-0.19160570843383617,0.9814719825321392,31.0,189.57813112287656
evt_inv_002556_1,cust_b2b_034,inv_002556,2026-04-29T06:05:07.980600+00:00,3779115,WRITE_OFF,0.05,0,24.391852936521495,0.4919786096256685,-0.68347570943538,1.0,1.0,-0.1905647062972646,0.9816746368903687,30.0,179.17691887986976
evt_inv_007444_1,cust_b2b_015,inv_007444,2026-04-29T06:06:38.363819+00:00,6087803,OFFER_PAYMENT_PLAN,0.8500000000000001,0,18.336710513841314,0.15246636771300448,-0.9181521085100809,1.0,1.0,-0.19049301241971023,0.9816885515372297,37.0,190.38161180556506
evt_inv_001439_0,cust_b2b_024,inv_001439,2026-04-29T06:13:57.208258+00:00,4435114,SEND_REMINDER,0.8500000000000001,0,5.230343662548863,0.13559322033898305,-0.06179333050619657,0.0,1.0,-0.1901448973094578,0.9817560379377229,40.0,187.47764396582087
evt_inv_003437_0,cust_b2b_022,inv_003437,2026-04-29T06:28:29.455266+00:00,1893212,SEND_REMINDER,0.8500000000000001,0,2.123558914547087,0.2037914691943128,0.011999112841188877,0.0,1.0,-0.1894529129312098,0.9818898073520671,48.0,185.81975960029135
evt_inv_004457_1,cust_b2b_012,inv_004457,2026-04-29T06:28:44.566522+00:00,3664527,OFFER_PAYMENT_PLAN,0.8500000000000001,1,21.070012190530317,0.47345132743362833,-0.11289138173213238,1.0,1.0,-0.18944092380764693,0.9818921205442609,44.0,192.22431014058193
evt_inv_002410_1,cust_b2b_016,inv_002410,2026-04-29T06:44:45.506906+00:00,9844483,ESCALATE_COLLECTIONS,0.05,0,20.265294994538817,0.24066390041493776,-0.023430588751760687,1.0,1.0,-0.18867846511246153,0.9820389181711718,31.0,184.96934742875828
evt_inv_007940_0,cust_b2b_010,inv_007940,2026-04-29T07:26:45.210211+00:00,2736929,OFFER_PAYMENT_PLAN,0.05,0,5.487115680326832,0.14883720930232558,-0.1551250688346073,0.0,1.0,-0.1866786660760726,0.9824210276821532,41.0,188.98378246438082
evt_inv_003637_1,cust_b2b_027,inv_003637,2026-04-29T07:27:50.519814+00:00,3767269,WRITE_OFF,0.05,0,16.387058047000163,0.16666666666666666,0.8859634213246281,1.0,1.0,-0.18662682183896465,0.9824308776551597,35.0,182.3927794120178
evt_inv_003939_0,cust_b2b_030,inv_003939,2026-04-29T07:29:01.626646+00:00,2771805,SEND_REMINDER,0.8500000000000001,1,9.738270719531148,0.3025210084033613,0.4199368439743344,0.0,1.0,-0.18657037504004076,0.982441598853295,45.0,197.15859345054173
evt_inv_001116_1,cust_b2b_023,inv_001116,2026-04-29T07:53:49.889554+00:00,2504254,OFFER_PAYMENT_PLAN,0.8500000000000001,0,17.783284446870354,0.423963133640553,0.28090433431881284,1.0,1.0,-0.1853888049192625,0.9826652487040577,37.0,182.62209407396665
evt_inv_002392_0,cust_b2b_020,inv_002392,2026-04-29T07:59:48.168723+00:00,4984181,SEND_REMINDER,0.8500000000000001,0,1.4642050915965519,0.3521739130434783,-0.1760129461726017,0.0,1.0,-0.18510431778831082,0.9827188771648401,36.0,180.52562020671152
evt_inv_008301_0,cust_b2b_001,inv_008301,2026-04-29T08:09:26.998403+00:00,6834657,SEND_REMINDER,0.8500000000000001,0,6.4808477095194466,0.05365853658536585,-0.02858446427822776,0.0,1.0,-0.1846446724917853,0.9828053443690675,39.0,182.22402087655465
evt_inv_000654_1,cust_b2b_010,inv_000654,2026-04-29T08:38:13.972527+00:00,3079203,OFFER_PAYMENT_PLAN,0.8500000000000001,0,19.213371565760433,0.14814814814814814,0.13811956551166504,1.0,1.0,-0.1832730527076841,0.9830620469488213,42.0,189.03342091711158
evt_inv_005729_0,cust_b2b_004,inv_005729,2026-04-29T08:50:30.684099+00:00,3034616,SEND_REMINDER,0.8500000000000001,0,2.5135740299730918,0.1645021645021645,-0.08175407474896823,0.0,1.0,-0.18268782334244155,0.9831709715010919,41.0,193.6777148970073
evt_inv_007656_0,cust_b2b_014,inv_007656,2026-04-29T09:03:51.327053+00:00,15616241,OFFER_PAYMENT_PLAN,0.05,0,6.541901437894995,0.2553191489361702,1.1832412107020327,0.0,1.0,-0.18205173472756941,0.9832889534021435,28.0,195.6165799769179
evt_inv_003950_1,cust_b2b_032,inv_003950,2026-04-29T09:09:59.154903+00:00,4473565,OFFER_PAYMENT_PLAN,0.8500000000000001,0,22.63818096502106,0.10344827586206896,-0.7969301645818914,1.0,1.0,-0.18175948014594848,0.9833430181666388,46.0,197.31687109235187
evt_inv_005161_0,cust_b2b_007,inv_005161,2026-04-29T09:24:51.081011+00:00,6507995,SEND_REMINDER,0.8500000000000001,0,5.4673923263883974,0.2948717948717949,1.2999937125981822,0.0,1.0,-0.18105074100257906,0.9834737562245457,43.0,196.19356757813162
evt_inv_005349_0,cust_b2b_021,inv_005349,2026-04-29T09:33:53.601286+00:00,7170759,SEND_REMINDER,0.8500000000000001,0,2.663831380070255,0.3261802575107296,-0.5439491721119614,0.0,1.0,-0.18061959945645442,0.9835530287138513,42.0,191.4040718904713
evt_inv_007563_0,cust_b2b_033,inv_007563,2026-04-29T09:40:31.067229+00:00,3455030,SEND_REMINDER,0.8500000000000001,0,6.86305687027934,0.14222222222222222,-0.5193503144628965,0.0,1.0,-0.180303710736688,0.9836109860582998,38.0,178.55151038932885
evt_inv_005617_1,cust_b2b_034,inv_005617,2026-04-29T09:51:19.000685+00:00,6135016,OFFER_PAYMENT_PLAN,0.8500000000000001,0,23.457265037307664,0.48936170212765956,0.4489458136683208,1.0,1.0,-0.17978872142969823,0.9837052483577966,30.0,179.3339908715916
evt_inv_003182_0,cust_b2b_007,inv_003182,2026-04-29T09:57:47.620933+00:00,2782928,SEND_REMINDER,0.8500000000000001,0,6.340705336087938,0.2936170212765957,-0.8750589936522848,0.0,1.0,-0.17947981532918697,0.9837616560373762,44.0,196.21644419760514
evt_inv_008518_0,cust_b2b_036,inv_008518,2026-04-29T10:03:18.494128+00:00,4963309,SEND_REMINDER,0.8500000000000001,1,1.897167845143455,0.27310924369747897,0.8173591361764156,0.0,1.0,-0.17921679720305672,0.9838096053608536,42.0,193.87282338811426
evt_inv_008805_1,cust_b2b_026,inv_008805,2026-04-29T10:18:09.608280+00:00,3718896,ESCALATE_COLLECTIONS,0.05,1,21.51883062236528,0.2892561983471074,-0.5508852088318773,1.0,1.0,-0.17850836799287723,0.9839383936794618,42.0,181.56582984380307
evt_inv_004231_0,cust_b2b_016,inv_004231,2026-04-29T10:36:57.275109+00:00,10748476,WRITE_OFF,0.05,0,5.588197006994576,0.2396694214876033,0.20398641526277558,0.0,1.0,-0.17761174852559383,0.9841006385455103,31.0,185.13059474593024
evt_inv_006551_0,cust_b2b_004,inv_006551,2026-04-29T10:39:15.288078+00:00,4338025,SEND_REMINDER,0.8500000000000001,0,8.230041946177185,0.16379310344827586,0.9569154549460384,0.0,1.0,-0.1775020028550713,0.9841204392666775,42.0,193.75323114676385
evt_inv_003790_0,cust_b2b_038,inv_003790,2026-04-29T10:49:14.421272+00:00,4402425,SEND_REMINDER,0.8500000000000001,1,2.9735579348353944,0.28095238095238095,0.052021462727362584,0.0,1.0,-0.17702555629728045,0.9842062550185496,35.0,192.45289243904077
evt_inv_001516_1,cust_b2b_001,inv_001516,2026-04-29T10:59:38.121942+00:00,6857771,ESCALATE_COLLECTIONS,0.05,0,20.297726144395924,0.05339805825242718,-0.02022650051007772,1.0,1.0,-0.17652952895996513,0.9842953446020015,40.0,182.34220517677394
evt_inv_002225_0,cust_b2b_009,inv_002225,2026-04-29T11:23:04.721708+00:00,6176133,SEND_REMINDER,0.8500000000000001,0,1.1793833542319063,0.1673469387755102,0.13216536016578528,0.0,1.0,-0.17541069985458213,0.9844953460410698,47.0,187.3748181526821
evt_inv_008887_1,cust_b2b_027,inv_008887,2026-04-29T11:47:04.620547+00:00,1679113,OFFER_PAYMENT_PLAN,0.8500000000000001,0,19.111003903021054,0.16593886462882096,-0.99083909303197,1.0,1.0,-0.1742651495117087,0.9846987649355826,35.0,182.57280372605297
evt_inv_001163_1,cust_b2b_023,inv_001163,2026-04-29T11:47:49.913836+00:00,1942048,OFFER_PAYMENT_PLAN,0.8500000000000001,0,17.582756239600283,0.42201834862385323,-0.3434103332193193,1.0,1.0,-0.17422911137970337,0.9847051420338166,38.0,182.784594355002
evt_inv_006477_0,cust_b2b_025,inv_006477,2026-04-29T12:54:48.510271+00:00,12738113,SEND_REMINDER,0.8500000000000001,0,4.965778719843856,0.21897810218978103,0.6401182213344766,0.0,1.0,-0.17103074513368743,0.9852656921962805,41.0,190.65656915389022
evt_inv_001721_0,cust_b2b_024,inv_001721,2026-04-29T13:14:38.196369+00:00,4627704,ESCALATE_COLLECTIONS,0.05,0,6.472919245180785,0.1350210970464135,0.044082943938719414,0.0,1.0,-0.17008353675678975,0.9854296476787685,40.0,187.76978503191296
evt_inv_004936_0,cust_b2b_037,inv_004936,2026-04-29T13:23:48.499078+00:00,2768844,SEND_REMINDER,0.8500000000000001,0,4.188413594202381,0.2831050228310502,-0.11056324355456024,0.0,1.0,-0.16964534163092554,0.9855051791152224,32.0,189.7718693394198
evt_inv_008007_0,cust_b2b_023,inv_008007,2026-04-29T13:36:37.505366+00:00,1917547,SEND_REMINDER,0.8500000000000001,1,1.082118717194001,0.4200913242009132,-0.3706176485748441,0.0,1.0,-0.16903294101750735,0.9856104021625238,39.0,182.8601451829028
evt_inv_001990_0,cust_b2b_031,inv_001990,2026-04-29T13:53:41.298674+00:00,14554325,SEND_REMINDER,0.8500000000000001,0,6.725269856859438,0.2938388625592417,0.1420797046597227,0.0,1.0,-0.16821753870645084,0.9857498971197226,40.0,190.91759227164417
evt_inv_004222_1,cust_b2b_015,inv_004222,2026-04-29T13:56:08.571887+00:00,12674952,ESCALATE_COLLECTIONS,0.05,0,20.709550879595913,0.15178571428571427,0.7934451981301099,1.0,1.0,-0.1681002331657419,0.9857699080463063,38.0,190.7076558804239
evt_inv_008700_0,cust_b2b_027,inv_008700,2026-04-29T13:56:36.221126+00:00,3975054,SEND_REMINDER,0.8500000000000001,0,9.151703384679584,0.16521739130434782,1.072717181833651,0.0,1.0,-0.16807820982526245,0.985773663363926,36.0,182.6627528068298
evt_inv_003638_0,cust_b2b_039,inv_003638,2026-04-29T13:58:22.741106+00:00,12366856,SEND_REMINDER,0.8500000000000001,0,9.685497318466956,0.42702702702702705,0.3416957274117785,0.0,1.0,-0.16799336309938695,0.9857881263002499,31.0,182.47800576369855
evt_inv_004751_1,cust_b2b_010,inv_004751,2026-04-29T14:18:48.770475+00:00,2844355,OFFER_PAYMENT_PLAN,0.8500000000000001,0,17.847038226079405,0.14746543778801843,-0.06308719822381384,1.0,1.0,-0.16701670026830803,0.9859540667959569,42.0,189.26993478225077
evt_inv_002368_0,cust_b2b_000,inv_002368,2026-04-29T14:44:07.550311+00:00,5855136,SEND_REMINDER,0.8500000000000001,1,1.5475536314191993,0.35023041474654376,0.4866159032451606,0.0,1.0,-0.16580660335897293,0.9861582886547982,41.0,189.26211323070478
evt_inv_004666_1,cust_b2b_028,inv_004666,2026-04-29T14:49:32.978911+00:00,6221387,OFFER_PAYMENT_PLAN,0.8500000000000001,1,18.021812232412728,0.3438914027149321,0.5243829719454788,1.0,1.0,-0.16554728363021587,0.9862018540251569,36.0,179.415553245687
evt_inv_008821_0,cust_b2b_012,inv_008821,2026-04-29T15:05:46.962450+00:00,3276669,SEND_REMINDER,0.8500000000000001,1,2.5516038845500657,0.47577092511013214,-0.36554582445768335,0.0,1.0,-0.16477109068800724,0.9863318344621573,44.0,192.5833656490021
evt_inv_005068_0,cust_b2b_028,inv_005068,2026-04-29T15:15:36.452410+00:00,5329702,SEND_REMINDER,0.8500000000000001,0,3.4797875290579086,0.34684684684684686,0.0909106094269174,0.0,1.0,-0.16430126112349852,0.9864102065536569,37.0,179.43364900377978
evt_inv_002336_0,cust_b2b_009,inv_002336,2026-04-29T15:34:07.317482+00:00,3927210,ESCALATE_COLLECTIONS,0.05,0,7.366708034931928,0.16666666666666666,-0.8262881304103752,0.0,1.0,-0.16341578900285073,0.9865572866816077,48.0,187.54915375192232
evt_inv_006381_0,cust_b2b_008,inv_006381,2026-04-29T15:38:10.897993+00:00,7342329,SEND_REMINDER,0.8500000000000001,0,6.709090226557799,0.2559241706161137,-0.22542012868331388,0.0,1.0,-0.16322161300830876,0.9865894308408975,37.0,181.82024601681556
evt_inv_000115_1,cust_b2b_032,inv_000115,2026-04-29T16:11:13.667787+00:00,7040651,OFFER_PAYMENT_PLAN,0.8500000000000001,0,19.283645684116106,0.10309278350515463,0.18034999075555389,1.0,1.0,-0.16164076638610986,0.986849665674621,46.0,197.6094001766479
evt_inv_006335_0,cust_b2b_004,inv_006335,2026-04-29T16:16:02.278538+00:00,4309869,OFFER_PAYMENT_PLAN,0.05,1,4.74134120953249,0.1630901287553648,0.934478516870402,0.0,1.0,-0.16141062463658845,0.9868873341240257,43.0,193.98710835116177
evt_inv_001066_1,cust_b2b_008,inv_001066,2026-04-29T16:20:47.783032+00:00,10050414,SEND_REMINDER,0.05,0,20.250032532478862,0.25471698113207547,0.6135173008546115,1.0,1.0,-0.1611829512173914,0.9869245443481746,38.0,181.84983959365218
evt_inv_004430_0,cust_b2b_030,inv_004430,2026-04-29T16:22:30.693196+00:00,3661295,SEND_REMINDER,0.8500000000000001,0,7.012337799522661,0.3054393305439331,1.3569635219352794,0.0,1.0,-0.1611008841739101,0.9869379439044709,43.0,197.5290687578366
evt_inv_004900_0,cust_b2b_027,inv_004900,2026-04-29T16:23:01.776617+00:00,3270732,SEND_REMINDER,0.8500000000000001,0,5.090024550371403,0.1645021645021645,0.43968379830864013,0.0,1.0,-0.16107609607849063,0.9869419898211408,37.0,182.76443747686343
evt_inv_000031_1,cust_b2b_016,inv_000031,2026-04-29T16:28:11.369220+00:00,10519857,OFFER_PAYMENT_PLAN,0.8500000000000001,0,21.95033977996627,0.23868312757201646,0.14647284226031607,1.0,1.0,-0.16082919972250032,0.9869822533949737,31.0,185.37450787221692
evt_inv_000339_0,cust_b2b_012,inv_000339,2026-04-29T16:31:44.832592+00:00,4128023,SEND_REMINDER,0.8500000000000001,1,7.288113705640428,0.4780701754385965,0.1890344933980818,0.0,1.0,-0.1606589594031713,0.9870099790597308,44.0,192.6430632200912
evt_inv_002875_1,cust_b2b_012,inv_002875,2026-04-29T16:34:39.409762+00:00,3248765,OFFER_PAYMENT_PLAN,0.8500000000000001,1,23.53774841413413,0.48034934497816595,-0.3837229498657078,1.0,1.0,-0.16051972787395544,0.9870326321673825,45.0,192.6450837891865
evt_inv_000003_0,cust_b2b_001,inv_000003,2026-04-29T17:06:22.662489+00:00,7624663,SEND_REMINDER,0.8500000000000001,0,8.604921920064964,0.05314009661835749,0.25708226631599,0.0,1.0,-0.15900160919904305,0.987278323610984,40.0,182.59688735903606
evt_inv_006675_0,cust_b2b_032,inv_006675,2026-04-29T17:34:03.223579+00:00,7453175,SEND_REMINDER,0.8500000000000001,0,3.6135259403781377,0.10273972602739725,0.3373963012154752,0.0,1.0,-0.1576767648217621,0.9874907786077513,47.0,197.66691818350864
evt_inv_008102_0,cust_b2b_023,inv_008102,2026-04-29T18:03:27.029745+00:00,2962852,SEND_REMINDER,0.8500000000000001,0,7.885850976868607,0.42272727272727273,0.790164925070378,0.0,1.0,-0.15626923765047582,0.9877144958762826,40.0,183.04544060395025
evt_inv_008838_0,cust_b2b_021,inv_008838,2026-04-29T18:06:32.260877+00:00,8945125,SEND_REMINDER,0.8500000000000001,0,6.22188220251557,0.3247863247863248,-0.05993471029053336,0.0,1.0,-0.15612140370622044,0.9877378737827154,42.0,191.76007489499443
evt_inv_006651_0,cust_b2b_032,inv_006651,2026-04-29T18:13:23.318034+00:00,7949462,SEND_REMINDER,0.8500000000000001,0,9.014807023876658,0.10238907849829351,0.5263309058078727,0.0,1.0,-0.15579332433096188,0.987789674016644,48.0,197.69423409154578
evt_inv_005133_1,cust_b2b_035,inv_005133,2026-04-29T18:13:50.936101+00:00,5709580,OFFER_PAYMENT_PLAN,0.8500000000000001,1,21.700467607446466,0.3624454148471616,0.19813035526872605,1.0,1.0,-0.15577128075043534,0.9877931504588241,31.0,196.5706427821217
evt_inv_001547_1,cust_b2b_031,inv_001547,2026-04-29T18:24:28.413966+00:00,17311726,OFFER_PAYMENT_PLAN,0.8500000000000001,0,23.219466071478323,0.29245283018867924,0.6426369004789901,1.0,1.0,-0.15526245116465137,0.9878732566773656,40.0,191.10563758751735
evt_inv_000096_0,cust_b2b_005,inv_000096,2026-04-29T18:41:17.372766+00:00,9115378,SEND_REMINDER,0.8500000000000001,0,3.259104076062645,0.24,0.43156021285747237,0.0,1.0,-0.1544570244087842,0.9879995079000718,32.0,190.11843100747998
evt_inv_007716_0,cust_b2b_015,inv_007716,2026-04-29T18:42:32.425848+00:00,8287016,WRITE_OFF,0.05,1,4.0557290957661944,0.1511111111111111,-0.34671118422077624,0.0,1.0,-0.15439710728853556,0.9880088730679155,38.0,190.90654307904802
evt_inv_000496_1,cust_b2b_027,inv_000496,2026-04-29T18:43:10.063716+00:00,2408539,OFFER_PAYMENT_PLAN,0.8500000000000001,0,23.62834231114669,0.16379310344827586,-0.33524242673733484,1.0,1.0,-0.15436705963853395,0.9880135681753329,38.0,182.8617556145822
evt_inv_006330_0,cust_b2b_001,inv_006330,2026-04-29T18:57:53.317152+00:00,6572005,SEND_REMINDER,0.8500000000000001,0,6.350440297193032,0.052884615384615384,-0.12355939733349919,0.0,1.0,-0.153661886052022,0.9881234866022239,41.0,182.6743254917134
evt_inv_005986_1,cust_b2b_027,inv_005986,2026-04-29T18:59:21.777741+00:00,2572146,ESCALATE_COLLECTIONS,0.05,0,24.593342724875303,0.1630901287553648,-0.18819493098028417,1.0,1.0,-0.15359125639870763,0.9881344675487574,38.0,182.87300230468017
evt_inv_006113_1,cust_b2b_035,inv_006113,2026-04-29T19:07:51.752350+00:00,5732935,OFFER_PAYMENT_PLAN,0.8500000000000001,0,22.18887197453084,0.3652173913043478,0.2091671798093104,1.0,1.0,-0.15318406170016843,0.9881976741730568,32.0,196.60815222945794
evt_inv_008519_0,cust_b2b_013,inv_008519,2026-04-29T19:18:23.838099+00:00,1920025,SEND_REMINDER,0.8500000000000001,0,2.5530102445489202,0.1935483870967742,-0.5117708803294431,0.0,1.0,-0.1526793299614031,0.9882757824628392,37.0,193.50176595821722
evt_inv_006973_0,cust_b2b_027,inv_006973,2026-04-29T19:29:08.338038+00:00,2639993,SEND_REMINDER,0.8500000000000001,0,7.166811750702904,0.1623931623931624,-0.12721482601745895,0.0,1.0,-0.1521646442627053,0.9883551593614536,38.0,182.89368008590588
evt_inv_006247_1,cust_b2b_004,inv_006247,2026-04-29T19:41:07.400837+00:00,3138232,OFFER_PAYMENT_PLAN,0.8500000000000001,0,17.01830369729695,0.16666666666666666,0.000816131876515287,1.0,1.0,-0.1515903653485886,0.9884434031007954,43.0,194.1295287481505
evt_inv_000843_1,cust_b2b_000,inv_000843,2026-04-29T19:49:38.861584+00:00,3960183,OFFER_PAYMENT_PLAN,0.8500000000000001,0,19.26168931304461,0.3532110091743119,-0.47997088731072923,1.0,1.0,-0.15118185648669183,0.9885059667342617,42.0,189.47428118525704
evt_inv_003841_0,cust_b2b_026,inv_003841,2026-04-29T19:57:14.488355+00:00,5219151,OFFER_PAYMENT_PLAN,0.05,0,1.8741586435778088,0.29218106995884774,0.23541515128878712,0.0,1.0,-0.15081792103614539,0.9885615583737489,40.0,181.96796965948045
evt_inv_006649_0,cust_b2b_039,inv_006649,2026-04-29T20:04:19.653603+00:00,10798775,SEND_REMINDER,0.8500000000000001,0,6.331818154173659,0.42473118279569894,-0.018623051885610586,0.0,1.0,-0.15047829852675262,0.9886133125102522,32.0,182.7321366953802
evt_inv_001483_1,cust_b2b_032,inv_001483,2026-04-29T20:04:22.299787+00:00,6271852,OFFER_PAYMENT_PLAN,0.8500000000000001,0,24.149810741205222,0.10204081632653061,-0.11232911891477122,1.0,1.0,-0.15047618469614538,0.9886136342572317,48.0,197.77130563961737
evt_inv_004939_0,cust_b2b_025,inv_004939,2026-04-29T20:10:43.327420+00:00,11854240,SEND_REMINDER,0.8500000000000001,0,5.174205675010723,0.21818181818181817,0.4222315956945786,0.0,1.0,-0.15017180417659354,0.988659915861034,42.0,190.95928694496357
evt_inv_004428_1,cust_b2b_019,inv_004428,2026-04-29T20:28:34.458775+00:00,4189128,OFFER_PAYMENT_PLAN,0.8500000000000001,0,21.923691253072437,0.35807860262008734,0.5743271347985135,1.0,1.0,-0.1493160643058706,0.988789519028294,52.0,191.79140940207796
evt_inv_002794_1,cust_b2b_034,inv_002794,2026-04-29T20:30:38.331573+00:00,5899585,OFFER_PAYMENT_PLAN,0.8500000000000001,1,16.119738426467492,0.48677248677248675,0.33578011335413965,1.0,1.0,-0.14921709359272076,0.9888044594254929,29.0,179.7779646087216
evt_inv_008581_0,cust_b2b_014,inv_008581,2026-04-29T20:31:08.016867+00:00,10314001,SEND_REMINDER,0.8500000000000001,0,8.990015685884188,0.25396825396825395,-0.06734324738116494,0.0,1.0,-0.14919337569567523,0.9888080383211542,28.0,196.09385647939428
evt_inv_008100_0,cust_b2b_015,inv_008100,2026-04-29T20:34:29.672401+00:00,13697137,SEND_REMINDER,0.8500000000000001,0,1.156649115008421,0.15486725663716813,1.0590485056109833,0.0,1.0,-0.149032255090173,0.9888323351017287,38.0,190.98428898822522
evt_inv_001138_1,cust_b2b_037,inv_001138,2026-04-29T20:37:36.563195+00:00,3892226,WRITE_OFF,0.05,0,18.693927710498308,0.2818181818181818,0.8588849602823662,1.0,1.0,-0.14888292781954626,0.9888548294890812,32.0,190.0731200815204
evt_inv_000973_1,cust_b2b_026,inv_000973,2026-04-29T20:47:37.450545+00:00,4082601,OFFER_PAYMENT_PLAN,0.8500000000000001,1,23.70147169394065,0.29098360655737704,-0.360263418367387,1.0,1.0,-0.14840279093226813,0.9889270001590176,41.0,182.00295764778738
evt_inv_001953_0,cust_b2b_030,inv_001953,2026-04-29T21:01:38.588089+00:00,2988456,SEND_REMINDER,0.8500000000000001,0,4.180337324744917,0.30416666666666664,0.6481665411405659,0.0,1.0,-0.14773062424879885,0.9890276349319367,43.0,197.72291013390725
evt_inv_001391_0,cust_b2b_004,inv_001391,2026-04-29T21:06:12.924149+00:00,2357464,SEND_REMINDER,0.8500000000000001,0,3.7448071145655337,0.16595744680851063,-0.6213673138173724,0.0,1.0,-0.14751138307081005,0.9890603580492632,44.0,194.1886204531486
evt_inv_005017_1,cust_b2b_032,inv_005017,2026-04-29T21:22:52.158121+00:00,8114393,OFFER_PAYMENT_PLAN,0.8500000000000001,0,22.60792450166392,0.1016949152542373,0.589119516432928,1.0,1.0,-0.1467127639512532,0.9891791369078625,49.0,197.82581788885554
evt_inv_008705_0,cust_b2b_004,inv_008705,2026-04-29T21:59:26.382861+00:00,2677226,SEND_REMINDER,0.8500000000000001,0,4.389342442209064,0.1652542372881356,-0.36655316054074283,0.0,1.0,-0.1449587358670822,0.9894377013717526,45.0,194.22558178083614
evt_inv_004379_1,cust_b2b_035,inv_004379,2026-04-29T22:05:55.867282+00:00,5479703,OFFER_PAYMENT_PLAN,0.8500000000000001,0,24.02552363839895,0.36363636363636365,0.08949930235372393,1.0,1.0,-0.14464734048616668,0.9894832726682543,32.0,196.73181096709106
evt_inv_001196_1,cust_b2b_003,inv_001196,2026-04-29T22:37:07.378169+00:00,3018353,OFFER_PAYMENT_PLAN,0.8500000000000001,1,19.74807270808128,0.16593886462882096,-0.9251486256814102,1.0,1.0,-0.14315085583668138,0.9897008803033499,35.0,184.87076311803636
evt_inv_000360_0,cust_b2b_033,inv_000360,2026-04-29T22:39:39.255448+00:00,4596050,SEND_REMINDER,0.8500000000000001,0,4.890597858818735,0.1415929203539823,0.13475694118297973,0.0,1.0,-0.1430293983655548,0.9897184403673539,37.0,179.09257738260567
evt_inv_006737_0,cust_b2b_018,inv_006737,2026-04-29T22:40:32.893401+00:00,1797325,SEND_REMINDER,0.8500000000000001,1,3.2139653767177316,0.6473684210526316,-0.29240581879383715,0.0,1.0,-0.1429865031517235,0.9897246384305294,28.0,183.37014687315332
evt_inv_004081_1,cust_b2b_039,inv_004081,2026-04-29T22:49:45.832150+00:00,11209030,OFFER_PAYMENT_PLAN,0.8500000000000001,0,20.507902548683933,0.42245989304812837,0.07564660868567491,1.0,1.0,-0.14254429267752988,0.9897884241720868,33.0,182.84702302114985
evt_inv_006773_0,cust_b2b_007,inv_006773,2026-04-29T23:08:46.997682+00:00,4824245,SEND_REMINDER,0.8500000000000001,1,2.8949785704164097,0.2923728813559322,0.3168583941807687,0.0,1.0,-0.14163156040596572,0.9899194417208762,44.0,196.76574253961223
evt_inv_004562_1,cust_b2b_020,inv_004562,2026-04-29T23:11:08.932142+00:00,6734458,OFFER_PAYMENT_PLAN,0.8500000000000001,0,19.325471741371942,0.35064935064935066,0.6400929523134132,1.0,1.0,-0.1415180292966937,0.9899356784074308,36.0,181.15849941295315
evt_inv_003670_0,cust_b2b_023,inv_003670,2026-04-29T23:25:40.444471+00:00,2536388,ESCALATE_COLLECTIONS,0.05,0,9.89278659838683,0.42081447963800905,0.31658801550727783,0.0,1.0,-0.14082087974450702,0.9900350902003338,39.0,183.26920697809896
evt_inv_005348_0,cust_b2b_027,inv_005348,2026-04-29T23:28:49.886850+00:00,2861639,ESCALATE_COLLECTIONS,0.05,1,9.670368753334268,0.16170212765957448,0.07199706389862094,0.0,1.0,-0.14066932969997875,0.9900566345829711,39.0,183.060133197151
evt_inv_004347_0,cust_b2b_037,inv_004347,2026-04-29T23:29:44.730690+00:00,4871645,SEND_REMINDER,0.8500000000000001,0,1.489716045738204,0.28054298642533937,1.7040975048419966,0.0,1.0,-0.14062545512984598,0.9900628673824323,31.0,190.19265905714943
evt_inv_003257_1,cust_b2b_033,inv_003257,2026-04-29T23:47:26.330484+00:00,3983079,OFFER_PAYMENT_PLAN,0.8500000000000001,0,21.826151270562775,0.14096916299559473,-0.21663819665230588,1.0,1.0,-0.13977613069731992,0.990183131186997,38.0,179.13965001034134
evt_inv_003295_0,cust_b2b_030,inv_003295,2026-04-29T23:58:48.466548+00:00,2422522,SEND_REMINDER,0.8500000000000001,1,5.1239530396853326,0.3029045643153527,0.05198778491813096,0.0,1.0,-0.13923033887565928,0.9902600227902614,44.0,197.84594113459283
evt_inv_008481_0,cust_b2b_025,inv_008481,2026-04-30T00:20:46.791124+00:00,9507437,SEND_REMINDER,0.8500000000000001,0,3.0751440898638513,0.21739130434782608,-0.15628751829576687,0.0,1.0,-0.1381753991406417,0.9904077741376651,42.0,191.1329381452417
evt_inv_004317_0,cust_b2b_024,inv_004317,2026-04-30T00:50:07.662731+00:00,4226425,SEND_REMINDER,0.8500000000000001,0,6.335071706856924,0.13445378151260504,-0.17652070388680655,0.0,1.0,-0.1367660833968479,0.9906033708968925,40.0,188.2527649666606
evt_inv_003274_1,cust_b2b_034,inv_003274,2026-04-30T00:53:25.429655+00:00,3529673,OFFER_PAYMENT_PLAN,0.8500000000000001,1,21.350104881590447,0.48947368421052634,-0.803376077567808,1.0,1.0,-0.1366077830504147,0.990625213494009,30.0,179.96045416985643
evt_inv_001062_0,cust_b2b_026,inv_001062,2026-04-30T00:53:44.316694+00:00,3576980,SEND_REMINDER,0.8500000000000001,0,7.2249667788727505,0.2938775510204082,-0.6252650856573608,0.0,1.0,-0.13659266494604516,0.9906272981716875,42.0,182.1738704504444
evt_inv_001870_1,cust_b2b_026,inv_001870,2026-04-30T01:16:18.731999+00:00,5575928,WRITE_OFF,0.05,0,20.70357964376302,0.2926829268292683,0.42240584959936844,1.0,1.0,-0.13550844238451998,0.9907761917014969,43.0,182.18954655350612
evt_inv_008117_0,cust_b2b_030,inv_008117,2026-04-30T01:37:07.782311+00:00,2307271,WRITE_OFF,0.05,1,1.4784835834094512,0.30578512396694213,-0.0694227421710219,0.0,1.0,-0.13450842163782903,0.9909124504760751,45.0,197.91422025221254
evt_inv_005524_0,cust_b2b_019,inv_005524,2026-04-30T01:39:59.996856+00:00,4016648,WRITE_OFF,0.05,1,1.3596789845762511,0.3565217391304348,0.44774737586001734,0.0,1.0,-0.13437053161852694,0.9909311581702104,51.0,192.00767720395
evt_inv_004153_1,cust_b2b_038,inv_004153,2026-04-30T01:40:43.644856+00:00,2844284,OFFER_PAYMENT_PLAN,0.8500000000000001,0,17.22687238832173,0.2843601895734597,-0.8512102407757987,1.0,1.0,-0.13433558280089955,0.990935896611654,35.0,193.0719806749684
evt_inv_007779_0,cust_b2b_025,inv_007779,2026-04-30T01:46:15.045928+00:00,13139277,SEND_REMINDER,0.8500000000000001,0,1.696069940975915,0.21660649819494585,0.7390104808838995,0.0,1.0,-0.1340702255477603,0.9909718334148416,42.0,191.19229294620627
evt_inv_004421_1,cust_b2b_027,inv_004421,2026-04-30T01:51:35.539845+00:00,2548056,OFFER_PAYMENT_PLAN,0.8500000000000001,0,24.039747918265128,0.1652542372881356,-0.209846741027814,1.0,1.0,-0.13381359265360843,0.9910065198681258,39.0,183.1592726994079
evt_inv_007133_0,cust_b2b_023,inv_007133,2026-04-30T02:10:16.144856+00:00,3521140,SEND_REMINDER,0.8500000000000001,0,7.53260318765779,0.4189189189189189,1.4101272860487837,0.0,1.0,-0.13291620688604297,0.9911272783790317,39.0,183.38350906587834
evt_inv_005406_0,cust_b2b_007,inv_005406,2026-04-30T02:11:14.662237+00:00,3854623,SEND_REMINDER,0.8500000000000001,0,3.1056791809582904,0.29535864978902954,-0.2493004435739607,0.0,1.0,-0.13286934289112212,0.9911335619984228,45.0,196.89245162010593
evt_inv_007751_0,cust_b2b_021,inv_007751,2026-04-30T02:46:53.764530+00:00,9890427,SEND_REMINDER,0.8500000000000001,0,8.954688538762035,0.32340425531914896,0.19792633103322613,0.0,1.0,-0.13115602697799342,0.9913617385129143,41.0,192.1214348909817
evt_inv_008484_0,cust_b2b_012,inv_008484,2026-04-30T03:17:59.927118+00:00,3724925,SEND_REMINDER,0.8500000000000001,1,7.115250044811611,0.4826086956521739,-0.0735478626615791,0.0,1.0,-0.12966100216292942,0.9915583818001362,46.0,193.0918490363721
evt_inv_005340_1,cust_b2b_010,inv_005340,2026-04-30T03:40:41.231513+00:00,2933382,OFFER_PAYMENT_PLAN,0.8500000000000001,0,16.73890564021788,0.14678899082568808,0.013186361012364702,1.0,1.0,-0.12857024443609089,0.9917004044799235,43.0,189.82679197019084
evt_inv_004172_0,cust_b2b_013,inv_004172,2026-04-30T03:47:08.668588+00:00,2019182,SEND_REMINDER,0.8500000000000001,0,8.412057301399415,0.1927710843373494,-0.4090915684914299,0.0,1.0,-0.1282597784045753,0.9917406058257418,38.0,193.85506260740064
evt_inv_008105_0,cust_b2b_010,inv_008105,2026-04-30T03:55:08.392837+00:00,2968942,SEND_REMINDER,0.8500000000000001,0,4.843805583877682,0.1461187214611872,0.043652654829190764,0.0,1.0,-0.12787534222011168,0.9917902484155051,44.0,189.83682855959015
evt_inv_004654_0,cust_b2b_006,inv_004654,2026-04-30T04:12:29.631574+00:00,3932035,SEND_REMINDER,0.8500000000000001,0,2.1912103292481917,0.32,-0.7294791376254891,0.0,1.0,-0.12704085964892425,0.991897484612025,38.0,193.30381901521574
evt_inv_003976_0,cust_b2b_026,inv_003976,2026-04-30T04:30:40.096967+00:00,4621797,ESCALATE_COLLECTIONS,0.05,0,8.102440769523042,0.291497975708502,-0.07766483006183263,0.0,1.0,-0.12616682884010263,0.9920090379126756,43.0,182.32451605544932
evt_inv_000088_0,cust_b2b_008,inv_000088,2026-04-30T05:36:48.385737+00:00,8321238,SEND_REMINDER,0.8500000000000001,0,1.1958761820273773,0.2535211267605634,0.07783596289629459,0.0,1.0,-0.12298534065475047,0.9924084874607003,37.0,182.4026243471892
evt_inv_002205_0,cust_b2b_014,inv_002205,2026-04-30T05:50:43.707866+00:00,11758615,SEND_REMINDER,0.8500000000000001,0,7.608468224609368,0.25263157894736843,0.27338277125246724,0.0,1.0,-0.12231547732650712,0.9924912715013612,28.0,196.48246401410844
evt_inv_004916_1,cust_b2b_019,inv_004916,2026-04-30T06:10:08.170541+00:00,3217039,OFFER_PAYMENT_PLAN,0.8500000000000001,1,21.034579325648526,0.3593073593073593,-0.1390716077000934,1.0,1.0,-0.12138157598285756,0.9926059202986439,50.0,192.19527180678446
evt_inv_005143_0,cust_b2b_015,inv_005143,2026-04-30T06:14:37.639643+00:00,8438703,WRITE_OFF,0.05,0,1.9406101881025146,0.15418502202643172,-0.30729681717275337,0.0,1.0,-0.12116544589425655,0.992632326050913,38.0,191.387158979462
evt_inv_001009_0,cust_b2b_028,inv_001009,2026-04-30T06:24:11.435547+00:00,5348282,SEND_REMINDER,0.8500000000000001,0,6.605213070304262,0.3452914798206278,0.09994324088230075,0.0,1.0,-0.120705208664007,0.9926883965280235,34.0,180.06460945675335
evt_inv_005272_0,cust_b2b_039,inv_005272,2026-04-30T06:26:14.119840+00:00,10741454,SEND_REMINDER,0.8500000000000001,1,9.447264291020494,0.42021276595744683,-0.03179438422849817,0.0,1.0,-0.12060680117607449,0.9927003573637287,33.0,183.16401709164458
evt_inv_005516_1,cust_b2b_025,inv_005516,2026-04-30T06:34:59.599078+00:00,10182993,OFFER_PAYMENT_PLAN,0.8500000000000001,0,23.060917276436093,0.2158273381294964,0.010246301508708557,1.0,1.0,-0.12018529053347729,0.9927514774299677,43.0,191.3928086076703
evt_inv_008196_0,cust_b2b_024,inv_008196,2026-04-30T06:54:38.318649+00:00,5402497,SEND_REMINDER,0.8500000000000001,0,7.605408916146711,0.13389121338912133,0.47002580626550283,0.0,1.0,-0.11923970760103082,0.9928654954882966,41.0,188.5058975583122
evt_inv_000142_0,cust_b2b_025,inv_000142,2026-04-30T07:07:04.669361+00:00,13988760,OFFER_PAYMENT_PLAN,0.05,0,2.282927878643804,0.21505376344086022,0.9484198161533905,0.0,1.0,-0.118640920155418,0.9929372246344055,44.0,191.4150895137192
evt_inv_006835_0,cust_b2b_009,inv_006835,2026-04-30T07:26:54.040312+00:00,5511382,SEND_REMINDER,0.8500000000000001,0,3.5608280951006286,0.1659919028340081,-0.1511403556100438,0.0,1.0,-0.11768661426680584,0.9930507846139673,47.0,188.2108056365298
evt_inv_008814_0,cust_b2b_003,inv_008814,2026-04-30T07:31:07.126849+00:00,3717149,SEND_REMINDER,0.8500000000000001,0,4.63143895466083,0.16956521739130434,-0.5605457716031127,0.0,1.0,-0.11748353322727272,0.9930748307254778,35.0,185.24159354257827
evt_inv_003095_0,cust_b2b_035,inv_003095,2026-04-30T07:31:26.647409+00:00,4182418,SEND_REMINDER,0.8500000000000001,0,7.20133533414431,0.3620689655172414,-0.5235482498345128,0.0,1.0,-0.11746786938630854,0.9930766836764627,33.0,197.12452832967372
evt_inv_003806_1,cust_b2b_022,inv_003806,2026-04-30T07:48:28.718629+00:00,1561910,OFFER_PAYMENT_PLAN,0.8500000000000001,1,19.578694287149034,0.2028301886792453,-0.4275871925088901,1.0,1.0,-0.1166476902382391,0.993173356651337,45.0,186.8753066299489
evt_inv_001383_0,cust_b2b_002,inv_001383,2026-04-30T08:14:00.705347+00:00,2637696,SEND_REMINDER,0.8500000000000001,0,7.23383804930621,0.13551401869158877,-0.7655246766262706,0.0,1.0,-0.11541817154635035,0.993316991537393,34.0,192.91865843101337
evt_inv_000333_1,cust_b2b_024,inv_000333,2026-04-30T08:58:50.970334+00:00,4529516,OFFER_PAYMENT_PLAN,0.8500000000000001,1,16.388366100810444,0.13333333333333333,-0.009896211604449517,1.0,1.0,-0.11325863258971332,0.9935655399337823,41.0,188.59215510095885
evt_inv_005452_0,cust_b2b_013,inv_005452,2026-04-30T09:07:09.618632+00:00,2642474,SEND_REMINDER,0.8500000000000001,0,2.5974865779240774,0.192,0.23634163807914418,0.0,1.0,-0.11285829678002021,0.9936110933599287,38.0,194.0772958254942
evt_inv_001902_0,cust_b2b_034,inv_001902,2026-04-30T09:08:18.483492+00:00,4703993,SEND_REMINDER,0.8500000000000001,1,8.567817690664736,0.49214659685863876,-0.2389108113461681,0.0,1.0,-0.11280300773509995,0.9936173717512768,31.0,180.30412377445023
evt_inv_000367_0,cust_b2b_020,inv_000367,2026-04-30T09:15:22.213640+00:00,4474340,SEND_REMINDER,0.8500000000000001,0,6.925984191461655,0.34913793103448276,-0.41373811606087035,0.0,1.0,-0.11246280281537033,0.9936559354137181,37.0,181.57809757843992
evt_inv_003533_0,cust_b2b_007,inv_003533,2026-04-30T09:43:49.652933+00:00,3494474,SEND_REMINDER,0.8500000000000001,0,8.213590327655869,0.29411764705882354,-0.4595898763815312,0.0,1.0,-0.11109179892430603,0.9938101489780438,45.0,197.20674549389878
evt_inv_000498_0,cust_b2b_031,inv_000498,2026-04-30T09:56:56.422967+00:00,20698305,SEND_REMINDER,0.8500000000000001,1,1.9848668381515573,0.29107981220657275,1.2574103797654235,0.0,1.0,-0.11045998345305073,0.9938805723302734,39.0,191.75318398799564
evt_inv_008608_1,cust_b2b_013,inv_008608,2026-04-30T10:01:49.133917+00:00,2171876,OFFER_PAYMENT_PLAN,0.8500000000000001,1,21.005013768452354,0.19123505976095617,-0.250973457521732,1.0,1.0,-0.11022491059288346,0.9939066702084209,39.0,194.1152531783351
evt_inv_008251_0,cust_b2b_005,inv_008251,2026-04-30T10:13:03.157219+00:00,8883277,SEND_REMINDER,0.8500000000000001,0,1.950092250975946,0.23893805309734514,0.35691506378104104,0.0,1.0,-0.10968358666262717,0.9939665541741443,32.0,190.76548869790554
evt_inv_005246_0,cust_b2b_016,inv_005246,2026-04-30T10:35:38.854494+00:00,8840759,SEND_REMINDER,0.8500000000000001,0,5.86958220508045,0.23770491803278687,-0.2759366260329513,0.0,1.0,-0.10859469600405626,0.9940861089461952,27.0,186.1296870999246
evt_inv_004592_0,cust_b2b_010,inv_004592,2026-04-30T10:44:50.198127+00:00,2271279,SEND_REMINDER,0.8500000000000001,0,6.82155837637436,0.14545454545454545,-0.5540727603228673,0.0,1.0,-0.1081518216434027,0.9941343890416494,45.0,190.12134019488886
evt_inv_007298_0,cust_b2b_039,inv_007298,2026-04-30T10:58:02.231283+00:00,14729868,SEND_REMINDER,0.8500000000000001,1,5.826604672140927,0.42328042328042326,0.8846760747726476,0.0,1.0,-0.10751557256793082,0.9942034005450746,33.0,183.35276838148604
evt_inv_007511_1,cust_b2b_014,inv_007511,2026-04-30T11:14:15.145540+00:00,9094906,WRITE_OFF,0.05,0,17.46853386329267,0.2513089005235602,-0.3548786445391869,1.0,1.0,-0.10673395944225976,0.9942876152813018,28.0,196.70713343162564
evt_inv_007678_0,cust_b2b_017,inv_007678,2026-04-30T11:35:59.730629+00:00,5443315,SEND_REMINDER,0.8500000000000001,1,5.423802841256363,0.2894736842105263,-0.4142697213353231,0.0,1.0,-0.10568578745761856,0.9943995747834283,38.0,194.9985927843953
evt_inv_002555_0,cust_b2b_027,inv_002555,2026-04-30T11:47:11.784114+00:00,3262119,SEND_REMINDER,0.8500000000000001,0,6.474644966781595,0.16455696202531644,0.4319426708399809,0.0,1.0,-0.10514577858644282,0.9944568191960125,40.0,183.572886637701
evt_inv_004830_0,cust_b2b_013,inv_004830,2026-04-30T12:23:53.229867+00:00,2549628,SEND_REMINDER,0.8500000000000001,0,5.080103544406909,0.19444444444444445,0.14019764084943614,0.0,1.0,-0.10337665511460616,0.9946422810122822,40.0,194.2139116962709
evt_inv_001489_1,cust_b2b_030,inv_001489,2026-04-30T12:28:01.933106+00:00,2425377,OFFER_PAYMENT_PLAN,0.8500000000000001,1,19.491955888765908,0.30864197530864196,0.05499544489019704,1.0,1.0,-0.10317677181660126,0.9946630352825548,45.0,198.3662358864154
evt_inv_000420_0,cust_b2b_006,inv_000420,2026-04-30T12:32:57.118243+00:00,6243342,SEND_REMINDER,0.8500000000000001,0,9.900577982719799,0.3185840707964602,0.3112586050290598,0.0,1.0,-0.10293952551526128,0.994687616333235,36.0,193.65135937018616
evt_inv_008211_0,cust_b2b_038,inv_008211,2026-04-30T13:02:43.579270+00:00,4508890,SEND_REMINDER,0.8500000000000001,0,4.91908819194548,0.2830188679245283,0.11373776177778303,0.0,1.0,-0.10150358595500808,0.9948351733017256,35.0,193.5455910269758
evt_inv_008351_0,cust_b2b_031,inv_008351,2026-04-30T13:07:38.340254+00:00,15776201,SEND_REMINDER,0.8500000000000001,0,8.494523688937146,0.29439252336448596,0.3638895549545907,0.0,1.0,-0.1012666396071792,0.9948593205587761,39.0,191.88561358622664
evt_inv_004584_0,cust_b2b_029,inv_004584,2026-04-30T13:09:40.802607+00:00,5751681,SEND_REMINDER,0.8500000000000001,1,6.98348472288578,0.2169811320754717,0.068564018150282,0.0,1.0,-0.10116819542067729,0.994869336262468,42.0,194.6134942554593
evt_inv_002672_0,cust_b2b_038,inv_002672,2026-04-30T13:11:06.751788+00:00,3675258,SEND_REMINDER,0.8500000000000001,0,3.710607307821492,0.28169014084507044,-0.3695066459733784,0.0,1.0,-0.1010991025975828,0.9948763598829572,36.0,193.5514147829721
evt_inv_001305_1,cust_b2b_018,inv_001305,2026-04-30T13:48:03.652999+00:00,1738706,OFFER_PAYMENT_PLAN,0.8500000000000001,1,16.658855728558848,0.6492146596858639,-0.36440609180246286,1.0,1.0,-0.09931681263140767,0.995055863119623,29.0,184.00036399812447
evt_inv_000920_0,cust_b2b_022,inv_000920,2026-04-30T13:51:27.510669+00:00,1852069,SEND_REMINDER,0.8500000000000001,0,9.218347038218992,0.20657276995305165,-0.042591739614162225,0.0,1.0,-0.09915290404523572,0.9950722092488546,46.0,187.12737598226695
evt_inv_003565_0,cust_b2b_037,inv_003565,2026-04-30T13:58:31.597330+00:00,1580926,SEND_REMINDER,0.8500000000000001,0,5.681785549053376,0.27927927927927926,-1.1357038438965064,0.0,1.0,-0.09881191515244994,0.9951061277190012,30.0,190.79597927289933
evt_inv_006528_0,cust_b2b_025,inv_006528,2026-04-30T14:02:09.324131+00:00,13240126,SEND_REMINDER,0.8500000000000001,0,5.577415540131074,0.21428571428571427,0.763871175693633,0.0,1.0,-0.09863684637492932,0.9951234961235759,44.0,191.70333783282146
evt_inv_000306_1,cust_b2b_010,inv_000306,2026-04-30T14:06:28.477412+00:00,2788614,OFFER_PAYMENT_PLAN,0.8500000000000001,0,21.477442410441007,0.14479638009049775,-0.11084390571210913,1.0,1.0,-0.09842846360210929,0.99514412903505,45.0,190.26136657550185
evt_inv_000908_0,cust_b2b_011,inv_000908,2026-04-30T14:08:35.679751+00:00,2235379,SEND_REMINDER,0.8500000000000001,0,3.6128185108661905,0.3761904761904762,0.9181469720637799,0.0,1.0,-0.09832617979055128,0.99515424049129,33.0,193.38627009276843
evt_inv_001954_0,cust_b2b_000,inv_001954,2026-04-30T14:15:30.786398+00:00,5747257,SEND_REMINDER,0.8500000000000001,0,4.072482762336137,0.3515981735159817,0.43158843294050836,0.0,1.0,-0.09799238397291492,0.9951871646495973,40.0,190.24224327801207
evt_inv_006455_0,cust_b2b_011,inv_006455,2026-04-30T14:59:39.607677+00:00,1603243,ESCALATE_COLLECTIONS,0.05,0,3.6713389899467086,0.3744075829383886,-0.048460228763587444,0.0,1.0,-0.09586215411019655,0.9953946189373102,34.0,193.42173222154716
evt_inv_003845_0,cust_b2b_025,inv_003845,2026-04-30T15:05:35.976893+00:00,11075495,ESCALATE_COLLECTIONS,0.05,0,8.746298688357136,0.21352313167259787,0.23026018269739246,0.0,1.0,-0.09557552182760612,0.9954221816030526,45.0,191.7473963138591
evt_inv_001140_1,cust_b2b_022,inv_001140,2026-04-30T15:45:05.835089+00:00,1677447,ESCALATE_COLLECTIONS,0.05,0,23.173964598497754,0.205607476635514,-0.27428762950010277,1.0,1.0,-0.0936692143645822,0.995603373979981,47.0,187.20629177416762
evt_inv_008488_0,cust_b2b_015,inv_008488,2026-04-30T16:01:33.737763+00:00,13841859,SEND_REMINDER,0.8500000000000001,0,7.0423685271151175,0.15350877192982457,1.0966531149415089,0.0,1.0,-0.09287444631684678,0.9956778280253805,38.0,191.79475270769936
evt_inv_002401_0,cust_b2b_024,inv_002401,2026-04-30T16:09:26.866196+00:00,2990471,SEND_REMINDER,0.8500000000000001,0,2.441109727931376,0.13692946058091288,-0.8559869245458237,0.0,1.0,-0.09249379333772605,0.995713261031507,41.0,188.89118167343008
evt_inv_004065_1,cust_b2b_036,inv_004065,2026-04-30T16:15:38.999780+00:00,2840515,OFFER_PAYMENT_PLAN,0.8500000000000001,0,18.83656947367689,0.27615062761506276,-0.6014665709842484,1.0,1.0,-0.09219438572950496,0.9957410281995812,37.0,195.13139405537547
evt_inv_002126_1,cust_b2b_031,inv_002126,2026-04-30T16:49:22.817277+00:00,13740719,OFFER_PAYMENT_PLAN,0.8500000000000001,0,24.199397769202733,0.2930232558139535,-0.005616049592823273,1.0,1.0,-0.09056593715562399,0.9958904613596435,40.0,192.0396005888059
evt_inv_000475_1,cust_b2b_026,inv_000475,2026-04-30T16:55:52.042601+00:00,5603733,OFFER_PAYMENT_PLAN,0.8500000000000001,0,16.14428493528506,0.2903225806451613,0.43697875690416627,1.0,1.0,-0.09025272220684556,0.995918895359584,43.0,182.8420154262179
evt_inv_005070_0,cust_b2b_011,inv_005070,2026-04-30T16:57:43.394948+00:00,1988977,SEND_REMINDER,0.8500000000000001,1,6.233493207274062,0.37264150943396224,0.5413705441889932,0.0,1.0,-0.09016311380440727,0.9959270118382639,34.0,193.5037205001481
evt_inv_007176_1,cust_b2b_022,inv_007176,2026-04-30T17:08:59.387831+00:00,1362743,OFFER_PAYMENT_PLAN,0.8500000000000001,0,21.268132417121294,0.20465116279069767,-0.6918517534943748,1.0,1.0,-0.08961910745593057,0.9959761119518893,47.0,187.26455048645826
evt_inv_006481_0,cust_b2b_005,inv_006481,2026-04-30T17:11:41.862868+00:00,8305355,SEND_REMINDER,0.8500000000000001,0,7.332183376884463,0.23788546255506607,0.17105189560356035,0.0,1.0,-0.08948835141961733,0.9959878688820457,33.0,191.05621445773536
evt_inv_006156_1,cust_b2b_034,inv_006156,2026-04-30T17:13:20.961160+00:00,6876870,OFFER_PAYMENT_PLAN,0.8500000000000001,0,16.029201057203867,0.4947916666666667,0.8055356515140301,1.0,1.0,-0.08940859871961648,0.9959950313505558,32.0,180.64095800672214
evt_inv_001713_0,cust_b2b_008,inv_001713,2026-04-30T17:26:52.965331+00:00,10536840,SEND_REMINDER,0.8500000000000001,0,8.16820483755939,0.2523364485981308,0.7642072418753776,0.0,1.0,-0.08875508936742442,0.9960534795438348,34.0,182.8957329073058
evt_inv_005278_0,cust_b2b_015,inv_005278,2026-04-30T17:29:56.900237+00:00,10285462,SEND_REMINDER,0.8500000000000001,0,4.971535158134146,0.15283842794759825,0.172562778510726,0.0,1.0,-0.08860705133596154,0.9960666596435934,39.0,191.85613190299895
evt_inv_006530_1,cust_b2b_020,inv_006530,2026-04-30T18:06:45.811852+00:00,5811716,OFFER_PAYMENT_PLAN,0.8500000000000001,0,16.496817525266078,0.34763948497854075,0.2098437651968035,1.0,1.0,-0.08682908061674921,0.996223223358726,38.0,181.9471207058895
evt_inv_007464_0,cust_b2b_025,inv_007464,2026-04-30T18:23:17.760506+00:00,7533142,SEND_REMINDER,0.8500000000000001,0,9.161580614578778,0.2127659574468085,-0.6429780564539277,0.0,1.0,-0.08603056283172981,0.9962924983451676,45.0,191.88468547605103
evt_inv_007282_1,cust_b2b_032,inv_007282,2026-04-30T18:46:19.560952+00:00,10293318,OFFER_PAYMENT_PLAN,0.8500000000000001,0,18.585650175082094,0.10135135135135136,1.4186283100855526,1.0,1.0,-0.0849181226938982,0.9963879327039966,48.0,198.71710727346894
evt_inv_008258_1,cust_b2b_007,inv_008258,2026-04-30T18:48:46.863972+00:00,3280133,OFFER_PAYMENT_PLAN,0.8500000000000001,0,18.789902588684996,0.2928870292887029,-0.5847427111066285,1.0,1.0,-0.08479952781684161,0.9963980329577335,46.0,197.5851854364848
evt_inv_003287_1,cust_b2b_027,inv_003287,2026-04-30T18:55:15.364086+00:00,2291978,OFFER_PAYMENT_PLAN,0.8500000000000001,0,16.196780156958788,0.1638655462184874,-0.44000579827582614,1.0,1.0,-0.0844867374116899,0.9964246038720281,40.0,183.87015029479207
evt_inv_001964_0,cust_b2b_038,inv_001964,2026-04-30T18:59:46.809606+00:00,5166943,SEND_REMINDER,0.8500000000000001,0,1.5483609319660236,0.2803738317757009,0.4952017298054952,0.0,1.0,-0.08426818541794864,0.9964431107325527,35.0,193.79354508179895
evt_inv_004911_1,cust_b2b_038,inv_004911,2026-04-30T19:13:06.076030+00:00,5214528,OFFER_PAYMENT_PLAN,0.8500000000000001,1,19.792875536001837,0.27906976744186046,0.5227858337182557,1.0,1.0,-0.08362463952359057,0.9964973254678356,36.0,193.80279585059225
evt_inv_005360_1,cust_b2b_011,inv_005360,2026-04-30T19:18:01.048480+00:00,2001509,OFFER_PAYMENT_PLAN,0.8500000000000001,0,24.94696612021815,0.3755868544600939,0.5605342366786027,1.0,1.0,-0.08338712752835688,0.9965172286330877,35.0,193.60114704565433
evt_inv_000720_0,cust_b2b_008,inv_000720,2026-04-30T19:21:04.565374+00:00,8704874,ESCALATE_COLLECTIONS,0.05,1,7.527984879279966,0.25116279069767444,0.1966824884954671,0.0,1.0,-0.08323935722275735,0.9965295828068238,35.0,182.9750338337251
evt_inv_007337_0,cust_b2b_007,inv_007337,2026-04-30T19:29:46.785342+00:00,4413588,SEND_REMINDER,0.8500000000000001,1,2.87256691203494,0.2916666666666667,0.07707709764264681,0.0,1.0,-0.08281884857960879,0.9965646182360418,47.0,197.6136567486369
evt_inv_005214_0,cust_b2b_023,inv_005214,2026-04-30T19:45:37.370726+00:00,2577791,SEND_REMINDER,0.8500000000000001,0,2.7258309463048698,0.4170403587443946,0.3625654021625236,0.0,1.0,-0.08205336825738517,0.9966279369742843,39.0,184.1163936245696
evt_inv_001454_0,cust_b2b_007,inv_001454,2026-04-30T20:04:10.757132+00:00,4931259,SEND_REMINDER,0.8500000000000001,0,1.4962097618575125,0.2946058091286307,0.3793437782597345,0.0,1.0,-0.08115672721879355,0.9967013522751609,47.0,197.63754531101372
evt_inv_006613_0,cust_b2b_017,inv_006613,2026-04-30T20:08:14.304811+00:00,6260631,SEND_REMINDER,0.8500000000000001,0,5.307738369433192,0.2925764192139738,-0.10109674488502515,0.0,1.0,-0.08096058271762227,0.9967173039764199,39.0,195.35431702261607
evt_inv_005399_0,cust_b2b_029,inv_005399,2026-04-30T20:11:38.422241+00:00,7737702,SEND_REMINDER,0.8500000000000001,1,2.0980884094603147,0.22065727699530516,0.9554739112385303,0.0,1.0,-0.0807961915002117,0.9967306433731538,41.0,194.90652226048283
evt_inv_001793_0,cust_b2b_025,inv_001793,2026-04-30T20:19:31.843291+00:00,14483121,SEND_REMINDER,0.8500000000000001,0,2.736427787734558,0.21201413427561838,1.0702863136031027,0.0,1.0,-0.08041490123776497,0.9967614778164937,45.0,191.96540402680202
evt_inv_005120_1,cust_b2b_028,inv_005120,2026-04-30T20:25:17.112053+00:00,3516819,OFFER_PAYMENT_PLAN,0.8500000000000001,1,21.50173654156552,0.34375,-0.7903799580286897,1.0,1.0,-0.0801368165783986,0.9967838735797646,33.0,180.64870293484037
evt_inv_005403_0,cust_b2b_010,inv_005403,2026-04-30T20:47:23.110962+00:00,2779132,SEND_REMINDER,0.8500000000000001,0,7.9477204931411585,0.14414414414414414,-0.1189679011876977,0.0,1.0,-0.07906877930994431,0.9968691629990544,46.0,190.5397766860284
evt_inv_004730_0,cust_b2b_002,inv_004730,2026-04-30T20:49:12.178639+00:00,3178843,SEND_REMINDER,0.8500000000000001,0,5.958166837180432,0.13488372093023257,-0.4096814802066857,0.0,1.0,-0.07898092575095471,0.996876127393731,35.0,193.44309677930383
evt_inv_006601_0,cust_b2b_035,inv_006601,2026-04-30T21:00:13.686683+00:00,4142780,SEND_REMINDER,0.8500000000000001,1,8.325230396538247,0.3605150214592275,-0.5422794863758349,0.0,1.0,-0.07844807066279137,0.9969182013632241,33.0,197.68618387682614
evt_inv_004877_0,cust_b2b_025,inv_004877,2026-04-30T21:06:02.155904+00:00,11071245,SEND_REMINDER,0.8500000000000001,0,2.934242037244408,0.2112676056338028,0.22921244775047792,0.0,1.0,-0.0781673642256489,0.9969402505516641,46.0,191.99769931167603
evt_inv_002534_0,cust_b2b_012,inv_002534,2026-04-30T21:09:06.683208+00:00,3526601,WRITE_OFF,0.05,0,8.018032496674735,0.48484848484848486,-0.2027381561511986,0.0,1.0,-0.07801871730392597,0.9969518944012545,46.0,193.83567723185243
evt_inv_008475_1,cust_b2b_037,inv_008475,2026-04-30T21:11:50.664235+00:00,3090505,OFFER_PAYMENT_PLAN,0.8500000000000001,0,22.221637219216618,0.27802690582959644,0.16702168468627565,1.0,1.0,-0.07788662008591514,0.9969622231617367,30.0,191.09689439910628
evt_inv_003445_1,cust_b2b_021,inv_003445,2026-04-30T21:25:40.485727+00:00,9526151,OFFER_PAYMENT_PLAN,0.8500000000000001,0,22.704580488245313,0.3220338983050847,0.09855843026326705,1.0,1.0,-0.07721812481399647,0.9970142231684611,39.0,192.8983645344712
evt_inv_000876_0,cust_b2b_012,inv_000876,2026-04-30T21:31:38.506207+00:00,3165829,SEND_REMINDER,0.8500000000000001,0,8.145802661531244,0.4827586206896552,-0.437748141323714,0.0,1.0,-0.07692969662721584,0.9970365197809178,46.0,193.851323331381
evt_inv_001573_1,cust_b2b_036,inv_001573,2026-04-30T21:36:04.945732+00:00,4430965,ESCALATE_COLLECTIONS,0.05,0,16.981712713587545,0.275,0.46155280576263463,1.0,1.0,-0.07671504363970555,0.9970530588084859,37.0,195.35391657797604
evt_inv_008066_0,cust_b2b_034,inv_008066,2026-04-30T21:36:11.614829+00:00,5369473,SEND_REMINDER,0.8500000000000001,0,3.1584116037532257,0.49222797927461137,0.08096883337354177,0.0,1.0,-0.07670967073648119,0.9970534721946966,33.0,180.82348872049087
evt_inv_004920_1,cust_b2b_002,inv_004920,2026-04-30T21:36:15.481762+00:00,3691911,OFFER_PAYMENT_PLAN,0.8500000000000001,0,24.013094816378903,0.13425925925925927,-0.0723028269849741,1.0,1.0,-0.0767065553726558,0.9970537118745718,36.0,193.47577389879038
evt_inv_005526_1,cust_b2b_015,inv_005526,2026-04-30T21:48:39.920622+00:00,10518667,OFFER_PAYMENT_PLAN,0.8500000000000001,0,24.495762770847897,0.15217391304347827,0.2331584376291177,1.0,1.0,-0.07610679022042445,0.9970996722907617,39.0,192.03579649078313
evt_inv_006357_1,cust_b2b_018,inv_006357,2026-04-30T22:11:22.684695+00:00,2033337,OFFER_PAYMENT_PLAN,0.8500000000000001,0,18.61495267786841,0.6510416666666666,-0.002520519486655838,1.0,1.0,-0.0750087935369694,0.9971828723419432,30.0,184.34988982793894
evt_inv_008043_0,cust_b2b_023,inv_008043,2026-04-30T22:50:52.947631+00:00,3631411,SEND_REMINDER,0.8500000000000001,0,6.348725472977151,0.41517857142857145,1.5325807500688398,0.0,1.0,-0.07309882607372852,0.9973247022041732,38.0,184.24504613503737
evt_inv_001094_0,cust_b2b_029,inv_001094,2026-04-30T22:57:10.941816+00:00,5655112,SEND_REMINDER,0.8500000000000001,0,5.91797365434724,0.22429906542056074,0.025438723393007637,0.0,1.0,-0.0727942118588089,0.9973469821079597,41.0,195.0214819777924
evt_inv_007727_0,cust_b2b_004,inv_007727,2026-04-30T23:00:16.432687+00:00,3255225,SEND_REMINDER,0.8500000000000001,0,8.287144638655064,0.16455696202531644,0.09404664784769246,0.0,1.0,-0.0726447278255883,0.9973578813641301,44.0,195.2678277278857
evt_inv_001805_0,cust_b2b_004,inv_001805,2026-04-30T23:13:40.243489+00:00,3420199,SEND_REMINDER,0.8500000000000001,0,3.0242696246033414,0.1638655462184874,0.2255123396452549,0.0,1.0,-0.07199693114149362,0.9974048535605825,45.0,195.2771310936511
evt_inv_000812_0,cust_b2b_020,inv_000812,2026-04-30T23:26:58.670338+00:00,6066459,SEND_REMINDER,0.8500000000000001,0,1.1667931158101994,0.34615384615384615,0.3286231874276713,0.0,1.0,-0.07135344335450111,0.9974510946013624,38.0,182.16949175318086
evt_inv_001663_1,cust_b2b_011,inv_001663,2026-04-30T23:29:49.411727+00:00,1788761,OFFER_PAYMENT_PLAN,0.8500000000000001,0,23.07329803659383,0.37383177570093457,0.23521869938828072,1.0,1.0,-0.07121583139473563,0.9974609292392141,34.0,193.77601236101407
evt_inv_006970_0,cust_b2b_025,inv_006970,2026-04-30T23:30:54.439622+00:00,10764685,SEND_REMINDER,0.8500000000000001,1,2.042511064799399,0.21052631578947367,0.1536413285802155,0.0,1.0,-0.07116342068773918,0.9974646698284706,46.0,192.09830444729585
evt_inv_001160_1,cust_b2b_016,inv_001160,2026-04-30T23:32:01.029001+00:00,6882708,OFFER_PAYMENT_PLAN,0.8500000000000001,0,23.191318174949817,0.23673469387755103,-0.7685220729293415,1.0,1.0,-0.07110975126340162,0.9974684973848834,26.0,186.66883263819287
evt_inv_006303_0,cust_b2b_023,inv_006303,2026-04-30T23:45:52.851137+00:00,1846964,SEND_REMINDER,0.8500000000000001,1,5.298688174747628,0.41333333333333333,-0.448998099497741,0.0,1.0,-0.07043930550057126,0.9975160671591196,39.0,184.28323946265277
evt_inv_000798_0,cust_b2b_015,inv_000798,2026-04-30T23:52:41.832630+00:00,7218725,OFFER_PAYMENT_PLAN,0.05,0,8.556436371089587,0.15151515151515152,-0.624294539123649,0.0,1.0,-0.07010965614447534,0.9975392905120597,40.0,192.1219297316225
evt_inv_006952_0,cust_b2b_004,inv_006952,2026-04-30T23:56:10.552032+00:00,3740104,SEND_REMINDER,0.8500000000000001,0,8.547980115536891,0.16317991631799164,0.4804405420723787,0.0,1.0,-0.06994142011074296,0.997551100321629,46.0,195.30664855364785
evt_inv_005811_1,cust_b2b_025,inv_005811,2026-05-01T00:16:03.301386+00:00,13238711,OFFER_PAYMENT_PLAN,0.8500000000000001,0,19.992571619218772,0.21328671328671328,0.7635225365869749,1.0,1.0,-0.06897997927493651,0.9976180443733109,47.0,192.12965701401671
evt_inv_001486_1,cust_b2b_019,inv_001486,2026-05-01T00:31:06.667956+00:00,2757501,OFFER_PAYMENT_PLAN,0.8500000000000001,0,19.630073392296495,0.3620689655172414,-0.47631864012427144,1.0,1.0,-0.06825175886308185,0.9976681298969592,51.0,192.95983774908078
evt_inv_000675_0,cust_b2b_026,inv_000675,2026-05-01T00:58:52.382217+00:00,5963708,SEND_REMINDER,0.8500000000000001,0,6.770631448436989,0.2891566265060241,0.625645853710384,0.0,1.0,-0.0669089008896011,0.9977590886490313,44.0,183.17743602362205
evt_inv_000342_1,cust_b2b_008,inv_000342,2026-05-01T01:11:59.478169+00:00,5178998,SEND_REMINDER,0.05,0,20.905052858600133,0.25462962962962965,-0.8955984760745977,1.0,1.0,-0.06627432112410346,0.9978014403474968,34.0,183.21872495404023
evt_inv_004211_0,cust_b2b_013,inv_004211,2026-05-01T01:13:26.111722+00:00,2593495,SEND_REMINDER,0.8500000000000001,0,5.44309687723735,0.19367588932806323,0.18562282564753402,0.0,1.0,-0.06620447297879273,0.9978060772302403,41.0,194.7483200510804
evt_inv_007206_1,cust_b2b_025,inv_007206,2026-05-01T01:14:04.137624+00:00,11564564,OFFER_PAYMENT_PLAN,0.8500000000000001,1,22.300647317880276,0.21254355400696864,0.3508222790652169,1.0,1.0,-0.06617381456229857,0.9978081109443211,48.0,192.16994447046636
evt_inv_006380_1,cust_b2b_019,inv_006380,2026-05-01T01:27:08.222301+00:00,3320793,OFFER_PAYMENT_PLAN,0.8500000000000001,0,24.592000378717614,0.3605150214592275,-0.06292839327851847,1.0,1.0,-0.06554163171535801,0.9978498356526839,52.0,192.99874462807682
evt_inv_005896_0,cust_b2b_004,inv_005896,2026-05-01T01:44:17.411353+00:00,2894334,WRITE_OFF,0.05,0,8.513512254591742,0.1625,-0.1935428531036061,0.0,1.0,-0.064711789020172,0.9979039955636057,47.0,195.38172794393594
evt_inv_005320_0,cust_b2b_034,inv_005320,2026-05-01T02:11:57.772128+00:00,6769083,SEND_REMINDER,0.8500000000000001,0,6.008540707882206,0.4896907216494845,0.7537253732249677,0.0,1.0,-0.06337293383751726,0.9979899154083801,34.0,181.01499517071056
evt_inv_008789_1,cust_b2b_039,inv_008789,2026-05-01T02:23:49.287089+00:00,10063293,OFFER_PAYMENT_PLAN,0.8500000000000001,1,23.586031470376103,0.4263157894736842,-0.18762447987985809,1.0,1.0,-0.06279915872177023,0.9980261848588131,33.0,183.99567411999078
evt_inv_002493_0,cust_b2b_022,inv_002493,2026-05-01T02:36:05.472836+00:00,2570209,SEND_REMINDER,0.8500000000000001,0,1.6296597505906951,0.2037037037037037,0.9102696919440685,0.0,1.0,-0.06220546690953695,0.9980633646650731,48.0,187.65837091476064
evt_inv_001373_0,cust_b2b_033,inv_001373,2026-05-01T02:43:51.518011+00:00,3436312,SEND_REMINDER,0.8500000000000001,0,9.690766331593236,0.14035087719298245,-0.5300806316048089,0.0,1.0,-0.0618296166687939,0.9980867189290668,38.0,180.26216375486376
evt_inv_004434_0,cust_b2b_025,inv_004434,2026-05-01T02:53:22.638861+00:00,9651183,SEND_REMINDER,0.8500000000000001,0,6.255418928511598,0.2152777777777778,-0.12085217644489368,0.0,1.0,-0.061369014370405144,0.9981151456997359,49.0,192.23890860515817
evt_inv_005578_1,cust_b2b_009,inv_005578,2026-05-01T03:13:27.235574+00:00,5637066,OFFER_PAYMENT_PLAN,0.8500000000000001,0,18.084839177000667,0.16532258064516128,-0.0975759650821466,1.0,1.0,-0.0603974784494879,0.9981744059015657,44.0,189.03480095205683
evt_inv_005140_0,cust_b2b_014,inv_005140,2026-05-01T03:24:02.327388+00:00,12502153,SEND_REMINDER,0.8500000000000001,0,2.87827699034667,0.25,0.44875342842250915,0.0,1.0,-0.05988523869006734,0.9982052685630515,27.0,197.3805961844986
evt_inv_000247_0,cust_b2b_005,inv_000247,2026-05-01T03:38:38.261803+00:00,6597689,SEND_REMINDER,0.8500000000000001,0,6.571482876827208,0.23684210526315788,-0.37814378881566857,0.0,1.0,-0.05917871903530387,0.9982474038099676,34.0,191.4915894454059
evt_inv_006508_0,cust_b2b_038,inv_006508,2026-05-01T03:44:10.774564+00:00,3721277,SEND_REMINDER,0.8500000000000001,0,1.5010817609164389,0.2824074074074074,-0.3428301067282221,0.0,1.0,-0.05891050989341026,0.9982632677926692,37.0,194.15771134288332
evt_inv_003230_0,cust_b2b_014,inv_003230,2026-05-01T03:44:30.211267+00:00,11279934,SEND_REMINDER,0.8500000000000001,1,6.178990940393308,0.24870466321243523,0.16048141008724312,0.0,1.0,-0.058894831862795954,0.998264192876742,28.0,197.39480780347012
evt_inv_005461_0,cust_b2b_010,inv_005461,2026-05-01T03:55:00.354581+00:00,2105637,ESCALATE_COLLECTIONS,0.05,0,2.7408037980166347,0.14349775784753363,-0.6959873255629394,0.0,1.0,-0.05838653790522069,0.9982940509646655,45.0,190.8367355242202
evt_inv_004821_0,cust_b2b_012,inv_004821,2026-05-01T04:05:58.074315+00:00,5135422,SEND_REMINDER,0.8500000000000001,1,5.232315592988648,0.48068669527896996,0.8452638734387655,0.0,1.0,-0.05785598377392037,0.9983249396571999,47.0,194.12516092522029
evt_inv_003421_1,cust_b2b_007,inv_003421,2026-05-01T04:07:18.223461+00:00,4860418,OFFER_PAYMENT_PLAN,0.8500000000000001,0,19.70706284776834,0.29338842975206614,0.33797954735069774,1.0,1.0,-0.057791329795871656,0.9983286844523825,46.0,197.97304839352955
evt_inv_002946_0,cust_b2b_001,inv_002946,2026-05-01T04:09:57.074646+00:00,5968372,SEND_REMINDER,0.8500000000000001,0,6.048757657794959,0.05263157894736842,-0.3418337030748429,0.0,1.0,-0.057663188463073924,0.9983360940566418,38.0,184.05770231455378
evt_inv_000282_0,cust_b2b_027,inv_000282,2026-05-01T04:21:04.927211+00:00,3815141,SEND_REMINDER,0.8500000000000001,0,6.00427900314837,0.16317991631799164,0.9289896550964846,0.0,1.0,-0.05712443790260488,0.9983670660605304,39.0,184.2630850531798
evt_inv_004628_0,cust_b2b_031,inv_004628,2026-05-01T04:26:59.334680+00:00,16723397,OFFER_PAYMENT_PLAN,0.05,1,8.522442504039521,0.2916666666666667,0.5358363431520706,0.0,1.0,-0.056838533870073496,0.9983833838097971,38.0,192.52405102171383
evt_inv_008194_0,cust_b2b_025,inv_008194,2026-05-01T04:31:38.569029+00:00,10685711,SEND_REMINDER,0.8500000000000001,0,3.649564040349188,0.21453287197231835,0.13417305696583853,0.0,1.0,-0.05661326945795226,0.9983961827457482,47.0,192.3071485376546
evt_inv_008371_0,cust_b2b_019,inv_008371,2026-05-01T04:38:14.507942+00:00,3175151,SEND_REMINDER,0.8500000000000001,0,6.93387554648584,0.358974358974359,-0.1698125137173775,0.0,1.0,-0.05629385200135289,0.9984142438020652,53.0,193.13145626744463
evt_inv_007518_0,cust_b2b_031,inv_007518,2026-05-01T04:45:42.055520+00:00,14037083,SEND_REMINDER,0.8500000000000001,0,9.50723413959585,0.29493087557603687,0.04818354079815623,0.0,1.0,-0.05593279313513019,0.9984345359872637,39.0,192.53704547588305
evt_inv_001432_1,cust_b2b_006,inv_001432,2026-05-01T04:46:09.679639+00:00,6309992,OFFER_PAYMENT_PLAN,0.8500000000000001,0,16.277610922819264,0.31718061674008813,0.34127004620261203,1.0,1.0,-0.05591050714590842,0.9984357842098246,36.0,194.3271992011578
evt_inv_003535_0,cust_b2b_024,inv_003535,2026-05-01T05:11:06.979277+00:00,4449430,SEND_REMINDER,0.8500000000000001,0,7.2542054953512585,0.13636363636363635,-0.05392311090152222,0.0,1.0,-0.054702506742587816,0.9985026969197816,41.0,189.43400705631834
evt_inv_000725_0,cust_b2b_020,inv_000725,2026-05-01T05:14:47.823096+00:00,5193712,ESCALATE_COLLECTIONS,0.05,0,2.3226755772628573,0.3446808510638298,-0.07831441186610512,0.0,1.0,-0.0545243262205707,0.9985124425114555,39.0,182.41103287306336
evt_inv_007209_1,cust_b2b_000,inv_007209,2026-05-01T05:16:19.137664+00:00,3241383,OFFER_PAYMENT_PLAN,0.8500000000000001,0,18.37309899510219,0.35,-0.8466196312589035,1.0,1.0,-0.054450651577146285,0.998516462830145,41.0,190.86780289914694
evt_inv_005812_1,cust_b2b_006,inv_005812,2026-05-01T06:25:36.030927+00:00,4246389,OFFER_PAYMENT_PLAN,0.8500000000000001,0,20.33146554185373,0.3157894736842105,-0.5879312754348124,1.0,1.0,-0.05109646918743436,0.9986937222374924,37.0,194.3962541929175
evt_inv_007364_0,cust_b2b_028,inv_007364,2026-05-01T07:00:20.637118+00:00,5186657,SEND_REMINDER,0.8500000000000001,0,8.072812470151742,0.3466666666666667,0.021372872041015803,0.0,1.0,-0.04941418846819141,0.9987783728025103,32.0,181.089715956419
evt_inv_001237_0,cust_b2b_006,inv_001237,2026-05-01T07:53:53.489391+00:00,5981618,SEND_REMINDER,0.8500000000000001,0,2.103249185573767,0.314410480349345,0.1934092383549269,0.0,1.0,-0.046821138386038685,0.9989032891127326,37.0,194.4575673695821
evt_inv_000215_0,cust_b2b_013,inv_000215,2026-05-01T08:30:03.339972+00:00,2760446,SEND_REMINDER,0.8500000000000001,0,4.761904953676321,0.19291338582677164,0.3585040993759041,0.0,1.0,-0.04506970142336875,0.9989838447210287,38.0,195.05152871138003
evt_inv_004084_1,cust_b2b_039,inv_004084,2026-05-01T08:43:28.011322+00:00,13086031,OFFER_PAYMENT_PLAN,0.8500000000000001,1,19.59015370090716,0.4293193717277487,0.5069500530035409,1.0,1.0,-0.044420159840416876,0.9990129375537395,34.0,184.2593167615763
evt_inv_004928_1,cust_b2b_013,inv_004928,2026-05-01T08:43:51.159950+00:00,1887213,OFFER_PAYMENT_PLAN,0.8500000000000001,0,16.105931139705202,0.19215686274509805,-0.5457481128154493,1.0,1.0,-0.044401473676533236,0.999013768241135,39.0,195.0611099611201
evt_inv_000734_1,cust_b2b_008,inv_000734,2026-05-01T08:57:30.450058+00:00,7078454,OFFER_PAYMENT_PLAN,0.8500000000000001,0,24.620316200306746,0.2534562211981567,-0.3071661092843687,1.0,1.0,-0.04374011179669229,0.9990429433312729,35.0,183.5420000916462
evt_inv_006506_0,cust_b2b_023,inv_006506,2026-05-01T09:11:11.958749+00:00,1864616,SEND_REMINDER,0.8500000000000001,0,1.8965255522516025,0.415929203539823,-0.4293957312060341,0.0,1.0,-0.04307693974668493,0.9990717578142525,39.0,184.6758217266868
evt_inv_007305_0,cust_b2b_010,inv_007305,2026-05-01T09:21:28.941999+00:00,2786950,SEND_REMINDER,0.8500000000000001,0,1.8483511607646905,0.14285714285714285,-0.11226997082294997,0.0,1.0,-0.0425788606431703,0.9990931090876013,45.0,191.0634552859922
evt_inv_001129_0,cust_b2b_021,inv_001129,2026-05-01T09:21:53.056662+00:00,13731634,SEND_REMINDER,0.8500000000000001,0,1.1027815129834344,0.3206751054852321,1.245736745436028,0.0,1.0,-0.042559393108046385,0.9990939385554668,40.0,193.39573225362344
evt_inv_000082_0,cust_b2b_013,inv_000082,2026-05-01T09:26:28.073153+00:00,2105804,WRITE_OFF,0.05,0,9.352456364102796,0.19140625,-0.31939238483797877,0.0,1.0,-0.042337373808304345,0.999103371418101,40.0,195.09070386393182
evt_inv_007544_0,cust_b2b_008,inv_007544,2026-05-01T09:44:53.902844+00:00,10008911,SEND_REMINDER,0.8500000000000001,0,5.840247582208978,0.25229357798165136,0.6006601764945085,0.0,1.0,-0.04144462259029377,0.9991408025190184,36.0,183.57491042480765
evt_inv_008727_0,cust_b2b_014,inv_008727,2026-05-01T10:03:47.101784+00:00,9766072,SEND_REMINDER,0.8500000000000001,0,8.234894374996209,0.25257731958762886,-0.19657769709905518,0.0,1.0,-0.040529741486166816,0.9991783324587581,28.0,197.65819774000548
evt_inv_000204_0,cust_b2b_034,inv_000204,2026-05-01T10:17:15.474795+00:00,4075763,SEND_REMINDER,0.8500000000000001,0,4.045115714247574,0.48717948717948717,-0.5408845750828395,0.0,1.0,-0.039877085761105095,0.9992045926791977,34.0,181.35200561824024
evt_inv_001818_0,cust_b2b_007,inv_001818,2026-05-01T10:28:29.384072+00:00,2678309,SEND_REMINDER,0.8500000000000001,0,6.2351102436527315,0.29218106995884774,-0.9361455431177367,0.0,1.0,-0.03933297894005782,0.9992261589688798,47.0,198.23776090060178
evt_inv_000611_0,cust_b2b_006,inv_000611,2026-05-01T10:31:17.977460+00:00,5732128,SEND_REMINDER,0.8500000000000001,0,5.805665900479111,0.3130434782608696,0.08106860991942548,0.0,1.0,-0.03919685669197295,0.999231507922698,38.0,194.56687857408474
evt_inv_008085_0,cust_b2b_035,inv_008085,2026-05-01T10:53:04.912678+00:00,4377849,SEND_REMINDER,0.8500000000000001,0,8.048889390950983,0.36324786324786323,-0.4311952030202802,0.0,1.0,-0.03814161312827374,0.9992723439323101,32.0,198.26455454806828
evt_inv_007671_0,cust_b2b_002,inv_007671,2026-05-01T10:53:58.801921+00:00,4702918,SEND_REMINDER,0.8500000000000001,1,9.957922850254647,0.1336405529953917,0.5925075690032995,0.0,1.0,-0.03809810104039809,0.9992740038133263,36.0,194.0297475117321
evt_inv_006843_1,cust_b2b_021,inv_006843,2026-05-01T10:54:01.771774+00:00,8764240,OFFER_PAYMENT_PLAN,0.8500000000000001,0,16.7516024387132,0.31932773109243695,-0.10927682472979333,1.0,1.0,-0.03809570307352882,0.9992740952348027,41.0,193.45972201185938
evt_inv_007157_0,cust_b2b_038,inv_007157,2026-05-01T11:01:04.904933+00:00,3652710,SEND_REMINDER,0.8500000000000001,1,3.616850780396192,0.28110599078341014,-0.38257703436419666,0.0,1.0,-0.03775404780048549,0.9992870617968986,37.0,194.46111562955798
evt_inv_002465_0,cust_b2b_031,inv_002465,2026-05-01T11:18:11.722835+00:00,18894710,SEND_REMINDER,0.8500000000000001,0,1.660601276027283,0.29357798165137616,0.9299996351281319,0.0,1.0,-0.0369249341422589,0.9993180420859967,39.0,192.80961106979694
evt_inv_000549_1,cust_b2b_031,inv_000549,2026-05-01T11:22:06.691933+00:00,23007040,OFFER_PAYMENT_PLAN,0.8500000000000001,0,18.486930961514734,0.2922374429223744,1.676520206566345,1.0,1.0,-0.03673520256507695,0.9993250346571444,40.0,192.81233061955217
evt_inv_004969_1,cust_b2b_016,inv_004969,2026-05-01T11:27:18.781803+00:00,11193036,OFFER_PAYMENT_PLAN,0.8500000000000001,0,21.882795486039253,0.23577235772357724,0.3158239154255525,1.0,1.0,-0.036483195878395734,0.9993342666087752,27.0,187.16556588822286
evt_inv_000345_0,cust_b2b_023,inv_000345,2026-05-01T12:04:42.219290+00:00,1967233,SEND_REMINDER,0.8500000000000001,1,4.88445776287729,0.41409691629955947,-0.3154428942769012,0.0,1.0,-0.03467159509120383,0.9993987595018475,39.0,184.7963108533137
evt_inv_006917_0,cust_b2b_009,inv_006917,2026-05-01T12:10:13.679174+00:00,4820658,SEND_REMINDER,0.8500000000000001,0,6.646562793175411,0.1646586345381526,-0.4455153272270704,0.0,1.0,-0.03440392773494843,0.9994080096519181,45.0,189.40756071594978
evt_inv_003612_0,cust_b2b_007,inv_003612,2026-05-01T12:11:12.465307+00:00,3807835,SEND_REMINDER,0.8500000000000001,0,5.715374272228914,0.29098360655737704,-0.27661954442663944,0.0,1.0,-0.0343564552806775,0.9994096427294199,48.0,198.30909285933637
evt_inv_007100_0,cust_b2b_018,inv_007100,2026-05-01T12:40:54.266892+00:00,2384045,SEND_REMINDER,0.8500000000000001,1,2.536388222864365,0.6476683937823834,0.4282417726658144,0.0,1.0,-0.03291753381959526,0.9994580711401734,30.0,184.9537275848504
evt_inv_001059_0,cust_b2b_003,inv_001059,2026-05-01T12:42:18.681964+00:00,7916311,SEND_REMINDER,0.8500000000000001,0,7.184398040097122,0.16883116883116883,1.6304027484711354,0.0,1.0,-0.032849361404369976,0.9994603140972257,34.0,186.4576995045583
evt_inv_003191_0,cust_b2b_020,inv_003191,2026-05-01T12:48:01.337978+00:00,6569062,OFFER_PAYMENT_PLAN,0.05,0,2.443229731995125,0.3432203389830508,0.5629733925664574,0.0,1.0,-0.03257263570123206,0.9994693709181262,38.0,182.72577262864843
evt_inv_007684_1,cust_b2b_012,inv_007684,2026-05-01T13:57:50.762825+00:00,4430915,OFFER_PAYMENT_PLAN,0.8500000000000001,1,21.76720421859288,0.4829059829059829,0.3863408647723447,1.0,1.0,-0.02918910099124223,0.9995739074142157,48.0,194.53618741260183
evt_inv_008538_0,cust_b2b_011,inv_008538,2026-05-01T14:04:10.694344+00:00,1813050,SEND_REMINDER,0.8500000000000001,0,3.9554054440641595,0.37209302325581395,0.2723582198942898,0.0,1.0,-0.02888223709708145,0.9995828211710464,33.0,194.3832031320488
evt_inv_001820_1,cust_b2b_014,inv_001820,2026-05-01T14:34:58.882956+00:00,8278156,OFFER_PAYMENT_PLAN,0.8500000000000001,1,23.585100411470094,0.2512820512820513,-0.5475170042383859,1.0,1.0,-0.027389449910841957,0.9996248386437692,29.0,197.84652854061537
evt_inv_007198_0,cust_b2b_003,inv_007198,2026-05-01T14:45:44.530936+00:00,6227258,SEND_REMINDER,0.8500000000000001,0,3.2458052654601395,0.16810344827586207,0.7491250826393596,0.0,1.0,-0.026867943638932558,0.9996389916387891,34.0,186.54341534913738
evt_inv_008530_0,cust_b2b_012,inv_008530,2026-05-01T14:46:29.367428+00:00,3570280,SEND_REMINDER,0.8500000000000001,0,5.806672847438145,0.4851063829787234,-0.17428498593559222,0.0,1.0,-0.026831727792020428,0.9996399643790232,49.0,194.569967558478
evt_inv_001215_0,cust_b2b_025,inv_001215,2026-05-01T15:12:53.796981+00:00,12294408,SEND_REMINDER,0.8500000000000001,0,7.537517432458315,0.21379310344827587,0.5307387924812283,0.0,1.0,-0.025551911883539023,0.999673496597312,45.0,192.75246367598803
evt_inv_008039_0,cust_b2b_010,inv_008039,2026-05-01T15:29:44.859449+00:00,2765162,SEND_REMINDER,0.8500000000000001,0,3.9746141627451026,0.14222222222222222,-0.1309368338738326,0.0,1.0,-0.02473520865932271,0.9996940379198926,46.0,191.31919507130274
evt_inv_003751_0,cust_b2b_019,inv_003751,2026-05-01T15:39:54.288003+00:00,4516191,SEND_REMINDER,0.8500000000000001,0,8.219592521897194,0.3574468085106383,0.8143527061613007,0.0,1.0,-0.02424292417799237,0.9997060971241999,54.0,193.59094446259746
evt_inv_006301_0,cust_b2b_035,inv_006301,2026-05-01T16:26:24.069931+00:00,4903571,SEND_REMINDER,0.8500000000000001,0,2.9227747180446726,0.3617021276595745,-0.18275895588167798,0.0,1.0,-0.021989319600317036,0.9997582056795108,33.0,198.49602627553017
evt_inv_001752_0,cust_b2b_018,inv_001752,2026-05-01T16:44:42.802260+00:00,2784509,SEND_REMINDER,0.8500000000000001,0,7.973449211943272,0.6494845360824743,0.9201179885622829,0.0,1.0,-0.021101724941269,0.9997773338121358,31.0,185.12303933679604
evt_inv_005787_0,cust_b2b_006,inv_005787,2026-05-01T17:03:41.831298+00:00,4655417,SEND_REMINDER,0.8500000000000001,0,2.653800210457998,0.3116883116883117,-0.4037539258765668,0.0,1.0,-0.020181559632454972,0.9997963315849892,36.0,194.83937688239635
evt_inv_000110_0,cust_b2b_031,inv_000110,2026-05-01T17:03:50.577590+00:00,15820214,SEND_REMINDER,0.8500000000000001,0,4.632735081147873,0.2909090909090909,0.37187937975434193,0.0,1.0,-0.02017449386812113,0.9997964741872043,41.0,193.04964411094807
evt_inv_008357_0,cust_b2b_026,inv_008357,2026-05-01T17:07:56.215317+00:00,4813249,SEND_REMINDER,0.8500000000000001,0,3.880114201075215,0.288,0.022677709884558223,0.0,1.0,-0.019976052983637898,0.9998004587452413,44.0,183.85039705487543
evt_inv_007828_0,cust_b2b_000,inv_007828,2026-05-01T17:12:47.582612+00:00,5054783,SEND_REMINDER,0.8500000000000001,0,1.5792581469254872,0.34841628959276016,0.07836802750209518,0.0,1.0,-0.019740667992374984,0.9998051340272337,40.0,191.3653543453031
evt_inv_001499_1,cust_b2b_029,inv_001499,2026-05-01T17:19:43.401813+00:00,6558978,OFFER_PAYMENT_PLAN,0.8500000000000001,0,18.229076569588077,0.22325581395348837,0.42908350104526755,1.0,1.0,-0.019404740961844347,0.999811710287594,39.0,195.78713544997677
evt_inv_008094_1,cust_b2b_025,inv_008094,2026-05-01T18:41:44.210212+00:00,9811759,OFFER_PAYMENT_PLAN,0.8500000000000001,0,22.445635103995336,0.21305841924398625,-0.08126776578714626,1.0,1.0,-0.015429221320047717,0.9998809624797629,46.0,192.89749160690698
evt_inv_004829_1,cust_b2b_028,inv_004829,2026-05-01T18:55:45.353789+00:00,3802146,OFFER_PAYMENT_PLAN,0.8500000000000001,0,21.884090941441205,0.34513274336283184,-0.6516752796364883,1.0,1.0,-0.01474963552438017,0.99989121820921,31.0,181.58652980677962
evt_inv_002070_1,cust_b2b_036,inv_002070,2026-05-01T19:04:59.853272+00:00,3654099,OFFER_PAYMENT_PLAN,0.8500000000000001,1,21.426604930079375,0.27385892116182575,-0.057686203676183774,1.0,1.0,-0.014301634572667234,0.9998977263943297,33.0,196.2489965263488
evt_inv_002107_0,cust_b2b_039,inv_002107,2026-05-01T19:08:07.265693+00:00,10890034,SEND_REMINDER,0.8500000000000001,0,7.566607661805601,0.4322916666666667,0.0023468285255178268,0.0,1.0,-0.014150216387275939,0.9998998806761571,33.0,184.6931044279007
evt_inv_006233_0,cust_b2b_032,inv_006233,2026-05-01T19:13:16.306570+00:00,6967897,SEND_REMINDER,0.8500000000000001,0,8.509429373507214,0.10101010101010101,0.15265271095568433,0.0,1.0,-0.013900528874631153,0.9999033829810786,47.0,199.73581960700676
evt_inv_008065_1,cust_b2b_011,inv_008065,2026-05-01T19:28:22.554290+00:00,1684951,OFFER_PAYMENT_PLAN,0.8500000000000001,0,22.880643058332506,0.37037037037037035,0.0764811732562606,1.0,1.0,-0.013168327140764458,0.9999132938211762,33.0,194.60834039993583
evt_inv_008851_1,cust_b2b_011,inv_008851,2026-05-01T19:48:22.869565+00:00,1639787,OFFER_PAYMENT_PLAN,0.8500000000000001,1,21.83051307794352,0.3686635944700461,0.007419313219403861,1.0,1.0,-0.012198523082456949,0.9999255952492699,34.0,194.62223293784066
evt_inv_002008_0,cust_b2b_015,inv_002008,2026-05-01T19:49:14.185947+00:00,10030819,SEND_REMINDER,0.8500000000000001,0,4.6507749664273765,0.15086206896551724,0.10639658339641804,0.0,1.0,-0.012157061350465034,0.9999261001990702,39.0,192.9528597468603
evt_inv_003487_0,cust_b2b_007,inv_003487,2026-05-01T20:22:27.026564+00:00,5000405,OFFER_PAYMENT_PLAN,0.05,0,1.024663515973435,0.2897959183673469,0.4197176554294054,0.0,1.0,-0.010546904624145972,0.9999443798546243,47.0,198.65023361462417
evt_inv_005614_1,cust_b2b_031,inv_005614,2026-05-01T20:27:12.486320+00:00,11076180,OFFER_PAYMENT_PLAN,0.8500000000000001,1,24.961838731529788,0.2895927601809955,-0.4893157738642006,1.0,1.0,-0.010316259182564435,0.9999467859823732,42.0,193.19086990643504
evt_inv_003810_1,cust_b2b_029,inv_003810,2026-05-01T20:35:32.867292+00:00,7205917,ESCALATE_COLLECTIONS,0.05,0,20.772095881684976,0.2222222222222222,0.7179913929283709,1.0,1.0,-0.009911960630466858,0.9999508753116125,39.0,195.9231246337671
evt_inv_007095_0,cust_b2b_010,inv_007095,2026-05-01T20:57:32.745729+00:00,2384449,SEND_REMINDER,0.8500000000000001,0,2.655360287097153,0.1415929203539823,-0.4571142776405588,0.0,1.0,-0.00884551571452165,0.9999608776605934,45.0,191.54683264398173
evt_inv_006220_1,cust_b2b_015,inv_006220,2026-05-01T21:42:07.700468+00:00,8691349,OFFER_PAYMENT_PLAN,0.8500000000000001,0,20.777521681924377,0.15021459227467812,-0.24164976305967292,1.0,1.0,-0.0066841568724839776,0.9999776607739315,40.0,193.03125690566722
evt_inv_002785_0,cust_b2b_019,inv_002785,2026-05-01T21:43:43.164265+00:00,2792583,SEND_REMINDER,0.8500000000000001,0,9.430828135157114,0.3559322033898305,-0.45057271521575604,0.0,1.0,-0.00660702165059162,0.999978173394254,54.0,193.8435934934059
evt_inv_007331_1,cust_b2b_025,inv_007331,2026-05-01T22:17:34.084522+00:00,8619020,OFFER_PAYMENT_PLAN,0.8500000000000001,0,19.532362474623458,0.21232876712328766,-0.3752942825370171,1.0,1.0,-0.004966019433008891,0.9999876692494718,47.0,193.04737441141648
evt_inv_002956_1,cust_b2b_009,inv_002956,2026-05-01T22:38:23.584461+00:00,4122980,ESCALATE_COLLECTIONS,0.05,0,17.810498303498058,0.164,-0.7428542238675094,1.0,1.0,-0.003956405080977717,0.9999921733987898,45.0,189.84378647158383
evt_inv_006715_0,cust_b2b_038,inv_006715,2026-05-01T22:45:20.969289+00:00,3975715,SEND_REMINDER,0.8500000000000001,0,5.643921750546149,0.28440366972477066,-0.19533594890463948,0.0,1.0,-0.003619151044025569,0.9999934508514146,38.0,194.9501904484932
evt_inv_002542_1,cust_b2b_028,inv_002542,2026-05-01T22:49:02.600678+00:00,4115453,OFFER_PAYMENT_PLAN,0.8500000000000001,0,23.921789509898588,0.3436123348017621,-0.4993681563535117,1.0,1.0,-0.003440068943525706,0.9999940829453261,32.0,181.74853497910962
evt_inv_000871_0,cust_b2b_034,inv_000871,2026-05-01T22:49:24.503589+00:00,5189917,SEND_REMINDER,0.8500000000000001,1,7.480924019943094,0.4846938775510204,-0.005339609021439306,0.0,1.0,-0.0034223709960200543,0.9999941436712345,34.0,181.87433234039847
evt_inv_002095_0,cust_b2b_037,inv_002095,2026-05-01T23:19:23.241473+00:00,2298333,SEND_REMINDER,0.8500000000000001,1,3.7655961295768288,0.2767857142857143,-0.5166009973826573,0.0,1.0,-0.0019689551803755323,0.9999980616058701,28.0,192.18546589491734
evt_inv_002604_0,cust_b2b_034,inv_002604,2026-05-01T23:30:08.257055+00:00,4658180,SEND_REMINDER,0.8500000000000001,1,9.193976997070509,0.4873096446700508,-0.2609319232171785,0.0,1.0,-0.001447768649241143,0.99999895198242,35.0,181.90261652402197
evt_inv_008815_1,cust_b2b_029,inv_008815,2026-05-01T23:30:39.412624+00:00,5502163,OFFER_PAYMENT_PLAN,0.8500000000000001,0,17.319594457356263,0.22119815668202766,-0.04286497110161215,1.0,1.0,-0.0014225942644788766,0.9999989881122674,38.0,196.0447281676987
evt_inv_007035_1,cust_b2b_007,inv_007035,2026-05-01T23:36:07.187325+00:00,3521927,OFFER_PAYMENT_PLAN,0.8500000000000001,1,19.067841883410843,0.2886178861788618,-0.4435601758730593,1.0,1.0,-0.0011577450535618591,0.9999993298129709,47.0,198.78472621603007
evt_inv_000472_1,cust_b2b_036,inv_000472,2026-05-01T23:50:11.882153+00:00,4105751,OFFER_PAYMENT_PLAN,0.8500000000000001,1,19.384620168199827,0.2768595041322314,0.2441873426911216,1.0,1.0,-0.0004752126124282937,0.9999998870864801,34.0,196.4470524161818
evt_inv_003660_0,cust_b2b_013,inv_003660,2026-05-01T23:56:48.591388+00:00,2367807,SEND_REMINDER,0.8500000000000001,0,2.1335722093538143,0.19066147859922178,-0.048081864141659506,0.0,1.0,-0.0001546625224842347,0.999999988039752,38.0,195.6951080101713
